{
"type": "FeatureCollection",
"name": "Jonathan_s_X_Rd_GRASSY_CREEK_overhead",
"crs": { "type": "name", "properties": { "name": "urn:ogc:def:crs:OGC:1.3:CRS84" } },
"features": [
{ "type": "Feature", "properties": { "FEEDER_NAME": "GRASSY CREEK", "SUBSTATION_NAME": "Jonathan's X Rd.", "wmType": "SECONDARY OVERHEAD", "WKT": "LINESTRING (-78.61697057940884 36.50913666442992, -78.61673607775694 36.50906693501406)" }, "geometry": { "type": "LineString", "coordinates": [ [ -78.616970579408843, 36.509136664429917 ], [ -78.61673607775694, 36.509066935014062 ] ] } },
{ "type": "Feature", "properties": { "FEEDER_NAME": "GRASSY CREEK", "SUBSTATION_NAME": "Jonathan's X Rd.", "wmType": "SECONDARY OVERHEAD", "WKT": "LINESTRING (-78.61124976608743 36.52835767286869, -78.6110490728627 36.52821211592813)" }, "geometry": { "type": "LineString", "coordinates": [ [ -78.611249766087425, 36.528357672868687 ], [ -78.611049072862698, 36.528212115928127 ] ] } },
{ "type": "Feature", "properties": { "FEEDER_NAME": "GRASSY CREEK", "SUBSTATION_NAME": "Jonathan's X Rd.", "wmType": "SECONDARY OVERHEAD", "WKT": "LINESTRING (-78.61117399580908 36.49317102937887, -78.6109301278077 36.49321609618111)" }, "geometry": { "type": "LineString", "coordinates": [ [ -78.611173995809082, 36.493171029378871 ], [ -78.610930127807706, 36.493216096181108 ] ] } },
{ "type": "Feature", "properties": { "FEEDER_NAME": "GRASSY CREEK", "SUBSTATION_NAME": "Jonathan's X Rd.", "wmType": "SECONDARY OVERHEAD", "WKT": "LINESTRING (-78.59930162384642 36.52319847328125, -78.59959096545629 36.523284540034)" }, "geometry": { "type": "LineString", "coordinates": [ [ -78.599301623846415, 36.523198473281248 ], [ -78.599590965456287, 36.523284540033998 ] ] } },
{ "type": "Feature", "properties": { "FEEDER_NAME": "GRASSY CREEK", "SUBSTATION_NAME": "Jonathan's X Rd.", "wmType": "SECONDARY OVERHEAD", "WKT": "LINESTRING (-78.61232558881841 36.51367548148323, -78.61227622200849 36.513902779296345)" }, "geometry": { "type": "LineString", "coordinates": [ [ -78.612325588818408, 36.513675481483233 ], [ -78.612276222008489, 36.513902779296345 ] ] } },
{ "type": "Feature", "properties": { "FEEDER_NAME": "GRASSY CREEK", "SUBSTATION_NAME": "Jonathan's X Rd.", "wmType": "SECONDARY OVERHEAD", "WKT": "LINESTRING (-78.6306110332006 36.49933406157926, -78.63052395181072 36.49952625493093)" }, "geometry": { "type": "LineString", "coordinates": [ [ -78.630611033200594, 36.499334061579262 ], [ -78.630523951810716, 36.499526254930927 ] ] } },
{ "type": "Feature", "properties": { "FEEDER_NAME": "GRASSY CREEK", "SUBSTATION_NAME": "Jonathan's X Rd.", "wmType": "SECONDARY OVERHEAD", "WKT": "LINESTRING (-78.61537500818972 36.50320117641155, -78.61559179123718 36.50319943406253)" }, "geometry": { "type": "LineString", "coordinates": [ [ -78.615375008189716, 36.503201176411551 ], [ -78.615591791237179, 36.50319943406253 ] ] } },
{ "type": "Feature", "properties": { "FEEDER_NAME": "GRASSY CREEK", "SUBSTATION_NAME": "Jonathan's X Rd.", "wmType": "SECONDARY OVERHEAD", "WKT": "LINESTRING (-78.61203448729398 36.49297402392193, -78.61189405434769 36.49260165523276)" }, "geometry": { "type": "LineString", "coordinates": [ [ -78.612034487293982, 36.492974023921931 ], [ -78.611894054347687, 36.492601655232761 ] ] } },
{ "type": "Feature", "properties": { "FEEDER_NAME": "GRASSY CREEK", "SUBSTATION_NAME": "Jonathan's X Rd.", "wmType": "SECONDARY OVERHEAD", "WKT": "LINESTRING (-78.6329762435116 36.53607288196311, -78.63275589493138 36.535632580827894)" }, "geometry": { "type": "LineString", "coordinates": [ [ -78.632976243511607, 36.536072881963108 ], [ -78.632755894931378, 36.535632580827894 ] ] } },
{ "type": "Feature", "properties": { "FEEDER_NAME": "GRASSY CREEK", "SUBSTATION_NAME": "Jonathan's X Rd.", "wmType": "SECONDARY OVERHEAD", "WKT": "LINESTRING (-78.61563891993033 36.50052879797213, -78.615494953632 36.50064008358452)" }, "geometry": { "type": "LineString", "coordinates": [ [ -78.615638919930333, 36.50052879797213 ], [ -78.615494953631995, 36.500640083584521 ] ] } },
{ "type": "Feature", "properties": { "FEEDER_NAME": "GRASSY CREEK", "SUBSTATION_NAME": "Jonathan's X Rd.", "wmType": "SECONDARY OVERHEAD", "WKT": "LINESTRING (-78.64666112611094 36.48608570741755, -78.64673058803264 36.48593328802997)" }, "geometry": { "type": "LineString", "coordinates": [ [ -78.646661126110942, 36.486085707417551 ], [ -78.646730588032639, 36.485933288029969 ] ] } },
{ "type": "Feature", "properties": { "FEEDER_NAME": "GRASSY CREEK", "SUBSTATION_NAME": "Jonathan's X Rd.", "wmType": "SECONDARY OVERHEAD", "WKT": "LINESTRING (-78.59211714746061 36.470420550504016, -78.59234631550541 36.47030473071581)" }, "geometry": { "type": "LineString", "coordinates": [ [ -78.592117147460613, 36.470420550504016 ], [ -78.592346315505409, 36.47030473071581 ] ] } },
{ "type": "Feature", "properties": { "FEEDER_NAME": "GRASSY CREEK", "SUBSTATION_NAME": "Jonathan's X Rd.", "wmType": "SECONDARY OVERHEAD", "WKT": "LINESTRING (-78.63705335707958 36.53906665635314, -78.63695933298318 36.539487936626415)" }, "geometry": { "type": "LineString", "coordinates": [ [ -78.63705335707958, 36.539066656353143 ], [ -78.636959332983182, 36.539487936626415 ] ] } },
{ "type": "Feature", "properties": { "FEEDER_NAME": "GRASSY CREEK", "SUBSTATION_NAME": "Jonathan's X Rd.", "wmType": "SECONDARY OVERHEAD", "WKT": "LINESTRING (-78.61530428163962 36.49196118638565, -78.61532795217366 36.49157750829155)" }, "geometry": { "type": "LineString", "coordinates": [ [ -78.615304281639624, 36.491961186385652 ], [ -78.615327952173658, 36.491577508291549 ] ] } },
{ "type": "Feature", "properties": { "FEEDER_NAME": "GRASSY CREEK", "SUBSTATION_NAME": "Jonathan's X Rd.", "wmType": "SECONDARY OVERHEAD", "WKT": "LINESTRING (-78.60124418005162 36.47707081702472, -78.60099431120742 36.47681326391891)" }, "geometry": { "type": "LineString", "coordinates": [ [ -78.601244180051623, 36.477070817024718 ], [ -78.600994311207415, 36.476813263918913 ] ] } },
{ "type": "Feature", "properties": { "FEEDER_NAME": "GRASSY CREEK", "SUBSTATION_NAME": "Jonathan's X Rd.", "wmType": "SECONDARY OVERHEAD", "WKT": "LINESTRING (-78.60126482453516 36.47706884305371, -78.60150472442456 36.47685685856451)" }, "geometry": { "type": "LineString", "coordinates": [ [ -78.601264824535164, 36.477068843053708 ], [ -78.601504724424558, 36.47685685856451 ] ] } },
{ "type": "Feature", "properties": { "FEEDER_NAME": "GRASSY CREEK", "SUBSTATION_NAME": "Jonathan's X Rd.", "wmType": "SECONDARY OVERHEAD", "WKT": "LINESTRING (-78.6358388160591 36.53982826724009, -78.63548573856319 36.54001733668443)" }, "geometry": { "type": "LineString", "coordinates": [ [ -78.635838816059106, 36.53982826724009 ], [ -78.63548573856319, 36.540017336684429 ] ] } },
{ "type": "Feature", "properties": { "FEEDER_NAME": "GRASSY CREEK", "SUBSTATION_NAME": "Jonathan's X Rd.", "wmType": "SECONDARY OVERHEAD", "WKT": "LINESTRING (-78.64471779326084 36.539573604190934, -78.64461465061693 36.5397655370102)" }, "geometry": { "type": "LineString", "coordinates": [ [ -78.644717793260838, 36.539573604190934 ], [ -78.64461465061693, 36.539765537010197 ] ] } },
{ "type": "Feature", "properties": { "FEEDER_NAME": "GRASSY CREEK", "SUBSTATION_NAME": "Jonathan's X Rd.", "wmType": "SECONDARY OVERHEAD", "WKT": "LINESTRING (-78.59522693676912 36.52832570996728, -78.59515349601354 36.5282781684199)" }, "geometry": { "type": "LineString", "coordinates": [ [ -78.595226936769123, 36.528325709967277 ], [ -78.595153496013538, 36.528278168419902 ] ] } },
{ "type": "Feature", "properties": { "FEEDER_NAME": "GRASSY CREEK", "SUBSTATION_NAME": "Jonathan's X Rd.", "wmType": "SECONDARY OVERHEAD", "WKT": "LINESTRING (-78.6728538777657 36.536736295222376, -78.6723697090686 36.53671653433834)" }, "geometry": { "type": "LineString", "coordinates": [ [ -78.672853877765704, 36.536736295222376 ], [ -78.672369709068604, 36.536716534338339 ] ] } },
{ "type": "Feature", "properties": { "FEEDER_NAME": "GRASSY CREEK", "SUBSTATION_NAME": "Jonathan's X Rd.", "wmType": "SECONDARY OVERHEAD", "WKT": "LINESTRING (-78.5774555457213 36.502408263678895, -78.57764870128631 36.502340177756636)" }, "geometry": { "type": "LineString", "coordinates": [ [ -78.577455545721307, 36.502408263678895 ], [ -78.577648701286307, 36.502340177756636 ] ] } },
{ "type": "Feature", "properties": { "FEEDER_NAME": "GRASSY CREEK", "SUBSTATION_NAME": "Jonathan's X Rd.", "wmType": "SECONDARY OVERHEAD", "WKT": "LINESTRING (-78.62824392515455 36.52658844058466, -78.62771358628147 36.52649732510318)" }, "geometry": { "type": "LineString", "coordinates": [ [ -78.62824392515455, 36.526588440584661 ], [ -78.627713586281473, 36.526497325103179 ] ] } },
{ "type": "Feature", "properties": { "FEEDER_NAME": "GRASSY CREEK", "SUBSTATION_NAME": "Jonathan's X Rd.", "wmType": "SECONDARY OVERHEAD", "WKT": "LINESTRING (-78.62780863105372 36.52680463453691, -78.62785050221768 36.52680627950312, -78.62824392515455 36.52658844058466)" }, "geometry": { "type": "LineString", "coordinates": [ [ -78.627808631053725, 36.526804634536909 ], [ -78.627850502217683, 36.52680627950312 ], [ -78.62824392515455, 36.526588440584661 ] ] } },
{ "type": "Feature", "properties": { "FEEDER_NAME": "GRASSY CREEK", "SUBSTATION_NAME": "Jonathan's X Rd.", "wmType": "SECONDARY OVERHEAD", "WKT": "LINESTRING (-78.60099431120742 36.47681326391891, -78.60077057096602 36.476863405978314)" }, "geometry": { "type": "LineString", "coordinates": [ [ -78.600994311207415, 36.476813263918913 ], [ -78.60077057096602, 36.476863405978314 ] ] } },
{ "type": "Feature", "properties": { "FEEDER_NAME": "GRASSY CREEK", "SUBSTATION_NAME": "Jonathan's X Rd.", "wmType": "SECONDARY OVERHEAD", "WKT": "LINESTRING (-78.67394174477106 36.537899640572, -78.67383925342494 36.53804123479585)" }, "geometry": { "type": "LineString", "coordinates": [ [ -78.673941744771057, 36.537899640572 ], [ -78.673839253424944, 36.538041234795848 ] ] } },
{ "type": "Feature", "properties": { "FEEDER_NAME": "GRASSY CREEK", "SUBSTATION_NAME": "Jonathan's X Rd.", "wmType": "SECONDARY OVERHEAD", "WKT": "LINESTRING (-78.67207494799223 36.52359519792262, -78.67203853680746 36.52343537130215)" }, "geometry": { "type": "LineString", "coordinates": [ [ -78.672074947992229, 36.523595197922617 ], [ -78.672038536807463, 36.523435371302149 ] ] } },
{ "type": "Feature", "properties": { "FEEDER_NAME": "GRASSY CREEK", "SUBSTATION_NAME": "Jonathan's X Rd.", "wmType": "SECONDARY OVERHEAD", "WKT": "LINESTRING (-78.67207494799223 36.52359519792262, -78.67235350290349 36.52355751040775)" }, "geometry": { "type": "LineString", "coordinates": [ [ -78.672074947992229, 36.523595197922617 ], [ -78.672353502903491, 36.523557510407748 ] ] } },
{ "type": "Feature", "properties": { "FEEDER_NAME": "GRASSY CREEK", "SUBSTATION_NAME": "Jonathan's X Rd.", "wmType": "SECONDARY OVERHEAD", "WKT": "LINESTRING (-78.60152360585029 36.477286581516914, -78.6015215657386 36.47726693141345, -78.60126482453516 36.47706884305371)" }, "geometry": { "type": "LineString", "coordinates": [ [ -78.601523605850289, 36.477286581516914 ], [ -78.601521565738594, 36.477266931413453 ], [ -78.601264824535164, 36.477068843053708 ] ] } },
{ "type": "Feature", "properties": { "FEEDER_NAME": "GRASSY CREEK", "SUBSTATION_NAME": "Jonathan's X Rd.", "wmType": "SECONDARY OVERHEAD", "WKT": "LINESTRING (-78.67190060897596 36.52400484055041, -78.67164546478153 36.52383102611348)" }, "geometry": { "type": "LineString", "coordinates": [ [ -78.67190060897596, 36.524004840550411 ], [ -78.671645464781534, 36.523831026113477 ] ] } },
{ "type": "Feature", "properties": { "FEEDER_NAME": "GRASSY CREEK", "SUBSTATION_NAME": "Jonathan's X Rd.", "wmType": "SECONDARY OVERHEAD", "WKT": "LINESTRING (-78.67164546478153 36.52383102611348, -78.67146391610892 36.52369056825742)" }, "geometry": { "type": "LineString", "coordinates": [ [ -78.671645464781534, 36.523831026113477 ], [ -78.67146391610892, 36.523690568257422 ] ] } },
{ "type": "Feature", "properties": { "FEEDER_NAME": "GRASSY CREEK", "SUBSTATION_NAME": "Jonathan's X Rd.", "wmType": "SECONDARY OVERHEAD", "WKT": "LINESTRING (-78.67190060897596 36.52400484055041, -78.67191368907392 36.524074547486784)" }, "geometry": { "type": "LineString", "coordinates": [ [ -78.67190060897596, 36.524004840550411 ], [ -78.671913689073918, 36.524074547486784 ] ] } },
{ "type": "Feature", "properties": { "FEEDER_NAME": "GRASSY CREEK", "SUBSTATION_NAME": "Jonathan's X Rd.", "wmType": "SECONDARY OVERHEAD", "WKT": "LINESTRING (-78.6675967998547 36.52672541402208, -78.66739182806099 36.52667954427132)" }, "geometry": { "type": "LineString", "coordinates": [ [ -78.667596799854707, 36.526725414022081 ], [ -78.667391828060985, 36.526679544271317 ] ] } },
{ "type": "Feature", "properties": { "FEEDER_NAME": "GRASSY CREEK", "SUBSTATION_NAME": "Jonathan's X Rd.", "wmType": "SECONDARY OVERHEAD", "WKT": "LINESTRING (-78.66612025544323 36.525334313196716, -78.66618245808847 36.52568580289266)" }, "geometry": { "type": "LineString", "coordinates": [ [ -78.666120255443232, 36.525334313196716 ], [ -78.666182458088471, 36.52568580289266 ] ] } },
{ "type": "Feature", "properties": { "FEEDER_NAME": "GRASSY CREEK", "SUBSTATION_NAME": "Jonathan's X Rd.", "wmType": "SECONDARY OVERHEAD", "WKT": "LINESTRING (-78.66618245808847 36.52568580289266, -78.66636499941345 36.52568300213177)" }, "geometry": { "type": "LineString", "coordinates": [ [ -78.666182458088471, 36.52568580289266 ], [ -78.666364999413446, 36.525683002131771 ] ] } },
{ "type": "Feature", "properties": { "FEEDER_NAME": "GRASSY CREEK", "SUBSTATION_NAME": "Jonathan's X Rd.", "wmType": "SECONDARY OVERHEAD", "WKT": "LINESTRING (-78.66445668981822 36.52665391249857, -78.66425573499913 36.52683575304503)" }, "geometry": { "type": "LineString", "coordinates": [ [ -78.664456689818223, 36.526653912498567 ], [ -78.664255734999131, 36.526835753045027 ] ] } },
{ "type": "Feature", "properties": { "FEEDER_NAME": "GRASSY CREEK", "SUBSTATION_NAME": "Jonathan's X Rd.", "wmType": "SECONDARY OVERHEAD", "WKT": "LINESTRING (-78.66425573499913 36.52683575304503, -78.66426363679139 36.52691550049146)" }, "geometry": { "type": "LineString", "coordinates": [ [ -78.664255734999131, 36.526835753045027 ], [ -78.664263636791389, 36.526915500491462 ] ] } },
{ "type": "Feature", "properties": { "FEEDER_NAME": "GRASSY CREEK", "SUBSTATION_NAME": "Jonathan's X Rd.", "wmType": "SECONDARY OVERHEAD", "WKT": "LINESTRING (-78.63170716981317 36.51903477933406, -78.63146916862196 36.519000131728845)" }, "geometry": { "type": "LineString", "coordinates": [ [ -78.631707169813168, 36.519034779334064 ], [ -78.631469168621962, 36.519000131728845 ] ] } },
{ "type": "Feature", "properties": { "FEEDER_NAME": "GRASSY CREEK", "SUBSTATION_NAME": "Jonathan's X Rd.", "wmType": "SECONDARY OVERHEAD", "WKT": "LINESTRING (-78.63020509515754 36.51574719460329, -78.62998557279136 36.5157537571993)" }, "geometry": { "type": "LineString", "coordinates": [ [ -78.630205095157535, 36.515747194603293 ], [ -78.629985572791355, 36.515753757199299 ] ] } },
{ "type": "Feature", "properties": { "FEEDER_NAME": "GRASSY CREEK", "SUBSTATION_NAME": "Jonathan's X Rd.", "wmType": "SECONDARY OVERHEAD", "WKT": "LINESTRING (-78.6216408214247 36.5138818591791, -78.62185980185836 36.513950889721436)" }, "geometry": { "type": "LineString", "coordinates": [ [ -78.621640821424705, 36.513881859179101 ], [ -78.621859801858363, 36.513950889721436 ] ] } },
{ "type": "Feature", "properties": { "FEEDER_NAME": "GRASSY CREEK", "SUBSTATION_NAME": "Jonathan's X Rd.", "wmType": "SECONDARY OVERHEAD", "WKT": "LINESTRING (-78.61379322189102 36.506490114558474, -78.6135775992119 36.50610213333878)" }, "geometry": { "type": "LineString", "coordinates": [ [ -78.613793221891015, 36.506490114558474 ], [ -78.613577599211894, 36.506102133338779 ] ] } },
{ "type": "Feature", "properties": { "FEEDER_NAME": "GRASSY CREEK", "SUBSTATION_NAME": "Jonathan's X Rd.", "wmType": "SECONDARY OVERHEAD", "WKT": "LINESTRING (-78.61241781785365 36.5076761509161, -78.61239866556683 36.50781527490849)" }, "geometry": { "type": "LineString", "coordinates": [ [ -78.612417817853654, 36.507676150916097 ], [ -78.612398665566829, 36.507815274908488 ] ] } },
{ "type": "Feature", "properties": { "FEEDER_NAME": "GRASSY CREEK", "SUBSTATION_NAME": "Jonathan's X Rd.", "wmType": "SECONDARY OVERHEAD", "WKT": "LINESTRING (-78.5942281490425 36.50319896006918, -78.59410048635232 36.50313053083249)" }, "geometry": { "type": "LineString", "coordinates": [ [ -78.594228149042493, 36.503198960069177 ], [ -78.594100486352318, 36.503130530832493 ] ] } },
{ "type": "Feature", "properties": { "FEEDER_NAME": "GRASSY CREEK", "SUBSTATION_NAME": "Jonathan's X Rd.", "wmType": "SECONDARY OVERHEAD", "WKT": "LINESTRING (-78.595086942356 36.519605256133744, -78.59512134829647 36.519274033664786)" }, "geometry": { "type": "LineString", "coordinates": [ [ -78.595086942356005, 36.519605256133744 ], [ -78.595121348296473, 36.519274033664786 ] ] } },
{ "type": "Feature", "properties": { "FEEDER_NAME": "GRASSY CREEK", "SUBSTATION_NAME": "Jonathan's X Rd.", "wmType": "SECONDARY OVERHEAD", "WKT": "LINESTRING (-78.59735108999197 36.46637452143162, -78.59733415458025 36.466373307154456)" }, "geometry": { "type": "LineString", "coordinates": [ [ -78.597351089991975, 36.466374521431618 ], [ -78.597334154580253, 36.466373307154456 ] ] } },
{ "type": "Feature", "properties": { "FEEDER_NAME": "GRASSY CREEK", "SUBSTATION_NAME": "Jonathan's X Rd.", "wmType": "SECONDARY OVERHEAD", "WKT": "LINESTRING (-78.5860355761316 36.51752329319039, -78.58601553462094 36.517365415291636)" }, "geometry": { "type": "LineString", "coordinates": [ [ -78.586035576131593, 36.517523293190393 ], [ -78.586015534620941, 36.517365415291636 ] ] } },
{ "type": "Feature", "properties": { "FEEDER_NAME": "GRASSY CREEK", "SUBSTATION_NAME": "Jonathan's X Rd.", "wmType": "SECONDARY OVERHEAD", "WKT": "LINESTRING (-78.58601553462094 36.517365415291636, -78.5859611545103 36.51718310671561)" }, "geometry": { "type": "LineString", "coordinates": [ [ -78.586015534620941, 36.517365415291636 ], [ -78.585961154510301, 36.517183106715613 ] ] } },
{ "type": "Feature", "properties": { "FEEDER_NAME": "GRASSY CREEK", "SUBSTATION_NAME": "Jonathan's X Rd.", "wmType": "SECONDARY OVERHEAD", "WKT": "LINESTRING (-78.57818893489001 36.53118704741013, -78.57790585039696 36.53114115710738)" }, "geometry": { "type": "LineString", "coordinates": [ [ -78.578188934890008, 36.531187047410128 ], [ -78.577905850396959, 36.531141157107378 ] ] } },
{ "type": "Feature", "properties": { "FEEDER_NAME": "GRASSY CREEK", "SUBSTATION_NAME": "Jonathan's X Rd.", "wmType": "SECONDARY OVERHEAD", "WKT": "LINESTRING (-78.57943183448081 36.531132035697304, -78.57934689840386 36.5313307037569)" }, "geometry": { "type": "LineString", "coordinates": [ [ -78.579431834480815, 36.531132035697304 ], [ -78.579346898403855, 36.5313307037569 ] ] } },
{ "type": "Feature", "properties": { "FEEDER_NAME": "GRASSY CREEK", "SUBSTATION_NAME": "Jonathan's X Rd.", "wmType": "SECONDARY OVERHEAD", "WKT": "LINESTRING (-78.58713784524649 36.534404944792634, -78.58726671005945 36.5345994380905)" }, "geometry": { "type": "LineString", "coordinates": [ [ -78.587137845246488, 36.534404944792634 ], [ -78.587266710059453, 36.534599438090503 ] ] } },
{ "type": "Feature", "properties": { "FEEDER_NAME": "GRASSY CREEK", "SUBSTATION_NAME": "Jonathan's X Rd.", "wmType": "SECONDARY OVERHEAD", "WKT": "LINESTRING (-78.58726671005945 36.5345994380905, -78.58740183895883 36.534803765570445)" }, "geometry": { "type": "LineString", "coordinates": [ [ -78.587266710059453, 36.534599438090503 ], [ -78.587401838958826, 36.534803765570445 ] ] } },
{ "type": "Feature", "properties": { "FEEDER_NAME": "GRASSY CREEK", "SUBSTATION_NAME": "Jonathan's X Rd.", "wmType": "SECONDARY OVERHEAD", "WKT": "LINESTRING (-78.58726671005945 36.5345994380905, -78.58749983453308 36.53489004802961)" }, "geometry": { "type": "LineString", "coordinates": [ [ -78.587266710059453, 36.534599438090503 ], [ -78.587499834533077, 36.534890048029609 ] ] } },
{ "type": "Feature", "properties": { "FEEDER_NAME": "GRASSY CREEK", "SUBSTATION_NAME": "Jonathan's X Rd.", "wmType": "SECONDARY OVERHEAD", "WKT": "LINESTRING (-78.58674814380625 36.5350571701401, -78.58685207049278 36.53522392411574)" }, "geometry": { "type": "LineString", "coordinates": [ [ -78.586748143806247, 36.535057170140099 ], [ -78.586852070492782, 36.535223924115741 ] ] } },
{ "type": "Feature", "properties": { "FEEDER_NAME": "GRASSY CREEK", "SUBSTATION_NAME": "Jonathan's X Rd.", "wmType": "SECONDARY OVERHEAD", "WKT": "LINESTRING (-78.58611774974592 36.53503192622612, -78.58627729290166 36.53520370103463)" }, "geometry": { "type": "LineString", "coordinates": [ [ -78.586117749745924, 36.535031926226118 ], [ -78.586277292901656, 36.535203701034632 ] ] } },
{ "type": "Feature", "properties": { "FEEDER_NAME": "GRASSY CREEK", "SUBSTATION_NAME": "Jonathan's X Rd.", "wmType": "SECONDARY OVERHEAD", "WKT": "LINESTRING (-78.58627729290166 36.53520370103463, -78.58641244689716 36.53533237302504)" }, "geometry": { "type": "LineString", "coordinates": [ [ -78.586277292901656, 36.535203701034632 ], [ -78.586412446897157, 36.535332373025042 ] ] } },
{ "type": "Feature", "properties": { "FEEDER_NAME": "GRASSY CREEK", "SUBSTATION_NAME": "Jonathan's X Rd.", "wmType": "SECONDARY OVERHEAD", "WKT": "LINESTRING (-78.58627729290166 36.53520370103463, -78.58654516143478 36.535342746019)" }, "geometry": { "type": "LineString", "coordinates": [ [ -78.586277292901656, 36.535203701034632 ], [ -78.586545161434785, 36.535342746018998 ] ] } },
{ "type": "Feature", "properties": { "FEEDER_NAME": "GRASSY CREEK", "SUBSTATION_NAME": "Jonathan's X Rd.", "wmType": "SECONDARY OVERHEAD", "WKT": "LINESTRING (-78.58549155268715 36.53591223685185, -78.585296336565 36.53617572768923)" }, "geometry": { "type": "LineString", "coordinates": [ [ -78.585491552687145, 36.53591223685185 ], [ -78.585296336564994, 36.536175727689233 ] ] } },
{ "type": "Feature", "properties": { "FEEDER_NAME": "GRASSY CREEK", "SUBSTATION_NAME": "Jonathan's X Rd.", "wmType": "SECONDARY OVERHEAD", "WKT": "LINESTRING (-78.585296336565 36.53617572768923, -78.58496448620362 36.536128167552285)" }, "geometry": { "type": "LineString", "coordinates": [ [ -78.585296336564994, 36.536175727689233 ], [ -78.584964486203617, 36.536128167552285 ] ] } },
{ "type": "Feature", "properties": { "FEEDER_NAME": "GRASSY CREEK", "SUBSTATION_NAME": "Jonathan's X Rd.", "wmType": "SECONDARY OVERHEAD", "WKT": "LINESTRING (-78.58549155268715 36.53591223685185, -78.58570526969713 36.53592086621733)" }, "geometry": { "type": "LineString", "coordinates": [ [ -78.585491552687145, 36.53591223685185 ], [ -78.585705269697129, 36.535920866217332 ] ] } },
{ "type": "Feature", "properties": { "FEEDER_NAME": "GRASSY CREEK", "SUBSTATION_NAME": "Jonathan's X Rd.", "wmType": "SECONDARY OVERHEAD", "WKT": "LINESTRING (-78.58570526969713 36.53592086621733, -78.5858252146214 36.536129118671624)" }, "geometry": { "type": "LineString", "coordinates": [ [ -78.585705269697129, 36.535920866217332 ], [ -78.585825214621394, 36.536129118671624 ] ] } },
{ "type": "Feature", "properties": { "FEEDER_NAME": "GRASSY CREEK", "SUBSTATION_NAME": "Jonathan's X Rd.", "wmType": "SECONDARY OVERHEAD", "WKT": "LINESTRING (-78.58566104536894 36.53551789067116, -78.58592475602644 36.5357089513525)" }, "geometry": { "type": "LineString", "coordinates": [ [ -78.585661045368937, 36.535517890671159 ], [ -78.585924756026444, 36.535708951352497 ] ] } },
{ "type": "Feature", "properties": { "FEEDER_NAME": "GRASSY CREEK", "SUBSTATION_NAME": "Jonathan's X Rd.", "wmType": "SECONDARY OVERHEAD", "WKT": "LINESTRING (-78.58592475602644 36.5357089513525, -78.5862105751052 36.53577351456232)" }, "geometry": { "type": "LineString", "coordinates": [ [ -78.585924756026444, 36.535708951352497 ], [ -78.586210575105198, 36.535773514562322 ] ] } },
{ "type": "Feature", "properties": { "FEEDER_NAME": "GRASSY CREEK", "SUBSTATION_NAME": "Jonathan's X Rd.", "wmType": "SECONDARY OVERHEAD", "WKT": "LINESTRING (-78.58916954804911 36.530967505069405, -78.58939139213636 36.530994748434715)" }, "geometry": { "type": "LineString", "coordinates": [ [ -78.589169548049114, 36.530967505069405 ], [ -78.589391392136363, 36.530994748434715 ] ] } },
{ "type": "Feature", "properties": { "FEEDER_NAME": "GRASSY CREEK", "SUBSTATION_NAME": "Jonathan's X Rd.", "wmType": "SECONDARY OVERHEAD", "WKT": "LINESTRING (-78.58865704443586 36.53238524582734, -78.58901891978878 36.53224921729474)" }, "geometry": { "type": "LineString", "coordinates": [ [ -78.588657044435863, 36.532385245827342 ], [ -78.589018919788785, 36.532249217294741 ] ] } },
{ "type": "Feature", "properties": { "FEEDER_NAME": "GRASSY CREEK", "SUBSTATION_NAME": "Jonathan's X Rd.", "wmType": "SECONDARY OVERHEAD", "WKT": "LINESTRING (-78.58869501162233 36.53206427435484, -78.58860153780196 36.531729492583075)" }, "geometry": { "type": "LineString", "coordinates": [ [ -78.588695011622335, 36.532064274354838 ], [ -78.588601537801964, 36.531729492583075 ] ] } },
{ "type": "Feature", "properties": { "FEEDER_NAME": "GRASSY CREEK", "SUBSTATION_NAME": "Jonathan's X Rd.", "wmType": "SECONDARY OVERHEAD", "WKT": "LINESTRING (-78.58949954181865 36.53232329997117, -78.58957913571567 36.53217171690312)" }, "geometry": { "type": "LineString", "coordinates": [ [ -78.589499541818654, 36.532323299971168 ], [ -78.589579135715667, 36.532171716903122 ] ] } },
{ "type": "Feature", "properties": { "FEEDER_NAME": "GRASSY CREEK", "SUBSTATION_NAME": "Jonathan's X Rd.", "wmType": "SECONDARY OVERHEAD", "WKT": "LINESTRING (-78.58898440939068 36.529589835431985, -78.58886974389844 36.5292549122992)" }, "geometry": { "type": "LineString", "coordinates": [ [ -78.588984409390676, 36.529589835431985 ], [ -78.588869743898442, 36.529254912299201 ] ] } },
{ "type": "Feature", "properties": { "FEEDER_NAME": "GRASSY CREEK", "SUBSTATION_NAME": "Jonathan's X Rd.", "wmType": "SECONDARY OVERHEAD", "WKT": "LINESTRING (-78.58886974389844 36.5292549122992, -78.5883764127052 36.52940601775581)" }, "geometry": { "type": "LineString", "coordinates": [ [ -78.588869743898442, 36.529254912299201 ], [ -78.588376412705202, 36.529406017755811 ] ] } },
{ "type": "Feature", "properties": { "FEEDER_NAME": "GRASSY CREEK", "SUBSTATION_NAME": "Jonathan's X Rd.", "wmType": "SECONDARY OVERHEAD", "WKT": "LINESTRING (-78.58574085148783 36.53384456708323, -78.58603292284675 36.53388930081993)" }, "geometry": { "type": "LineString", "coordinates": [ [ -78.585740851487827, 36.533844567083229 ], [ -78.586032922846755, 36.533889300819929 ] ] } },
{ "type": "Feature", "properties": { "FEEDER_NAME": "GRASSY CREEK", "SUBSTATION_NAME": "Jonathan's X Rd.", "wmType": "SECONDARY OVERHEAD", "WKT": "LINESTRING (-78.57927478233563 36.5369316611835, -78.57910156094302 36.53704644520503)" }, "geometry": { "type": "LineString", "coordinates": [ [ -78.579274782335631, 36.536931661183502 ], [ -78.579101560943016, 36.537046445205029 ] ] } },
{ "type": "Feature", "properties": { "FEEDER_NAME": "GRASSY CREEK", "SUBSTATION_NAME": "Jonathan's X Rd.", "wmType": "SECONDARY OVERHEAD", "WKT": "LINESTRING (-78.57944957858203 36.536147145256116, -78.5792033099193 36.53601845773189)" }, "geometry": { "type": "LineString", "coordinates": [ [ -78.579449578582029, 36.536147145256116 ], [ -78.579203309919293, 36.536018457731892 ] ] } },
{ "type": "Feature", "properties": { "FEEDER_NAME": "GRASSY CREEK", "SUBSTATION_NAME": "Jonathan's X Rd.", "wmType": "SECONDARY OVERHEAD", "WKT": "LINESTRING (-78.5792033099193 36.53601845773189, -78.57901176705944 36.53595441535956)" }, "geometry": { "type": "LineString", "coordinates": [ [ -78.579203309919293, 36.536018457731892 ], [ -78.579011767059441, 36.535954415359562 ] ] } },
{ "type": "Feature", "properties": { "FEEDER_NAME": "GRASSY CREEK", "SUBSTATION_NAME": "Jonathan's X Rd.", "wmType": "SECONDARY OVERHEAD", "WKT": "LINESTRING (-78.58149642185529 36.533147058761756, -78.58154680612374 36.5333717764485)" }, "geometry": { "type": "LineString", "coordinates": [ [ -78.581496421855292, 36.533147058761756 ], [ -78.58154680612374, 36.533371776448497 ] ] } },
{ "type": "Feature", "properties": { "FEEDER_NAME": "GRASSY CREEK", "SUBSTATION_NAME": "Jonathan's X Rd.", "wmType": "SECONDARY OVERHEAD", "WKT": "LINESTRING (-78.58154680612374 36.5333717764485, -78.581627867604 36.53357681226291)" }, "geometry": { "type": "LineString", "coordinates": [ [ -78.58154680612374, 36.533371776448497 ], [ -78.581627867603999, 36.533576812262908 ] ] } },
{ "type": "Feature", "properties": { "FEEDER_NAME": "GRASSY CREEK", "SUBSTATION_NAME": "Jonathan's X Rd.", "wmType": "SECONDARY OVERHEAD", "WKT": "LINESTRING (-78.58154680612374 36.5333717764485, -78.58170490925058 36.53367356774001)" }, "geometry": { "type": "LineString", "coordinates": [ [ -78.58154680612374, 36.533371776448497 ], [ -78.581704909250575, 36.53367356774001 ] ] } },
{ "type": "Feature", "properties": { "FEEDER_NAME": "GRASSY CREEK", "SUBSTATION_NAME": "Jonathan's X Rd.", "wmType": "SECONDARY OVERHEAD", "WKT": "LINESTRING (-78.57985151928189 36.52784150552884, -78.57972664255698 36.52763843922858)" }, "geometry": { "type": "LineString", "coordinates": [ [ -78.579851519281888, 36.527841505528841 ], [ -78.579726642556977, 36.527638439228582 ] ] } },
{ "type": "Feature", "properties": { "FEEDER_NAME": "GRASSY CREEK", "SUBSTATION_NAME": "Jonathan's X Rd.", "wmType": "SECONDARY OVERHEAD", "WKT": "LINESTRING (-78.57382686764055 36.52128276061857, -78.57367854194149 36.52128312599742)" }, "geometry": { "type": "LineString", "coordinates": [ [ -78.573826867640548, 36.521282760618568 ], [ -78.57367854194149, 36.521283125997421 ] ] } },
{ "type": "Feature", "properties": { "FEEDER_NAME": "GRASSY CREEK", "SUBSTATION_NAME": "Jonathan's X Rd.", "wmType": "SECONDARY OVERHEAD", "WKT": "LINESTRING (-78.57367854194149 36.52128312599742, -78.57375416178552 36.52110381107459)" }, "geometry": { "type": "LineString", "coordinates": [ [ -78.57367854194149, 36.521283125997421 ], [ -78.573754161785516, 36.521103811074589 ] ] } },
{ "type": "Feature", "properties": { "FEEDER_NAME": "GRASSY CREEK", "SUBSTATION_NAME": "Jonathan's X Rd.", "wmType": "SECONDARY OVERHEAD", "WKT": "LINESTRING (-78.57382686764055 36.52128276061857, -78.5739067854629 36.52132884634045)" }, "geometry": { "type": "LineString", "coordinates": [ [ -78.573826867640548, 36.521282760618568 ], [ -78.573906785462896, 36.521328846340452 ] ] } },
{ "type": "Feature", "properties": { "FEEDER_NAME": "GRASSY CREEK", "SUBSTATION_NAME": "Jonathan's X Rd.", "wmType": "SECONDARY OVERHEAD", "WKT": "LINESTRING (-78.57476479017299 36.52119194211613, -78.57453282538293 36.52097116037034)" }, "geometry": { "type": "LineString", "coordinates": [ [ -78.574764790172992, 36.521191942116133 ], [ -78.574532825382931, 36.520971160370337 ] ] } },
{ "type": "Feature", "properties": { "FEEDER_NAME": "GRASSY CREEK", "SUBSTATION_NAME": "Jonathan's X Rd.", "wmType": "SECONDARY OVERHEAD", "WKT": "LINESTRING (-78.57476479017299 36.52119194211613, -78.57468999718934 36.52124807433459)" }, "geometry": { "type": "LineString", "coordinates": [ [ -78.574764790172992, 36.521191942116133 ], [ -78.574689997189338, 36.521248074334594 ] ] } },
{ "type": "Feature", "properties": { "FEEDER_NAME": "GRASSY CREEK", "SUBSTATION_NAME": "Jonathan's X Rd.", "wmType": "SECONDARY OVERHEAD", "WKT": "LINESTRING (-78.57525630724699 36.5211537075083, -78.57517934051738 36.5209265411502)" }, "geometry": { "type": "LineString", "coordinates": [ [ -78.575256307246988, 36.521153707508297 ], [ -78.57517934051738, 36.520926541150203 ] ] } },
{ "type": "Feature", "properties": { "FEEDER_NAME": "GRASSY CREEK", "SUBSTATION_NAME": "Jonathan's X Rd.", "wmType": "SECONDARY OVERHEAD", "WKT": "LINESTRING (-78.57417710882001 36.518285807582416, -78.57394071275046 36.51835359453551)" }, "geometry": { "type": "LineString", "coordinates": [ [ -78.57417710882001, 36.518285807582416 ], [ -78.573940712750456, 36.518353594535512 ] ] } },
{ "type": "Feature", "properties": { "FEEDER_NAME": "GRASSY CREEK", "SUBSTATION_NAME": "Jonathan's X Rd.", "wmType": "SECONDARY OVERHEAD", "WKT": "LINESTRING (-78.57309435490068 36.52121532249188, -78.57311793544234 36.52110246497024)" }, "geometry": { "type": "LineString", "coordinates": [ [ -78.573094354900675, 36.521215322491877 ], [ -78.57311793544234, 36.521102464970241 ] ] } },
{ "type": "Feature", "properties": { "FEEDER_NAME": "GRASSY CREEK", "SUBSTATION_NAME": "Jonathan's X Rd.", "wmType": "SECONDARY OVERHEAD", "WKT": "LINESTRING (-78.57064219843615 36.52034718154843, -78.57056920382014 36.52060247916784)" }, "geometry": { "type": "LineString", "coordinates": [ [ -78.570642198436147, 36.520347181548431 ], [ -78.570569203820142, 36.520602479167842 ] ] } },
{ "type": "Feature", "properties": { "FEEDER_NAME": "GRASSY CREEK", "SUBSTATION_NAME": "Jonathan's X Rd.", "wmType": "SECONDARY OVERHEAD", "WKT": "LINESTRING (-78.55587276556156 36.52338564957895, -78.5557806480073 36.52343242684301)" }, "geometry": { "type": "LineString", "coordinates": [ [ -78.55587276556156, 36.523385649578948 ], [ -78.5557806480073, 36.523432426843009 ] ] } },
{ "type": "Feature", "properties": { "FEEDER_NAME": "GRASSY CREEK", "SUBSTATION_NAME": "Jonathan's X Rd.", "wmType": "SECONDARY OVERHEAD", "WKT": "LINESTRING (-78.56748786436526 36.52198110263197, -78.56767249469631 36.52203849220436)" }, "geometry": { "type": "LineString", "coordinates": [ [ -78.567487864365262, 36.521981102631969 ], [ -78.567672494696311, 36.522038492204359 ] ] } },
{ "type": "Feature", "properties": { "FEEDER_NAME": "GRASSY CREEK", "SUBSTATION_NAME": "Jonathan's X Rd.", "wmType": "SECONDARY OVERHEAD", "WKT": "LINESTRING (-78.56767249469631 36.52203849220436, -78.56766917897146 36.52211340430835)" }, "geometry": { "type": "LineString", "coordinates": [ [ -78.567672494696311, 36.522038492204359 ], [ -78.567669178971457, 36.52211340430835 ] ] } },
{ "type": "Feature", "properties": { "FEEDER_NAME": "GRASSY CREEK", "SUBSTATION_NAME": "Jonathan's X Rd.", "wmType": "SECONDARY OVERHEAD", "WKT": "LINESTRING (-78.5676982777232 36.520570617699235, -78.56768062733047 36.520570558360696)" }, "geometry": { "type": "LineString", "coordinates": [ [ -78.567698277723196, 36.520570617699235 ], [ -78.567680627330475, 36.520570558360696 ] ] } },
{ "type": "Feature", "properties": { "FEEDER_NAME": "GRASSY CREEK", "SUBSTATION_NAME": "Jonathan's X Rd.", "wmType": "SECONDARY OVERHEAD", "WKT": "LINESTRING (-78.56826483322908 36.52037253072212, -78.56806033671 36.52034033875756)" }, "geometry": { "type": "LineString", "coordinates": [ [ -78.56826483322908, 36.520372530722121 ], [ -78.568060336710005, 36.520340338757563 ] ] } },
{ "type": "Feature", "properties": { "FEEDER_NAME": "GRASSY CREEK", "SUBSTATION_NAME": "Jonathan's X Rd.", "wmType": "SECONDARY OVERHEAD", "WKT": "LINESTRING (-78.56848264794023 36.51994704896327, -78.56855347303515 36.5201123711952)" }, "geometry": { "type": "LineString", "coordinates": [ [ -78.568482647940229, 36.519947048963267 ], [ -78.568553473035152, 36.520112371195196 ] ] } },
{ "type": "Feature", "properties": { "FEEDER_NAME": "GRASSY CREEK", "SUBSTATION_NAME": "Jonathan's X Rd.", "wmType": "SECONDARY OVERHEAD", "WKT": "LINESTRING (-78.56848264794023 36.51994704896327, -78.5686142032654 36.51983458451488)" }, "geometry": { "type": "LineString", "coordinates": [ [ -78.568482647940229, 36.519947048963267 ], [ -78.568614203265398, 36.519834584514882 ] ] } },
{ "type": "Feature", "properties": { "FEEDER_NAME": "GRASSY CREEK", "SUBSTATION_NAME": "Jonathan's X Rd.", "wmType": "SECONDARY OVERHEAD", "WKT": "LINESTRING (-78.56859332550093 36.51972777829147, -78.56880750278238 36.51967449384625)" }, "geometry": { "type": "LineString", "coordinates": [ [ -78.568593325500927, 36.519727778291468 ], [ -78.568807502782377, 36.519674493846253 ] ] } },
{ "type": "Feature", "properties": { "FEEDER_NAME": "GRASSY CREEK", "SUBSTATION_NAME": "Jonathan's X Rd.", "wmType": "SECONDARY OVERHEAD", "WKT": "LINESTRING (-78.56443969590248 36.51245623112773, -78.56474381861005 36.51262723098264)" }, "geometry": { "type": "LineString", "coordinates": [ [ -78.564439695902479, 36.512456231127729 ], [ -78.564743818610054, 36.512627230982638 ] ] } },
{ "type": "Feature", "properties": { "FEEDER_NAME": "GRASSY CREEK", "SUBSTATION_NAME": "Jonathan's X Rd.", "wmType": "SECONDARY OVERHEAD", "WKT": "LINESTRING (-78.56474381861005 36.51262723098264, -78.56484930444189 36.512699890140624)" }, "geometry": { "type": "LineString", "coordinates": [ [ -78.564743818610054, 36.512627230982638 ], [ -78.564849304441893, 36.512699890140624 ] ] } },
{ "type": "Feature", "properties": { "FEEDER_NAME": "GRASSY CREEK", "SUBSTATION_NAME": "Jonathan's X Rd.", "wmType": "SECONDARY OVERHEAD", "WKT": "LINESTRING (-78.56334940903442 36.51204679770936, -78.56348379047566 36.51217347389361)" }, "geometry": { "type": "LineString", "coordinates": [ [ -78.563349409034416, 36.51204679770936 ], [ -78.563483790475658, 36.512173473893611 ] ] } },
{ "type": "Feature", "properties": { "FEEDER_NAME": "GRASSY CREEK", "SUBSTATION_NAME": "Jonathan's X Rd.", "wmType": "SECONDARY OVERHEAD", "WKT": "LINESTRING (-78.55784513081251 36.511257989079056, -78.55812767290215 36.51149536410562)" }, "geometry": { "type": "LineString", "coordinates": [ [ -78.55784513081251, 36.511257989079056 ], [ -78.558127672902145, 36.51149536410562 ] ] } },
{ "type": "Feature", "properties": { "FEEDER_NAME": "GRASSY CREEK", "SUBSTATION_NAME": "Jonathan's X Rd.", "wmType": "SECONDARY OVERHEAD", "WKT": "LINESTRING (-78.55812767290215 36.51149536410562, -78.55850550810125 36.511332455701556)" }, "geometry": { "type": "LineString", "coordinates": [ [ -78.558127672902145, 36.51149536410562 ], [ -78.558505508101248, 36.511332455701556 ] ] } },
{ "type": "Feature", "properties": { "FEEDER_NAME": "GRASSY CREEK", "SUBSTATION_NAME": "Jonathan's X Rd.", "wmType": "SECONDARY OVERHEAD", "WKT": "LINESTRING (-78.55195847207003 36.50386305460463, -78.55184482710168 36.50343972762536)" }, "geometry": { "type": "LineString", "coordinates": [ [ -78.551958472070027, 36.503863054604629 ], [ -78.551844827101675, 36.503439727625363 ] ] } },
{ "type": "Feature", "properties": { "FEEDER_NAME": "GRASSY CREEK", "SUBSTATION_NAME": "Jonathan's X Rd.", "wmType": "SECONDARY OVERHEAD", "WKT": "LINESTRING (-78.55195847207003 36.50386305460463, -78.5517568547347 36.503871342176765)" }, "geometry": { "type": "LineString", "coordinates": [ [ -78.551958472070027, 36.503863054604629 ], [ -78.551756854734705, 36.503871342176765 ] ] } },
{ "type": "Feature", "properties": { "FEEDER_NAME": "GRASSY CREEK", "SUBSTATION_NAME": "Jonathan's X Rd.", "wmType": "SECONDARY OVERHEAD", "WKT": "LINESTRING (-78.5494571420256 36.50740965215307, -78.54932727233138 36.50738197311094)" }, "geometry": { "type": "LineString", "coordinates": [ [ -78.549457142025602, 36.507409652153072 ], [ -78.549327272331382, 36.507381973110938 ] ] } },
{ "type": "Feature", "properties": { "FEEDER_NAME": "GRASSY CREEK", "SUBSTATION_NAME": "Jonathan's X Rd.", "wmType": "SECONDARY OVERHEAD", "WKT": "LINESTRING (-78.5494571420256 36.50740965215307, -78.54926098725231 36.50709322904347)" }, "geometry": { "type": "LineString", "coordinates": [ [ -78.549457142025602, 36.507409652153072 ], [ -78.54926098725231, 36.50709322904347 ] ] } },
{ "type": "Feature", "properties": { "FEEDER_NAME": "GRASSY CREEK", "SUBSTATION_NAME": "Jonathan's X Rd.", "wmType": "SECONDARY OVERHEAD", "WKT": "LINESTRING (-78.55821988547936 36.51275621803716, -78.55866049772212 36.512441449044985)" }, "geometry": { "type": "LineString", "coordinates": [ [ -78.55821988547936, 36.512756218037161 ], [ -78.558660497722116, 36.512441449044985 ] ] } },
{ "type": "Feature", "properties": { "FEEDER_NAME": "GRASSY CREEK", "SUBSTATION_NAME": "Jonathan's X Rd.", "wmType": "SECONDARY OVERHEAD", "WKT": "LINESTRING (-78.56799921141325 36.51831067657202, -78.5681848343851 36.51801789963549)" }, "geometry": { "type": "LineString", "coordinates": [ [ -78.567999211413252, 36.518310676572021 ], [ -78.568184834385093, 36.518017899635488 ] ] } },
{ "type": "Feature", "properties": { "FEEDER_NAME": "GRASSY CREEK", "SUBSTATION_NAME": "Jonathan's X Rd.", "wmType": "SECONDARY OVERHEAD", "WKT": "LINESTRING (-78.5681848343851 36.51801789963549, -78.56794375758047 36.517918016689826)" }, "geometry": { "type": "LineString", "coordinates": [ [ -78.568184834385093, 36.518017899635488 ], [ -78.567943757580466, 36.517918016689826 ] ] } },
{ "type": "Feature", "properties": { "FEEDER_NAME": "GRASSY CREEK", "SUBSTATION_NAME": "Jonathan's X Rd.", "wmType": "SECONDARY OVERHEAD", "WKT": "LINESTRING (-78.56799921141325 36.51831067657202, -78.56825793086007 36.51830032455459)" }, "geometry": { "type": "LineString", "coordinates": [ [ -78.567999211413252, 36.518310676572021 ], [ -78.568257930860071, 36.518300324554588 ] ] } },
{ "type": "Feature", "properties": { "FEEDER_NAME": "GRASSY CREEK", "SUBSTATION_NAME": "Jonathan's X Rd.", "wmType": "SECONDARY OVERHEAD", "WKT": "LINESTRING (-78.56825793086007 36.51830032455459, -78.56850383920796 36.51834492224848)" }, "geometry": { "type": "LineString", "coordinates": [ [ -78.568257930860071, 36.518300324554588 ], [ -78.568503839207963, 36.518344922248481 ] ] } },
{ "type": "Feature", "properties": { "FEEDER_NAME": "GRASSY CREEK", "SUBSTATION_NAME": "Jonathan's X Rd.", "wmType": "SECONDARY OVERHEAD", "WKT": "LINESTRING (-78.56896025292387 36.518958416098705, -78.56907998677724 36.51870449128177)" }, "geometry": { "type": "LineString", "coordinates": [ [ -78.568960252923873, 36.518958416098705 ], [ -78.56907998677724, 36.518704491281767 ] ] } },
{ "type": "Feature", "properties": { "FEEDER_NAME": "GRASSY CREEK", "SUBSTATION_NAME": "Jonathan's X Rd.", "wmType": "SECONDARY OVERHEAD", "WKT": "LINESTRING (-78.57177000725342 36.52062715789357, -78.57174399606069 36.52084647924075)" }, "geometry": { "type": "LineString", "coordinates": [ [ -78.57177000725342, 36.520627157893571 ], [ -78.57174399606069, 36.520846479240753 ] ] } },
{ "type": "Feature", "properties": { "FEEDER_NAME": "GRASSY CREEK", "SUBSTATION_NAME": "Jonathan's X Rd.", "wmType": "SECONDARY OVERHEAD", "WKT": "LINESTRING (-78.57174399606069 36.52084647924075, -78.571715139739 36.521042083839625)" }, "geometry": { "type": "LineString", "coordinates": [ [ -78.57174399606069, 36.520846479240753 ], [ -78.571715139738998, 36.521042083839625 ] ] } },
{ "type": "Feature", "properties": { "FEEDER_NAME": "GRASSY CREEK", "SUBSTATION_NAME": "Jonathan's X Rd.", "wmType": "SECONDARY OVERHEAD", "WKT": "LINESTRING (-78.57289146876286 36.519827067504735, -78.57272091254609 36.519945093900255)" }, "geometry": { "type": "LineString", "coordinates": [ [ -78.572891468762862, 36.519827067504735 ], [ -78.572720912546089, 36.519945093900255 ] ] } },
{ "type": "Feature", "properties": { "FEEDER_NAME": "GRASSY CREEK", "SUBSTATION_NAME": "Jonathan's X Rd.", "wmType": "SECONDARY OVERHEAD", "WKT": "LINESTRING (-78.57272091254609 36.519945093900255, -78.57259341033163 36.52003586401915)" }, "geometry": { "type": "LineString", "coordinates": [ [ -78.572720912546089, 36.519945093900255 ], [ -78.572593410331635, 36.52003586401915 ] ] } },
{ "type": "Feature", "properties": { "FEEDER_NAME": "GRASSY CREEK", "SUBSTATION_NAME": "Jonathan's X Rd.", "wmType": "SECONDARY OVERHEAD", "WKT": "LINESTRING (-78.5768087680483 36.51968112453486, -78.57696272198822 36.51989339276089)" }, "geometry": { "type": "LineString", "coordinates": [ [ -78.576808768048295, 36.519681124534863 ], [ -78.576962721988224, 36.519893392760892 ] ] } },
{ "type": "Feature", "properties": { "FEEDER_NAME": "GRASSY CREEK", "SUBSTATION_NAME": "Jonathan's X Rd.", "wmType": "SECONDARY OVERHEAD", "WKT": "LINESTRING (-78.58266944928684 36.51644632846733, -78.58241913285119 36.516458524315325)" }, "geometry": { "type": "LineString", "coordinates": [ [ -78.58266944928684, 36.516446328467332 ], [ -78.582419132851186, 36.516458524315325 ] ] } },
{ "type": "Feature", "properties": { "FEEDER_NAME": "GRASSY CREEK", "SUBSTATION_NAME": "Jonathan's X Rd.", "wmType": "SECONDARY OVERHEAD", "WKT": "LINESTRING (-78.58136865204828 36.52030053220549, -78.58115006983624 36.51996768989746)" }, "geometry": { "type": "LineString", "coordinates": [ [ -78.581368652048283, 36.520300532205489 ], [ -78.581150069836241, 36.519967689897463 ] ] } },
{ "type": "Feature", "properties": { "FEEDER_NAME": "GRASSY CREEK", "SUBSTATION_NAME": "Jonathan's X Rd.", "wmType": "SECONDARY OVERHEAD", "WKT": "LINESTRING (-78.58115006983624 36.51996768989746, -78.58088734821428 36.51969074699484)" }, "geometry": { "type": "LineString", "coordinates": [ [ -78.581150069836241, 36.519967689897463 ], [ -78.580887348214276, 36.51969074699484 ] ] } },
{ "type": "Feature", "properties": { "FEEDER_NAME": "GRASSY CREEK", "SUBSTATION_NAME": "Jonathan's X Rd.", "wmType": "SECONDARY OVERHEAD", "WKT": "LINESTRING (-78.58554713221343 36.521281590705314, -78.58546584350431 36.52128622840955)" }, "geometry": { "type": "LineString", "coordinates": [ [ -78.585547132213435, 36.521281590705314 ], [ -78.585465843504309, 36.521286228409551 ] ] } },
{ "type": "Feature", "properties": { "FEEDER_NAME": "GRASSY CREEK", "SUBSTATION_NAME": "Jonathan's X Rd.", "wmType": "SECONDARY OVERHEAD", "WKT": "LINESTRING (-78.58971172719792 36.52080125259995, -78.5898541915282 36.52063611810335)" }, "geometry": { "type": "LineString", "coordinates": [ [ -78.589711727197923, 36.520801252599952 ], [ -78.589854191528204, 36.520636118103347 ] ] } },
{ "type": "Feature", "properties": { "FEEDER_NAME": "GRASSY CREEK", "SUBSTATION_NAME": "Jonathan's X Rd.", "wmType": "SECONDARY OVERHEAD", "WKT": "LINESTRING (-78.5898541915282 36.52063611810335, -78.59019363688822 36.520530386122005)" }, "geometry": { "type": "LineString", "coordinates": [ [ -78.589854191528204, 36.520636118103347 ], [ -78.590193636888216, 36.520530386122005 ] ] } },
{ "type": "Feature", "properties": { "FEEDER_NAME": "GRASSY CREEK", "SUBSTATION_NAME": "Jonathan's X Rd.", "wmType": "SECONDARY OVERHEAD", "WKT": "LINESTRING (-78.59019363688822 36.520530386122005, -78.59041745091777 36.520468046908896)" }, "geometry": { "type": "LineString", "coordinates": [ [ -78.590193636888216, 36.520530386122005 ], [ -78.590417450917769, 36.520468046908896 ] ] } },
{ "type": "Feature", "properties": { "FEEDER_NAME": "GRASSY CREEK", "SUBSTATION_NAME": "Jonathan's X Rd.", "wmType": "SECONDARY OVERHEAD", "WKT": "LINESTRING (-78.59413474192915 36.52415535743309, -78.59403412980295 36.52391971497066)" }, "geometry": { "type": "LineString", "coordinates": [ [ -78.594134741929153, 36.524155357433088 ], [ -78.594034129802949, 36.52391971497066 ] ] } },
{ "type": "Feature", "properties": { "FEEDER_NAME": "GRASSY CREEK", "SUBSTATION_NAME": "Jonathan's X Rd.", "wmType": "SECONDARY OVERHEAD", "WKT": "LINESTRING (-78.59413474192915 36.52415535743309, -78.59382768868441 36.52434022145647)" }, "geometry": { "type": "LineString", "coordinates": [ [ -78.594134741929153, 36.524155357433088 ], [ -78.593827688684414, 36.52434022145647 ] ] } },
{ "type": "Feature", "properties": { "FEEDER_NAME": "GRASSY CREEK", "SUBSTATION_NAME": "Jonathan's X Rd.", "wmType": "SECONDARY OVERHEAD", "WKT": "LINESTRING (-78.59382768868441 36.52434022145647, -78.59363961931263 36.52433766477798)" }, "geometry": { "type": "LineString", "coordinates": [ [ -78.593827688684414, 36.52434022145647 ], [ -78.593639619312626, 36.524337664777981 ] ] } },
{ "type": "Feature", "properties": { "FEEDER_NAME": "GRASSY CREEK", "SUBSTATION_NAME": "Jonathan's X Rd.", "wmType": "SECONDARY OVERHEAD", "WKT": "LINESTRING (-78.59382768868441 36.52434022145647, -78.59363057869668 36.524456735386245)" }, "geometry": { "type": "LineString", "coordinates": [ [ -78.593827688684414, 36.52434022145647 ], [ -78.593630578696676, 36.524456735386245 ] ] } },
{ "type": "Feature", "properties": { "FEEDER_NAME": "GRASSY CREEK", "SUBSTATION_NAME": "Jonathan's X Rd.", "wmType": "SECONDARY OVERHEAD", "WKT": "LINESTRING (-78.59403412980295 36.52391971497066, -78.59401467972829 36.5239763613496)" }, "geometry": { "type": "LineString", "coordinates": [ [ -78.594034129802949, 36.52391971497066 ], [ -78.594014679728289, 36.523976361349597 ] ] } },
{ "type": "Feature", "properties": { "FEEDER_NAME": "GRASSY CREEK", "SUBSTATION_NAME": "Jonathan's X Rd.", "wmType": "SECONDARY OVERHEAD", "WKT": "LINESTRING (-78.59413474192915 36.52415535743309, -78.59434531979946 36.52396476454423)" }, "geometry": { "type": "LineString", "coordinates": [ [ -78.594134741929153, 36.524155357433088 ], [ -78.594345319799459, 36.523964764544232 ] ] } },
{ "type": "Feature", "properties": { "FEEDER_NAME": "GRASSY CREEK", "SUBSTATION_NAME": "Jonathan's X Rd.", "wmType": "SECONDARY OVERHEAD", "WKT": "LINESTRING (-78.59413474192915 36.52415535743309, -78.59449663539397 36.5242688251932)" }, "geometry": { "type": "LineString", "coordinates": [ [ -78.594134741929153, 36.524155357433088 ], [ -78.594496635393966, 36.524268825193197 ] ] } },
{ "type": "Feature", "properties": { "FEEDER_NAME": "GRASSY CREEK", "SUBSTATION_NAME": "Jonathan's X Rd.", "wmType": "SECONDARY OVERHEAD", "WKT": "LINESTRING (-78.59449663539397 36.5242688251932, -78.59447024132567 36.52429198087207)" }, "geometry": { "type": "LineString", "coordinates": [ [ -78.594496635393966, 36.524268825193197 ], [ -78.594470241325666, 36.524291980872071 ] ] } },
{ "type": "Feature", "properties": { "FEEDER_NAME": "GRASSY CREEK", "SUBSTATION_NAME": "Jonathan's X Rd.", "wmType": "SECONDARY OVERHEAD", "WKT": "LINESTRING (-78.59428724443625 36.52515223381383, -78.59424683378819 36.524961031986244)" }, "geometry": { "type": "LineString", "coordinates": [ [ -78.594287244436245, 36.525152233813827 ], [ -78.594246833788191, 36.524961031986244 ] ] } },
{ "type": "Feature", "properties": { "FEEDER_NAME": "GRASSY CREEK", "SUBSTATION_NAME": "Jonathan's X Rd.", "wmType": "SECONDARY OVERHEAD", "WKT": "LINESTRING (-78.59428724443625 36.52515223381383, -78.59443018274082 36.52511499701163)" }, "geometry": { "type": "LineString", "coordinates": [ [ -78.594287244436245, 36.525152233813827 ], [ -78.594430182740822, 36.525114997011627 ] ] } },
{ "type": "Feature", "properties": { "FEEDER_NAME": "GRASSY CREEK", "SUBSTATION_NAME": "Jonathan's X Rd.", "wmType": "SECONDARY OVERHEAD", "WKT": "LINESTRING (-78.59428724443625 36.52515223381383, -78.59412321569948 36.52531024210997)" }, "geometry": { "type": "LineString", "coordinates": [ [ -78.594287244436245, 36.525152233813827 ], [ -78.594123215699483, 36.525310242109967 ] ] } },
{ "type": "Feature", "properties": { "FEEDER_NAME": "GRASSY CREEK", "SUBSTATION_NAME": "Jonathan's X Rd.", "wmType": "SECONDARY OVERHEAD", "WKT": "LINESTRING (-78.59489647381798 36.524240425996695, -78.59512127599805 36.52451407847532)" }, "geometry": { "type": "LineString", "coordinates": [ [ -78.594896473817982, 36.524240425996695 ], [ -78.595121275998054, 36.52451407847532 ] ] } },
{ "type": "Feature", "properties": { "FEEDER_NAME": "GRASSY CREEK", "SUBSTATION_NAME": "Jonathan's X Rd.", "wmType": "SECONDARY OVERHEAD", "WKT": "LINESTRING (-78.59489647381798 36.524240425996695, -78.595263120942 36.524302246994196)" }, "geometry": { "type": "LineString", "coordinates": [ [ -78.594896473817982, 36.524240425996695 ], [ -78.595263120941993, 36.524302246994196 ] ] } },
{ "type": "Feature", "properties": { "FEEDER_NAME": "GRASSY CREEK", "SUBSTATION_NAME": "Jonathan's X Rd.", "wmType": "SECONDARY OVERHEAD", "WKT": "LINESTRING (-78.59553224075894 36.5235017270808, -78.59569765078474 36.523366707218926)" }, "geometry": { "type": "LineString", "coordinates": [ [ -78.595532240758942, 36.523501727080799 ], [ -78.595697650784743, 36.523366707218926 ] ] } },
{ "type": "Feature", "properties": { "FEEDER_NAME": "GRASSY CREEK", "SUBSTATION_NAME": "Jonathan's X Rd.", "wmType": "SECONDARY OVERHEAD", "WKT": "LINESTRING (-78.59684138542481 36.523009718809284, -78.59648991940456 36.522812637212034)" }, "geometry": { "type": "LineString", "coordinates": [ [ -78.59684138542481, 36.523009718809284 ], [ -78.596489919404561, 36.522812637212034 ] ] } },
{ "type": "Feature", "properties": { "FEEDER_NAME": "GRASSY CREEK", "SUBSTATION_NAME": "Jonathan's X Rd.", "wmType": "SECONDARY OVERHEAD", "WKT": "LINESTRING (-78.59648991940456 36.522812637212034, -78.59620844123387 36.52269152978404)" }, "geometry": { "type": "LineString", "coordinates": [ [ -78.596489919404561, 36.522812637212034 ], [ -78.59620844123387, 36.522691529784041 ] ] } },
{ "type": "Feature", "properties": { "FEEDER_NAME": "GRASSY CREEK", "SUBSTATION_NAME": "Jonathan's X Rd.", "wmType": "SECONDARY OVERHEAD", "WKT": "LINESTRING (-78.59743795712421 36.52757446189068, -78.59756500559968 36.52749676717611)" }, "geometry": { "type": "LineString", "coordinates": [ [ -78.597437957124214, 36.52757446189068 ], [ -78.597565005599677, 36.52749676717611 ] ] } },
{ "type": "Feature", "properties": { "FEEDER_NAME": "GRASSY CREEK", "SUBSTATION_NAME": "Jonathan's X Rd.", "wmType": "SECONDARY OVERHEAD", "WKT": "LINESTRING (-78.59380600340137 36.5280939244758, -78.59394611081744 36.527756770752426)" }, "geometry": { "type": "LineString", "coordinates": [ [ -78.593806003401369, 36.528093924475797 ], [ -78.593946110817441, 36.527756770752426 ] ] } },
{ "type": "Feature", "properties": { "FEEDER_NAME": "GRASSY CREEK", "SUBSTATION_NAME": "Jonathan's X Rd.", "wmType": "SECONDARY OVERHEAD", "WKT": "LINESTRING (-78.59394611081744 36.527756770752426, -78.59398129743522 36.527481531469356)" }, "geometry": { "type": "LineString", "coordinates": [ [ -78.593946110817441, 36.527756770752426 ], [ -78.593981297435221, 36.527481531469356 ] ] } },
{ "type": "Feature", "properties": { "FEEDER_NAME": "GRASSY CREEK", "SUBSTATION_NAME": "Jonathan's X Rd.", "wmType": "SECONDARY OVERHEAD", "WKT": "LINESTRING (-78.59380600340137 36.5280939244758, -78.59349134972726 36.52801637028814)" }, "geometry": { "type": "LineString", "coordinates": [ [ -78.593806003401369, 36.528093924475797 ], [ -78.593491349727259, 36.528016370288142 ] ] } },
{ "type": "Feature", "properties": { "FEEDER_NAME": "GRASSY CREEK", "SUBSTATION_NAME": "Jonathan's X Rd.", "wmType": "SECONDARY OVERHEAD", "WKT": "LINESTRING (-78.59413114667751 36.5284253921126, -78.59417501129039 36.52859998869364)" }, "geometry": { "type": "LineString", "coordinates": [ [ -78.594131146677512, 36.528425392112602 ], [ -78.594175011290389, 36.528599988693642 ] ] } },
{ "type": "Feature", "properties": { "FEEDER_NAME": "GRASSY CREEK", "SUBSTATION_NAME": "Jonathan's X Rd.", "wmType": "SECONDARY OVERHEAD", "WKT": "LINESTRING (-78.59413114667751 36.5284253921126, -78.59393771142612 36.528460621875645)" }, "geometry": { "type": "LineString", "coordinates": [ [ -78.594131146677512, 36.528425392112602 ], [ -78.593937711426122, 36.528460621875645 ] ] } },
{ "type": "Feature", "properties": { "FEEDER_NAME": "GRASSY CREEK", "SUBSTATION_NAME": "Jonathan's X Rd.", "wmType": "SECONDARY OVERHEAD", "WKT": "LINESTRING (-78.59393516383076 36.529863095582364, -78.59386656264228 36.530063494552955)" }, "geometry": { "type": "LineString", "coordinates": [ [ -78.593935163830764, 36.529863095582364 ], [ -78.593866562642276, 36.530063494552955 ] ] } },
{ "type": "Feature", "properties": { "FEEDER_NAME": "GRASSY CREEK", "SUBSTATION_NAME": "Jonathan's X Rd.", "wmType": "SECONDARY OVERHEAD", "WKT": "LINESTRING (-78.59386656264228 36.530063494552955, -78.59379048348285 36.530063609159676)" }, "geometry": { "type": "LineString", "coordinates": [ [ -78.593866562642276, 36.530063494552955 ], [ -78.593790483482849, 36.530063609159676 ] ] } },
{ "type": "Feature", "properties": { "FEEDER_NAME": "GRASSY CREEK", "SUBSTATION_NAME": "Jonathan's X Rd.", "wmType": "SECONDARY OVERHEAD", "WKT": "LINESTRING (-78.59393516383076 36.529863095582364, -78.59396244003527 36.530121403595935)" }, "geometry": { "type": "LineString", "coordinates": [ [ -78.593935163830764, 36.529863095582364 ], [ -78.59396244003527, 36.530121403595935 ] ] } },
{ "type": "Feature", "properties": { "FEEDER_NAME": "GRASSY CREEK", "SUBSTATION_NAME": "Jonathan's X Rd.", "wmType": "SECONDARY OVERHEAD", "WKT": "LINESTRING (-78.59396244003527 36.530121403595935, -78.59385962488041 36.53021103505877)" }, "geometry": { "type": "LineString", "coordinates": [ [ -78.59396244003527, 36.530121403595935 ], [ -78.593859624880409, 36.53021103505877 ] ] } },
{ "type": "Feature", "properties": { "FEEDER_NAME": "GRASSY CREEK", "SUBSTATION_NAME": "Jonathan's X Rd.", "wmType": "SECONDARY OVERHEAD", "WKT": "LINESTRING (-78.59396244003527 36.530121403595935, -78.59434304541176 36.53020076703747)" }, "geometry": { "type": "LineString", "coordinates": [ [ -78.59396244003527, 36.530121403595935 ], [ -78.594343045411762, 36.530200767037471 ] ] } },
{ "type": "Feature", "properties": { "FEEDER_NAME": "GRASSY CREEK", "SUBSTATION_NAME": "Jonathan's X Rd.", "wmType": "SECONDARY OVERHEAD", "WKT": "LINESTRING (-78.59427238669069 36.53256818585544, -78.5940730014606 36.532539981135756)" }, "geometry": { "type": "LineString", "coordinates": [ [ -78.59427238669069, 36.532568185855439 ], [ -78.5940730014606, 36.532539981135756 ] ] } },
{ "type": "Feature", "properties": { "FEEDER_NAME": "GRASSY CREEK", "SUBSTATION_NAME": "Jonathan's X Rd.", "wmType": "SECONDARY OVERHEAD", "WKT": "LINESTRING (-78.5940730014606 36.532539981135756, -78.59396143435657 36.53252407159763)" }, "geometry": { "type": "LineString", "coordinates": [ [ -78.5940730014606, 36.532539981135756 ], [ -78.593961434356572, 36.532524071597628 ] ] } },
{ "type": "Feature", "properties": { "FEEDER_NAME": "GRASSY CREEK", "SUBSTATION_NAME": "Jonathan's X Rd.", "wmType": "SECONDARY OVERHEAD", "WKT": "LINESTRING (-78.59427238669069 36.53256818585544, -78.59440115439763 36.53283871924745)" }, "geometry": { "type": "LineString", "coordinates": [ [ -78.59427238669069, 36.532568185855439 ], [ -78.59440115439763, 36.532838719247451 ] ] } },
{ "type": "Feature", "properties": { "FEEDER_NAME": "GRASSY CREEK", "SUBSTATION_NAME": "Jonathan's X Rd.", "wmType": "SECONDARY OVERHEAD", "WKT": "LINESTRING (-78.59440115439763 36.53283871924745, -78.5944379996076 36.53302908485361)" }, "geometry": { "type": "LineString", "coordinates": [ [ -78.59440115439763, 36.532838719247451 ], [ -78.594437999607607, 36.533029084853609 ] ] } },
{ "type": "Feature", "properties": { "FEEDER_NAME": "GRASSY CREEK", "SUBSTATION_NAME": "Jonathan's X Rd.", "wmType": "SECONDARY OVERHEAD", "WKT": "LINESTRING (-78.5944379996076 36.53302908485361, -78.59451430762905 36.53298894234233)" }, "geometry": { "type": "LineString", "coordinates": [ [ -78.594437999607607, 36.533029084853609 ], [ -78.594514307629055, 36.532988942342328 ] ] } },
{ "type": "Feature", "properties": { "FEEDER_NAME": "GRASSY CREEK", "SUBSTATION_NAME": "Jonathan's X Rd.", "wmType": "SECONDARY OVERHEAD", "WKT": "LINESTRING (-78.59427238669069 36.53256818585544, -78.59400886910704 36.532691206305316)" }, "geometry": { "type": "LineString", "coordinates": [ [ -78.59427238669069, 36.532568185855439 ], [ -78.594008869107043, 36.532691206305316 ] ] } },
{ "type": "Feature", "properties": { "FEEDER_NAME": "GRASSY CREEK", "SUBSTATION_NAME": "Jonathan's X Rd.", "wmType": "SECONDARY OVERHEAD", "WKT": "LINESTRING (-78.5947126088437 36.532025545882455, -78.59441080449969 36.5318668249112)" }, "geometry": { "type": "LineString", "coordinates": [ [ -78.594712608843693, 36.532025545882455 ], [ -78.594410804499688, 36.531866824911198 ] ] } },
{ "type": "Feature", "properties": { "FEEDER_NAME": "GRASSY CREEK", "SUBSTATION_NAME": "Jonathan's X Rd.", "wmType": "SECONDARY OVERHEAD", "WKT": "LINESTRING (-78.59441080449969 36.5318668249112, -78.59427957931109 36.53175269126945)" }, "geometry": { "type": "LineString", "coordinates": [ [ -78.594410804499688, 36.531866824911198 ], [ -78.594279579311092, 36.531752691269453 ] ] } },
{ "type": "Feature", "properties": { "FEEDER_NAME": "GRASSY CREEK", "SUBSTATION_NAME": "Jonathan's X Rd.", "wmType": "SECONDARY OVERHEAD", "WKT": "LINESTRING (-78.59427957931109 36.53175269126945, -78.59423906722819 36.53172613522766)" }, "geometry": { "type": "LineString", "coordinates": [ [ -78.594279579311092, 36.531752691269453 ], [ -78.594239067228187, 36.531726135227657 ] ] } },
{ "type": "Feature", "properties": { "FEEDER_NAME": "GRASSY CREEK", "SUBSTATION_NAME": "Jonathan's X Rd.", "wmType": "SECONDARY OVERHEAD", "WKT": "LINESTRING (-78.5969515530762 36.536963525927334, -78.59637355178232 36.537132526267136)" }, "geometry": { "type": "LineString", "coordinates": [ [ -78.596951553076195, 36.536963525927334 ], [ -78.596373551782321, 36.537132526267136 ] ] } },
{ "type": "Feature", "properties": { "FEEDER_NAME": "GRASSY CREEK", "SUBSTATION_NAME": "Jonathan's X Rd.", "wmType": "SECONDARY OVERHEAD", "WKT": "LINESTRING (-78.59637355178232 36.537132526267136, -78.59555855005608 36.53687952570796)" }, "geometry": { "type": "LineString", "coordinates": [ [ -78.596373551782321, 36.537132526267136 ], [ -78.595558550056083, 36.53687952570796 ] ] } },
{ "type": "Feature", "properties": { "FEEDER_NAME": "GRASSY CREEK", "SUBSTATION_NAME": "Jonathan's X Rd.", "wmType": "SECONDARY OVERHEAD", "WKT": "LINESTRING (-78.59555855005608 36.53687952570796, -78.59521654930485 36.537230525888575)" }, "geometry": { "type": "LineString", "coordinates": [ [ -78.595558550056083, 36.53687952570796 ], [ -78.595216549304851, 36.537230525888575 ] ] } },
{ "type": "Feature", "properties": { "FEEDER_NAME": "GRASSY CREEK", "SUBSTATION_NAME": "Jonathan's X Rd.", "wmType": "SECONDARY OVERHEAD", "WKT": "LINESTRING (-78.5969515530762 36.536963525927334, -78.59716455341466 36.536753525244904)" }, "geometry": { "type": "LineString", "coordinates": [ [ -78.596951553076195, 36.536963525927334 ], [ -78.597164553414657, 36.536753525244904 ] ] } },
{ "type": "Feature", "properties": { "FEEDER_NAME": "GRASSY CREEK", "SUBSTATION_NAME": "Jonathan's X Rd.", "wmType": "SECONDARY OVERHEAD", "WKT": "LINESTRING (-78.59606769008523 36.532575687392594, -78.59582560451173 36.532559100391964)" }, "geometry": { "type": "LineString", "coordinates": [ [ -78.596067690085235, 36.532575687392594 ], [ -78.595825604511731, 36.532559100391964 ] ] } },
{ "type": "Feature", "properties": { "FEEDER_NAME": "GRASSY CREEK", "SUBSTATION_NAME": "Jonathan's X Rd.", "wmType": "SECONDARY OVERHEAD", "WKT": "LINESTRING (-78.59582560451173 36.532559100391964, -78.59558894001225 36.53254047093628)" }, "geometry": { "type": "LineString", "coordinates": [ [ -78.595825604511731, 36.532559100391964 ], [ -78.595588940012249, 36.532540470936283 ] ] } },
{ "type": "Feature", "properties": { "FEEDER_NAME": "GRASSY CREEK", "SUBSTATION_NAME": "Jonathan's X Rd.", "wmType": "SECONDARY OVERHEAD", "WKT": "LINESTRING (-78.59558894001225 36.53254047093628, -78.59546104579074 36.5324265955449)" }, "geometry": { "type": "LineString", "coordinates": [ [ -78.595588940012249, 36.532540470936283 ], [ -78.595461045790742, 36.532426595544898 ] ] } },
{ "type": "Feature", "properties": { "FEEDER_NAME": "GRASSY CREEK", "SUBSTATION_NAME": "Jonathan's X Rd.", "wmType": "SECONDARY OVERHEAD", "WKT": "LINESTRING (-78.59606769008523 36.532575687392594, -78.5963205195029 36.53237811690594)" }, "geometry": { "type": "LineString", "coordinates": [ [ -78.596067690085235, 36.532575687392594 ], [ -78.596320519502896, 36.532378116905939 ] ] } },
{ "type": "Feature", "properties": { "FEEDER_NAME": "GRASSY CREEK", "SUBSTATION_NAME": "Jonathan's X Rd.", "wmType": "SECONDARY OVERHEAD", "WKT": "LINESTRING (-78.5963205195029 36.53237811690594, -78.59649400252505 36.53234633299452)" }, "geometry": { "type": "LineString", "coordinates": [ [ -78.596320519502896, 36.532378116905939 ], [ -78.596494002525048, 36.532346332994521 ] ] } },
{ "type": "Feature", "properties": { "FEEDER_NAME": "GRASSY CREEK", "SUBSTATION_NAME": "Jonathan's X Rd.", "wmType": "SECONDARY OVERHEAD", "WKT": "LINESTRING (-78.59606769008523 36.532575687392594, -78.59616029355126 36.532379183139014)" }, "geometry": { "type": "LineString", "coordinates": [ [ -78.596067690085235, 36.532575687392594 ], [ -78.596160293551264, 36.532379183139014 ] ] } },
{ "type": "Feature", "properties": { "FEEDER_NAME": "GRASSY CREEK", "SUBSTATION_NAME": "Jonathan's X Rd.", "wmType": "SECONDARY OVERHEAD", "WKT": "LINESTRING (-78.59616029355126 36.532379183139014, -78.5960963642745 36.532332596178065)" }, "geometry": { "type": "LineString", "coordinates": [ [ -78.596160293551264, 36.532379183139014 ], [ -78.596096364274501, 36.532332596178065 ] ] } },
{ "type": "Feature", "properties": { "FEEDER_NAME": "GRASSY CREEK", "SUBSTATION_NAME": "Jonathan's X Rd.", "wmType": "SECONDARY OVERHEAD", "WKT": "LINESTRING (-78.59646412454539 36.532008289705786, -78.59659356117247 36.531978092062644)" }, "geometry": { "type": "LineString", "coordinates": [ [ -78.596464124545392, 36.532008289705786 ], [ -78.596593561172469, 36.531978092062644 ] ] } },
{ "type": "Feature", "properties": { "FEEDER_NAME": "GRASSY CREEK", "SUBSTATION_NAME": "Jonathan's X Rd.", "wmType": "SECONDARY OVERHEAD", "WKT": "LINESTRING (-78.5945055827946 36.531241505357, -78.59444143168184 36.53132269751151)" }, "geometry": { "type": "LineString", "coordinates": [ [ -78.594505582794596, 36.531241505357002 ], [ -78.594441431681844, 36.531322697511513 ] ] } },
{ "type": "Feature", "properties": { "FEEDER_NAME": "GRASSY CREEK", "SUBSTATION_NAME": "Jonathan's X Rd.", "wmType": "SECONDARY OVERHEAD", "WKT": "LINESTRING (-78.5945055827946 36.531241505357, -78.59452456945414 36.53091249328293)" }, "geometry": { "type": "LineString", "coordinates": [ [ -78.594505582794596, 36.531241505357002 ], [ -78.594524569454137, 36.530912493282933 ] ] } },
{ "type": "Feature", "properties": { "FEEDER_NAME": "GRASSY CREEK", "SUBSTATION_NAME": "Jonathan's X Rd.", "wmType": "SECONDARY OVERHEAD", "WKT": "LINESTRING (-78.59452456945414 36.53091249328293, -78.59443569797402 36.53070061725276)" }, "geometry": { "type": "LineString", "coordinates": [ [ -78.594524569454137, 36.530912493282933 ], [ -78.594435697974021, 36.530700617252762 ] ] } },
{ "type": "Feature", "properties": { "FEEDER_NAME": "GRASSY CREEK", "SUBSTATION_NAME": "Jonathan's X Rd.", "wmType": "SECONDARY OVERHEAD", "WKT": "LINESTRING (-78.59443569797402 36.53070061725276, -78.59442220272123 36.5305619279934)" }, "geometry": { "type": "LineString", "coordinates": [ [ -78.594435697974021, 36.530700617252762 ], [ -78.594422202721233, 36.530561927993404 ] ] } },
{ "type": "Feature", "properties": { "FEEDER_NAME": "GRASSY CREEK", "SUBSTATION_NAME": "Jonathan's X Rd.", "wmType": "SECONDARY OVERHEAD", "WKT": "LINESTRING (-78.5945055827946 36.531241505357, -78.59426699437108 36.53127444494894)" }, "geometry": { "type": "LineString", "coordinates": [ [ -78.594505582794596, 36.531241505357002 ], [ -78.594266994371083, 36.531274444948941 ] ] } },
{ "type": "Feature", "properties": { "FEEDER_NAME": "GRASSY CREEK", "SUBSTATION_NAME": "Jonathan's X Rd.", "wmType": "SECONDARY OVERHEAD", "WKT": "LINESTRING (-78.59426699437108 36.53127444494894, -78.59414981048072 36.531270488401184)" }, "geometry": { "type": "LineString", "coordinates": [ [ -78.594266994371083, 36.531274444948941 ], [ -78.594149810480715, 36.531270488401184 ] ] } },
{ "type": "Feature", "properties": { "FEEDER_NAME": "GRASSY CREEK", "SUBSTATION_NAME": "Jonathan's X Rd.", "wmType": "SECONDARY OVERHEAD", "WKT": "LINESTRING (-78.59517505358544 36.531427885275946, -78.59518682516858 36.531623825079144)" }, "geometry": { "type": "LineString", "coordinates": [ [ -78.595175053585436, 36.531427885275946 ], [ -78.595186825168582, 36.531623825079144 ] ] } },
{ "type": "Feature", "properties": { "FEEDER_NAME": "GRASSY CREEK", "SUBSTATION_NAME": "Jonathan's X Rd.", "wmType": "SECONDARY OVERHEAD", "WKT": "LINESTRING (-78.59518682516858 36.531623825079144, -78.59516755262852 36.53178940901569)" }, "geometry": { "type": "LineString", "coordinates": [ [ -78.595186825168582, 36.531623825079144 ], [ -78.595167552628524, 36.531789409015687 ] ] } },
{ "type": "Feature", "properties": { "FEEDER_NAME": "GRASSY CREEK", "SUBSTATION_NAME": "Jonathan's X Rd.", "wmType": "SECONDARY OVERHEAD", "WKT": "LINESTRING (-78.59442154973605 36.52947550629447, -78.59427354814618 36.52927951065518)" }, "geometry": { "type": "LineString", "coordinates": [ [ -78.594421549736055, 36.529475506294467 ], [ -78.594273548146177, 36.529279510655179 ] ] } },
{ "type": "Feature", "properties": { "FEEDER_NAME": "GRASSY CREEK", "SUBSTATION_NAME": "Jonathan's X Rd.", "wmType": "SECONDARY OVERHEAD", "WKT": "LINESTRING (-78.59442154973605 36.52947550629447, -78.59403732752678 36.5294392221216)" }, "geometry": { "type": "LineString", "coordinates": [ [ -78.594421549736055, 36.529475506294467 ], [ -78.594037327526777, 36.529439222121603 ] ] } },
{ "type": "Feature", "properties": { "FEEDER_NAME": "GRASSY CREEK", "SUBSTATION_NAME": "Jonathan's X Rd.", "wmType": "SECONDARY OVERHEAD", "WKT": "LINESTRING (-78.59403732752678 36.5294392221216, -78.59383744190829 36.52942406162424)" }, "geometry": { "type": "LineString", "coordinates": [ [ -78.594037327526777, 36.529439222121603 ], [ -78.593837441908292, 36.52942406162424 ] ] } },
{ "type": "Feature", "properties": { "FEEDER_NAME": "GRASSY CREEK", "SUBSTATION_NAME": "Jonathan's X Rd.", "wmType": "SECONDARY OVERHEAD", "WKT": "LINESTRING (-78.59383744190829 36.52942406162424, -78.59372056329727 36.52948131231715)" }, "geometry": { "type": "LineString", "coordinates": [ [ -78.593837441908292, 36.52942406162424 ], [ -78.593720563297268, 36.529481312317152 ] ] } },
{ "type": "Feature", "properties": { "FEEDER_NAME": "GRASSY CREEK", "SUBSTATION_NAME": "Jonathan's X Rd.", "wmType": "SECONDARY OVERHEAD", "WKT": "LINESTRING (-78.59488257669113 36.52926349248713, -78.59464456298987 36.529244499887085)" }, "geometry": { "type": "LineString", "coordinates": [ [ -78.594882576691134, 36.529263492487132 ], [ -78.59464456298987, 36.529244499887085 ] ] } },
{ "type": "Feature", "properties": { "FEEDER_NAME": "GRASSY CREEK", "SUBSTATION_NAME": "Jonathan's X Rd.", "wmType": "SECONDARY OVERHEAD", "WKT": "LINESTRING (-78.59497180045327 36.526773613047524, -78.59513642303665 36.52701820167057)" }, "geometry": { "type": "LineString", "coordinates": [ [ -78.594971800453266, 36.526773613047524 ], [ -78.595136423036649, 36.527018201670572 ] ] } },
{ "type": "Feature", "properties": { "FEEDER_NAME": "GRASSY CREEK", "SUBSTATION_NAME": "Jonathan's X Rd.", "wmType": "SECONDARY OVERHEAD", "WKT": "LINESTRING (-78.60202496501574 36.52234823524468, -78.60231839875159 36.52232078672658)" }, "geometry": { "type": "LineString", "coordinates": [ [ -78.602024965015744, 36.522348235244678 ], [ -78.602318398751592, 36.522320786726581 ] ] } },
{ "type": "Feature", "properties": { "FEEDER_NAME": "GRASSY CREEK", "SUBSTATION_NAME": "Jonathan's X Rd.", "wmType": "SECONDARY OVERHEAD", "WKT": "LINESTRING (-78.608737268469 36.50726774390155, -78.60882063973828 36.50701824812949)" }, "geometry": { "type": "LineString", "coordinates": [ [ -78.608737268469, 36.507267743901551 ], [ -78.608820639738283, 36.507018248129491 ] ] } },
{ "type": "Feature", "properties": { "FEEDER_NAME": "GRASSY CREEK", "SUBSTATION_NAME": "Jonathan's X Rd.", "wmType": "SECONDARY OVERHEAD", "WKT": "LINESTRING (-78.61112421140373 36.50735136434146, -78.61113118444918 36.50747688815376)" }, "geometry": { "type": "LineString", "coordinates": [ [ -78.611124211403734, 36.50735136434146 ], [ -78.611131184449178, 36.507476888153761 ] ] } },
{ "type": "Feature", "properties": { "FEEDER_NAME": "GRASSY CREEK", "SUBSTATION_NAME": "Jonathan's X Rd.", "wmType": "SECONDARY OVERHEAD", "WKT": "LINESTRING (-78.6125441444066 36.50701355729226, -78.61261814274364 36.50679467905895)" }, "geometry": { "type": "LineString", "coordinates": [ [ -78.612544144406598, 36.507013557292261 ], [ -78.612618142743642, 36.506794679058949 ] ] } },
{ "type": "Feature", "properties": { "FEEDER_NAME": "GRASSY CREEK", "SUBSTATION_NAME": "Jonathan's X Rd.", "wmType": "SECONDARY OVERHEAD", "WKT": "LINESTRING (-78.61478115945752 36.50647310984069, -78.61459544188133 36.50658614829412)" }, "geometry": { "type": "LineString", "coordinates": [ [ -78.614781159457522, 36.506473109840691 ], [ -78.614595441881335, 36.506586148294119 ] ] } },
{ "type": "Feature", "properties": { "FEEDER_NAME": "GRASSY CREEK", "SUBSTATION_NAME": "Jonathan's X Rd.", "wmType": "SECONDARY OVERHEAD", "WKT": "LINESTRING (-78.61478115945752 36.50647310984069, -78.61443035729442 36.50632101029119)" }, "geometry": { "type": "LineString", "coordinates": [ [ -78.614781159457522, 36.506473109840691 ], [ -78.614430357294424, 36.506321010291188 ] ] } },
{ "type": "Feature", "properties": { "FEEDER_NAME": "GRASSY CREEK", "SUBSTATION_NAME": "Jonathan's X Rd.", "wmType": "SECONDARY OVERHEAD", "WKT": "LINESTRING (-78.61443035729442 36.50632101029119, -78.61429463372295 36.5059425644568)" }, "geometry": { "type": "LineString", "coordinates": [ [ -78.614430357294424, 36.506321010291188 ], [ -78.614294633722949, 36.505942564456802 ] ] } },
{ "type": "Feature", "properties": { "FEEDER_NAME": "GRASSY CREEK", "SUBSTATION_NAME": "Jonathan's X Rd.", "wmType": "SECONDARY OVERHEAD", "WKT": "LINESTRING (-78.61478115945752 36.50647310984069, -78.61471192543777 36.50624718933745)" }, "geometry": { "type": "LineString", "coordinates": [ [ -78.614781159457522, 36.506473109840691 ], [ -78.614711925437774, 36.506247189337451 ] ] } },
{ "type": "Feature", "properties": { "FEEDER_NAME": "GRASSY CREEK", "SUBSTATION_NAME": "Jonathan's X Rd.", "wmType": "SECONDARY OVERHEAD", "WKT": "LINESTRING (-78.61493018917254 36.50286510187374, -78.61458353364175 36.5029292168049)" }, "geometry": { "type": "LineString", "coordinates": [ [ -78.61493018917254, 36.502865101873738 ], [ -78.614583533641749, 36.502929216804901 ] ] } },
{ "type": "Feature", "properties": { "FEEDER_NAME": "GRASSY CREEK", "SUBSTATION_NAME": "Jonathan's X Rd.", "wmType": "SECONDARY OVERHEAD", "WKT": "LINESTRING (-78.61458353364175 36.5029292168049, -78.61459513672379 36.503098406384495)" }, "geometry": { "type": "LineString", "coordinates": [ [ -78.614583533641749, 36.502929216804901 ], [ -78.614595136723793, 36.503098406384495 ] ] } },
{ "type": "Feature", "properties": { "FEEDER_NAME": "GRASSY CREEK", "SUBSTATION_NAME": "Jonathan's X Rd.", "wmType": "SECONDARY OVERHEAD", "WKT": "LINESTRING (-78.61505853698372 36.50361706971955, -78.61493755045572 36.50339345947622)" }, "geometry": { "type": "LineString", "coordinates": [ [ -78.615058536983724, 36.503617069719553 ], [ -78.614937550455721, 36.503393459476221 ] ] } },
{ "type": "Feature", "properties": { "FEEDER_NAME": "GRASSY CREEK", "SUBSTATION_NAME": "Jonathan's X Rd.", "wmType": "SECONDARY OVERHEAD", "WKT": "LINESTRING (-78.61493755045572 36.50339345947622, -78.61466433308235 36.50340952195579)" }, "geometry": { "type": "LineString", "coordinates": [ [ -78.614937550455721, 36.503393459476221 ], [ -78.614664333082345, 36.503409521955788 ] ] } },
{ "type": "Feature", "properties": { "FEEDER_NAME": "GRASSY CREEK", "SUBSTATION_NAME": "Jonathan's X Rd.", "wmType": "SECONDARY OVERHEAD", "WKT": "LINESTRING (-78.61408460553592 36.502223598780965, -78.61421513005297 36.50246517473722)" }, "geometry": { "type": "LineString", "coordinates": [ [ -78.614084605535922, 36.502223598780965 ], [ -78.614215130052969, 36.502465174737218 ] ] } },
{ "type": "Feature", "properties": { "FEEDER_NAME": "GRASSY CREEK", "SUBSTATION_NAME": "Jonathan's X Rd.", "wmType": "SECONDARY OVERHEAD", "WKT": "LINESTRING (-78.61924994909243 36.50095551596981, -78.61960609380017 36.50106839902998)" }, "geometry": { "type": "LineString", "coordinates": [ [ -78.619249949092435, 36.500955515969807 ], [ -78.619606093800172, 36.501068399029982 ] ] } },
{ "type": "Feature", "properties": { "FEEDER_NAME": "GRASSY CREEK", "SUBSTATION_NAME": "Jonathan's X Rd.", "wmType": "SECONDARY OVERHEAD", "WKT": "LINESTRING (-78.61960609380017 36.50106839902998, -78.61966003458198 36.5011451942761)" }, "geometry": { "type": "LineString", "coordinates": [ [ -78.619606093800172, 36.501068399029982 ], [ -78.619660034581983, 36.501145194276098 ] ] } },
{ "type": "Feature", "properties": { "FEEDER_NAME": "GRASSY CREEK", "SUBSTATION_NAME": "Jonathan's X Rd.", "wmType": "SECONDARY OVERHEAD", "WKT": "LINESTRING (-78.61836634729866 36.49220678822483, -78.6186700675636 36.49212709482035)" }, "geometry": { "type": "LineString", "coordinates": [ [ -78.618366347298661, 36.492206788224827 ], [ -78.618670067563599, 36.492127094820347 ] ] } },
{ "type": "Feature", "properties": { "FEEDER_NAME": "GRASSY CREEK", "SUBSTATION_NAME": "Jonathan's X Rd.", "wmType": "SECONDARY OVERHEAD", "WKT": "LINESTRING (-78.6186700675636 36.49212709482035, -78.6189274543538 36.49204892944394)" }, "geometry": { "type": "LineString", "coordinates": [ [ -78.618670067563599, 36.492127094820347 ], [ -78.618927454353795, 36.492048929443939 ] ] } },
{ "type": "Feature", "properties": { "FEEDER_NAME": "GRASSY CREEK", "SUBSTATION_NAME": "Jonathan's X Rd.", "wmType": "SECONDARY OVERHEAD", "WKT": "LINESTRING (-78.6346796096239 36.48076260462013, -78.63436292413014 36.48070791395496)" }, "geometry": { "type": "LineString", "coordinates": [ [ -78.634679609623902, 36.480762604620132 ], [ -78.634362924130144, 36.480707913954959 ] ] } },
{ "type": "Feature", "properties": { "FEEDER_NAME": "GRASSY CREEK", "SUBSTATION_NAME": "Jonathan's X Rd.", "wmType": "SECONDARY OVERHEAD", "WKT": "LINESTRING (-78.6346796096239 36.48076260462013, -78.63449048975521 36.48088980129854)" }, "geometry": { "type": "LineString", "coordinates": [ [ -78.634679609623902, 36.480762604620132 ], [ -78.634490489755208, 36.480889801298538 ] ] } },
{ "type": "Feature", "properties": { "FEEDER_NAME": "GRASSY CREEK", "SUBSTATION_NAME": "Jonathan's X Rd.", "wmType": "SECONDARY OVERHEAD", "WKT": "LINESTRING (-78.63299357676638 36.479426746792356, -78.63272996820726 36.47933853893344)" }, "geometry": { "type": "LineString", "coordinates": [ [ -78.632993576766381, 36.479426746792356 ], [ -78.632729968207258, 36.47933853893344 ] ] } },
{ "type": "Feature", "properties": { "FEEDER_NAME": "GRASSY CREEK", "SUBSTATION_NAME": "Jonathan's X Rd.", "wmType": "SECONDARY OVERHEAD", "WKT": "LINESTRING (-78.63272996820726 36.47933853893344, -78.63272415261598 36.47908406324866)" }, "geometry": { "type": "LineString", "coordinates": [ [ -78.632729968207258, 36.47933853893344 ], [ -78.632724152615978, 36.479084063248663 ] ] } },
{ "type": "Feature", "properties": { "FEEDER_NAME": "GRASSY CREEK", "SUBSTATION_NAME": "Jonathan's X Rd.", "wmType": "SECONDARY OVERHEAD", "WKT": "LINESTRING (-78.63272996820726 36.47933853893344, -78.6325139532835 36.479061789386336)" }, "geometry": { "type": "LineString", "coordinates": [ [ -78.632729968207258, 36.47933853893344 ], [ -78.632513953283507, 36.479061789386336 ] ] } },
{ "type": "Feature", "properties": { "FEEDER_NAME": "GRASSY CREEK", "SUBSTATION_NAME": "Jonathan's X Rd.", "wmType": "SECONDARY OVERHEAD", "WKT": "LINESTRING (-78.63563420911359 36.48443300255237, -78.63528288108066 36.4844536846869)" }, "geometry": { "type": "LineString", "coordinates": [ [ -78.63563420911359, 36.484433002552372 ], [ -78.635282881080656, 36.484453684686898 ] ] } },
{ "type": "Feature", "properties": { "FEEDER_NAME": "GRASSY CREEK", "SUBSTATION_NAME": "Jonathan's X Rd.", "wmType": "SECONDARY OVERHEAD", "WKT": "LINESTRING (-78.63602949684822 36.48636343428658, -78.63579273411169 36.486162377935)" }, "geometry": { "type": "LineString", "coordinates": [ [ -78.636029496848224, 36.486363434286581 ], [ -78.635792734111689, 36.486162377935003 ] ] } },
{ "type": "Feature", "properties": { "FEEDER_NAME": "GRASSY CREEK", "SUBSTATION_NAME": "Jonathan's X Rd.", "wmType": "SECONDARY OVERHEAD", "WKT": "LINESTRING (-78.63579273411169 36.486162377935, -78.63559959657353 36.48607641730447)" }, "geometry": { "type": "LineString", "coordinates": [ [ -78.635792734111689, 36.486162377935003 ], [ -78.635599596573527, 36.486076417304467 ] ] } },
{ "type": "Feature", "properties": { "FEEDER_NAME": "GRASSY CREEK", "SUBSTATION_NAME": "Jonathan's X Rd.", "wmType": "SECONDARY OVERHEAD", "WKT": "LINESTRING (-78.64235703032006 36.48876239804188, -78.64229484389433 36.488859694919405)" }, "geometry": { "type": "LineString", "coordinates": [ [ -78.642357030320056, 36.488762398041878 ], [ -78.642294843894334, 36.488859694919405 ] ] } },
{ "type": "Feature", "properties": { "FEEDER_NAME": "GRASSY CREEK", "SUBSTATION_NAME": "Jonathan's X Rd.", "wmType": "SECONDARY OVERHEAD", "WKT": "LINESTRING (-78.64235703032006 36.48876239804188, -78.64194290166407 36.48873663932245)" }, "geometry": { "type": "LineString", "coordinates": [ [ -78.642357030320056, 36.488762398041878 ], [ -78.641942901664066, 36.488736639322447 ] ] } },
{ "type": "Feature", "properties": { "FEEDER_NAME": "GRASSY CREEK", "SUBSTATION_NAME": "Jonathan's X Rd.", "wmType": "SECONDARY OVERHEAD", "WKT": "LINESTRING (-78.64444719845426 36.48655975393253, -78.64433384054693 36.48667573452807)" }, "geometry": { "type": "LineString", "coordinates": [ [ -78.644447198454259, 36.486559753932532 ], [ -78.644333840546935, 36.48667573452807 ] ] } },
{ "type": "Feature", "properties": { "FEEDER_NAME": "GRASSY CREEK", "SUBSTATION_NAME": "Jonathan's X Rd.", "wmType": "SECONDARY OVERHEAD", "WKT": "LINESTRING (-78.62847749058422 36.48821572192458, -78.62847969706007 36.48803339051795)" }, "geometry": { "type": "LineString", "coordinates": [ [ -78.628477490584217, 36.488215721924583 ], [ -78.628479697060072, 36.488033390517948 ] ] } },
{ "type": "Feature", "properties": { "FEEDER_NAME": "GRASSY CREEK", "SUBSTATION_NAME": "Jonathan's X Rd.", "wmType": "SECONDARY OVERHEAD", "WKT": "LINESTRING (-78.62847969706007 36.48803339051795, -78.62823082069069 36.48786818272096)" }, "geometry": { "type": "LineString", "coordinates": [ [ -78.628479697060072, 36.488033390517948 ], [ -78.628230820690689, 36.487868182720959 ] ] } },
{ "type": "Feature", "properties": { "FEEDER_NAME": "GRASSY CREEK", "SUBSTATION_NAME": "Jonathan's X Rd.", "wmType": "SECONDARY OVERHEAD", "WKT": "LINESTRING (-78.61997340967974 36.49056108452669, -78.61960173573189 36.49044027202557)" }, "geometry": { "type": "LineString", "coordinates": [ [ -78.619973409679744, 36.490561084526689 ], [ -78.619601735731891, 36.490440272025573 ] ] } },
{ "type": "Feature", "properties": { "FEEDER_NAME": "GRASSY CREEK", "SUBSTATION_NAME": "Jonathan's X Rd.", "wmType": "SECONDARY OVERHEAD", "WKT": "LINESTRING (-78.61703416417788 36.4914745849291, -78.61694977383891 36.49124691446976)" }, "geometry": { "type": "LineString", "coordinates": [ [ -78.61703416417788, 36.491474584929101 ], [ -78.616949773838911, 36.491246914469762 ] ] } },
{ "type": "Feature", "properties": { "FEEDER_NAME": "GRASSY CREEK", "SUBSTATION_NAME": "Jonathan's X Rd.", "wmType": "SECONDARY OVERHEAD", "WKT": "LINESTRING (-78.61694977383891 36.49124691446976, -78.61681844509985 36.49127651265628)" }, "geometry": { "type": "LineString", "coordinates": [ [ -78.616949773838911, 36.491246914469762 ], [ -78.616818445099852, 36.491276512656277 ] ] } },
{ "type": "Feature", "properties": { "FEEDER_NAME": "GRASSY CREEK", "SUBSTATION_NAME": "Jonathan's X Rd.", "wmType": "SECONDARY OVERHEAD", "WKT": "LINESTRING (-78.61569579387884 36.49188174705262, -78.61548452940782 36.49152042062916)" }, "geometry": { "type": "LineString", "coordinates": [ [ -78.615695793878842, 36.491881747052624 ], [ -78.615484529407823, 36.491520420629158 ] ] } },
{ "type": "Feature", "properties": { "FEEDER_NAME": "GRASSY CREEK", "SUBSTATION_NAME": "Jonathan's X Rd.", "wmType": "SECONDARY OVERHEAD", "WKT": "LINESTRING (-78.61498222052093 36.49209840773166, -78.61500685541414 36.49228076767595)" }, "geometry": { "type": "LineString", "coordinates": [ [ -78.614982220520929, 36.49209840773166 ], [ -78.615006855414137, 36.49228076767595 ] ] } },
{ "type": "Feature", "properties": { "FEEDER_NAME": "GRASSY CREEK", "SUBSTATION_NAME": "Jonathan's X Rd.", "wmType": "SECONDARY OVERHEAD", "WKT": "LINESTRING (-78.61498222052093 36.49209840773166, -78.61530428163962 36.49196118638565)" }, "geometry": { "type": "LineString", "coordinates": [ [ -78.614982220520929, 36.49209840773166 ], [ -78.615304281639624, 36.491961186385652 ] ] } },
{ "type": "Feature", "properties": { "FEEDER_NAME": "GRASSY CREEK", "SUBSTATION_NAME": "Jonathan's X Rd.", "wmType": "SECONDARY OVERHEAD", "WKT": "LINESTRING (-78.61234081221993 36.492924401439, -78.6122009143543 36.49270918582426)" }, "geometry": { "type": "LineString", "coordinates": [ [ -78.612340812219927, 36.492924401438998 ], [ -78.612200914354304, 36.49270918582426 ] ] } },
{ "type": "Feature", "properties": { "FEEDER_NAME": "GRASSY CREEK", "SUBSTATION_NAME": "Jonathan's X Rd.", "wmType": "SECONDARY OVERHEAD", "WKT": "LINESTRING (-78.61234081221993 36.492924401439, -78.61239555904353 36.49273086573499)" }, "geometry": { "type": "LineString", "coordinates": [ [ -78.612340812219927, 36.492924401438998 ], [ -78.612395559043534, 36.492730865734991 ] ] } },
{ "type": "Feature", "properties": { "FEEDER_NAME": "GRASSY CREEK", "SUBSTATION_NAME": "Jonathan's X Rd.", "wmType": "SECONDARY OVERHEAD", "WKT": "LINESTRING (-78.61239555904353 36.49273086573499, -78.61249506238015 36.49259805447752)" }, "geometry": { "type": "LineString", "coordinates": [ [ -78.612395559043534, 36.492730865734991 ], [ -78.612495062380148, 36.492598054477519 ] ] } },
{ "type": "Feature", "properties": { "FEEDER_NAME": "GRASSY CREEK", "SUBSTATION_NAME": "Jonathan's X Rd.", "wmType": "SECONDARY OVERHEAD", "WKT": "LINESTRING (-78.5981227097565 36.487050791080485, -78.59801811750867 36.4873500891621)" }, "geometry": { "type": "LineString", "coordinates": [ [ -78.598122709756495, 36.487050791080485 ], [ -78.598018117508673, 36.487350089162099 ] ] } },
{ "type": "Feature", "properties": { "FEEDER_NAME": "GRASSY CREEK", "SUBSTATION_NAME": "Jonathan's X Rd.", "wmType": "SECONDARY OVERHEAD", "WKT": "LINESTRING (-78.59801811750867 36.4873500891621, -78.5979728428016 36.48752711632722)" }, "geometry": { "type": "LineString", "coordinates": [ [ -78.598018117508673, 36.487350089162099 ], [ -78.597972842801596, 36.487527116327222 ] ] } },
{ "type": "Feature", "properties": { "FEEDER_NAME": "GRASSY CREEK", "SUBSTATION_NAME": "Jonathan's X Rd.", "wmType": "SECONDARY OVERHEAD", "WKT": "LINESTRING (-78.5979728428016 36.48752711632722, -78.59791870047172 36.48770290882169)" }, "geometry": { "type": "LineString", "coordinates": [ [ -78.597972842801596, 36.487527116327222 ], [ -78.597918700471723, 36.487702908821689 ] ] } },
{ "type": "Feature", "properties": { "FEEDER_NAME": "GRASSY CREEK", "SUBSTATION_NAME": "Jonathan's X Rd.", "wmType": "SECONDARY OVERHEAD", "WKT": "LINESTRING (-78.59727162255045 36.46574525636717, -78.59722198289568 36.46552389575554)" }, "geometry": { "type": "LineString", "coordinates": [ [ -78.597271622550451, 36.465745256367171 ], [ -78.597221982895675, 36.465523895755538 ] ] } },
{ "type": "Feature", "properties": { "FEEDER_NAME": "GRASSY CREEK", "SUBSTATION_NAME": "Jonathan's X Rd.", "wmType": "SECONDARY OVERHEAD", "WKT": "LINESTRING (-78.59832553015491 36.47233424075833, -78.59838934548922 36.4724717919048)" }, "geometry": { "type": "LineString", "coordinates": [ [ -78.598325530154909, 36.472334240758329 ], [ -78.598389345489224, 36.472471791904802 ] ] } },
{ "type": "Feature", "properties": { "FEEDER_NAME": "GRASSY CREEK", "SUBSTATION_NAME": "Jonathan's X Rd.", "wmType": "SECONDARY OVERHEAD", "WKT": "LINESTRING (-78.59497295714398 36.471879047739016, -78.59482353042043 36.472115633086894)" }, "geometry": { "type": "LineString", "coordinates": [ [ -78.59497295714398, 36.471879047739016 ], [ -78.594823530420427, 36.472115633086894 ] ] } },
{ "type": "Feature", "properties": { "FEEDER_NAME": "GRASSY CREEK", "SUBSTATION_NAME": "Jonathan's X Rd.", "wmType": "SECONDARY OVERHEAD", "WKT": "LINESTRING (-78.59482353042043 36.472115633086894, -78.59485063763182 36.472261444238946)" }, "geometry": { "type": "LineString", "coordinates": [ [ -78.594823530420427, 36.472115633086894 ], [ -78.594850637631822, 36.472261444238946 ] ] } },
{ "type": "Feature", "properties": { "FEEDER_NAME": "GRASSY CREEK", "SUBSTATION_NAME": "Jonathan's X Rd.", "wmType": "SECONDARY OVERHEAD", "WKT": "LINESTRING (-78.59388103018645 36.47207313811297, -78.59389376513191 36.47180144137292)" }, "geometry": { "type": "LineString", "coordinates": [ [ -78.593881030186452, 36.472073138112968 ], [ -78.593893765131909, 36.471801441372918 ] ] } },
{ "type": "Feature", "properties": { "FEEDER_NAME": "GRASSY CREEK", "SUBSTATION_NAME": "Jonathan's X Rd.", "wmType": "SECONDARY OVERHEAD", "WKT": "LINESTRING (-78.59389376513191 36.47180144137292, -78.59364950235303 36.471606621520245)" }, "geometry": { "type": "LineString", "coordinates": [ [ -78.593893765131909, 36.471801441372918 ], [ -78.593649502353031, 36.471606621520245 ] ] } },
{ "type": "Feature", "properties": { "FEEDER_NAME": "GRASSY CREEK", "SUBSTATION_NAME": "Jonathan's X Rd.", "wmType": "SECONDARY OVERHEAD", "WKT": "LINESTRING (-78.59185977513417 36.4718741055185, -78.59172875265745 36.472015116581396)" }, "geometry": { "type": "LineString", "coordinates": [ [ -78.591859775134168, 36.471874105518502 ], [ -78.591728752657446, 36.472015116581396 ] ] } },
{ "type": "Feature", "properties": { "FEEDER_NAME": "GRASSY CREEK", "SUBSTATION_NAME": "Jonathan's X Rd.", "wmType": "SECONDARY OVERHEAD", "WKT": "LINESTRING (-78.59311695566603 36.470999860606916, -78.59294685951076 36.470839149185615)" }, "geometry": { "type": "LineString", "coordinates": [ [ -78.593116955666034, 36.470999860606916 ], [ -78.592946859510761, 36.470839149185615 ] ] } },
{ "type": "Feature", "properties": { "FEEDER_NAME": "GRASSY CREEK", "SUBSTATION_NAME": "Jonathan's X Rd.", "wmType": "SECONDARY OVERHEAD", "WKT": "LINESTRING (-78.59294685951076 36.470839149185615, -78.59272296580853 36.470769135984774)" }, "geometry": { "type": "LineString", "coordinates": [ [ -78.592946859510761, 36.470839149185615 ], [ -78.592722965808534, 36.470769135984774 ] ] } },
{ "type": "Feature", "properties": { "FEEDER_NAME": "GRASSY CREEK", "SUBSTATION_NAME": "Jonathan's X Rd.", "wmType": "SECONDARY OVERHEAD", "WKT": "LINESTRING (-78.59017198715122 36.471010483019455, -78.58988477455924 36.47126352080305)" }, "geometry": { "type": "LineString", "coordinates": [ [ -78.590171987151223, 36.471010483019455 ], [ -78.589884774559238, 36.471263520803049 ] ] } },
{ "type": "Feature", "properties": { "FEEDER_NAME": "GRASSY CREEK", "SUBSTATION_NAME": "Jonathan's X Rd.", "wmType": "SECONDARY OVERHEAD", "WKT": "LINESTRING (-78.59017198715122 36.471010483019455, -78.5900308717093 36.47108236560432)" }, "geometry": { "type": "LineString", "coordinates": [ [ -78.590171987151223, 36.471010483019455 ], [ -78.590030871709303, 36.471082365604317 ] ] } },
{ "type": "Feature", "properties": { "FEEDER_NAME": "GRASSY CREEK", "SUBSTATION_NAME": "Jonathan's X Rd.", "wmType": "SECONDARY OVERHEAD", "WKT": "LINESTRING (-78.58497371741588 36.45845879062129, -78.58526541189289 36.45885192402764)" }, "geometry": { "type": "LineString", "coordinates": [ [ -78.584973717415878, 36.458458790621293 ], [ -78.585265411892891, 36.458851924027641 ] ] } },
{ "type": "Feature", "properties": { "FEEDER_NAME": "GRASSY CREEK", "SUBSTATION_NAME": "Jonathan's X Rd.", "wmType": "SECONDARY OVERHEAD", "WKT": "LINESTRING (-78.58526541189289 36.45885192402764, -78.58538036007528 36.45896008371873)" }, "geometry": { "type": "LineString", "coordinates": [ [ -78.585265411892891, 36.458851924027641 ], [ -78.585380360075277, 36.458960083718729 ] ] } },
{ "type": "Feature", "properties": { "FEEDER_NAME": "GRASSY CREEK", "SUBSTATION_NAME": "Jonathan's X Rd.", "wmType": "SECONDARY OVERHEAD", "WKT": "LINESTRING (-78.5849971871452 36.459494939751224, -78.58527667178947 36.45974485440946)" }, "geometry": { "type": "LineString", "coordinates": [ [ -78.584997187145206, 36.459494939751224 ], [ -78.585276671789472, 36.459744854409458 ] ] } },
{ "type": "Feature", "properties": { "FEEDER_NAME": "GRASSY CREEK", "SUBSTATION_NAME": "Jonathan's X Rd.", "wmType": "SECONDARY OVERHEAD", "WKT": "LINESTRING (-78.58527667178947 36.45974485440946, -78.5854757943074 36.459870497930105)" }, "geometry": { "type": "LineString", "coordinates": [ [ -78.585276671789472, 36.459744854409458 ], [ -78.585475794307399, 36.459870497930105 ] ] } },
{ "type": "Feature", "properties": { "FEEDER_NAME": "GRASSY CREEK", "SUBSTATION_NAME": "Jonathan's X Rd.", "wmType": "SECONDARY OVERHEAD", "WKT": "LINESTRING (-78.58543140766403 36.46070539486388, -78.58563269060471 36.460568033608745)" }, "geometry": { "type": "LineString", "coordinates": [ [ -78.585431407664032, 36.460705394863879 ], [ -78.585632690604712, 36.460568033608745 ] ] } },
{ "type": "Feature", "properties": { "FEEDER_NAME": "GRASSY CREEK", "SUBSTATION_NAME": "Jonathan's X Rd.", "wmType": "SECONDARY OVERHEAD", "WKT": "LINESTRING (-78.58563269060471 36.460568033608745, -78.58572334996644 36.46036314298831)" }, "geometry": { "type": "LineString", "coordinates": [ [ -78.585632690604712, 36.460568033608745 ], [ -78.585723349966443, 36.460363142988307 ] ] } },
{ "type": "Feature", "properties": { "FEEDER_NAME": "GRASSY CREEK", "SUBSTATION_NAME": "Jonathan's X Rd.", "wmType": "SECONDARY OVERHEAD", "WKT": "LINESTRING (-78.58829323767534 36.46790686247943, -78.58852631228359 36.46785861781247)" }, "geometry": { "type": "LineString", "coordinates": [ [ -78.588293237675344, 36.467906862479431 ], [ -78.588526312283591, 36.467858617812468 ] ] } },
{ "type": "Feature", "properties": { "FEEDER_NAME": "GRASSY CREEK", "SUBSTATION_NAME": "Jonathan's X Rd.", "wmType": "SECONDARY OVERHEAD", "WKT": "LINESTRING (-78.58852631228359 36.46785861781247, -78.58852785435596 36.46785856260266, -78.58886108775754 36.467846483229344)" }, "geometry": { "type": "LineString", "coordinates": [ [ -78.588526312283591, 36.467858617812468 ], [ -78.588527854355959, 36.467858562602657 ], [ -78.588861087757536, 36.467846483229344 ] ] } },
{ "type": "Feature", "properties": { "FEEDER_NAME": "GRASSY CREEK", "SUBSTATION_NAME": "Jonathan's X Rd.", "wmType": "SECONDARY OVERHEAD", "WKT": "LINESTRING (-78.58852631228359 36.46785861781247, -78.58883695898729 36.46780386420459)" }, "geometry": { "type": "LineString", "coordinates": [ [ -78.588526312283591, 36.467858617812468 ], [ -78.588836958987287, 36.467803864204591 ] ] } },
{ "type": "Feature", "properties": { "FEEDER_NAME": "GRASSY CREEK", "SUBSTATION_NAME": "Jonathan's X Rd.", "wmType": "SECONDARY OVERHEAD", "WKT": "LINESTRING (-78.63264352510062 36.498173100313075, -78.63312362592376 36.497836680830694)" }, "geometry": { "type": "LineString", "coordinates": [ [ -78.632643525100619, 36.498173100313075 ], [ -78.633123625923758, 36.497836680830694 ] ] } },
{ "type": "Feature", "properties": { "FEEDER_NAME": "GRASSY CREEK", "SUBSTATION_NAME": "Jonathan's X Rd.", "wmType": "SECONDARY OVERHEAD", "WKT": "LINESTRING (-78.58811054760992 36.47090254847552, -78.58803567597714 36.47080537905949)" }, "geometry": { "type": "LineString", "coordinates": [ [ -78.588110547609915, 36.470902548475522 ], [ -78.588035675977139, 36.470805379059492 ] ] } },
{ "type": "Feature", "properties": { "FEEDER_NAME": "GRASSY CREEK", "SUBSTATION_NAME": "Jonathan's X Rd.", "wmType": "SECONDARY OVERHEAD", "WKT": "LINESTRING (-78.58811054760992 36.47090254847552, -78.58776526428291 36.47063627117541)" }, "geometry": { "type": "LineString", "coordinates": [ [ -78.588110547609915, 36.470902548475522 ], [ -78.587765264282908, 36.470636271175408 ] ] } },
{ "type": "Feature", "properties": { "FEEDER_NAME": "GRASSY CREEK", "SUBSTATION_NAME": "Jonathan's X Rd.", "wmType": "SECONDARY OVERHEAD", "WKT": "LINESTRING (-78.57613174958027 36.48349991844752, -78.57632279760139 36.483742596873235)" }, "geometry": { "type": "LineString", "coordinates": [ [ -78.57613174958027, 36.483499918447521 ], [ -78.576322797601392, 36.483742596873235 ] ] } },
{ "type": "Feature", "properties": { "FEEDER_NAME": "GRASSY CREEK", "SUBSTATION_NAME": "Jonathan's X Rd.", "wmType": "SECONDARY OVERHEAD", "WKT": "LINESTRING (-78.57632279760139 36.483742596873235, -78.57655698841518 36.483810852874704)" }, "geometry": { "type": "LineString", "coordinates": [ [ -78.576322797601392, 36.483742596873235 ], [ -78.576556988415177, 36.483810852874704 ] ] } },
{ "type": "Feature", "properties": { "FEEDER_NAME": "GRASSY CREEK", "SUBSTATION_NAME": "Jonathan's X Rd.", "wmType": "SECONDARY OVERHEAD", "WKT": "LINESTRING (-78.57027642702717 36.484282193660434, -78.57019292122146 36.48458832676295)" }, "geometry": { "type": "LineString", "coordinates": [ [ -78.570276427027167, 36.484282193660434 ], [ -78.570192921221462, 36.484588326762953 ] ] } },
{ "type": "Feature", "properties": { "FEEDER_NAME": "GRASSY CREEK", "SUBSTATION_NAME": "Jonathan's X Rd.", "wmType": "SECONDARY OVERHEAD", "WKT": "LINESTRING (-78.57054579312168 36.48298130243035, -78.57059328878485 36.482724204854655)" }, "geometry": { "type": "LineString", "coordinates": [ [ -78.570545793121681, 36.482981302430353 ], [ -78.570593288784849, 36.482724204854655 ] ] } },
{ "type": "Feature", "properties": { "FEEDER_NAME": "GRASSY CREEK", "SUBSTATION_NAME": "Jonathan's X Rd.", "wmType": "SECONDARY OVERHEAD", "WKT": "LINESTRING (-78.57059328878485 36.482724204854655, -78.57047880875872 36.482585582541816)" }, "geometry": { "type": "LineString", "coordinates": [ [ -78.570593288784849, 36.482724204854655 ], [ -78.570478808758722, 36.482585582541816 ] ] } },
{ "type": "Feature", "properties": { "FEEDER_NAME": "GRASSY CREEK", "SUBSTATION_NAME": "Jonathan's X Rd.", "wmType": "SECONDARY OVERHEAD", "WKT": "LINESTRING (-78.56879846452141 36.484441286162046, -78.5686446313627 36.48452660812729)" }, "geometry": { "type": "LineString", "coordinates": [ [ -78.568798464521407, 36.484441286162046 ], [ -78.568644631362702, 36.48452660812729 ] ] } },
{ "type": "Feature", "properties": { "FEEDER_NAME": "GRASSY CREEK", "SUBSTATION_NAME": "Jonathan's X Rd.", "wmType": "SECONDARY OVERHEAD", "WKT": "LINESTRING (-78.56178600408194 36.49126299301592, -78.56186701108064 36.49107899263865)" }, "geometry": { "type": "LineString", "coordinates": [ [ -78.561786004081938, 36.491262993015923 ], [ -78.561867011080636, 36.491078992638649 ] ] } },
{ "type": "Feature", "properties": { "FEEDER_NAME": "GRASSY CREEK", "SUBSTATION_NAME": "Jonathan's X Rd.", "wmType": "SECONDARY OVERHEAD", "WKT": "LINESTRING (-78.56186701108064 36.49107899263865, -78.56176374326044 36.49076718423873)" }, "geometry": { "type": "LineString", "coordinates": [ [ -78.561867011080636, 36.491078992638649 ], [ -78.561763743260443, 36.490767184238727 ] ] } },
{ "type": "Feature", "properties": { "FEEDER_NAME": "GRASSY CREEK", "SUBSTATION_NAME": "Jonathan's X Rd.", "wmType": "SECONDARY OVERHEAD", "WKT": "LINESTRING (-78.56176374326044 36.49076718423873, -78.5616899998439 36.49060000038057)" }, "geometry": { "type": "LineString", "coordinates": [ [ -78.561763743260443, 36.490767184238727 ], [ -78.561689999843907, 36.490600000380567 ] ] } },
{ "type": "Feature", "properties": { "FEEDER_NAME": "GRASSY CREEK", "SUBSTATION_NAME": "Jonathan's X Rd.", "wmType": "SECONDARY OVERHEAD", "WKT": "LINESTRING (-78.56186701108064 36.49107899263865, -78.56179399961611 36.49109300000096)" }, "geometry": { "type": "LineString", "coordinates": [ [ -78.561867011080636, 36.491078992638649 ], [ -78.561793999616114, 36.491093000000959 ] ] } },
{ "type": "Feature", "properties": { "FEEDER_NAME": "GRASSY CREEK", "SUBSTATION_NAME": "Jonathan's X Rd.", "wmType": "SECONDARY OVERHEAD", "WKT": "LINESTRING (-78.56178600408194 36.49126299301592, -78.56167830126189 36.49142652490796)" }, "geometry": { "type": "LineString", "coordinates": [ [ -78.561786004081938, 36.491262993015923 ], [ -78.561678301261892, 36.491426524907958 ] ] } },
{ "type": "Feature", "properties": { "FEEDER_NAME": "GRASSY CREEK", "SUBSTATION_NAME": "Jonathan's X Rd.", "wmType": "SECONDARY OVERHEAD", "WKT": "LINESTRING (-78.56034074574221 36.492446451463486, -78.5601086777097 36.49239780237473)" }, "geometry": { "type": "LineString", "coordinates": [ [ -78.560340745742209, 36.492446451463486 ], [ -78.560108677709707, 36.492397802374732 ] ] } },
{ "type": "Feature", "properties": { "FEEDER_NAME": "GRASSY CREEK", "SUBSTATION_NAME": "Jonathan's X Rd.", "wmType": "SECONDARY OVERHEAD", "WKT": "LINESTRING (-78.57039447221366 36.49272428699244, -78.57048542763937 36.4925086225332)" }, "geometry": { "type": "LineString", "coordinates": [ [ -78.570394472213664, 36.492724286992441 ], [ -78.570485427639369, 36.492508622533201 ] ] } },
{ "type": "Feature", "properties": { "FEEDER_NAME": "GRASSY CREEK", "SUBSTATION_NAME": "Jonathan's X Rd.", "wmType": "SECONDARY OVERHEAD", "WKT": "LINESTRING (-78.57039447221366 36.49272428699244, -78.57039593894027 36.4931106650615)" }, "geometry": { "type": "LineString", "coordinates": [ [ -78.570394472213664, 36.492724286992441 ], [ -78.570395938940266, 36.493110665061501 ] ] } },
{ "type": "Feature", "properties": { "FEEDER_NAME": "GRASSY CREEK", "SUBSTATION_NAME": "Jonathan's X Rd.", "wmType": "SECONDARY OVERHEAD", "WKT": "LINESTRING (-78.57039593894027 36.4931106650615, -78.57049294160097 36.493314972180734)" }, "geometry": { "type": "LineString", "coordinates": [ [ -78.570395938940266, 36.493110665061501 ], [ -78.570492941600975, 36.493314972180734 ] ] } },
{ "type": "Feature", "properties": { "FEEDER_NAME": "GRASSY CREEK", "SUBSTATION_NAME": "Jonathan's X Rd.", "wmType": "SECONDARY OVERHEAD", "WKT": "LINESTRING (-78.57039593894027 36.4931106650615, -78.57042922059331 36.49334263859891)" }, "geometry": { "type": "LineString", "coordinates": [ [ -78.570395938940266, 36.493110665061501 ], [ -78.570429220593311, 36.493342638598911 ] ] } },
{ "type": "Feature", "properties": { "FEEDER_NAME": "GRASSY CREEK", "SUBSTATION_NAME": "Jonathan's X Rd.", "wmType": "SECONDARY OVERHEAD", "WKT": "LINESTRING (-78.56947418937678 36.492764681442964, -78.56944987962721 36.49249678804228)" }, "geometry": { "type": "LineString", "coordinates": [ [ -78.569474189376777, 36.492764681442964 ], [ -78.569449879627214, 36.492496788042281 ] ] } },
{ "type": "Feature", "properties": { "FEEDER_NAME": "GRASSY CREEK", "SUBSTATION_NAME": "Jonathan's X Rd.", "wmType": "SECONDARY OVERHEAD", "WKT": "LINESTRING (-78.56947418937678 36.492764681442964, -78.56980705041661 36.49252539305622)" }, "geometry": { "type": "LineString", "coordinates": [ [ -78.569474189376777, 36.492764681442964 ], [ -78.569807050416614, 36.492525393056219 ] ] } },
{ "type": "Feature", "properties": { "FEEDER_NAME": "GRASSY CREEK", "SUBSTATION_NAME": "Jonathan's X Rd.", "wmType": "SECONDARY OVERHEAD", "WKT": "LINESTRING (-78.56980705041661 36.49252539305622, -78.57014472320832 36.492423541149854)" }, "geometry": { "type": "LineString", "coordinates": [ [ -78.569807050416614, 36.492525393056219 ], [ -78.570144723208315, 36.492423541149854 ] ] } },
{ "type": "Feature", "properties": { "FEEDER_NAME": "GRASSY CREEK", "SUBSTATION_NAME": "Jonathan's X Rd.", "wmType": "SECONDARY OVERHEAD", "WKT": "LINESTRING (-78.56947418937678 36.492764681442964, -78.56960649583182 36.49290612085703)" }, "geometry": { "type": "LineString", "coordinates": [ [ -78.569474189376777, 36.492764681442964 ], [ -78.56960649583182, 36.492906120857029 ] ] } },
{ "type": "Feature", "properties": { "FEEDER_NAME": "GRASSY CREEK", "SUBSTATION_NAME": "Jonathan's X Rd.", "wmType": "SECONDARY OVERHEAD", "WKT": "LINESTRING (-78.56960649583182 36.49290612085703, -78.56964646602395 36.4930116022847)" }, "geometry": { "type": "LineString", "coordinates": [ [ -78.56960649583182, 36.492906120857029 ], [ -78.569646466023954, 36.493011602284703 ] ] } },
{ "type": "Feature", "properties": { "FEEDER_NAME": "GRASSY CREEK", "SUBSTATION_NAME": "Jonathan's X Rd.", "wmType": "SECONDARY OVERHEAD", "WKT": "LINESTRING (-78.56663752579782 36.49244977476098, -78.56662963520066 36.49214732213226)" }, "geometry": { "type": "LineString", "coordinates": [ [ -78.566637525797816, 36.492449774760978 ], [ -78.566629635200655, 36.492147322132261 ] ] } },
{ "type": "Feature", "properties": { "FEEDER_NAME": "GRASSY CREEK", "SUBSTATION_NAME": "Jonathan's X Rd.", "wmType": "SECONDARY OVERHEAD", "WKT": "LINESTRING (-78.56595892209918 36.49242791775033, -78.56609620841152 36.492155943559425)" }, "geometry": { "type": "LineString", "coordinates": [ [ -78.565958922099185, 36.492427917750327 ], [ -78.566096208411523, 36.492155943559425 ] ] } },
{ "type": "Feature", "properties": { "FEEDER_NAME": "GRASSY CREEK", "SUBSTATION_NAME": "Jonathan's X Rd.", "wmType": "SECONDARY OVERHEAD", "WKT": "LINESTRING (-78.5643757853994 36.49236429936044, -78.56436618618112 36.49212831885181)" }, "geometry": { "type": "LineString", "coordinates": [ [ -78.564375785399406, 36.492364299360439 ], [ -78.564366186181118, 36.492128318851812 ] ] } },
{ "type": "Feature", "properties": { "FEEDER_NAME": "GRASSY CREEK", "SUBSTATION_NAME": "Jonathan's X Rd.", "wmType": "SECONDARY OVERHEAD", "WKT": "LINESTRING (-78.5643757853994 36.49236429936044, -78.56451616084493 36.49210641259067)" }, "geometry": { "type": "LineString", "coordinates": [ [ -78.564375785399406, 36.492364299360439 ], [ -78.564516160844931, 36.492106412590672 ] ] } },
{ "type": "Feature", "properties": { "FEEDER_NAME": "GRASSY CREEK", "SUBSTATION_NAME": "Jonathan's X Rd.", "wmType": "SECONDARY OVERHEAD", "WKT": "LINESTRING (-78.56451616084493 36.49210641259067, -78.5648626463598 36.49204762983587)" }, "geometry": { "type": "LineString", "coordinates": [ [ -78.564516160844931, 36.492106412590672 ], [ -78.564862646359799, 36.492047629835866 ] ] } },
{ "type": "Feature", "properties": { "FEEDER_NAME": "GRASSY CREEK", "SUBSTATION_NAME": "Jonathan's X Rd.", "wmType": "SECONDARY OVERHEAD", "WKT": "LINESTRING (-78.56212342977207 36.492177204605596, -78.56183865438558 36.49194793141625)" }, "geometry": { "type": "LineString", "coordinates": [ [ -78.562123429772072, 36.492177204605596 ], [ -78.561838654385582, 36.491947931416249 ] ] } },
{ "type": "Feature", "properties": { "FEEDER_NAME": "GRASSY CREEK", "SUBSTATION_NAME": "Jonathan's X Rd.", "wmType": "SECONDARY OVERHEAD", "WKT": "LINESTRING (-78.56183865438558 36.49194793141625, -78.56164381722571 36.491936058177714)" }, "geometry": { "type": "LineString", "coordinates": [ [ -78.561838654385582, 36.491947931416249 ], [ -78.561643817225715, 36.491936058177714 ] ] } },
{ "type": "Feature", "properties": { "FEEDER_NAME": "GRASSY CREEK", "SUBSTATION_NAME": "Jonathan's X Rd.", "wmType": "SECONDARY OVERHEAD", "WKT": "LINESTRING (-78.56212342977207 36.492177204605596, -78.56220798170803 36.49195367859102)" }, "geometry": { "type": "LineString", "coordinates": [ [ -78.562123429772072, 36.492177204605596 ], [ -78.562207981708028, 36.491953678591017 ] ] } },
{ "type": "Feature", "properties": { "FEEDER_NAME": "GRASSY CREEK", "SUBSTATION_NAME": "Jonathan's X Rd.", "wmType": "SECONDARY OVERHEAD", "WKT": "LINESTRING (-78.57379989618542 36.500525254198116, -78.57382774197409 36.500576319576524)" }, "geometry": { "type": "LineString", "coordinates": [ [ -78.57379989618542, 36.500525254198116 ], [ -78.573827741974085, 36.500576319576524 ] ] } },
{ "type": "Feature", "properties": { "FEEDER_NAME": "GRASSY CREEK", "SUBSTATION_NAME": "Jonathan's X Rd.", "wmType": "SECONDARY OVERHEAD", "WKT": "LINESTRING (-78.57382774197409 36.500576319576524, -78.57368961598209 36.50060426581316)" }, "geometry": { "type": "LineString", "coordinates": [ [ -78.573827741974085, 36.500576319576524 ], [ -78.57368961598209, 36.500604265813159 ] ] } },
{ "type": "Feature", "properties": { "FEEDER_NAME": "GRASSY CREEK", "SUBSTATION_NAME": "Jonathan's X Rd.", "wmType": "SECONDARY OVERHEAD", "WKT": "LINESTRING (-78.57822512427681 36.50320697230074, -78.57816923174093 36.50311723266474)" }, "geometry": { "type": "LineString", "coordinates": [ [ -78.578225124276813, 36.503206972300738 ], [ -78.578169231740929, 36.503117232664742 ] ] } },
{ "type": "Feature", "properties": { "FEEDER_NAME": "GRASSY CREEK", "SUBSTATION_NAME": "Jonathan's X Rd.", "wmType": "SECONDARY OVERHEAD", "WKT": "LINESTRING (-78.5827215478927 36.500010889073856, -78.58304978313227 36.50000031122886)" }, "geometry": { "type": "LineString", "coordinates": [ [ -78.582721547892703, 36.500010889073856 ], [ -78.583049783132267, 36.50000031122886 ] ] } },
{ "type": "Feature", "properties": { "FEEDER_NAME": "GRASSY CREEK", "SUBSTATION_NAME": "Jonathan's X Rd.", "wmType": "SECONDARY OVERHEAD", "WKT": "LINESTRING (-78.58138307192391 36.509350572046074, -78.58134380099104 36.50953810081816)" }, "geometry": { "type": "LineString", "coordinates": [ [ -78.581383071923909, 36.509350572046074 ], [ -78.581343800991036, 36.509538100818162 ] ] } },
{ "type": "Feature", "properties": { "FEEDER_NAME": "GRASSY CREEK", "SUBSTATION_NAME": "Jonathan's X Rd.", "wmType": "SECONDARY OVERHEAD", "WKT": "LINESTRING (-78.58134380099104 36.50953810081816, -78.58126852502154 36.50978747031089)" }, "geometry": { "type": "LineString", "coordinates": [ [ -78.581343800991036, 36.509538100818162 ], [ -78.581268525021542, 36.50978747031089 ] ] } },
{ "type": "Feature", "properties": { "FEEDER_NAME": "GRASSY CREEK", "SUBSTATION_NAME": "Jonathan's X Rd.", "wmType": "SECONDARY OVERHEAD", "WKT": "LINESTRING (-78.58818963874106 36.51093233823837, -78.58779847221805 36.51095320371236)" }, "geometry": { "type": "LineString", "coordinates": [ [ -78.588189638741056, 36.510932338238369 ], [ -78.587798472218054, 36.510953203712361 ] ] } },
{ "type": "Feature", "properties": { "FEEDER_NAME": "GRASSY CREEK", "SUBSTATION_NAME": "Jonathan's X Rd.", "wmType": "SECONDARY OVERHEAD", "WKT": "LINESTRING (-78.58779847221805 36.51095320371236, -78.58745882916793 36.51112866379573)" }, "geometry": { "type": "LineString", "coordinates": [ [ -78.587798472218054, 36.510953203712361 ], [ -78.587458829167929, 36.511128663795731 ] ] } },
{ "type": "Feature", "properties": { "FEEDER_NAME": "GRASSY CREEK", "SUBSTATION_NAME": "Jonathan's X Rd.", "wmType": "SECONDARY OVERHEAD", "WKT": "LINESTRING (-78.58790987853722 36.51044970528747, -78.58782400002858 36.51055480023464)" }, "geometry": { "type": "LineString", "coordinates": [ [ -78.587909878537218, 36.510449705287471 ], [ -78.587824000028576, 36.510554800234637 ] ] } },
{ "type": "Feature", "properties": { "FEEDER_NAME": "GRASSY CREEK", "SUBSTATION_NAME": "Jonathan's X Rd.", "wmType": "SECONDARY OVERHEAD", "WKT": "LINESTRING (-78.58672126851454 36.50923333841469, -78.5865530546141 36.50926830185552)" }, "geometry": { "type": "LineString", "coordinates": [ [ -78.586721268514538, 36.509233338414688 ], [ -78.5865530546141, 36.509268301855521 ] ] } },
{ "type": "Feature", "properties": { "FEEDER_NAME": "GRASSY CREEK", "SUBSTATION_NAME": "Jonathan's X Rd.", "wmType": "SECONDARY OVERHEAD", "WKT": "LINESTRING (-78.58672126851454 36.50923333841469, -78.586999729951 36.50918997231898)" }, "geometry": { "type": "LineString", "coordinates": [ [ -78.586721268514538, 36.509233338414688 ], [ -78.586999729951003, 36.509189972318978 ] ] } },
{ "type": "Feature", "properties": { "FEEDER_NAME": "GRASSY CREEK", "SUBSTATION_NAME": "Jonathan's X Rd.", "wmType": "SECONDARY OVERHEAD", "WKT": "LINESTRING (-78.58545841698198 36.50655490392839, -78.58553885368042 36.5064697560314)" }, "geometry": { "type": "LineString", "coordinates": [ [ -78.585458416981979, 36.506554903928389 ], [ -78.585538853680418, 36.5064697560314 ] ] } },
{ "type": "Feature", "properties": { "FEEDER_NAME": "GRASSY CREEK", "SUBSTATION_NAME": "Jonathan's X Rd.", "wmType": "SECONDARY OVERHEAD", "WKT": "LINESTRING (-78.5841177775192 36.50397267610714, -78.58388394302838 36.50377915530339)" }, "geometry": { "type": "LineString", "coordinates": [ [ -78.584117777519197, 36.503972676107139 ], [ -78.583883943028383, 36.503779155303391 ] ] } },
{ "type": "Feature", "properties": { "FEEDER_NAME": "GRASSY CREEK", "SUBSTATION_NAME": "Jonathan's X Rd.", "wmType": "SECONDARY OVERHEAD", "WKT": "LINESTRING (-78.5774555457213 36.502408263678895, -78.57757150170131 36.50267514785686)" }, "geometry": { "type": "LineString", "coordinates": [ [ -78.577455545721307, 36.502408263678895 ], [ -78.577571501701314, 36.502675147856863 ] ] } },
{ "type": "Feature", "properties": { "FEEDER_NAME": "GRASSY CREEK", "SUBSTATION_NAME": "Jonathan's X Rd.", "wmType": "SECONDARY OVERHEAD", "WKT": "LINESTRING (-78.57757150170131 36.50267514785686, -78.57766776711789 36.503030948101376)" }, "geometry": { "type": "LineString", "coordinates": [ [ -78.577571501701314, 36.502675147856863 ], [ -78.577667767117887, 36.503030948101376 ] ] } },
{ "type": "Feature", "properties": { "FEEDER_NAME": "GRASSY CREEK", "SUBSTATION_NAME": "Jonathan's X Rd.", "wmType": "SECONDARY OVERHEAD", "WKT": "LINESTRING (-78.5774555457213 36.502408263678895, -78.57721069438107 36.50251988316827)" }, "geometry": { "type": "LineString", "coordinates": [ [ -78.577455545721307, 36.502408263678895 ], [ -78.577210694381066, 36.502519883168269 ] ] } },
{ "type": "Feature", "properties": { "FEEDER_NAME": "GRASSY CREEK", "SUBSTATION_NAME": "Jonathan's X Rd.", "wmType": "SECONDARY OVERHEAD", "WKT": "LINESTRING (-78.57721069438107 36.50251988316827, -78.57706655973799 36.50267888517435)" }, "geometry": { "type": "LineString", "coordinates": [ [ -78.577210694381066, 36.502519883168269 ], [ -78.577066559737986, 36.502678885174348 ] ] } },
{ "type": "Feature", "properties": { "FEEDER_NAME": "GRASSY CREEK", "SUBSTATION_NAME": "Jonathan's X Rd.", "wmType": "SECONDARY OVERHEAD", "WKT": "LINESTRING (-78.56993151324504 36.50015743078936, -78.56993381107078 36.49976727657665)" }, "geometry": { "type": "LineString", "coordinates": [ [ -78.569931513245038, 36.500157430789358 ], [ -78.569933811070783, 36.499767276576648 ] ] } },
{ "type": "Feature", "properties": { "FEEDER_NAME": "GRASSY CREEK", "SUBSTATION_NAME": "Jonathan's X Rd.", "wmType": "SECONDARY OVERHEAD", "WKT": "LINESTRING (-78.56993151324504 36.50015743078936, -78.56971026733305 36.49999408342872)" }, "geometry": { "type": "LineString", "coordinates": [ [ -78.569931513245038, 36.500157430789358 ], [ -78.569710267333051, 36.499994083428717 ] ] } },
{ "type": "Feature", "properties": { "FEEDER_NAME": "GRASSY CREEK", "SUBSTATION_NAME": "Jonathan's X Rd.", "wmType": "SECONDARY OVERHEAD", "WKT": "LINESTRING (-78.56844550700745 36.49993643469194, -78.56856750889408 36.499845433305815)" }, "geometry": { "type": "LineString", "coordinates": [ [ -78.568445507007453, 36.499936434691939 ], [ -78.568567508894077, 36.499845433305815 ] ] } },
{ "type": "Feature", "properties": { "FEEDER_NAME": "GRASSY CREEK", "SUBSTATION_NAME": "Jonathan's X Rd.", "wmType": "SECONDARY OVERHEAD", "WKT": "LINESTRING (-78.56856750889408 36.499845433305815, -78.56872902512193 36.49974421623031)" }, "geometry": { "type": "LineString", "coordinates": [ [ -78.568567508894077, 36.499845433305815 ], [ -78.568729025121925, 36.499744216230312 ] ] } },
{ "type": "Feature", "properties": { "FEEDER_NAME": "GRASSY CREEK", "SUBSTATION_NAME": "Jonathan's X Rd.", "wmType": "SECONDARY OVERHEAD", "WKT": "LINESTRING (-78.5626997220987 36.49713056138311, -78.56238706784366 36.49684532739652)" }, "geometry": { "type": "LineString", "coordinates": [ [ -78.562699722098699, 36.497130561383109 ], [ -78.562387067843659, 36.496845327396521 ] ] } },
{ "type": "Feature", "properties": { "FEEDER_NAME": "GRASSY CREEK", "SUBSTATION_NAME": "Jonathan's X Rd.", "wmType": "SECONDARY OVERHEAD", "WKT": "LINESTRING (-78.5626997220987 36.49713056138311, -78.56233746601376 36.497078325960295)" }, "geometry": { "type": "LineString", "coordinates": [ [ -78.562699722098699, 36.497130561383109 ], [ -78.562337466013759, 36.497078325960295 ] ] } },
{ "type": "Feature", "properties": { "FEEDER_NAME": "GRASSY CREEK", "SUBSTATION_NAME": "Jonathan's X Rd.", "wmType": "SECONDARY OVERHEAD", "WKT": "LINESTRING (-78.56323099439665 36.48633150749842, -78.56292526845361 36.48608049074891)" }, "geometry": { "type": "LineString", "coordinates": [ [ -78.563230994396648, 36.48633150749842 ], [ -78.562925268453611, 36.486080490748911 ] ] } },
{ "type": "Feature", "properties": { "FEEDER_NAME": "GRASSY CREEK", "SUBSTATION_NAME": "Jonathan's X Rd.", "wmType": "SECONDARY OVERHEAD", "WKT": "LINESTRING (-78.56396800358078 36.48609998586701, -78.56373651033434 36.48602640999959)" }, "geometry": { "type": "LineString", "coordinates": [ [ -78.563968003580783, 36.486099985867007 ], [ -78.563736510334337, 36.486026409999589 ] ] } },
{ "type": "Feature", "properties": { "FEEDER_NAME": "GRASSY CREEK", "SUBSTATION_NAME": "Jonathan's X Rd.", "wmType": "SECONDARY OVERHEAD", "WKT": "LINESTRING (-78.56373651033434 36.48602640999959, -78.56367149324163 36.48602241996809)" }, "geometry": { "type": "LineString", "coordinates": [ [ -78.563736510334337, 36.486026409999589 ], [ -78.563671493241628, 36.486022419968087 ] ] } },
{ "type": "Feature", "properties": { "FEEDER_NAME": "GRASSY CREEK", "SUBSTATION_NAME": "Jonathan's X Rd.", "wmType": "SECONDARY OVERHEAD", "WKT": "LINESTRING (-78.56396800358078 36.48609998586701, -78.5640940289204 36.48619798764096)" }, "geometry": { "type": "LineString", "coordinates": [ [ -78.563968003580783, 36.486099985867007 ], [ -78.564094028920394, 36.486197987640963 ] ] } },
{ "type": "Feature", "properties": { "FEEDER_NAME": "GRASSY CREEK", "SUBSTATION_NAME": "Jonathan's X Rd.", "wmType": "SECONDARY OVERHEAD", "WKT": "LINESTRING (-78.5640940289204 36.48619798764096, -78.56443002601061 36.486186984336626)" }, "geometry": { "type": "LineString", "coordinates": [ [ -78.564094028920394, 36.486197987640963 ], [ -78.564430026010612, 36.486186984336626 ] ] } },
{ "type": "Feature", "properties": { "FEEDER_NAME": "GRASSY CREEK", "SUBSTATION_NAME": "Jonathan's X Rd.", "wmType": "SECONDARY OVERHEAD", "WKT": "LINESTRING (-78.5640940289204 36.48619798764096, -78.56440400675842 36.48643099953564)" }, "geometry": { "type": "LineString", "coordinates": [ [ -78.564094028920394, 36.486197987640963 ], [ -78.564404006758423, 36.486430999535642 ] ] } },
{ "type": "Feature", "properties": { "FEEDER_NAME": "GRASSY CREEK", "SUBSTATION_NAME": "Jonathan's X Rd.", "wmType": "SECONDARY OVERHEAD", "WKT": "LINESTRING (-78.56440400675842 36.48643099953564, -78.56441800019881 36.486387000093316)" }, "geometry": { "type": "LineString", "coordinates": [ [ -78.564404006758423, 36.486430999535642 ], [ -78.564418000198813, 36.486387000093316 ] ] } },
{ "type": "Feature", "properties": { "FEEDER_NAME": "GRASSY CREEK", "SUBSTATION_NAME": "Jonathan's X Rd.", "wmType": "SECONDARY OVERHEAD", "WKT": "LINESTRING (-78.56679801208385 36.48471398186851, -78.56653044228798 36.48535607286699)" }, "geometry": { "type": "LineString", "coordinates": [ [ -78.566798012083851, 36.484713981868509 ], [ -78.566530442287984, 36.485356072866992 ] ] } },
{ "type": "Feature", "properties": { "FEEDER_NAME": "GRASSY CREEK", "SUBSTATION_NAME": "Jonathan's X Rd.", "wmType": "SECONDARY OVERHEAD", "WKT": "LINESTRING (-78.56679801208385 36.48471398186851, -78.56690916002381 36.484431919741596)" }, "geometry": { "type": "LineString", "coordinates": [ [ -78.566798012083851, 36.484713981868509 ], [ -78.566909160023812, 36.484431919741596 ] ] } },
{ "type": "Feature", "properties": { "FEEDER_NAME": "GRASSY CREEK", "SUBSTATION_NAME": "Jonathan's X Rd.", "wmType": "SECONDARY OVERHEAD", "WKT": "LINESTRING (-78.56679801208385 36.48471398186851, -78.56675858472184 36.48492946930366)" }, "geometry": { "type": "LineString", "coordinates": [ [ -78.566798012083851, 36.484713981868509 ], [ -78.566758584721839, 36.484929469303658 ] ] } },
{ "type": "Feature", "properties": { "FEEDER_NAME": "GRASSY CREEK", "SUBSTATION_NAME": "Jonathan's X Rd.", "wmType": "SECONDARY OVERHEAD", "WKT": "LINESTRING (-78.56675858472184 36.48492946930366, -78.56686357626502 36.485190457202556)" }, "geometry": { "type": "LineString", "coordinates": [ [ -78.566758584721839, 36.484929469303658 ], [ -78.566863576265021, 36.485190457202556 ] ] } },
{ "type": "Feature", "properties": { "FEEDER_NAME": "GRASSY CREEK", "SUBSTATION_NAME": "Jonathan's X Rd.", "wmType": "SECONDARY OVERHEAD", "WKT": "LINESTRING (-78.57663541333487 36.482450821441105, -78.57687097315147 36.48219393556899)" }, "geometry": { "type": "LineString", "coordinates": [ [ -78.57663541333487, 36.482450821441105 ], [ -78.576870973151472, 36.482193935568993 ] ] } },
{ "type": "Feature", "properties": { "FEEDER_NAME": "GRASSY CREEK", "SUBSTATION_NAME": "Jonathan's X Rd.", "wmType": "SECONDARY OVERHEAD", "WKT": "LINESTRING (-78.57527525398551 36.48267167062619, -78.57489851814302 36.482825874270766)" }, "geometry": { "type": "LineString", "coordinates": [ [ -78.575275253985509, 36.482671670626189 ], [ -78.574898518143016, 36.482825874270766 ] ] } },
{ "type": "Feature", "properties": { "FEEDER_NAME": "GRASSY CREEK", "SUBSTATION_NAME": "Jonathan's X Rd.", "wmType": "SECONDARY OVERHEAD", "WKT": "LINESTRING (-78.57489851814302 36.482825874270766, -78.57482553768988 36.48278876336796)" }, "geometry": { "type": "LineString", "coordinates": [ [ -78.574898518143016, 36.482825874270766 ], [ -78.574825537689875, 36.482788763367957 ] ] } },
{ "type": "Feature", "properties": { "FEEDER_NAME": "GRASSY CREEK", "SUBSTATION_NAME": "Jonathan's X Rd.", "wmType": "SECONDARY OVERHEAD", "WKT": "LINESTRING (-78.58676326466713 36.47725317044826, -78.58659054180056 36.47704133008888)" }, "geometry": { "type": "LineString", "coordinates": [ [ -78.586763264667127, 36.477253170448257 ], [ -78.586590541800561, 36.47704133008888 ] ] } },
{ "type": "Feature", "properties": { "FEEDER_NAME": "GRASSY CREEK", "SUBSTATION_NAME": "Jonathan's X Rd.", "wmType": "SECONDARY OVERHEAD", "WKT": "LINESTRING (-78.5924386371385 36.473490417649465, -78.5927455687748 36.47334537628431)" }, "geometry": { "type": "LineString", "coordinates": [ [ -78.5924386371385, 36.473490417649465 ], [ -78.592745568774802, 36.473345376284307 ] ] } },
{ "type": "Feature", "properties": { "FEEDER_NAME": "GRASSY CREEK", "SUBSTATION_NAME": "Jonathan's X Rd.", "wmType": "SECONDARY OVERHEAD", "WKT": "LINESTRING (-78.5924386371385 36.473490417649465, -78.5927525026029 36.473493462876405)" }, "geometry": { "type": "LineString", "coordinates": [ [ -78.5924386371385, 36.473490417649465 ], [ -78.592752502602906, 36.473493462876405 ] ] } },
{ "type": "Feature", "properties": { "FEEDER_NAME": "GRASSY CREEK", "SUBSTATION_NAME": "Jonathan's X Rd.", "wmType": "SECONDARY OVERHEAD", "WKT": "LINESTRING (-78.5927525026029 36.473493462876405, -78.59300806505398 36.47348352253557)" }, "geometry": { "type": "LineString", "coordinates": [ [ -78.592752502602906, 36.473493462876405 ], [ -78.593008065053979, 36.473483522535567 ] ] } },
{ "type": "Feature", "properties": { "FEEDER_NAME": "GRASSY CREEK", "SUBSTATION_NAME": "Jonathan's X Rd.", "wmType": "SECONDARY OVERHEAD", "WKT": "LINESTRING (-78.59305711978448 36.47288658981471, -78.5931469721253 36.47273398119887)" }, "geometry": { "type": "LineString", "coordinates": [ [ -78.593057119784476, 36.472886589814713 ], [ -78.593146972125297, 36.472733981198871 ] ] } },
{ "type": "Feature", "properties": { "FEEDER_NAME": "GRASSY CREEK", "SUBSTATION_NAME": "Jonathan's X Rd.", "wmType": "SECONDARY OVERHEAD", "WKT": "LINESTRING (-78.59305711978448 36.47288658981471, -78.59266180127557 36.47279173472646)" }, "geometry": { "type": "LineString", "coordinates": [ [ -78.593057119784476, 36.472886589814713 ], [ -78.592661801275568, 36.472791734726457 ] ] } },
{ "type": "Feature", "properties": { "FEEDER_NAME": "GRASSY CREEK", "SUBSTATION_NAME": "Jonathan's X Rd.", "wmType": "SECONDARY OVERHEAD", "WKT": "LINESTRING (-78.59266180127557 36.47279173472646, -78.59242285077168 36.472741002041)" }, "geometry": { "type": "LineString", "coordinates": [ [ -78.592661801275568, 36.472791734726457 ], [ -78.592422850771683, 36.472741002040998 ] ] } },
{ "type": "Feature", "properties": { "FEEDER_NAME": "GRASSY CREEK", "SUBSTATION_NAME": "Jonathan's X Rd.", "wmType": "SECONDARY OVERHEAD", "WKT": "LINESTRING (-78.59339142616938 36.47254658062619, -78.59300960216184 36.472406207254366)" }, "geometry": { "type": "LineString", "coordinates": [ [ -78.593391426169376, 36.472546580626187 ], [ -78.593009602161843, 36.472406207254366 ] ] } },
{ "type": "Feature", "properties": { "FEEDER_NAME": "GRASSY CREEK", "SUBSTATION_NAME": "Jonathan's X Rd.", "wmType": "SECONDARY OVERHEAD", "WKT": "LINESTRING (-78.59300960216184 36.472406207254366, -78.59240918997425 36.47247309985852)" }, "geometry": { "type": "LineString", "coordinates": [ [ -78.593009602161843, 36.472406207254366 ], [ -78.592409189974248, 36.472473099858519 ] ] } },
{ "type": "Feature", "properties": { "FEEDER_NAME": "GRASSY CREEK", "SUBSTATION_NAME": "Jonathan's X Rd.", "wmType": "SECONDARY OVERHEAD", "WKT": "LINESTRING (-78.60807896193266 36.47341063216713, -78.60799543654618 36.47324583595524)" }, "geometry": { "type": "LineString", "coordinates": [ [ -78.608078961932662, 36.473410632167131 ], [ -78.607995436546176, 36.47324583595524 ] ] } },
{ "type": "Feature", "properties": { "FEEDER_NAME": "GRASSY CREEK", "SUBSTATION_NAME": "Jonathan's X Rd.", "wmType": "SECONDARY OVERHEAD", "WKT": "LINESTRING (-78.60734717961881 36.47291683896642, -78.6074097645177 36.472684850521034)" }, "geometry": { "type": "LineString", "coordinates": [ [ -78.607347179618813, 36.47291683896642 ], [ -78.607409764517698, 36.472684850521034 ] ] } },
{ "type": "Feature", "properties": { "FEEDER_NAME": "GRASSY CREEK", "SUBSTATION_NAME": "Jonathan's X Rd.", "wmType": "SECONDARY OVERHEAD", "WKT": "LINESTRING (-78.60296454603939 36.476686659022555, -78.60279518344194 36.47643318741943)" }, "geometry": { "type": "LineString", "coordinates": [ [ -78.602964546039388, 36.476686659022555 ], [ -78.602795183441941, 36.476433187419431 ] ] } },
{ "type": "Feature", "properties": { "FEEDER_NAME": "GRASSY CREEK", "SUBSTATION_NAME": "Jonathan's X Rd.", "wmType": "SECONDARY OVERHEAD", "WKT": "LINESTRING (-78.60296454603939 36.476686659022555, -78.60290440516125 36.47644226365035)" }, "geometry": { "type": "LineString", "coordinates": [ [ -78.602964546039388, 36.476686659022555 ], [ -78.602904405161254, 36.476442263650348 ] ] } },
{ "type": "Feature", "properties": { "FEEDER_NAME": "GRASSY CREEK", "SUBSTATION_NAME": "Jonathan's X Rd.", "wmType": "SECONDARY OVERHEAD", "WKT": "LINESTRING (-78.60207023682607 36.4769130985872, -78.60203193589193 36.47671027354974)" }, "geometry": { "type": "LineString", "coordinates": [ [ -78.602070236826066, 36.476913098587197 ], [ -78.602031935891929, 36.476710273549742 ] ] } },
{ "type": "Feature", "properties": { "FEEDER_NAME": "GRASSY CREEK", "SUBSTATION_NAME": "Jonathan's X Rd.", "wmType": "SECONDARY OVERHEAD", "WKT": "LINESTRING (-78.60152360585029 36.477286581516914, -78.60124418005162 36.47707081702472)" }, "geometry": { "type": "LineString", "coordinates": [ [ -78.601523605850289, 36.477286581516914 ], [ -78.601244180051623, 36.477070817024718 ] ] } },
{ "type": "Feature", "properties": { "FEEDER_NAME": "GRASSY CREEK", "SUBSTATION_NAME": "Jonathan's X Rd.", "wmType": "SECONDARY OVERHEAD", "WKT": "LINESTRING (-78.60126482453516 36.47706884305371, -78.60122311241699 36.47690394208142)" }, "geometry": { "type": "LineString", "coordinates": [ [ -78.601264824535164, 36.477068843053708 ], [ -78.601223112416989, 36.476903942081421 ] ] } },
{ "type": "Feature", "properties": { "FEEDER_NAME": "GRASSY CREEK", "SUBSTATION_NAME": "Jonathan's X Rd.", "wmType": "SECONDARY OVERHEAD", "WKT": "LINESTRING (-78.56663752579782 36.49244977476098, -78.56664745128374 36.49214901587137)" }, "geometry": { "type": "LineString", "coordinates": [ [ -78.566637525797816, 36.492449774760978 ], [ -78.566647451283742, 36.492149015871369 ] ] } },
{ "type": "Feature", "properties": { "FEEDER_NAME": "GRASSY CREEK", "SUBSTATION_NAME": "Jonathan's X Rd.", "wmType": "SECONDARY OVERHEAD", "WKT": "LINESTRING (-78.60124418005162 36.47707081702472, -78.60112571475247 36.47698595032378)" }, "geometry": { "type": "LineString", "coordinates": [ [ -78.601244180051623, 36.477070817024718 ], [ -78.60112571475247, 36.47698595032378 ] ] } },
{ "type": "Feature", "properties": { "FEEDER_NAME": "GRASSY CREEK", "SUBSTATION_NAME": "Jonathan's X Rd.", "wmType": "SECONDARY OVERHEAD", "WKT": "LINESTRING (-78.6006993512738 36.47755929672079, -78.60053917052117 36.47730033193759)" }, "geometry": { "type": "LineString", "coordinates": [ [ -78.600699351273803, 36.477559296720791 ], [ -78.600539170521174, 36.477300331937592 ] ] } },
{ "type": "Feature", "properties": { "FEEDER_NAME": "GRASSY CREEK", "SUBSTATION_NAME": "Jonathan's X Rd.", "wmType": "SECONDARY OVERHEAD", "WKT": "LINESTRING (-78.60053917052117 36.47730033193759, -78.60061970785581 36.47716055537096)" }, "geometry": { "type": "LineString", "coordinates": [ [ -78.600539170521174, 36.477300331937592 ], [ -78.600619707855813, 36.477160555370958 ] ] } },
{ "type": "Feature", "properties": { "FEEDER_NAME": "GRASSY CREEK", "SUBSTATION_NAME": "Jonathan's X Rd.", "wmType": "SECONDARY OVERHEAD", "WKT": "LINESTRING (-78.60025116170607 36.477694532520616, -78.60049774042454 36.47810033145052)" }, "geometry": { "type": "LineString", "coordinates": [ [ -78.600251161706069, 36.477694532520616 ], [ -78.600497740424544, 36.47810033145052 ] ] } },
{ "type": "Feature", "properties": { "FEEDER_NAME": "GRASSY CREEK", "SUBSTATION_NAME": "Jonathan's X Rd.", "wmType": "SECONDARY OVERHEAD", "WKT": "LINESTRING (-78.60025116170607 36.477694532520616, -78.60012867549638 36.477910282746386)" }, "geometry": { "type": "LineString", "coordinates": [ [ -78.600251161706069, 36.477694532520616 ], [ -78.600128675496379, 36.477910282746386 ] ] } },
{ "type": "Feature", "properties": { "FEEDER_NAME": "GRASSY CREEK", "SUBSTATION_NAME": "Jonathan's X Rd.", "wmType": "SECONDARY OVERHEAD", "WKT": "LINESTRING (-78.60012867549638 36.477910282746386, -78.59983246868407 36.4781883896229)" }, "geometry": { "type": "LineString", "coordinates": [ [ -78.600128675496379, 36.477910282746386 ], [ -78.59983246868407, 36.4781883896229 ] ] } },
{ "type": "Feature", "properties": { "FEEDER_NAME": "GRASSY CREEK", "SUBSTATION_NAME": "Jonathan's X Rd.", "wmType": "SECONDARY OVERHEAD", "WKT": "LINESTRING (-78.60012867549638 36.477910282746386, -78.60008746321574 36.47804683037391)" }, "geometry": { "type": "LineString", "coordinates": [ [ -78.600128675496379, 36.477910282746386 ], [ -78.600087463215743, 36.478046830373913 ] ] } },
{ "type": "Feature", "properties": { "FEEDER_NAME": "GRASSY CREEK", "SUBSTATION_NAME": "Jonathan's X Rd.", "wmType": "SECONDARY OVERHEAD", "WKT": "LINESTRING (-78.59951308899079 36.47793752942302, -78.59970371518146 36.47771082296233)" }, "geometry": { "type": "LineString", "coordinates": [ [ -78.59951308899079, 36.477937529423023 ], [ -78.599703715181462, 36.477710822962329 ] ] } },
{ "type": "Feature", "properties": { "FEEDER_NAME": "GRASSY CREEK", "SUBSTATION_NAME": "Jonathan's X Rd.", "wmType": "SECONDARY OVERHEAD", "WKT": "LINESTRING (-78.62371881246771 36.51541200995608, -78.62424161321016 36.515556486479674)" }, "geometry": { "type": "LineString", "coordinates": [ [ -78.623718812467715, 36.51541200995608 ], [ -78.62424161321016, 36.515556486479674 ] ] } },
{ "type": "Feature", "properties": { "FEEDER_NAME": "GRASSY CREEK", "SUBSTATION_NAME": "Jonathan's X Rd.", "wmType": "SECONDARY OVERHEAD", "WKT": "LINESTRING (-78.61070235656764 36.49248931946778, -78.61115175538228 36.49226542194781)" }, "geometry": { "type": "LineString", "coordinates": [ [ -78.610702356567643, 36.492489319467779 ], [ -78.611151755382281, 36.492265421947813 ] ] } },
{ "type": "Feature", "properties": { "FEEDER_NAME": "GRASSY CREEK", "SUBSTATION_NAME": "Jonathan's X Rd.", "wmType": "SECONDARY OVERHEAD", "WKT": "LINESTRING (-78.61117399580908 36.49317102937887, -78.61168351874915 36.49301372894257)" }, "geometry": { "type": "LineString", "coordinates": [ [ -78.611173995809082, 36.493171029378871 ], [ -78.611683518749146, 36.493013728942572 ] ] } },
{ "type": "Feature", "properties": { "FEEDER_NAME": "GRASSY CREEK", "SUBSTATION_NAME": "Jonathan's X Rd.", "wmType": "SECONDARY OVERHEAD", "WKT": "LINESTRING (-78.61742332954304 36.49730911786282, -78.61752763869914 36.49733473714181)" }, "geometry": { "type": "LineString", "coordinates": [ [ -78.617423329543044, 36.49730911786282 ], [ -78.617527638699144, 36.497334737141813 ] ] } },
{ "type": "Feature", "properties": { "FEEDER_NAME": "GRASSY CREEK", "SUBSTATION_NAME": "Jonathan's X Rd.", "wmType": "SECONDARY OVERHEAD", "WKT": "LINESTRING (-78.6147685464709 36.50027872889613, -78.61485329579473 36.500035712938804)" }, "geometry": { "type": "LineString", "coordinates": [ [ -78.614768546470899, 36.500278728896127 ], [ -78.614853295794731, 36.500035712938804 ] ] } },
{ "type": "Feature", "properties": { "FEEDER_NAME": "GRASSY CREEK", "SUBSTATION_NAME": "Jonathan's X Rd.", "wmType": "SECONDARY OVERHEAD", "WKT": "LINESTRING (-78.61485329579473 36.500035712938804, -78.6150218118607 36.50010127690848)" }, "geometry": { "type": "LineString", "coordinates": [ [ -78.614853295794731, 36.500035712938804 ], [ -78.6150218118607, 36.500101276908481 ] ] } },
{ "type": "Feature", "properties": { "FEEDER_NAME": "GRASSY CREEK", "SUBSTATION_NAME": "Jonathan's X Rd.", "wmType": "SECONDARY OVERHEAD", "WKT": "LINESTRING (-78.61485329579473 36.500035712938804, -78.61500326799421 36.499993783865975)" }, "geometry": { "type": "LineString", "coordinates": [ [ -78.614853295794731, 36.500035712938804 ], [ -78.615003267994211, 36.499993783865975 ] ] } },
{ "type": "Feature", "properties": { "FEEDER_NAME": "GRASSY CREEK", "SUBSTATION_NAME": "Jonathan's X Rd.", "wmType": "SECONDARY OVERHEAD", "WKT": "LINESTRING (-78.61485329579473 36.500035712938804, -78.61527143097842 36.50003125426672)" }, "geometry": { "type": "LineString", "coordinates": [ [ -78.614853295794731, 36.500035712938804 ], [ -78.615271430978424, 36.500031254266723 ] ] } },
{ "type": "Feature", "properties": { "FEEDER_NAME": "GRASSY CREEK", "SUBSTATION_NAME": "Jonathan's X Rd.", "wmType": "SECONDARY OVERHEAD", "WKT": "LINESTRING (-78.61495072646295 36.50114679404797, -78.61516923963183 36.501065991199276)" }, "geometry": { "type": "LineString", "coordinates": [ [ -78.614950726462951, 36.501146794047969 ], [ -78.615169239631825, 36.501065991199276 ] ] } },
{ "type": "Feature", "properties": { "FEEDER_NAME": "GRASSY CREEK", "SUBSTATION_NAME": "Jonathan's X Rd.", "wmType": "SECONDARY OVERHEAD", "WKT": "LINESTRING (-78.61516923963183 36.501065991199276, -78.6151683155901 36.50114500362442)" }, "geometry": { "type": "LineString", "coordinates": [ [ -78.615169239631825, 36.501065991199276 ], [ -78.615168315590097, 36.501145003624423 ] ] } },
{ "type": "Feature", "properties": { "FEEDER_NAME": "GRASSY CREEK", "SUBSTATION_NAME": "Jonathan's X Rd.", "wmType": "SECONDARY OVERHEAD", "WKT": "LINESTRING (-78.6150710091481 36.50175699261906, -78.61504180170266 36.50174290764111, -78.61498369653575 36.501473706432286)" }, "geometry": { "type": "LineString", "coordinates": [ [ -78.615071009148096, 36.501756992619057 ], [ -78.61504180170266, 36.501742907641109 ], [ -78.614983696535745, 36.501473706432286 ] ] } },
{ "type": "Feature", "properties": { "FEEDER_NAME": "GRASSY CREEK", "SUBSTATION_NAME": "Jonathan's X Rd.", "wmType": "SECONDARY OVERHEAD", "WKT": "LINESTRING (-78.6150710091481 36.50175699261906, -78.61548201578522 36.501729990573644)" }, "geometry": { "type": "LineString", "coordinates": [ [ -78.615071009148096, 36.501756992619057 ], [ -78.615482015785219, 36.501729990573644 ] ] } },
{ "type": "Feature", "properties": { "FEEDER_NAME": "GRASSY CREEK", "SUBSTATION_NAME": "Jonathan's X Rd.", "wmType": "SECONDARY OVERHEAD", "WKT": "LINESTRING (-78.61517967811712 36.50218641084486, -78.61545791242177 36.50253487240646)" }, "geometry": { "type": "LineString", "coordinates": [ [ -78.615179678117116, 36.502186410844857 ], [ -78.615457912421775, 36.502534872406457 ] ] } },
{ "type": "Feature", "properties": { "FEEDER_NAME": "GRASSY CREEK", "SUBSTATION_NAME": "Jonathan's X Rd.", "wmType": "SECONDARY OVERHEAD", "WKT": "LINESTRING (-78.61546642303516 36.50392328402761, -78.61563850038493 36.50378010053711)" }, "geometry": { "type": "LineString", "coordinates": [ [ -78.615466423035159, 36.503923284027607 ], [ -78.615638500384932, 36.503780100537107 ] ] } },
{ "type": "Feature", "properties": { "FEEDER_NAME": "GRASSY CREEK", "SUBSTATION_NAME": "Jonathan's X Rd.", "wmType": "SECONDARY OVERHEAD", "WKT": "LINESTRING (-78.61563850038493 36.50378010053711, -78.6158214955072 36.5036300568672)" }, "geometry": { "type": "LineString", "coordinates": [ [ -78.615638500384932, 36.503780100537107 ], [ -78.615821495507205, 36.503630056867202 ] ] } },
{ "type": "Feature", "properties": { "FEEDER_NAME": "GRASSY CREEK", "SUBSTATION_NAME": "Jonathan's X Rd.", "wmType": "SECONDARY OVERHEAD", "WKT": "LINESTRING (-78.61526182134735 36.504761354102406, -78.61504414444438 36.50482886711245)" }, "geometry": { "type": "LineString", "coordinates": [ [ -78.615261821347346, 36.504761354102406 ], [ -78.615044144444383, 36.504828867112451 ] ] } },
{ "type": "Feature", "properties": { "FEEDER_NAME": "GRASSY CREEK", "SUBSTATION_NAME": "Jonathan's X Rd.", "wmType": "SECONDARY OVERHEAD", "WKT": "LINESTRING (-78.61539542798717 36.50538282635982, -78.6157143419863 36.5054375988812)" }, "geometry": { "type": "LineString", "coordinates": [ [ -78.615395427987167, 36.505382826359821 ], [ -78.615714341986305, 36.505437598881201 ] ] } },
{ "type": "Feature", "properties": { "FEEDER_NAME": "GRASSY CREEK", "SUBSTATION_NAME": "Jonathan's X Rd.", "wmType": "SECONDARY OVERHEAD", "WKT": "LINESTRING (-78.6157143419863 36.5054375988812, -78.61597624390683 36.50543550935808)" }, "geometry": { "type": "LineString", "coordinates": [ [ -78.615714341986305, 36.505437598881201 ], [ -78.615976243906829, 36.50543550935808 ] ] } },
{ "type": "Feature", "properties": { "FEEDER_NAME": "GRASSY CREEK", "SUBSTATION_NAME": "Jonathan's X Rd.", "wmType": "SECONDARY OVERHEAD", "WKT": "LINESTRING (-78.61579082683762 36.506259189179225, -78.6158809270469 36.50614258210246)" }, "geometry": { "type": "LineString", "coordinates": [ [ -78.615790826837625, 36.506259189179225 ], [ -78.615880927046902, 36.506142582102463 ] ] } },
{ "type": "Feature", "properties": { "FEEDER_NAME": "GRASSY CREEK", "SUBSTATION_NAME": "Jonathan's X Rd.", "wmType": "SECONDARY OVERHEAD", "WKT": "LINESTRING (-78.61605673003075 36.506912574612734, -78.61662133983096 36.50699763671941)" }, "geometry": { "type": "LineString", "coordinates": [ [ -78.616056730030749, 36.506912574612734 ], [ -78.616621339830957, 36.506997636719412 ] ] } },
{ "type": "Feature", "properties": { "FEEDER_NAME": "GRASSY CREEK", "SUBSTATION_NAME": "Jonathan's X Rd.", "wmType": "SECONDARY OVERHEAD", "WKT": "LINESTRING (-78.61624941585684 36.50827120994266, -78.61657063162862 36.50819572351491)" }, "geometry": { "type": "LineString", "coordinates": [ [ -78.616249415856842, 36.508271209942663 ], [ -78.616570631628619, 36.508195723514909 ] ] } },
{ "type": "Feature", "properties": { "FEEDER_NAME": "GRASSY CREEK", "SUBSTATION_NAME": "Jonathan's X Rd.", "wmType": "SECONDARY OVERHEAD", "WKT": "LINESTRING (-78.61866983553742 36.51134417737351, -78.6184965599892 36.51124369705764)" }, "geometry": { "type": "LineString", "coordinates": [ [ -78.618669835537418, 36.511344177373509 ], [ -78.618496559989197, 36.511243697057637 ] ] } },
{ "type": "Feature", "properties": { "FEEDER_NAME": "GRASSY CREEK", "SUBSTATION_NAME": "Jonathan's X Rd.", "wmType": "SECONDARY OVERHEAD", "WKT": "LINESTRING (-78.6184965599892 36.51124369705764, -78.61833256325632 36.511302511276895)" }, "geometry": { "type": "LineString", "coordinates": [ [ -78.618496559989197, 36.511243697057637 ], [ -78.618332563256317, 36.511302511276895 ] ] } },
{ "type": "Feature", "properties": { "FEEDER_NAME": "GRASSY CREEK", "SUBSTATION_NAME": "Jonathan's X Rd.", "wmType": "SECONDARY OVERHEAD", "WKT": "LINESTRING (-78.62107259027076 36.511917809870035, -78.62103737216188 36.511919661151346, -78.6207895286453 36.51216038473887)" }, "geometry": { "type": "LineString", "coordinates": [ [ -78.621072590270757, 36.511917809870035 ], [ -78.621037372161879, 36.511919661151346 ], [ -78.620789528645304, 36.51216038473887 ] ] } },
{ "type": "Feature", "properties": { "FEEDER_NAME": "GRASSY CREEK", "SUBSTATION_NAME": "Jonathan's X Rd.", "wmType": "SECONDARY OVERHEAD", "WKT": "LINESTRING (-78.62107259027076 36.511917809870035, -78.62134746568192 36.511614351534476)" }, "geometry": { "type": "LineString", "coordinates": [ [ -78.621072590270757, 36.511917809870035 ], [ -78.621347465681922, 36.511614351534476 ] ] } },
{ "type": "Feature", "properties": { "FEEDER_NAME": "GRASSY CREEK", "SUBSTATION_NAME": "Jonathan's X Rd.", "wmType": "SECONDARY OVERHEAD", "WKT": "LINESTRING (-78.62328053702618 36.51413261622891, -78.62285617551447 36.514338533782215)" }, "geometry": { "type": "LineString", "coordinates": [ [ -78.623280537026176, 36.514132616228913 ], [ -78.622856175514471, 36.514338533782215 ] ] } },
{ "type": "Feature", "properties": { "FEEDER_NAME": "GRASSY CREEK", "SUBSTATION_NAME": "Jonathan's X Rd.", "wmType": "SECONDARY OVERHEAD", "WKT": "LINESTRING (-78.62285617551447 36.514338533782215, -78.622463633453 36.514516940915115)" }, "geometry": { "type": "LineString", "coordinates": [ [ -78.622856175514471, 36.514338533782215 ], [ -78.622463633452995, 36.514516940915115 ] ] } },
{ "type": "Feature", "properties": { "FEEDER_NAME": "GRASSY CREEK", "SUBSTATION_NAME": "Jonathan's X Rd.", "wmType": "SECONDARY OVERHEAD", "WKT": "LINESTRING (-78.62427310400325 36.51343808645054, -78.62452262488992 36.5133306385823)" }, "geometry": { "type": "LineString", "coordinates": [ [ -78.624273104003251, 36.513438086450542 ], [ -78.62452262488992, 36.513330638582303 ] ] } },
{ "type": "Feature", "properties": { "FEEDER_NAME": "GRASSY CREEK", "SUBSTATION_NAME": "Jonathan's X Rd.", "wmType": "SECONDARY OVERHEAD", "WKT": "LINESTRING (-78.62452262488992 36.5133306385823, -78.62477760849181 36.51321928005628)" }, "geometry": { "type": "LineString", "coordinates": [ [ -78.62452262488992, 36.513330638582303 ], [ -78.624777608491812, 36.513219280056283 ] ] } },
{ "type": "Feature", "properties": { "FEEDER_NAME": "GRASSY CREEK", "SUBSTATION_NAME": "Jonathan's X Rd.", "wmType": "SECONDARY OVERHEAD", "WKT": "LINESTRING (-78.62495925623034 36.513990565565656, -78.62513763058872 36.513996982513504)" }, "geometry": { "type": "LineString", "coordinates": [ [ -78.624959256230341, 36.513990565565656 ], [ -78.625137630588725, 36.513996982513504 ] ] } },
{ "type": "Feature", "properties": { "FEEDER_NAME": "GRASSY CREEK", "SUBSTATION_NAME": "Jonathan's X Rd.", "wmType": "SECONDARY OVERHEAD", "WKT": "LINESTRING (-78.62440865728303 36.51451886435073, -78.62447027019931 36.51458570739289)" }, "geometry": { "type": "LineString", "coordinates": [ [ -78.624408657283027, 36.514518864350727 ], [ -78.624470270199311, 36.514585707392889 ] ] } },
{ "type": "Feature", "properties": { "FEEDER_NAME": "GRASSY CREEK", "SUBSTATION_NAME": "Jonathan's X Rd.", "wmType": "SECONDARY OVERHEAD", "WKT": "LINESTRING (-78.62181200497811 36.52071376654765, -78.62164144047911 36.5207030879576)" }, "geometry": { "type": "LineString", "coordinates": [ [ -78.621812004978111, 36.520713766547651 ], [ -78.62164144047911, 36.5207030879576 ] ] } },
{ "type": "Feature", "properties": { "FEEDER_NAME": "GRASSY CREEK", "SUBSTATION_NAME": "Jonathan's X Rd.", "wmType": "SECONDARY OVERHEAD", "WKT": "LINESTRING (-78.62181200497811 36.52071376654765, -78.6213702886082 36.52087581927307)" }, "geometry": { "type": "LineString", "coordinates": [ [ -78.621812004978111, 36.520713766547651 ], [ -78.621370288608205, 36.520875819273073 ] ] } },
{ "type": "Feature", "properties": { "FEEDER_NAME": "GRASSY CREEK", "SUBSTATION_NAME": "Jonathan's X Rd.", "wmType": "SECONDARY OVERHEAD", "WKT": "LINESTRING (-78.6172160473325 36.52040411559016, -78.61741846638078 36.52042190782743)" }, "geometry": { "type": "LineString", "coordinates": [ [ -78.617216047332505, 36.520404115590161 ], [ -78.617418466380784, 36.520421907827433 ] ] } },
{ "type": "Feature", "properties": { "FEEDER_NAME": "GRASSY CREEK", "SUBSTATION_NAME": "Jonathan's X Rd.", "wmType": "SECONDARY OVERHEAD", "WKT": "LINESTRING (-78.6099068423042 36.531484055630976, -78.60966965388344 36.53172398003237)" }, "geometry": { "type": "LineString", "coordinates": [ [ -78.609906842304198, 36.531484055630976 ], [ -78.609669653883444, 36.531723980032368 ] ] } },
{ "type": "Feature", "properties": { "FEEDER_NAME": "GRASSY CREEK", "SUBSTATION_NAME": "Jonathan's X Rd.", "wmType": "SECONDARY OVERHEAD", "WKT": "LINESTRING (-78.6108728627765 36.52735314064593, -78.61091852640237 36.52753250980967)" }, "geometry": { "type": "LineString", "coordinates": [ [ -78.610872862776503, 36.527353140645928 ], [ -78.610918526402372, 36.527532509809667 ] ] } },
{ "type": "Feature", "properties": { "FEEDER_NAME": "GRASSY CREEK", "SUBSTATION_NAME": "Jonathan's X Rd.", "wmType": "SECONDARY OVERHEAD", "WKT": "LINESTRING (-78.61178002735079 36.52479000033013, -78.61199600441597 36.52474108154464)" }, "geometry": { "type": "LineString", "coordinates": [ [ -78.61178002735079, 36.524790000330128 ], [ -78.611996004415971, 36.52474108154464 ] ] } },
{ "type": "Feature", "properties": { "FEEDER_NAME": "GRASSY CREEK", "SUBSTATION_NAME": "Jonathan's X Rd.", "wmType": "SECONDARY OVERHEAD", "WKT": "LINESTRING (-78.61895315749577 36.52104291660621, -78.61863070470717 36.521207993349584)" }, "geometry": { "type": "LineString", "coordinates": [ [ -78.618953157495767, 36.521042916606213 ], [ -78.618630704707172, 36.521207993349584 ] ] } },
{ "type": "Feature", "properties": { "FEEDER_NAME": "GRASSY CREEK", "SUBSTATION_NAME": "Jonathan's X Rd.", "wmType": "SECONDARY OVERHEAD", "WKT": "LINESTRING (-78.6270457698525 36.525516864425576, -78.62685779408793 36.52547186699271)" }, "geometry": { "type": "LineString", "coordinates": [ [ -78.627045769852501, 36.525516864425576 ], [ -78.626857794087925, 36.52547186699271 ] ] } },
{ "type": "Feature", "properties": { "FEEDER_NAME": "GRASSY CREEK", "SUBSTATION_NAME": "Jonathan's X Rd.", "wmType": "SECONDARY OVERHEAD", "WKT": "LINESTRING (-78.6270457698525 36.525516864425576, -78.62673546340909 36.52551688454062)" }, "geometry": { "type": "LineString", "coordinates": [ [ -78.627045769852501, 36.525516864425576 ], [ -78.626735463409091, 36.525516884540622 ] ] } },
{ "type": "Feature", "properties": { "FEEDER_NAME": "GRASSY CREEK", "SUBSTATION_NAME": "Jonathan's X Rd.", "wmType": "SECONDARY OVERHEAD", "WKT": "LINESTRING (-78.63608696908187 36.53981191865041, -78.6358388160591 36.53982826724009)" }, "geometry": { "type": "LineString", "coordinates": [ [ -78.636086969081873, 36.539811918650408 ], [ -78.635838816059106, 36.53982826724009 ] ] } },
{ "type": "Feature", "properties": { "FEEDER_NAME": "GRASSY CREEK", "SUBSTATION_NAME": "Jonathan's X Rd.", "wmType": "SECONDARY OVERHEAD", "WKT": "LINESTRING (-78.63390297369675 36.53848393003437, -78.63396247267163 36.53866849982092)" }, "geometry": { "type": "LineString", "coordinates": [ [ -78.633902973696749, 36.538483930034367 ], [ -78.633962472671627, 36.538668499820922 ] ] } },
{ "type": "Feature", "properties": { "FEEDER_NAME": "GRASSY CREEK", "SUBSTATION_NAME": "Jonathan's X Rd.", "wmType": "SECONDARY OVERHEAD", "WKT": "LINESTRING (-78.63396247267163 36.53866849982092, -78.6337074590754 36.53885356164514)" }, "geometry": { "type": "LineString", "coordinates": [ [ -78.633962472671627, 36.538668499820922 ], [ -78.633707459075396, 36.538853561645141 ] ] } },
{ "type": "Feature", "properties": { "FEEDER_NAME": "GRASSY CREEK", "SUBSTATION_NAME": "Jonathan's X Rd.", "wmType": "SECONDARY OVERHEAD", "WKT": "LINESTRING (-78.64311167551207 36.53796761627605, -78.64307659639142 36.53772080541517)" }, "geometry": { "type": "LineString", "coordinates": [ [ -78.643111675512074, 36.537967616276049 ], [ -78.643076596391424, 36.537720805415169 ] ] } },
{ "type": "Feature", "properties": { "FEEDER_NAME": "GRASSY CREEK", "SUBSTATION_NAME": "Jonathan's X Rd.", "wmType": "SECONDARY OVERHEAD", "WKT": "LINESTRING (-78.64307659639142 36.53772080541517, -78.6432433408189 36.53775181113032)" }, "geometry": { "type": "LineString", "coordinates": [ [ -78.643076596391424, 36.537720805415169 ], [ -78.643243340818898, 36.53775181113032 ] ] } },
{ "type": "Feature", "properties": { "FEEDER_NAME": "GRASSY CREEK", "SUBSTATION_NAME": "Jonathan's X Rd.", "wmType": "SECONDARY OVERHEAD", "WKT": "LINESTRING (-78.64288459562626 36.538350600958644, -78.64303313888166 36.53839955249315)" }, "geometry": { "type": "LineString", "coordinates": [ [ -78.642884595626256, 36.538350600958644 ], [ -78.643033138881663, 36.538399552493154 ] ] } },
{ "type": "Feature", "properties": { "FEEDER_NAME": "GRASSY CREEK", "SUBSTATION_NAME": "Jonathan's X Rd.", "wmType": "SECONDARY OVERHEAD", "WKT": "LINESTRING (-78.64288459562626 36.538350600958644, -78.64333836631224 36.53832107460412)" }, "geometry": { "type": "LineString", "coordinates": [ [ -78.642884595626256, 36.538350600958644 ], [ -78.643338366312236, 36.53832107460412 ] ] } },
{ "type": "Feature", "properties": { "FEEDER_NAME": "GRASSY CREEK", "SUBSTATION_NAME": "Jonathan's X Rd.", "wmType": "SECONDARY OVERHEAD", "WKT": "LINESTRING (-78.64288459562626 36.538350600958644, -78.64277955701847 36.53816955522242)" }, "geometry": { "type": "LineString", "coordinates": [ [ -78.642884595626256, 36.538350600958644 ], [ -78.642779557018471, 36.538169555222417 ] ] } },
{ "type": "Feature", "properties": { "FEEDER_NAME": "GRASSY CREEK", "SUBSTATION_NAME": "Jonathan's X Rd.", "wmType": "SECONDARY OVERHEAD", "WKT": "LINESTRING (-78.64277955701847 36.53816955522242, -78.64265295274608 36.537949007052944)" }, "geometry": { "type": "LineString", "coordinates": [ [ -78.642779557018471, 36.538169555222417 ], [ -78.642652952746076, 36.537949007052944 ] ] } },
{ "type": "Feature", "properties": { "FEEDER_NAME": "GRASSY CREEK", "SUBSTATION_NAME": "Jonathan's X Rd.", "wmType": "SECONDARY OVERHEAD", "WKT": "LINESTRING (-78.64093559274811 36.538678778592086, -78.6411521631655 36.53889681479369)" }, "geometry": { "type": "LineString", "coordinates": [ [ -78.640935592748107, 36.538678778592086 ], [ -78.641152163165501, 36.538896814793688 ] ] } },
{ "type": "Feature", "properties": { "FEEDER_NAME": "GRASSY CREEK", "SUBSTATION_NAME": "Jonathan's X Rd.", "wmType": "SECONDARY OVERHEAD", "WKT": "LINESTRING (-78.6411521631655 36.53889681479369, -78.64139604619388 36.53912627346412)" }, "geometry": { "type": "LineString", "coordinates": [ [ -78.641152163165501, 36.538896814793688 ], [ -78.641396046193876, 36.53912627346412 ] ] } },
{ "type": "Feature", "properties": { "FEEDER_NAME": "GRASSY CREEK", "SUBSTATION_NAME": "Jonathan's X Rd.", "wmType": "SECONDARY OVERHEAD", "WKT": "LINESTRING (-78.63505279995223 36.53853227715448, -78.6345884714515 36.5385773125689)" }, "geometry": { "type": "LineString", "coordinates": [ [ -78.635052799952234, 36.538532277154481 ], [ -78.634588471451494, 36.538577312568897 ] ] } },
{ "type": "Feature", "properties": { "FEEDER_NAME": "GRASSY CREEK", "SUBSTATION_NAME": "Jonathan's X Rd.", "wmType": "SECONDARY OVERHEAD", "WKT": "LINESTRING (-78.6345884714515 36.5385773125689, -78.63440710844272 36.53879302741694)" }, "geometry": { "type": "LineString", "coordinates": [ [ -78.634588471451494, 36.538577312568897 ], [ -78.634407108442716, 36.538793027416943 ] ] } },
{ "type": "Feature", "properties": { "FEEDER_NAME": "GRASSY CREEK", "SUBSTATION_NAME": "Jonathan's X Rd.", "wmType": "SECONDARY OVERHEAD", "WKT": "LINESTRING (-78.63359609163925 36.53711402070199, -78.63349453598117 36.53692050943578)" }, "geometry": { "type": "LineString", "coordinates": [ [ -78.633596091639248, 36.537114020701992 ], [ -78.633494535981171, 36.536920509435781 ] ] } },
{ "type": "Feature", "properties": { "FEEDER_NAME": "GRASSY CREEK", "SUBSTATION_NAME": "Jonathan's X Rd.", "wmType": "SECONDARY OVERHEAD", "WKT": "LINESTRING (-78.63359609163925 36.53711402070199, -78.63317701263306 36.53735698151436)" }, "geometry": { "type": "LineString", "coordinates": [ [ -78.633596091639248, 36.537114020701992 ], [ -78.633177012633055, 36.537356981514357 ] ] } },
{ "type": "Feature", "properties": { "FEEDER_NAME": "GRASSY CREEK", "SUBSTATION_NAME": "Jonathan's X Rd.", "wmType": "SECONDARY OVERHEAD", "WKT": "LINESTRING (-78.63451602971038 36.53702197891558, -78.63482302729024 36.53736198869446)" }, "geometry": { "type": "LineString", "coordinates": [ [ -78.634516029710383, 36.537021978915583 ], [ -78.634823027290238, 36.537361988694457 ] ] } },
{ "type": "Feature", "properties": { "FEEDER_NAME": "GRASSY CREEK", "SUBSTATION_NAME": "Jonathan's X Rd.", "wmType": "SECONDARY OVERHEAD", "WKT": "LINESTRING (-78.63256189261912 36.53511515611686, -78.63268137000466 36.53525219195411)" }, "geometry": { "type": "LineString", "coordinates": [ [ -78.632561892619123, 36.535115156116859 ], [ -78.632681370004661, 36.535252191954108 ] ] } },
{ "type": "Feature", "properties": { "FEEDER_NAME": "GRASSY CREEK", "SUBSTATION_NAME": "Jonathan's X Rd.", "wmType": "SECONDARY OVERHEAD", "WKT": "LINESTRING (-78.62010253112388 36.53599499120831, -78.61996717332991 36.53611868341777)" }, "geometry": { "type": "LineString", "coordinates": [ [ -78.620102531123877, 36.535994991208312 ], [ -78.619967173329911, 36.536118683417769 ] ] } },
{ "type": "Feature", "properties": { "FEEDER_NAME": "GRASSY CREEK", "SUBSTATION_NAME": "Jonathan's X Rd.", "wmType": "SECONDARY OVERHEAD", "WKT": "LINESTRING (-78.61996717332991 36.53611868341777, -78.61986166049762 36.53623285532606)" }, "geometry": { "type": "LineString", "coordinates": [ [ -78.619967173329911, 36.536118683417769 ], [ -78.619861660497619, 36.536232855326062 ] ] } },
{ "type": "Feature", "properties": { "FEEDER_NAME": "GRASSY CREEK", "SUBSTATION_NAME": "Jonathan's X Rd.", "wmType": "SECONDARY OVERHEAD", "WKT": "LINESTRING (-78.62319683668937 36.53539813109335, -78.62327371841991 36.53534711856818)" }, "geometry": { "type": "LineString", "coordinates": [ [ -78.623196836689374, 36.535398131093352 ], [ -78.62327371841991, 36.535347118568183 ] ] } },
{ "type": "Feature", "properties": { "FEEDER_NAME": "GRASSY CREEK", "SUBSTATION_NAME": "Jonathan's X Rd.", "wmType": "SECONDARY OVERHEAD", "WKT": "LINESTRING (-78.62327371841991 36.53534711856818, -78.62323951615237 36.53531740088014)" }, "geometry": { "type": "LineString", "coordinates": [ [ -78.62327371841991, 36.535347118568183 ], [ -78.623239516152367, 36.535317400880139 ] ] } },
{ "type": "Feature", "properties": { "FEEDER_NAME": "GRASSY CREEK", "SUBSTATION_NAME": "Jonathan's X Rd.", "wmType": "SECONDARY OVERHEAD", "WKT": "LINESTRING (-78.62359767506521 36.531892559480006, -78.62367281397293 36.53160331906006)" }, "geometry": { "type": "LineString", "coordinates": [ [ -78.623597675065213, 36.531892559480006 ], [ -78.623672813972931, 36.531603319060061 ] ] } },
{ "type": "Feature", "properties": { "FEEDER_NAME": "GRASSY CREEK", "SUBSTATION_NAME": "Jonathan's X Rd.", "wmType": "SECONDARY OVERHEAD", "WKT": "LINESTRING (-78.63185058696064 36.53342731970336, -78.6315923454579 36.53337409471542)" }, "geometry": { "type": "LineString", "coordinates": [ [ -78.631850586960638, 36.533427319703357 ], [ -78.631592345457904, 36.53337409471542 ] ] } },
{ "type": "Feature", "properties": { "FEEDER_NAME": "GRASSY CREEK", "SUBSTATION_NAME": "Jonathan's X Rd.", "wmType": "SECONDARY OVERHEAD", "WKT": "LINESTRING (-78.6315923454579 36.53337409471542, -78.6314056397719 36.53333485068006)" }, "geometry": { "type": "LineString", "coordinates": [ [ -78.631592345457904, 36.53337409471542 ], [ -78.631405639771899, 36.533334850680063 ] ] } },
{ "type": "Feature", "properties": { "FEEDER_NAME": "GRASSY CREEK", "SUBSTATION_NAME": "Jonathan's X Rd.", "wmType": "SECONDARY OVERHEAD", "WKT": "LINESTRING (-78.62874468062313 36.5273093700473, -78.62847960792855 36.5275113919178)" }, "geometry": { "type": "LineString", "coordinates": [ [ -78.628744680623129, 36.527309370047298 ], [ -78.628479607928554, 36.527511391917798 ] ] } },
{ "type": "Feature", "properties": { "FEEDER_NAME": "GRASSY CREEK", "SUBSTATION_NAME": "Jonathan's X Rd.", "wmType": "SECONDARY OVERHEAD", "WKT": "LINESTRING (-78.62780863105372 36.52680463453691, -78.62769713905801 36.52672049566965)" }, "geometry": { "type": "LineString", "coordinates": [ [ -78.627808631053725, 36.526804634536909 ], [ -78.627697139058014, 36.52672049566965 ] ] } },
{ "type": "Feature", "properties": { "FEEDER_NAME": "GRASSY CREEK", "SUBSTATION_NAME": "Jonathan's X Rd.", "wmType": "SECONDARY OVERHEAD", "WKT": "LINESTRING (-78.62780863105372 36.52680463453691, -78.62783219860621 36.5269676953422)" }, "geometry": { "type": "LineString", "coordinates": [ [ -78.627808631053725, 36.526804634536909 ], [ -78.627832198606214, 36.526967695342201 ] ] } },
{ "type": "Feature", "properties": { "FEEDER_NAME": "GRASSY CREEK", "SUBSTATION_NAME": "Jonathan's X Rd.", "wmType": "SECONDARY OVERHEAD", "WKT": "LINESTRING (-78.6278896094576 36.5259571443659, -78.62806584099252 36.52595067351922)" }, "geometry": { "type": "LineString", "coordinates": [ [ -78.627889609457597, 36.525957144365897 ], [ -78.628065840992519, 36.525950673519219 ] ] } },
{ "type": "Feature", "properties": { "FEEDER_NAME": "GRASSY CREEK", "SUBSTATION_NAME": "Jonathan's X Rd.", "wmType": "SECONDARY OVERHEAD", "WKT": "LINESTRING (-78.62806584099252 36.52595067351922, -78.62824487398186 36.52600331361993)" }, "geometry": { "type": "LineString", "coordinates": [ [ -78.628065840992519, 36.525950673519219 ], [ -78.628244873981856, 36.526003313619931 ] ] } },
{ "type": "Feature", "properties": { "FEEDER_NAME": "GRASSY CREEK", "SUBSTATION_NAME": "Jonathan's X Rd.", "wmType": "SECONDARY OVERHEAD", "WKT": "LINESTRING (-78.62760913388702 36.5255931641221, -78.62725641508241 36.52573458006578)" }, "geometry": { "type": "LineString", "coordinates": [ [ -78.62760913388702, 36.5255931641221 ], [ -78.627256415082414, 36.52573458006578 ] ] } },
{ "type": "Feature", "properties": { "FEEDER_NAME": "GRASSY CREEK", "SUBSTATION_NAME": "Jonathan's X Rd.", "wmType": "SECONDARY OVERHEAD", "WKT": "LINESTRING (-78.62725641508241 36.52573458006578, -78.62710204743559 36.525866152401065)" }, "geometry": { "type": "LineString", "coordinates": [ [ -78.627256415082414, 36.52573458006578 ], [ -78.627102047435585, 36.525866152401065 ] ] } },
{ "type": "Feature", "properties": { "FEEDER_NAME": "GRASSY CREEK", "SUBSTATION_NAME": "Jonathan's X Rd.", "wmType": "SECONDARY OVERHEAD", "WKT": "LINESTRING (-78.62619899427939 36.524511880560084, -78.62597374722893 36.524381156687234)" }, "geometry": { "type": "LineString", "coordinates": [ [ -78.626198994279392, 36.524511880560084 ], [ -78.625973747228926, 36.524381156687234 ] ] } },
{ "type": "Feature", "properties": { "FEEDER_NAME": "GRASSY CREEK", "SUBSTATION_NAME": "Jonathan's X Rd.", "wmType": "SECONDARY OVERHEAD", "WKT": "LINESTRING (-78.62619899427939 36.524511880560084, -78.62558551642172 36.524348250285854)" }, "geometry": { "type": "LineString", "coordinates": [ [ -78.626198994279392, 36.524511880560084 ], [ -78.625585516421722, 36.524348250285854 ] ] } },
{ "type": "Feature", "properties": { "FEEDER_NAME": "GRASSY CREEK", "SUBSTATION_NAME": "Jonathan's X Rd.", "wmType": "SECONDARY OVERHEAD", "WKT": "LINESTRING (-78.62558551642172 36.524348250285854, -78.62563580589709 36.524158575742554)" }, "geometry": { "type": "LineString", "coordinates": [ [ -78.625585516421722, 36.524348250285854 ], [ -78.62563580589709, 36.524158575742554 ] ] } },
{ "type": "Feature", "properties": { "FEEDER_NAME": "GRASSY CREEK", "SUBSTATION_NAME": "Jonathan's X Rd.", "wmType": "SECONDARY OVERHEAD", "WKT": "LINESTRING (-78.6256904788623 36.521802036230866, -78.62567124052373 36.52198051713848)" }, "geometry": { "type": "LineString", "coordinates": [ [ -78.625690478862296, 36.521802036230866 ], [ -78.625671240523729, 36.521980517138481 ] ] } },
{ "type": "Feature", "properties": { "FEEDER_NAME": "GRASSY CREEK", "SUBSTATION_NAME": "Jonathan's X Rd.", "wmType": "SECONDARY OVERHEAD", "WKT": "LINESTRING (-78.62477616822113 36.52217331222075, -78.62455163449454 36.52243949679603)" }, "geometry": { "type": "LineString", "coordinates": [ [ -78.624776168221132, 36.522173312220751 ], [ -78.624551634494537, 36.522439496796032 ] ] } },
{ "type": "Feature", "properties": { "FEEDER_NAME": "GRASSY CREEK", "SUBSTATION_NAME": "Jonathan's X Rd.", "wmType": "SECONDARY OVERHEAD", "WKT": "LINESTRING (-78.62477616822113 36.52217331222075, -78.6247837639778 36.52250015772965)" }, "geometry": { "type": "LineString", "coordinates": [ [ -78.624776168221132, 36.522173312220751 ], [ -78.624783763977803, 36.522500157729652 ] ] } },
{ "type": "Feature", "properties": { "FEEDER_NAME": "GRASSY CREEK", "SUBSTATION_NAME": "Jonathan's X Rd.", "wmType": "SECONDARY OVERHEAD", "WKT": "LINESTRING (-78.6232021469992 36.52037673519123, -78.62298463941887 36.52010411836468)" }, "geometry": { "type": "LineString", "coordinates": [ [ -78.623202146999205, 36.520376735191228 ], [ -78.622984639418874, 36.520104118364678 ] ] } },
{ "type": "Feature", "properties": { "FEEDER_NAME": "GRASSY CREEK", "SUBSTATION_NAME": "Jonathan's X Rd.", "wmType": "SECONDARY OVERHEAD", "WKT": "LINESTRING (-78.62339828028121 36.516304259901545, -78.62397079310973 36.51661469056249)" }, "geometry": { "type": "LineString", "coordinates": [ [ -78.623398280281208, 36.516304259901545 ], [ -78.623970793109734, 36.516614690562491 ] ] } },
{ "type": "Feature", "properties": { "FEEDER_NAME": "GRASSY CREEK", "SUBSTATION_NAME": "Jonathan's X Rd.", "wmType": "SECONDARY OVERHEAD", "WKT": "LINESTRING (-78.62388343287772 36.514706625550936, -78.62384561702675 36.51449948364032)" }, "geometry": { "type": "LineString", "coordinates": [ [ -78.623883432877719, 36.514706625550936 ], [ -78.623845617026745, 36.514499483640321 ] ] } },
{ "type": "Feature", "properties": { "FEEDER_NAME": "GRASSY CREEK", "SUBSTATION_NAME": "Jonathan's X Rd.", "wmType": "SECONDARY OVERHEAD", "WKT": "LINESTRING (-78.62832886366994 36.51681489699407, -78.6283340353257 36.51660964461274)" }, "geometry": { "type": "LineString", "coordinates": [ [ -78.628328863669935, 36.51681489699407 ], [ -78.628334035325693, 36.516609644612743 ] ] } },
{ "type": "Feature", "properties": { "FEEDER_NAME": "GRASSY CREEK", "SUBSTATION_NAME": "Jonathan's X Rd.", "wmType": "SECONDARY OVERHEAD", "WKT": "LINESTRING (-78.6283340353257 36.51660964461274, -78.62859568484294 36.516323707853324)" }, "geometry": { "type": "LineString", "coordinates": [ [ -78.628334035325693, 36.516609644612743 ], [ -78.628595684842935, 36.516323707853324 ] ] } },
{ "type": "Feature", "properties": { "FEEDER_NAME": "GRASSY CREEK", "SUBSTATION_NAME": "Jonathan's X Rd.", "wmType": "SECONDARY OVERHEAD", "WKT": "LINESTRING (-78.630612681521 36.51647630530553, -78.6302084686872 36.51634317939431)" }, "geometry": { "type": "LineString", "coordinates": [ [ -78.630612681521001, 36.516476305305531 ], [ -78.630208468687201, 36.516343179394312 ] ] } },
{ "type": "Feature", "properties": { "FEEDER_NAME": "GRASSY CREEK", "SUBSTATION_NAME": "Jonathan's X Rd.", "wmType": "SECONDARY OVERHEAD", "WKT": "LINESTRING (-78.6302084686872 36.51634317939431, -78.62994187168836 36.51622911909525)" }, "geometry": { "type": "LineString", "coordinates": [ [ -78.630208468687201, 36.516343179394312 ], [ -78.629941871688359, 36.51622911909525 ] ] } },
{ "type": "Feature", "properties": { "FEEDER_NAME": "GRASSY CREEK", "SUBSTATION_NAME": "Jonathan's X Rd.", "wmType": "SECONDARY OVERHEAD", "WKT": "LINESTRING (-78.63210086186068 36.51630036731574, -78.63194000475299 36.51642630702852)" }, "geometry": { "type": "LineString", "coordinates": [ [ -78.632100861860678, 36.516300367315743 ], [ -78.631940004752991, 36.516426307028517 ] ] } },
{ "type": "Feature", "properties": { "FEEDER_NAME": "GRASSY CREEK", "SUBSTATION_NAME": "Jonathan's X Rd.", "wmType": "SECONDARY OVERHEAD", "WKT": "LINESTRING (-78.63210086186068 36.51630036731574, -78.63232792265349 36.51617802411585)" }, "geometry": { "type": "LineString", "coordinates": [ [ -78.632100861860678, 36.516300367315743 ], [ -78.632327922653488, 36.516178024115852 ] ] } },
{ "type": "Feature", "properties": { "FEEDER_NAME": "GRASSY CREEK", "SUBSTATION_NAME": "Jonathan's X Rd.", "wmType": "SECONDARY OVERHEAD", "WKT": "LINESTRING (-78.63456795866581 36.51488022441013, -78.63443937845383 36.51459001160366)" }, "geometry": { "type": "LineString", "coordinates": [ [ -78.634567958665812, 36.514880224410128 ], [ -78.634439378453834, 36.514590011603659 ] ] } },
{ "type": "Feature", "properties": { "FEEDER_NAME": "GRASSY CREEK", "SUBSTATION_NAME": "Jonathan's X Rd.", "wmType": "SECONDARY OVERHEAD", "WKT": "LINESTRING (-78.63555599932592 36.51617867421428, -78.63542403284372 36.516292165877466)" }, "geometry": { "type": "LineString", "coordinates": [ [ -78.635555999325916, 36.516178674214281 ], [ -78.635424032843716, 36.516292165877466 ] ] } },
{ "type": "Feature", "properties": { "FEEDER_NAME": "GRASSY CREEK", "SUBSTATION_NAME": "Jonathan's X Rd.", "wmType": "SECONDARY OVERHEAD", "WKT": "LINESTRING (-78.63264352510062 36.498173100313075, -78.63291435584239 36.498084445038785)" }, "geometry": { "type": "LineString", "coordinates": [ [ -78.632643525100619, 36.498173100313075 ], [ -78.632914355842388, 36.498084445038785 ] ] } },
{ "type": "Feature", "properties": { "FEEDER_NAME": "GRASSY CREEK", "SUBSTATION_NAME": "Jonathan's X Rd.", "wmType": "SECONDARY OVERHEAD", "WKT": "LINESTRING (-78.62924329626387 36.499840263423586, -78.62948040400497 36.49997068292031)" }, "geometry": { "type": "LineString", "coordinates": [ [ -78.629243296263866, 36.499840263423586 ], [ -78.629480404004966, 36.499970682920313 ] ] } },
{ "type": "Feature", "properties": { "FEEDER_NAME": "GRASSY CREEK", "SUBSTATION_NAME": "Jonathan's X Rd.", "wmType": "SECONDARY OVERHEAD", "WKT": "LINESTRING (-78.62881515680795 36.50438158568342, -78.62889268863816 36.50422347315516)" }, "geometry": { "type": "LineString", "coordinates": [ [ -78.628815156807946, 36.504381585683419 ], [ -78.62889268863816, 36.504223473155157 ] ] } },
{ "type": "Feature", "properties": { "FEEDER_NAME": "GRASSY CREEK", "SUBSTATION_NAME": "Jonathan's X Rd.", "wmType": "SECONDARY OVERHEAD", "WKT": "LINESTRING (-78.63073525150028 36.50463657022197, -78.63078533051257 36.50454902193816)" }, "geometry": { "type": "LineString", "coordinates": [ [ -78.630735251500283, 36.504636570221969 ], [ -78.630785330512566, 36.504549021938161 ] ] } },
{ "type": "Feature", "properties": { "FEEDER_NAME": "GRASSY CREEK", "SUBSTATION_NAME": "Jonathan's X Rd.", "wmType": "SECONDARY OVERHEAD", "WKT": "LINESTRING (-78.63078533051257 36.50454902193816, -78.63090894734088 36.5046556986655)" }, "geometry": { "type": "LineString", "coordinates": [ [ -78.630785330512566, 36.504549021938161 ], [ -78.630908947340885, 36.504655698665502 ] ] } },
{ "type": "Feature", "properties": { "FEEDER_NAME": "GRASSY CREEK", "SUBSTATION_NAME": "Jonathan's X Rd.", "wmType": "SECONDARY OVERHEAD", "WKT": "LINESTRING (-78.63010595907674 36.504855553687264, -78.63040043201808 36.50517603262419)" }, "geometry": { "type": "LineString", "coordinates": [ [ -78.630105959076744, 36.504855553687264 ], [ -78.630400432018078, 36.505176032624192 ] ] } },
{ "type": "Feature", "properties": { "FEEDER_NAME": "GRASSY CREEK", "SUBSTATION_NAME": "Jonathan's X Rd.", "wmType": "SECONDARY OVERHEAD", "WKT": "LINESTRING (-78.63124954674846 36.50524016864587, -78.63105375747875 36.50541021648766)" }, "geometry": { "type": "LineString", "coordinates": [ [ -78.631249546748464, 36.505240168645869 ], [ -78.631053757478753, 36.505410216487661 ] ] } },
{ "type": "Feature", "properties": { "FEEDER_NAME": "GRASSY CREEK", "SUBSTATION_NAME": "Jonathan's X Rd.", "wmType": "SECONDARY OVERHEAD", "WKT": "LINESTRING (-78.63715779644515 36.508231772742555, -78.63691512683296 36.50823880108494)" }, "geometry": { "type": "LineString", "coordinates": [ [ -78.637157796445152, 36.508231772742555 ], [ -78.63691512683296, 36.508238801084943 ] ] } },
{ "type": "Feature", "properties": { "FEEDER_NAME": "GRASSY CREEK", "SUBSTATION_NAME": "Jonathan's X Rd.", "wmType": "SECONDARY OVERHEAD", "WKT": "LINESTRING (-78.63712354315855 36.509726018564834, -78.63714011471214 36.50956101303946)" }, "geometry": { "type": "LineString", "coordinates": [ [ -78.637123543158552, 36.509726018564834 ], [ -78.637140114712139, 36.509561013039459 ] ] } },
{ "type": "Feature", "properties": { "FEEDER_NAME": "GRASSY CREEK", "SUBSTATION_NAME": "Jonathan's X Rd.", "wmType": "SECONDARY OVERHEAD", "WKT": "LINESTRING (-78.637789041433 36.513543234123794, -78.63780107140626 36.51372719808017)" }, "geometry": { "type": "LineString", "coordinates": [ [ -78.637789041432995, 36.513543234123794 ], [ -78.637801071406258, 36.513727198080169 ] ] } },
{ "type": "Feature", "properties": { "FEEDER_NAME": "GRASSY CREEK", "SUBSTATION_NAME": "Jonathan's X Rd.", "wmType": "SECONDARY OVERHEAD", "WKT": "LINESTRING (-78.637789041433 36.513543234123794, -78.63778700089667 36.51365461243729)" }, "geometry": { "type": "LineString", "coordinates": [ [ -78.637789041432995, 36.513543234123794 ], [ -78.637787000896665, 36.513654612437293 ] ] } },
{ "type": "Feature", "properties": { "FEEDER_NAME": "GRASSY CREEK", "SUBSTATION_NAME": "Jonathan's X Rd.", "wmType": "SECONDARY OVERHEAD", "WKT": "LINESTRING (-78.640220329205 36.51416458270152, -78.64035893479002 36.51396158779197)" }, "geometry": { "type": "LineString", "coordinates": [ [ -78.640220329204993, 36.514164582701518 ], [ -78.640358934790015, 36.513961587791968 ] ] } },
{ "type": "Feature", "properties": { "FEEDER_NAME": "GRASSY CREEK", "SUBSTATION_NAME": "Jonathan's X Rd.", "wmType": "SECONDARY OVERHEAD", "WKT": "LINESTRING (-78.64035893479002 36.51396158779197, -78.64063202750525 36.513749154332544)" }, "geometry": { "type": "LineString", "coordinates": [ [ -78.640358934790015, 36.513961587791968 ], [ -78.640632027505248, 36.513749154332544 ] ] } },
{ "type": "Feature", "properties": { "FEEDER_NAME": "GRASSY CREEK", "SUBSTATION_NAME": "Jonathan's X Rd.", "wmType": "SECONDARY OVERHEAD", "WKT": "LINESTRING (-78.64517314263516 36.514693818027055, -78.64524910299555 36.51436696497082)" }, "geometry": { "type": "LineString", "coordinates": [ [ -78.645173142635159, 36.514693818027055 ], [ -78.64524910299555, 36.514366964970819 ] ] } },
{ "type": "Feature", "properties": { "FEEDER_NAME": "GRASSY CREEK", "SUBSTATION_NAME": "Jonathan's X Rd.", "wmType": "SECONDARY OVERHEAD", "WKT": "LINESTRING (-78.64524910299555 36.51436696497082, -78.64535512457336 36.514272705653674)" }, "geometry": { "type": "LineString", "coordinates": [ [ -78.64524910299555, 36.514366964970819 ], [ -78.645355124573356, 36.514272705653674 ] ] } },
{ "type": "Feature", "properties": { "FEEDER_NAME": "GRASSY CREEK", "SUBSTATION_NAME": "Jonathan's X Rd.", "wmType": "SECONDARY OVERHEAD", "WKT": "LINESTRING (-78.64524910299555 36.51436696497082, -78.64523665487192 36.514257934417536)" }, "geometry": { "type": "LineString", "coordinates": [ [ -78.64524910299555, 36.514366964970819 ], [ -78.645236654871923, 36.514257934417536 ] ] } },
{ "type": "Feature", "properties": { "FEEDER_NAME": "GRASSY CREEK", "SUBSTATION_NAME": "Jonathan's X Rd.", "wmType": "SECONDARY OVERHEAD", "WKT": "LINESTRING (-78.64524910299555 36.51436696497082, -78.64565201827045 36.51428897496452)" }, "geometry": { "type": "LineString", "coordinates": [ [ -78.64524910299555, 36.514366964970819 ], [ -78.645652018270454, 36.514288974964522 ] ] } },
{ "type": "Feature", "properties": { "FEEDER_NAME": "GRASSY CREEK", "SUBSTATION_NAME": "Jonathan's X Rd.", "wmType": "SECONDARY OVERHEAD", "WKT": "LINESTRING (-78.64795809451589 36.51510785440903, -78.64788488490389 36.5153376856164)" }, "geometry": { "type": "LineString", "coordinates": [ [ -78.647958094515886, 36.515107854409031 ], [ -78.647884884903888, 36.515337685616402 ] ] } },
{ "type": "Feature", "properties": { "FEEDER_NAME": "GRASSY CREEK", "SUBSTATION_NAME": "Jonathan's X Rd.", "wmType": "SECONDARY OVERHEAD", "WKT": "LINESTRING (-78.64788488490389 36.5153376856164, -78.6478148165945 36.51553159159428)" }, "geometry": { "type": "LineString", "coordinates": [ [ -78.647884884903888, 36.515337685616402 ], [ -78.647814816594504, 36.515531591594282 ] ] } },
{ "type": "Feature", "properties": { "FEEDER_NAME": "GRASSY CREEK", "SUBSTATION_NAME": "Jonathan's X Rd.", "wmType": "SECONDARY OVERHEAD", "WKT": "LINESTRING (-78.65073967103709 36.51702889091838, -78.6506857816664 36.51686957619656)" }, "geometry": { "type": "LineString", "coordinates": [ [ -78.650739671037087, 36.517028890918382 ], [ -78.650685781666397, 36.516869576196562 ] ] } },
{ "type": "Feature", "properties": { "FEEDER_NAME": "GRASSY CREEK", "SUBSTATION_NAME": "Jonathan's X Rd.", "wmType": "SECONDARY OVERHEAD", "WKT": "LINESTRING (-78.65294265142873 36.51903322633385, -78.65302964172238 36.51908294060717)" }, "geometry": { "type": "LineString", "coordinates": [ [ -78.652942651428731, 36.519033226333853 ], [ -78.653029641722384, 36.51908294060717 ] ] } },
{ "type": "Feature", "properties": { "FEEDER_NAME": "GRASSY CREEK", "SUBSTATION_NAME": "Jonathan's X Rd.", "wmType": "SECONDARY OVERHEAD", "WKT": "LINESTRING (-78.6540977313675 36.52178213640516, -78.65433893799732 36.52172173391308)" }, "geometry": { "type": "LineString", "coordinates": [ [ -78.6540977313675, 36.521782136405157 ], [ -78.654338937997323, 36.521721733913083 ] ] } },
{ "type": "Feature", "properties": { "FEEDER_NAME": "GRASSY CREEK", "SUBSTATION_NAME": "Jonathan's X Rd.", "wmType": "SECONDARY OVERHEAD", "WKT": "LINESTRING (-78.65433893799732 36.52172173391308, -78.65464297482434 36.522083440168906)" }, "geometry": { "type": "LineString", "coordinates": [ [ -78.654338937997323, 36.521721733913083 ], [ -78.654642974824341, 36.522083440168906 ] ] } },
{ "type": "Feature", "properties": { "FEEDER_NAME": "GRASSY CREEK", "SUBSTATION_NAME": "Jonathan's X Rd.", "wmType": "SECONDARY OVERHEAD", "WKT": "LINESTRING (-78.65433893799732 36.52172173391308, -78.65470872608282 36.52186786659865)" }, "geometry": { "type": "LineString", "coordinates": [ [ -78.654338937997323, 36.521721733913083 ], [ -78.654708726082816, 36.521867866598647 ] ] } },
{ "type": "Feature", "properties": { "FEEDER_NAME": "GRASSY CREEK", "SUBSTATION_NAME": "Jonathan's X Rd.", "wmType": "SECONDARY OVERHEAD", "WKT": "LINESTRING (-78.65449244502682 36.524883343612714, -78.65461869090649 36.524646188938654)" }, "geometry": { "type": "LineString", "coordinates": [ [ -78.654492445026818, 36.524883343612714 ], [ -78.654618690906489, 36.524646188938654 ] ] } },
{ "type": "Feature", "properties": { "FEEDER_NAME": "GRASSY CREEK", "SUBSTATION_NAME": "Jonathan's X Rd.", "wmType": "SECONDARY OVERHEAD", "WKT": "LINESTRING (-78.660913291021 36.5222120618428, -78.66093952693133 36.52204322992756)" }, "geometry": { "type": "LineString", "coordinates": [ [ -78.660913291021004, 36.522212061842801 ], [ -78.66093952693133, 36.522043229927561 ] ] } },
{ "type": "Feature", "properties": { "FEEDER_NAME": "GRASSY CREEK", "SUBSTATION_NAME": "Jonathan's X Rd.", "wmType": "SECONDARY OVERHEAD", "WKT": "LINESTRING (-78.65991620134966 36.52815045609717, -78.65959174974496 36.5280892197651)" }, "geometry": { "type": "LineString", "coordinates": [ [ -78.65991620134966, 36.528150456097173 ], [ -78.659591749744962, 36.5280892197651 ] ] } },
{ "type": "Feature", "properties": { "FEEDER_NAME": "GRASSY CREEK", "SUBSTATION_NAME": "Jonathan's X Rd.", "wmType": "SECONDARY OVERHEAD", "WKT": "LINESTRING (-78.65959174974496 36.5280892197651, -78.65931256364938 36.52823474853578)" }, "geometry": { "type": "LineString", "coordinates": [ [ -78.659591749744962, 36.5280892197651 ], [ -78.65931256364938, 36.52823474853578 ] ] } },
{ "type": "Feature", "properties": { "FEEDER_NAME": "GRASSY CREEK", "SUBSTATION_NAME": "Jonathan's X Rd.", "wmType": "SECONDARY OVERHEAD", "WKT": "LINESTRING (-78.65931256364938 36.52823474853578, -78.65905900964398 36.52835450289061)" }, "geometry": { "type": "LineString", "coordinates": [ [ -78.65931256364938, 36.52823474853578 ], [ -78.659059009643983, 36.528354502890608 ] ] } },
{ "type": "Feature", "properties": { "FEEDER_NAME": "GRASSY CREEK", "SUBSTATION_NAME": "Jonathan's X Rd.", "wmType": "SECONDARY OVERHEAD", "WKT": "LINESTRING (-78.65991620134966 36.52815045609717, -78.6596064045707 36.52803609024057)" }, "geometry": { "type": "LineString", "coordinates": [ [ -78.65991620134966, 36.528150456097173 ], [ -78.659606404570695, 36.528036090240569 ] ] } },
{ "type": "Feature", "properties": { "FEEDER_NAME": "GRASSY CREEK", "SUBSTATION_NAME": "Jonathan's X Rd.", "wmType": "SECONDARY OVERHEAD", "WKT": "LINESTRING (-78.66029273975428 36.52786172330767, -78.660064437974 36.52786100966971)" }, "geometry": { "type": "LineString", "coordinates": [ [ -78.660292739754283, 36.527861723307673 ], [ -78.660064437974, 36.527861009669707 ] ] } },
{ "type": "Feature", "properties": { "FEEDER_NAME": "GRASSY CREEK", "SUBSTATION_NAME": "Jonathan's X Rd.", "wmType": "SECONDARY OVERHEAD", "WKT": "LINESTRING (-78.660064437974 36.52786100966971, -78.65989099590618 36.52773157186251)" }, "geometry": { "type": "LineString", "coordinates": [ [ -78.660064437974, 36.527861009669707 ], [ -78.659890995906181, 36.52773157186251 ] ] } },
{ "type": "Feature", "properties": { "FEEDER_NAME": "GRASSY CREEK", "SUBSTATION_NAME": "Jonathan's X Rd.", "wmType": "SECONDARY OVERHEAD", "WKT": "LINESTRING (-78.66736921977801 36.52513369373677, -78.66715101036873 36.52530200733814)" }, "geometry": { "type": "LineString", "coordinates": [ [ -78.66736921977801, 36.52513369373677 ], [ -78.667151010368727, 36.525302007338141 ] ] } },
{ "type": "Feature", "properties": { "FEEDER_NAME": "GRASSY CREEK", "SUBSTATION_NAME": "Jonathan's X Rd.", "wmType": "SECONDARY OVERHEAD", "WKT": "LINESTRING (-78.66715101036873 36.52530200733814, -78.66671814223106 36.525537218813966)" }, "geometry": { "type": "LineString", "coordinates": [ [ -78.667151010368727, 36.525302007338141 ], [ -78.666718142231062, 36.525537218813966 ] ] } },
{ "type": "Feature", "properties": { "FEEDER_NAME": "GRASSY CREEK", "SUBSTATION_NAME": "Jonathan's X Rd.", "wmType": "SECONDARY OVERHEAD", "WKT": "LINESTRING (-78.67018218927115 36.52528817456184, -78.67011543686752 36.52509527955508)" }, "geometry": { "type": "LineString", "coordinates": [ [ -78.670182189271145, 36.525288174561837 ], [ -78.670115436867519, 36.525095279555082 ] ] } },
{ "type": "Feature", "properties": { "FEEDER_NAME": "GRASSY CREEK", "SUBSTATION_NAME": "Jonathan's X Rd.", "wmType": "SECONDARY OVERHEAD", "WKT": "LINESTRING (-78.67126650510905 36.529369189953265, -78.67096467016846 36.52936577347361)" }, "geometry": { "type": "LineString", "coordinates": [ [ -78.671266505109045, 36.529369189953265 ], [ -78.670964670168459, 36.529365773473607 ] ] } },
{ "type": "Feature", "properties": { "FEEDER_NAME": "GRASSY CREEK", "SUBSTATION_NAME": "Jonathan's X Rd.", "wmType": "SECONDARY OVERHEAD", "WKT": "LINESTRING (-78.67096467016846 36.52936577347361, -78.67071247828156 36.52922379603165)" }, "geometry": { "type": "LineString", "coordinates": [ [ -78.670964670168459, 36.529365773473607 ], [ -78.670712478281558, 36.529223796031651 ] ] } },
{ "type": "Feature", "properties": { "FEEDER_NAME": "GRASSY CREEK", "SUBSTATION_NAME": "Jonathan's X Rd.", "wmType": "SECONDARY OVERHEAD", "WKT": "LINESTRING (-78.67071247828156 36.52922379603165, -78.67072672546642 36.529191227894984)" }, "geometry": { "type": "LineString", "coordinates": [ [ -78.670712478281558, 36.529223796031651 ], [ -78.670726725466423, 36.529191227894984 ] ] } },
{ "type": "Feature", "properties": { "FEEDER_NAME": "GRASSY CREEK", "SUBSTATION_NAME": "Jonathan's X Rd.", "wmType": "SECONDARY OVERHEAD", "WKT": "LINESTRING (-78.67383000902902 36.535226531213475, -78.6738630075766 36.5351711683136)" }, "geometry": { "type": "LineString", "coordinates": [ [ -78.673830009029018, 36.535226531213475 ], [ -78.6738630075766, 36.535171168313603 ] ] } },
{ "type": "Feature", "properties": { "FEEDER_NAME": "GRASSY CREEK", "SUBSTATION_NAME": "Jonathan's X Rd.", "wmType": "SECONDARY OVERHEAD", "WKT": "LINESTRING (-78.67313464146481 36.53549630317002, -78.67296522877042 36.53552648666657)" }, "geometry": { "type": "LineString", "coordinates": [ [ -78.673134641464813, 36.535496303170021 ], [ -78.672965228770423, 36.535526486666569 ] ] } },
{ "type": "Feature", "properties": { "FEEDER_NAME": "GRASSY CREEK", "SUBSTATION_NAME": "Jonathan's X Rd.", "wmType": "SECONDARY OVERHEAD", "WKT": "LINESTRING (-78.65983887290751 36.53600813433361, -78.6597527348896 36.53596196257107)" }, "geometry": { "type": "LineString", "coordinates": [ [ -78.659838872907514, 36.536008134333613 ], [ -78.659752734889594, 36.535961962571072 ] ] } },
{ "type": "Feature", "properties": { "FEEDER_NAME": "GRASSY CREEK", "SUBSTATION_NAME": "Jonathan's X Rd.", "wmType": "SECONDARY OVERHEAD", "WKT": "LINESTRING (-78.6666523284799 36.54100493584274, -78.66650139468541 36.540821263500064)" }, "geometry": { "type": "LineString", "coordinates": [ [ -78.666652328479898, 36.541004935842743 ], [ -78.666501394685412, 36.540821263500064 ] ] } },
{ "type": "Feature", "properties": { "FEEDER_NAME": "GRASSY CREEK", "SUBSTATION_NAME": "Jonathan's X Rd.", "wmType": "SECONDARY OVERHEAD", "WKT": "LINESTRING (-78.66925202469834 36.54019873274952, -78.66952889578718 36.539918768273395)" }, "geometry": { "type": "LineString", "coordinates": [ [ -78.669252024698338, 36.540198732749523 ], [ -78.669528895787181, 36.539918768273395 ] ] } },
{ "type": "Feature", "properties": { "FEEDER_NAME": "GRASSY CREEK", "SUBSTATION_NAME": "Jonathan's X Rd.", "wmType": "SECONDARY OVERHEAD", "WKT": "LINESTRING (-78.66925202469834 36.54019873274952, -78.66947429761002 36.540088948651)" }, "geometry": { "type": "LineString", "coordinates": [ [ -78.669252024698338, 36.540198732749523 ], [ -78.669474297610023, 36.540088948650997 ] ] } },
{ "type": "Feature", "properties": { "FEEDER_NAME": "GRASSY CREEK", "SUBSTATION_NAME": "Jonathan's X Rd.", "wmType": "SECONDARY OVERHEAD", "WKT": "LINESTRING (-78.66926108538533 36.53922422825866, -78.66949171578486 36.539171513472496)" }, "geometry": { "type": "LineString", "coordinates": [ [ -78.66926108538533, 36.539224228258661 ], [ -78.669491715784858, 36.539171513472496 ] ] } },
{ "type": "Feature", "properties": { "FEEDER_NAME": "GRASSY CREEK", "SUBSTATION_NAME": "Jonathan's X Rd.", "wmType": "SECONDARY OVERHEAD", "WKT": "LINESTRING (-78.67160628771012 36.536328344764094, -78.67132580918167 36.53614877863157)" }, "geometry": { "type": "LineString", "coordinates": [ [ -78.671606287710119, 36.536328344764094 ], [ -78.671325809181667, 36.536148778631571 ] ] } },
{ "type": "Feature", "properties": { "FEEDER_NAME": "GRASSY CREEK", "SUBSTATION_NAME": "Jonathan's X Rd.", "wmType": "SECONDARY OVERHEAD", "WKT": "LINESTRING (-78.67132580918167 36.53614877863157, -78.67130326959888 36.53591052329519)" }, "geometry": { "type": "LineString", "coordinates": [ [ -78.671325809181667, 36.536148778631571 ], [ -78.67130326959888, 36.535910523295193 ] ] } },
{ "type": "Feature", "properties": { "FEEDER_NAME": "GRASSY CREEK", "SUBSTATION_NAME": "Jonathan's X Rd.", "wmType": "SECONDARY OVERHEAD", "WKT": "LINESTRING (-78.67125595742755 36.52850621397544, -78.67091711182881 36.52878217253515)" }, "geometry": { "type": "LineString", "coordinates": [ [ -78.671255957427547, 36.52850621397544 ], [ -78.670917111828814, 36.528782172535152 ] ] } },
{ "type": "Feature", "properties": { "FEEDER_NAME": "GRASSY CREEK", "SUBSTATION_NAME": "Jonathan's X Rd.", "wmType": "SECONDARY OVERHEAD", "WKT": "LINESTRING (-78.67125595742755 36.52850621397544, -78.67127921594687 36.52866639447764)" }, "geometry": { "type": "LineString", "coordinates": [ [ -78.671255957427547, 36.52850621397544 ], [ -78.671279215946868, 36.528666394477639 ] ] } },
{ "type": "Feature", "properties": { "FEEDER_NAME": "GRASSY CREEK", "SUBSTATION_NAME": "Jonathan's X Rd.", "wmType": "SECONDARY OVERHEAD", "WKT": "LINESTRING (-78.67257883551186 36.52579115619608, -78.67260351747282 36.525772294417436, -78.672655471068 36.52538517980598)" }, "geometry": { "type": "LineString", "coordinates": [ [ -78.672578835511857, 36.525791156196078 ], [ -78.672603517472822, 36.525772294417436 ], [ -78.672655471067998, 36.52538517980598 ] ] } },
{ "type": "Feature", "properties": { "FEEDER_NAME": "GRASSY CREEK", "SUBSTATION_NAME": "Jonathan's X Rd.", "wmType": "SECONDARY OVERHEAD", "WKT": "LINESTRING (-78.67257883551186 36.52579115619608, -78.67247571161548 36.525681033590054)" }, "geometry": { "type": "LineString", "coordinates": [ [ -78.672578835511857, 36.525791156196078 ], [ -78.672475711615476, 36.525681033590054 ] ] } },
{ "type": "Feature", "properties": { "FEEDER_NAME": "GRASSY CREEK", "SUBSTATION_NAME": "Jonathan's X Rd.", "wmType": "SECONDARY OVERHEAD", "WKT": "LINESTRING (-78.67272239169309 36.52470048938125, -78.67250336641766 36.52482399921698)" }, "geometry": { "type": "LineString", "coordinates": [ [ -78.672722391693085, 36.524700489381253 ], [ -78.672503366417658, 36.524823999216977 ] ] } },
{ "type": "Feature", "properties": { "FEEDER_NAME": "GRASSY CREEK", "SUBSTATION_NAME": "Jonathan's X Rd.", "wmType": "SECONDARY OVERHEAD", "WKT": "LINESTRING (-78.67250336641766 36.52482399921698, -78.6723940199314 36.52485256599568)" }, "geometry": { "type": "LineString", "coordinates": [ [ -78.672503366417658, 36.524823999216977 ], [ -78.672394019931403, 36.52485256599568 ] ] } },
{ "type": "Feature", "properties": { "FEEDER_NAME": "GRASSY CREEK", "SUBSTATION_NAME": "Jonathan's X Rd.", "wmType": "SECONDARY OVERHEAD", "WKT": "LINESTRING (-78.67272239169309 36.52470048938125, -78.67246007124577 36.52457703632051)" }, "geometry": { "type": "LineString", "coordinates": [ [ -78.672722391693085, 36.524700489381253 ], [ -78.672460071245766, 36.524577036320508 ] ] } },
{ "type": "Feature", "properties": { "FEEDER_NAME": "GRASSY CREEK", "SUBSTATION_NAME": "Jonathan's X Rd.", "wmType": "SECONDARY OVERHEAD", "WKT": "LINESTRING (-78.67246439610022 36.52423979495744, -78.67286637147498 36.5241594276875)" }, "geometry": { "type": "LineString", "coordinates": [ [ -78.672464396100224, 36.524239794957438 ], [ -78.672866371474981, 36.524159427687501 ] ] } },
{ "type": "Feature", "properties": { "FEEDER_NAME": "GRASSY CREEK", "SUBSTATION_NAME": "Jonathan's X Rd.", "wmType": "SECONDARY OVERHEAD", "WKT": "LINESTRING (-78.67286637147498 36.5241594276875, -78.67309985249643 36.524113992093746)" }, "geometry": { "type": "LineString", "coordinates": [ [ -78.672866371474981, 36.524159427687501 ], [ -78.673099852496435, 36.524113992093746 ] ] } },
{ "type": "Feature", "properties": { "FEEDER_NAME": "GRASSY CREEK", "SUBSTATION_NAME": "Jonathan's X Rd.", "wmType": "SECONDARY OVERHEAD", "WKT": "LINESTRING (-78.67246439610022 36.52423979495744, -78.6717955498387 36.52425756032657)" }, "geometry": { "type": "LineString", "coordinates": [ [ -78.672464396100224, 36.524239794957438 ], [ -78.671795549838706, 36.524257560326568 ] ] } },
{ "type": "Feature", "properties": { "FEEDER_NAME": "GRASSY CREEK", "SUBSTATION_NAME": "Jonathan's X Rd.", "wmType": "SECONDARY OVERHEAD", "WKT": "LINESTRING (-78.63476460493885 36.53826230285393, -78.63449466335226 36.53802496299513)" }, "geometry": { "type": "LineString", "coordinates": [ [ -78.634764604938852, 36.53826230285393 ], [ -78.634494663352257, 36.538024962995131 ] ] } },
{ "type": "Feature", "properties": { "FEEDER_NAME": "GRASSY CREEK", "SUBSTATION_NAME": "Jonathan's X Rd.", "wmType": "SECONDARY OVERHEAD", "WKT": "LINESTRING (-78.67018218927115 36.52528817456184, -78.67022066791738 36.5253402053303)" }, "geometry": { "type": "LineString", "coordinates": [ [ -78.670182189271145, 36.525288174561837 ], [ -78.670220667917377, 36.525340205330302 ] ] } },
{ "type": "Feature", "properties": { "FEEDER_NAME": "GRASSY CREEK", "SUBSTATION_NAME": "Jonathan's X Rd.", "wmType": "SECONDARY OVERHEAD", "WKT": "LINESTRING (-78.61234081221993 36.492924401439, -78.61203448729398 36.49297402392193)" }, "geometry": { "type": "LineString", "coordinates": [ [ -78.612340812219927, 36.492924401438998 ], [ -78.612034487293982, 36.492974023921931 ] ] } },
{ "type": "Feature", "properties": { "FEEDER_NAME": "GRASSY CREEK", "SUBSTATION_NAME": "Jonathan's X Rd.", "wmType": "SECONDARY OVERHEAD", "WKT": "LINESTRING (-78.62892114271487 36.49968002556375, -78.62924329626387 36.499840263423586)" }, "geometry": { "type": "LineString", "coordinates": [ [ -78.628921142714873, 36.499680025563748 ], [ -78.629243296263866, 36.499840263423586 ] ] } },
{ "type": "Feature", "properties": { "FEEDER_NAME": "GRASSY CREEK", "SUBSTATION_NAME": "Jonathan's X Rd.", "wmType": "SECONDARY OVERHEAD", "WKT": "LINESTRING (-78.5969515530762 36.536963525927334, -78.59671023186239 36.536754737088145)" }, "geometry": { "type": "LineString", "coordinates": [ [ -78.596951553076195, 36.536963525927334 ], [ -78.596710231862389, 36.536754737088145 ] ] } },
{ "type": "Feature", "properties": { "FEEDER_NAME": "GRASSY CREEK", "SUBSTATION_NAME": "Jonathan's X Rd.", "wmType": "SECONDARY OVERHEAD", "WKT": "LINESTRING (-78.59671023186239 36.536754737088145, -78.59667046901185 36.53680979501979)" }, "geometry": { "type": "LineString", "coordinates": [ [ -78.596710231862389, 36.536754737088145 ], [ -78.596670469011855, 36.536809795019792 ] ] } },
{ "type": "Feature", "properties": { "FEEDER_NAME": "GRASSY CREEK", "SUBSTATION_NAME": "Jonathan's X Rd.", "wmType": "SECONDARY OVERHEAD", "WKT": "LINESTRING (-78.63515091699352 36.48348238687126, -78.63537564188908 36.48367942362906)" }, "geometry": { "type": "LineString", "coordinates": [ [ -78.635150916993524, 36.483482386871259 ], [ -78.635375641889084, 36.483679423629063 ] ] } },
{ "type": "Feature", "properties": { "FEEDER_NAME": "GRASSY CREEK", "SUBSTATION_NAME": "Jonathan's X Rd.", "wmType": "SECONDARY OVERHEAD", "WKT": "LINESTRING (-78.56176374326044 36.49076718423873, -78.56184948810352 36.4906544295922)" }, "geometry": { "type": "LineString", "coordinates": [ [ -78.561763743260443, 36.490767184238727 ], [ -78.561849488103519, 36.490654429592198 ] ] } },
{ "type": "Feature", "properties": { "FEEDER_NAME": "GRASSY CREEK", "SUBSTATION_NAME": "Jonathan's X Rd.", "wmType": "SECONDARY OVERHEAD", "WKT": "LINESTRING (-78.59403732752678 36.5294392221216, -78.59398557885498 36.52941099886899)" }, "geometry": { "type": "LineString", "coordinates": [ [ -78.594037327526777, 36.529439222121603 ], [ -78.593985578854983, 36.52941099886899 ] ] } },
{ "type": "Feature", "properties": { "FEEDER_NAME": "GRASSY CREEK", "SUBSTATION_NAME": "Jonathan's X Rd.", "wmType": "SECONDARY OVERHEAD", "WKT": "LINESTRING (-78.6596596837663 36.528499516270195, -78.65950268355853 36.52868651639893)" }, "geometry": { "type": "LineString", "coordinates": [ [ -78.659659683766293, 36.528499516270195 ], [ -78.659502683558529, 36.528686516398928 ] ] } },
{ "type": "Feature", "properties": { "FEEDER_NAME": "GRASSY CREEK", "SUBSTATION_NAME": "Jonathan's X Rd.", "wmType": "SECONDARY OVERHEAD", "WKT": "LINESTRING (-78.6596596837663 36.528499516270195, -78.65964164899358 36.528317522708655)" }, "geometry": { "type": "LineString", "coordinates": [ [ -78.659659683766293, 36.528499516270195 ], [ -78.659641648993585, 36.528317522708655 ] ] } },
{ "type": "Feature", "properties": { "FEEDER_NAME": "GRASSY CREEK", "SUBSTATION_NAME": "Jonathan's X Rd.", "wmType": "SECONDARY OVERHEAD", "WKT": "LINESTRING (-78.65991620134966 36.52815045609717, -78.6596596837663 36.528499516270195)" }, "geometry": { "type": "LineString", "coordinates": [ [ -78.65991620134966, 36.528150456097173 ], [ -78.659659683766293, 36.528499516270195 ] ] } },
{ "type": "Feature", "properties": { "FEEDER_NAME": "GRASSY CREEK", "SUBSTATION_NAME": "Jonathan's X Rd.", "wmType": "SECONDARY OVERHEAD", "WKT": "LINESTRING (-78.6021144968193 36.47709508743862, -78.60207023682607 36.4769130985872)" }, "geometry": { "type": "LineString", "coordinates": [ [ -78.602114496819297, 36.47709508743862 ], [ -78.602070236826066, 36.476913098587197 ] ] } },
{ "type": "Feature", "properties": { "FEEDER_NAME": "GRASSY CREEK", "SUBSTATION_NAME": "Jonathan's X Rd.", "wmType": "SECONDARY OVERHEAD", "WKT": "LINESTRING (-78.6078207169007 36.49112423163028, -78.60735712207435 36.49121312297266)" }, "geometry": { "type": "LineString", "coordinates": [ [ -78.607820716900704, 36.49112423163028 ], [ -78.607357122074347, 36.49121312297266 ] ] } },
{ "type": "Feature", "properties": { "FEEDER_NAME": "GRASSY CREEK", "SUBSTATION_NAME": "Jonathan's X Rd.", "wmType": "SECONDARY OVERHEAD", "WKT": "LINESTRING (-78.56081248173587 36.51495547724352, -78.56058428854905 36.51481586364723)" }, "geometry": { "type": "LineString", "coordinates": [ [ -78.560812481735866, 36.514955477243518 ], [ -78.560584288549052, 36.514815863647229 ] ] } },
{ "type": "Feature", "properties": { "FEEDER_NAME": "GRASSY CREEK", "SUBSTATION_NAME": "Jonathan's X Rd.", "wmType": "SECONDARY OVERHEAD", "WKT": "LINESTRING (-78.56088537228824 36.51517754886476, -78.56081248173587 36.51495547724352)" }, "geometry": { "type": "LineString", "coordinates": [ [ -78.56088537228824, 36.515177548864763 ], [ -78.560812481735866, 36.514955477243518 ] ] } },
{ "type": "Feature", "properties": { "FEEDER_NAME": "GRASSY CREEK", "SUBSTATION_NAME": "Jonathan's X Rd.", "wmType": "SECONDARY OVERHEAD", "WKT": "LINESTRING (-78.62285617551447 36.514338533782215, -78.62285298224893 36.51459839193087)" }, "geometry": { "type": "LineString", "coordinates": [ [ -78.622856175514471, 36.514338533782215 ], [ -78.622852982248929, 36.514598391930868 ] ] } },
{ "type": "Feature", "properties": { "FEEDER_NAME": "GRASSY CREEK", "SUBSTATION_NAME": "Jonathan's X Rd.", "wmType": "SECONDARY OVERHEAD", "WKT": "LINESTRING (-78.60203193589193 36.47671027354974, -78.60193380159788 36.47664738133995)" }, "geometry": { "type": "LineString", "coordinates": [ [ -78.602031935891929, 36.476710273549742 ], [ -78.60193380159788, 36.476647381339951 ] ] } },
{ "type": "Feature", "properties": { "FEEDER_NAME": "GRASSY CREEK", "SUBSTATION_NAME": "Jonathan's X Rd.", "wmType": "SECONDARY OVERHEAD", "WKT": "LINESTRING (-78.6216408214247 36.5138818591791, -78.62190560793749 36.51421248352828)" }, "geometry": { "type": "LineString", "coordinates": [ [ -78.621640821424705, 36.513881859179101 ], [ -78.621905607937492, 36.514212483528283 ] ] } },
{ "type": "Feature", "properties": { "FEEDER_NAME": "GRASSY CREEK", "SUBSTATION_NAME": "Jonathan's X Rd.", "wmType": "SECONDARY OVERHEAD", "WKT": "LINESTRING (-78.58779847221805 36.51095320371236, -78.58726418293517 36.5109371226092)" }, "geometry": { "type": "LineString", "coordinates": [ [ -78.587798472218054, 36.510953203712361 ], [ -78.587264182935172, 36.510937122609199 ] ] } },
{ "type": "Feature", "properties": { "FEEDER_NAME": "GRASSY CREEK", "SUBSTATION_NAME": "Jonathan's X Rd.", "wmType": "SECONDARY OVERHEAD", "WKT": "LINESTRING (-78.67327455319686 36.537873678207596, -78.67363846607579 36.537787180659876)" }, "geometry": { "type": "LineString", "coordinates": [ [ -78.673274553196862, 36.537873678207596 ], [ -78.673638466075786, 36.537787180659876 ] ] } },
{ "type": "Feature", "properties": { "FEEDER_NAME": "GRASSY CREEK", "SUBSTATION_NAME": "Jonathan's X Rd.", "wmType": "SECONDARY OVERHEAD", "WKT": "LINESTRING (-78.67363846607579 36.537787180659876, -78.67394174477106 36.537899640572)" }, "geometry": { "type": "LineString", "coordinates": [ [ -78.673638466075786, 36.537787180659876 ], [ -78.673941744771057, 36.537899640572 ] ] } },
{ "type": "Feature", "properties": { "FEEDER_NAME": "GRASSY CREEK", "SUBSTATION_NAME": "Jonathan's X Rd.", "wmType": "SECONDARY OVERHEAD", "WKT": "LINESTRING (-78.59452937007705 36.52468389388741, -78.59430240837675 36.524790284427134)" }, "geometry": { "type": "LineString", "coordinates": [ [ -78.594529370077055, 36.524683893887413 ], [ -78.594302408376748, 36.524790284427134 ] ] } },
{ "type": "Feature", "properties": { "FEEDER_NAME": "GRASSY CREEK", "SUBSTATION_NAME": "Jonathan's X Rd.", "wmType": "SECONDARY OVERHEAD", "WKT": "LINESTRING (-78.63505279995223 36.53853227715448, -78.63476460493885 36.53826230285393)" }, "geometry": { "type": "LineString", "coordinates": [ [ -78.635052799952234, 36.538532277154481 ], [ -78.634764604938852, 36.53826230285393 ] ] } },
{ "type": "Feature", "properties": { "FEEDER_NAME": "GRASSY CREEK", "SUBSTATION_NAME": "Jonathan's X Rd.", "wmType": "SECONDARY OVERHEAD", "WKT": "LINESTRING (-78.59646412454539 36.532008289705786, -78.59664571893646 36.5316106776985)" }, "geometry": { "type": "LineString", "coordinates": [ [ -78.596464124545392, 36.532008289705786 ], [ -78.596645718936458, 36.531610677698502 ] ] } },
{ "type": "Feature", "properties": { "FEEDER_NAME": "GRASSY CREEK", "SUBSTATION_NAME": "Jonathan's X Rd.", "wmType": "SECONDARY OVERHEAD", "WKT": "LINESTRING (-78.608737268469 36.50726774390155, -78.60906358288723 36.50710046777582)" }, "geometry": { "type": "LineString", "coordinates": [ [ -78.608737268469, 36.507267743901551 ], [ -78.609063582887231, 36.507100467775821 ] ] } },
{ "type": "Feature", "properties": { "FEEDER_NAME": "GRASSY CREEK", "SUBSTATION_NAME": "Jonathan's X Rd.", "wmType": "SECONDARY OVERHEAD", "WKT": "LINESTRING (-78.63482162995112 36.48079340273337, -78.6346796096239 36.48076260462013)" }, "geometry": { "type": "LineString", "coordinates": [ [ -78.634821629951119, 36.480793402733369 ], [ -78.634679609623902, 36.480762604620132 ] ] } },
{ "type": "Feature", "properties": { "FEEDER_NAME": "GRASSY CREEK", "SUBSTATION_NAME": "Jonathan's X Rd.", "wmType": "SECONDARY OVERHEAD", "WKT": "LINESTRING (-78.62397079310973 36.51661469056249, -78.62412471608381 36.51688909780403)" }, "geometry": { "type": "LineString", "coordinates": [ [ -78.623970793109734, 36.516614690562491 ], [ -78.624124716083813, 36.516889097804032 ] ] } },
{ "type": "Feature", "properties": { "FEEDER_NAME": "GRASSY CREEK", "SUBSTATION_NAME": "Jonathan's X Rd.", "wmType": "SECONDARY OVERHEAD", "WKT": "LINESTRING (-78.64449065521653 36.5125914824239, -78.6446641088195 36.51265348548691)" }, "geometry": { "type": "LineString", "coordinates": [ [ -78.644490655216529, 36.5125914824239 ], [ -78.644664108819498, 36.512653485486908 ] ] } },
{ "type": "Feature", "properties": { "FEEDER_NAME": "GRASSY CREEK", "SUBSTATION_NAME": "Jonathan's X Rd.", "wmType": "SECONDARY OVERHEAD", "WKT": "LINESTRING (-78.64418172093255 36.51238656133318, -78.64449065521653 36.5125914824239)" }, "geometry": { "type": "LineString", "coordinates": [ [ -78.644181720932551, 36.51238656133318 ], [ -78.644490655216529, 36.5125914824239 ] ] } },
{ "type": "Feature", "properties": { "FEEDER_NAME": "GRASSY CREEK", "SUBSTATION_NAME": "Jonathan's X Rd.", "wmType": "SECONDARY OVERHEAD", "WKT": "LINESTRING (-78.62181200497811 36.52071376654765, -78.62193460948724 36.52059673958645)" }, "geometry": { "type": "LineString", "coordinates": [ [ -78.621812004978111, 36.520713766547651 ], [ -78.621934609487241, 36.520596739586452 ] ] } },
{ "type": "Feature", "properties": { "FEEDER_NAME": "GRASSY CREEK", "SUBSTATION_NAME": "Jonathan's X Rd.", "wmType": "SECONDARY OVERHEAD", "WKT": "LINESTRING (-78.60207023682607 36.4769130985872, -78.60233226437549 36.477020852230105)" }, "geometry": { "type": "LineString", "coordinates": [ [ -78.602070236826066, 36.476913098587197 ], [ -78.602332264375491, 36.477020852230105 ] ] } },
{ "type": "Feature", "properties": { "FEEDER_NAME": "GRASSY CREEK", "SUBSTATION_NAME": "Jonathan's X Rd.", "wmType": "SECONDARY OVERHEAD", "WKT": "LINESTRING (-78.5676982777232 36.520570617699235, -78.56777249488024 36.52039748896992)" }, "geometry": { "type": "LineString", "coordinates": [ [ -78.567698277723196, 36.520570617699235 ], [ -78.567772494880245, 36.52039748896992 ] ] } },
{ "type": "Feature", "properties": { "FEEDER_NAME": "GRASSY CREEK", "SUBSTATION_NAME": "Jonathan's X Rd.", "wmType": "SECONDARY OVERHEAD", "WKT": "LINESTRING (-78.61579082683762 36.506259189179225, -78.61583749740875 36.50624901331953)" }, "geometry": { "type": "LineString", "coordinates": [ [ -78.615790826837625, 36.506259189179225 ], [ -78.615837497408748, 36.506249013319533 ] ] } },
{ "type": "Feature", "properties": { "FEEDER_NAME": "GRASSY CREEK", "SUBSTATION_NAME": "Jonathan's X Rd.", "wmType": "SECONDARY OVERHEAD", "WKT": "LINESTRING (-78.615494953632 36.50064008358452, -78.61521049116007 36.50063919370037)" }, "geometry": { "type": "LineString", "coordinates": [ [ -78.615494953631995, 36.500640083584521 ], [ -78.61521049116007, 36.500639193700373 ] ] } },
{ "type": "Feature", "properties": { "FEEDER_NAME": "GRASSY CREEK", "SUBSTATION_NAME": "Jonathan's X Rd.", "wmType": "SECONDARY OVERHEAD", "WKT": "LINESTRING (-78.6339660093825 36.5364419805214, -78.63411471102529 36.536300038549676)" }, "geometry": { "type": "LineString", "coordinates": [ [ -78.633966009382505, 36.536441980521403 ], [ -78.63411471102529, 36.536300038549676 ] ] } },
{ "type": "Feature", "properties": { "FEEDER_NAME": "GRASSY CREEK", "SUBSTATION_NAME": "Jonathan's X Rd.", "wmType": "SECONDARY OVERHEAD", "WKT": "LINESTRING (-78.56844550700745 36.49993643469194, -78.56903350122006 36.49995844848396)" }, "geometry": { "type": "LineString", "coordinates": [ [ -78.568445507007453, 36.499936434691939 ], [ -78.569033501220062, 36.499958448483959 ] ] } },
{ "type": "Feature", "properties": { "FEEDER_NAME": "GRASSY CREEK", "SUBSTATION_NAME": "Jonathan's X Rd.", "wmType": "SECONDARY OVERHEAD", "WKT": "LINESTRING (-78.61493755045572 36.50339345947622, -78.61483659605567 36.50317646076961)" }, "geometry": { "type": "LineString", "coordinates": [ [ -78.614937550455721, 36.503393459476221 ], [ -78.614836596055667, 36.503176460769609 ] ] } },
{ "type": "Feature", "properties": { "FEEDER_NAME": "GRASSY CREEK", "SUBSTATION_NAME": "Jonathan's X Rd.", "wmType": "SECONDARY OVERHEAD", "WKT": "LINESTRING (-78.58212430198272 36.45937059161424, -78.58219088187882 36.45937081799273)" }, "geometry": { "type": "LineString", "coordinates": [ [ -78.582124301982716, 36.459370591614238 ], [ -78.582190881878816, 36.459370817992728 ] ] } },
{ "type": "Feature", "properties": { "FEEDER_NAME": "GRASSY CREEK", "SUBSTATION_NAME": "Jonathan's X Rd.", "wmType": "SECONDARY OVERHEAD", "WKT": "LINESTRING (-78.61232558881841 36.51367548148323, -78.61203338366386 36.51348549614585)" }, "geometry": { "type": "LineString", "coordinates": [ [ -78.612325588818408, 36.513675481483233 ], [ -78.612033383663857, 36.513485496145847 ] ] } },
{ "type": "Feature", "properties": { "FEEDER_NAME": "GRASSY CREEK", "SUBSTATION_NAME": "Jonathan's X Rd.", "wmType": "SECONDARY OVERHEAD", "WKT": "LINESTRING (-78.63052395181072 36.49952625493093, -78.63042065309982 36.499668457903276)" }, "geometry": { "type": "LineString", "coordinates": [ [ -78.630523951810716, 36.499526254930927 ], [ -78.630420653099819, 36.499668457903276 ] ] } },
{ "type": "Feature", "properties": { "FEEDER_NAME": "GRASSY CREEK", "SUBSTATION_NAME": "Jonathan's X Rd.", "wmType": "SECONDARY OVERHEAD", "WKT": "LINESTRING (-78.58865704443586 36.53238524582734, -78.58864562920364 36.53237631698733, -78.58869501162233 36.53206427435484)" }, "geometry": { "type": "LineString", "coordinates": [ [ -78.588657044435863, 36.532385245827342 ], [ -78.58864562920364, 36.532376316987332 ], [ -78.588695011622335, 36.532064274354838 ] ] } },
{ "type": "Feature", "properties": { "FEEDER_NAME": "GRASSY CREEK", "SUBSTATION_NAME": "Jonathan's X Rd.", "wmType": "SECONDARY OVERHEAD", "WKT": "LINESTRING (-78.56879846452141 36.484441286162046, -78.56833850308784 36.48452541732968)" }, "geometry": { "type": "LineString", "coordinates": [ [ -78.568798464521407, 36.484441286162046 ], [ -78.568338503087844, 36.484525417329678 ] ] } },
{ "type": "Feature", "properties": { "FEEDER_NAME": "GRASSY CREEK", "SUBSTATION_NAME": "Jonathan's X Rd.", "wmType": "SECONDARY OVERHEAD", "WKT": "LINESTRING (-78.64466066069949 36.486151429698864, -78.64458481787635 36.48631783932436)" }, "geometry": { "type": "LineString", "coordinates": [ [ -78.644660660699486, 36.486151429698864 ], [ -78.64458481787635, 36.486317839324357 ] ] } },
{ "type": "Feature", "properties": { "FEEDER_NAME": "GRASSY CREEK", "SUBSTATION_NAME": "Jonathan's X Rd.", "wmType": "SECONDARY OVERHEAD", "WKT": "LINESTRING (-78.64458481787635 36.48631783932436, -78.64444719845426 36.48655975393253)" }, "geometry": { "type": "LineString", "coordinates": [ [ -78.64458481787635, 36.486317839324357 ], [ -78.644447198454259, 36.486559753932532 ] ] } },
{ "type": "Feature", "properties": { "FEEDER_NAME": "GRASSY CREEK", "SUBSTATION_NAME": "Jonathan's X Rd.", "wmType": "SECONDARY OVERHEAD", "WKT": "LINESTRING (-78.63515091699352 36.48348238687126, -78.63531964167977 36.48337542371416)" }, "geometry": { "type": "LineString", "coordinates": [ [ -78.635150916993524, 36.483482386871259 ], [ -78.635319641679772, 36.483375423714158 ] ] } },
{ "type": "Feature", "properties": { "FEEDER_NAME": "GRASSY CREEK", "SUBSTATION_NAME": "Jonathan's X Rd.", "wmType": "SECONDARY OVERHEAD", "WKT": "LINESTRING (-78.5643757853994 36.49236429936044, -78.56403403690658 36.492166751684806)" }, "geometry": { "type": "LineString", "coordinates": [ [ -78.564375785399406, 36.492364299360439 ], [ -78.564034036906577, 36.492166751684806 ] ] } },
{ "type": "Feature", "properties": { "FEEDER_NAME": "GRASSY CREEK", "SUBSTATION_NAME": "Jonathan's X Rd.", "wmType": "SECONDARY OVERHEAD", "WKT": "LINESTRING (-78.61806816742012 36.51081117663023, -78.61824358982918 36.51068914828445)" }, "geometry": { "type": "LineString", "coordinates": [ [ -78.61806816742012, 36.510811176630227 ], [ -78.618243589829177, 36.510689148284449 ] ] } },
{ "type": "Feature", "properties": { "FEEDER_NAME": "GRASSY CREEK", "SUBSTATION_NAME": "Jonathan's X Rd.", "wmType": "SECONDARY OVERHEAD", "WKT": "LINESTRING (-78.59427238669069 36.53256818585544, -78.59413271109166 36.532180481531874)" }, "geometry": { "type": "LineString", "coordinates": [ [ -78.59427238669069, 36.532568185855439 ], [ -78.59413271109166, 36.532180481531874 ] ] } },
{ "type": "Feature", "properties": { "FEEDER_NAME": "GRASSY CREEK", "SUBSTATION_NAME": "Jonathan's X Rd.", "wmType": "SECONDARY OVERHEAD", "WKT": "LINESTRING (-78.63040043201808 36.50517603262419, -78.63027342022463 36.505220464248886)" }, "geometry": { "type": "LineString", "coordinates": [ [ -78.630400432018078, 36.505176032624192 ], [ -78.630273420224626, 36.505220464248886 ] ] } },
{ "type": "Feature", "properties": { "FEEDER_NAME": "GRASSY CREEK", "SUBSTATION_NAME": "Jonathan's X Rd.", "wmType": "SECONDARY OVERHEAD", "WKT": "LINESTRING (-78.64288459562626 36.538350600958644, -78.64329096404859 36.53859898723331)" }, "geometry": { "type": "LineString", "coordinates": [ [ -78.642884595626256, 36.538350600958644 ], [ -78.643290964048589, 36.538598987233307 ] ] } },
{ "type": "Feature", "properties": { "FEEDER_NAME": "GRASSY CREEK", "SUBSTATION_NAME": "Jonathan's X Rd.", "wmType": "SECONDARY OVERHEAD", "WKT": "LINESTRING (-78.67228517276266 36.528169449348006, -78.6724271810843 36.52860787118452)" }, "geometry": { "type": "LineString", "coordinates": [ [ -78.672285172762656, 36.528169449348006 ], [ -78.672427181084302, 36.528607871184519 ] ] } },
{ "type": "Feature", "properties": { "FEEDER_NAME": "GRASSY CREEK", "SUBSTATION_NAME": "Jonathan's X Rd.", "wmType": "SECONDARY OVERHEAD", "WKT": "LINESTRING (-78.58212430198272 36.45937059161424, -78.58201017845455 36.459343352008226)" }, "geometry": { "type": "LineString", "coordinates": [ [ -78.582124301982716, 36.459370591614238 ], [ -78.582010178454553, 36.459343352008226 ] ] } },
{ "type": "Feature", "properties": { "FEEDER_NAME": "GRASSY CREEK", "SUBSTATION_NAME": "Jonathan's X Rd.", "wmType": "SECONDARY OVERHEAD", "WKT": "LINESTRING (-78.63406135230471 36.529256494770145, -78.63405205657729 36.52939360881153)" }, "geometry": { "type": "LineString", "coordinates": [ [ -78.634061352304712, 36.529256494770145 ], [ -78.634052056577289, 36.529393608811532 ] ] } }
]
}
