{
"type": "FeatureCollection",
"name": "Red_Mountain_TIMBERLAKE_overhead",
"crs": { "type": "name", "properties": { "name": "urn:ogc:def:crs:OGC:1.3:CRS84" } },
"features": [
{ "type": "Feature", "properties": { "FEEDER_NAME": "TIMBERLAKE", "SUBSTATION_NAME": "Red Mountain", "wmType": "SECONDARY OVERHEAD", "WKT": "LINESTRING (-78.93771516954213 36.277461239759575, -78.93745754235148 36.27781499511464)" }, "geometry": { "type": "LineString", "coordinates": [ [ -78.93771516954213, 36.277461239759575 ], [ -78.937457542351481, 36.277814995114639 ] ] } },
{ "type": "Feature", "properties": { "FEEDER_NAME": "TIMBERLAKE", "SUBSTATION_NAME": "Red Mountain", "wmType": "SECONDARY OVERHEAD", "WKT": "LINESTRING (-78.93405874155809 36.308139243027824, -78.93442128992704 36.308155107492695)" }, "geometry": { "type": "LineString", "coordinates": [ [ -78.93405874155809, 36.308139243027824 ], [ -78.934421289927045, 36.308155107492695 ] ] } },
{ "type": "Feature", "properties": { "FEEDER_NAME": "TIMBERLAKE", "SUBSTATION_NAME": "Red Mountain", "wmType": "SECONDARY OVERHEAD", "WKT": "LINESTRING (-78.9349830120456 36.30832980863639, -78.9351832915681 36.308053107761715)" }, "geometry": { "type": "LineString", "coordinates": [ [ -78.934983012045606, 36.308329808636387 ], [ -78.935183291568094, 36.308053107761715 ] ] } },
{ "type": "Feature", "properties": { "FEEDER_NAME": "TIMBERLAKE", "SUBSTATION_NAME": "Red Mountain", "wmType": "SECONDARY OVERHEAD", "WKT": "LINESTRING (-78.95267649326645 36.3143445401284, -78.95215430579142 36.31441884883473)" }, "geometry": { "type": "LineString", "coordinates": [ [ -78.952676493266452, 36.314344540128403 ], [ -78.952154305791424, 36.314418848834727 ] ] } },
{ "type": "Feature", "properties": { "FEEDER_NAME": "TIMBERLAKE", "SUBSTATION_NAME": "Red Mountain", "wmType": "SECONDARY OVERHEAD", "WKT": "LINESTRING (-78.92833045176998 36.29178651263885, -78.92848862007361 36.291852255122336)" }, "geometry": { "type": "LineString", "coordinates": [ [ -78.92833045176998, 36.291786512638851 ], [ -78.928488620073608, 36.291852255122336 ] ] } },
{ "type": "Feature", "properties": { "FEEDER_NAME": "TIMBERLAKE", "SUBSTATION_NAME": "Red Mountain", "wmType": "SECONDARY OVERHEAD", "WKT": "LINESTRING (-78.92833045176998 36.29178651263885, -78.92847249300446 36.291696585369664)" }, "geometry": { "type": "LineString", "coordinates": [ [ -78.92833045176998, 36.291786512638851 ], [ -78.928472493004463, 36.291696585369664 ] ] } },
{ "type": "Feature", "properties": { "FEEDER_NAME": "TIMBERLAKE", "SUBSTATION_NAME": "Red Mountain", "wmType": "SECONDARY OVERHEAD", "WKT": "LINESTRING (-78.9219703166557 36.28018068382019, -78.9219206757421 36.279969535304886)" }, "geometry": { "type": "LineString", "coordinates": [ [ -78.921970316655703, 36.280180683820191 ], [ -78.921920675742101, 36.279969535304886 ] ] } },
{ "type": "Feature", "properties": { "FEEDER_NAME": "TIMBERLAKE", "SUBSTATION_NAME": "Red Mountain", "wmType": "SECONDARY OVERHEAD", "WKT": "LINESTRING (-78.94136841960695 36.305911967340286, -78.94126774965117 36.305750000517484)" }, "geometry": { "type": "LineString", "coordinates": [ [ -78.941368419606945, 36.305911967340286 ], [ -78.941267749651175, 36.305750000517484 ] ] } },
{ "type": "Feature", "properties": { "FEEDER_NAME": "TIMBERLAKE", "SUBSTATION_NAME": "Red Mountain", "wmType": "SECONDARY OVERHEAD", "WKT": "LINESTRING (-78.92729333006069 36.27273603256568, -78.92725551754573 36.27261113123743)" }, "geometry": { "type": "LineString", "coordinates": [ [ -78.927293330060692, 36.272736032565682 ], [ -78.927255517545731, 36.272611131237433 ] ] } },
{ "type": "Feature", "properties": { "FEEDER_NAME": "TIMBERLAKE", "SUBSTATION_NAME": "Red Mountain", "wmType": "SECONDARY OVERHEAD", "WKT": "LINESTRING (-78.93867057078029 36.308026603205114, -78.93869771445856 36.30816195766225)" }, "geometry": { "type": "LineString", "coordinates": [ [ -78.938670570780289, 36.308026603205114 ], [ -78.938697714458556, 36.30816195766225 ] ] } },
{ "type": "Feature", "properties": { "FEEDER_NAME": "TIMBERLAKE", "SUBSTATION_NAME": "Red Mountain", "wmType": "SECONDARY OVERHEAD", "WKT": "LINESTRING (-78.94143122650654 36.309971989005575, -78.94130731830961 36.310056037549465)" }, "geometry": { "type": "LineString", "coordinates": [ [ -78.941431226506538, 36.309971989005575 ], [ -78.941307318309612, 36.310056037549465 ] ] } },
{ "type": "Feature", "properties": { "FEEDER_NAME": "TIMBERLAKE", "SUBSTATION_NAME": "Red Mountain", "wmType": "SECONDARY OVERHEAD", "WKT": "LINESTRING (-78.90705556203947 36.28059556339892, -78.90704093439825 36.28040730959401)" }, "geometry": { "type": "LineString", "coordinates": [ [ -78.907055562039474, 36.280595563398919 ], [ -78.907040934398253, 36.280407309594011 ] ] } },
{ "type": "Feature", "properties": { "FEEDER_NAME": "TIMBERLAKE", "SUBSTATION_NAME": "Red Mountain", "wmType": "SECONDARY OVERHEAD", "WKT": "LINESTRING (-78.90705556203947 36.28059556339892, -78.90697130278461 36.28038183050867)" }, "geometry": { "type": "LineString", "coordinates": [ [ -78.907055562039474, 36.280595563398919 ], [ -78.906971302784612, 36.280381830508666 ] ] } },
{ "type": "Feature", "properties": { "FEEDER_NAME": "TIMBERLAKE", "SUBSTATION_NAME": "Red Mountain", "wmType": "SECONDARY OVERHEAD", "WKT": "LINESTRING (-78.90530708904754 36.28058941867829, -78.90529794785672 36.28061588053135, -78.90568954930552 36.28100770904238)" }, "geometry": { "type": "LineString", "coordinates": [ [ -78.90530708904754, 36.280589418678289 ], [ -78.905297947856724, 36.28061588053135 ], [ -78.905689549305521, 36.281007709042377 ] ] } },
{ "type": "Feature", "properties": { "FEEDER_NAME": "TIMBERLAKE", "SUBSTATION_NAME": "Red Mountain", "wmType": "SECONDARY OVERHEAD", "WKT": "LINESTRING (-78.90568954930552 36.28100770904238, -78.90547432476775 36.28146677592501)" }, "geometry": { "type": "LineString", "coordinates": [ [ -78.905689549305521, 36.281007709042377 ], [ -78.905474324767752, 36.281466775925011 ] ] } },
{ "type": "Feature", "properties": { "FEEDER_NAME": "TIMBERLAKE", "SUBSTATION_NAME": "Red Mountain", "wmType": "SECONDARY OVERHEAD", "WKT": "LINESTRING (-78.90530708904754 36.28058941867829, -78.90546199270138 36.280356587072596)" }, "geometry": { "type": "LineString", "coordinates": [ [ -78.90530708904754, 36.280589418678289 ], [ -78.905461992701376, 36.280356587072596 ] ] } },
{ "type": "Feature", "properties": { "FEEDER_NAME": "TIMBERLAKE", "SUBSTATION_NAME": "Red Mountain", "wmType": "SECONDARY OVERHEAD", "WKT": "LINESTRING (-78.90546199270138 36.280356587072596, -78.9054493633983 36.28025817139341)" }, "geometry": { "type": "LineString", "coordinates": [ [ -78.905461992701376, 36.280356587072596 ], [ -78.905449363398304, 36.280258171393413 ] ] } },
{ "type": "Feature", "properties": { "FEEDER_NAME": "TIMBERLAKE", "SUBSTATION_NAME": "Red Mountain", "wmType": "SECONDARY OVERHEAD", "WKT": "LINESTRING (-78.89890219486766 36.27930377186063, -78.89887256594622 36.27963805328592)" }, "geometry": { "type": "LineString", "coordinates": [ [ -78.898902194867659, 36.279303771860633 ], [ -78.89887256594622, 36.279638053285922 ] ] } },
{ "type": "Feature", "properties": { "FEEDER_NAME": "TIMBERLAKE", "SUBSTATION_NAME": "Red Mountain", "wmType": "SECONDARY OVERHEAD", "WKT": "LINESTRING (-78.89887256594622 36.27963805328592, -78.89890082032089 36.279824951423834)" }, "geometry": { "type": "LineString", "coordinates": [ [ -78.89887256594622, 36.279638053285922 ], [ -78.89890082032089, 36.279824951423834 ] ] } },
{ "type": "Feature", "properties": { "FEEDER_NAME": "TIMBERLAKE", "SUBSTATION_NAME": "Red Mountain", "wmType": "SECONDARY OVERHEAD", "WKT": "LINESTRING (-78.89887256594622 36.27963805328592, -78.89878123779084 36.2799640444076)" }, "geometry": { "type": "LineString", "coordinates": [ [ -78.89887256594622, 36.279638053285922 ], [ -78.898781237790843, 36.279964044407599 ] ] } },
{ "type": "Feature", "properties": { "FEEDER_NAME": "TIMBERLAKE", "SUBSTATION_NAME": "Red Mountain", "wmType": "SECONDARY OVERHEAD", "WKT": "LINESTRING (-78.89744694772016 36.279784534409615, -78.89742926866165 36.279761091214816, -78.89744915194228 36.27957305518367)" }, "geometry": { "type": "LineString", "coordinates": [ [ -78.897446947720155, 36.279784534409615 ], [ -78.897429268661654, 36.279761091214816 ], [ -78.897449151942283, 36.279573055183668 ] ] } },
{ "type": "Feature", "properties": { "FEEDER_NAME": "TIMBERLAKE", "SUBSTATION_NAME": "Red Mountain", "wmType": "SECONDARY OVERHEAD", "WKT": "LINESTRING (-78.89744915194228 36.27957305518367, -78.89707048818521 36.27944032653998)" }, "geometry": { "type": "LineString", "coordinates": [ [ -78.897449151942283, 36.279573055183668 ], [ -78.897070488185207, 36.279440326539977 ] ] } },
{ "type": "Feature", "properties": { "FEEDER_NAME": "TIMBERLAKE", "SUBSTATION_NAME": "Red Mountain", "wmType": "SECONDARY OVERHEAD", "WKT": "LINESTRING (-78.89744694772016 36.279784534409615, -78.89732624810088 36.27984038653048)" }, "geometry": { "type": "LineString", "coordinates": [ [ -78.897446947720155, 36.279784534409615 ], [ -78.897326248100882, 36.279840386530481 ] ] } },
{ "type": "Feature", "properties": { "FEEDER_NAME": "TIMBERLAKE", "SUBSTATION_NAME": "Red Mountain", "wmType": "SECONDARY OVERHEAD", "WKT": "LINESTRING (-78.89744694772016 36.279784534409615, -78.89713902794229 36.27959665996548)" }, "geometry": { "type": "LineString", "coordinates": [ [ -78.897446947720155, 36.279784534409615 ], [ -78.897139027942288, 36.279596659965478 ] ] } },
{ "type": "Feature", "properties": { "FEEDER_NAME": "TIMBERLAKE", "SUBSTATION_NAME": "Red Mountain", "wmType": "SECONDARY OVERHEAD", "WKT": "LINESTRING (-78.8938869600417 36.27839560586341, -78.89348644826266 36.27856644338814)" }, "geometry": { "type": "LineString", "coordinates": [ [ -78.893886960041698, 36.278395605863409 ], [ -78.893486448262664, 36.278566443388137 ] ] } },
{ "type": "Feature", "properties": { "FEEDER_NAME": "TIMBERLAKE", "SUBSTATION_NAME": "Red Mountain", "wmType": "SECONDARY OVERHEAD", "WKT": "LINESTRING (-78.89179232645768 36.2802672216987, -78.892168605375 36.28025093578789)" }, "geometry": { "type": "LineString", "coordinates": [ [ -78.891792326457676, 36.280267221698701 ], [ -78.892168605375005, 36.28025093578789 ] ] } },
{ "type": "Feature", "properties": { "FEEDER_NAME": "TIMBERLAKE", "SUBSTATION_NAME": "Red Mountain", "wmType": "SECONDARY OVERHEAD", "WKT": "LINESTRING (-78.892168605375 36.28025093578789, -78.89217231394268 36.28012813143273)" }, "geometry": { "type": "LineString", "coordinates": [ [ -78.892168605375005, 36.28025093578789 ], [ -78.89217231394268, 36.280128131432733 ] ] } },
{ "type": "Feature", "properties": { "FEEDER_NAME": "TIMBERLAKE", "SUBSTATION_NAME": "Red Mountain", "wmType": "SECONDARY OVERHEAD", "WKT": "LINESTRING (-78.89125877850255 36.27945148832313, -78.89138785578126 36.27945506319868)" }, "geometry": { "type": "LineString", "coordinates": [ [ -78.891258778502547, 36.279451488323133 ], [ -78.891387855781261, 36.279455063198682 ] ] } },
{ "type": "Feature", "properties": { "FEEDER_NAME": "TIMBERLAKE", "SUBSTATION_NAME": "Red Mountain", "wmType": "SECONDARY OVERHEAD", "WKT": "LINESTRING (-78.89125877850255 36.27945148832313, -78.8912373089344 36.279624102184044)" }, "geometry": { "type": "LineString", "coordinates": [ [ -78.891258778502547, 36.279451488323133 ], [ -78.891237308934393, 36.279624102184044 ] ] } },
{ "type": "Feature", "properties": { "FEEDER_NAME": "TIMBERLAKE", "SUBSTATION_NAME": "Red Mountain", "wmType": "SECONDARY OVERHEAD", "WKT": "LINESTRING (-78.89167216297855 36.27747493628174, -78.89196678697353 36.27727396926566)" }, "geometry": { "type": "LineString", "coordinates": [ [ -78.891672162978551, 36.277474936281742 ], [ -78.891966786973526, 36.277273969265657 ] ] } },
{ "type": "Feature", "properties": { "FEEDER_NAME": "TIMBERLAKE", "SUBSTATION_NAME": "Red Mountain", "wmType": "SECONDARY OVERHEAD", "WKT": "LINESTRING (-78.89167216297855 36.27747493628174, -78.89198356205081 36.277766421802134)" }, "geometry": { "type": "LineString", "coordinates": [ [ -78.891672162978551, 36.277474936281742 ], [ -78.891983562050811, 36.277766421802134 ] ] } },
{ "type": "Feature", "properties": { "FEEDER_NAME": "TIMBERLAKE", "SUBSTATION_NAME": "Red Mountain", "wmType": "SECONDARY OVERHEAD", "WKT": "LINESTRING (-78.89167216297855 36.27747493628174, -78.89167024701206 36.27769748036205)" }, "geometry": { "type": "LineString", "coordinates": [ [ -78.891672162978551, 36.277474936281742 ], [ -78.891670247012058, 36.27769748036205 ] ] } },
{ "type": "Feature", "properties": { "FEEDER_NAME": "TIMBERLAKE", "SUBSTATION_NAME": "Red Mountain", "wmType": "SECONDARY OVERHEAD", "WKT": "LINESTRING (-78.89167216297855 36.27747493628174, -78.89132004856855 36.277567657110495)" }, "geometry": { "type": "LineString", "coordinates": [ [ -78.891672162978551, 36.277474936281742 ], [ -78.891320048568545, 36.277567657110495 ] ] } },
{ "type": "Feature", "properties": { "FEEDER_NAME": "TIMBERLAKE", "SUBSTATION_NAME": "Red Mountain", "wmType": "SECONDARY OVERHEAD", "WKT": "LINESTRING (-78.89132004856855 36.277567657110495, -78.8910401508718 36.27776459752442)" }, "geometry": { "type": "LineString", "coordinates": [ [ -78.891320048568545, 36.277567657110495 ], [ -78.891040150871802, 36.277764597524417 ] ] } },
{ "type": "Feature", "properties": { "FEEDER_NAME": "TIMBERLAKE", "SUBSTATION_NAME": "Red Mountain", "wmType": "SECONDARY OVERHEAD", "WKT": "LINESTRING (-78.8911578348414 36.277185742732684, -78.8914214126005 36.27706495475202)" }, "geometry": { "type": "LineString", "coordinates": [ [ -78.891157834841394, 36.277185742732684 ], [ -78.891421412600494, 36.277064954752021 ] ] } },
{ "type": "Feature", "properties": { "FEEDER_NAME": "TIMBERLAKE", "SUBSTATION_NAME": "Red Mountain", "wmType": "SECONDARY OVERHEAD", "WKT": "LINESTRING (-78.8914214126005 36.27706495475202, -78.89170799145772 36.27693734308416)" }, "geometry": { "type": "LineString", "coordinates": [ [ -78.891421412600494, 36.277064954752021 ], [ -78.891707991457722, 36.276937343084157 ] ] } },
{ "type": "Feature", "properties": { "FEEDER_NAME": "TIMBERLAKE", "SUBSTATION_NAME": "Red Mountain", "wmType": "SECONDARY OVERHEAD", "WKT": "LINESTRING (-78.88822220617479 36.279291533569975, -78.88816075990047 36.279466729235494)" }, "geometry": { "type": "LineString", "coordinates": [ [ -78.888222206174788, 36.279291533569975 ], [ -78.888160759900472, 36.279466729235494 ] ] } },
{ "type": "Feature", "properties": { "FEEDER_NAME": "TIMBERLAKE", "SUBSTATION_NAME": "Red Mountain", "wmType": "SECONDARY OVERHEAD", "WKT": "LINESTRING (-78.88797250630253 36.27541017505515, -78.88820841652661 36.27520531703729)" }, "geometry": { "type": "LineString", "coordinates": [ [ -78.887972506302532, 36.27541017505515 ], [ -78.888208416526609, 36.27520531703729 ] ] } },
{ "type": "Feature", "properties": { "FEEDER_NAME": "TIMBERLAKE", "SUBSTATION_NAME": "Red Mountain", "wmType": "SECONDARY OVERHEAD", "WKT": "LINESTRING (-78.88820841652661 36.27520531703729, -78.88836585166818 36.27499860911804)" }, "geometry": { "type": "LineString", "coordinates": [ [ -78.888208416526609, 36.27520531703729 ], [ -78.888365851668183, 36.274998609118043 ] ] } },
{ "type": "Feature", "properties": { "FEEDER_NAME": "TIMBERLAKE", "SUBSTATION_NAME": "Red Mountain", "wmType": "SECONDARY OVERHEAD", "WKT": "LINESTRING (-78.88820841652661 36.27520531703729, -78.8887920981819 36.27529473327788)" }, "geometry": { "type": "LineString", "coordinates": [ [ -78.888208416526609, 36.27520531703729 ], [ -78.888792098181895, 36.275294733277882 ] ] } },
{ "type": "Feature", "properties": { "FEEDER_NAME": "TIMBERLAKE", "SUBSTATION_NAME": "Red Mountain", "wmType": "SECONDARY OVERHEAD", "WKT": "LINESTRING (-78.88797250630253 36.27541017505515, -78.88797522845375 36.27537191863133)" }, "geometry": { "type": "LineString", "coordinates": [ [ -78.887972506302532, 36.27541017505515 ], [ -78.887975228453755, 36.275371918631329 ] ] } },
{ "type": "Feature", "properties": { "FEEDER_NAME": "TIMBERLAKE", "SUBSTATION_NAME": "Red Mountain", "wmType": "SECONDARY OVERHEAD", "WKT": "LINESTRING (-78.88896413821963 36.26793844028563, -78.88925320318197 36.26783687890358)" }, "geometry": { "type": "LineString", "coordinates": [ [ -78.888964138219634, 36.267938440285633 ], [ -78.889253203181966, 36.26783687890358 ] ] } },
{ "type": "Feature", "properties": { "FEEDER_NAME": "TIMBERLAKE", "SUBSTATION_NAME": "Red Mountain", "wmType": "SECONDARY OVERHEAD", "WKT": "LINESTRING (-78.88824342761485 36.26819693486612, -78.88856802493487 36.268356467449095)" }, "geometry": { "type": "LineString", "coordinates": [ [ -78.888243427614853, 36.268196934866118 ], [ -78.88856802493487, 36.268356467449095 ] ] } },
{ "type": "Feature", "properties": { "FEEDER_NAME": "TIMBERLAKE", "SUBSTATION_NAME": "Red Mountain", "wmType": "SECONDARY OVERHEAD", "WKT": "LINESTRING (-78.88856802493487 36.268356467449095, -78.88876593077521 36.26844017634127)" }, "geometry": { "type": "LineString", "coordinates": [ [ -78.88856802493487, 36.268356467449095 ], [ -78.888765930775207, 36.268440176341272 ] ] } },
{ "type": "Feature", "properties": { "FEEDER_NAME": "TIMBERLAKE", "SUBSTATION_NAME": "Red Mountain", "wmType": "SECONDARY OVERHEAD", "WKT": "LINESTRING (-78.88856802493487 36.268356467449095, -78.88870780646559 36.26818566289235)" }, "geometry": { "type": "LineString", "coordinates": [ [ -78.88856802493487, 36.268356467449095 ], [ -78.88870780646559, 36.26818566289235 ] ] } },
{ "type": "Feature", "properties": { "FEEDER_NAME": "TIMBERLAKE", "SUBSTATION_NAME": "Red Mountain", "wmType": "SECONDARY OVERHEAD", "WKT": "LINESTRING (-78.89219609113566 36.26767571239979, -78.89230997695307 36.267788265538094)" }, "geometry": { "type": "LineString", "coordinates": [ [ -78.892196091135659, 36.267675712399793 ], [ -78.892309976953072, 36.267788265538094 ] ] } },
{ "type": "Feature", "properties": { "FEEDER_NAME": "TIMBERLAKE", "SUBSTATION_NAME": "Red Mountain", "wmType": "SECONDARY OVERHEAD", "WKT": "LINESTRING (-78.89230997695307 36.267788265538094, -78.89257507978569 36.267820964484834)" }, "geometry": { "type": "LineString", "coordinates": [ [ -78.892309976953072, 36.267788265538094 ], [ -78.892575079785686, 36.267820964484834 ] ] } },
{ "type": "Feature", "properties": { "FEEDER_NAME": "TIMBERLAKE", "SUBSTATION_NAME": "Red Mountain", "wmType": "SECONDARY OVERHEAD", "WKT": "LINESTRING (-78.89004682507554 36.26510057945314, -78.89022589646903 36.265236814545155)" }, "geometry": { "type": "LineString", "coordinates": [ [ -78.890046825075544, 36.26510057945314 ], [ -78.890225896469033, 36.265236814545155 ] ] } },
{ "type": "Feature", "properties": { "FEEDER_NAME": "TIMBERLAKE", "SUBSTATION_NAME": "Red Mountain", "wmType": "SECONDARY OVERHEAD", "WKT": "LINESTRING (-78.89022589646903 36.265236814545155, -78.89042229433453 36.265402785380815)" }, "geometry": { "type": "LineString", "coordinates": [ [ -78.890225896469033, 36.265236814545155 ], [ -78.890422294334527, 36.265402785380815 ] ] } },
{ "type": "Feature", "properties": { "FEEDER_NAME": "TIMBERLAKE", "SUBSTATION_NAME": "Red Mountain", "wmType": "SECONDARY OVERHEAD", "WKT": "LINESTRING (-78.89083387085692 36.26377063904216, -78.89106238834167 36.26401025044032)" }, "geometry": { "type": "LineString", "coordinates": [ [ -78.890833870856923, 36.263770639042157 ], [ -78.891062388341666, 36.264010250440322 ] ] } },
{ "type": "Feature", "properties": { "FEEDER_NAME": "TIMBERLAKE", "SUBSTATION_NAME": "Red Mountain", "wmType": "SECONDARY OVERHEAD", "WKT": "LINESTRING (-78.92770007561137 36.272743194963056, -78.92729333006069 36.27273603256568)" }, "geometry": { "type": "LineString", "coordinates": [ [ -78.927700075611369, 36.272743194963056 ], [ -78.927293330060692, 36.272736032565682 ] ] } },
{ "type": "Feature", "properties": { "FEEDER_NAME": "TIMBERLAKE", "SUBSTATION_NAME": "Red Mountain", "wmType": "SECONDARY OVERHEAD", "WKT": "LINESTRING (-78.93869771445856 36.30816195766225, -78.93880053370333 36.30818165946688)" }, "geometry": { "type": "LineString", "coordinates": [ [ -78.938697714458556, 36.30816195766225 ], [ -78.938800533703329, 36.308181659466882 ] ] } },
{ "type": "Feature", "properties": { "FEEDER_NAME": "TIMBERLAKE", "SUBSTATION_NAME": "Red Mountain", "wmType": "SECONDARY OVERHEAD", "WKT": "LINESTRING (-78.92184793842382 36.278030727252215, -78.92232602559552 36.27796403054645)" }, "geometry": { "type": "LineString", "coordinates": [ [ -78.921847938423824, 36.278030727252215 ], [ -78.922326025595524, 36.27796403054645 ] ] } },
{ "type": "Feature", "properties": { "FEEDER_NAME": "TIMBERLAKE", "SUBSTATION_NAME": "Red Mountain", "wmType": "SECONDARY OVERHEAD", "WKT": "LINESTRING (-78.92743105853104 36.28084386064608, -78.9271740328249 36.28075683090441)" }, "geometry": { "type": "LineString", "coordinates": [ [ -78.927431058531042, 36.28084386064608 ], [ -78.927174032824894, 36.280756830904409 ] ] } },
{ "type": "Feature", "properties": { "FEEDER_NAME": "TIMBERLAKE", "SUBSTATION_NAME": "Red Mountain", "wmType": "SECONDARY OVERHEAD", "WKT": "LINESTRING (-78.92953749907774 36.26641463245116, -78.92946586572371 36.26639714555566)" }, "geometry": { "type": "LineString", "coordinates": [ [ -78.929537499077739, 36.266414632451159 ], [ -78.929465865723714, 36.266397145555658 ] ] } },
{ "type": "Feature", "properties": { "FEEDER_NAME": "TIMBERLAKE", "SUBSTATION_NAME": "Red Mountain", "wmType": "SECONDARY OVERHEAD", "WKT": "LINESTRING (-78.94044713927731 36.27464275499383, -78.94055099823854 36.27502457708401)" }, "geometry": { "type": "LineString", "coordinates": [ [ -78.94044713927731, 36.274642754993828 ], [ -78.940550998238535, 36.275024577084011 ] ] } },
{ "type": "Feature", "properties": { "FEEDER_NAME": "TIMBERLAKE", "SUBSTATION_NAME": "Red Mountain", "wmType": "SECONDARY OVERHEAD", "WKT": "LINESTRING (-78.9318204273803 36.26839647567744, -78.9317137989602 36.26872679565841)" }, "geometry": { "type": "LineString", "coordinates": [ [ -78.931820427380302, 36.268396475677442 ], [ -78.931713798960203, 36.268726795658409 ] ] } },
{ "type": "Feature", "properties": { "FEEDER_NAME": "TIMBERLAKE", "SUBSTATION_NAME": "Red Mountain", "wmType": "SECONDARY OVERHEAD", "WKT": "LINESTRING (-78.92015063545647 36.28544292938948, -78.92037263167872 36.285487688346244)" }, "geometry": { "type": "LineString", "coordinates": [ [ -78.920150635456466, 36.285442929389482 ], [ -78.920372631678717, 36.285487688346244 ] ] } },
{ "type": "Feature", "properties": { "FEEDER_NAME": "TIMBERLAKE", "SUBSTATION_NAME": "Red Mountain", "wmType": "SECONDARY OVERHEAD", "WKT": "LINESTRING (-78.91707117681379 36.27631027035389, -78.91707106051324 36.276667868921024)" }, "geometry": { "type": "LineString", "coordinates": [ [ -78.917071176813792, 36.276310270353889 ], [ -78.917071060513237, 36.276667868921024 ] ] } },
{ "type": "Feature", "properties": { "FEEDER_NAME": "TIMBERLAKE", "SUBSTATION_NAME": "Red Mountain", "wmType": "SECONDARY OVERHEAD", "WKT": "LINESTRING (-78.93576732584594 36.31154537772983, -78.93579840827384 36.311465073811206)" }, "geometry": { "type": "LineString", "coordinates": [ [ -78.935767325845944, 36.311545377729828 ], [ -78.93579840827384, 36.311465073811206 ] ] } },
{ "type": "Feature", "properties": { "FEEDER_NAME": "TIMBERLAKE", "SUBSTATION_NAME": "Red Mountain", "wmType": "SECONDARY OVERHEAD", "WKT": "LINESTRING (-78.93579840827384 36.311465073811206, -78.93589836231504 36.31120070771642)" }, "geometry": { "type": "LineString", "coordinates": [ [ -78.93579840827384, 36.311465073811206 ], [ -78.935898362315044, 36.311200707716417 ] ] } },
{ "type": "Feature", "properties": { "FEEDER_NAME": "TIMBERLAKE", "SUBSTATION_NAME": "Red Mountain", "wmType": "SECONDARY OVERHEAD", "WKT": "LINESTRING (-78.9261692725944 36.31162411334703, -78.92593127217513 36.31141011308514)" }, "geometry": { "type": "LineString", "coordinates": [ [ -78.926169272594393, 36.31162411334703 ], [ -78.925931272175134, 36.311410113085138 ] ] } },
{ "type": "Feature", "properties": { "FEEDER_NAME": "TIMBERLAKE", "SUBSTATION_NAME": "Red Mountain", "wmType": "SECONDARY OVERHEAD", "WKT": "LINESTRING (-78.92590280827194 36.31098748097839, -78.92620027255519 36.31117011303172)" }, "geometry": { "type": "LineString", "coordinates": [ [ -78.925902808271942, 36.31098748097839 ], [ -78.926200272555192, 36.311170113031721 ] ] } },
{ "type": "Feature", "properties": { "FEEDER_NAME": "TIMBERLAKE", "SUBSTATION_NAME": "Red Mountain", "wmType": "SECONDARY OVERHEAD", "WKT": "LINESTRING (-78.91790626036112 36.28199105352449, -78.91792387098691 36.282136883026936)" }, "geometry": { "type": "LineString", "coordinates": [ [ -78.917906260361121, 36.281991053524493 ], [ -78.917923870986911, 36.282136883026936 ] ] } },
{ "type": "Feature", "properties": { "FEEDER_NAME": "TIMBERLAKE", "SUBSTATION_NAME": "Red Mountain", "wmType": "SECONDARY OVERHEAD", "WKT": "LINESTRING (-78.93467046933021 36.30718904434728, -78.93540829237146 36.307361105919114)" }, "geometry": { "type": "LineString", "coordinates": [ [ -78.934670469330214, 36.307189044347282 ], [ -78.935408292371463, 36.307361105919114 ] ] } },
{ "type": "Feature", "properties": { "FEEDER_NAME": "TIMBERLAKE", "SUBSTATION_NAME": "Red Mountain", "wmType": "SECONDARY OVERHEAD", "WKT": "LINESTRING (-78.94966432592776 36.30884641849601, -78.94935932064186 36.308976110628855)" }, "geometry": { "type": "LineString", "coordinates": [ [ -78.949664325927756, 36.30884641849601 ], [ -78.949359320641861, 36.308976110628855 ] ] } },
{ "type": "Feature", "properties": { "FEEDER_NAME": "TIMBERLAKE", "SUBSTATION_NAME": "Red Mountain", "wmType": "SECONDARY OVERHEAD", "WKT": "LINESTRING (-78.94521637598905 36.27447229071077, -78.9452443180891 36.27439904127818)" }, "geometry": { "type": "LineString", "coordinates": [ [ -78.945216375989048, 36.274472290710769 ], [ -78.945244318089095, 36.27439904127818 ] ] } },
{ "type": "Feature", "properties": { "FEEDER_NAME": "TIMBERLAKE", "SUBSTATION_NAME": "Red Mountain", "wmType": "SECONDARY OVERHEAD", "WKT": "LINESTRING (-78.95289380378468 36.30711994253183, -78.9528355326766 36.30715619771315)" }, "geometry": { "type": "LineString", "coordinates": [ [ -78.952893803784676, 36.307119942531827 ], [ -78.952835532676602, 36.307156197713148 ] ] } },
{ "type": "Feature", "properties": { "FEEDER_NAME": "TIMBERLAKE", "SUBSTATION_NAME": "Red Mountain", "wmType": "SECONDARY OVERHEAD", "WKT": "LINESTRING (-78.95300307832059 36.30696452804581, -78.95289380378468 36.30711994253183)" }, "geometry": { "type": "LineString", "coordinates": [ [ -78.953003078320592, 36.30696452804581 ], [ -78.952893803784676, 36.307119942531827 ] ] } },
{ "type": "Feature", "properties": { "FEEDER_NAME": "TIMBERLAKE", "SUBSTATION_NAME": "Red Mountain", "wmType": "SECONDARY OVERHEAD", "WKT": "LINESTRING (-78.95316169820478 36.30669479713832, -78.95300307832059 36.30696452804581)" }, "geometry": { "type": "LineString", "coordinates": [ [ -78.953161698204781, 36.30669479713832 ], [ -78.953003078320592, 36.30696452804581 ] ] } },
{ "type": "Feature", "properties": { "FEEDER_NAME": "TIMBERLAKE", "SUBSTATION_NAME": "Red Mountain", "wmType": "SECONDARY OVERHEAD", "WKT": "LINESTRING (-78.92683651397023 36.31152914200262, -78.92690659556463 36.31170975485336)" }, "geometry": { "type": "LineString", "coordinates": [ [ -78.92683651397023, 36.31152914200262 ], [ -78.926906595564631, 36.311709754853361 ] ] } },
{ "type": "Feature", "properties": { "FEEDER_NAME": "TIMBERLAKE", "SUBSTATION_NAME": "Red Mountain", "wmType": "SECONDARY OVERHEAD", "WKT": "LINESTRING (-78.94082218182322 36.31523354350107, -78.94129030291901 36.31545012277397)" }, "geometry": { "type": "LineString", "coordinates": [ [ -78.940822181823222, 36.315233543501073 ], [ -78.941290302919015, 36.315450122773967 ] ] } },
{ "type": "Feature", "properties": { "FEEDER_NAME": "TIMBERLAKE", "SUBSTATION_NAME": "Red Mountain", "wmType": "SECONDARY OVERHEAD", "WKT": "LINESTRING (-78.92165138066554 36.282977380086436, -78.92195394591602 36.28296092772142)" }, "geometry": { "type": "LineString", "coordinates": [ [ -78.921651380665537, 36.282977380086436 ], [ -78.921953945916016, 36.282960927721419 ] ] } },
{ "type": "Feature", "properties": { "FEEDER_NAME": "TIMBERLAKE", "SUBSTATION_NAME": "Red Mountain", "wmType": "SECONDARY OVERHEAD", "WKT": "LINESTRING (-78.92143664775638 36.27850882116978, -78.92120978132849 36.27844998198961)" }, "geometry": { "type": "LineString", "coordinates": [ [ -78.92143664775638, 36.27850882116978 ], [ -78.921209781328486, 36.27844998198961 ] ] } },
{ "type": "Feature", "properties": { "FEEDER_NAME": "TIMBERLAKE", "SUBSTATION_NAME": "Red Mountain", "wmType": "SECONDARY OVERHEAD", "WKT": "LINESTRING (-78.95215430579142 36.31441884883473, -78.9523458650197 36.314758038240676)" }, "geometry": { "type": "LineString", "coordinates": [ [ -78.952154305791424, 36.314418848834727 ], [ -78.952345865019694, 36.314758038240676 ] ] } },
{ "type": "Feature", "properties": { "FEEDER_NAME": "TIMBERLAKE", "SUBSTATION_NAME": "Red Mountain", "wmType": "SECONDARY OVERHEAD", "WKT": "LINESTRING (-78.93934931170912 36.306118087794104, -78.93944646271436 36.30571508920327)" }, "geometry": { "type": "LineString", "coordinates": [ [ -78.939349311709123, 36.306118087794104 ], [ -78.939446462714358, 36.305715089203268 ] ] } },
{ "type": "Feature", "properties": { "FEEDER_NAME": "TIMBERLAKE", "SUBSTATION_NAME": "Red Mountain", "wmType": "SECONDARY OVERHEAD", "WKT": "LINESTRING (-78.92301327202567 36.279593049534064, -78.92262142163375 36.27952497601689)" }, "geometry": { "type": "LineString", "coordinates": [ [ -78.923013272025671, 36.279593049534064 ], [ -78.92262142163375, 36.279524976016887 ] ] } },
{ "type": "Feature", "properties": { "FEEDER_NAME": "TIMBERLAKE", "SUBSTATION_NAME": "Red Mountain", "wmType": "SECONDARY OVERHEAD", "WKT": "LINESTRING (-78.95616128972641 36.3150046855697, -78.95589726937374 36.31466143720069)" }, "geometry": { "type": "LineString", "coordinates": [ [ -78.95616128972641, 36.315004685569697 ], [ -78.955897269373736, 36.314661437200691 ] ] } },
{ "type": "Feature", "properties": { "FEEDER_NAME": "TIMBERLAKE", "SUBSTATION_NAME": "Red Mountain", "wmType": "SECONDARY OVERHEAD", "WKT": "LINESTRING (-78.93418569179927 36.29649748261924, -78.93444141181403 36.2964110997681)" }, "geometry": { "type": "LineString", "coordinates": [ [ -78.934185691799271, 36.296497482619237 ], [ -78.934441411814035, 36.2964110997681 ] ] } },
{ "type": "Feature", "properties": { "FEEDER_NAME": "TIMBERLAKE", "SUBSTATION_NAME": "Red Mountain", "wmType": "SECONDARY OVERHEAD", "WKT": "LINESTRING (-78.93961527094775 36.30186416382372, -78.93973230170921 36.30164909479501)" }, "geometry": { "type": "LineString", "coordinates": [ [ -78.939615270947755, 36.301864163823723 ], [ -78.939732301709213, 36.30164909479501 ] ] } },
{ "type": "Feature", "properties": { "FEEDER_NAME": "TIMBERLAKE", "SUBSTATION_NAME": "Red Mountain", "wmType": "SECONDARY OVERHEAD", "WKT": "LINESTRING (-78.92715113371565 36.28845507522058, -78.92685823418064 36.2884360044791)" }, "geometry": { "type": "LineString", "coordinates": [ [ -78.927151133715654, 36.288455075220583 ], [ -78.926858234180642, 36.288436004479102 ] ] } },
{ "type": "Feature", "properties": { "FEEDER_NAME": "TIMBERLAKE", "SUBSTATION_NAME": "Red Mountain", "wmType": "SECONDARY OVERHEAD", "WKT": "LINESTRING (-78.95982408141184 36.317511064782416, -78.9596418483526 36.317593817470936)" }, "geometry": { "type": "LineString", "coordinates": [ [ -78.959824081411838, 36.317511064782416 ], [ -78.959641848352604, 36.317593817470936 ] ] } },
{ "type": "Feature", "properties": { "FEEDER_NAME": "TIMBERLAKE", "SUBSTATION_NAME": "Red Mountain", "wmType": "SECONDARY OVERHEAD", "WKT": "LINESTRING (-78.9596418483526 36.317593817470936, -78.95936732590236 36.31755096121216)" }, "geometry": { "type": "LineString", "coordinates": [ [ -78.959641848352604, 36.317593817470936 ], [ -78.959367325902363, 36.317550961212163 ] ] } },
{ "type": "Feature", "properties": { "FEEDER_NAME": "TIMBERLAKE", "SUBSTATION_NAME": "Red Mountain", "wmType": "SECONDARY OVERHEAD", "WKT": "LINESTRING (-78.95982408141184 36.317511064782416, -78.960029469063 36.31741190321005)" }, "geometry": { "type": "LineString", "coordinates": [ [ -78.959824081411838, 36.317511064782416 ], [ -78.960029469063002, 36.317411903210051 ] ] } },
{ "type": "Feature", "properties": { "FEEDER_NAME": "TIMBERLAKE", "SUBSTATION_NAME": "Red Mountain", "wmType": "SECONDARY OVERHEAD", "WKT": "LINESTRING (-78.95502286024588 36.31580238133689, -78.95471740642826 36.31591996488282)" }, "geometry": { "type": "LineString", "coordinates": [ [ -78.955022860245876, 36.315802381336887 ], [ -78.954717406428259, 36.315919964882823 ] ] } },
{ "type": "Feature", "properties": { "FEEDER_NAME": "TIMBERLAKE", "SUBSTATION_NAME": "Red Mountain", "wmType": "SECONDARY OVERHEAD", "WKT": "LINESTRING (-78.95471740642826 36.31591996488282, -78.95469037109869 36.31568807480211)" }, "geometry": { "type": "LineString", "coordinates": [ [ -78.954717406428259, 36.315919964882823 ], [ -78.954690371098692, 36.315688074802111 ] ] } },
{ "type": "Feature", "properties": { "FEEDER_NAME": "TIMBERLAKE", "SUBSTATION_NAME": "Red Mountain", "wmType": "SECONDARY OVERHEAD", "WKT": "LINESTRING (-78.95616128972641 36.3150046855697, -78.95624525747552 36.31512416965943)" }, "geometry": { "type": "LineString", "coordinates": [ [ -78.95616128972641, 36.315004685569697 ], [ -78.956245257475516, 36.315124169659427 ] ] } },
{ "type": "Feature", "properties": { "FEEDER_NAME": "TIMBERLAKE", "SUBSTATION_NAME": "Red Mountain", "wmType": "SECONDARY OVERHEAD", "WKT": "LINESTRING (-78.9523869469169 36.30520256744968, -78.95214283054399 36.30495433436279)" }, "geometry": { "type": "LineString", "coordinates": [ [ -78.952386946916903, 36.305202567449683 ], [ -78.952142830543991, 36.30495433436279 ] ] } },
{ "type": "Feature", "properties": { "FEEDER_NAME": "TIMBERLAKE", "SUBSTATION_NAME": "Red Mountain", "wmType": "SECONDARY OVERHEAD", "WKT": "LINESTRING (-78.95239450943677 36.30945024631771, -78.95216859119374 36.30928032887459)" }, "geometry": { "type": "LineString", "coordinates": [ [ -78.952394509436772, 36.309450246317709 ], [ -78.95216859119374, 36.309280328874593 ] ] } },
{ "type": "Feature", "properties": { "FEEDER_NAME": "TIMBERLAKE", "SUBSTATION_NAME": "Red Mountain", "wmType": "SECONDARY OVERHEAD", "WKT": "LINESTRING (-78.95117481383137 36.310295010615334, -78.95122943436436 36.3102943609907)" }, "geometry": { "type": "LineString", "coordinates": [ [ -78.951174813831372, 36.310295010615334 ], [ -78.951229434364365, 36.310294360990703 ] ] } },
{ "type": "Feature", "properties": { "FEEDER_NAME": "TIMBERLAKE", "SUBSTATION_NAME": "Red Mountain", "wmType": "SECONDARY OVERHEAD", "WKT": "LINESTRING (-78.9472380875073 36.30813504561208, -78.9475072853623 36.30812441491714)" }, "geometry": { "type": "LineString", "coordinates": [ [ -78.947238087507301, 36.308135045612083 ], [ -78.947507285362306, 36.308124414917138 ] ] } },
{ "type": "Feature", "properties": { "FEEDER_NAME": "TIMBERLAKE", "SUBSTATION_NAME": "Red Mountain", "wmType": "SECONDARY OVERHEAD", "WKT": "LINESTRING (-78.94401473589045 36.307907205615386, -78.94398933805422 36.30777343283426)" }, "geometry": { "type": "LineString", "coordinates": [ [ -78.944014735890448, 36.307907205615386 ], [ -78.943989338054223, 36.30777343283426 ] ] } },
{ "type": "Feature", "properties": { "FEEDER_NAME": "TIMBERLAKE", "SUBSTATION_NAME": "Red Mountain", "wmType": "SECONDARY OVERHEAD", "WKT": "LINESTRING (-78.93576732584594 36.31154537772983, -78.9354816872754 36.31130499625678)" }, "geometry": { "type": "LineString", "coordinates": [ [ -78.935767325845944, 36.311545377729828 ], [ -78.935481687275399, 36.31130499625678 ] ] } },
{ "type": "Feature", "properties": { "FEEDER_NAME": "TIMBERLAKE", "SUBSTATION_NAME": "Red Mountain", "wmType": "SECONDARY OVERHEAD", "WKT": "LINESTRING (-78.9354816872754 36.31130499625678, -78.93557174683833 36.31123252372964)" }, "geometry": { "type": "LineString", "coordinates": [ [ -78.935481687275399, 36.31130499625678 ], [ -78.935571746838335, 36.311232523729643 ] ] } },
{ "type": "Feature", "properties": { "FEEDER_NAME": "TIMBERLAKE", "SUBSTATION_NAME": "Red Mountain", "wmType": "SECONDARY OVERHEAD", "WKT": "LINESTRING (-78.93576732584594 36.31154537772983, -78.93549757097294 36.31173569281218)" }, "geometry": { "type": "LineString", "coordinates": [ [ -78.935767325845944, 36.311545377729828 ], [ -78.935497570972942, 36.311735692812178 ] ] } },
{ "type": "Feature", "properties": { "FEEDER_NAME": "TIMBERLAKE", "SUBSTATION_NAME": "Red Mountain", "wmType": "SECONDARY OVERHEAD", "WKT": "LINESTRING (-78.93726475219185 36.31146995982648, -78.93732878432827 36.31113258662602)" }, "geometry": { "type": "LineString", "coordinates": [ [ -78.937264752191851, 36.311469959826482 ], [ -78.937328784328272, 36.311132586626023 ] ] } },
{ "type": "Feature", "properties": { "FEEDER_NAME": "TIMBERLAKE", "SUBSTATION_NAME": "Red Mountain", "wmType": "SECONDARY OVERHEAD", "WKT": "LINESTRING (-78.93726475219185 36.31146995982648, -78.93720083421108 36.31117627100765)" }, "geometry": { "type": "LineString", "coordinates": [ [ -78.937264752191851, 36.311469959826482 ], [ -78.937200834211083, 36.311176271007653 ] ] } },
{ "type": "Feature", "properties": { "FEEDER_NAME": "TIMBERLAKE", "SUBSTATION_NAME": "Red Mountain", "wmType": "SECONDARY OVERHEAD", "WKT": "LINESTRING (-78.93726475219185 36.31146995982648, -78.93724551331633 36.31163925670006)" }, "geometry": { "type": "LineString", "coordinates": [ [ -78.937264752191851, 36.311469959826482 ], [ -78.937245513316327, 36.311639256700062 ] ] } },
{ "type": "Feature", "properties": { "FEEDER_NAME": "TIMBERLAKE", "SUBSTATION_NAME": "Red Mountain", "wmType": "SECONDARY OVERHEAD", "WKT": "LINESTRING (-78.93786705112896 36.31115615334206, -78.93764851393722 36.311175879410825)" }, "geometry": { "type": "LineString", "coordinates": [ [ -78.937867051128961, 36.311156153342061 ], [ -78.937648513937219, 36.311175879410825 ] ] } },
{ "type": "Feature", "properties": { "FEEDER_NAME": "TIMBERLAKE", "SUBSTATION_NAME": "Red Mountain", "wmType": "SECONDARY OVERHEAD", "WKT": "LINESTRING (-78.93785078460456 36.31160855458924, -78.93763880332085 36.31174580892089)" }, "geometry": { "type": "LineString", "coordinates": [ [ -78.937850784604564, 36.311608554589242 ], [ -78.937638803320851, 36.31174580892089 ] ] } },
{ "type": "Feature", "properties": { "FEEDER_NAME": "TIMBERLAKE", "SUBSTATION_NAME": "Red Mountain", "wmType": "SECONDARY OVERHEAD", "WKT": "LINESTRING (-78.93763880332085 36.31174580892089, -78.93757262452439 36.31183336769669)" }, "geometry": { "type": "LineString", "coordinates": [ [ -78.937638803320851, 36.31174580892089 ], [ -78.937572624524392, 36.311833367696693 ] ] } },
{ "type": "Feature", "properties": { "FEEDER_NAME": "TIMBERLAKE", "SUBSTATION_NAME": "Red Mountain", "wmType": "SECONDARY OVERHEAD", "WKT": "LINESTRING (-78.93848048777795 36.31220009957221, -78.93862244818253 36.31198161541634)" }, "geometry": { "type": "LineString", "coordinates": [ [ -78.938480487777952, 36.312200099572209 ], [ -78.938622448182528, 36.311981615416343 ] ] } },
{ "type": "Feature", "properties": { "FEEDER_NAME": "TIMBERLAKE", "SUBSTATION_NAME": "Red Mountain", "wmType": "SECONDARY OVERHEAD", "WKT": "LINESTRING (-78.93862244818253 36.31198161541634, -78.93876018665448 36.31173549707846)" }, "geometry": { "type": "LineString", "coordinates": [ [ -78.938622448182528, 36.311981615416343 ], [ -78.938760186654477, 36.311735497078459 ] ] } },
{ "type": "Feature", "properties": { "FEEDER_NAME": "TIMBERLAKE", "SUBSTATION_NAME": "Red Mountain", "wmType": "SECONDARY OVERHEAD", "WKT": "LINESTRING (-78.93876018665448 36.31173549707846, -78.9386821092142 36.31165445571954)" }, "geometry": { "type": "LineString", "coordinates": [ [ -78.938760186654477, 36.311735497078459 ], [ -78.938682109214199, 36.311654455719541 ] ] } },
{ "type": "Feature", "properties": { "FEEDER_NAME": "TIMBERLAKE", "SUBSTATION_NAME": "Red Mountain", "wmType": "SECONDARY OVERHEAD", "WKT": "LINESTRING (-78.93770401129929 36.31623732855878, -78.9377213326999 36.31582835420793)" }, "geometry": { "type": "LineString", "coordinates": [ [ -78.937704011299289, 36.316237328558778 ], [ -78.937721332699894, 36.31582835420793 ] ] } },
{ "type": "Feature", "properties": { "FEEDER_NAME": "TIMBERLAKE", "SUBSTATION_NAME": "Red Mountain", "wmType": "SECONDARY OVERHEAD", "WKT": "LINESTRING (-78.9377213326999 36.31582835420793, -78.9375290061576 36.3156885652985)" }, "geometry": { "type": "LineString", "coordinates": [ [ -78.937721332699894, 36.31582835420793 ], [ -78.937529006157604, 36.315688565298501 ] ] } },
{ "type": "Feature", "properties": { "FEEDER_NAME": "TIMBERLAKE", "SUBSTATION_NAME": "Red Mountain", "wmType": "SECONDARY OVERHEAD", "WKT": "LINESTRING (-78.9377213326999 36.31582835420793, -78.9374218786552 36.31570427083151)" }, "geometry": { "type": "LineString", "coordinates": [ [ -78.937721332699894, 36.31582835420793 ], [ -78.937421878655201, 36.31570427083151 ] ] } },
{ "type": "Feature", "properties": { "FEEDER_NAME": "TIMBERLAKE", "SUBSTATION_NAME": "Red Mountain", "wmType": "SECONDARY OVERHEAD", "WKT": "LINESTRING (-78.94154832486751 36.31363587267198, -78.94159753133529 36.31385800712818)" }, "geometry": { "type": "LineString", "coordinates": [ [ -78.941548324867512, 36.313635872671981 ], [ -78.94159753133529, 36.313858007128182 ] ] } },
{ "type": "Feature", "properties": { "FEEDER_NAME": "TIMBERLAKE", "SUBSTATION_NAME": "Red Mountain", "wmType": "SECONDARY OVERHEAD", "WKT": "LINESTRING (-78.93894144820703 36.313611475672396, -78.93867588471386 36.31346961263347)" }, "geometry": { "type": "LineString", "coordinates": [ [ -78.938941448207032, 36.313611475672396 ], [ -78.938675884713859, 36.313469612633469 ] ] } },
{ "type": "Feature", "properties": { "FEEDER_NAME": "TIMBERLAKE", "SUBSTATION_NAME": "Red Mountain", "wmType": "SECONDARY OVERHEAD", "WKT": "LINESTRING (-78.93867588471386 36.31346961263347, -78.93848821330342 36.313380468237916)" }, "geometry": { "type": "LineString", "coordinates": [ [ -78.938675884713859, 36.313469612633469 ], [ -78.938488213303415, 36.313380468237916 ] ] } },
{ "type": "Feature", "properties": { "FEEDER_NAME": "TIMBERLAKE", "SUBSTATION_NAME": "Red Mountain", "wmType": "SECONDARY OVERHEAD", "WKT": "LINESTRING (-78.93920812343329 36.313137362499326, -78.93892240659044 36.31316790100807)" }, "geometry": { "type": "LineString", "coordinates": [ [ -78.939208123433289, 36.313137362499326 ], [ -78.938922406590436, 36.313167901008072 ] ] } },
{ "type": "Feature", "properties": { "FEEDER_NAME": "TIMBERLAKE", "SUBSTATION_NAME": "Red Mountain", "wmType": "SECONDARY OVERHEAD", "WKT": "LINESTRING (-78.93892240659044 36.31316790100807, -78.93878335562701 36.313205026527484)" }, "geometry": { "type": "LineString", "coordinates": [ [ -78.938922406590436, 36.313167901008072 ], [ -78.93878335562701, 36.313205026527484 ] ] } },
{ "type": "Feature", "properties": { "FEEDER_NAME": "TIMBERLAKE", "SUBSTATION_NAME": "Red Mountain", "wmType": "SECONDARY OVERHEAD", "WKT": "LINESTRING (-78.93961433838786 36.31254180312707, -78.9392369441738 36.31232047972758)" }, "geometry": { "type": "LineString", "coordinates": [ [ -78.939614338387855, 36.312541803127068 ], [ -78.9392369441738, 36.312320479727582 ] ] } },
{ "type": "Feature", "properties": { "FEEDER_NAME": "TIMBERLAKE", "SUBSTATION_NAME": "Red Mountain", "wmType": "SECONDARY OVERHEAD", "WKT": "LINESTRING (-78.94015925896329 36.31202912363256, -78.93988049980761 36.31183809184731)" }, "geometry": { "type": "LineString", "coordinates": [ [ -78.940159258963291, 36.312029123632563 ], [ -78.939880499807614, 36.311838091847306 ] ] } },
{ "type": "Feature", "properties": { "FEEDER_NAME": "TIMBERLAKE", "SUBSTATION_NAME": "Red Mountain", "wmType": "SECONDARY OVERHEAD", "WKT": "LINESTRING (-78.93988049980761 36.31183809184731, -78.93983544007686 36.31193433483141)" }, "geometry": { "type": "LineString", "coordinates": [ [ -78.939880499807614, 36.311838091847306 ], [ -78.939835440076862, 36.311934334831413 ] ] } },
{ "type": "Feature", "properties": { "FEEDER_NAME": "TIMBERLAKE", "SUBSTATION_NAME": "Red Mountain", "wmType": "SECONDARY OVERHEAD", "WKT": "LINESTRING (-78.94054651604864 36.31172099425884, -78.940495761672 36.311560479770186)" }, "geometry": { "type": "LineString", "coordinates": [ [ -78.940546516048641, 36.311720994258842 ], [ -78.940495761671997, 36.311560479770186 ] ] } },
{ "type": "Feature", "properties": { "FEEDER_NAME": "TIMBERLAKE", "SUBSTATION_NAME": "Red Mountain", "wmType": "SECONDARY OVERHEAD", "WKT": "LINESTRING (-78.940495761672 36.311560479770186, -78.94054492620006 36.3114168597767)" }, "geometry": { "type": "LineString", "coordinates": [ [ -78.940495761671997, 36.311560479770186 ], [ -78.940544926200062, 36.311416859776699 ] ] } },
{ "type": "Feature", "properties": { "FEEDER_NAME": "TIMBERLAKE", "SUBSTATION_NAME": "Red Mountain", "wmType": "SECONDARY OVERHEAD", "WKT": "LINESTRING (-78.94177096392708 36.309981709243964, -78.94143122650654 36.309971989005575)" }, "geometry": { "type": "LineString", "coordinates": [ [ -78.941770963927084, 36.309981709243964 ], [ -78.941431226506538, 36.309971989005575 ] ] } },
{ "type": "Feature", "properties": { "FEEDER_NAME": "TIMBERLAKE", "SUBSTATION_NAME": "Red Mountain", "wmType": "SECONDARY OVERHEAD", "WKT": "LINESTRING (-78.94143122650654 36.309971989005575, -78.94135828857478 36.310145931641806)" }, "geometry": { "type": "LineString", "coordinates": [ [ -78.941431226506538, 36.309971989005575 ], [ -78.941358288574776, 36.310145931641806 ] ] } },
{ "type": "Feature", "properties": { "FEEDER_NAME": "TIMBERLAKE", "SUBSTATION_NAME": "Red Mountain", "wmType": "SECONDARY OVERHEAD", "WKT": "LINESTRING (-78.93929773037927 36.30400650087856, -78.93954548250764 36.303876152811235)" }, "geometry": { "type": "LineString", "coordinates": [ [ -78.939297730379266, 36.304006500878558 ], [ -78.93954548250764, 36.303876152811235 ] ] } },
{ "type": "Feature", "properties": { "FEEDER_NAME": "TIMBERLAKE", "SUBSTATION_NAME": "Red Mountain", "wmType": "SECONDARY OVERHEAD", "WKT": "LINESTRING (-78.93954548250764 36.303876152811235, -78.93974396826769 36.30378217572923)" }, "geometry": { "type": "LineString", "coordinates": [ [ -78.93954548250764, 36.303876152811235 ], [ -78.939743968267692, 36.303782175729232 ] ] } },
{ "type": "Feature", "properties": { "FEEDER_NAME": "TIMBERLAKE", "SUBSTATION_NAME": "Red Mountain", "wmType": "SECONDARY OVERHEAD", "WKT": "LINESTRING (-78.94017332327488 36.30458220147479, -78.94036956105707 36.304683293504176)" }, "geometry": { "type": "LineString", "coordinates": [ [ -78.940173323274877, 36.304582201474787 ], [ -78.940369561057068, 36.304683293504176 ] ] } },
{ "type": "Feature", "properties": { "FEEDER_NAME": "TIMBERLAKE", "SUBSTATION_NAME": "Red Mountain", "wmType": "SECONDARY OVERHEAD", "WKT": "LINESTRING (-78.94017332327488 36.30458220147479, -78.939869122903 36.30477407529549)" }, "geometry": { "type": "LineString", "coordinates": [ [ -78.940173323274877, 36.304582201474787 ], [ -78.939869122903005, 36.304774075295491 ] ] } },
{ "type": "Feature", "properties": { "FEEDER_NAME": "TIMBERLAKE", "SUBSTATION_NAME": "Red Mountain", "wmType": "SECONDARY OVERHEAD", "WKT": "LINESTRING (-78.94017332327488 36.30458220147479, -78.9405273759456 36.3044302603306)" }, "geometry": { "type": "LineString", "coordinates": [ [ -78.940173323274877, 36.304582201474787 ], [ -78.940527375945607, 36.304430260330598 ] ] } },
{ "type": "Feature", "properties": { "FEEDER_NAME": "TIMBERLAKE", "SUBSTATION_NAME": "Red Mountain", "wmType": "SECONDARY OVERHEAD", "WKT": "LINESTRING (-78.94146000349917 36.30466538849851, -78.94149385001688 36.30466736014605, -78.94162152822233 36.30460501179758)" }, "geometry": { "type": "LineString", "coordinates": [ [ -78.941460003499174, 36.304665388498513 ], [ -78.941493850016883, 36.304667360146048 ], [ -78.941621528222328, 36.304605011797577 ] ] } },
{ "type": "Feature", "properties": { "FEEDER_NAME": "TIMBERLAKE", "SUBSTATION_NAME": "Red Mountain", "wmType": "SECONDARY OVERHEAD", "WKT": "LINESTRING (-78.94162152822233 36.30460501179758, -78.9416690887129 36.30455664263513)" }, "geometry": { "type": "LineString", "coordinates": [ [ -78.941621528222328, 36.304605011797577 ], [ -78.941669088712899, 36.304556642635127 ] ] } },
{ "type": "Feature", "properties": { "FEEDER_NAME": "TIMBERLAKE", "SUBSTATION_NAME": "Red Mountain", "wmType": "SECONDARY OVERHEAD", "WKT": "LINESTRING (-78.93974812656941 36.30498034875354, -78.93965500254181 36.30521462552083)" }, "geometry": { "type": "LineString", "coordinates": [ [ -78.939748126569413, 36.304980348753539 ], [ -78.939655002541812, 36.305214625520833 ] ] } },
{ "type": "Feature", "properties": { "FEEDER_NAME": "TIMBERLAKE", "SUBSTATION_NAME": "Red Mountain", "wmType": "SECONDARY OVERHEAD", "WKT": "LINESTRING (-78.93911254753183 36.306113850425135, -78.93934931170912 36.306118087794104)" }, "geometry": { "type": "LineString", "coordinates": [ [ -78.939112547531835, 36.306113850425135 ], [ -78.939349311709123, 36.306118087794104 ] ] } },
{ "type": "Feature", "properties": { "FEEDER_NAME": "TIMBERLAKE", "SUBSTATION_NAME": "Red Mountain", "wmType": "SECONDARY OVERHEAD", "WKT": "LINESTRING (-78.93877652660235 36.30717210070071, -78.93912399447954 36.307263903441445)" }, "geometry": { "type": "LineString", "coordinates": [ [ -78.938776526602354, 36.307172100700711 ], [ -78.939123994479544, 36.307263903441445 ] ] } },
{ "type": "Feature", "properties": { "FEEDER_NAME": "TIMBERLAKE", "SUBSTATION_NAME": "Red Mountain", "wmType": "SECONDARY OVERHEAD", "WKT": "LINESTRING (-78.93330311869842 36.310055760751766, -78.9329545163679 36.31001467207642)" }, "geometry": { "type": "LineString", "coordinates": [ [ -78.933303118698419, 36.310055760751766 ], [ -78.9329545163679, 36.31001467207642 ] ] } },
{ "type": "Feature", "properties": { "FEEDER_NAME": "TIMBERLAKE", "SUBSTATION_NAME": "Red Mountain", "wmType": "SECONDARY OVERHEAD", "WKT": "LINESTRING (-78.9329545163679 36.31001467207642, -78.93284518270137 36.31010553182034)" }, "geometry": { "type": "LineString", "coordinates": [ [ -78.9329545163679, 36.31001467207642 ], [ -78.932845182701371, 36.310105531820341 ] ] } },
{ "type": "Feature", "properties": { "FEEDER_NAME": "TIMBERLAKE", "SUBSTATION_NAME": "Red Mountain", "wmType": "SECONDARY OVERHEAD", "WKT": "LINESTRING (-78.93405874155809 36.308139243027824, -78.93394230443076 36.30793408331917)" }, "geometry": { "type": "LineString", "coordinates": [ [ -78.93405874155809, 36.308139243027824 ], [ -78.933942304430758, 36.307934083319168 ] ] } },
{ "type": "Feature", "properties": { "FEEDER_NAME": "TIMBERLAKE", "SUBSTATION_NAME": "Red Mountain", "wmType": "SECONDARY OVERHEAD", "WKT": "LINESTRING (-78.9349830120456 36.30832980863639, -78.93477442486231 36.308247557247334)" }, "geometry": { "type": "LineString", "coordinates": [ [ -78.934983012045606, 36.308329808636387 ], [ -78.934774424862312, 36.308247557247334 ] ] } },
{ "type": "Feature", "properties": { "FEEDER_NAME": "TIMBERLAKE", "SUBSTATION_NAME": "Red Mountain", "wmType": "SECONDARY OVERHEAD", "WKT": "LINESTRING (-78.9349830120456 36.30832980863639, -78.9352225649764 36.30854665001248)" }, "geometry": { "type": "LineString", "coordinates": [ [ -78.934983012045606, 36.308329808636387 ], [ -78.935222564976399, 36.308546650012481 ] ] } },
{ "type": "Feature", "properties": { "FEEDER_NAME": "TIMBERLAKE", "SUBSTATION_NAME": "Red Mountain", "wmType": "SECONDARY OVERHEAD", "WKT": "LINESTRING (-78.9352225649764 36.30854665001248, -78.93558338842091 36.30870290822913)" }, "geometry": { "type": "LineString", "coordinates": [ [ -78.935222564976399, 36.308546650012481 ], [ -78.935583388420909, 36.308702908229129 ] ] } },
{ "type": "Feature", "properties": { "FEEDER_NAME": "TIMBERLAKE", "SUBSTATION_NAME": "Red Mountain", "wmType": "SECONDARY OVERHEAD", "WKT": "LINESTRING (-78.93704714335077 36.30566682397544, -78.93736394766226 36.30555555173905)" }, "geometry": { "type": "LineString", "coordinates": [ [ -78.937047143350767, 36.305666823975443 ], [ -78.937363947662263, 36.305555551739047 ] ] } },
{ "type": "Feature", "properties": { "FEEDER_NAME": "TIMBERLAKE", "SUBSTATION_NAME": "Red Mountain", "wmType": "SECONDARY OVERHEAD", "WKT": "LINESTRING (-78.93736394766226 36.30555555173905, -78.93761619916074 36.30545509571101)" }, "geometry": { "type": "LineString", "coordinates": [ [ -78.937363947662263, 36.305555551739047 ], [ -78.937616199160743, 36.305455095711011 ] ] } },
{ "type": "Feature", "properties": { "FEEDER_NAME": "TIMBERLAKE", "SUBSTATION_NAME": "Red Mountain", "wmType": "SECONDARY OVERHEAD", "WKT": "LINESTRING (-78.93911254753183 36.306113850425135, -78.93876881037252 36.306119392589174)" }, "geometry": { "type": "LineString", "coordinates": [ [ -78.939112547531835, 36.306113850425135 ], [ -78.938768810372522, 36.306119392589174 ] ] } },
{ "type": "Feature", "properties": { "FEEDER_NAME": "TIMBERLAKE", "SUBSTATION_NAME": "Red Mountain", "wmType": "SECONDARY OVERHEAD", "WKT": "LINESTRING (-78.93789844823533 36.306275187351815, -78.93809824021207 36.30643388352864)" }, "geometry": { "type": "LineString", "coordinates": [ [ -78.93789844823533, 36.306275187351815 ], [ -78.938098240212071, 36.306433883528641 ] ] } },
{ "type": "Feature", "properties": { "FEEDER_NAME": "TIMBERLAKE", "SUBSTATION_NAME": "Red Mountain", "wmType": "SECONDARY OVERHEAD", "WKT": "LINESTRING (-78.93809824021207 36.30643388352864, -78.93829502874345 36.30656259570055)" }, "geometry": { "type": "LineString", "coordinates": [ [ -78.938098240212071, 36.306433883528641 ], [ -78.938295028743454, 36.306562595700548 ] ] } },
{ "type": "Feature", "properties": { "FEEDER_NAME": "TIMBERLAKE", "SUBSTATION_NAME": "Red Mountain", "wmType": "SECONDARY OVERHEAD", "WKT": "LINESTRING (-78.93809824021207 36.30643388352864, -78.93812037703042 36.30681741774684)" }, "geometry": { "type": "LineString", "coordinates": [ [ -78.938098240212071, 36.306433883528641 ], [ -78.938120377030415, 36.306817417746842 ] ] } },
{ "type": "Feature", "properties": { "FEEDER_NAME": "TIMBERLAKE", "SUBSTATION_NAME": "Red Mountain", "wmType": "SECONDARY OVERHEAD", "WKT": "LINESTRING (-78.937228633904 36.30661662007967, -78.93698125486917 36.306819264535726)" }, "geometry": { "type": "LineString", "coordinates": [ [ -78.937228633903999, 36.306616620079673 ], [ -78.936981254869167, 36.306819264535726 ] ] } },
{ "type": "Feature", "properties": { "FEEDER_NAME": "TIMBERLAKE", "SUBSTATION_NAME": "Red Mountain", "wmType": "SECONDARY OVERHEAD", "WKT": "LINESTRING (-78.937228633904 36.30661662007967, -78.93723159880473 36.30638290387453)" }, "geometry": { "type": "LineString", "coordinates": [ [ -78.937228633903999, 36.306616620079673 ], [ -78.937231598804729, 36.306382903874528 ] ] } },
{ "type": "Feature", "properties": { "FEEDER_NAME": "TIMBERLAKE", "SUBSTATION_NAME": "Red Mountain", "wmType": "SECONDARY OVERHEAD", "WKT": "LINESTRING (-78.93723159880473 36.30638290387453, -78.93735903270745 36.30628892141424)" }, "geometry": { "type": "LineString", "coordinates": [ [ -78.937231598804729, 36.306382903874528 ], [ -78.937359032707448, 36.306288921414243 ] ] } },
{ "type": "Feature", "properties": { "FEEDER_NAME": "TIMBERLAKE", "SUBSTATION_NAME": "Red Mountain", "wmType": "SECONDARY OVERHEAD", "WKT": "LINESTRING (-78.93652801581005 36.30642223202614, -78.93656660336033 36.30603114748853)" }, "geometry": { "type": "LineString", "coordinates": [ [ -78.936528015810055, 36.306422232026136 ], [ -78.936566603360333, 36.306031147488532 ] ] } },
{ "type": "Feature", "properties": { "FEEDER_NAME": "TIMBERLAKE", "SUBSTATION_NAME": "Red Mountain", "wmType": "SECONDARY OVERHEAD", "WKT": "LINESTRING (-78.93589288113891 36.30624657846439, -78.93580540918589 36.30588866439541)" }, "geometry": { "type": "LineString", "coordinates": [ [ -78.935892881138912, 36.306246578464389 ], [ -78.935805409185889, 36.305888664395411 ] ] } },
{ "type": "Feature", "properties": { "FEEDER_NAME": "TIMBERLAKE", "SUBSTATION_NAME": "Red Mountain", "wmType": "SECONDARY OVERHEAD", "WKT": "LINESTRING (-78.93538717896669 36.30653493789785, -78.93587716059932 36.30680992047525)" }, "geometry": { "type": "LineString", "coordinates": [ [ -78.935387178966693, 36.306534937897851 ], [ -78.935877160599318, 36.306809920475253 ] ] } },
{ "type": "Feature", "properties": { "FEEDER_NAME": "TIMBERLAKE", "SUBSTATION_NAME": "Red Mountain", "wmType": "SECONDARY OVERHEAD", "WKT": "LINESTRING (-78.93587716059932 36.30680992047525, -78.93571962171326 36.3068482855632)" }, "geometry": { "type": "LineString", "coordinates": [ [ -78.935877160599318, 36.306809920475253 ], [ -78.935719621713261, 36.306848285563198 ] ] } },
{ "type": "Feature", "properties": { "FEEDER_NAME": "TIMBERLAKE", "SUBSTATION_NAME": "Red Mountain", "wmType": "SECONDARY OVERHEAD", "WKT": "LINESTRING (-78.93538717896669 36.30653493789785, -78.93526554361483 36.306379465052544)" }, "geometry": { "type": "LineString", "coordinates": [ [ -78.935387178966693, 36.306534937897851 ], [ -78.935265543614832, 36.306379465052544 ] ] } },
{ "type": "Feature", "properties": { "FEEDER_NAME": "TIMBERLAKE", "SUBSTATION_NAME": "Red Mountain", "wmType": "SECONDARY OVERHEAD", "WKT": "LINESTRING (-78.93526554361483 36.306379465052544, -78.93513538463914 36.30623107330938)" }, "geometry": { "type": "LineString", "coordinates": [ [ -78.935265543614832, 36.306379465052544 ], [ -78.935135384639139, 36.306231073309377 ] ] } },
{ "type": "Feature", "properties": { "FEEDER_NAME": "TIMBERLAKE", "SUBSTATION_NAME": "Red Mountain", "wmType": "SECONDARY OVERHEAD", "WKT": "LINESTRING (-78.93467046933021 36.30718904434728, -78.93459202168755 36.30742417552758)" }, "geometry": { "type": "LineString", "coordinates": [ [ -78.934670469330214, 36.307189044347282 ], [ -78.93459202168755, 36.307424175527579 ] ] } },
{ "type": "Feature", "properties": { "FEEDER_NAME": "TIMBERLAKE", "SUBSTATION_NAME": "Red Mountain", "wmType": "SECONDARY OVERHEAD", "WKT": "LINESTRING (-78.93553416672262 36.30774592959872, -78.93550728258097 36.307590888038064)" }, "geometry": { "type": "LineString", "coordinates": [ [ -78.935534166722618, 36.307745929598717 ], [ -78.935507282580971, 36.307590888038064 ] ] } },
{ "type": "Feature", "properties": { "FEEDER_NAME": "TIMBERLAKE", "SUBSTATION_NAME": "Red Mountain", "wmType": "SECONDARY OVERHEAD", "WKT": "LINESTRING (-78.93553416672262 36.30774592959872, -78.93561027373497 36.30797353409949)" }, "geometry": { "type": "LineString", "coordinates": [ [ -78.935534166722618, 36.307745929598717 ], [ -78.935610273734966, 36.307973534099489 ] ] } },
{ "type": "Feature", "properties": { "FEEDER_NAME": "TIMBERLAKE", "SUBSTATION_NAME": "Red Mountain", "wmType": "SECONDARY OVERHEAD", "WKT": "LINESTRING (-78.93553416672262 36.30774592959872, -78.93581973908928 36.30756152127235)" }, "geometry": { "type": "LineString", "coordinates": [ [ -78.935534166722618, 36.307745929598717 ], [ -78.935819739089283, 36.307561521272348 ] ] } },
{ "type": "Feature", "properties": { "FEEDER_NAME": "TIMBERLAKE", "SUBSTATION_NAME": "Red Mountain", "wmType": "SECONDARY OVERHEAD", "WKT": "LINESTRING (-78.93753329225673 36.30733495765271, -78.93722762933068 36.30716425814472)" }, "geometry": { "type": "LineString", "coordinates": [ [ -78.937533292256731, 36.307334957652706 ], [ -78.937227629330678, 36.307164258144716 ] ] } },
{ "type": "Feature", "properties": { "FEEDER_NAME": "TIMBERLAKE", "SUBSTATION_NAME": "Red Mountain", "wmType": "SECONDARY OVERHEAD", "WKT": "LINESTRING (-78.9361864914774 36.30774151896981, -78.93616260883076 36.30756552288557)" }, "geometry": { "type": "LineString", "coordinates": [ [ -78.9361864914774, 36.307741518969813 ], [ -78.936162608830756, 36.307565522885568 ] ] } },
{ "type": "Feature", "properties": { "FEEDER_NAME": "TIMBERLAKE", "SUBSTATION_NAME": "Red Mountain", "wmType": "SECONDARY OVERHEAD", "WKT": "LINESTRING (-78.9361864914774 36.30774151896981, -78.93609730969777 36.30756848430165)" }, "geometry": { "type": "LineString", "coordinates": [ [ -78.9361864914774, 36.307741518969813 ], [ -78.936097309697772, 36.307568484301648 ] ] } },
{ "type": "Feature", "properties": { "FEEDER_NAME": "TIMBERLAKE", "SUBSTATION_NAME": "Red Mountain", "wmType": "SECONDARY OVERHEAD", "WKT": "LINESTRING (-78.93660865355318 36.308176788402285, -78.93635310183782 36.30831841401786)" }, "geometry": { "type": "LineString", "coordinates": [ [ -78.936608653553179, 36.308176788402285 ], [ -78.936353101837824, 36.308318414017862 ] ] } },
{ "type": "Feature", "properties": { "FEEDER_NAME": "TIMBERLAKE", "SUBSTATION_NAME": "Red Mountain", "wmType": "SECONDARY OVERHEAD", "WKT": "LINESTRING (-78.93660865355318 36.308176788402285, -78.93657471969638 36.30842336759901)" }, "geometry": { "type": "LineString", "coordinates": [ [ -78.936608653553179, 36.308176788402285 ], [ -78.936574719696381, 36.308423367599012 ] ] } },
{ "type": "Feature", "properties": { "FEEDER_NAME": "TIMBERLAKE", "SUBSTATION_NAME": "Red Mountain", "wmType": "SECONDARY OVERHEAD", "WKT": "LINESTRING (-78.93745371892577 36.30850468540299, -78.93707466273763 36.30848534660702)" }, "geometry": { "type": "LineString", "coordinates": [ [ -78.937453718925767, 36.308504685402987 ], [ -78.937074662737629, 36.308485346607021 ] ] } },
{ "type": "Feature", "properties": { "FEEDER_NAME": "TIMBERLAKE", "SUBSTATION_NAME": "Red Mountain", "wmType": "SECONDARY OVERHEAD", "WKT": "LINESTRING (-78.93745371892577 36.30850468540299, -78.93723430305036 36.30847677286924)" }, "geometry": { "type": "LineString", "coordinates": [ [ -78.937453718925767, 36.308504685402987 ], [ -78.93723430305036, 36.308476772869241 ] ] } },
{ "type": "Feature", "properties": { "FEEDER_NAME": "TIMBERLAKE", "SUBSTATION_NAME": "Red Mountain", "wmType": "SECONDARY OVERHEAD", "WKT": "LINESTRING (-78.93780729303163 36.30737747885921, -78.93812096083398 36.307402405604456)" }, "geometry": { "type": "LineString", "coordinates": [ [ -78.937807293031625, 36.307377478859209 ], [ -78.938120960833984, 36.307402405604456 ] ] } },
{ "type": "Feature", "properties": { "FEEDER_NAME": "TIMBERLAKE", "SUBSTATION_NAME": "Red Mountain", "wmType": "SECONDARY OVERHEAD", "WKT": "LINESTRING (-78.93780729303163 36.30737747885921, -78.93753329225673 36.30733495765271)" }, "geometry": { "type": "LineString", "coordinates": [ [ -78.937807293031625, 36.307377478859209 ], [ -78.937533292256731, 36.307334957652706 ] ] } },
{ "type": "Feature", "properties": { "FEEDER_NAME": "TIMBERLAKE", "SUBSTATION_NAME": "Red Mountain", "wmType": "SECONDARY OVERHEAD", "WKT": "LINESTRING (-78.93753329225673 36.30733495765271, -78.93737583861004 36.30736936344861)" }, "geometry": { "type": "LineString", "coordinates": [ [ -78.937533292256731, 36.307334957652706 ], [ -78.937375838610038, 36.307369363448608 ] ] } },
{ "type": "Feature", "properties": { "FEEDER_NAME": "TIMBERLAKE", "SUBSTATION_NAME": "Red Mountain", "wmType": "SECONDARY OVERHEAD", "WKT": "LINESTRING (-78.93752631510785 36.307753964238714, -78.93753221042981 36.30811636800764)" }, "geometry": { "type": "LineString", "coordinates": [ [ -78.937526315107846, 36.307753964238714 ], [ -78.937532210429808, 36.308116368007639 ] ] } },
{ "type": "Feature", "properties": { "FEEDER_NAME": "TIMBERLAKE", "SUBSTATION_NAME": "Red Mountain", "wmType": "SECONDARY OVERHEAD", "WKT": "LINESTRING (-78.93753221042981 36.30811636800764, -78.93767883662308 36.308129310107276)" }, "geometry": { "type": "LineString", "coordinates": [ [ -78.937532210429808, 36.308116368007639 ], [ -78.937678836623078, 36.308129310107276 ] ] } },
{ "type": "Feature", "properties": { "FEEDER_NAME": "TIMBERLAKE", "SUBSTATION_NAME": "Red Mountain", "wmType": "SECONDARY OVERHEAD", "WKT": "LINESTRING (-78.93869110207318 36.30784815979097, -78.93867057078029 36.308026603205114)" }, "geometry": { "type": "LineString", "coordinates": [ [ -78.938691102073179, 36.307848159790971 ], [ -78.938670570780289, 36.308026603205114 ] ] } },
{ "type": "Feature", "properties": { "FEEDER_NAME": "TIMBERLAKE", "SUBSTATION_NAME": "Red Mountain", "wmType": "SECONDARY OVERHEAD", "WKT": "LINESTRING (-78.94027939148354 36.30783894518889, -78.9405111717505 36.308211539726926)" }, "geometry": { "type": "LineString", "coordinates": [ [ -78.940279391483543, 36.307838945188891 ], [ -78.940511171750501, 36.308211539726926 ] ] } },
{ "type": "Feature", "properties": { "FEEDER_NAME": "TIMBERLAKE", "SUBSTATION_NAME": "Red Mountain", "wmType": "SECONDARY OVERHEAD", "WKT": "LINESTRING (-78.94027939148354 36.30783894518889, -78.94029449728826 36.30814550727574)" }, "geometry": { "type": "LineString", "coordinates": [ [ -78.940279391483543, 36.307838945188891 ], [ -78.940294497288264, 36.308145507275739 ] ] } },
{ "type": "Feature", "properties": { "FEEDER_NAME": "TIMBERLAKE", "SUBSTATION_NAME": "Red Mountain", "wmType": "SECONDARY OVERHEAD", "WKT": "LINESTRING (-78.94102159916076 36.30734519963745, -78.94130691218699 36.30732742796026)" }, "geometry": { "type": "LineString", "coordinates": [ [ -78.941021599160763, 36.307345199637453 ], [ -78.941306912186988, 36.30732742796026 ] ] } },
{ "type": "Feature", "properties": { "FEEDER_NAME": "TIMBERLAKE", "SUBSTATION_NAME": "Red Mountain", "wmType": "SECONDARY OVERHEAD", "WKT": "LINESTRING (-78.94130691218699 36.30732742796026, -78.94150670315312 36.30768692971994)" }, "geometry": { "type": "LineString", "coordinates": [ [ -78.941306912186988, 36.30732742796026 ], [ -78.941506703153124, 36.307686929719942 ] ] } },
{ "type": "Feature", "properties": { "FEEDER_NAME": "TIMBERLAKE", "SUBSTATION_NAME": "Red Mountain", "wmType": "SECONDARY OVERHEAD", "WKT": "LINESTRING (-78.94150670315312 36.30768692971994, -78.94140548192046 36.30765456258533)" }, "geometry": { "type": "LineString", "coordinates": [ [ -78.941506703153124, 36.307686929719942 ], [ -78.941405481920455, 36.307654562585327 ] ] } },
{ "type": "Feature", "properties": { "FEEDER_NAME": "TIMBERLAKE", "SUBSTATION_NAME": "Red Mountain", "wmType": "SECONDARY OVERHEAD", "WKT": "LINESTRING (-78.94158676301562 36.30614090055639, -78.9417692123501 36.30631183273136)" }, "geometry": { "type": "LineString", "coordinates": [ [ -78.941586763015621, 36.306140900556393 ], [ -78.941769212350096, 36.30631183273136 ] ] } },
{ "type": "Feature", "properties": { "FEEDER_NAME": "TIMBERLAKE", "SUBSTATION_NAME": "Red Mountain", "wmType": "SECONDARY OVERHEAD", "WKT": "LINESTRING (-78.94158676301562 36.30614090055639, -78.94136841960695 36.305911967340286)" }, "geometry": { "type": "LineString", "coordinates": [ [ -78.941586763015621, 36.306140900556393 ], [ -78.941368419606945, 36.305911967340286 ] ] } },
{ "type": "Feature", "properties": { "FEEDER_NAME": "TIMBERLAKE", "SUBSTATION_NAME": "Red Mountain", "wmType": "SECONDARY OVERHEAD", "WKT": "LINESTRING (-78.9420041083711 36.305849590087924, -78.94186184992766 36.30566291075766)" }, "geometry": { "type": "LineString", "coordinates": [ [ -78.942004108371094, 36.305849590087924 ], [ -78.941861849927662, 36.305662910757661 ] ] } },
{ "type": "Feature", "properties": { "FEEDER_NAME": "TIMBERLAKE", "SUBSTATION_NAME": "Red Mountain", "wmType": "SECONDARY OVERHEAD", "WKT": "LINESTRING (-78.94375125896765 36.30664066004336, -78.94377233868536 36.306613306296306)" }, "geometry": { "type": "LineString", "coordinates": [ [ -78.943751258967652, 36.306640660043357 ], [ -78.943772338685363, 36.306613306296306 ] ] } },
{ "type": "Feature", "properties": { "FEEDER_NAME": "TIMBERLAKE", "SUBSTATION_NAME": "Red Mountain", "wmType": "SECONDARY OVERHEAD", "WKT": "LINESTRING (-78.95002965135312 36.30912437039545, -78.95043833888515 36.30909009251615)" }, "geometry": { "type": "LineString", "coordinates": [ [ -78.95002965135312, 36.309124370395452 ], [ -78.950438338885149, 36.309090092516151 ] ] } },
{ "type": "Feature", "properties": { "FEEDER_NAME": "TIMBERLAKE", "SUBSTATION_NAME": "Red Mountain", "wmType": "SECONDARY OVERHEAD", "WKT": "LINESTRING (-78.94102159916076 36.30734519963745, -78.94085193776007 36.30720851538617)" }, "geometry": { "type": "LineString", "coordinates": [ [ -78.941021599160763, 36.307345199637453 ], [ -78.940851937760073, 36.307208515386172 ] ] } },
{ "type": "Feature", "properties": { "FEEDER_NAME": "TIMBERLAKE", "SUBSTATION_NAME": "Red Mountain", "wmType": "SECONDARY OVERHEAD", "WKT": "LINESTRING (-78.94085193776007 36.30720851538617, -78.94083378994483 36.30702061965089)" }, "geometry": { "type": "LineString", "coordinates": [ [ -78.940851937760073, 36.307208515386172 ], [ -78.940833789944833, 36.307020619650892 ] ] } },
{ "type": "Feature", "properties": { "FEEDER_NAME": "TIMBERLAKE", "SUBSTATION_NAME": "Red Mountain", "wmType": "SECONDARY OVERHEAD", "WKT": "LINESTRING (-78.94847799923 36.31007071016198, -78.94846228029736 36.309815012645565)" }, "geometry": { "type": "LineString", "coordinates": [ [ -78.948477999229993, 36.31007071016198 ], [ -78.948462280297363, 36.309815012645565 ] ] } },
{ "type": "Feature", "properties": { "FEEDER_NAME": "TIMBERLAKE", "SUBSTATION_NAME": "Red Mountain", "wmType": "SECONDARY OVERHEAD", "WKT": "LINESTRING (-78.9490061987691 36.31060170352974, -78.94936359880018 36.31027035166817)" }, "geometry": { "type": "LineString", "coordinates": [ [ -78.949006198769098, 36.310601703529741 ], [ -78.949363598800176, 36.310270351668173 ] ] } },
{ "type": "Feature", "properties": { "FEEDER_NAME": "TIMBERLAKE", "SUBSTATION_NAME": "Red Mountain", "wmType": "SECONDARY OVERHEAD", "WKT": "LINESTRING (-78.94936359880018 36.31027035166817, -78.94914138157911 36.3102827919942)" }, "geometry": { "type": "LineString", "coordinates": [ [ -78.949363598800176, 36.310270351668173 ], [ -78.949141381579111, 36.310282791994197 ] ] } },
{ "type": "Feature", "properties": { "FEEDER_NAME": "TIMBERLAKE", "SUBSTATION_NAME": "Red Mountain", "wmType": "SECONDARY OVERHEAD", "WKT": "LINESTRING (-78.9512499956266 36.31189873028154, -78.95141549032704 36.31165230688383)" }, "geometry": { "type": "LineString", "coordinates": [ [ -78.951249995626597, 36.311898730281541 ], [ -78.951415490327037, 36.311652306883829 ] ] } },
{ "type": "Feature", "properties": { "FEEDER_NAME": "TIMBERLAKE", "SUBSTATION_NAME": "Red Mountain", "wmType": "SECONDARY OVERHEAD", "WKT": "LINESTRING (-78.95141549032704 36.31165230688383, -78.9515650744541 36.31175802017935)" }, "geometry": { "type": "LineString", "coordinates": [ [ -78.951415490327037, 36.311652306883829 ], [ -78.951565074454095, 36.311758020179347 ] ] } },
{ "type": "Feature", "properties": { "FEEDER_NAME": "TIMBERLAKE", "SUBSTATION_NAME": "Red Mountain", "wmType": "SECONDARY OVERHEAD", "WKT": "LINESTRING (-78.95187263519385 36.31227181415756, -78.95199989529222 36.31195809084118)" }, "geometry": { "type": "LineString", "coordinates": [ [ -78.951872635193851, 36.312271814157562 ], [ -78.951999895292218, 36.311958090841181 ] ] } },
{ "type": "Feature", "properties": { "FEEDER_NAME": "TIMBERLAKE", "SUBSTATION_NAME": "Red Mountain", "wmType": "SECONDARY OVERHEAD", "WKT": "LINESTRING (-78.95187263519385 36.31227181415756, -78.95215064284919 36.31213917131679)" }, "geometry": { "type": "LineString", "coordinates": [ [ -78.951872635193851, 36.312271814157562 ], [ -78.95215064284919, 36.312139171316787 ] ] } },
{ "type": "Feature", "properties": { "FEEDER_NAME": "TIMBERLAKE", "SUBSTATION_NAME": "Red Mountain", "wmType": "SECONDARY OVERHEAD", "WKT": "LINESTRING (-78.95468666914493 36.314333021080046, -78.9546699946341 36.31435696017867, -78.955049859038 36.314811749855835)" }, "geometry": { "type": "LineString", "coordinates": [ [ -78.954686669144934, 36.314333021080046 ], [ -78.954669994634102, 36.314356960178671 ], [ -78.955049859037999, 36.314811749855835 ] ] } },
{ "type": "Feature", "properties": { "FEEDER_NAME": "TIMBERLAKE", "SUBSTATION_NAME": "Red Mountain", "wmType": "SECONDARY OVERHEAD", "WKT": "LINESTRING (-78.95773830408963 36.31766044327643, -78.9574886135755 36.31783732651332)" }, "geometry": { "type": "LineString", "coordinates": [ [ -78.957738304089631, 36.317660443276431 ], [ -78.957488613575507, 36.31783732651332 ] ] } },
{ "type": "Feature", "properties": { "FEEDER_NAME": "TIMBERLAKE", "SUBSTATION_NAME": "Red Mountain", "wmType": "SECONDARY OVERHEAD", "WKT": "LINESTRING (-78.95891586499137 36.31852231686061, -78.95889974984075 36.31824376859968)" }, "geometry": { "type": "LineString", "coordinates": [ [ -78.958915864991368, 36.318522316860609 ], [ -78.958899749840754, 36.318243768599679 ] ] } },
{ "type": "Feature", "properties": { "FEEDER_NAME": "TIMBERLAKE", "SUBSTATION_NAME": "Red Mountain", "wmType": "SECONDARY OVERHEAD", "WKT": "LINESTRING (-78.95889974984075 36.31824376859968, -78.9589094042331 36.317882279464754)" }, "geometry": { "type": "LineString", "coordinates": [ [ -78.958899749840754, 36.318243768599679 ], [ -78.958909404233097, 36.317882279464754 ] ] } },
{ "type": "Feature", "properties": { "FEEDER_NAME": "TIMBERLAKE", "SUBSTATION_NAME": "Red Mountain", "wmType": "SECONDARY OVERHEAD", "WKT": "LINESTRING (-78.95889974984075 36.31824376859968, -78.95895284675282 36.31793598150753)" }, "geometry": { "type": "LineString", "coordinates": [ [ -78.958899749840754, 36.318243768599679 ], [ -78.958952846752823, 36.317935981507532 ] ] } },
{ "type": "Feature", "properties": { "FEEDER_NAME": "TIMBERLAKE", "SUBSTATION_NAME": "Red Mountain", "wmType": "SECONDARY OVERHEAD", "WKT": "LINESTRING (-78.92807912534268 36.31246128403634, -78.92791147498949 36.312797299110265)" }, "geometry": { "type": "LineString", "coordinates": [ [ -78.928079125342677, 36.312461284036338 ], [ -78.927911474989486, 36.312797299110265 ] ] } },
{ "type": "Feature", "properties": { "FEEDER_NAME": "TIMBERLAKE", "SUBSTATION_NAME": "Red Mountain", "wmType": "SECONDARY OVERHEAD", "WKT": "LINESTRING (-78.92791147498949 36.312797299110265, -78.92754932465297 36.31271581127139)" }, "geometry": { "type": "LineString", "coordinates": [ [ -78.927911474989486, 36.312797299110265 ], [ -78.927549324652972, 36.312715811271389 ] ] } },
{ "type": "Feature", "properties": { "FEEDER_NAME": "TIMBERLAKE", "SUBSTATION_NAME": "Red Mountain", "wmType": "SECONDARY OVERHEAD", "WKT": "LINESTRING (-78.9282748781727 36.312122317636586, -78.92778025833427 36.31209244543817)" }, "geometry": { "type": "LineString", "coordinates": [ [ -78.928274878172701, 36.312122317636586 ], [ -78.927780258334266, 36.312092445438168 ] ] } },
{ "type": "Feature", "properties": { "FEEDER_NAME": "TIMBERLAKE", "SUBSTATION_NAME": "Red Mountain", "wmType": "SECONDARY OVERHEAD", "WKT": "LINESTRING (-78.9282748781727 36.312122317636586, -78.92814593600232 36.3119831491564)" }, "geometry": { "type": "LineString", "coordinates": [ [ -78.928274878172701, 36.312122317636586 ], [ -78.928145936002323, 36.311983149156397 ] ] } },
{ "type": "Feature", "properties": { "FEEDER_NAME": "TIMBERLAKE", "SUBSTATION_NAME": "Red Mountain", "wmType": "SECONDARY OVERHEAD", "WKT": "LINESTRING (-78.92814593600232 36.3119831491564, -78.92805062632915 36.31189821960831)" }, "geometry": { "type": "LineString", "coordinates": [ [ -78.928145936002323, 36.311983149156397 ], [ -78.928050626329153, 36.31189821960831 ] ] } },
{ "type": "Feature", "properties": { "FEEDER_NAME": "TIMBERLAKE", "SUBSTATION_NAME": "Red Mountain", "wmType": "SECONDARY OVERHEAD", "WKT": "LINESTRING (-78.92814593600232 36.3119831491564, -78.9281216174498 36.3115870877547)" }, "geometry": { "type": "LineString", "coordinates": [ [ -78.928145936002323, 36.311983149156397 ], [ -78.928121617449804, 36.311587087754702 ] ] } },
{ "type": "Feature", "properties": { "FEEDER_NAME": "TIMBERLAKE", "SUBSTATION_NAME": "Red Mountain", "wmType": "SECONDARY OVERHEAD", "WKT": "LINESTRING (-78.91624250606094 36.3050132157364, -78.91621684997038 36.30468971754198)" }, "geometry": { "type": "LineString", "coordinates": [ [ -78.916242506060939, 36.305013215736402 ], [ -78.916216849970382, 36.304689717541983 ] ] } },
{ "type": "Feature", "properties": { "FEEDER_NAME": "TIMBERLAKE", "SUBSTATION_NAME": "Red Mountain", "wmType": "SECONDARY OVERHEAD", "WKT": "LINESTRING (-78.91621684997038 36.30468971754198, -78.91668635644629 36.304705502027325)" }, "geometry": { "type": "LineString", "coordinates": [ [ -78.916216849970382, 36.304689717541983 ], [ -78.916686356446291, 36.304705502027325 ] ] } },
{ "type": "Feature", "properties": { "FEEDER_NAME": "TIMBERLAKE", "SUBSTATION_NAME": "Red Mountain", "wmType": "SECONDARY OVERHEAD", "WKT": "LINESTRING (-78.91668635644629 36.304705502027325, -78.9172320114726 36.30475599889242)" }, "geometry": { "type": "LineString", "coordinates": [ [ -78.916686356446291, 36.304705502027325 ], [ -78.917232011472606, 36.304755998892418 ] ] } },
{ "type": "Feature", "properties": { "FEEDER_NAME": "TIMBERLAKE", "SUBSTATION_NAME": "Red Mountain", "wmType": "SECONDARY OVERHEAD", "WKT": "LINESTRING (-78.9172320114726 36.30475599889242, -78.91776000196687 36.304790989802115)" }, "geometry": { "type": "LineString", "coordinates": [ [ -78.917232011472606, 36.304755998892418 ], [ -78.917760001966869, 36.304790989802115 ] ] } },
{ "type": "Feature", "properties": { "FEEDER_NAME": "TIMBERLAKE", "SUBSTATION_NAME": "Red Mountain", "wmType": "SECONDARY OVERHEAD", "WKT": "LINESTRING (-78.92502563644264 36.29591967961655, -78.92525948994331 36.29632010258073)" }, "geometry": { "type": "LineString", "coordinates": [ [ -78.925025636442641, 36.295919679616553 ], [ -78.925259489943315, 36.296320102580729 ] ] } },
{ "type": "Feature", "properties": { "FEEDER_NAME": "TIMBERLAKE", "SUBSTATION_NAME": "Red Mountain", "wmType": "SECONDARY OVERHEAD", "WKT": "LINESTRING (-78.92525948994331 36.29632010258073, -78.92540953568776 36.29652873187181)" }, "geometry": { "type": "LineString", "coordinates": [ [ -78.925259489943315, 36.296320102580729 ], [ -78.925409535687763, 36.29652873187181 ] ] } },
{ "type": "Feature", "properties": { "FEEDER_NAME": "TIMBERLAKE", "SUBSTATION_NAME": "Red Mountain", "wmType": "SECONDARY OVERHEAD", "WKT": "LINESTRING (-78.92402507869237 36.29605725226346, -78.92370172645259 36.29604535001676)" }, "geometry": { "type": "LineString", "coordinates": [ [ -78.924025078692367, 36.296057252263459 ], [ -78.923701726452592, 36.296045350016762 ] ] } },
{ "type": "Feature", "properties": { "FEEDER_NAME": "TIMBERLAKE", "SUBSTATION_NAME": "Red Mountain", "wmType": "SECONDARY OVERHEAD", "WKT": "LINESTRING (-78.92370172645259 36.29604535001676, -78.92335927060888 36.29621046227848)" }, "geometry": { "type": "LineString", "coordinates": [ [ -78.923701726452592, 36.296045350016762 ], [ -78.923359270608884, 36.296210462278481 ] ] } },
{ "type": "Feature", "properties": { "FEEDER_NAME": "TIMBERLAKE", "SUBSTATION_NAME": "Red Mountain", "wmType": "SECONDARY OVERHEAD", "WKT": "LINESTRING (-78.92335927060888 36.29621046227848, -78.9232895851709 36.29617963076477)" }, "geometry": { "type": "LineString", "coordinates": [ [ -78.923359270608884, 36.296210462278481 ], [ -78.923289585170906, 36.296179630764769 ] ] } },
{ "type": "Feature", "properties": { "FEEDER_NAME": "TIMBERLAKE", "SUBSTATION_NAME": "Red Mountain", "wmType": "SECONDARY OVERHEAD", "WKT": "LINESTRING (-78.92370172645259 36.29604535001676, -78.92344937325481 36.296072466191795)" }, "geometry": { "type": "LineString", "coordinates": [ [ -78.923701726452592, 36.296045350016762 ], [ -78.923449373254812, 36.296072466191795 ] ] } },
{ "type": "Feature", "properties": { "FEEDER_NAME": "TIMBERLAKE", "SUBSTATION_NAME": "Red Mountain", "wmType": "SECONDARY OVERHEAD", "WKT": "LINESTRING (-78.91798970564567 36.30140194440232, -78.91790717627019 36.30157119676063)" }, "geometry": { "type": "LineString", "coordinates": [ [ -78.917989705645667, 36.301401944402322 ], [ -78.917907176270191, 36.301571196760626 ] ] } },
{ "type": "Feature", "properties": { "FEEDER_NAME": "TIMBERLAKE", "SUBSTATION_NAME": "Red Mountain", "wmType": "SECONDARY OVERHEAD", "WKT": "LINESTRING (-78.91790717627019 36.30157119676063, -78.91771911673456 36.30163671696423)" }, "geometry": { "type": "LineString", "coordinates": [ [ -78.917907176270191, 36.301571196760626 ], [ -78.91771911673456, 36.301636716964232 ] ] } },
{ "type": "Feature", "properties": { "FEEDER_NAME": "TIMBERLAKE", "SUBSTATION_NAME": "Red Mountain", "wmType": "SECONDARY OVERHEAD", "WKT": "LINESTRING (-78.91771911673456 36.30163671696423, -78.91792619639038 36.301885763837895)" }, "geometry": { "type": "LineString", "coordinates": [ [ -78.91771911673456, 36.301636716964232 ], [ -78.917926196390383, 36.301885763837895 ] ] } },
{ "type": "Feature", "properties": { "FEEDER_NAME": "TIMBERLAKE", "SUBSTATION_NAME": "Red Mountain", "wmType": "SECONDARY OVERHEAD", "WKT": "LINESTRING (-78.91790717627019 36.30157119676063, -78.91789822767561 36.30158086644105)" }, "geometry": { "type": "LineString", "coordinates": [ [ -78.917907176270191, 36.301571196760626 ], [ -78.917898227675607, 36.30158086644105 ] ] } },
{ "type": "Feature", "properties": { "FEEDER_NAME": "TIMBERLAKE", "SUBSTATION_NAME": "Red Mountain", "wmType": "SECONDARY OVERHEAD", "WKT": "LINESTRING (-78.91817545055048 36.306506974162474, -78.91836578433697 36.3064186963779)" }, "geometry": { "type": "LineString", "coordinates": [ [ -78.918175450550478, 36.306506974162474 ], [ -78.91836578433697, 36.306418696377897 ] ] } },
{ "type": "Feature", "properties": { "FEEDER_NAME": "TIMBERLAKE", "SUBSTATION_NAME": "Red Mountain", "wmType": "SECONDARY OVERHEAD", "WKT": "LINESTRING (-78.91836578433697 36.3064186963779, -78.91855007923431 36.30649472547377)" }, "geometry": { "type": "LineString", "coordinates": [ [ -78.91836578433697, 36.306418696377897 ], [ -78.918550079234308, 36.306494725473769 ] ] } },
{ "type": "Feature", "properties": { "FEEDER_NAME": "TIMBERLAKE", "SUBSTATION_NAME": "Red Mountain", "wmType": "SECONDARY OVERHEAD", "WKT": "LINESTRING (-78.91817545055048 36.306506974162474, -78.91784700944406 36.306353158088655)" }, "geometry": { "type": "LineString", "coordinates": [ [ -78.918175450550478, 36.306506974162474 ], [ -78.91784700944406, 36.306353158088655 ] ] } },
{ "type": "Feature", "properties": { "FEEDER_NAME": "TIMBERLAKE", "SUBSTATION_NAME": "Red Mountain", "wmType": "SECONDARY OVERHEAD", "WKT": "LINESTRING (-78.91784700944406 36.306353158088655, -78.9179063588396 36.30626588179285)" }, "geometry": { "type": "LineString", "coordinates": [ [ -78.91784700944406, 36.306353158088655 ], [ -78.917906358839602, 36.306265881792847 ] ] } },
{ "type": "Feature", "properties": { "FEEDER_NAME": "TIMBERLAKE", "SUBSTATION_NAME": "Red Mountain", "wmType": "SECONDARY OVERHEAD", "WKT": "LINESTRING (-78.92031461867428 36.308011491230815, -78.92008373690304 36.30833248626781)" }, "geometry": { "type": "LineString", "coordinates": [ [ -78.920314618674283, 36.308011491230815 ], [ -78.920083736903038, 36.308332486267808 ] ] } },
{ "type": "Feature", "properties": { "FEEDER_NAME": "TIMBERLAKE", "SUBSTATION_NAME": "Red Mountain", "wmType": "SECONDARY OVERHEAD", "WKT": "LINESTRING (-78.92464001515712 36.30933599622428, -78.92470802033458 36.30886997644997)" }, "geometry": { "type": "LineString", "coordinates": [ [ -78.924640015157124, 36.309335996224277 ], [ -78.924708020334577, 36.308869976449969 ] ] } },
{ "type": "Feature", "properties": { "FEEDER_NAME": "TIMBERLAKE", "SUBSTATION_NAME": "Red Mountain", "wmType": "SECONDARY OVERHEAD", "WKT": "LINESTRING (-78.92641884875987 36.31244819598104, -78.92651966267054 36.312800538295384)" }, "geometry": { "type": "LineString", "coordinates": [ [ -78.926418848759866, 36.312448195981041 ], [ -78.926519662670543, 36.312800538295384 ] ] } },
{ "type": "Feature", "properties": { "FEEDER_NAME": "TIMBERLAKE", "SUBSTATION_NAME": "Red Mountain", "wmType": "SECONDARY OVERHEAD", "WKT": "LINESTRING (-78.92536197684025 36.31164166753276, -78.92570345218196 36.31192202902213)" }, "geometry": { "type": "LineString", "coordinates": [ [ -78.92536197684025, 36.311641667532761 ], [ -78.925703452181963, 36.311922029022128 ] ] } },
{ "type": "Feature", "properties": { "FEEDER_NAME": "TIMBERLAKE", "SUBSTATION_NAME": "Red Mountain", "wmType": "SECONDARY OVERHEAD", "WKT": "LINESTRING (-78.9244788858495 36.31269036448429, -78.92469892025086 36.312893948152556)" }, "geometry": { "type": "LineString", "coordinates": [ [ -78.924478885849496, 36.31269036448429 ], [ -78.924698920250862, 36.312893948152556 ] ] } },
{ "type": "Feature", "properties": { "FEEDER_NAME": "TIMBERLAKE", "SUBSTATION_NAME": "Red Mountain", "wmType": "SECONDARY OVERHEAD", "WKT": "LINESTRING (-78.92469892025086 36.312893948152556, -78.92481979032503 36.31298849405158)" }, "geometry": { "type": "LineString", "coordinates": [ [ -78.924698920250862, 36.312893948152556 ], [ -78.924819790325031, 36.312988494051581 ] ] } },
{ "type": "Feature", "properties": { "FEEDER_NAME": "TIMBERLAKE", "SUBSTATION_NAME": "Red Mountain", "wmType": "SECONDARY OVERHEAD", "WKT": "LINESTRING (-78.92402602908984 36.31353598702628, -78.92421657139407 36.31363174451036)" }, "geometry": { "type": "LineString", "coordinates": [ [ -78.924026029089845, 36.313535987026277 ], [ -78.924216571394069, 36.31363174451036 ] ] } },
{ "type": "Feature", "properties": { "FEEDER_NAME": "TIMBERLAKE", "SUBSTATION_NAME": "Red Mountain", "wmType": "SECONDARY OVERHEAD", "WKT": "LINESTRING (-78.92421657139407 36.31363174451036, -78.92440313336719 36.31373709915683)" }, "geometry": { "type": "LineString", "coordinates": [ [ -78.924216571394069, 36.31363174451036 ], [ -78.924403133367193, 36.313737099156832 ] ] } },
{ "type": "Feature", "properties": { "FEEDER_NAME": "TIMBERLAKE", "SUBSTATION_NAME": "Red Mountain", "wmType": "SECONDARY OVERHEAD", "WKT": "LINESTRING (-78.92156343100038 36.31844956984596, -78.92131278393563 36.31875632475368)" }, "geometry": { "type": "LineString", "coordinates": [ [ -78.921563431000379, 36.31844956984596 ], [ -78.921312783935633, 36.318756324753679 ] ] } },
{ "type": "Feature", "properties": { "FEEDER_NAME": "TIMBERLAKE", "SUBSTATION_NAME": "Red Mountain", "wmType": "SECONDARY OVERHEAD", "WKT": "LINESTRING (-78.919612470488 36.3196530891635, -78.9199138466573 36.31960675751468)" }, "geometry": { "type": "LineString", "coordinates": [ [ -78.919612470488005, 36.319653089163502 ], [ -78.919913846657295, 36.319606757514677 ] ] } },
{ "type": "Feature", "properties": { "FEEDER_NAME": "TIMBERLAKE", "SUBSTATION_NAME": "Red Mountain", "wmType": "SECONDARY OVERHEAD", "WKT": "LINESTRING (-78.9199138466573 36.31960675751468, -78.92007109199389 36.3195559454275)" }, "geometry": { "type": "LineString", "coordinates": [ [ -78.919913846657295, 36.319606757514677 ], [ -78.92007109199389, 36.319555945427503 ] ] } },
{ "type": "Feature", "properties": { "FEEDER_NAME": "TIMBERLAKE", "SUBSTATION_NAME": "Red Mountain", "wmType": "SECONDARY OVERHEAD", "WKT": "LINESTRING (-78.9419470580894 36.292704255737604, -78.94208040897102 36.29279896629558)" }, "geometry": { "type": "LineString", "coordinates": [ [ -78.941947058089397, 36.292704255737604 ], [ -78.942080408971023, 36.292798966295578 ] ] } },
{ "type": "Feature", "properties": { "FEEDER_NAME": "TIMBERLAKE", "SUBSTATION_NAME": "Red Mountain", "wmType": "SECONDARY OVERHEAD", "WKT": "LINESTRING (-78.93735903270745 36.30628892141424, -78.93758545565319 36.30605038709418)" }, "geometry": { "type": "LineString", "coordinates": [ [ -78.937359032707448, 36.306288921414243 ], [ -78.937585455653192, 36.306050387094182 ] ] } },
{ "type": "Feature", "properties": { "FEEDER_NAME": "TIMBERLAKE", "SUBSTATION_NAME": "Red Mountain", "wmType": "SECONDARY OVERHEAD", "WKT": "LINESTRING (-78.92206054952325 36.2797006419737, -78.92156366495094 36.27978951757806)" }, "geometry": { "type": "LineString", "coordinates": [ [ -78.922060549523252, 36.279700641973697 ], [ -78.921563664950938, 36.27978951757806 ] ] } },
{ "type": "Feature", "properties": { "FEEDER_NAME": "TIMBERLAKE", "SUBSTATION_NAME": "Red Mountain", "wmType": "SECONDARY OVERHEAD", "WKT": "LINESTRING (-78.91784623007496 36.276912353646466, -78.91804693053375 36.27703896347817)" }, "geometry": { "type": "LineString", "coordinates": [ [ -78.917846230074957, 36.276912353646466 ], [ -78.918046930533748, 36.277038963478169 ] ] } },
{ "type": "Feature", "properties": { "FEEDER_NAME": "TIMBERLAKE", "SUBSTATION_NAME": "Red Mountain", "wmType": "SECONDARY OVERHEAD", "WKT": "LINESTRING (-78.91804693053375 36.27703896347817, -78.91814186952939 36.27715277167751)" }, "geometry": { "type": "LineString", "coordinates": [ [ -78.918046930533748, 36.277038963478169 ], [ -78.918141869529393, 36.277152771677507 ] ] } },
{ "type": "Feature", "properties": { "FEEDER_NAME": "TIMBERLAKE", "SUBSTATION_NAME": "Red Mountain", "wmType": "SECONDARY OVERHEAD", "WKT": "LINESTRING (-78.93477069085165 36.260568973463506, -78.9347405681891 36.2608689325204)" }, "geometry": { "type": "LineString", "coordinates": [ [ -78.93477069085165, 36.260568973463506 ], [ -78.934740568189099, 36.260868932520403 ] ] } },
{ "type": "Feature", "properties": { "FEEDER_NAME": "TIMBERLAKE", "SUBSTATION_NAME": "Red Mountain", "wmType": "SECONDARY OVERHEAD", "WKT": "LINESTRING (-78.93855182768057 36.30119266753094, -78.93879282975513 36.30115793238117)" }, "geometry": { "type": "LineString", "coordinates": [ [ -78.93855182768057, 36.301192667530941 ], [ -78.93879282975513, 36.301157932381173 ] ] } },
{ "type": "Feature", "properties": { "FEEDER_NAME": "TIMBERLAKE", "SUBSTATION_NAME": "Red Mountain", "wmType": "SECONDARY OVERHEAD", "WKT": "LINESTRING (-78.93879282975513 36.30115793238117, -78.9389296829521 36.301229754848734)" }, "geometry": { "type": "LineString", "coordinates": [ [ -78.93879282975513, 36.301157932381173 ], [ -78.938929682952093, 36.301229754848734 ] ] } },
{ "type": "Feature", "properties": { "FEEDER_NAME": "TIMBERLAKE", "SUBSTATION_NAME": "Red Mountain", "wmType": "SECONDARY OVERHEAD", "WKT": "LINESTRING (-78.93652801581005 36.30642223202614, -78.93645010752195 36.30667865171941)" }, "geometry": { "type": "LineString", "coordinates": [ [ -78.936528015810055, 36.306422232026136 ], [ -78.936450107521949, 36.306678651719409 ] ] } },
{ "type": "Feature", "properties": { "FEEDER_NAME": "TIMBERLAKE", "SUBSTATION_NAME": "Red Mountain", "wmType": "SECONDARY OVERHEAD", "WKT": "LINESTRING (-78.93284674055991 36.295671595708285, -78.93313612522924 36.29552521617113)" }, "geometry": { "type": "LineString", "coordinates": [ [ -78.93284674055991, 36.295671595708285 ], [ -78.93313612522924, 36.295525216171129 ] ] } },
{ "type": "Feature", "properties": { "FEEDER_NAME": "TIMBERLAKE", "SUBSTATION_NAME": "Red Mountain", "wmType": "SECONDARY OVERHEAD", "WKT": "LINESTRING (-78.94258416885218 36.27573569084504, -78.94223994197247 36.2758496020028)" }, "geometry": { "type": "LineString", "coordinates": [ [ -78.942584168852179, 36.275735690845039 ], [ -78.942239941972474, 36.275849602002801 ] ] } },
{ "type": "Feature", "properties": { "FEEDER_NAME": "TIMBERLAKE", "SUBSTATION_NAME": "Red Mountain", "wmType": "SECONDARY OVERHEAD", "WKT": "LINESTRING (-78.94438465040733 36.275142974962144, -78.94434638062978 36.27505341348011)" }, "geometry": { "type": "LineString", "coordinates": [ [ -78.944384650407329, 36.275142974962144 ], [ -78.944346380629781, 36.275053413480109 ] ] } },
{ "type": "Feature", "properties": { "FEEDER_NAME": "TIMBERLAKE", "SUBSTATION_NAME": "Red Mountain", "wmType": "SECONDARY OVERHEAD", "WKT": "LINESTRING (-78.95308227028268 36.30800434233132, -78.95279904797198 36.30810627888557)" }, "geometry": { "type": "LineString", "coordinates": [ [ -78.953082270282678, 36.308004342331323 ], [ -78.952799047971979, 36.308106278885568 ] ] } },
{ "type": "Feature", "properties": { "FEEDER_NAME": "TIMBERLAKE", "SUBSTATION_NAME": "Red Mountain", "wmType": "SECONDARY OVERHEAD", "WKT": "LINESTRING (-78.93540829237146 36.307361105919114, -78.9356044249377 36.30729163039812)" }, "geometry": { "type": "LineString", "coordinates": [ [ -78.935408292371463, 36.307361105919114 ], [ -78.935604424937694, 36.307291630398119 ] ] } },
{ "type": "Feature", "properties": { "FEEDER_NAME": "TIMBERLAKE", "SUBSTATION_NAME": "Red Mountain", "wmType": "SECONDARY OVERHEAD", "WKT": "LINESTRING (-78.93609730969777 36.30756848430165, -78.93618478795105 36.30728177507841)" }, "geometry": { "type": "LineString", "coordinates": [ [ -78.936097309697772, 36.307568484301648 ], [ -78.936184787951049, 36.307281775078408 ] ] } },
{ "type": "Feature", "properties": { "FEEDER_NAME": "TIMBERLAKE", "SUBSTATION_NAME": "Red Mountain", "wmType": "SECONDARY OVERHEAD", "WKT": "LINESTRING (-78.93609730969777 36.30756848430165, -78.93646120093229 36.30740263657235)" }, "geometry": { "type": "LineString", "coordinates": [ [ -78.936097309697772, 36.307568484301648 ], [ -78.936461200932285, 36.307402636572348 ] ] } },
{ "type": "Feature", "properties": { "FEEDER_NAME": "TIMBERLAKE", "SUBSTATION_NAME": "Red Mountain", "wmType": "SECONDARY OVERHEAD", "WKT": "LINESTRING (-78.88950837279569 36.26687862581969, -78.88959128514911 36.26713928660942)" }, "geometry": { "type": "LineString", "coordinates": [ [ -78.889508372795689, 36.266878625819693 ], [ -78.889591285149109, 36.267139286609421 ] ] } },
{ "type": "Feature", "properties": { "FEEDER_NAME": "TIMBERLAKE", "SUBSTATION_NAME": "Red Mountain", "wmType": "SECONDARY OVERHEAD", "WKT": "LINESTRING (-78.88959128514911 36.26713928660942, -78.88974112775216 36.26717304132719)" }, "geometry": { "type": "LineString", "coordinates": [ [ -78.889591285149109, 36.267139286609421 ], [ -78.88974112775216, 36.26717304132719 ] ] } },
{ "type": "Feature", "properties": { "FEEDER_NAME": "TIMBERLAKE", "SUBSTATION_NAME": "Red Mountain", "wmType": "SECONDARY OVERHEAD", "WKT": "LINESTRING (-78.88912870171684 36.26664478059019, -78.88931701072282 36.26652934897638)" }, "geometry": { "type": "LineString", "coordinates": [ [ -78.889128701716842, 36.266644780590191 ], [ -78.88931701072282, 36.266529348976377 ] ] } },
{ "type": "Feature", "properties": { "FEEDER_NAME": "TIMBERLAKE", "SUBSTATION_NAME": "Red Mountain", "wmType": "SECONDARY OVERHEAD", "WKT": "LINESTRING (-78.88912870171684 36.26664478059019, -78.88904952551682 36.266848079945014)" }, "geometry": { "type": "LineString", "coordinates": [ [ -78.889128701716842, 36.266644780590191 ], [ -78.889049525516825, 36.266848079945014 ] ] } },
{ "type": "Feature", "properties": { "FEEDER_NAME": "TIMBERLAKE", "SUBSTATION_NAME": "Red Mountain", "wmType": "SECONDARY OVERHEAD", "WKT": "LINESTRING (-78.88928484438493 36.271510149654766, -78.88950130555502 36.27152627665744)" }, "geometry": { "type": "LineString", "coordinates": [ [ -78.889284844384932, 36.271510149654766 ], [ -78.889501305555015, 36.27152627665744 ] ] } },
{ "type": "Feature", "properties": { "FEEDER_NAME": "TIMBERLAKE", "SUBSTATION_NAME": "Red Mountain", "wmType": "SECONDARY OVERHEAD", "WKT": "LINESTRING (-78.88950130555502 36.27152627665744, -78.88963979987399 36.271481775694475)" }, "geometry": { "type": "LineString", "coordinates": [ [ -78.889501305555015, 36.27152627665744 ], [ -78.88963979987399, 36.271481775694475 ] ] } },
{ "type": "Feature", "properties": { "FEEDER_NAME": "TIMBERLAKE", "SUBSTATION_NAME": "Red Mountain", "wmType": "SECONDARY OVERHEAD", "WKT": "LINESTRING (-78.91418185226338 36.28428254726852, -78.91415058096679 36.28448968757607)" }, "geometry": { "type": "LineString", "coordinates": [ [ -78.914181852263383, 36.284282547268518 ], [ -78.91415058096679, 36.28448968757607 ] ] } },
{ "type": "Feature", "properties": { "FEEDER_NAME": "TIMBERLAKE", "SUBSTATION_NAME": "Red Mountain", "wmType": "SECONDARY OVERHEAD", "WKT": "LINESTRING (-78.9162338927746 36.28261232696935, -78.91666785734921 36.28249217807619)" }, "geometry": { "type": "LineString", "coordinates": [ [ -78.916233892774599, 36.28261232696935 ], [ -78.916667857349211, 36.28249217807619 ] ] } },
{ "type": "Feature", "properties": { "FEEDER_NAME": "TIMBERLAKE", "SUBSTATION_NAME": "Red Mountain", "wmType": "SECONDARY OVERHEAD", "WKT": "LINESTRING (-78.9162338927746 36.28261232696935, -78.91599449265725 36.28266506580467)" }, "geometry": { "type": "LineString", "coordinates": [ [ -78.916233892774599, 36.28261232696935 ], [ -78.915994492657248, 36.282665065804672 ] ] } },
{ "type": "Feature", "properties": { "FEEDER_NAME": "TIMBERLAKE", "SUBSTATION_NAME": "Red Mountain", "wmType": "SECONDARY OVERHEAD", "WKT": "LINESTRING (-78.91599449265725 36.28266506580467, -78.91566800046569 36.28268234761961)" }, "geometry": { "type": "LineString", "coordinates": [ [ -78.915994492657248, 36.282665065804672 ], [ -78.915668000465686, 36.282682347619613 ] ] } },
{ "type": "Feature", "properties": { "FEEDER_NAME": "TIMBERLAKE", "SUBSTATION_NAME": "Red Mountain", "wmType": "SECONDARY OVERHEAD", "WKT": "LINESTRING (-78.9162338927746 36.28261232696935, -78.91602876408533 36.28246394485301)" }, "geometry": { "type": "LineString", "coordinates": [ [ -78.916233892774599, 36.28261232696935 ], [ -78.916028764085326, 36.282463944853014 ] ] } },
{ "type": "Feature", "properties": { "FEEDER_NAME": "TIMBERLAKE", "SUBSTATION_NAME": "Red Mountain", "wmType": "SECONDARY OVERHEAD", "WKT": "LINESTRING (-78.91602876408533 36.28246394485301, -78.91586389674094 36.28235720381023)" }, "geometry": { "type": "LineString", "coordinates": [ [ -78.916028764085326, 36.282463944853014 ], [ -78.915863896740944, 36.282357203810228 ] ] } },
{ "type": "Feature", "properties": { "FEEDER_NAME": "TIMBERLAKE", "SUBSTATION_NAME": "Red Mountain", "wmType": "SECONDARY OVERHEAD", "WKT": "LINESTRING (-78.91586389674094 36.28235720381023, -78.91578038748366 36.28235110059071)" }, "geometry": { "type": "LineString", "coordinates": [ [ -78.915863896740944, 36.282357203810228 ], [ -78.915780387483665, 36.282351100590709 ] ] } },
{ "type": "Feature", "properties": { "FEEDER_NAME": "TIMBERLAKE", "SUBSTATION_NAME": "Red Mountain", "wmType": "SECONDARY OVERHEAD", "WKT": "LINESTRING (-78.92298154795336 36.27829590152245, -78.92270597327247 36.27820272274194)" }, "geometry": { "type": "LineString", "coordinates": [ [ -78.922981547953356, 36.278295901522448 ], [ -78.922705973272471, 36.278202722741938 ] ] } },
{ "type": "Feature", "properties": { "FEEDER_NAME": "TIMBERLAKE", "SUBSTATION_NAME": "Red Mountain", "wmType": "SECONDARY OVERHEAD", "WKT": "LINESTRING (-78.92298154795336 36.27829590152245, -78.92288825708363 36.2781192267815)" }, "geometry": { "type": "LineString", "coordinates": [ [ -78.922981547953356, 36.278295901522448 ], [ -78.922888257083628, 36.278119226781499 ] ] } },
{ "type": "Feature", "properties": { "FEEDER_NAME": "TIMBERLAKE", "SUBSTATION_NAME": "Red Mountain", "wmType": "SECONDARY OVERHEAD", "WKT": "LINESTRING (-78.92298154795336 36.27829590152245, -78.92309957684132 36.27814523368314)" }, "geometry": { "type": "LineString", "coordinates": [ [ -78.922981547953356, 36.278295901522448 ], [ -78.923099576841324, 36.278145233683141 ] ] } },
{ "type": "Feature", "properties": { "FEEDER_NAME": "TIMBERLAKE", "SUBSTATION_NAME": "Red Mountain", "wmType": "SECONDARY OVERHEAD", "WKT": "LINESTRING (-78.92298154795336 36.27829590152245, -78.92311642541864 36.2785114405513)" }, "geometry": { "type": "LineString", "coordinates": [ [ -78.922981547953356, 36.278295901522448 ], [ -78.923116425418641, 36.278511440551299 ] ] } },
{ "type": "Feature", "properties": { "FEEDER_NAME": "TIMBERLAKE", "SUBSTATION_NAME": "Red Mountain", "wmType": "SECONDARY OVERHEAD", "WKT": "LINESTRING (-78.92194547878803 36.27843975217088, -78.92194730570269 36.278270746658364)" }, "geometry": { "type": "LineString", "coordinates": [ [ -78.921945478788032, 36.278439752170883 ], [ -78.921947305702687, 36.278270746658364 ] ] } },
{ "type": "Feature", "properties": { "FEEDER_NAME": "TIMBERLAKE", "SUBSTATION_NAME": "Red Mountain", "wmType": "SECONDARY OVERHEAD", "WKT": "LINESTRING (-78.92194730570269 36.278270746658364, -78.92184793842382 36.278030727252215)" }, "geometry": { "type": "LineString", "coordinates": [ [ -78.921947305702687, 36.278270746658364 ], [ -78.921847938423824, 36.278030727252215 ] ] } },
{ "type": "Feature", "properties": { "FEEDER_NAME": "TIMBERLAKE", "SUBSTATION_NAME": "Red Mountain", "wmType": "SECONDARY OVERHEAD", "WKT": "LINESTRING (-78.92143664775638 36.27850882116978, -78.92145528551245 36.27812186050614)" }, "geometry": { "type": "LineString", "coordinates": [ [ -78.92143664775638, 36.27850882116978 ], [ -78.921455285512451, 36.27812186050614 ] ] } },
{ "type": "Feature", "properties": { "FEEDER_NAME": "TIMBERLAKE", "SUBSTATION_NAME": "Red Mountain", "wmType": "SECONDARY OVERHEAD", "WKT": "LINESTRING (-78.92113201517788 36.27913599930163, -78.92142833448355 36.27900563642061)" }, "geometry": { "type": "LineString", "coordinates": [ [ -78.921132015177875, 36.27913599930163 ], [ -78.921428334483551, 36.279005636420607 ] ] } },
{ "type": "Feature", "properties": { "FEEDER_NAME": "TIMBERLAKE", "SUBSTATION_NAME": "Red Mountain", "wmType": "SECONDARY OVERHEAD", "WKT": "LINESTRING (-78.92142833448355 36.27900563642061, -78.92159437773948 36.279124842085096)" }, "geometry": { "type": "LineString", "coordinates": [ [ -78.921428334483551, 36.279005636420607 ], [ -78.921594377739481, 36.279124842085096 ] ] } },
{ "type": "Feature", "properties": { "FEEDER_NAME": "TIMBERLAKE", "SUBSTATION_NAME": "Red Mountain", "wmType": "SECONDARY OVERHEAD", "WKT": "LINESTRING (-78.92113201517788 36.27913599930163, -78.92108602042971 36.279336976569944)" }, "geometry": { "type": "LineString", "coordinates": [ [ -78.921132015177875, 36.27913599930163 ], [ -78.921086020429712, 36.279336976569944 ] ] } },
{ "type": "Feature", "properties": { "FEEDER_NAME": "TIMBERLAKE", "SUBSTATION_NAME": "Red Mountain", "wmType": "SECONDARY OVERHEAD", "WKT": "LINESTRING (-78.92113201517788 36.27913599930163, -78.92071001113588 36.279192996854924)" }, "geometry": { "type": "LineString", "coordinates": [ [ -78.921132015177875, 36.27913599930163 ], [ -78.920710011135881, 36.279192996854924 ] ] } },
{ "type": "Feature", "properties": { "FEEDER_NAME": "TIMBERLAKE", "SUBSTATION_NAME": "Red Mountain", "wmType": "SECONDARY OVERHEAD", "WKT": "LINESTRING (-78.92113201517788 36.27913599930163, -78.92116084030825 36.27890479679669)" }, "geometry": { "type": "LineString", "coordinates": [ [ -78.921132015177875, 36.27913599930163 ], [ -78.921160840308247, 36.278904796796688 ] ] } },
{ "type": "Feature", "properties": { "FEEDER_NAME": "TIMBERLAKE", "SUBSTATION_NAME": "Red Mountain", "wmType": "SECONDARY OVERHEAD", "WKT": "LINESTRING (-78.92116084030825 36.27890479679669, -78.920926634427 36.27883073085615)" }, "geometry": { "type": "LineString", "coordinates": [ [ -78.921160840308247, 36.278904796796688 ], [ -78.920926634427005, 36.27883073085615 ] ] } },
{ "type": "Feature", "properties": { "FEEDER_NAME": "TIMBERLAKE", "SUBSTATION_NAME": "Red Mountain", "wmType": "SECONDARY OVERHEAD", "WKT": "LINESTRING (-78.9211387023496 36.27965068956354, -78.92134147633658 36.27953823047707)" }, "geometry": { "type": "LineString", "coordinates": [ [ -78.921138702349594, 36.279650689563539 ], [ -78.921341476336579, 36.279538230477073 ] ] } },
{ "type": "Feature", "properties": { "FEEDER_NAME": "TIMBERLAKE", "SUBSTATION_NAME": "Red Mountain", "wmType": "SECONDARY OVERHEAD", "WKT": "LINESTRING (-78.92130282008188 36.280837113694105, -78.92140763433359 36.280885661595065)" }, "geometry": { "type": "LineString", "coordinates": [ [ -78.921302820081877, 36.280837113694105 ], [ -78.92140763433359, 36.280885661595065 ] ] } },
{ "type": "Feature", "properties": { "FEEDER_NAME": "TIMBERLAKE", "SUBSTATION_NAME": "Red Mountain", "wmType": "SECONDARY OVERHEAD", "WKT": "LINESTRING (-78.92130282008188 36.280837113694105, -78.92109626520583 36.280719392918)" }, "geometry": { "type": "LineString", "coordinates": [ [ -78.921302820081877, 36.280837113694105 ], [ -78.921096265205833, 36.280719392918002 ] ] } },
{ "type": "Feature", "properties": { "FEEDER_NAME": "TIMBERLAKE", "SUBSTATION_NAME": "Red Mountain", "wmType": "SECONDARY OVERHEAD", "WKT": "LINESTRING (-78.92166282685314 36.28042319033906, -78.9219703166557 36.28018068382019)" }, "geometry": { "type": "LineString", "coordinates": [ [ -78.921662826853137, 36.280423190339057 ], [ -78.921970316655703, 36.280180683820191 ] ] } },
{ "type": "Feature", "properties": { "FEEDER_NAME": "TIMBERLAKE", "SUBSTATION_NAME": "Red Mountain", "wmType": "SECONDARY OVERHEAD", "WKT": "LINESTRING (-78.9219703166557 36.28018068382019, -78.92201038032414 36.2802553876602)" }, "geometry": { "type": "LineString", "coordinates": [ [ -78.921970316655703, 36.280180683820191 ], [ -78.922010380324139, 36.280255387660198 ] ] } },
{ "type": "Feature", "properties": { "FEEDER_NAME": "TIMBERLAKE", "SUBSTATION_NAME": "Red Mountain", "wmType": "SECONDARY OVERHEAD", "WKT": "LINESTRING (-78.92239093629867 36.280859891141915, -78.92280111143842 36.28097622775806)" }, "geometry": { "type": "LineString", "coordinates": [ [ -78.922390936298669, 36.280859891141915 ], [ -78.922801111438417, 36.28097622775806 ] ] } },
{ "type": "Feature", "properties": { "FEEDER_NAME": "TIMBERLAKE", "SUBSTATION_NAME": "Red Mountain", "wmType": "SECONDARY OVERHEAD", "WKT": "LINESTRING (-78.92288907149624 36.28126579011296, -78.92315886029726 36.281258813285156)" }, "geometry": { "type": "LineString", "coordinates": [ [ -78.922889071496243, 36.281265790112961 ], [ -78.923158860297264, 36.281258813285156 ] ] } },
{ "type": "Feature", "properties": { "FEEDER_NAME": "TIMBERLAKE", "SUBSTATION_NAME": "Red Mountain", "wmType": "SECONDARY OVERHEAD", "WKT": "LINESTRING (-78.92315886029726 36.281258813285156, -78.92326665801383 36.28137147455265)" }, "geometry": { "type": "LineString", "coordinates": [ [ -78.923158860297264, 36.281258813285156 ], [ -78.92326665801383, 36.28137147455265 ] ] } },
{ "type": "Feature", "properties": { "FEEDER_NAME": "TIMBERLAKE", "SUBSTATION_NAME": "Red Mountain", "wmType": "SECONDARY OVERHEAD", "WKT": "LINESTRING (-78.92302297831513 36.281721119115765, -78.92323858142767 36.281961759672264)" }, "geometry": { "type": "LineString", "coordinates": [ [ -78.923022978315132, 36.281721119115765 ], [ -78.923238581427668, 36.281961759672264 ] ] } },
{ "type": "Feature", "properties": { "FEEDER_NAME": "TIMBERLAKE", "SUBSTATION_NAME": "Red Mountain", "wmType": "SECONDARY OVERHEAD", "WKT": "LINESTRING (-78.92302297831513 36.281721119115765, -78.92273527978432 36.281735716289916)" }, "geometry": { "type": "LineString", "coordinates": [ [ -78.923022978315132, 36.281721119115765 ], [ -78.92273527978432, 36.281735716289916 ] ] } },
{ "type": "Feature", "properties": { "FEEDER_NAME": "TIMBERLAKE", "SUBSTATION_NAME": "Red Mountain", "wmType": "SECONDARY OVERHEAD", "WKT": "LINESTRING (-78.92273527978432 36.281735716289916, -78.92240737010849 36.28175904843334)" }, "geometry": { "type": "LineString", "coordinates": [ [ -78.92273527978432, 36.281735716289916 ], [ -78.922407370108488, 36.281759048433337 ] ] } },
{ "type": "Feature", "properties": { "FEEDER_NAME": "TIMBERLAKE", "SUBSTATION_NAME": "Red Mountain", "wmType": "SECONDARY OVERHEAD", "WKT": "LINESTRING (-78.92296072896514 36.28299252019522, -78.92336030326571 36.28292404722281)" }, "geometry": { "type": "LineString", "coordinates": [ [ -78.922960728965137, 36.282992520195222 ], [ -78.92336030326571, 36.282924047222807 ] ] } },
{ "type": "Feature", "properties": { "FEEDER_NAME": "TIMBERLAKE", "SUBSTATION_NAME": "Red Mountain", "wmType": "SECONDARY OVERHEAD", "WKT": "LINESTRING (-78.92218543894701 36.28238197927353, -78.92235012298651 36.282582348572284)" }, "geometry": { "type": "LineString", "coordinates": [ [ -78.922185438947011, 36.282381979273531 ], [ -78.922350122986515, 36.282582348572284 ] ] } },
{ "type": "Feature", "properties": { "FEEDER_NAME": "TIMBERLAKE", "SUBSTATION_NAME": "Red Mountain", "wmType": "SECONDARY OVERHEAD", "WKT": "LINESTRING (-78.921337394857 36.28263391896219, -78.92165138066554 36.282977380086436)" }, "geometry": { "type": "LineString", "coordinates": [ [ -78.921337394857005, 36.28263391896219 ], [ -78.921651380665537, 36.282977380086436 ] ] } },
{ "type": "Feature", "properties": { "FEEDER_NAME": "TIMBERLAKE", "SUBSTATION_NAME": "Red Mountain", "wmType": "SECONDARY OVERHEAD", "WKT": "LINESTRING (-78.92165138066554 36.282977380086436, -78.9217809780862 36.28292371853315)" }, "geometry": { "type": "LineString", "coordinates": [ [ -78.921651380665537, 36.282977380086436 ], [ -78.921780978086204, 36.282923718533148 ] ] } },
{ "type": "Feature", "properties": { "FEEDER_NAME": "TIMBERLAKE", "SUBSTATION_NAME": "Red Mountain", "wmType": "SECONDARY OVERHEAD", "WKT": "LINESTRING (-78.921337394857 36.28263391896219, -78.92135615210276 36.28285317790566)" }, "geometry": { "type": "LineString", "coordinates": [ [ -78.921337394857005, 36.28263391896219 ], [ -78.92135615210276, 36.282853177905658 ] ] } },
{ "type": "Feature", "properties": { "FEEDER_NAME": "TIMBERLAKE", "SUBSTATION_NAME": "Red Mountain", "wmType": "SECONDARY OVERHEAD", "WKT": "LINESTRING (-78.921337394857 36.28263391896219, -78.92144855831779 36.28247149297769)" }, "geometry": { "type": "LineString", "coordinates": [ [ -78.921337394857005, 36.28263391896219 ], [ -78.921448558317792, 36.282471492977692 ] ] } },
{ "type": "Feature", "properties": { "FEEDER_NAME": "TIMBERLAKE", "SUBSTATION_NAME": "Red Mountain", "wmType": "SECONDARY OVERHEAD", "WKT": "LINESTRING (-78.9208539240391 36.2821831420191, -78.92068466664824 36.282324516659145)" }, "geometry": { "type": "LineString", "coordinates": [ [ -78.920853924039093, 36.2821831420191 ], [ -78.920684666648242, 36.282324516659145 ] ] } },
{ "type": "Feature", "properties": { "FEEDER_NAME": "TIMBERLAKE", "SUBSTATION_NAME": "Red Mountain", "wmType": "SECONDARY OVERHEAD", "WKT": "LINESTRING (-78.92068466664824 36.282324516659145, -78.9204102730985 36.28215805128952)" }, "geometry": { "type": "LineString", "coordinates": [ [ -78.920684666648242, 36.282324516659145 ], [ -78.920410273098497, 36.282158051289521 ] ] } },
{ "type": "Feature", "properties": { "FEEDER_NAME": "TIMBERLAKE", "SUBSTATION_NAME": "Red Mountain", "wmType": "SECONDARY OVERHEAD", "WKT": "LINESTRING (-78.92068466664824 36.282324516659145, -78.92048411241878 36.282380201037924)" }, "geometry": { "type": "LineString", "coordinates": [ [ -78.920684666648242, 36.282324516659145 ], [ -78.920484112418777, 36.282380201037924 ] ] } },
{ "type": "Feature", "properties": { "FEEDER_NAME": "TIMBERLAKE", "SUBSTATION_NAME": "Red Mountain", "wmType": "SECONDARY OVERHEAD", "WKT": "LINESTRING (-78.9203333699861 36.28187865775163, -78.92062265874019 36.28187096202432)" }, "geometry": { "type": "LineString", "coordinates": [ [ -78.920333369986096, 36.281878657751633 ], [ -78.920622658740186, 36.281870962024321 ] ] } },
{ "type": "Feature", "properties": { "FEEDER_NAME": "TIMBERLAKE", "SUBSTATION_NAME": "Red Mountain", "wmType": "SECONDARY OVERHEAD", "WKT": "LINESTRING (-78.92062265874019 36.28187096202432, -78.9208314107992 36.281802220374196)" }, "geometry": { "type": "LineString", "coordinates": [ [ -78.920622658740186, 36.281870962024321 ], [ -78.920831410799195, 36.281802220374196 ] ] } },
{ "type": "Feature", "properties": { "FEEDER_NAME": "TIMBERLAKE", "SUBSTATION_NAME": "Red Mountain", "wmType": "SECONDARY OVERHEAD", "WKT": "LINESTRING (-78.9203333699861 36.28187865775163, -78.92047539710846 36.28172572834584)" }, "geometry": { "type": "LineString", "coordinates": [ [ -78.920333369986096, 36.281878657751633 ], [ -78.920475397108461, 36.28172572834584 ] ] } },
{ "type": "Feature", "properties": { "FEEDER_NAME": "TIMBERLAKE", "SUBSTATION_NAME": "Red Mountain", "wmType": "SECONDARY OVERHEAD", "WKT": "LINESTRING (-78.92047539710846 36.28172572834584, -78.9205594815577 36.281570745339266)" }, "geometry": { "type": "LineString", "coordinates": [ [ -78.920475397108461, 36.28172572834584 ], [ -78.920559481557703, 36.281570745339266 ] ] } },
{ "type": "Feature", "properties": { "FEEDER_NAME": "TIMBERLAKE", "SUBSTATION_NAME": "Red Mountain", "wmType": "SECONDARY OVERHEAD", "WKT": "LINESTRING (-78.91775225720039 36.2818579182606, -78.91790626036112 36.28199105352449)" }, "geometry": { "type": "LineString", "coordinates": [ [ -78.917752257200391, 36.281857918260599 ], [ -78.917906260361121, 36.281991053524493 ] ] } },
{ "type": "Feature", "properties": { "FEEDER_NAME": "TIMBERLAKE", "SUBSTATION_NAME": "Red Mountain", "wmType": "SECONDARY OVERHEAD", "WKT": "LINESTRING (-78.91817881327357 36.275845161817465, -78.91794445909359 36.275760981614425)" }, "geometry": { "type": "LineString", "coordinates": [ [ -78.91817881327357, 36.275845161817465 ], [ -78.91794445909359, 36.275760981614425 ] ] } },
{ "type": "Feature", "properties": { "FEEDER_NAME": "TIMBERLAKE", "SUBSTATION_NAME": "Red Mountain", "wmType": "SECONDARY OVERHEAD", "WKT": "LINESTRING (-78.91716598135011 36.27983009645995, -78.9173328090831 36.27997422099422)" }, "geometry": { "type": "LineString", "coordinates": [ [ -78.917165981350109, 36.279830096459953 ], [ -78.917332809083106, 36.27997422099422 ] ] } },
{ "type": "Feature", "properties": { "FEEDER_NAME": "TIMBERLAKE", "SUBSTATION_NAME": "Red Mountain", "wmType": "SECONDARY OVERHEAD", "WKT": "LINESTRING (-78.9153741526663 36.283126586625755, -78.91542473787604 36.28298436346638)" }, "geometry": { "type": "LineString", "coordinates": [ [ -78.915374152666303, 36.283126586625755 ], [ -78.915424737876037, 36.282984363466383 ] ] } },
{ "type": "Feature", "properties": { "FEEDER_NAME": "TIMBERLAKE", "SUBSTATION_NAME": "Red Mountain", "wmType": "SECONDARY OVERHEAD", "WKT": "LINESTRING (-78.9153741526663 36.283126586625755, -78.91510853268053 36.28310863122678)" }, "geometry": { "type": "LineString", "coordinates": [ [ -78.915374152666303, 36.283126586625755 ], [ -78.915108532680534, 36.283108631226781 ] ] } },
{ "type": "Feature", "properties": { "FEEDER_NAME": "TIMBERLAKE", "SUBSTATION_NAME": "Red Mountain", "wmType": "SECONDARY OVERHEAD", "WKT": "LINESTRING (-78.9153741526663 36.283126586625755, -78.91546403615273 36.28279074923124)" }, "geometry": { "type": "LineString", "coordinates": [ [ -78.915374152666303, 36.283126586625755 ], [ -78.915464036152727, 36.282790749231239 ] ] } },
{ "type": "Feature", "properties": { "FEEDER_NAME": "TIMBERLAKE", "SUBSTATION_NAME": "Red Mountain", "wmType": "SECONDARY OVERHEAD", "WKT": "LINESTRING (-78.9159965465866 36.28316736406944, -78.91571394070534 36.28326770085395)" }, "geometry": { "type": "LineString", "coordinates": [ [ -78.915996546586598, 36.283167364069442 ], [ -78.915713940705345, 36.283267700853948 ] ] } },
{ "type": "Feature", "properties": { "FEEDER_NAME": "TIMBERLAKE", "SUBSTATION_NAME": "Red Mountain", "wmType": "SECONDARY OVERHEAD", "WKT": "LINESTRING (-78.91296447728905 36.293627634707505, -78.91316170623683 36.29377289934239)" }, "geometry": { "type": "LineString", "coordinates": [ [ -78.912964477289052, 36.293627634707505 ], [ -78.913161706236835, 36.293772899342393 ] ] } },
{ "type": "Feature", "properties": { "FEEDER_NAME": "TIMBERLAKE", "SUBSTATION_NAME": "Red Mountain", "wmType": "SECONDARY OVERHEAD", "WKT": "LINESTRING (-78.92060318611817 36.28286601178326, -78.92035478234365 36.2830716369353)" }, "geometry": { "type": "LineString", "coordinates": [ [ -78.920603186118171, 36.282866011783263 ], [ -78.920354782343651, 36.283071636935297 ] ] } },
{ "type": "Feature", "properties": { "FEEDER_NAME": "TIMBERLAKE", "SUBSTATION_NAME": "Red Mountain", "wmType": "SECONDARY OVERHEAD", "WKT": "LINESTRING (-78.92060318611817 36.28286601178326, -78.92068683667807 36.282601252736214)" }, "geometry": { "type": "LineString", "coordinates": [ [ -78.920603186118171, 36.282866011783263 ], [ -78.920686836678072, 36.282601252736214 ] ] } },
{ "type": "Feature", "properties": { "FEEDER_NAME": "TIMBERLAKE", "SUBSTATION_NAME": "Red Mountain", "wmType": "SECONDARY OVERHEAD", "WKT": "LINESTRING (-78.92205907236522 36.28387988949312, -78.92205355121578 36.28369665043541)" }, "geometry": { "type": "LineString", "coordinates": [ [ -78.922059072365215, 36.283879889493122 ], [ -78.922053551215782, 36.283696650435409 ] ] } },
{ "type": "Feature", "properties": { "FEEDER_NAME": "TIMBERLAKE", "SUBSTATION_NAME": "Red Mountain", "wmType": "SECONDARY OVERHEAD", "WKT": "LINESTRING (-78.92124701148734 36.283885687733054, -78.92126274085514 36.283690651683855)" }, "geometry": { "type": "LineString", "coordinates": [ [ -78.921247011487338, 36.283885687733054 ], [ -78.921262740855141, 36.283690651683855 ] ] } },
{ "type": "Feature", "properties": { "FEEDER_NAME": "TIMBERLAKE", "SUBSTATION_NAME": "Red Mountain", "wmType": "SECONDARY OVERHEAD", "WKT": "LINESTRING (-78.92494820207288 36.28654926940745, -78.92438412196775 36.28619561003253)" }, "geometry": { "type": "LineString", "coordinates": [ [ -78.924948202072883, 36.286549269407452 ], [ -78.924384121967748, 36.286195610032529 ] ] } },
{ "type": "Feature", "properties": { "FEEDER_NAME": "TIMBERLAKE", "SUBSTATION_NAME": "Red Mountain", "wmType": "SECONDARY OVERHEAD", "WKT": "LINESTRING (-78.92793701843215 36.28269178371827, -78.9280229951517 36.28276783177404)" }, "geometry": { "type": "LineString", "coordinates": [ [ -78.927937018432146, 36.282691783718271 ], [ -78.928022995151693, 36.282767831774038 ] ] } },
{ "type": "Feature", "properties": { "FEEDER_NAME": "TIMBERLAKE", "SUBSTATION_NAME": "Red Mountain", "wmType": "SECONDARY OVERHEAD", "WKT": "LINESTRING (-78.9327709002629 36.28249536313769, -78.93248581227974 36.28235452993757)" }, "geometry": { "type": "LineString", "coordinates": [ [ -78.932770900262895, 36.282495363137691 ], [ -78.932485812279737, 36.282354529937571 ] ] } },
{ "type": "Feature", "properties": { "FEEDER_NAME": "TIMBERLAKE", "SUBSTATION_NAME": "Red Mountain", "wmType": "SECONDARY OVERHEAD", "WKT": "LINESTRING (-78.9352428034913 36.28288760973142, -78.93556918117669 36.28291586993655)" }, "geometry": { "type": "LineString", "coordinates": [ [ -78.935242803491306, 36.282887609731418 ], [ -78.935569181176689, 36.282915869936552 ] ] } },
{ "type": "Feature", "properties": { "FEEDER_NAME": "TIMBERLAKE", "SUBSTATION_NAME": "Red Mountain", "wmType": "SECONDARY OVERHEAD", "WKT": "LINESTRING (-78.93602502743909 36.277347971974315, -78.9361009912174 36.27736429559776)" }, "geometry": { "type": "LineString", "coordinates": [ [ -78.936025027439086, 36.277347971974315 ], [ -78.936100991217401, 36.277364295597764 ] ] } },
{ "type": "Feature", "properties": { "FEEDER_NAME": "TIMBERLAKE", "SUBSTATION_NAME": "Red Mountain", "wmType": "SECONDARY OVERHEAD", "WKT": "LINESTRING (-78.93610086082599 36.27340252230478, -78.93618372681549 36.27316053885113)" }, "geometry": { "type": "LineString", "coordinates": [ [ -78.936100860825988, 36.273402522304778 ], [ -78.936183726815486, 36.27316053885113 ] ] } },
{ "type": "Feature", "properties": { "FEEDER_NAME": "TIMBERLAKE", "SUBSTATION_NAME": "Red Mountain", "wmType": "SECONDARY OVERHEAD", "WKT": "LINESTRING (-78.94117561499931 36.27548163579445, -78.94108341046261 36.2755325982677)" }, "geometry": { "type": "LineString", "coordinates": [ [ -78.94117561499931, 36.275481635794449 ], [ -78.94108341046261, 36.275532598267702 ] ] } },
{ "type": "Feature", "properties": { "FEEDER_NAME": "TIMBERLAKE", "SUBSTATION_NAME": "Red Mountain", "wmType": "SECONDARY OVERHEAD", "WKT": "LINESTRING (-78.94258416885218 36.27573569084504, -78.94261832722891 36.27607108553757)" }, "geometry": { "type": "LineString", "coordinates": [ [ -78.942584168852179, 36.275735690845039 ], [ -78.942618327228914, 36.276071085537573 ] ] } },
{ "type": "Feature", "properties": { "FEEDER_NAME": "TIMBERLAKE", "SUBSTATION_NAME": "Red Mountain", "wmType": "SECONDARY OVERHEAD", "WKT": "LINESTRING (-78.94261832722891 36.27607108553757, -78.94262272272475 36.276231037736274)" }, "geometry": { "type": "LineString", "coordinates": [ [ -78.942618327228914, 36.276071085537573 ], [ -78.942622722724749, 36.276231037736274 ] ] } },
{ "type": "Feature", "properties": { "FEEDER_NAME": "TIMBERLAKE", "SUBSTATION_NAME": "Red Mountain", "wmType": "SECONDARY OVERHEAD", "WKT": "LINESTRING (-78.94258416885218 36.27573569084504, -78.94259649669716 36.27566903306332)" }, "geometry": { "type": "LineString", "coordinates": [ [ -78.942584168852179, 36.275735690845039 ], [ -78.942596496697163, 36.275669033063323 ] ] } },
{ "type": "Feature", "properties": { "FEEDER_NAME": "TIMBERLAKE", "SUBSTATION_NAME": "Red Mountain", "wmType": "SECONDARY OVERHEAD", "WKT": "LINESTRING (-78.94259649669716 36.27566903306332, -78.94295244935175 36.275569272814195)" }, "geometry": { "type": "LineString", "coordinates": [ [ -78.942596496697163, 36.275669033063323 ], [ -78.94295244935175, 36.275569272814195 ] ] } },
{ "type": "Feature", "properties": { "FEEDER_NAME": "TIMBERLAKE", "SUBSTATION_NAME": "Red Mountain", "wmType": "SECONDARY OVERHEAD", "WKT": "LINESTRING (-78.94295244935175 36.275569272814195, -78.94302856529734 36.275722247337974)" }, "geometry": { "type": "LineString", "coordinates": [ [ -78.94295244935175, 36.275569272814195 ], [ -78.94302856529734, 36.275722247337974 ] ] } },
{ "type": "Feature", "properties": { "FEEDER_NAME": "TIMBERLAKE", "SUBSTATION_NAME": "Red Mountain", "wmType": "SECONDARY OVERHEAD", "WKT": "LINESTRING (-78.94482989815128 36.27447747391886, -78.94521637598905 36.27447229071077)" }, "geometry": { "type": "LineString", "coordinates": [ [ -78.944829898151283, 36.274477473918857 ], [ -78.945216375989048, 36.274472290710769 ] ] } },
{ "type": "Feature", "properties": { "FEEDER_NAME": "TIMBERLAKE", "SUBSTATION_NAME": "Red Mountain", "wmType": "SECONDARY OVERHEAD", "WKT": "LINESTRING (-78.94438465040733 36.275142974962144, -78.94445310616904 36.27509290581047)" }, "geometry": { "type": "LineString", "coordinates": [ [ -78.944384650407329, 36.275142974962144 ], [ -78.944453106169036, 36.275092905810467 ] ] } },
{ "type": "Feature", "properties": { "FEEDER_NAME": "TIMBERLAKE", "SUBSTATION_NAME": "Red Mountain", "wmType": "SECONDARY OVERHEAD", "WKT": "LINESTRING (-78.94397025100555 36.27349281197896, -78.94390095702 36.273238513179805)" }, "geometry": { "type": "LineString", "coordinates": [ [ -78.943970251005553, 36.273492811978961 ], [ -78.943900957020006, 36.273238513179805 ] ] } },
{ "type": "Feature", "properties": { "FEEDER_NAME": "TIMBERLAKE", "SUBSTATION_NAME": "Red Mountain", "wmType": "SECONDARY OVERHEAD", "WKT": "LINESTRING (-78.94390095702 36.273238513179805, -78.94383967939812 36.2729687819367)" }, "geometry": { "type": "LineString", "coordinates": [ [ -78.943900957020006, 36.273238513179805 ], [ -78.943839679398124, 36.272968781936697 ] ] } },
{ "type": "Feature", "properties": { "FEEDER_NAME": "TIMBERLAKE", "SUBSTATION_NAME": "Red Mountain", "wmType": "SECONDARY OVERHEAD", "WKT": "LINESTRING (-78.94420385797763 36.27399851395211, -78.94388620219242 36.27391744894456)" }, "geometry": { "type": "LineString", "coordinates": [ [ -78.944203857977627, 36.273998513952108 ], [ -78.943886202192417, 36.273917448944559 ] ] } },
{ "type": "Feature", "properties": { "FEEDER_NAME": "TIMBERLAKE", "SUBSTATION_NAME": "Red Mountain", "wmType": "SECONDARY OVERHEAD", "WKT": "LINESTRING (-78.94388620219242 36.27391744894456, -78.94362534090963 36.273968995706404)" }, "geometry": { "type": "LineString", "coordinates": [ [ -78.943886202192417, 36.273917448944559 ], [ -78.943625340909634, 36.273968995706404 ] ] } },
{ "type": "Feature", "properties": { "FEEDER_NAME": "TIMBERLAKE", "SUBSTATION_NAME": "Red Mountain", "wmType": "SECONDARY OVERHEAD", "WKT": "LINESTRING (-78.94444090408031 36.274538798174035, -78.94411090089818 36.274355906573064)" }, "geometry": { "type": "LineString", "coordinates": [ [ -78.944440904080309, 36.274538798174035 ], [ -78.944110900898181, 36.274355906573064 ] ] } },
{ "type": "Feature", "properties": { "FEEDER_NAME": "TIMBERLAKE", "SUBSTATION_NAME": "Red Mountain", "wmType": "SECONDARY OVERHEAD", "WKT": "LINESTRING (-78.94384757930851 36.274674326924384, -78.94387848203056 36.27486883833198)" }, "geometry": { "type": "LineString", "coordinates": [ [ -78.94384757930851, 36.274674326924384 ], [ -78.943878482030556, 36.274868838331983 ] ] } },
{ "type": "Feature", "properties": { "FEEDER_NAME": "TIMBERLAKE", "SUBSTATION_NAME": "Red Mountain", "wmType": "SECONDARY OVERHEAD", "WKT": "LINESTRING (-78.94387848203056 36.27486883833198, -78.94384821241977 36.27508079166777)" }, "geometry": { "type": "LineString", "coordinates": [ [ -78.943878482030556, 36.274868838331983 ], [ -78.943848212419766, 36.275080791667769 ] ] } },
{ "type": "Feature", "properties": { "FEEDER_NAME": "TIMBERLAKE", "SUBSTATION_NAME": "Red Mountain", "wmType": "SECONDARY OVERHEAD", "WKT": "LINESTRING (-78.9429534555349 36.274821139953964, -78.94282602587596 36.274464332394246)" }, "geometry": { "type": "LineString", "coordinates": [ [ -78.942953455534905, 36.274821139953964 ], [ -78.942826025875959, 36.274464332394246 ] ] } },
{ "type": "Feature", "properties": { "FEEDER_NAME": "TIMBERLAKE", "SUBSTATION_NAME": "Red Mountain", "wmType": "SECONDARY OVERHEAD", "WKT": "LINESTRING (-78.94282602587596 36.274464332394246, -78.94277060642273 36.274165899631875)" }, "geometry": { "type": "LineString", "coordinates": [ [ -78.942826025875959, 36.274464332394246 ], [ -78.942770606422727, 36.274165899631875 ] ] } },
{ "type": "Feature", "properties": { "FEEDER_NAME": "TIMBERLAKE", "SUBSTATION_NAME": "Red Mountain", "wmType": "SECONDARY OVERHEAD", "WKT": "LINESTRING (-78.94055099823854 36.27502457708401, -78.94062212441139 36.2751818537804)" }, "geometry": { "type": "LineString", "coordinates": [ [ -78.940550998238535, 36.275024577084011 ], [ -78.940622124411391, 36.275181853780403 ] ] } },
{ "type": "Feature", "properties": { "FEEDER_NAME": "TIMBERLAKE", "SUBSTATION_NAME": "Red Mountain", "wmType": "SECONDARY OVERHEAD", "WKT": "LINESTRING (-78.94055099823854 36.27502457708401, -78.94041868079296 36.2751634091912)" }, "geometry": { "type": "LineString", "coordinates": [ [ -78.940550998238535, 36.275024577084011 ], [ -78.940418680792959, 36.275163409191201 ] ] } },
{ "type": "Feature", "properties": { "FEEDER_NAME": "TIMBERLAKE", "SUBSTATION_NAME": "Red Mountain", "wmType": "SECONDARY OVERHEAD", "WKT": "LINESTRING (-78.9394950336419 36.27461361287171, -78.93984095242945 36.274775567227124)" }, "geometry": { "type": "LineString", "coordinates": [ [ -78.939495033641904, 36.274613612871711 ], [ -78.939840952429449, 36.274775567227124 ] ] } },
{ "type": "Feature", "properties": { "FEEDER_NAME": "TIMBERLAKE", "SUBSTATION_NAME": "Red Mountain", "wmType": "SECONDARY OVERHEAD", "WKT": "LINESTRING (-78.9394950336419 36.27461361287171, -78.93939706326562 36.274392533326534)" }, "geometry": { "type": "LineString", "coordinates": [ [ -78.939495033641904, 36.274613612871711 ], [ -78.939397063265616, 36.274392533326534 ] ] } },
{ "type": "Feature", "properties": { "FEEDER_NAME": "TIMBERLAKE", "SUBSTATION_NAME": "Red Mountain", "wmType": "SECONDARY OVERHEAD", "WKT": "LINESTRING (-78.93939706326562 36.274392533326534, -78.93933101987339 36.27411837470354)" }, "geometry": { "type": "LineString", "coordinates": [ [ -78.939397063265616, 36.274392533326534 ], [ -78.939331019873393, 36.274118374703541 ] ] } },
{ "type": "Feature", "properties": { "FEEDER_NAME": "TIMBERLAKE", "SUBSTATION_NAME": "Red Mountain", "wmType": "SECONDARY OVERHEAD", "WKT": "LINESTRING (-78.93880267042375 36.274226938467145, -78.93885860733862 36.27413887759872)" }, "geometry": { "type": "LineString", "coordinates": [ [ -78.938802670423755, 36.274226938467145 ], [ -78.938858607338616, 36.274138877598723 ] ] } },
{ "type": "Feature", "properties": { "FEEDER_NAME": "TIMBERLAKE", "SUBSTATION_NAME": "Red Mountain", "wmType": "SECONDARY OVERHEAD", "WKT": "LINESTRING (-78.93770365759514 36.27646960250805, -78.93789249942783 36.276654032099074)" }, "geometry": { "type": "LineString", "coordinates": [ [ -78.937703657595137, 36.276469602508051 ], [ -78.937892499427832, 36.276654032099074 ] ] } },
{ "type": "Feature", "properties": { "FEEDER_NAME": "TIMBERLAKE", "SUBSTATION_NAME": "Red Mountain", "wmType": "SECONDARY OVERHEAD", "WKT": "LINESTRING (-78.93770365759514 36.27646960250805, -78.93799748585995 36.2764852703847)" }, "geometry": { "type": "LineString", "coordinates": [ [ -78.937703657595137, 36.276469602508051 ], [ -78.937997485859952, 36.276485270384697 ] ] } },
{ "type": "Feature", "properties": { "FEEDER_NAME": "TIMBERLAKE", "SUBSTATION_NAME": "Red Mountain", "wmType": "SECONDARY OVERHEAD", "WKT": "LINESTRING (-78.93799748585995 36.2764852703847, -78.93832335911907 36.27651460089398)" }, "geometry": { "type": "LineString", "coordinates": [ [ -78.937997485859952, 36.276485270384697 ], [ -78.938323359119067, 36.276514600893982 ] ] } },
{ "type": "Feature", "properties": { "FEEDER_NAME": "TIMBERLAKE", "SUBSTATION_NAME": "Red Mountain", "wmType": "SECONDARY OVERHEAD", "WKT": "LINESTRING (-78.93784784164079 36.27557783323954, -78.93770224980092 36.27565958497733)" }, "geometry": { "type": "LineString", "coordinates": [ [ -78.937847841640789, 36.275577833239538 ], [ -78.937702249800921, 36.275659584977333 ] ] } },
{ "type": "Feature", "properties": { "FEEDER_NAME": "TIMBERLAKE", "SUBSTATION_NAME": "Red Mountain", "wmType": "SECONDARY OVERHEAD", "WKT": "LINESTRING (-78.93893891522343 36.27541437247267, -78.9388722801603 36.275742109504534)" }, "geometry": { "type": "LineString", "coordinates": [ [ -78.938938915223432, 36.275414372472667 ], [ -78.938872280160297, 36.275742109504534 ] ] } },
{ "type": "Feature", "properties": { "FEEDER_NAME": "TIMBERLAKE", "SUBSTATION_NAME": "Red Mountain", "wmType": "SECONDARY OVERHEAD", "WKT": "LINESTRING (-78.9388722801603 36.275742109504534, -78.93905804399014 36.2757569963827)" }, "geometry": { "type": "LineString", "coordinates": [ [ -78.938872280160297, 36.275742109504534 ], [ -78.939058043990144, 36.275756996382697 ] ] } },
{ "type": "Feature", "properties": { "FEEDER_NAME": "TIMBERLAKE", "SUBSTATION_NAME": "Red Mountain", "wmType": "SECONDARY OVERHEAD", "WKT": "LINESTRING (-78.93843478149545 36.27454441634572, -78.93806633988109 36.27425233297617)" }, "geometry": { "type": "LineString", "coordinates": [ [ -78.938434781495445, 36.274544416345719 ], [ -78.93806633988109, 36.274252332976168 ] ] } },
{ "type": "Feature", "properties": { "FEEDER_NAME": "TIMBERLAKE", "SUBSTATION_NAME": "Red Mountain", "wmType": "SECONDARY OVERHEAD", "WKT": "LINESTRING (-78.93594725546697 36.27537172677295, -78.93612992077924 36.27523370434673)" }, "geometry": { "type": "LineString", "coordinates": [ [ -78.935947255466971, 36.275371726772953 ], [ -78.936129920779237, 36.275233704346732 ] ] } },
{ "type": "Feature", "properties": { "FEEDER_NAME": "TIMBERLAKE", "SUBSTATION_NAME": "Red Mountain", "wmType": "SECONDARY OVERHEAD", "WKT": "LINESTRING (-78.93594725546697 36.27537172677295, -78.9360062923416 36.27531462564046)" }, "geometry": { "type": "LineString", "coordinates": [ [ -78.935947255466971, 36.275371726772953 ], [ -78.936006292341602, 36.275314625640462 ] ] } },
{ "type": "Feature", "properties": { "FEEDER_NAME": "TIMBERLAKE", "SUBSTATION_NAME": "Red Mountain", "wmType": "SECONDARY OVERHEAD", "WKT": "LINESTRING (-78.9353838326262 36.27343488848347, -78.93551653145605 36.27326771396502)" }, "geometry": { "type": "LineString", "coordinates": [ [ -78.935383832626201, 36.273434888483472 ], [ -78.935516531456045, 36.273267713965019 ] ] } },
{ "type": "Feature", "properties": { "FEEDER_NAME": "TIMBERLAKE", "SUBSTATION_NAME": "Red Mountain", "wmType": "SECONDARY OVERHEAD", "WKT": "LINESTRING (-78.9353838326262 36.27343488848347, -78.93547520789365 36.273194293283346)" }, "geometry": { "type": "LineString", "coordinates": [ [ -78.935383832626201, 36.273434888483472 ], [ -78.935475207893646, 36.273194293283346 ] ] } },
{ "type": "Feature", "properties": { "FEEDER_NAME": "TIMBERLAKE", "SUBSTATION_NAME": "Red Mountain", "wmType": "SECONDARY OVERHEAD", "WKT": "LINESTRING (-78.93571153408496 36.274345499659724, -78.93583629877546 36.27452804079322)" }, "geometry": { "type": "LineString", "coordinates": [ [ -78.935711534084959, 36.274345499659724 ], [ -78.935836298775456, 36.274528040793221 ] ] } },
{ "type": "Feature", "properties": { "FEEDER_NAME": "TIMBERLAKE", "SUBSTATION_NAME": "Red Mountain", "wmType": "SECONDARY OVERHEAD", "WKT": "LINESTRING (-78.92811870301715 36.2738774384908, -78.92835759254496 36.27397841138279)" }, "geometry": { "type": "LineString", "coordinates": [ [ -78.928118703017148, 36.2738774384908 ], [ -78.928357592544955, 36.273978411382792 ] ] } },
{ "type": "Feature", "properties": { "FEEDER_NAME": "TIMBERLAKE", "SUBSTATION_NAME": "Red Mountain", "wmType": "SECONDARY OVERHEAD", "WKT": "LINESTRING (-78.92641550949882 36.271369134562036, -78.92599123851134 36.27120253306275)" }, "geometry": { "type": "LineString", "coordinates": [ [ -78.926415509498824, 36.271369134562036 ], [ -78.925991238511344, 36.271202533062748 ] ] } },
{ "type": "Feature", "properties": { "FEEDER_NAME": "TIMBERLAKE", "SUBSTATION_NAME": "Red Mountain", "wmType": "SECONDARY OVERHEAD", "WKT": "LINESTRING (-78.92641550949882 36.271369134562036, -78.92640609593087 36.271430770416515)" }, "geometry": { "type": "LineString", "coordinates": [ [ -78.926415509498824, 36.271369134562036 ], [ -78.926406095930872, 36.271430770416515 ] ] } },
{ "type": "Feature", "properties": { "FEEDER_NAME": "TIMBERLAKE", "SUBSTATION_NAME": "Red Mountain", "wmType": "SECONDARY OVERHEAD", "WKT": "LINESTRING (-78.92641550949882 36.271369134562036, -78.92635296347306 36.271289798063954)" }, "geometry": { "type": "LineString", "coordinates": [ [ -78.926415509498824, 36.271369134562036 ], [ -78.926352963473065, 36.271289798063954 ] ] } },
{ "type": "Feature", "properties": { "FEEDER_NAME": "TIMBERLAKE", "SUBSTATION_NAME": "Red Mountain", "wmType": "SECONDARY OVERHEAD", "WKT": "LINESTRING (-78.92534000318128 36.26977624360601, -78.92530959002751 36.269877745026996)" }, "geometry": { "type": "LineString", "coordinates": [ [ -78.925340003181276, 36.26977624360601 ], [ -78.92530959002751, 36.269877745026996 ] ] } },
{ "type": "Feature", "properties": { "FEEDER_NAME": "TIMBERLAKE", "SUBSTATION_NAME": "Red Mountain", "wmType": "SECONDARY OVERHEAD", "WKT": "LINESTRING (-78.92953749907774 36.26641463245116, -78.92963895781058 36.266301584307)" }, "geometry": { "type": "LineString", "coordinates": [ [ -78.929537499077739, 36.266414632451159 ], [ -78.929638957810582, 36.266301584307001 ] ] } },
{ "type": "Feature", "properties": { "FEEDER_NAME": "TIMBERLAKE", "SUBSTATION_NAME": "Red Mountain", "wmType": "SECONDARY OVERHEAD", "WKT": "LINESTRING (-78.93459397842537 36.260455438231176, -78.93477069085165 36.260568973463506)" }, "geometry": { "type": "LineString", "coordinates": [ [ -78.934593978425369, 36.260455438231176 ], [ -78.93477069085165, 36.260568973463506 ] ] } },
{ "type": "Feature", "properties": { "FEEDER_NAME": "TIMBERLAKE", "SUBSTATION_NAME": "Red Mountain", "wmType": "SECONDARY OVERHEAD", "WKT": "LINESTRING (-78.93477069085165 36.260568973463506, -78.93504459840783 36.26044378421257)" }, "geometry": { "type": "LineString", "coordinates": [ [ -78.93477069085165, 36.260568973463506 ], [ -78.935044598407828, 36.260443784212569 ] ] } },
{ "type": "Feature", "properties": { "FEEDER_NAME": "TIMBERLAKE", "SUBSTATION_NAME": "Red Mountain", "wmType": "SECONDARY OVERHEAD", "WKT": "LINESTRING (-78.93315658669749 36.26207443309626, -78.9330648580656 36.26189092660873)" }, "geometry": { "type": "LineString", "coordinates": [ [ -78.933156586697493, 36.262074433096259 ], [ -78.933064858065606, 36.261890926608729 ] ] } },
{ "type": "Feature", "properties": { "FEEDER_NAME": "TIMBERLAKE", "SUBSTATION_NAME": "Red Mountain", "wmType": "SECONDARY OVERHEAD", "WKT": "LINESTRING (-78.93315658669749 36.26207443309626, -78.9331229488936 36.26207076591434, -78.93255837501742 36.262468944569484)" }, "geometry": { "type": "LineString", "coordinates": [ [ -78.933156586697493, 36.262074433096259 ], [ -78.933122948893597, 36.262070765914338 ], [ -78.932558375017422, 36.262468944569484 ] ] } },
{ "type": "Feature", "properties": { "FEEDER_NAME": "TIMBERLAKE", "SUBSTATION_NAME": "Red Mountain", "wmType": "SECONDARY OVERHEAD", "WKT": "LINESTRING (-78.9300319955081 36.268229289245, -78.93012755730838 36.26808605915908)" }, "geometry": { "type": "LineString", "coordinates": [ [ -78.930031995508102, 36.268229289244999 ], [ -78.930127557308381, 36.268086059159081 ] ] } },
{ "type": "Feature", "properties": { "FEEDER_NAME": "TIMBERLAKE", "SUBSTATION_NAME": "Red Mountain", "wmType": "SECONDARY OVERHEAD", "WKT": "LINESTRING (-78.92635529086648 36.27056421618609, -78.92657498214504 36.270614256318076)" }, "geometry": { "type": "LineString", "coordinates": [ [ -78.926355290866482, 36.270564216186088 ], [ -78.926574982145041, 36.270614256318076 ] ] } },
{ "type": "Feature", "properties": { "FEEDER_NAME": "TIMBERLAKE", "SUBSTATION_NAME": "Red Mountain", "wmType": "SECONDARY OVERHEAD", "WKT": "LINESTRING (-78.92674748564144 36.271227188970784, -78.92704418173359 36.27101226673558)" }, "geometry": { "type": "LineString", "coordinates": [ [ -78.926747485641442, 36.271227188970784 ], [ -78.927044181733592, 36.271012266735582 ] ] } },
{ "type": "Feature", "properties": { "FEEDER_NAME": "TIMBERLAKE", "SUBSTATION_NAME": "Red Mountain", "wmType": "SECONDARY OVERHEAD", "WKT": "LINESTRING (-78.92704418173359 36.27101226673558, -78.92713450038941 36.27118467914329)" }, "geometry": { "type": "LineString", "coordinates": [ [ -78.927044181733592, 36.271012266735582 ], [ -78.927134500389414, 36.271184679143289 ] ] } },
{ "type": "Feature", "properties": { "FEEDER_NAME": "TIMBERLAKE", "SUBSTATION_NAME": "Red Mountain", "wmType": "SECONDARY OVERHEAD", "WKT": "LINESTRING (-78.9306663086684 36.272336135578975, -78.9308689586897 36.27223120754423)" }, "geometry": { "type": "LineString", "coordinates": [ [ -78.930666308668407, 36.272336135578975 ], [ -78.9308689586897, 36.27223120754423 ] ] } },
{ "type": "Feature", "properties": { "FEEDER_NAME": "TIMBERLAKE", "SUBSTATION_NAME": "Red Mountain", "wmType": "SECONDARY OVERHEAD", "WKT": "LINESTRING (-78.9306663086684 36.272336135578975, -78.93053030002672 36.27216122809581)" }, "geometry": { "type": "LineString", "coordinates": [ [ -78.930666308668407, 36.272336135578975 ], [ -78.930530300026717, 36.272161228095811 ] ] } },
{ "type": "Feature", "properties": { "FEEDER_NAME": "TIMBERLAKE", "SUBSTATION_NAME": "Red Mountain", "wmType": "SECONDARY OVERHEAD", "WKT": "LINESTRING (-78.92915359017715 36.27807386781283, -78.92900917052305 36.277966331476456)" }, "geometry": { "type": "LineString", "coordinates": [ [ -78.929153590177151, 36.278073867812829 ], [ -78.929009170523045, 36.277966331476456 ] ] } },
{ "type": "Feature", "properties": { "FEEDER_NAME": "TIMBERLAKE", "SUBSTATION_NAME": "Red Mountain", "wmType": "SECONDARY OVERHEAD", "WKT": "LINESTRING (-78.9295163462855 36.277059950003434, -78.92929429588213 36.27708102650581)" }, "geometry": { "type": "LineString", "coordinates": [ [ -78.929516346285496, 36.277059950003434 ], [ -78.92929429588213, 36.277081026505812 ] ] } },
{ "type": "Feature", "properties": { "FEEDER_NAME": "TIMBERLAKE", "SUBSTATION_NAME": "Red Mountain", "wmType": "SECONDARY OVERHEAD", "WKT": "LINESTRING (-78.9295163462855 36.277059950003434, -78.92930870501552 36.277206781261924)" }, "geometry": { "type": "LineString", "coordinates": [ [ -78.929516346285496, 36.277059950003434 ], [ -78.929308705015515, 36.277206781261924 ] ] } },
{ "type": "Feature", "properties": { "FEEDER_NAME": "TIMBERLAKE", "SUBSTATION_NAME": "Red Mountain", "wmType": "SECONDARY OVERHEAD", "WKT": "LINESTRING (-78.92948251309616 36.276295208178304, -78.92927990450083 36.2763583215831)" }, "geometry": { "type": "LineString", "coordinates": [ [ -78.929482513096161, 36.276295208178304 ], [ -78.929279904500831, 36.276358321583103 ] ] } },
{ "type": "Feature", "properties": { "FEEDER_NAME": "TIMBERLAKE", "SUBSTATION_NAME": "Red Mountain", "wmType": "SECONDARY OVERHEAD", "WKT": "LINESTRING (-78.92942959074128 36.275254817997975, -78.92972084864626 36.27517769070376)" }, "geometry": { "type": "LineString", "coordinates": [ [ -78.929429590741279, 36.275254817997975 ], [ -78.929720848646255, 36.275177690703757 ] ] } },
{ "type": "Feature", "properties": { "FEEDER_NAME": "TIMBERLAKE", "SUBSTATION_NAME": "Red Mountain", "wmType": "SECONDARY OVERHEAD", "WKT": "LINESTRING (-78.92942959074128 36.275254817997975, -78.92920529892915 36.27525114531073)" }, "geometry": { "type": "LineString", "coordinates": [ [ -78.929429590741279, 36.275254817997975 ], [ -78.929205298929148, 36.275251145310733 ] ] } },
{ "type": "Feature", "properties": { "FEEDER_NAME": "TIMBERLAKE", "SUBSTATION_NAME": "Red Mountain", "wmType": "SECONDARY OVERHEAD", "WKT": "LINESTRING (-78.9303484231757 36.274735904605045, -78.9304192353829 36.274324838364095)" }, "geometry": { "type": "LineString", "coordinates": [ [ -78.930348423175701, 36.274735904605045 ], [ -78.9304192353829, 36.274324838364095 ] ] } },
{ "type": "Feature", "properties": { "FEEDER_NAME": "TIMBERLAKE", "SUBSTATION_NAME": "Red Mountain", "wmType": "SECONDARY OVERHEAD", "WKT": "LINESTRING (-78.93197017006419 36.274503890527605, -78.93233117871982 36.27449304836003)" }, "geometry": { "type": "LineString", "coordinates": [ [ -78.93197017006419, 36.274503890527605 ], [ -78.932331178719821, 36.274493048360029 ] ] } },
{ "type": "Feature", "properties": { "FEEDER_NAME": "TIMBERLAKE", "SUBSTATION_NAME": "Red Mountain", "wmType": "SECONDARY OVERHEAD", "WKT": "LINESTRING (-78.93423102303883 36.28146423693086, -78.93438517393609 36.28156887129938)" }, "geometry": { "type": "LineString", "coordinates": [ [ -78.934231023038834, 36.281464236930859 ], [ -78.934385173936093, 36.281568871299378 ] ] } },
{ "type": "Feature", "properties": { "FEEDER_NAME": "TIMBERLAKE", "SUBSTATION_NAME": "Red Mountain", "wmType": "SECONDARY OVERHEAD", "WKT": "LINESTRING (-78.92930936291435 36.281010696834656, -78.92958722919461 36.28114022830565)" }, "geometry": { "type": "LineString", "coordinates": [ [ -78.929309362914353, 36.281010696834656 ], [ -78.92958722919461, 36.281140228305652 ] ] } },
{ "type": "Feature", "properties": { "FEEDER_NAME": "TIMBERLAKE", "SUBSTATION_NAME": "Red Mountain", "wmType": "SECONDARY OVERHEAD", "WKT": "LINESTRING (-78.92958722919461 36.28114022830565, -78.92981987442231 36.28139578585031)" }, "geometry": { "type": "LineString", "coordinates": [ [ -78.92958722919461, 36.281140228305652 ], [ -78.929819874422307, 36.281395785850307 ] ] } },
{ "type": "Feature", "properties": { "FEEDER_NAME": "TIMBERLAKE", "SUBSTATION_NAME": "Red Mountain", "wmType": "SECONDARY OVERHEAD", "WKT": "LINESTRING (-78.92743105853104 36.28084386064608, -78.92741565609009 36.28065710029002)" }, "geometry": { "type": "LineString", "coordinates": [ [ -78.927431058531042, 36.28084386064608 ], [ -78.927415656090091, 36.280657100290021 ] ] } },
{ "type": "Feature", "properties": { "FEEDER_NAME": "TIMBERLAKE", "SUBSTATION_NAME": "Red Mountain", "wmType": "SECONDARY OVERHEAD", "WKT": "LINESTRING (-78.92741565609009 36.28065710029002, -78.92738358343873 36.28061033716369)" }, "geometry": { "type": "LineString", "coordinates": [ [ -78.927415656090091, 36.280657100290021 ], [ -78.927383583438726, 36.280610337163687 ] ] } },
{ "type": "Feature", "properties": { "FEEDER_NAME": "TIMBERLAKE", "SUBSTATION_NAME": "Red Mountain", "wmType": "SECONDARY OVERHEAD", "WKT": "LINESTRING (-78.9272808298924 36.28179150818718, -78.92714997821078 36.28168164299452)" }, "geometry": { "type": "LineString", "coordinates": [ [ -78.927280829892396, 36.281791508187183 ], [ -78.927149978210778, 36.281681642994521 ] ] } },
{ "type": "Feature", "properties": { "FEEDER_NAME": "TIMBERLAKE", "SUBSTATION_NAME": "Red Mountain", "wmType": "SECONDARY OVERHEAD", "WKT": "LINESTRING (-78.9272808298924 36.28179150818718, -78.92704106836564 36.28184845969016)" }, "geometry": { "type": "LineString", "coordinates": [ [ -78.927280829892396, 36.281791508187183 ], [ -78.927041068365639, 36.28184845969016 ] ] } },
{ "type": "Feature", "properties": { "FEEDER_NAME": "TIMBERLAKE", "SUBSTATION_NAME": "Red Mountain", "wmType": "SECONDARY OVERHEAD", "WKT": "LINESTRING (-78.92701833913824 36.28322380620802, -78.92718145275795 36.28322673193081)" }, "geometry": { "type": "LineString", "coordinates": [ [ -78.927018339138243, 36.283223806208021 ], [ -78.927181452757949, 36.28322673193081 ] ] } },
{ "type": "Feature", "properties": { "FEEDER_NAME": "TIMBERLAKE", "SUBSTATION_NAME": "Red Mountain", "wmType": "SECONDARY OVERHEAD", "WKT": "LINESTRING (-78.92685863596263 36.28543950579874, -78.92702955458991 36.28544482714853)" }, "geometry": { "type": "LineString", "coordinates": [ [ -78.926858635962631, 36.285439505798742 ], [ -78.927029554589907, 36.285444827148531 ] ] } },
{ "type": "Feature", "properties": { "FEEDER_NAME": "TIMBERLAKE", "SUBSTATION_NAME": "Red Mountain", "wmType": "SECONDARY OVERHEAD", "WKT": "LINESTRING (-78.92702955458991 36.28544482714853, -78.9275008305954 36.285482956293116)" }, "geometry": { "type": "LineString", "coordinates": [ [ -78.927029554589907, 36.285444827148531 ], [ -78.927500830595406, 36.285482956293116 ] ] } },
{ "type": "Feature", "properties": { "FEEDER_NAME": "TIMBERLAKE", "SUBSTATION_NAME": "Red Mountain", "wmType": "SECONDARY OVERHEAD", "WKT": "LINESTRING (-78.92677703627643 36.286563258134265, -78.92604846744943 36.2862849053392)" }, "geometry": { "type": "LineString", "coordinates": [ [ -78.926777036276434, 36.286563258134265 ], [ -78.926048467449434, 36.286284905339201 ] ] } },
{ "type": "Feature", "properties": { "FEEDER_NAME": "TIMBERLAKE", "SUBSTATION_NAME": "Red Mountain", "wmType": "SECONDARY OVERHEAD", "WKT": "LINESTRING (-78.92765317458536 36.287615969893565, -78.92747601523725 36.287303973458954)" }, "geometry": { "type": "LineString", "coordinates": [ [ -78.927653174585359, 36.287615969893565 ], [ -78.927476015237247, 36.287303973458954 ] ] } },
{ "type": "Feature", "properties": { "FEEDER_NAME": "TIMBERLAKE", "SUBSTATION_NAME": "Red Mountain", "wmType": "SECONDARY OVERHEAD", "WKT": "LINESTRING (-78.92615392646582 36.29003637781272, -78.92633408867042 36.28977661767023)" }, "geometry": { "type": "LineString", "coordinates": [ [ -78.926153926465815, 36.290036377812719 ], [ -78.926334088670416, 36.289776617670228 ] ] } },
{ "type": "Feature", "properties": { "FEEDER_NAME": "TIMBERLAKE", "SUBSTATION_NAME": "Red Mountain", "wmType": "SECONDARY OVERHEAD", "WKT": "LINESTRING (-78.93119407782886 36.29592826740282, -78.93140826198706 36.29603566713235)" }, "geometry": { "type": "LineString", "coordinates": [ [ -78.931194077828863, 36.295928267402822 ], [ -78.931408261987059, 36.296035667132351 ] ] } },
{ "type": "Feature", "properties": { "FEEDER_NAME": "TIMBERLAKE", "SUBSTATION_NAME": "Red Mountain", "wmType": "SECONDARY OVERHEAD", "WKT": "LINESTRING (-78.94521637598905 36.27447229071077, -78.94570084068063 36.27443869367258)" }, "geometry": { "type": "LineString", "coordinates": [ [ -78.945216375989048, 36.274472290710769 ], [ -78.94570084068063, 36.274438693672579 ] ] } },
{ "type": "Feature", "properties": { "FEEDER_NAME": "TIMBERLAKE", "SUBSTATION_NAME": "Red Mountain", "wmType": "SECONDARY OVERHEAD", "WKT": "LINESTRING (-78.9419470580894 36.292704255737604, -78.94156083750015 36.29265424647622)" }, "geometry": { "type": "LineString", "coordinates": [ [ -78.941947058089397, 36.292704255737604 ], [ -78.941560837500148, 36.292654246476218 ] ] } },
{ "type": "Feature", "properties": { "FEEDER_NAME": "TIMBERLAKE", "SUBSTATION_NAME": "Red Mountain", "wmType": "SECONDARY OVERHEAD", "WKT": "LINESTRING (-78.93988379189341 36.294557577392666, -78.93993820964542 36.294974914522285)" }, "geometry": { "type": "LineString", "coordinates": [ [ -78.939883791893408, 36.294557577392666 ], [ -78.939938209645419, 36.294974914522285 ] ] } },
{ "type": "Feature", "properties": { "FEEDER_NAME": "TIMBERLAKE", "SUBSTATION_NAME": "Red Mountain", "wmType": "SECONDARY OVERHEAD", "WKT": "LINESTRING (-78.9392600464222 36.29536376403621, -78.93952796895223 36.295313411054686)" }, "geometry": { "type": "LineString", "coordinates": [ [ -78.939260046422206, 36.29536376403621 ], [ -78.939527968952234, 36.295313411054686 ] ] } },
{ "type": "Feature", "properties": { "FEEDER_NAME": "TIMBERLAKE", "SUBSTATION_NAME": "Red Mountain", "wmType": "SECONDARY OVERHEAD", "WKT": "LINESTRING (-78.93952796895223 36.295313411054686, -78.93981658785779 36.29522021953732)" }, "geometry": { "type": "LineString", "coordinates": [ [ -78.939527968952234, 36.295313411054686 ], [ -78.939816587857791, 36.29522021953732 ] ] } },
{ "type": "Feature", "properties": { "FEEDER_NAME": "TIMBERLAKE", "SUBSTATION_NAME": "Red Mountain", "wmType": "SECONDARY OVERHEAD", "WKT": "LINESTRING (-78.9392600464222 36.29536376403621, -78.93935217301564 36.295583465189324)" }, "geometry": { "type": "LineString", "coordinates": [ [ -78.939260046422206, 36.29536376403621 ], [ -78.939352173015635, 36.295583465189324 ] ] } },
{ "type": "Feature", "properties": { "FEEDER_NAME": "TIMBERLAKE", "SUBSTATION_NAME": "Red Mountain", "wmType": "SECONDARY OVERHEAD", "WKT": "LINESTRING (-78.93935217301564 36.295583465189324, -78.9394798169307 36.29581428060008)" }, "geometry": { "type": "LineString", "coordinates": [ [ -78.939352173015635, 36.295583465189324 ], [ -78.939479816930699, 36.295814280600077 ] ] } },
{ "type": "Feature", "properties": { "FEEDER_NAME": "TIMBERLAKE", "SUBSTATION_NAME": "Red Mountain", "wmType": "SECONDARY OVERHEAD", "WKT": "LINESTRING (-78.93935217301564 36.295583465189324, -78.93970201190761 36.29552499506535)" }, "geometry": { "type": "LineString", "coordinates": [ [ -78.939352173015635, 36.295583465189324 ], [ -78.939702011907613, 36.29552499506535 ] ] } },
{ "type": "Feature", "properties": { "FEEDER_NAME": "TIMBERLAKE", "SUBSTATION_NAME": "Red Mountain", "wmType": "SECONDARY OVERHEAD", "WKT": "LINESTRING (-78.93923663681792 36.29738039699752, -78.93927140471199 36.297576145730524)" }, "geometry": { "type": "LineString", "coordinates": [ [ -78.939236636817924, 36.297380396997518 ], [ -78.939271404711988, 36.297576145730524 ] ] } },
{ "type": "Feature", "properties": { "FEEDER_NAME": "TIMBERLAKE", "SUBSTATION_NAME": "Red Mountain", "wmType": "SECONDARY OVERHEAD", "WKT": "LINESTRING (-78.93923663681792 36.29738039699752, -78.93880579337568 36.29712707205731)" }, "geometry": { "type": "LineString", "coordinates": [ [ -78.939236636817924, 36.297380396997518 ], [ -78.938805793375678, 36.297127072057307 ] ] } },
{ "type": "Feature", "properties": { "FEEDER_NAME": "TIMBERLAKE", "SUBSTATION_NAME": "Red Mountain", "wmType": "SECONDARY OVERHEAD", "WKT": "LINESTRING (-78.93923663681792 36.29738039699752, -78.93931408889192 36.297399222605094)" }, "geometry": { "type": "LineString", "coordinates": [ [ -78.939236636817924, 36.297380396997518 ], [ -78.939314088891919, 36.297399222605094 ] ] } },
{ "type": "Feature", "properties": { "FEEDER_NAME": "TIMBERLAKE", "SUBSTATION_NAME": "Red Mountain", "wmType": "SECONDARY OVERHEAD", "WKT": "LINESTRING (-78.93850111006884 36.297319272751714, -78.93876592578931 36.297526123651174)" }, "geometry": { "type": "LineString", "coordinates": [ [ -78.938501110068842, 36.297319272751714 ], [ -78.938765925789312, 36.297526123651174 ] ] } },
{ "type": "Feature", "properties": { "FEEDER_NAME": "TIMBERLAKE", "SUBSTATION_NAME": "Red Mountain", "wmType": "SECONDARY OVERHEAD", "WKT": "LINESTRING (-78.93597300055333 36.29939298924877, -78.93583209993942 36.299288802693596)" }, "geometry": { "type": "LineString", "coordinates": [ [ -78.935973000553332, 36.299392989248773 ], [ -78.935832099939418, 36.299288802693596 ] ] } },
{ "type": "Feature", "properties": { "FEEDER_NAME": "TIMBERLAKE", "SUBSTATION_NAME": "Red Mountain", "wmType": "SECONDARY OVERHEAD", "WKT": "LINESTRING (-78.93597300055333 36.29939298924877, -78.93592901849013 36.29901597879945)" }, "geometry": { "type": "LineString", "coordinates": [ [ -78.935973000553332, 36.299392989248773 ], [ -78.935929018490128, 36.299015978799453 ] ] } },
{ "type": "Feature", "properties": { "FEEDER_NAME": "TIMBERLAKE", "SUBSTATION_NAME": "Red Mountain", "wmType": "SECONDARY OVERHEAD", "WKT": "LINESTRING (-78.93823468964439 36.30118907483051, -78.93855182768057 36.30119266753094)" }, "geometry": { "type": "LineString", "coordinates": [ [ -78.938234689644389, 36.301189074830511 ], [ -78.93855182768057, 36.301192667530941 ] ] } },
{ "type": "Feature", "properties": { "FEEDER_NAME": "TIMBERLAKE", "SUBSTATION_NAME": "Red Mountain", "wmType": "SECONDARY OVERHEAD", "WKT": "LINESTRING (-78.93715213450774 36.299945964444795, -78.93748123994037 36.300219834357364)" }, "geometry": { "type": "LineString", "coordinates": [ [ -78.937152134507741, 36.299945964444795 ], [ -78.937481239940368, 36.300219834357364 ] ] } },
{ "type": "Feature", "properties": { "FEEDER_NAME": "TIMBERLAKE", "SUBSTATION_NAME": "Red Mountain", "wmType": "SECONDARY OVERHEAD", "WKT": "LINESTRING (-78.93545322842654 36.29748231748783, -78.93529527918322 36.29747624338093)" }, "geometry": { "type": "LineString", "coordinates": [ [ -78.935453228426539, 36.297482317487827 ], [ -78.935295279183222, 36.297476243380927 ] ] } },
{ "type": "Feature", "properties": { "FEEDER_NAME": "TIMBERLAKE", "SUBSTATION_NAME": "Red Mountain", "wmType": "SECONDARY OVERHEAD", "WKT": "LINESTRING (-78.93398364723969 36.29656588697626, -78.93418569179927 36.29649748261924)" }, "geometry": { "type": "LineString", "coordinates": [ [ -78.933983647239685, 36.296565886976261 ], [ -78.934185691799271, 36.296497482619237 ] ] } },
{ "type": "Feature", "properties": { "FEEDER_NAME": "TIMBERLAKE", "SUBSTATION_NAME": "Red Mountain", "wmType": "SECONDARY OVERHEAD", "WKT": "LINESTRING (-78.93444141181403 36.2964110997681, -78.9346464256357 36.29631265355083)" }, "geometry": { "type": "LineString", "coordinates": [ [ -78.934441411814035, 36.2964110997681 ], [ -78.934646425635705, 36.296312653550828 ] ] } },
{ "type": "Feature", "properties": { "FEEDER_NAME": "TIMBERLAKE", "SUBSTATION_NAME": "Red Mountain", "wmType": "SECONDARY OVERHEAD", "WKT": "LINESTRING (-78.92985865004486 36.29378871762533, -78.92979057093564 36.294078540717464)" }, "geometry": { "type": "LineString", "coordinates": [ [ -78.929858650044864, 36.293788717625333 ], [ -78.929790570935637, 36.294078540717464 ] ] } },
{ "type": "Feature", "properties": { "FEEDER_NAME": "TIMBERLAKE", "SUBSTATION_NAME": "Red Mountain", "wmType": "SECONDARY OVERHEAD", "WKT": "LINESTRING (-78.92979057093564 36.294078540717464, -78.92965818473536 36.29413073005842)" }, "geometry": { "type": "LineString", "coordinates": [ [ -78.929790570935637, 36.294078540717464 ], [ -78.929658184735359, 36.29413073005842 ] ] } },
{ "type": "Feature", "properties": { "FEEDER_NAME": "TIMBERLAKE", "SUBSTATION_NAME": "Red Mountain", "wmType": "SECONDARY OVERHEAD", "WKT": "LINESTRING (-78.92681594373514 36.289924432849844, -78.92699622552277 36.28975341866488)" }, "geometry": { "type": "LineString", "coordinates": [ [ -78.926815943735136, 36.289924432849844 ], [ -78.926996225522771, 36.28975341866488 ] ] } },
{ "type": "Feature", "properties": { "FEEDER_NAME": "TIMBERLAKE", "SUBSTATION_NAME": "Red Mountain", "wmType": "SECONDARY OVERHEAD", "WKT": "LINESTRING (-78.92699622552277 36.28975341866488, -78.92713569327508 36.28972982551347)" }, "geometry": { "type": "LineString", "coordinates": [ [ -78.926996225522771, 36.28975341866488 ], [ -78.927135693275076, 36.289729825513469 ] ] } },
{ "type": "Feature", "properties": { "FEEDER_NAME": "TIMBERLAKE", "SUBSTATION_NAME": "Red Mountain", "wmType": "SECONDARY OVERHEAD", "WKT": "LINESTRING (-78.92713569327508 36.28972982551347, -78.9272963184288 36.28948715988202)" }, "geometry": { "type": "LineString", "coordinates": [ [ -78.927135693275076, 36.289729825513469 ], [ -78.927296318428802, 36.289487159882022 ] ] } },
{ "type": "Feature", "properties": { "FEEDER_NAME": "TIMBERLAKE", "SUBSTATION_NAME": "Red Mountain", "wmType": "SECONDARY OVERHEAD", "WKT": "LINESTRING (-78.93949206349419 36.2896890813999, -78.93962177799025 36.28945589249269)" }, "geometry": { "type": "LineString", "coordinates": [ [ -78.939492063494185, 36.289689081399899 ], [ -78.939621777990254, 36.28945589249269 ] ] } },
{ "type": "Feature", "properties": { "FEEDER_NAME": "TIMBERLAKE", "SUBSTATION_NAME": "Red Mountain", "wmType": "SECONDARY OVERHEAD", "WKT": "LINESTRING (-78.9382970434984 36.2886145134541, -78.93860488262638 36.28860252667601)" }, "geometry": { "type": "LineString", "coordinates": [ [ -78.938297043498395, 36.2886145134541 ], [ -78.938604882626379, 36.288602526676009 ] ] } },
{ "type": "Feature", "properties": { "FEEDER_NAME": "TIMBERLAKE", "SUBSTATION_NAME": "Red Mountain", "wmType": "SECONDARY OVERHEAD", "WKT": "LINESTRING (-78.9373575720452 36.28927196233502, -78.93763290653361 36.28920035072638)" }, "geometry": { "type": "LineString", "coordinates": [ [ -78.937357572045201, 36.289271962335022 ], [ -78.937632906533608, 36.289200350726382 ] ] } },
{ "type": "Feature", "properties": { "FEEDER_NAME": "TIMBERLAKE", "SUBSTATION_NAME": "Red Mountain", "wmType": "SECONDARY OVERHEAD", "WKT": "LINESTRING (-78.9329353837463 36.28878249013362, -78.93308653032612 36.28858241747025)" }, "geometry": { "type": "LineString", "coordinates": [ [ -78.932935383746297, 36.28878249013362 ], [ -78.933086530326122, 36.288582417470252 ] ] } },
{ "type": "Feature", "properties": { "FEEDER_NAME": "TIMBERLAKE", "SUBSTATION_NAME": "Red Mountain", "wmType": "SECONDARY OVERHEAD", "WKT": "LINESTRING (-78.92579851368916 36.28751232600086, -78.9260822195796 36.287213322703685)" }, "geometry": { "type": "LineString", "coordinates": [ [ -78.925798513689159, 36.287512326000858 ], [ -78.926082219579598, 36.287213322703685 ] ] } },
{ "type": "Feature", "properties": { "FEEDER_NAME": "TIMBERLAKE", "SUBSTATION_NAME": "Red Mountain", "wmType": "SECONDARY OVERHEAD", "WKT": "LINESTRING (-78.92212402648727 36.28690628743606, -78.92213035074532 36.28694573786545)" }, "geometry": { "type": "LineString", "coordinates": [ [ -78.922124026487268, 36.286906287436061 ], [ -78.92213035074532, 36.286945737865452 ] ] } },
{ "type": "Feature", "properties": { "FEEDER_NAME": "TIMBERLAKE", "SUBSTATION_NAME": "Red Mountain", "wmType": "SECONDARY OVERHEAD", "WKT": "LINESTRING (-78.9137777785056 36.28233331384967, -78.914010705085 36.28214796179428)" }, "geometry": { "type": "LineString", "coordinates": [ [ -78.913777778505604, 36.282333313849669 ], [ -78.914010705085005, 36.28214796179428 ] ] } },
{ "type": "Feature", "properties": { "FEEDER_NAME": "TIMBERLAKE", "SUBSTATION_NAME": "Red Mountain", "wmType": "SECONDARY OVERHEAD", "WKT": "LINESTRING (-78.91296152243923 36.28143422212382, -78.91278989564546 36.281639940650486)" }, "geometry": { "type": "LineString", "coordinates": [ [ -78.912961522439232, 36.281434222123821 ], [ -78.91278989564546, 36.281639940650486 ] ] } },
{ "type": "Feature", "properties": { "FEEDER_NAME": "TIMBERLAKE", "SUBSTATION_NAME": "Red Mountain", "wmType": "SECONDARY OVERHEAD", "WKT": "LINESTRING (-78.91296152243923 36.28143422212382, -78.91306300028704 36.28167702362358)" }, "geometry": { "type": "LineString", "coordinates": [ [ -78.912961522439232, 36.281434222123821 ], [ -78.913063000287039, 36.28167702362358 ] ] } },
{ "type": "Feature", "properties": { "FEEDER_NAME": "TIMBERLAKE", "SUBSTATION_NAME": "Red Mountain", "wmType": "SECONDARY OVERHEAD", "WKT": "LINESTRING (-78.91200155780568 36.28129776527202, -78.91198147358485 36.28157802814998)" }, "geometry": { "type": "LineString", "coordinates": [ [ -78.912001557805681, 36.281297765272022 ], [ -78.911981473584845, 36.28157802814998 ] ] } },
{ "type": "Feature", "properties": { "FEEDER_NAME": "TIMBERLAKE", "SUBSTATION_NAME": "Red Mountain", "wmType": "SECONDARY OVERHEAD", "WKT": "LINESTRING (-78.91198147358485 36.28157802814998, -78.91205149461737 36.28185015148496)" }, "geometry": { "type": "LineString", "coordinates": [ [ -78.911981473584845, 36.28157802814998 ], [ -78.912051494617373, 36.28185015148496 ] ] } },
{ "type": "Feature", "properties": { "FEEDER_NAME": "TIMBERLAKE", "SUBSTATION_NAME": "Red Mountain", "wmType": "SECONDARY OVERHEAD", "WKT": "LINESTRING (-78.91200155780568 36.28129776527202, -78.91223672422743 36.281237367695)" }, "geometry": { "type": "LineString", "coordinates": [ [ -78.912001557805681, 36.281297765272022 ], [ -78.912236724227427, 36.281237367694999 ] ] } },
{ "type": "Feature", "properties": { "FEEDER_NAME": "TIMBERLAKE", "SUBSTATION_NAME": "Red Mountain", "wmType": "SECONDARY OVERHEAD", "WKT": "LINESTRING (-78.91200155780568 36.28129776527202, -78.91168614151509 36.281250239244216)" }, "geometry": { "type": "LineString", "coordinates": [ [ -78.912001557805681, 36.281297765272022 ], [ -78.911686141515091, 36.281250239244216 ] ] } },
{ "type": "Feature", "properties": { "FEEDER_NAME": "TIMBERLAKE", "SUBSTATION_NAME": "Red Mountain", "wmType": "SECONDARY OVERHEAD", "WKT": "LINESTRING (-78.90885624842038 36.27946165790846, -78.90884816438121 36.27930394766041)" }, "geometry": { "type": "LineString", "coordinates": [ [ -78.908856248420378, 36.279461657908463 ], [ -78.908848164381212, 36.279303947660409 ] ] } },
{ "type": "Feature", "properties": { "FEEDER_NAME": "TIMBERLAKE", "SUBSTATION_NAME": "Red Mountain", "wmType": "SECONDARY OVERHEAD", "WKT": "LINESTRING (-78.90885624842038 36.27946165790846, -78.90867120154213 36.27969177967389)" }, "geometry": { "type": "LineString", "coordinates": [ [ -78.908856248420378, 36.279461657908463 ], [ -78.908671201542134, 36.27969177967389 ] ] } },
{ "type": "Feature", "properties": { "FEEDER_NAME": "TIMBERLAKE", "SUBSTATION_NAME": "Red Mountain", "wmType": "SECONDARY OVERHEAD", "WKT": "LINESTRING (-78.90867120154213 36.27969177967389, -78.9085416823876 36.27986427002203)" }, "geometry": { "type": "LineString", "coordinates": [ [ -78.908671201542134, 36.27969177967389 ], [ -78.908541682387593, 36.279864270022031 ] ] } }
]
}
