{
"type": "FeatureCollection",
"name": "Westbrook_Jones_Ferry_Rd__N_E_overhead",
"crs": { "type": "name", "properties": { "name": "urn:ogc:def:crs:OGC:1.3:CRS84" } },
"features": [
{ "type": "Feature", "properties": { "FEEDER_NAME": "Jones Ferry Rd. N.E.", "SUBSTATION_NAME": "Westbrook", "wmType": "SECONDARY OVERHEAD", "WKT": "LINESTRING (-79.1128868912136 35.88771490308926, -79.11328333747718 35.887694975340004)" }, "geometry": { "type": "LineString", "coordinates": [ [ -79.112886891213606, 35.887714903089261 ], [ -79.113283337477185, 35.887694975340004 ] ] } },
{ "type": "Feature", "properties": { "FEEDER_NAME": "Jones Ferry Rd. N.E.", "SUBSTATION_NAME": "Westbrook", "wmType": "SECONDARY OVERHEAD", "WKT": "LINESTRING (-79.11310279364417 35.88919516589677, -79.11293794050235 35.88919084361973)" }, "geometry": { "type": "LineString", "coordinates": [ [ -79.113102793644174, 35.889195165896773 ], [ -79.112937940502349, 35.88919084361973 ] ] } },
{ "type": "Feature", "properties": { "FEEDER_NAME": "Jones Ferry Rd. N.E.", "SUBSTATION_NAME": "Westbrook", "wmType": "SECONDARY OVERHEAD", "WKT": "LINESTRING (-79.09419397313873 35.91157086554008, -79.094504620396 35.91154254977583)" }, "geometry": { "type": "LineString", "coordinates": [ [ -79.094193973138729, 35.911570865540078 ], [ -79.094504620395995, 35.911542549775831 ] ] } },
{ "type": "Feature", "properties": { "FEEDER_NAME": "Jones Ferry Rd. N.E.", "SUBSTATION_NAME": "Westbrook", "wmType": "SECONDARY OVERHEAD", "WKT": "LINESTRING (-79.1078137205593 35.88389626505708, -79.10781400816417 35.88411176756082)" }, "geometry": { "type": "LineString", "coordinates": [ [ -79.107813720559307, 35.883896265057082 ], [ -79.107814008164169, 35.884111767560817 ] ] } },
{ "type": "Feature", "properties": { "FEEDER_NAME": "Jones Ferry Rd. N.E.", "SUBSTATION_NAME": "Westbrook", "wmType": "SECONDARY OVERHEAD", "WKT": "LINESTRING (-79.10781400816417 35.88411176756082, -79.10770659671756 35.88416236024246)" }, "geometry": { "type": "LineString", "coordinates": [ [ -79.107814008164169, 35.884111767560817 ], [ -79.107706596717563, 35.884162360242463 ] ] } },
{ "type": "Feature", "properties": { "FEEDER_NAME": "Jones Ferry Rd. N.E.", "SUBSTATION_NAME": "Westbrook", "wmType": "PRIMARY OVERHEAD", "WKT": "LINESTRING (-79.11403309249094 35.89143909313527, -79.11400694478006 35.8913594706561)" }, "geometry": { "type": "LineString", "coordinates": [ [ -79.114033092490942, 35.891439093135268 ], [ -79.114006944780058, 35.891359470656099 ] ] } },
{ "type": "Feature", "properties": { "FEEDER_NAME": "Jones Ferry Rd. N.E.", "SUBSTATION_NAME": "Westbrook", "wmType": "PRIMARY OVERHEAD", "WKT": "LINESTRING (-79.11400694478006 35.8913594706561, -79.1138444007261 35.89086450064485)" }, "geometry": { "type": "LineString", "coordinates": [ [ -79.114006944780058, 35.891359470656099 ], [ -79.113844400726094, 35.890864500644852 ] ] } },
{ "type": "Feature", "properties": { "FEEDER_NAME": "Jones Ferry Rd. N.E.", "SUBSTATION_NAME": "Westbrook", "wmType": "PRIMARY OVERHEAD", "WKT": "LINESTRING (-79.10836276859969 35.896048834830395, -79.10831923374508 35.89609630662131)" }, "geometry": { "type": "LineString", "coordinates": [ [ -79.10836276859969, 35.896048834830395 ], [ -79.108319233745078, 35.89609630662131 ] ] } },
{ "type": "Feature", "properties": { "FEEDER_NAME": "Jones Ferry Rd. N.E.", "SUBSTATION_NAME": "Westbrook", "wmType": "PRIMARY OVERHEAD", "WKT": "LINESTRING (-79.11598222023042 35.89106109322077, -79.11599342848231 35.891057225860614)" }, "geometry": { "type": "LineString", "coordinates": [ [ -79.115982220230421, 35.89106109322077 ], [ -79.115993428482312, 35.891057225860614 ] ] } },
{ "type": "Feature", "properties": { "FEEDER_NAME": "Jones Ferry Rd. N.E.", "SUBSTATION_NAME": "Westbrook", "wmType": "SECONDARY OVERHEAD", "WKT": "LINESTRING (-79.10917311080706 35.895551034724534, -79.10926571099334 35.89574204626013)" }, "geometry": { "type": "LineString", "coordinates": [ [ -79.109173110807063, 35.895551034724534 ], [ -79.109265710993341, 35.895742046260132 ] ] } },
{ "type": "Feature", "properties": { "FEEDER_NAME": "Jones Ferry Rd. N.E.", "SUBSTATION_NAME": "Westbrook", "wmType": "SECONDARY OVERHEAD", "WKT": "LINESTRING (-79.10926571099334 35.89574204626013, -79.1093260980644 35.895949302014216)" }, "geometry": { "type": "LineString", "coordinates": [ [ -79.109265710993341, 35.895742046260132 ], [ -79.1093260980644, 35.895949302014216 ] ] } },
{ "type": "Feature", "properties": { "FEEDER_NAME": "Jones Ferry Rd. N.E.", "SUBSTATION_NAME": "Westbrook", "wmType": "SECONDARY OVERHEAD", "WKT": "LINESTRING (-79.10159296783813 35.90071908449622, -79.10167964875558 35.90065797492405)" }, "geometry": { "type": "LineString", "coordinates": [ [ -79.10159296783813, 35.900719084496217 ], [ -79.101679648755578, 35.900657974924052 ] ] } },
{ "type": "Feature", "properties": { "FEEDER_NAME": "Jones Ferry Rd. N.E.", "SUBSTATION_NAME": "Westbrook", "wmType": "SECONDARY OVERHEAD", "WKT": "LINESTRING (-79.10167964875558 35.90065797492405, -79.10167945556925 35.900671710092375)" }, "geometry": { "type": "LineString", "coordinates": [ [ -79.101679648755578, 35.900657974924052 ], [ -79.101679455569254, 35.900671710092375 ] ] } },
{ "type": "Feature", "properties": { "FEEDER_NAME": "Jones Ferry Rd. N.E.", "SUBSTATION_NAME": "Westbrook", "wmType": "PRIMARY OVERHEAD", "WKT": "LINESTRING (-79.0946223501086 35.904094549837104, -79.09455288069815 35.90409457574969)" }, "geometry": { "type": "LineString", "coordinates": [ [ -79.094622350108594, 35.904094549837104 ], [ -79.094552880698146, 35.904094575749689 ] ] } },
{ "type": "Feature", "properties": { "FEEDER_NAME": "Jones Ferry Rd. N.E.", "SUBSTATION_NAME": "Westbrook", "wmType": "PRIMARY OVERHEAD", "WKT": "LINESTRING (-79.0924238561922 35.90737615353829, -79.09247979981504 35.907363184648815)" }, "geometry": { "type": "LineString", "coordinates": [ [ -79.092423856192198, 35.907376153538287 ], [ -79.092479799815038, 35.907363184648815 ] ] } },
{ "type": "Feature", "properties": { "FEEDER_NAME": "Jones Ferry Rd. N.E.", "SUBSTATION_NAME": "Westbrook", "wmType": "PRIMARY OVERHEAD", "WKT": "LINESTRING (-79.0922202187858 35.906628153047606, -79.09218809513834 35.90663479830304)" }, "geometry": { "type": "LineString", "coordinates": [ [ -79.092220218785798, 35.906628153047606 ], [ -79.09218809513834, 35.906634798303038 ] ] } },
{ "type": "Feature", "properties": { "FEEDER_NAME": "Jones Ferry Rd. N.E.", "SUBSTATION_NAME": "Westbrook", "wmType": "PRIMARY OVERHEAD", "WKT": "LINESTRING (-79.09296983052647 35.9089205779865, -79.09295316193503 35.9089260228416)" }, "geometry": { "type": "LineString", "coordinates": [ [ -79.092969830526471, 35.9089205779865 ], [ -79.092953161935029, 35.908926022841598 ] ] } },
{ "type": "Feature", "properties": { "FEEDER_NAME": "Jones Ferry Rd. N.E.", "SUBSTATION_NAME": "Westbrook", "wmType": "SECONDARY OVERHEAD", "WKT": "LINESTRING (-79.09380595381023 35.90409485213791, -79.09373566147269 35.90389936169208)" }, "geometry": { "type": "LineString", "coordinates": [ [ -79.093805953810232, 35.904094852137909 ], [ -79.093735661472692, 35.903899361692083 ] ] } },
{ "type": "Feature", "properties": { "FEEDER_NAME": "Jones Ferry Rd. N.E.", "SUBSTATION_NAME": "Westbrook", "wmType": "SECONDARY OVERHEAD", "WKT": "LINESTRING (-79.09373566147269 35.90389936169208, -79.09359311348591 35.90383708547478)" }, "geometry": { "type": "LineString", "coordinates": [ [ -79.093735661472692, 35.903899361692083 ], [ -79.093593113485909, 35.903837085474777 ] ] } },
{ "type": "Feature", "properties": { "FEEDER_NAME": "Jones Ferry Rd. N.E.", "SUBSTATION_NAME": "Westbrook", "wmType": "SECONDARY OVERHEAD", "WKT": "LINESTRING (-79.10789168889796 35.899406647492206, -79.10781660062666 35.89943828484399)" }, "geometry": { "type": "LineString", "coordinates": [ [ -79.107891688897965, 35.899406647492206 ], [ -79.107816600626663, 35.899438284843988 ] ] } },
{ "type": "Feature", "properties": { "FEEDER_NAME": "Jones Ferry Rd. N.E.", "SUBSTATION_NAME": "Westbrook", "wmType": "SECONDARY OVERHEAD", "WKT": "LINESTRING (-79.1087626591118 35.89580548907294, -79.10884073037235 35.89601415065779)" }, "geometry": { "type": "LineString", "coordinates": [ [ -79.108762659111804, 35.895805489072941 ], [ -79.10884073037235, 35.896014150657791 ] ] } },
{ "type": "Feature", "properties": { "FEEDER_NAME": "Jones Ferry Rd. N.E.", "SUBSTATION_NAME": "Westbrook", "wmType": "SECONDARY OVERHEAD", "WKT": "LINESTRING (-79.10744686713788 35.894680443371094, -79.10746754400378 35.894640951458186)" }, "geometry": { "type": "LineString", "coordinates": [ [ -79.107446867137881, 35.894680443371094 ], [ -79.107467544003782, 35.894640951458186 ] ] } },
{ "type": "Feature", "properties": { "FEEDER_NAME": "Jones Ferry Rd. N.E.", "SUBSTATION_NAME": "Westbrook", "wmType": "SECONDARY OVERHEAD", "WKT": "LINESTRING (-79.11101542281845 35.890737055127296, -79.11097880572007 35.89055676250884)" }, "geometry": { "type": "LineString", "coordinates": [ [ -79.111015422818454, 35.890737055127296 ], [ -79.110978805720066, 35.890556762508837 ] ] } },
{ "type": "Feature", "properties": { "FEEDER_NAME": "Jones Ferry Rd. N.E.", "SUBSTATION_NAME": "Westbrook", "wmType": "SECONDARY OVERHEAD", "WKT": "LINESTRING (-79.11217377609601 35.891233842906146, -79.11218339495635 35.891260194660994, -79.11309469363167 35.89157886386397)" }, "geometry": { "type": "LineString", "coordinates": [ [ -79.112173776096014, 35.891233842906146 ], [ -79.112183394956347, 35.891260194660994 ], [ -79.113094693631666, 35.89157886386397 ] ] } },
{ "type": "Feature", "properties": { "FEEDER_NAME": "Jones Ferry Rd. N.E.", "SUBSTATION_NAME": "Westbrook", "wmType": "SECONDARY OVERHEAD", "WKT": "LINESTRING (-79.11217377609601 35.891233842906146, -79.11237642344105 35.89109676370905)" }, "geometry": { "type": "LineString", "coordinates": [ [ -79.112173776096014, 35.891233842906146 ], [ -79.112376423441049, 35.891096763709051 ] ] } },
{ "type": "Feature", "properties": { "FEEDER_NAME": "Jones Ferry Rd. N.E.", "SUBSTATION_NAME": "Westbrook", "wmType": "SECONDARY OVERHEAD", "WKT": "LINESTRING (-79.11237642344105 35.89109676370905, -79.11223327127007 35.89084406282039)" }, "geometry": { "type": "LineString", "coordinates": [ [ -79.112376423441049, 35.891096763709051 ], [ -79.112233271270071, 35.890844062820392 ] ] } },
{ "type": "Feature", "properties": { "FEEDER_NAME": "Jones Ferry Rd. N.E.", "SUBSTATION_NAME": "Westbrook", "wmType": "SECONDARY OVERHEAD", "WKT": "LINESTRING (-79.11476169070106 35.8901299741214, -79.11494861231913 35.88993205524262)" }, "geometry": { "type": "LineString", "coordinates": [ [ -79.114761690701059, 35.8901299741214 ], [ -79.114948612319125, 35.889932055242618 ] ] } },
{ "type": "Feature", "properties": { "FEEDER_NAME": "Jones Ferry Rd. N.E.", "SUBSTATION_NAME": "Westbrook", "wmType": "SECONDARY OVERHEAD", "WKT": "LINESTRING (-79.11494861231913 35.88993205524262, -79.11512038126324 35.88995216733966)" }, "geometry": { "type": "LineString", "coordinates": [ [ -79.114948612319125, 35.889932055242618 ], [ -79.115120381263239, 35.889952167339658 ] ] } },
{ "type": "Feature", "properties": { "FEEDER_NAME": "Jones Ferry Rd. N.E.", "SUBSTATION_NAME": "Westbrook", "wmType": "SECONDARY OVERHEAD", "WKT": "LINESTRING (-79.11476169070106 35.8901299741214, -79.11477006542663 35.889917085846065)" }, "geometry": { "type": "LineString", "coordinates": [ [ -79.114761690701059, 35.8901299741214 ], [ -79.114770065426626, 35.889917085846065 ] ] } },
{ "type": "Feature", "properties": { "FEEDER_NAME": "Jones Ferry Rd. N.E.", "SUBSTATION_NAME": "Westbrook", "wmType": "SECONDARY OVERHEAD", "WKT": "LINESTRING (-79.11477006542663 35.889917085846065, -79.11478643755143 35.88965457561412)" }, "geometry": { "type": "LineString", "coordinates": [ [ -79.114770065426626, 35.889917085846065 ], [ -79.11478643755143, 35.889654575614117 ] ] } },
{ "type": "Feature", "properties": { "FEEDER_NAME": "Jones Ferry Rd. N.E.", "SUBSTATION_NAME": "Westbrook", "wmType": "SECONDARY OVERHEAD", "WKT": "LINESTRING (-79.11478643755143 35.88965457561412, -79.11489446135089 35.889675825058646)" }, "geometry": { "type": "LineString", "coordinates": [ [ -79.11478643755143, 35.889654575614117 ], [ -79.114894461350886, 35.889675825058646 ] ] } },
{ "type": "Feature", "properties": { "FEEDER_NAME": "Jones Ferry Rd. N.E.", "SUBSTATION_NAME": "Westbrook", "wmType": "SECONDARY OVERHEAD", "WKT": "LINESTRING (-79.1133906012847 35.88949996877694, -79.11308131952475 35.88976910583089)" }, "geometry": { "type": "LineString", "coordinates": [ [ -79.113390601284706, 35.889499968776938 ], [ -79.113081319524753, 35.889769105830887 ] ] } },
{ "type": "Feature", "properties": { "FEEDER_NAME": "Jones Ferry Rd. N.E.", "SUBSTATION_NAME": "Westbrook", "wmType": "SECONDARY OVERHEAD", "WKT": "LINESTRING (-79.10943870315769 35.887436428887156, -79.10920955049043 35.88739224018651)" }, "geometry": { "type": "LineString", "coordinates": [ [ -79.109438703157693, 35.887436428887156 ], [ -79.109209550490434, 35.887392240186507 ] ] } },
{ "type": "Feature", "properties": { "FEEDER_NAME": "Jones Ferry Rd. N.E.", "SUBSTATION_NAME": "Westbrook", "wmType": "SECONDARY OVERHEAD", "WKT": "LINESTRING (-79.10920955049043 35.88739224018651, -79.10930677038796 35.88732401221737)" }, "geometry": { "type": "LineString", "coordinates": [ [ -79.109209550490434, 35.887392240186507 ], [ -79.10930677038796, 35.88732401221737 ] ] } },
{ "type": "Feature", "properties": { "FEEDER_NAME": "Jones Ferry Rd. N.E.", "SUBSTATION_NAME": "Westbrook", "wmType": "SECONDARY OVERHEAD", "WKT": "LINESTRING (-79.11018699348672 35.884201089756, -79.11021841458704 35.884071915103945)" }, "geometry": { "type": "LineString", "coordinates": [ [ -79.110186993486721, 35.884201089755997 ], [ -79.110218414587038, 35.884071915103945 ] ] } },
{ "type": "Feature", "properties": { "FEEDER_NAME": "Jones Ferry Rd. N.E.", "SUBSTATION_NAME": "Westbrook", "wmType": "SECONDARY OVERHEAD", "WKT": "LINESTRING (-79.11229721696684 35.88325127000254, -79.11213447368544 35.88313125677957)" }, "geometry": { "type": "LineString", "coordinates": [ [ -79.112297216966837, 35.883251270002539 ], [ -79.112134473685444, 35.883131256779571 ] ] } },
{ "type": "Feature", "properties": { "FEEDER_NAME": "Jones Ferry Rd. N.E.", "SUBSTATION_NAME": "Westbrook", "wmType": "SECONDARY OVERHEAD", "WKT": "LINESTRING (-79.11213447368544 35.88313125677957, -79.11212960885136 35.883080603001176)" }, "geometry": { "type": "LineString", "coordinates": [ [ -79.112134473685444, 35.883131256779571 ], [ -79.112129608851362, 35.883080603001176 ] ] } },
{ "type": "Feature", "properties": { "FEEDER_NAME": "Jones Ferry Rd. N.E.", "SUBSTATION_NAME": "Westbrook", "wmType": "SECONDARY OVERHEAD", "WKT": "LINESTRING (-79.11212960885136 35.883080603001176, -79.11189609288685 35.88309521318799)" }, "geometry": { "type": "LineString", "coordinates": [ [ -79.112129608851362, 35.883080603001176 ], [ -79.111896092886852, 35.883095213187993 ] ] } },
{ "type": "Feature", "properties": { "FEEDER_NAME": "Jones Ferry Rd. N.E.", "SUBSTATION_NAME": "Westbrook", "wmType": "SECONDARY OVERHEAD", "WKT": "LINESTRING (-79.11229721696684 35.88325127000254, -79.11215803869479 35.88335219268331)" }, "geometry": { "type": "LineString", "coordinates": [ [ -79.112297216966837, 35.883251270002539 ], [ -79.112158038694787, 35.883352192683311 ] ] } },
{ "type": "Feature", "properties": { "FEEDER_NAME": "Jones Ferry Rd. N.E.", "SUBSTATION_NAME": "Westbrook", "wmType": "SECONDARY OVERHEAD", "WKT": "LINESTRING (-79.11215803869479 35.88335219268331, -79.1122137243743 35.88343887112613)" }, "geometry": { "type": "LineString", "coordinates": [ [ -79.112158038694787, 35.883352192683311 ], [ -79.1122137243743, 35.883438871126131 ] ] } },
{ "type": "Feature", "properties": { "FEEDER_NAME": "Jones Ferry Rd. N.E.", "SUBSTATION_NAME": "Westbrook", "wmType": "SECONDARY OVERHEAD", "WKT": "LINESTRING (-79.1122137243743 35.88343887112613, -79.11232627816939 35.883563078294785)" }, "geometry": { "type": "LineString", "coordinates": [ [ -79.1122137243743, 35.883438871126131 ], [ -79.112326278169391, 35.883563078294785 ] ] } },
{ "type": "Feature", "properties": { "FEEDER_NAME": "Jones Ferry Rd. N.E.", "SUBSTATION_NAME": "Westbrook", "wmType": "SECONDARY OVERHEAD", "WKT": "LINESTRING (-79.11232627816939 35.883563078294785, -79.1121361877208 35.883661548471345)" }, "geometry": { "type": "LineString", "coordinates": [ [ -79.112326278169391, 35.883563078294785 ], [ -79.112136187720793, 35.883661548471345 ] ] } },
{ "type": "Feature", "properties": { "FEEDER_NAME": "Jones Ferry Rd. N.E.", "SUBSTATION_NAME": "Westbrook", "wmType": "SECONDARY OVERHEAD", "WKT": "LINESTRING (-79.1121361877208 35.883661548471345, -79.11200366367017 35.88379034963217)" }, "geometry": { "type": "LineString", "coordinates": [ [ -79.112136187720793, 35.883661548471345 ], [ -79.112003663670166, 35.883790349632172 ] ] } },
{ "type": "Feature", "properties": { "FEEDER_NAME": "Jones Ferry Rd. N.E.", "SUBSTATION_NAME": "Westbrook", "wmType": "SECONDARY OVERHEAD", "WKT": "LINESTRING (-79.11298700178102 35.8823650072088, -79.11312690062272 35.8821779399369)" }, "geometry": { "type": "LineString", "coordinates": [ [ -79.112987001781022, 35.882365007208797 ], [ -79.113126900622717, 35.882177939936902 ] ] } },
{ "type": "Feature", "properties": { "FEEDER_NAME": "Jones Ferry Rd. N.E.", "SUBSTATION_NAME": "Westbrook", "wmType": "SECONDARY OVERHEAD", "WKT": "LINESTRING (-79.11200258026845 35.882570344426384, -79.11190206833241 35.8827540042473)" }, "geometry": { "type": "LineString", "coordinates": [ [ -79.112002580268452, 35.882570344426384 ], [ -79.111902068332412, 35.882754004247303 ] ] } },
{ "type": "Feature", "properties": { "FEEDER_NAME": "Jones Ferry Rd. N.E.", "SUBSTATION_NAME": "Westbrook", "wmType": "SECONDARY OVERHEAD", "WKT": "LINESTRING (-79.11190206833241 35.8827540042473, -79.11188147850383 35.882877373124266)" }, "geometry": { "type": "LineString", "coordinates": [ [ -79.111902068332412, 35.882754004247303 ], [ -79.111881478503832, 35.882877373124266 ] ] } },
{ "type": "Feature", "properties": { "FEEDER_NAME": "Jones Ferry Rd. N.E.", "SUBSTATION_NAME": "Westbrook", "wmType": "SECONDARY OVERHEAD", "WKT": "LINESTRING (-79.11200258026845 35.882570344426384, -79.11210550422 35.88234937426902)" }, "geometry": { "type": "LineString", "coordinates": [ [ -79.112002580268452, 35.882570344426384 ], [ -79.112105504219997, 35.882349374269019 ] ] } },
{ "type": "Feature", "properties": { "FEEDER_NAME": "Jones Ferry Rd. N.E.", "SUBSTATION_NAME": "Westbrook", "wmType": "SECONDARY OVERHEAD", "WKT": "LINESTRING (-79.11200258026845 35.882570344426384, -79.11176074285865 35.8825474619973)" }, "geometry": { "type": "LineString", "coordinates": [ [ -79.112002580268452, 35.882570344426384 ], [ -79.11176074285865, 35.882547461997298 ] ] } },
{ "type": "Feature", "properties": { "FEEDER_NAME": "Jones Ferry Rd. N.E.", "SUBSTATION_NAME": "Westbrook", "wmType": "SECONDARY OVERHEAD", "WKT": "LINESTRING (-79.11200258026845 35.882570344426384, -79.1118422300038 35.882373571022946)" }, "geometry": { "type": "LineString", "coordinates": [ [ -79.112002580268452, 35.882570344426384 ], [ -79.111842230003802, 35.882373571022946 ] ] } },
{ "type": "Feature", "properties": { "FEEDER_NAME": "Jones Ferry Rd. N.E.", "SUBSTATION_NAME": "Westbrook", "wmType": "SECONDARY OVERHEAD", "WKT": "LINESTRING (-79.1118422300038 35.882373571022946, -79.11215742430298 35.882179713961705)" }, "geometry": { "type": "LineString", "coordinates": [ [ -79.111842230003802, 35.882373571022946 ], [ -79.112157424302978, 35.882179713961705 ] ] } },
{ "type": "Feature", "properties": { "FEEDER_NAME": "Jones Ferry Rd. N.E.", "SUBSTATION_NAME": "Westbrook", "wmType": "SECONDARY OVERHEAD", "WKT": "LINESTRING (-79.11157671827729 35.88346739431861, -79.11163364330399 35.883400585658286)" }, "geometry": { "type": "LineString", "coordinates": [ [ -79.111576718277291, 35.883467394318608 ], [ -79.111633643303989, 35.883400585658286 ] ] } },
{ "type": "Feature", "properties": { "FEEDER_NAME": "Jones Ferry Rd. N.E.", "SUBSTATION_NAME": "Westbrook", "wmType": "SECONDARY OVERHEAD", "WKT": "LINESTRING (-79.11157671827729 35.88346739431861, -79.11160556802075 35.88328657463925)" }, "geometry": { "type": "LineString", "coordinates": [ [ -79.111576718277291, 35.883467394318608 ], [ -79.11160556802075, 35.88328657463925 ] ] } },
{ "type": "Feature", "properties": { "FEEDER_NAME": "Jones Ferry Rd. N.E.", "SUBSTATION_NAME": "Westbrook", "wmType": "SECONDARY OVERHEAD", "WKT": "LINESTRING (-79.11160556802075 35.88328657463925, -79.1115883545266 35.883191070230005)" }, "geometry": { "type": "LineString", "coordinates": [ [ -79.11160556802075, 35.88328657463925 ], [ -79.111588354526603, 35.883191070230005 ] ] } },
{ "type": "Feature", "properties": { "FEEDER_NAME": "Jones Ferry Rd. N.E.", "SUBSTATION_NAME": "Westbrook", "wmType": "SECONDARY OVERHEAD", "WKT": "LINESTRING (-79.11157671827729 35.88346739431861, -79.11166808518591 35.88357816037502)" }, "geometry": { "type": "LineString", "coordinates": [ [ -79.111576718277291, 35.883467394318608 ], [ -79.111668085185912, 35.883578160375023 ] ] } },
{ "type": "Feature", "properties": { "FEEDER_NAME": "Jones Ferry Rd. N.E.", "SUBSTATION_NAME": "Westbrook", "wmType": "SECONDARY OVERHEAD", "WKT": "LINESTRING (-79.11166808518591 35.88357816037502, -79.11179544978121 35.883672135279646)" }, "geometry": { "type": "LineString", "coordinates": [ [ -79.111668085185912, 35.883578160375023 ], [ -79.111795449781212, 35.883672135279646 ] ] } },
{ "type": "Feature", "properties": { "FEEDER_NAME": "Jones Ferry Rd. N.E.", "SUBSTATION_NAME": "Westbrook", "wmType": "SECONDARY OVERHEAD", "WKT": "LINESTRING (-79.11179544978121 35.883672135279646, -79.11169340154132 35.88374728281155)" }, "geometry": { "type": "LineString", "coordinates": [ [ -79.111795449781212, 35.883672135279646 ], [ -79.111693401541316, 35.883747282811548 ] ] } },
{ "type": "Feature", "properties": { "FEEDER_NAME": "Jones Ferry Rd. N.E.", "SUBSTATION_NAME": "Westbrook", "wmType": "SECONDARY OVERHEAD", "WKT": "LINESTRING (-79.11153987976815 35.881773611598014, -79.11186638440785 35.88187473911238)" }, "geometry": { "type": "LineString", "coordinates": [ [ -79.111539879768145, 35.881773611598014 ], [ -79.111866384407847, 35.881874739112376 ] ] } },
{ "type": "Feature", "properties": { "FEEDER_NAME": "Jones Ferry Rd. N.E.", "SUBSTATION_NAME": "Westbrook", "wmType": "SECONDARY OVERHEAD", "WKT": "LINESTRING (-79.11153987976815 35.881773611598014, -79.11124145967622 35.881843305907)" }, "geometry": { "type": "LineString", "coordinates": [ [ -79.111539879768145, 35.881773611598014 ], [ -79.111241459676222, 35.881843305906997 ] ] } },
{ "type": "Feature", "properties": { "FEEDER_NAME": "Jones Ferry Rd. N.E.", "SUBSTATION_NAME": "Westbrook", "wmType": "SECONDARY OVERHEAD", "WKT": "LINESTRING (-79.11124145967622 35.881843305907, -79.11129510415144 35.88172320394007)" }, "geometry": { "type": "LineString", "coordinates": [ [ -79.111241459676222, 35.881843305906997 ], [ -79.111295104151438, 35.881723203940069 ] ] } },
{ "type": "Feature", "properties": { "FEEDER_NAME": "Jones Ferry Rd. N.E.", "SUBSTATION_NAME": "Westbrook", "wmType": "SECONDARY OVERHEAD", "WKT": "LINESTRING (-79.11124145967622 35.881843305907, -79.11128126838311 35.88199609615145)" }, "geometry": { "type": "LineString", "coordinates": [ [ -79.111241459676222, 35.881843305906997 ], [ -79.111281268383109, 35.881996096151447 ] ] } },
{ "type": "Feature", "properties": { "FEEDER_NAME": "Jones Ferry Rd. N.E.", "SUBSTATION_NAME": "Westbrook", "wmType": "SECONDARY OVERHEAD", "WKT": "LINESTRING (-79.11153987976815 35.881773611598014, -79.11174643112253 35.88157205218686)" }, "geometry": { "type": "LineString", "coordinates": [ [ -79.111539879768145, 35.881773611598014 ], [ -79.111746431122526, 35.881572052186861 ] ] } },
{ "type": "Feature", "properties": { "FEEDER_NAME": "Jones Ferry Rd. N.E.", "SUBSTATION_NAME": "Westbrook", "wmType": "SECONDARY OVERHEAD", "WKT": "LINESTRING (-79.11153987976815 35.881773611598014, -79.11115573056642 35.8816079206466)" }, "geometry": { "type": "LineString", "coordinates": [ [ -79.111539879768145, 35.881773611598014 ], [ -79.111155730566423, 35.881607920646601 ] ] } },
{ "type": "Feature", "properties": { "FEEDER_NAME": "Jones Ferry Rd. N.E.", "SUBSTATION_NAME": "Westbrook", "wmType": "SECONDARY OVERHEAD", "WKT": "LINESTRING (-79.11115573056642 35.8816079206466, -79.11101581462273 35.881564312770266)" }, "geometry": { "type": "LineString", "coordinates": [ [ -79.111155730566423, 35.881607920646601 ], [ -79.111015814622732, 35.881564312770266 ] ] } },
{ "type": "Feature", "properties": { "FEEDER_NAME": "Jones Ferry Rd. N.E.", "SUBSTATION_NAME": "Westbrook", "wmType": "SECONDARY OVERHEAD", "WKT": "LINESTRING (-79.11173535525403 35.88225298503616, -79.11191426399517 35.88207809799777)" }, "geometry": { "type": "LineString", "coordinates": [ [ -79.111735355254027, 35.88225298503616 ], [ -79.111914263995175, 35.88207809799777 ] ] } },
{ "type": "Feature", "properties": { "FEEDER_NAME": "Jones Ferry Rd. N.E.", "SUBSTATION_NAME": "Westbrook", "wmType": "SECONDARY OVERHEAD", "WKT": "LINESTRING (-79.11191426399517 35.88207809799777, -79.11190146362519 35.881976023480405)" }, "geometry": { "type": "LineString", "coordinates": [ [ -79.111914263995175, 35.88207809799777 ], [ -79.111901463625188, 35.881976023480405 ] ] } },
{ "type": "Feature", "properties": { "FEEDER_NAME": "Jones Ferry Rd. N.E.", "SUBSTATION_NAME": "Westbrook", "wmType": "SECONDARY OVERHEAD", "WKT": "LINESTRING (-79.11173535525403 35.88225298503616, -79.11124892519646 35.88218974920659)" }, "geometry": { "type": "LineString", "coordinates": [ [ -79.111735355254027, 35.88225298503616 ], [ -79.111248925196463, 35.882189749206589 ] ] } },
{ "type": "Feature", "properties": { "FEEDER_NAME": "Jones Ferry Rd. N.E.", "SUBSTATION_NAME": "Westbrook", "wmType": "SECONDARY OVERHEAD", "WKT": "LINESTRING (-79.11124892519646 35.88218974920659, -79.11125173762358 35.88207505012282)" }, "geometry": { "type": "LineString", "coordinates": [ [ -79.111248925196463, 35.882189749206589 ], [ -79.111251737623576, 35.882075050122822 ] ] } },
{ "type": "Feature", "properties": { "FEEDER_NAME": "Jones Ferry Rd. N.E.", "SUBSTATION_NAME": "Westbrook", "wmType": "SECONDARY OVERHEAD", "WKT": "LINESTRING (-79.11124892519646 35.88218974920659, -79.11121306820037 35.8823813720824)" }, "geometry": { "type": "LineString", "coordinates": [ [ -79.111248925196463, 35.882189749206589 ], [ -79.111213068200371, 35.882381372082399 ] ] } },
{ "type": "Feature", "properties": { "FEEDER_NAME": "Jones Ferry Rd. N.E.", "SUBSTATION_NAME": "Westbrook", "wmType": "SECONDARY OVERHEAD", "WKT": "LINESTRING (-79.11121306820037 35.8823813720824, -79.1112584598661 35.88249533949458)" }, "geometry": { "type": "LineString", "coordinates": [ [ -79.111213068200371, 35.882381372082399 ], [ -79.111258459866093, 35.882495339494582 ] ] } },
{ "type": "Feature", "properties": { "FEEDER_NAME": "Jones Ferry Rd. N.E.", "SUBSTATION_NAME": "Westbrook", "wmType": "SECONDARY OVERHEAD", "WKT": "LINESTRING (-79.11125875146105 35.88278025216156, -79.11132908344523 35.882839994567284)" }, "geometry": { "type": "LineString", "coordinates": [ [ -79.111258751461051, 35.88278025216156 ], [ -79.111329083445227, 35.882839994567284 ] ] } },
{ "type": "Feature", "properties": { "FEEDER_NAME": "Jones Ferry Rd. N.E.", "SUBSTATION_NAME": "Westbrook", "wmType": "SECONDARY OVERHEAD", "WKT": "LINESTRING (-79.11132908344523 35.882839994567284, -79.1114423051118 35.88303486033623)" }, "geometry": { "type": "LineString", "coordinates": [ [ -79.111329083445227, 35.882839994567284 ], [ -79.111442305111794, 35.883034860336231 ] ] } },
{ "type": "Feature", "properties": { "FEEDER_NAME": "Jones Ferry Rd. N.E.", "SUBSTATION_NAME": "Westbrook", "wmType": "SECONDARY OVERHEAD", "WKT": "LINESTRING (-79.10902374764008 35.88337225921225, -79.10882442174962 35.88365698319924)" }, "geometry": { "type": "LineString", "coordinates": [ [ -79.10902374764008, 35.883372259212251 ], [ -79.108824421749617, 35.883656983199238 ] ] } },
{ "type": "Feature", "properties": { "FEEDER_NAME": "Jones Ferry Rd. N.E.", "SUBSTATION_NAME": "Westbrook", "wmType": "SECONDARY OVERHEAD", "WKT": "LINESTRING (-79.10882442174962 35.88365698319924, -79.10890372887945 35.884016256462836)" }, "geometry": { "type": "LineString", "coordinates": [ [ -79.108824421749617, 35.883656983199238 ], [ -79.108903728879454, 35.884016256462836 ] ] } },
{ "type": "Feature", "properties": { "FEEDER_NAME": "Jones Ferry Rd. N.E.", "SUBSTATION_NAME": "Westbrook", "wmType": "SECONDARY OVERHEAD", "WKT": "LINESTRING (-79.10690044934506 35.88028985057919, -79.10703535458248 35.880045615237385)" }, "geometry": { "type": "LineString", "coordinates": [ [ -79.106900449345062, 35.880289850579189 ], [ -79.107035354582479, 35.880045615237385 ] ] } },
{ "type": "Feature", "properties": { "FEEDER_NAME": "Jones Ferry Rd. N.E.", "SUBSTATION_NAME": "Westbrook", "wmType": "SECONDARY OVERHEAD", "WKT": "LINESTRING (-79.10703535458248 35.880045615237385, -79.10717108795143 35.8801315615429)" }, "geometry": { "type": "LineString", "coordinates": [ [ -79.107035354582479, 35.880045615237385 ], [ -79.107171087951428, 35.880131561542903 ] ] } },
{ "type": "Feature", "properties": { "FEEDER_NAME": "Jones Ferry Rd. N.E.", "SUBSTATION_NAME": "Westbrook", "wmType": "SECONDARY OVERHEAD", "WKT": "LINESTRING (-79.10690044934506 35.88028985057919, -79.10716477593607 35.88034082583946)" }, "geometry": { "type": "LineString", "coordinates": [ [ -79.106900449345062, 35.880289850579189 ], [ -79.10716477593607, 35.880340825839461 ] ] } },
{ "type": "Feature", "properties": { "FEEDER_NAME": "Jones Ferry Rd. N.E.", "SUBSTATION_NAME": "Westbrook", "wmType": "SECONDARY OVERHEAD", "WKT": "LINESTRING (-79.10893278413333 35.88563584416197, -79.10911672102402 35.885562282384)" }, "geometry": { "type": "LineString", "coordinates": [ [ -79.10893278413333, 35.885635844161968 ], [ -79.109116721024023, 35.885562282384001 ] ] } },
{ "type": "Feature", "properties": { "FEEDER_NAME": "Jones Ferry Rd. N.E.", "SUBSTATION_NAME": "Westbrook", "wmType": "SECONDARY OVERHEAD", "WKT": "LINESTRING (-79.10893278413333 35.88563584416197, -79.10941385703687 35.88593628394415)" }, "geometry": { "type": "LineString", "coordinates": [ [ -79.10893278413333, 35.885635844161968 ], [ -79.10941385703687, 35.885936283944147 ] ] } },
{ "type": "Feature", "properties": { "FEEDER_NAME": "Jones Ferry Rd. N.E.", "SUBSTATION_NAME": "Westbrook", "wmType": "SECONDARY OVERHEAD", "WKT": "LINESTRING (-79.10893278413333 35.88563584416197, -79.10951859299361 35.885853996683416)" }, "geometry": { "type": "LineString", "coordinates": [ [ -79.10893278413333, 35.885635844161968 ], [ -79.109518592993609, 35.885853996683416 ] ] } },
{ "type": "Feature", "properties": { "FEEDER_NAME": "Jones Ferry Rd. N.E.", "SUBSTATION_NAME": "Westbrook", "wmType": "SECONDARY OVERHEAD", "WKT": "LINESTRING (-79.10893278413333 35.88563584416197, -79.10875925910054 35.88573237080269)" }, "geometry": { "type": "LineString", "coordinates": [ [ -79.10893278413333, 35.885635844161968 ], [ -79.108759259100538, 35.885732370802693 ] ] } },
{ "type": "Feature", "properties": { "FEEDER_NAME": "Jones Ferry Rd. N.E.", "SUBSTATION_NAME": "Westbrook", "wmType": "SECONDARY OVERHEAD", "WKT": "LINESTRING (-79.10875925910054 35.88573237080269, -79.10879829542979 35.88594120586199)" }, "geometry": { "type": "LineString", "coordinates": [ [ -79.108759259100538, 35.885732370802693 ], [ -79.108798295429793, 35.88594120586199 ] ] } },
{ "type": "Feature", "properties": { "FEEDER_NAME": "Jones Ferry Rd. N.E.", "SUBSTATION_NAME": "Westbrook", "wmType": "SECONDARY OVERHEAD", "WKT": "LINESTRING (-79.10906427892634 35.88678892000872, -79.10880642353023 35.88648692988105)" }, "geometry": { "type": "LineString", "coordinates": [ [ -79.10906427892634, 35.886788920008719 ], [ -79.108806423530226, 35.886486929881052 ] ] } },
{ "type": "Feature", "properties": { "FEEDER_NAME": "Jones Ferry Rd. N.E.", "SUBSTATION_NAME": "Westbrook", "wmType": "SECONDARY OVERHEAD", "WKT": "LINESTRING (-79.10906427892634 35.88678892000872, -79.10887992308864 35.88696710261048)" }, "geometry": { "type": "LineString", "coordinates": [ [ -79.10906427892634, 35.886788920008719 ], [ -79.108879923088637, 35.886967102610477 ] ] } },
{ "type": "Feature", "properties": { "FEEDER_NAME": "Jones Ferry Rd. N.E.", "SUBSTATION_NAME": "Westbrook", "wmType": "SECONDARY OVERHEAD", "WKT": "LINESTRING (-79.10906427892634 35.88678892000872, -79.10886905052435 35.8866651407049)" }, "geometry": { "type": "LineString", "coordinates": [ [ -79.10906427892634, 35.886788920008719 ], [ -79.108869050524348, 35.886665140704899 ] ] } },
{ "type": "Feature", "properties": { "FEEDER_NAME": "Jones Ferry Rd. N.E.", "SUBSTATION_NAME": "Westbrook", "wmType": "SECONDARY OVERHEAD", "WKT": "LINESTRING (-79.10906427892634 35.88678892000872, -79.10925019582051 35.886492934367695)" }, "geometry": { "type": "LineString", "coordinates": [ [ -79.10906427892634, 35.886788920008719 ], [ -79.109250195820508, 35.886492934367695 ] ] } },
{ "type": "Feature", "properties": { "FEEDER_NAME": "Jones Ferry Rd. N.E.", "SUBSTATION_NAME": "Westbrook", "wmType": "SECONDARY OVERHEAD", "WKT": "LINESTRING (-79.10925019582051 35.886492934367695, -79.1092606057243 35.88639692460122)" }, "geometry": { "type": "LineString", "coordinates": [ [ -79.109250195820508, 35.886492934367695 ], [ -79.109260605724302, 35.886396924601222 ] ] } },
{ "type": "Feature", "properties": { "FEEDER_NAME": "Jones Ferry Rd. N.E.", "SUBSTATION_NAME": "Westbrook", "wmType": "SECONDARY OVERHEAD", "WKT": "LINESTRING (-79.11002330177077 35.88717665000338, -79.10986796612426 35.886823032691844)" }, "geometry": { "type": "LineString", "coordinates": [ [ -79.110023301770767, 35.887176650003383 ], [ -79.109867966124256, 35.886823032691844 ] ] } },
{ "type": "Feature", "properties": { "FEEDER_NAME": "Jones Ferry Rd. N.E.", "SUBSTATION_NAME": "Westbrook", "wmType": "SECONDARY OVERHEAD", "WKT": "LINESTRING (-79.10986796612426 35.886823032691844, -79.10975099713475 35.886750481503945)" }, "geometry": { "type": "LineString", "coordinates": [ [ -79.109867966124256, 35.886823032691844 ], [ -79.109750997134753, 35.886750481503945 ] ] } },
{ "type": "Feature", "properties": { "FEEDER_NAME": "Jones Ferry Rd. N.E.", "SUBSTATION_NAME": "Westbrook", "wmType": "SECONDARY OVERHEAD", "WKT": "LINESTRING (-79.10986796612426 35.886823032691844, -79.10977065843376 35.88706223717212)" }, "geometry": { "type": "LineString", "coordinates": [ [ -79.109867966124256, 35.886823032691844 ], [ -79.10977065843376, 35.887062237172117 ] ] } },
{ "type": "Feature", "properties": { "FEEDER_NAME": "Jones Ferry Rd. N.E.", "SUBSTATION_NAME": "Westbrook", "wmType": "SECONDARY OVERHEAD", "WKT": "LINESTRING (-79.11059961297046 35.88875730701905, -79.11025991201625 35.88882698206761)" }, "geometry": { "type": "LineString", "coordinates": [ [ -79.110599612970461, 35.888757307019048 ], [ -79.110259912016247, 35.888826982067613 ] ] } },
{ "type": "Feature", "properties": { "FEEDER_NAME": "Jones Ferry Rd. N.E.", "SUBSTATION_NAME": "Westbrook", "wmType": "SECONDARY OVERHEAD", "WKT": "LINESTRING (-79.11025991201625 35.88882698206761, -79.10988159084619 35.88888660259432)" }, "geometry": { "type": "LineString", "coordinates": [ [ -79.110259912016247, 35.888826982067613 ], [ -79.109881590846186, 35.888886602594319 ] ] } },
{ "type": "Feature", "properties": { "FEEDER_NAME": "Jones Ferry Rd. N.E.", "SUBSTATION_NAME": "Westbrook", "wmType": "SECONDARY OVERHEAD", "WKT": "LINESTRING (-79.11059961297046 35.88875730701905, -79.1109547590996 35.88872479512569)" }, "geometry": { "type": "LineString", "coordinates": [ [ -79.110599612970461, 35.888757307019048 ], [ -79.110954759099599, 35.88872479512569 ] ] } },
{ "type": "Feature", "properties": { "FEEDER_NAME": "Jones Ferry Rd. N.E.", "SUBSTATION_NAME": "Westbrook", "wmType": "SECONDARY OVERHEAD", "WKT": "LINESTRING (-79.11059961297046 35.88875730701905, -79.11043957374181 35.88857253827544)" }, "geometry": { "type": "LineString", "coordinates": [ [ -79.110599612970461, 35.888757307019048 ], [ -79.110439573741814, 35.88857253827544 ] ] } },
{ "type": "Feature", "properties": { "FEEDER_NAME": "Jones Ferry Rd. N.E.", "SUBSTATION_NAME": "Westbrook", "wmType": "SECONDARY OVERHEAD", "WKT": "LINESTRING (-79.11043957374181 35.88857253827544, -79.11038903402024 35.888333866547406)" }, "geometry": { "type": "LineString", "coordinates": [ [ -79.110439573741814, 35.88857253827544 ], [ -79.110389034020244, 35.888333866547406 ] ] } },
{ "type": "Feature", "properties": { "FEEDER_NAME": "Jones Ferry Rd. N.E.", "SUBSTATION_NAME": "Westbrook", "wmType": "SECONDARY OVERHEAD", "WKT": "LINESTRING (-79.11059961297046 35.88875730701905, -79.11066061027532 35.888899529842355)" }, "geometry": { "type": "LineString", "coordinates": [ [ -79.110599612970461, 35.888757307019048 ], [ -79.110660610275318, 35.888899529842355 ] ] } },
{ "type": "Feature", "properties": { "FEEDER_NAME": "Jones Ferry Rd. N.E.", "SUBSTATION_NAME": "Westbrook", "wmType": "SECONDARY OVERHEAD", "WKT": "LINESTRING (-79.11066061027532 35.888899529842355, -79.11070534676186 35.888848521959474)" }, "geometry": { "type": "LineString", "coordinates": [ [ -79.110660610275318, 35.888899529842355 ], [ -79.110705346761861, 35.888848521959474 ] ] } },
{ "type": "Feature", "properties": { "FEEDER_NAME": "Jones Ferry Rd. N.E.", "SUBSTATION_NAME": "Westbrook", "wmType": "SECONDARY OVERHEAD", "WKT": "LINESTRING (-79.11347430431204 35.88703741961213, -79.1137752003436 35.88691648265732)" }, "geometry": { "type": "LineString", "coordinates": [ [ -79.113474304312035, 35.887037419612128 ], [ -79.113775200343596, 35.88691648265732 ] ] } },
{ "type": "Feature", "properties": { "FEEDER_NAME": "Jones Ferry Rd. N.E.", "SUBSTATION_NAME": "Westbrook", "wmType": "SECONDARY OVERHEAD", "WKT": "LINESTRING (-79.11159023440428 35.88680026155099, -79.1118287092552 35.886567609484985)" }, "geometry": { "type": "LineString", "coordinates": [ [ -79.111590234404275, 35.886800261550988 ], [ -79.111828709255207, 35.886567609484985 ] ] } },
{ "type": "Feature", "properties": { "FEEDER_NAME": "Jones Ferry Rd. N.E.", "SUBSTATION_NAME": "Westbrook", "wmType": "SECONDARY OVERHEAD", "WKT": "LINESTRING (-79.1128868912136 35.88771490308926, -79.11287829076328 35.887333681840346)" }, "geometry": { "type": "LineString", "coordinates": [ [ -79.112886891213606, 35.887714903089261 ], [ -79.112878290763277, 35.887333681840346 ] ] } },
{ "type": "Feature", "properties": { "FEEDER_NAME": "Jones Ferry Rd. N.E.", "SUBSTATION_NAME": "Westbrook", "wmType": "SECONDARY OVERHEAD", "WKT": "LINESTRING (-79.11328333747718 35.887694975340004, -79.11345105512787 35.887405896208925)" }, "geometry": { "type": "LineString", "coordinates": [ [ -79.113283337477185, 35.887694975340004 ], [ -79.113451055127868, 35.887405896208925 ] ] } },
{ "type": "Feature", "properties": { "FEEDER_NAME": "Jones Ferry Rd. N.E.", "SUBSTATION_NAME": "Westbrook", "wmType": "SECONDARY OVERHEAD", "WKT": "LINESTRING (-79.11276938340107 35.888423185000946, -79.11293225731605 35.88828924560753)" }, "geometry": { "type": "LineString", "coordinates": [ [ -79.112769383401073, 35.888423185000946 ], [ -79.112932257316047, 35.888289245607531 ] ] } },
{ "type": "Feature", "properties": { "FEEDER_NAME": "Jones Ferry Rd. N.E.", "SUBSTATION_NAME": "Westbrook", "wmType": "SECONDARY OVERHEAD", "WKT": "LINESTRING (-79.11293225731605 35.88828924560753, -79.11312322978522 35.88815626957595)" }, "geometry": { "type": "LineString", "coordinates": [ [ -79.112932257316047, 35.888289245607531 ], [ -79.113123229785216, 35.888156269575951 ] ] } },
{ "type": "Feature", "properties": { "FEEDER_NAME": "Jones Ferry Rd. N.E.", "SUBSTATION_NAME": "Westbrook", "wmType": "SECONDARY OVERHEAD", "WKT": "LINESTRING (-79.11276938340107 35.888423185000946, -79.11276219962853 35.88839633799779, -79.11234498119619 35.888130484829546)" }, "geometry": { "type": "LineString", "coordinates": [ [ -79.112769383401073, 35.888423185000946 ], [ -79.112762199628534, 35.88839633799779 ], [ -79.112344981196188, 35.888130484829546 ] ] } },
{ "type": "Feature", "properties": { "FEEDER_NAME": "Jones Ferry Rd. N.E.", "SUBSTATION_NAME": "Westbrook", "wmType": "SECONDARY OVERHEAD", "WKT": "LINESTRING (-79.11234498119619 35.888130484829546, -79.11212669533383 35.88825331346173)" }, "geometry": { "type": "LineString", "coordinates": [ [ -79.112344981196188, 35.888130484829546 ], [ -79.112126695333828, 35.888253313461732 ] ] } },
{ "type": "Feature", "properties": { "FEEDER_NAME": "Jones Ferry Rd. N.E.", "SUBSTATION_NAME": "Westbrook", "wmType": "SECONDARY OVERHEAD", "WKT": "LINESTRING (-79.11360850459745 35.88860242966893, -79.11368494332496 35.888774937764126)" }, "geometry": { "type": "LineString", "coordinates": [ [ -79.113608504597451, 35.888602429668929 ], [ -79.113684943324955, 35.888774937764126 ] ] } },
{ "type": "Feature", "properties": { "FEEDER_NAME": "Jones Ferry Rd. N.E.", "SUBSTATION_NAME": "Westbrook", "wmType": "SECONDARY OVERHEAD", "WKT": "LINESTRING (-79.11368494332496 35.888774937764126, -79.11367865875125 35.88888042667203)" }, "geometry": { "type": "LineString", "coordinates": [ [ -79.113684943324955, 35.888774937764126 ], [ -79.113678658751255, 35.888880426672031 ] ] } },
{ "type": "Feature", "properties": { "FEEDER_NAME": "Jones Ferry Rd. N.E.", "SUBSTATION_NAME": "Westbrook", "wmType": "SECONDARY OVERHEAD", "WKT": "LINESTRING (-79.11360850459745 35.88860242966893, -79.11397503793032 35.888794090317404)" }, "geometry": { "type": "LineString", "coordinates": [ [ -79.113608504597451, 35.888602429668929 ], [ -79.113975037930317, 35.888794090317404 ] ] } },
{ "type": "Feature", "properties": { "FEEDER_NAME": "Jones Ferry Rd. N.E.", "SUBSTATION_NAME": "Westbrook", "wmType": "SECONDARY OVERHEAD", "WKT": "LINESTRING (-79.11397503793032 35.888794090317404, -79.11411986686781 35.88864945143501)" }, "geometry": { "type": "LineString", "coordinates": [ [ -79.113975037930317, 35.888794090317404 ], [ -79.11411986686781, 35.888649451435008 ] ] } },
{ "type": "Feature", "properties": { "FEEDER_NAME": "Jones Ferry Rd. N.E.", "SUBSTATION_NAME": "Westbrook", "wmType": "SECONDARY OVERHEAD", "WKT": "LINESTRING (-79.11293794050235 35.88919084361973, -79.11293318753381 35.88936501990147)" }, "geometry": { "type": "LineString", "coordinates": [ [ -79.112937940502349, 35.88919084361973 ], [ -79.112933187533812, 35.889365019901469 ] ] } },
{ "type": "Feature", "properties": { "FEEDER_NAME": "Jones Ferry Rd. N.E.", "SUBSTATION_NAME": "Westbrook", "wmType": "SECONDARY OVERHEAD", "WKT": "LINESTRING (-79.11321445763264 35.8890847924216, -79.11310279364417 35.88919516589677)" }, "geometry": { "type": "LineString", "coordinates": [ [ -79.113214457632637, 35.889084792421599 ], [ -79.113102793644174, 35.889195165896773 ] ] } },
{ "type": "Feature", "properties": { "FEEDER_NAME": "Jones Ferry Rd. N.E.", "SUBSTATION_NAME": "Westbrook", "wmType": "SECONDARY OVERHEAD", "WKT": "LINESTRING (-79.11366930420107 35.890304619778085, -79.11365150745361 35.89032797397477, -79.11369728026241 35.89047260506878)" }, "geometry": { "type": "LineString", "coordinates": [ [ -79.113669304201068, 35.890304619778085 ], [ -79.113651507453611, 35.89032797397477 ], [ -79.113697280262414, 35.89047260506878 ] ] } },
{ "type": "Feature", "properties": { "FEEDER_NAME": "Jones Ferry Rd. N.E.", "SUBSTATION_NAME": "Westbrook", "wmType": "SECONDARY OVERHEAD", "WKT": "LINESTRING (-79.11369728026241 35.89047260506878, -79.1133565876572 35.89056266552691)" }, "geometry": { "type": "LineString", "coordinates": [ [ -79.113697280262414, 35.89047260506878 ], [ -79.113356587657194, 35.890562665526907 ] ] } },
{ "type": "Feature", "properties": { "FEEDER_NAME": "Jones Ferry Rd. N.E.", "SUBSTATION_NAME": "Westbrook", "wmType": "SECONDARY OVERHEAD", "WKT": "LINESTRING (-79.11394522983835 35.89054281920335, -79.11404272615269 35.89099376330356)" }, "geometry": { "type": "LineString", "coordinates": [ [ -79.11394522983835, 35.890542819203347 ], [ -79.11404272615269, 35.890993763303563 ] ] } },
{ "type": "Feature", "properties": { "FEEDER_NAME": "Jones Ferry Rd. N.E.", "SUBSTATION_NAME": "Westbrook", "wmType": "SECONDARY OVERHEAD", "WKT": "LINESTRING (-79.11455071331379 35.89160159920449, -79.11443776876087 35.891267405008335)" }, "geometry": { "type": "LineString", "coordinates": [ [ -79.11455071331379, 35.891601599204492 ], [ -79.114437768760865, 35.891267405008335 ] ] } },
{ "type": "Feature", "properties": { "FEEDER_NAME": "Jones Ferry Rd. N.E.", "SUBSTATION_NAME": "Westbrook", "wmType": "SECONDARY OVERHEAD", "WKT": "LINESTRING (-79.11455071331379 35.89160159920449, -79.11482273893404 35.89184578940252)" }, "geometry": { "type": "LineString", "coordinates": [ [ -79.11455071331379, 35.891601599204492 ], [ -79.114822738934038, 35.891845789402517 ] ] } },
{ "type": "Feature", "properties": { "FEEDER_NAME": "Jones Ferry Rd. N.E.", "SUBSTATION_NAME": "Westbrook", "wmType": "PRIMARY OVERHEAD", "WKT": "LINESTRING (-79.11267000132015 35.89293008137286, -79.11275539375534 35.89297440276288)" }, "geometry": { "type": "LineString", "coordinates": [ [ -79.112670001320154, 35.89293008137286 ], [ -79.112755393755336, 35.892974402762881 ] ] } },
{ "type": "Feature", "properties": { "FEEDER_NAME": "Jones Ferry Rd. N.E.", "SUBSTATION_NAME": "Westbrook", "wmType": "PRIMARY OVERHEAD", "WKT": "LINESTRING (-79.11275539375534 35.89297440276288, -79.11286763136825 35.893032658732594)" }, "geometry": { "type": "LineString", "coordinates": [ [ -79.112755393755336, 35.892974402762881 ], [ -79.112867631368246, 35.893032658732594 ] ] } },
{ "type": "Feature", "properties": { "FEEDER_NAME": "Jones Ferry Rd. N.E.", "SUBSTATION_NAME": "Westbrook", "wmType": "PRIMARY OVERHEAD", "WKT": "LINESTRING (-79.11153550043811 35.89374060824009, -79.11162582034555 35.89377790741222)" }, "geometry": { "type": "LineString", "coordinates": [ [ -79.111535500438109, 35.893740608240087 ], [ -79.111625820345552, 35.893777907412222 ] ] } },
{ "type": "Feature", "properties": { "FEEDER_NAME": "Jones Ferry Rd. N.E.", "SUBSTATION_NAME": "Westbrook", "wmType": "PRIMARY OVERHEAD", "WKT": "LINESTRING (-79.11162582034555 35.89377790741222, -79.11239555176385 35.894095777261946)" }, "geometry": { "type": "LineString", "coordinates": [ [ -79.111625820345552, 35.893777907412222 ], [ -79.112395551763854, 35.894095777261946 ] ] } },
{ "type": "Feature", "properties": { "FEEDER_NAME": "Jones Ferry Rd. N.E.", "SUBSTATION_NAME": "Westbrook", "wmType": "PRIMARY OVERHEAD", "WKT": "LINESTRING (-79.1087626591118 35.89580548907294, -79.10867141536205 35.8957697046307)" }, "geometry": { "type": "LineString", "coordinates": [ [ -79.108762659111804, 35.895805489072941 ], [ -79.108671415362053, 35.895769704630702 ] ] } },
{ "type": "Feature", "properties": { "FEEDER_NAME": "Jones Ferry Rd. N.E.", "SUBSTATION_NAME": "Westbrook", "wmType": "PRIMARY OVERHEAD", "WKT": "LINESTRING (-79.10867141536205 35.8957697046307, -79.10809528534352 35.89554375288399)" }, "geometry": { "type": "LineString", "coordinates": [ [ -79.108671415362053, 35.895769704630702 ], [ -79.108095285343524, 35.895543752883988 ] ] } },
{ "type": "Feature", "properties": { "FEEDER_NAME": "Jones Ferry Rd. N.E.", "SUBSTATION_NAME": "Westbrook", "wmType": "PRIMARY OVERHEAD", "WKT": "LINESTRING (-79.10256395610288 35.900636926533444, -79.10246481267889 35.90065382550708)" }, "geometry": { "type": "LineString", "coordinates": [ [ -79.102563956102884, 35.900636926533444 ], [ -79.102464812678889, 35.900653825507078 ] ] } },
{ "type": "Feature", "properties": { "FEEDER_NAME": "Jones Ferry Rd. N.E.", "SUBSTATION_NAME": "Westbrook", "wmType": "PRIMARY OVERHEAD", "WKT": "LINESTRING (-79.10246481267889 35.90065382550708, -79.10201244737058 35.90073093187208)" }, "geometry": { "type": "LineString", "coordinates": [ [ -79.102464812678889, 35.900653825507078 ], [ -79.102012447370583, 35.900730931872083 ] ] } },
{ "type": "Feature", "properties": { "FEEDER_NAME": "Jones Ferry Rd. N.E.", "SUBSTATION_NAME": "Westbrook", "wmType": "PRIMARY OVERHEAD", "WKT": "LINESTRING (-79.10256395610288 35.900636926533444, -79.10250629783177 35.900569165203585)" }, "geometry": { "type": "LineString", "coordinates": [ [ -79.102563956102884, 35.900636926533444 ], [ -79.102506297831766, 35.900569165203585 ] ] } },
{ "type": "Feature", "properties": { "FEEDER_NAME": "Jones Ferry Rd. N.E.", "SUBSTATION_NAME": "Westbrook", "wmType": "PRIMARY OVERHEAD", "WKT": "LINESTRING (-79.10250629783177 35.900569165203585, -79.10206524094312 35.90005082137222)" }, "geometry": { "type": "LineString", "coordinates": [ [ -79.102506297831766, 35.900569165203585 ], [ -79.102065240943119, 35.900050821372218 ] ] } },
{ "type": "Feature", "properties": { "FEEDER_NAME": "Jones Ferry Rd. N.E.", "SUBSTATION_NAME": "Westbrook", "wmType": "PRIMARY OVERHEAD", "WKT": "LINESTRING (-79.10790647136695 35.896546397051296, -79.1078969582024 35.89662844880414)" }, "geometry": { "type": "LineString", "coordinates": [ [ -79.107906471366945, 35.896546397051296 ], [ -79.107896958202403, 35.896628448804137 ] ] } },
{ "type": "Feature", "properties": { "FEEDER_NAME": "Jones Ferry Rd. N.E.", "SUBSTATION_NAME": "Westbrook", "wmType": "PRIMARY OVERHEAD", "WKT": "LINESTRING (-79.1078969582024 35.89662844880414, -79.10782656209986 35.89723557326954)" }, "geometry": { "type": "LineString", "coordinates": [ [ -79.107896958202403, 35.896628448804137 ], [ -79.107826562099859, 35.897235573269541 ] ] } },
{ "type": "Feature", "properties": { "FEEDER_NAME": "Jones Ferry Rd. N.E.", "SUBSTATION_NAME": "Westbrook", "wmType": "PRIMARY OVERHEAD", "WKT": "LINESTRING (-79.10779015007759 35.89818613320695, -79.107889752736 35.898171143857674)" }, "geometry": { "type": "LineString", "coordinates": [ [ -79.107790150077591, 35.898186133206949 ], [ -79.107889752736, 35.898171143857674 ] ] } },
{ "type": "Feature", "properties": { "FEEDER_NAME": "Jones Ferry Rd. N.E.", "SUBSTATION_NAME": "Westbrook", "wmType": "PRIMARY OVERHEAD", "WKT": "LINESTRING (-79.107889752736 35.898171143857674, -79.10881809252342 35.89803143336352)" }, "geometry": { "type": "LineString", "coordinates": [ [ -79.107889752736, 35.898171143857674 ], [ -79.108818092523421, 35.898031433363521 ] ] } },
{ "type": "Feature", "properties": { "FEEDER_NAME": "Jones Ferry Rd. N.E.", "SUBSTATION_NAME": "Westbrook", "wmType": "PRIMARY OVERHEAD", "WKT": "LINESTRING (-79.10917311080706 35.895551034724534, -79.10908701765828 35.89550761640776)" }, "geometry": { "type": "LineString", "coordinates": [ [ -79.109173110807063, 35.895551034724534 ], [ -79.109087017658283, 35.895507616407762 ] ] } },
{ "type": "Feature", "properties": { "FEEDER_NAME": "Jones Ferry Rd. N.E.", "SUBSTATION_NAME": "Westbrook", "wmType": "PRIMARY OVERHEAD", "WKT": "LINESTRING (-79.10908701765828 35.89550761640776, -79.10744686713788 35.894680443371094)" }, "geometry": { "type": "LineString", "coordinates": [ [ -79.109087017658283, 35.895507616407762 ], [ -79.107446867137881, 35.894680443371094 ] ] } },
{ "type": "Feature", "properties": { "FEEDER_NAME": "Jones Ferry Rd. N.E.", "SUBSTATION_NAME": "Westbrook", "wmType": "PRIMARY OVERHEAD", "WKT": "LINESTRING (-79.10985669151522 35.89507146234546, -79.10992744418532 35.89513043791093)" }, "geometry": { "type": "LineString", "coordinates": [ [ -79.109856691515219, 35.895071462345463 ], [ -79.109927444185317, 35.895130437910929 ] ] } },
{ "type": "Feature", "properties": { "FEEDER_NAME": "Jones Ferry Rd. N.E.", "SUBSTATION_NAME": "Westbrook", "wmType": "PRIMARY OVERHEAD", "WKT": "LINESTRING (-79.10992744418532 35.89513043791093, -79.11001147455183 35.89520048124411)" }, "geometry": { "type": "LineString", "coordinates": [ [ -79.109927444185317, 35.895130437910929 ], [ -79.110011474551825, 35.89520048124411 ] ] } },
{ "type": "Feature", "properties": { "FEEDER_NAME": "Jones Ferry Rd. N.E.", "SUBSTATION_NAME": "Westbrook", "wmType": "PRIMARY OVERHEAD", "WKT": "LINESTRING (-79.11354532913047 35.89231818407861, -79.11350363749271 35.89224307441736)" }, "geometry": { "type": "LineString", "coordinates": [ [ -79.113545329130474, 35.892318184078611 ], [ -79.113503637492713, 35.892243074417358 ] ] } },
{ "type": "Feature", "properties": { "FEEDER_NAME": "Jones Ferry Rd. N.E.", "SUBSTATION_NAME": "Westbrook", "wmType": "PRIMARY OVERHEAD", "WKT": "LINESTRING (-79.11350363749271 35.89224307441736, -79.1131300263978 35.89156998565359)" }, "geometry": { "type": "LineString", "coordinates": [ [ -79.113503637492713, 35.892243074417358 ], [ -79.113130026397798, 35.891569985653589 ] ] } },
{ "type": "Feature", "properties": { "FEEDER_NAME": "Jones Ferry Rd. N.E.", "SUBSTATION_NAME": "Westbrook", "wmType": "PRIMARY OVERHEAD", "WKT": "LINESTRING (-79.11414382513199 35.891819036611686, -79.11412023734283 35.89173888721028)" }, "geometry": { "type": "LineString", "coordinates": [ [ -79.11414382513199, 35.891819036611686 ], [ -79.114120237342831, 35.89173888721028 ] ] } },
{ "type": "Feature", "properties": { "FEEDER_NAME": "Jones Ferry Rd. N.E.", "SUBSTATION_NAME": "Westbrook", "wmType": "PRIMARY OVERHEAD", "WKT": "LINESTRING (-79.11412023734283 35.89173888721028, -79.1140930268008 35.89164642840231)" }, "geometry": { "type": "LineString", "coordinates": [ [ -79.114120237342831, 35.89173888721028 ], [ -79.114093026800802, 35.891646428402311 ] ] } },
{ "type": "Feature", "properties": { "FEEDER_NAME": "Jones Ferry Rd. N.E.", "SUBSTATION_NAME": "Westbrook", "wmType": "PRIMARY OVERHEAD", "WKT": "LINESTRING (-79.11366930420107 35.890304619778085, -79.11376256168921 35.89027246784997)" }, "geometry": { "type": "LineString", "coordinates": [ [ -79.113669304201068, 35.890304619778085 ], [ -79.113762561689214, 35.890272467849968 ] ] } },
{ "type": "Feature", "properties": { "FEEDER_NAME": "Jones Ferry Rd. N.E.", "SUBSTATION_NAME": "Westbrook", "wmType": "PRIMARY OVERHEAD", "WKT": "LINESTRING (-79.11376256168921 35.89027246784997, -79.11415421110907 35.89013743999443)" }, "geometry": { "type": "LineString", "coordinates": [ [ -79.113762561689214, 35.890272467849968 ], [ -79.114154211109067, 35.890137439994433 ] ] } },
{ "type": "Feature", "properties": { "FEEDER_NAME": "Jones Ferry Rd. N.E.", "SUBSTATION_NAME": "Westbrook", "wmType": "PRIMARY OVERHEAD", "WKT": "LINESTRING (-79.11002330177077 35.88717665000338, -79.10993441364207 35.88721614986959)" }, "geometry": { "type": "LineString", "coordinates": [ [ -79.110023301770767, 35.887176650003383 ], [ -79.109934413642065, 35.887216149869587 ] ] } },
{ "type": "Feature", "properties": { "FEEDER_NAME": "Jones Ferry Rd. N.E.", "SUBSTATION_NAME": "Westbrook", "wmType": "PRIMARY OVERHEAD", "WKT": "LINESTRING (-79.10993441364207 35.88721614986959, -79.10943870315769 35.887436428887156)" }, "geometry": { "type": "LineString", "coordinates": [ [ -79.109934413642065, 35.887216149869587 ], [ -79.109438703157693, 35.887436428887156 ] ] } },
{ "type": "Feature", "properties": { "FEEDER_NAME": "Jones Ferry Rd. N.E.", "SUBSTATION_NAME": "Westbrook", "wmType": "PRIMARY OVERHEAD", "WKT": "LINESTRING (-79.10842972042776 35.88488875096021, -79.10850824526142 35.884836703400325)" }, "geometry": { "type": "LineString", "coordinates": [ [ -79.108429720427765, 35.884888750960208 ], [ -79.108508245261419, 35.884836703400325 ] ] } },
{ "type": "Feature", "properties": { "FEEDER_NAME": "Jones Ferry Rd. N.E.", "SUBSTATION_NAME": "Westbrook", "wmType": "PRIMARY OVERHEAD", "WKT": "LINESTRING (-79.10850824526142 35.884836703400325, -79.10891298040296 35.88456843594563)" }, "geometry": { "type": "LineString", "coordinates": [ [ -79.108508245261419, 35.884836703400325 ], [ -79.108912980402962, 35.884568435945631 ] ] } },
{ "type": "Feature", "properties": { "FEEDER_NAME": "Jones Ferry Rd. N.E.", "SUBSTATION_NAME": "Westbrook", "wmType": "PRIMARY OVERHEAD", "WKT": "LINESTRING (-79.1078137205593 35.88389626505708, -79.1078952981877 35.88384742745002)" }, "geometry": { "type": "LineString", "coordinates": [ [ -79.107813720559307, 35.883896265057082 ], [ -79.107895298187699, 35.883847427450021 ] ] } },
{ "type": "Feature", "properties": { "FEEDER_NAME": "Jones Ferry Rd. N.E.", "SUBSTATION_NAME": "Westbrook", "wmType": "PRIMARY OVERHEAD", "WKT": "LINESTRING (-79.1078952981877 35.88384742745002, -79.10842172189801 35.88353227123434)" }, "geometry": { "type": "LineString", "coordinates": [ [ -79.107895298187699, 35.883847427450021 ], [ -79.108421721898011, 35.883532271234337 ] ] } },
{ "type": "Feature", "properties": { "FEEDER_NAME": "Jones Ferry Rd. N.E.", "SUBSTATION_NAME": "Westbrook", "wmType": "PRIMARY OVERHEAD", "WKT": "LINESTRING (-79.11200258026845 35.882570344426384, -79.11203621741629 35.88264808146813)" }, "geometry": { "type": "LineString", "coordinates": [ [ -79.112002580268452, 35.882570344426384 ], [ -79.112036217416289, 35.882648081468133 ] ] } },
{ "type": "Feature", "properties": { "FEEDER_NAME": "Jones Ferry Rd. N.E.", "SUBSTATION_NAME": "Westbrook", "wmType": "PRIMARY OVERHEAD", "WKT": "LINESTRING (-79.11203621741629 35.88264808146813, -79.11229721696684 35.88325127000254)" }, "geometry": { "type": "LineString", "coordinates": [ [ -79.112036217416289, 35.882648081468133 ], [ -79.112297216966837, 35.883251270002539 ] ] } },
{ "type": "Feature", "properties": { "FEEDER_NAME": "Jones Ferry Rd. N.E.", "SUBSTATION_NAME": "Westbrook", "wmType": "PRIMARY OVERHEAD", "WKT": "LINESTRING (-79.11125875146105 35.88278025216156, -79.11127659597642 35.88281881655575)" }, "geometry": { "type": "LineString", "coordinates": [ [ -79.111258751461051, 35.88278025216156 ], [ -79.11127659597642, 35.882818816555748 ] ] } },
{ "type": "Feature", "properties": { "FEEDER_NAME": "Jones Ferry Rd. N.E.", "SUBSTATION_NAME": "Westbrook", "wmType": "PRIMARY OVERHEAD", "WKT": "LINESTRING (-79.11127659597642 35.88281881655575, -79.11157671827729 35.88346739431861)" }, "geometry": { "type": "LineString", "coordinates": [ [ -79.11127659597642, 35.882818816555748 ], [ -79.111576718277291, 35.883467394318608 ] ] } },
{ "type": "Feature", "properties": { "FEEDER_NAME": "Jones Ferry Rd. N.E.", "SUBSTATION_NAME": "Westbrook", "wmType": "PRIMARY OVERHEAD", "WKT": "LINESTRING (-79.11179255223196 35.88789703373167, -79.11170370524171 35.8879365961283)" }, "geometry": { "type": "LineString", "coordinates": [ [ -79.111792552231961, 35.887897033731669 ], [ -79.111703705241709, 35.887936596128299 ] ] } },
{ "type": "Feature", "properties": { "FEEDER_NAME": "Jones Ferry Rd. N.E.", "SUBSTATION_NAME": "Westbrook", "wmType": "PRIMARY OVERHEAD", "WKT": "LINESTRING (-79.11170370524171 35.8879365961283, -79.1108301088309 35.88832559548169)" }, "geometry": { "type": "LineString", "coordinates": [ [ -79.111703705241709, 35.887936596128299 ], [ -79.110830108830896, 35.888325595481689 ] ] } },
{ "type": "Feature", "properties": { "FEEDER_NAME": "Jones Ferry Rd. N.E.", "SUBSTATION_NAME": "Westbrook", "wmType": "PRIMARY OVERHEAD", "WKT": "LINESTRING (-79.11231004261765 35.8881302898701, -79.11238588966499 35.888075672704346)" }, "geometry": { "type": "LineString", "coordinates": [ [ -79.112310042617651, 35.888130289870098 ], [ -79.112385889664992, 35.888075672704346 ] ] } },
{ "type": "Feature", "properties": { "FEEDER_NAME": "Jones Ferry Rd. N.E.", "SUBSTATION_NAME": "Westbrook", "wmType": "PRIMARY OVERHEAD", "WKT": "LINESTRING (-79.11238588966499 35.888075672704346, -79.1128868912136 35.88771490308926)" }, "geometry": { "type": "LineString", "coordinates": [ [ -79.112385889664992, 35.888075672704346 ], [ -79.112886891213606, 35.887714903089261 ] ] } },
{ "type": "Feature", "properties": { "FEEDER_NAME": "Jones Ferry Rd. N.E.", "SUBSTATION_NAME": "Westbrook", "wmType": "PRIMARY OVERHEAD", "WKT": "LINESTRING (-79.11321445763264 35.8890847924216, -79.11327052651552 35.88901615787492)" }, "geometry": { "type": "LineString", "coordinates": [ [ -79.113214457632637, 35.889084792421599 ], [ -79.113270526515521, 35.88901615787492 ] ] } },
{ "type": "Feature", "properties": { "FEEDER_NAME": "Jones Ferry Rd. N.E.", "SUBSTATION_NAME": "Westbrook", "wmType": "PRIMARY OVERHEAD", "WKT": "LINESTRING (-79.11327052651552 35.88901615787492, -79.11360850459745 35.88860242966893)" }, "geometry": { "type": "LineString", "coordinates": [ [ -79.113270526515521, 35.88901615787492 ], [ -79.113608504597451, 35.888602429668929 ] ] } },
{ "type": "Feature", "properties": { "FEEDER_NAME": "Jones Ferry Rd. N.E.", "SUBSTATION_NAME": "Westbrook", "wmType": "PRIMARY OVERHEAD", "WKT": "LINESTRING (-79.11337228366204 35.889491478335344, -79.1134729775055 35.88948261316591)" }, "geometry": { "type": "LineString", "coordinates": [ [ -79.113372283662045, 35.889491478335344 ], [ -79.113472977505495, 35.88948261316591 ] ] } },
{ "type": "Feature", "properties": { "FEEDER_NAME": "Jones Ferry Rd. N.E.", "SUBSTATION_NAME": "Westbrook", "wmType": "PRIMARY OVERHEAD", "WKT": "LINESTRING (-79.1134729775055 35.88948261316591, -79.11361607145943 35.8894700157647)" }, "geometry": { "type": "LineString", "coordinates": [ [ -79.113472977505495, 35.88948261316591 ], [ -79.113616071459433, 35.889470015764701 ] ] } },
{ "type": "Feature", "properties": { "FEEDER_NAME": "Jones Ferry Rd. N.E.", "SUBSTATION_NAME": "Westbrook", "wmType": "PRIMARY OVERHEAD", "WKT": "LINESTRING (-79.1137259400169 35.89048571764911, -79.11382240414274 35.89051083641877)" }, "geometry": { "type": "LineString", "coordinates": [ [ -79.113725940016906, 35.890485717649113 ], [ -79.113822404142738, 35.89051083641877 ] ] } },
{ "type": "Feature", "properties": { "FEEDER_NAME": "Jones Ferry Rd. N.E.", "SUBSTATION_NAME": "Westbrook", "wmType": "PRIMARY OVERHEAD", "WKT": "LINESTRING (-79.11382240414274 35.89051083641877, -79.11394522983835 35.89054281920335)" }, "geometry": { "type": "LineString", "coordinates": [ [ -79.113822404142738, 35.89051083641877 ], [ -79.11394522983835, 35.890542819203347 ] ] } },
{ "type": "Feature", "properties": { "FEEDER_NAME": "Jones Ferry Rd. N.E.", "SUBSTATION_NAME": "Westbrook", "wmType": "PRIMARY OVERHEAD", "WKT": "LINESTRING (-79.10787011088709 35.88337669178468, -79.10782047141213 35.88330485513352)" }, "geometry": { "type": "LineString", "coordinates": [ [ -79.107870110887092, 35.883376691784683 ], [ -79.107820471412126, 35.883304855133517 ] ] } },
{ "type": "Feature", "properties": { "FEEDER_NAME": "Jones Ferry Rd. N.E.", "SUBSTATION_NAME": "Westbrook", "wmType": "PRIMARY OVERHEAD", "WKT": "LINESTRING (-79.10782047141213 35.88330485513352, -79.10731829017756 35.88257809858285)" }, "geometry": { "type": "LineString", "coordinates": [ [ -79.107820471412126, 35.883304855133517 ], [ -79.10731829017756, 35.882578098582847 ] ] } },
{ "type": "Feature", "properties": { "FEEDER_NAME": "Jones Ferry Rd. N.E.", "SUBSTATION_NAME": "Westbrook", "wmType": "SECONDARY OVERHEAD", "WKT": "LINESTRING (-79.11361607145943 35.8894700157647, -79.11360309182065 35.88948068494314, -79.1133906012847 35.88949996877694)" }, "geometry": { "type": "LineString", "coordinates": [ [ -79.113616071459433, 35.889470015764701 ], [ -79.11360309182065, 35.889480684943138 ], [ -79.113390601284706, 35.889499968776938 ] ] } },
{ "type": "Feature", "properties": { "FEEDER_NAME": "Jones Ferry Rd. N.E.", "SUBSTATION_NAME": "Westbrook", "wmType": "SECONDARY OVERHEAD", "WKT": "LINESTRING (-79.11200258026845 35.882570344426384, -79.1122673923973 35.88273428134014)" }, "geometry": { "type": "LineString", "coordinates": [ [ -79.112002580268452, 35.882570344426384 ], [ -79.1122673923973, 35.882734281340142 ] ] } },
{ "type": "Feature", "properties": { "FEEDER_NAME": "Jones Ferry Rd. N.E.", "SUBSTATION_NAME": "Westbrook", "wmType": "SECONDARY OVERHEAD", "WKT": "LINESTRING (-79.09398833725969 35.91156970819639, -79.09389366732853 35.91160227393879, -79.09365731797517 35.91161783809997)" }, "geometry": { "type": "LineString", "coordinates": [ [ -79.093988337259688, 35.911569708196389 ], [ -79.09389366732853, 35.91160227393879 ], [ -79.093657317975172, 35.911617838099971 ] ] } },
{ "type": "Feature", "properties": { "FEEDER_NAME": "Jones Ferry Rd. N.E.", "SUBSTATION_NAME": "Westbrook", "wmType": "SECONDARY OVERHEAD", "WKT": "LINESTRING (-79.11310279364417 35.88919516589677, -79.11308207493914 35.88922712663591)" }, "geometry": { "type": "LineString", "coordinates": [ [ -79.113102793644174, 35.889195165896773 ], [ -79.113082074939143, 35.889227126635909 ] ] } },
{ "type": "Feature", "properties": { "FEEDER_NAME": "Jones Ferry Rd. N.E.", "SUBSTATION_NAME": "Westbrook", "wmType": "SECONDARY OVERHEAD", "WKT": "LINESTRING (-79.1140930268008 35.89164642840231, -79.1143618112293 35.891583104904505)" }, "geometry": { "type": "LineString", "coordinates": [ [ -79.114093026800802, 35.891646428402311 ], [ -79.114361811229301, 35.891583104904505 ] ] } },
{ "type": "Feature", "properties": { "FEEDER_NAME": "Jones Ferry Rd. N.E.", "SUBSTATION_NAME": "Westbrook", "wmType": "SECONDARY OVERHEAD", "WKT": "LINESTRING (-79.1140930268008 35.89164642840231, -79.11410966972971 35.891619290633464, -79.11406523128176 35.8914620536923, -79.11405888498659 35.891435769329696)" }, "geometry": { "type": "LineString", "coordinates": [ [ -79.114093026800802, 35.891646428402311 ], [ -79.114109669729714, 35.891619290633464 ], [ -79.114065231281756, 35.891462053692301 ], [ -79.114058884986591, 35.891435769329696 ] ] } },
{ "type": "Feature", "properties": { "FEEDER_NAME": "Jones Ferry Rd. N.E.", "SUBSTATION_NAME": "Westbrook", "wmType": "SECONDARY OVERHEAD", "WKT": "LINESTRING (-79.09398833725969 35.91156970819639, -79.09419397313873 35.91157086554008)" }, "geometry": { "type": "LineString", "coordinates": [ [ -79.093988337259688, 35.911569708196389 ], [ -79.094193973138729, 35.911570865540078 ] ] } },
{ "type": "Feature", "properties": { "FEEDER_NAME": "Jones Ferry Rd. N.E.", "SUBSTATION_NAME": "Westbrook", "wmType": "SECONDARY OVERHEAD", "WKT": "LINESTRING (-79.09419397313873 35.91157086554008, -79.09434656565722 35.91140204452172)" }, "geometry": { "type": "LineString", "coordinates": [ [ -79.094193973138729, 35.911570865540078 ], [ -79.094346565657219, 35.911402044521722 ] ] } },
{ "type": "Feature", "properties": { "FEEDER_NAME": "Jones Ferry Rd. N.E.", "SUBSTATION_NAME": "Westbrook", "wmType": "SECONDARY OVERHEAD", "WKT": "LINESTRING (-79.09404622284956 35.906779351046346, -79.0942423517556 35.90721877659138)" }, "geometry": { "type": "LineString", "coordinates": [ [ -79.094046222849556, 35.906779351046346 ], [ -79.094242351755597, 35.907218776591378 ] ] } },
{ "type": "Feature", "properties": { "FEEDER_NAME": "Jones Ferry Rd. N.E.", "SUBSTATION_NAME": "Westbrook", "wmType": "SECONDARY OVERHEAD", "WKT": "LINESTRING (-79.0924238561922 35.90737615353829, -79.09218164645684 35.90737746158472)" }, "geometry": { "type": "LineString", "coordinates": [ [ -79.092423856192198, 35.907376153538287 ], [ -79.092181646456837, 35.907377461584723 ] ] } },
{ "type": "Feature", "properties": { "FEEDER_NAME": "Jones Ferry Rd. N.E.", "SUBSTATION_NAME": "Westbrook", "wmType": "PRIMARY OVERHEAD", "WKT": "LINESTRING (-79.11587462029333 35.890920624512894, -79.1155657652262 35.891094278079784)" }, "geometry": { "type": "LineString", "coordinates": [ [ -79.115874620293326, 35.890920624512894 ], [ -79.115565765226194, 35.891094278079784 ] ] } },
{ "type": "Feature", "properties": { "FEEDER_NAME": "Jones Ferry Rd. N.E.", "SUBSTATION_NAME": "Westbrook", "wmType": "PRIMARY OVERHEAD", "WKT": "LINESTRING (-79.1155657652262 35.891094278079784, -79.1151162755748 35.89138250020412)" }, "geometry": { "type": "LineString", "coordinates": [ [ -79.115565765226194, 35.891094278079784 ], [ -79.115116275574806, 35.891382500204116 ] ] } },
{ "type": "Feature", "properties": { "FEEDER_NAME": "Jones Ferry Rd. N.E.", "SUBSTATION_NAME": "Westbrook", "wmType": "PRIMARY OVERHEAD", "WKT": "LINESTRING (-79.1131300263978 35.89156998565359, -79.11296072719132 35.891736295313194)" }, "geometry": { "type": "LineString", "coordinates": [ [ -79.113130026397798, 35.891569985653589 ], [ -79.112960727191322, 35.891736295313194 ] ] } },
{ "type": "Feature", "properties": { "FEEDER_NAME": "Jones Ferry Rd. N.E.", "SUBSTATION_NAME": "Westbrook", "wmType": "PRIMARY OVERHEAD", "WKT": "LINESTRING (-79.1128868912136 35.88771490308926, -79.11225086120785 35.88738194914542)" }, "geometry": { "type": "LineString", "coordinates": [ [ -79.112886891213606, 35.887714903089261 ], [ -79.112250861207855, 35.887381949145421 ] ] } },
{ "type": "Feature", "properties": { "FEEDER_NAME": "Jones Ferry Rd. N.E.", "SUBSTATION_NAME": "Westbrook", "wmType": "PRIMARY OVERHEAD", "WKT": "LINESTRING (-79.11225086120785 35.88738194914542, -79.11181934355027 35.887154944730256)" }, "geometry": { "type": "LineString", "coordinates": [ [ -79.112250861207855, 35.887381949145421 ], [ -79.111819343550266, 35.887154944730256 ] ] } },
{ "type": "Feature", "properties": { "FEEDER_NAME": "Jones Ferry Rd. N.E.", "SUBSTATION_NAME": "Westbrook", "wmType": "PRIMARY OVERHEAD", "WKT": "LINESTRING (-79.11181934355027 35.887154944730256, -79.11159023440428 35.88680026155099)" }, "geometry": { "type": "LineString", "coordinates": [ [ -79.111819343550266, 35.887154944730256 ], [ -79.111590234404275, 35.886800261550988 ] ] } },
{ "type": "Feature", "properties": { "FEEDER_NAME": "Jones Ferry Rd. N.E.", "SUBSTATION_NAME": "Westbrook", "wmType": "PRIMARY OVERHEAD", "WKT": "LINESTRING (-79.11590542016604 35.89090569390173, -79.11587462029333 35.890920624512894)" }, "geometry": { "type": "LineString", "coordinates": [ [ -79.115905420166044, 35.890905693901729 ], [ -79.115874620293326, 35.890920624512894 ] ] } },
{ "type": "Feature", "properties": { "FEEDER_NAME": "Jones Ferry Rd. N.E.", "SUBSTATION_NAME": "Westbrook", "wmType": "PRIMARY OVERHEAD", "WKT": "LINESTRING (-79.11012437789698 35.89475500420522, -79.10985669151522 35.89507146234546)" }, "geometry": { "type": "LineString", "coordinates": [ [ -79.11012437789698, 35.894755004205223 ], [ -79.109856691515219, 35.895071462345463 ] ] } },
{ "type": "Feature", "properties": { "FEEDER_NAME": "Jones Ferry Rd. N.E.", "SUBSTATION_NAME": "Westbrook", "wmType": "PRIMARY OVERHEAD", "WKT": "LINESTRING (-79.10985669151522 35.89507146234546, -79.10917311080706 35.895551034724534)" }, "geometry": { "type": "LineString", "coordinates": [ [ -79.109856691515219, 35.895071462345463 ], [ -79.109173110807063, 35.895551034724534 ] ] } },
{ "type": "Feature", "properties": { "FEEDER_NAME": "Jones Ferry Rd. N.E.", "SUBSTATION_NAME": "Westbrook", "wmType": "PRIMARY OVERHEAD", "WKT": "LINESTRING (-79.1151162755748 35.89138250020412, -79.11598222023042 35.89106109322077)" }, "geometry": { "type": "LineString", "coordinates": [ [ -79.115116275574806, 35.891382500204116 ], [ -79.115982220230421, 35.89106109322077 ] ] } },
{ "type": "Feature", "properties": { "FEEDER_NAME": "Jones Ferry Rd. N.E.", "SUBSTATION_NAME": "Westbrook", "wmType": "PRIMARY OVERHEAD", "WKT": "LINESTRING (-79.10917311080706 35.895551034724534, -79.1087626591118 35.89580548907294)" }, "geometry": { "type": "LineString", "coordinates": [ [ -79.109173110807063, 35.895551034724534 ], [ -79.108762659111804, 35.895805489072941 ] ] } },
{ "type": "Feature", "properties": { "FEEDER_NAME": "Jones Ferry Rd. N.E.", "SUBSTATION_NAME": "Westbrook", "wmType": "PRIMARY OVERHEAD", "WKT": "LINESTRING (-79.1087626591118 35.89580548907294, -79.10836276859969 35.896048834830395)" }, "geometry": { "type": "LineString", "coordinates": [ [ -79.108762659111804, 35.895805489072941 ], [ -79.10836276859969, 35.896048834830395 ] ] } },
{ "type": "Feature", "properties": { "FEEDER_NAME": "Jones Ferry Rd. N.E.", "SUBSTATION_NAME": "Westbrook", "wmType": "PRIMARY OVERHEAD", "WKT": "LINESTRING (-79.10831923374508 35.89609630662131, -79.10790647136695 35.896546397051296)" }, "geometry": { "type": "LineString", "coordinates": [ [ -79.108319233745078, 35.89609630662131 ], [ -79.107906471366945, 35.896546397051296 ] ] } },
{ "type": "Feature", "properties": { "FEEDER_NAME": "Jones Ferry Rd. N.E.", "SUBSTATION_NAME": "Westbrook", "wmType": "PRIMARY OVERHEAD", "WKT": "LINESTRING (-79.10790647136695 35.896546397051296, -79.10734376569587 35.89693223852286)" }, "geometry": { "type": "LineString", "coordinates": [ [ -79.107906471366945, 35.896546397051296 ], [ -79.107343765695873, 35.896932238522858 ] ] } },
{ "type": "Feature", "properties": { "FEEDER_NAME": "Jones Ferry Rd. N.E.", "SUBSTATION_NAME": "Westbrook", "wmType": "PRIMARY OVERHEAD", "WKT": "LINESTRING (-79.10734376569587 35.89693223852286, -79.10680299209116 35.8972836768675)" }, "geometry": { "type": "LineString", "coordinates": [ [ -79.107343765695873, 35.896932238522858 ], [ -79.106802992091161, 35.897283676867502 ] ] } },
{ "type": "Feature", "properties": { "FEEDER_NAME": "Jones Ferry Rd. N.E.", "SUBSTATION_NAME": "Westbrook", "wmType": "PRIMARY OVERHEAD", "WKT": "LINESTRING (-79.10680299209116 35.8972836768675, -79.10627397546469 35.897651757784764)" }, "geometry": { "type": "LineString", "coordinates": [ [ -79.106802992091161, 35.897283676867502 ], [ -79.106273975464688, 35.897651757784764 ] ] } },
{ "type": "Feature", "properties": { "FEEDER_NAME": "Jones Ferry Rd. N.E.", "SUBSTATION_NAME": "Westbrook", "wmType": "PRIMARY OVERHEAD", "WKT": "LINESTRING (-79.10627397546469 35.897651757784764, -79.10565061176112 35.89809660852001)" }, "geometry": { "type": "LineString", "coordinates": [ [ -79.106273975464688, 35.897651757784764 ], [ -79.105650611761121, 35.898096608520007 ] ] } },
{ "type": "Feature", "properties": { "FEEDER_NAME": "Jones Ferry Rd. N.E.", "SUBSTATION_NAME": "Westbrook", "wmType": "PRIMARY OVERHEAD", "WKT": "LINESTRING (-79.10565061176112 35.89809660852001, -79.10395938126989 35.89944204160429)" }, "geometry": { "type": "LineString", "coordinates": [ [ -79.105650611761121, 35.898096608520007 ], [ -79.103959381269888, 35.899442041604289 ] ] } },
{ "type": "Feature", "properties": { "FEEDER_NAME": "Jones Ferry Rd. N.E.", "SUBSTATION_NAME": "Westbrook", "wmType": "PRIMARY OVERHEAD", "WKT": "LINESTRING (-79.10395938126989 35.89944204160429, -79.10347109753425 35.8998220230632)" }, "geometry": { "type": "LineString", "coordinates": [ [ -79.103959381269888, 35.899442041604289 ], [ -79.103471097534253, 35.899822023063201 ] ] } },
{ "type": "Feature", "properties": { "FEEDER_NAME": "Jones Ferry Rd. N.E.", "SUBSTATION_NAME": "Westbrook", "wmType": "PRIMARY OVERHEAD", "WKT": "LINESTRING (-79.10347109753425 35.8998220230632, -79.10301208964768 35.90022185611261)" }, "geometry": { "type": "LineString", "coordinates": [ [ -79.103471097534253, 35.899822023063201 ], [ -79.103012089647677, 35.900221856112609 ] ] } },
{ "type": "Feature", "properties": { "FEEDER_NAME": "Jones Ferry Rd. N.E.", "SUBSTATION_NAME": "Westbrook", "wmType": "PRIMARY OVERHEAD", "WKT": "LINESTRING (-79.10301208964768 35.90022185611261, -79.10256395610288 35.900636926533444)" }, "geometry": { "type": "LineString", "coordinates": [ [ -79.103012089647677, 35.900221856112609 ], [ -79.102563956102884, 35.900636926533444 ] ] } },
{ "type": "Feature", "properties": { "FEEDER_NAME": "Jones Ferry Rd. N.E.", "SUBSTATION_NAME": "Westbrook", "wmType": "PRIMARY OVERHEAD", "WKT": "LINESTRING (-79.10809528534352 35.89554375288399, -79.10752092101755 35.89527294684973)" }, "geometry": { "type": "LineString", "coordinates": [ [ -79.108095285343524, 35.895543752883988 ], [ -79.107520921017553, 35.89527294684973 ] ] } },
{ "type": "Feature", "properties": { "FEEDER_NAME": "Jones Ferry Rd. N.E.", "SUBSTATION_NAME": "Westbrook", "wmType": "PRIMARY OVERHEAD", "WKT": "LINESTRING (-79.10752092101755 35.89527294684973, -79.10730087764081 35.895163473001865)" }, "geometry": { "type": "LineString", "coordinates": [ [ -79.107520921017553, 35.89527294684973 ], [ -79.10730087764081, 35.895163473001865 ] ] } },
{ "type": "Feature", "properties": { "FEEDER_NAME": "Jones Ferry Rd. N.E.", "SUBSTATION_NAME": "Westbrook", "wmType": "PRIMARY OVERHEAD", "WKT": "LINESTRING (-79.10730087764081 35.895163473001865, -79.10652169713424 35.89518717701556)" }, "geometry": { "type": "LineString", "coordinates": [ [ -79.10730087764081, 35.895163473001865 ], [ -79.106521697134241, 35.895187177015558 ] ] } },
{ "type": "Feature", "properties": { "FEEDER_NAME": "Jones Ferry Rd. N.E.", "SUBSTATION_NAME": "Westbrook", "wmType": "PRIMARY OVERHEAD", "WKT": "LINESTRING (-79.10652169713424 35.89518717701556, -79.10573390151471 35.89520745043618)" }, "geometry": { "type": "LineString", "coordinates": [ [ -79.106521697134241, 35.895187177015558 ], [ -79.105733901514711, 35.895207450436182 ] ] } },
{ "type": "Feature", "properties": { "FEEDER_NAME": "Jones Ferry Rd. N.E.", "SUBSTATION_NAME": "Westbrook", "wmType": "PRIMARY OVERHEAD", "WKT": "LINESTRING (-79.10573390151471 35.89520745043618, -79.10489904727456 35.89525951593115)" }, "geometry": { "type": "LineString", "coordinates": [ [ -79.105733901514711, 35.895207450436182 ], [ -79.104899047274557, 35.895259515931151 ] ] } },
{ "type": "Feature", "properties": { "FEEDER_NAME": "Jones Ferry Rd. N.E.", "SUBSTATION_NAME": "Westbrook", "wmType": "PRIMARY OVERHEAD", "WKT": "LINESTRING (-79.10489904727456 35.89525951593115, -79.10362579936492 35.89522008302836)" }, "geometry": { "type": "LineString", "coordinates": [ [ -79.104899047274557, 35.895259515931151 ], [ -79.10362579936492, 35.895220083028363 ] ] } },
{ "type": "Feature", "properties": { "FEEDER_NAME": "Jones Ferry Rd. N.E.", "SUBSTATION_NAME": "Westbrook", "wmType": "PRIMARY OVERHEAD", "WKT": "LINESTRING (-79.10362579936492 35.89522008302836, -79.10250767268026 35.89497869739213)" }, "geometry": { "type": "LineString", "coordinates": [ [ -79.10362579936492, 35.895220083028363 ], [ -79.102507672680261, 35.894978697392133 ] ] } },
{ "type": "Feature", "properties": { "FEEDER_NAME": "Jones Ferry Rd. N.E.", "SUBSTATION_NAME": "Westbrook", "wmType": "PRIMARY OVERHEAD", "WKT": "LINESTRING (-79.10250767268026 35.89497869739213, -79.10251004381273 35.89458557176956)" }, "geometry": { "type": "LineString", "coordinates": [ [ -79.102507672680261, 35.894978697392133 ], [ -79.102510043812728, 35.894585571769561 ] ] } },
{ "type": "Feature", "properties": { "FEEDER_NAME": "Jones Ferry Rd. N.E.", "SUBSTATION_NAME": "Westbrook", "wmType": "PRIMARY OVERHEAD", "WKT": "LINESTRING (-79.10256395610288 35.900636926533444, -79.10222792748316 35.90101676484368)" }, "geometry": { "type": "LineString", "coordinates": [ [ -79.102563956102884, 35.900636926533444 ], [ -79.102227927483156, 35.901016764843682 ] ] } },
{ "type": "Feature", "properties": { "FEEDER_NAME": "Jones Ferry Rd. N.E.", "SUBSTATION_NAME": "Westbrook", "wmType": "PRIMARY OVERHEAD", "WKT": "LINESTRING (-79.10222792748316 35.90101676484368, -79.10168593557962 35.901652404225274)" }, "geometry": { "type": "LineString", "coordinates": [ [ -79.102227927483156, 35.901016764843682 ], [ -79.101685935579624, 35.901652404225274 ] ] } },
{ "type": "Feature", "properties": { "FEEDER_NAME": "Jones Ferry Rd. N.E.", "SUBSTATION_NAME": "Westbrook", "wmType": "PRIMARY OVERHEAD", "WKT": "LINESTRING (-79.10168593557962 35.901652404225274, -79.10117642381735 35.90233244578754)" }, "geometry": { "type": "LineString", "coordinates": [ [ -79.101685935579624, 35.901652404225274 ], [ -79.10117642381735, 35.902332445787543 ] ] } },
{ "type": "Feature", "properties": { "FEEDER_NAME": "Jones Ferry Rd. N.E.", "SUBSTATION_NAME": "Westbrook", "wmType": "PRIMARY OVERHEAD", "WKT": "LINESTRING (-79.10117642381735 35.90233244578754, -79.10085721549709 35.90275991996005)" }, "geometry": { "type": "LineString", "coordinates": [ [ -79.10117642381735, 35.902332445787543 ], [ -79.100857215497086, 35.902759919960047 ] ] } },
{ "type": "Feature", "properties": { "FEEDER_NAME": "Jones Ferry Rd. N.E.", "SUBSTATION_NAME": "Westbrook", "wmType": "PRIMARY OVERHEAD", "WKT": "LINESTRING (-79.10085721549709 35.90275991996005, -79.10047997600341 35.90328752379414)" }, "geometry": { "type": "LineString", "coordinates": [ [ -79.100857215497086, 35.902759919960047 ], [ -79.100479976003413, 35.903287523794141 ] ] } },
{ "type": "Feature", "properties": { "FEEDER_NAME": "Jones Ferry Rd. N.E.", "SUBSTATION_NAME": "Westbrook", "wmType": "PRIMARY OVERHEAD", "WKT": "LINESTRING (-79.10047997600341 35.90328752379414, -79.10011582250985 35.90380693357015)" }, "geometry": { "type": "LineString", "coordinates": [ [ -79.100479976003413, 35.903287523794141 ], [ -79.100115822509849, 35.903806933570152 ] ] } },
{ "type": "Feature", "properties": { "FEEDER_NAME": "Jones Ferry Rd. N.E.", "SUBSTATION_NAME": "Westbrook", "wmType": "PRIMARY OVERHEAD", "WKT": "LINESTRING (-79.10011582250985 35.90380693357015, -79.09920713268751 35.90388884012267)" }, "geometry": { "type": "LineString", "coordinates": [ [ -79.100115822509849, 35.903806933570152 ], [ -79.099207132687511, 35.903888840122669 ] ] } },
{ "type": "Feature", "properties": { "FEEDER_NAME": "Jones Ferry Rd. N.E.", "SUBSTATION_NAME": "Westbrook", "wmType": "PRIMARY OVERHEAD", "WKT": "LINESTRING (-79.09920713268751 35.90388884012267, -79.09732462575296 35.90402182869621)" }, "geometry": { "type": "LineString", "coordinates": [ [ -79.099207132687511, 35.903888840122669 ], [ -79.097324625752961, 35.904021828696209 ] ] } },
{ "type": "Feature", "properties": { "FEEDER_NAME": "Jones Ferry Rd. N.E.", "SUBSTATION_NAME": "Westbrook", "wmType": "PRIMARY OVERHEAD", "WKT": "LINESTRING (-79.10201244737058 35.90073093187208, -79.10159296783813 35.90071908449622)" }, "geometry": { "type": "LineString", "coordinates": [ [ -79.102012447370583, 35.900730931872083 ], [ -79.10159296783813, 35.900719084496217 ] ] } },
{ "type": "Feature", "properties": { "FEEDER_NAME": "Jones Ferry Rd. N.E.", "SUBSTATION_NAME": "Westbrook", "wmType": "PRIMARY OVERHEAD", "WKT": "LINESTRING (-79.09732462575296 35.90402182869621, -79.09620265553684 35.904053388076015)" }, "geometry": { "type": "LineString", "coordinates": [ [ -79.097324625752961, 35.904021828696209 ], [ -79.096202655536842, 35.904053388076015 ] ] } },
{ "type": "Feature", "properties": { "FEEDER_NAME": "Jones Ferry Rd. N.E.", "SUBSTATION_NAME": "Westbrook", "wmType": "PRIMARY OVERHEAD", "WKT": "LINESTRING (-79.09620265553684 35.904053388076015, -79.0954036379841 35.9040779946627)" }, "geometry": { "type": "LineString", "coordinates": [ [ -79.096202655536842, 35.904053388076015 ], [ -79.095403637984106, 35.9040779946627 ] ] } },
{ "type": "Feature", "properties": { "FEEDER_NAME": "Jones Ferry Rd. N.E.", "SUBSTATION_NAME": "Westbrook", "wmType": "PRIMARY OVERHEAD", "WKT": "LINESTRING (-79.0954036379841 35.9040779946627, -79.0946223501086 35.904094549837104)" }, "geometry": { "type": "LineString", "coordinates": [ [ -79.095403637984106, 35.9040779946627 ], [ -79.094622350108594, 35.904094549837104 ] ] } },
{ "type": "Feature", "properties": { "FEEDER_NAME": "Jones Ferry Rd. N.E.", "SUBSTATION_NAME": "Westbrook", "wmType": "PRIMARY OVERHEAD", "WKT": "LINESTRING (-79.09455288069815 35.90409457574969, -79.09380595381023 35.90409485213791)" }, "geometry": { "type": "LineString", "coordinates": [ [ -79.094552880698146, 35.904094575749689 ], [ -79.093805953810232, 35.904094852137909 ] ] } },
{ "type": "Feature", "properties": { "FEEDER_NAME": "Jones Ferry Rd. N.E.", "SUBSTATION_NAME": "Westbrook", "wmType": "PRIMARY OVERHEAD", "WKT": "LINESTRING (-79.09380595381023 35.90409485213791, -79.09336420890291 35.904522258133575)" }, "geometry": { "type": "LineString", "coordinates": [ [ -79.093805953810232, 35.904094852137909 ], [ -79.093364208902912, 35.904522258133575 ] ] } },
{ "type": "Feature", "properties": { "FEEDER_NAME": "Jones Ferry Rd. N.E.", "SUBSTATION_NAME": "Westbrook", "wmType": "PRIMARY OVERHEAD", "WKT": "LINESTRING (-79.1140930268008 35.89164642840231, -79.11403309249094 35.89143909313527)" }, "geometry": { "type": "LineString", "coordinates": [ [ -79.114093026800802, 35.891646428402311 ], [ -79.114033092490942, 35.891439093135268 ] ] } },
{ "type": "Feature", "properties": { "FEEDER_NAME": "Jones Ferry Rd. N.E.", "SUBSTATION_NAME": "Westbrook", "wmType": "PRIMARY OVERHEAD", "WKT": "LINESTRING (-79.09336420890291 35.904522258133575, -79.09294500155178 35.90418050046724)" }, "geometry": { "type": "LineString", "coordinates": [ [ -79.093364208902912, 35.904522258133575 ], [ -79.092945001551783, 35.904180500467241 ] ] } },
{ "type": "Feature", "properties": { "FEEDER_NAME": "Jones Ferry Rd. N.E.", "SUBSTATION_NAME": "Westbrook", "wmType": "PRIMARY OVERHEAD", "WKT": "LINESTRING (-79.09294500155178 35.90418050046724, -79.09229974735338 35.903685943901245)" }, "geometry": { "type": "LineString", "coordinates": [ [ -79.092945001551783, 35.904180500467241 ], [ -79.09229974735338, 35.903685943901245 ] ] } },
{ "type": "Feature", "properties": { "FEEDER_NAME": "Jones Ferry Rd. N.E.", "SUBSTATION_NAME": "Westbrook", "wmType": "PRIMARY OVERHEAD", "WKT": "LINESTRING (-79.09229974735338 35.903685943901245, -79.09200990639104 35.90346408118462)" }, "geometry": { "type": "LineString", "coordinates": [ [ -79.09229974735338, 35.903685943901245 ], [ -79.092009906391041, 35.903464081184623 ] ] } },
{ "type": "Feature", "properties": { "FEEDER_NAME": "Jones Ferry Rd. N.E.", "SUBSTATION_NAME": "Westbrook", "wmType": "PRIMARY OVERHEAD", "WKT": "LINESTRING (-79.09200990639104 35.90346408118462, -79.09144116811486 35.90302262934259)" }, "geometry": { "type": "LineString", "coordinates": [ [ -79.092009906391041, 35.903464081184623 ], [ -79.091441168114855, 35.903022629342587 ] ] } },
{ "type": "Feature", "properties": { "FEEDER_NAME": "Jones Ferry Rd. N.E.", "SUBSTATION_NAME": "Westbrook", "wmType": "PRIMARY OVERHEAD", "WKT": "LINESTRING (-79.09144116811486 35.90302262934259, -79.09087056324158 35.90258160249079)" }, "geometry": { "type": "LineString", "coordinates": [ [ -79.091441168114855, 35.903022629342587 ], [ -79.09087056324158, 35.902581602490791 ] ] } },
{ "type": "Feature", "properties": { "FEEDER_NAME": "Jones Ferry Rd. N.E.", "SUBSTATION_NAME": "Westbrook", "wmType": "PRIMARY OVERHEAD", "WKT": "LINESTRING (-79.09336420890291 35.904522258133575, -79.0927615205506 35.90486178331558)" }, "geometry": { "type": "LineString", "coordinates": [ [ -79.093364208902912, 35.904522258133575 ], [ -79.092761520550596, 35.904861783315582 ] ] } },
{ "type": "Feature", "properties": { "FEEDER_NAME": "Jones Ferry Rd. N.E.", "SUBSTATION_NAME": "Westbrook", "wmType": "PRIMARY OVERHEAD", "WKT": "LINESTRING (-79.0927615205506 35.90486178331558, -79.09190521089668 35.90533009673121)" }, "geometry": { "type": "LineString", "coordinates": [ [ -79.092761520550596, 35.904861783315582 ], [ -79.091905210896684, 35.905330096731213 ] ] } },
{ "type": "Feature", "properties": { "FEEDER_NAME": "Jones Ferry Rd. N.E.", "SUBSTATION_NAME": "Westbrook", "wmType": "PRIMARY OVERHEAD", "WKT": "LINESTRING (-79.09190521089668 35.90533009673121, -79.09201163715564 35.9058565127227)" }, "geometry": { "type": "LineString", "coordinates": [ [ -79.091905210896684, 35.905330096731213 ], [ -79.092011637155636, 35.9058565127227 ] ] } },
{ "type": "Feature", "properties": { "FEEDER_NAME": "Jones Ferry Rd. N.E.", "SUBSTATION_NAME": "Westbrook", "wmType": "PRIMARY OVERHEAD", "WKT": "LINESTRING (-79.09201163715564 35.9058565127227, -79.0922202187858 35.906628153047606)" }, "geometry": { "type": "LineString", "coordinates": [ [ -79.092011637155636, 35.9058565127227 ], [ -79.092220218785798, 35.906628153047606 ] ] } },
{ "type": "Feature", "properties": { "FEEDER_NAME": "Jones Ferry Rd. N.E.", "SUBSTATION_NAME": "Westbrook", "wmType": "PRIMARY OVERHEAD", "WKT": "LINESTRING (-79.0922202187858 35.906628153047606, -79.0924238561922 35.90737615353829)" }, "geometry": { "type": "LineString", "coordinates": [ [ -79.092220218785798, 35.906628153047606 ], [ -79.092423856192198, 35.907376153538287 ] ] } },
{ "type": "Feature", "properties": { "FEEDER_NAME": "Jones Ferry Rd. N.E.", "SUBSTATION_NAME": "Westbrook", "wmType": "PRIMARY OVERHEAD", "WKT": "LINESTRING (-79.0924238561922 35.90737615353829, -79.09271346035672 35.908159245356245)" }, "geometry": { "type": "LineString", "coordinates": [ [ -79.092423856192198, 35.907376153538287 ], [ -79.09271346035672, 35.908159245356245 ] ] } },
{ "type": "Feature", "properties": { "FEEDER_NAME": "Jones Ferry Rd. N.E.", "SUBSTATION_NAME": "Westbrook", "wmType": "PRIMARY OVERHEAD", "WKT": "LINESTRING (-79.09271346035672 35.908159245356245, -79.09296983052647 35.9089205779865)" }, "geometry": { "type": "LineString", "coordinates": [ [ -79.09271346035672, 35.908159245356245 ], [ -79.092969830526471, 35.9089205779865 ] ] } },
{ "type": "Feature", "properties": { "FEEDER_NAME": "Jones Ferry Rd. N.E.", "SUBSTATION_NAME": "Westbrook", "wmType": "PRIMARY OVERHEAD", "WKT": "LINESTRING (-79.09296983052647 35.9089205779865, -79.09325412166183 35.90971579736667)" }, "geometry": { "type": "LineString", "coordinates": [ [ -79.092969830526471, 35.9089205779865 ], [ -79.093254121661829, 35.909715797366673 ] ] } },
{ "type": "Feature", "properties": { "FEEDER_NAME": "Jones Ferry Rd. N.E.", "SUBSTATION_NAME": "Westbrook", "wmType": "PRIMARY OVERHEAD", "WKT": "LINESTRING (-79.09325412166183 35.90971579736667, -79.09344398354614 35.91032453199258)" }, "geometry": { "type": "LineString", "coordinates": [ [ -79.093254121661829, 35.909715797366673 ], [ -79.093443983546138, 35.910324531992579 ] ] } },
{ "type": "Feature", "properties": { "FEEDER_NAME": "Jones Ferry Rd. N.E.", "SUBSTATION_NAME": "Westbrook", "wmType": "PRIMARY OVERHEAD", "WKT": "LINESTRING (-79.09344398354614 35.91032453199258, -79.09364650719326 35.91077642886587)" }, "geometry": { "type": "LineString", "coordinates": [ [ -79.093443983546138, 35.910324531992579 ], [ -79.093646507193256, 35.910776428865873 ] ] } },
{ "type": "Feature", "properties": { "FEEDER_NAME": "Jones Ferry Rd. N.E.", "SUBSTATION_NAME": "Westbrook", "wmType": "PRIMARY OVERHEAD", "WKT": "LINESTRING (-79.09364650719326 35.91077642886587, -79.09384272085622 35.91122701157648)" }, "geometry": { "type": "LineString", "coordinates": [ [ -79.093646507193256, 35.910776428865873 ], [ -79.093842720856216, 35.911227011576479 ] ] } },
{ "type": "Feature", "properties": { "FEEDER_NAME": "Jones Ferry Rd. N.E.", "SUBSTATION_NAME": "Westbrook", "wmType": "PRIMARY OVERHEAD", "WKT": "LINESTRING (-79.09384272085622 35.91122701157648, -79.09398833725969 35.91156970819639)" }, "geometry": { "type": "LineString", "coordinates": [ [ -79.093842720856216, 35.911227011576479 ], [ -79.093988337259688, 35.911569708196389 ] ] } },
{ "type": "Feature", "properties": { "FEEDER_NAME": "Jones Ferry Rd. N.E.", "SUBSTATION_NAME": "Westbrook", "wmType": "PRIMARY OVERHEAD", "WKT": "LINESTRING (-79.09398833725969 35.91156970819639, -79.09410875261501 35.91193793090038)" }, "geometry": { "type": "LineString", "coordinates": [ [ -79.093988337259688, 35.911569708196389 ], [ -79.094108752615014, 35.911937930900379 ] ] } },
{ "type": "Feature", "properties": { "FEEDER_NAME": "Jones Ferry Rd. N.E.", "SUBSTATION_NAME": "Westbrook", "wmType": "PRIMARY OVERHEAD", "WKT": "LINESTRING (-79.09410875261501 35.91193793090038, -79.09449643639142 35.9127992097103)" }, "geometry": { "type": "LineString", "coordinates": [ [ -79.094108752615014, 35.911937930900379 ], [ -79.094496436391424, 35.9127992097103 ] ] } },
{ "type": "Feature", "properties": { "FEEDER_NAME": "Jones Ferry Rd. N.E.", "SUBSTATION_NAME": "Westbrook", "wmType": "PRIMARY OVERHEAD", "WKT": "LINESTRING (-79.09449643639142 35.9127992097103, -79.09486953297598 35.913253696582665)" }, "geometry": { "type": "LineString", "coordinates": [ [ -79.094496436391424, 35.9127992097103 ], [ -79.094869532975977, 35.913253696582665 ] ] } },
{ "type": "Feature", "properties": { "FEEDER_NAME": "Jones Ferry Rd. N.E.", "SUBSTATION_NAME": "Westbrook", "wmType": "PRIMARY OVERHEAD", "WKT": "LINESTRING (-79.09218809513834 35.90663479830304, -79.09198570374382 35.906676666111004)" }, "geometry": { "type": "LineString", "coordinates": [ [ -79.09218809513834, 35.906634798303038 ], [ -79.091985703743816, 35.906676666111004 ] ] } },
{ "type": "Feature", "properties": { "FEEDER_NAME": "Jones Ferry Rd. N.E.", "SUBSTATION_NAME": "Westbrook", "wmType": "PRIMARY OVERHEAD", "WKT": "LINESTRING (-79.10782656209986 35.89723557326954, -79.10779015007759 35.89818613320695)" }, "geometry": { "type": "LineString", "coordinates": [ [ -79.107826562099859, 35.897235573269541 ], [ -79.107790150077591, 35.898186133206949 ] ] } },
{ "type": "Feature", "properties": { "FEEDER_NAME": "Jones Ferry Rd. N.E.", "SUBSTATION_NAME": "Westbrook", "wmType": "PRIMARY OVERHEAD", "WKT": "LINESTRING (-79.10779015007759 35.89818613320695, -79.10779483526173 35.89886300979882)" }, "geometry": { "type": "LineString", "coordinates": [ [ -79.107790150077591, 35.898186133206949 ], [ -79.107794835261728, 35.898863009798823 ] ] } },
{ "type": "Feature", "properties": { "FEEDER_NAME": "Jones Ferry Rd. N.E.", "SUBSTATION_NAME": "Westbrook", "wmType": "PRIMARY OVERHEAD", "WKT": "LINESTRING (-79.10779483526173 35.89886300979882, -79.10789168889796 35.899406647492206)" }, "geometry": { "type": "LineString", "coordinates": [ [ -79.107794835261728, 35.898863009798823 ], [ -79.107891688897965, 35.899406647492206 ] ] } },
{ "type": "Feature", "properties": { "FEEDER_NAME": "Jones Ferry Rd. N.E.", "SUBSTATION_NAME": "Westbrook", "wmType": "PRIMARY OVERHEAD", "WKT": "LINESTRING (-79.11001147455183 35.89520048124411, -79.11015526280315 35.89514496791563)" }, "geometry": { "type": "LineString", "coordinates": [ [ -79.110011474551825, 35.89520048124411 ], [ -79.110155262803147, 35.895144967915627 ] ] } },
{ "type": "Feature", "properties": { "FEEDER_NAME": "Jones Ferry Rd. N.E.", "SUBSTATION_NAME": "Westbrook", "wmType": "PRIMARY OVERHEAD", "WKT": "LINESTRING (-79.11015526280315 35.89514496791563, -79.11060772625909 35.89537268596363)" }, "geometry": { "type": "LineString", "coordinates": [ [ -79.110155262803147, 35.895144967915627 ], [ -79.11060772625909, 35.895372685963629 ] ] } },
{ "type": "Feature", "properties": { "FEEDER_NAME": "Jones Ferry Rd. N.E.", "SUBSTATION_NAME": "Westbrook", "wmType": "PRIMARY OVERHEAD", "WKT": "LINESTRING (-79.1131300263978 35.89156998565359, -79.11217377609601 35.891233842906146)" }, "geometry": { "type": "LineString", "coordinates": [ [ -79.113130026397798, 35.891569985653589 ], [ -79.112173776096014, 35.891233842906146 ] ] } },
{ "type": "Feature", "properties": { "FEEDER_NAME": "Jones Ferry Rd. N.E.", "SUBSTATION_NAME": "Westbrook", "wmType": "PRIMARY OVERHEAD", "WKT": "LINESTRING (-79.11217377609601 35.891233842906146, -79.11101542281845 35.890737055127296)" }, "geometry": { "type": "LineString", "coordinates": [ [ -79.112173776096014, 35.891233842906146 ], [ -79.111015422818454, 35.890737055127296 ] ] } },
{ "type": "Feature", "properties": { "FEEDER_NAME": "Jones Ferry Rd. N.E.", "SUBSTATION_NAME": "Westbrook", "wmType": "PRIMARY OVERHEAD", "WKT": "LINESTRING (-79.11101542281845 35.890737055127296, -79.10990110407485 35.890460569731616)" }, "geometry": { "type": "LineString", "coordinates": [ [ -79.111015422818454, 35.890737055127296 ], [ -79.109901104074851, 35.890460569731616 ] ] } },
{ "type": "Feature", "properties": { "FEEDER_NAME": "Jones Ferry Rd. N.E.", "SUBSTATION_NAME": "Westbrook", "wmType": "PRIMARY OVERHEAD", "WKT": "LINESTRING (-79.1138444007261 35.89086450064485, -79.1137259400169 35.89048571764911)" }, "geometry": { "type": "LineString", "coordinates": [ [ -79.113844400726094, 35.890864500644852 ], [ -79.113725940016906, 35.890485717649113 ] ] } },
{ "type": "Feature", "properties": { "FEEDER_NAME": "Jones Ferry Rd. N.E.", "SUBSTATION_NAME": "Westbrook", "wmType": "PRIMARY OVERHEAD", "WKT": "LINESTRING (-79.1137259400169 35.89048571764911, -79.11366930420107 35.890304619778085)" }, "geometry": { "type": "LineString", "coordinates": [ [ -79.113725940016906, 35.890485717649113 ], [ -79.113669304201068, 35.890304619778085 ] ] } },
{ "type": "Feature", "properties": { "FEEDER_NAME": "Jones Ferry Rd. N.E.", "SUBSTATION_NAME": "Westbrook", "wmType": "PRIMARY OVERHEAD", "WKT": "LINESTRING (-79.11415421110907 35.89013743999443, -79.11476169070106 35.8901299741214)" }, "geometry": { "type": "LineString", "coordinates": [ [ -79.114154211109067, 35.890137439994433 ], [ -79.114761690701059, 35.8901299741214 ] ] } },
{ "type": "Feature", "properties": { "FEEDER_NAME": "Jones Ferry Rd. N.E.", "SUBSTATION_NAME": "Westbrook", "wmType": "PRIMARY OVERHEAD", "WKT": "LINESTRING (-79.11366930420107 35.890304619778085, -79.11337228366204 35.889491478335344)" }, "geometry": { "type": "LineString", "coordinates": [ [ -79.113669304201068, 35.890304619778085 ], [ -79.113372283662045, 35.889491478335344 ] ] } },
{ "type": "Feature", "properties": { "FEEDER_NAME": "Jones Ferry Rd. N.E.", "SUBSTATION_NAME": "Westbrook", "wmType": "PRIMARY OVERHEAD", "WKT": "LINESTRING (-79.11337228366204 35.889491478335344, -79.11321445763264 35.8890847924216)" }, "geometry": { "type": "LineString", "coordinates": [ [ -79.113372283662045, 35.889491478335344 ], [ -79.113214457632637, 35.889084792421599 ] ] } },
{ "type": "Feature", "properties": { "FEEDER_NAME": "Jones Ferry Rd. N.E.", "SUBSTATION_NAME": "Westbrook", "wmType": "PRIMARY OVERHEAD", "WKT": "LINESTRING (-79.11321445763264 35.8890847924216, -79.1131089829369 35.88862160233927)" }, "geometry": { "type": "LineString", "coordinates": [ [ -79.113214457632637, 35.889084792421599 ], [ -79.113108982936893, 35.888621602339271 ] ] } },
{ "type": "Feature", "properties": { "FEEDER_NAME": "Jones Ferry Rd. N.E.", "SUBSTATION_NAME": "Westbrook", "wmType": "PRIMARY OVERHEAD", "WKT": "LINESTRING (-79.1131089829369 35.88862160233927, -79.11276938340107 35.888423185000946)" }, "geometry": { "type": "LineString", "coordinates": [ [ -79.113108982936893, 35.888621602339271 ], [ -79.112769383401073, 35.888423185000946 ] ] } },
{ "type": "Feature", "properties": { "FEEDER_NAME": "Jones Ferry Rd. N.E.", "SUBSTATION_NAME": "Westbrook", "wmType": "PRIMARY OVERHEAD", "WKT": "LINESTRING (-79.11276938340107 35.888423185000946, -79.11231004261765 35.8881302898701)" }, "geometry": { "type": "LineString", "coordinates": [ [ -79.112769383401073, 35.888423185000946 ], [ -79.112310042617651, 35.888130289870098 ] ] } },
{ "type": "Feature", "properties": { "FEEDER_NAME": "Jones Ferry Rd. N.E.", "SUBSTATION_NAME": "Westbrook", "wmType": "PRIMARY OVERHEAD", "WKT": "LINESTRING (-79.11231004261765 35.8881302898701, -79.11179255223196 35.88789703373167)" }, "geometry": { "type": "LineString", "coordinates": [ [ -79.112310042617651, 35.888130289870098 ], [ -79.111792552231961, 35.887897033731669 ] ] } },
{ "type": "Feature", "properties": { "FEEDER_NAME": "Jones Ferry Rd. N.E.", "SUBSTATION_NAME": "Westbrook", "wmType": "PRIMARY OVERHEAD", "WKT": "LINESTRING (-79.11179255223196 35.88789703373167, -79.11154228729582 35.88779597352979)" }, "geometry": { "type": "LineString", "coordinates": [ [ -79.111792552231961, 35.887897033731669 ], [ -79.111542287295819, 35.887795973529791 ] ] } },
{ "type": "Feature", "properties": { "FEEDER_NAME": "Jones Ferry Rd. N.E.", "SUBSTATION_NAME": "Westbrook", "wmType": "PRIMARY OVERHEAD", "WKT": "LINESTRING (-79.11154228729582 35.88779597352979, -79.11093716268317 35.887564386451764)" }, "geometry": { "type": "LineString", "coordinates": [ [ -79.111542287295819, 35.887795973529791 ], [ -79.110937162683172, 35.887564386451764 ] ] } },
{ "type": "Feature", "properties": { "FEEDER_NAME": "Jones Ferry Rd. N.E.", "SUBSTATION_NAME": "Westbrook", "wmType": "PRIMARY OVERHEAD", "WKT": "LINESTRING (-79.11093716268317 35.887564386451764, -79.11002330177077 35.88717665000338)" }, "geometry": { "type": "LineString", "coordinates": [ [ -79.110937162683172, 35.887564386451764 ], [ -79.110023301770767, 35.887176650003383 ] ] } },
{ "type": "Feature", "properties": { "FEEDER_NAME": "Jones Ferry Rd. N.E.", "SUBSTATION_NAME": "Westbrook", "wmType": "PRIMARY OVERHEAD", "WKT": "LINESTRING (-79.10943870315769 35.887436428887156, -79.1084369843493 35.887760559571504)" }, "geometry": { "type": "LineString", "coordinates": [ [ -79.109438703157693, 35.887436428887156 ], [ -79.108436984349296, 35.887760559571504 ] ] } },
{ "type": "Feature", "properties": { "FEEDER_NAME": "Jones Ferry Rd. N.E.", "SUBSTATION_NAME": "Westbrook", "wmType": "PRIMARY OVERHEAD", "WKT": "LINESTRING (-79.1084369843493 35.887760559571504, -79.10748929693757 35.88797518554807)" }, "geometry": { "type": "LineString", "coordinates": [ [ -79.108436984349296, 35.887760559571504 ], [ -79.107489296937572, 35.887975185548072 ] ] } },
{ "type": "Feature", "properties": { "FEEDER_NAME": "Jones Ferry Rd. N.E.", "SUBSTATION_NAME": "Westbrook", "wmType": "PRIMARY OVERHEAD", "WKT": "LINESTRING (-79.10748929693757 35.88797518554807, -79.10649451248362 35.888012595346396)" }, "geometry": { "type": "LineString", "coordinates": [ [ -79.107489296937572, 35.887975185548072 ], [ -79.106494512483621, 35.888012595346396 ] ] } },
{ "type": "Feature", "properties": { "FEEDER_NAME": "Jones Ferry Rd. N.E.", "SUBSTATION_NAME": "Westbrook", "wmType": "PRIMARY OVERHEAD", "WKT": "LINESTRING (-79.10649451248362 35.888012595346396, -79.10544883824498 35.88793715909932)" }, "geometry": { "type": "LineString", "coordinates": [ [ -79.106494512483621, 35.888012595346396 ], [ -79.105448838244982, 35.887937159099323 ] ] } },
{ "type": "Feature", "properties": { "FEEDER_NAME": "Jones Ferry Rd. N.E.", "SUBSTATION_NAME": "Westbrook", "wmType": "PRIMARY OVERHEAD", "WKT": "LINESTRING (-79.10544883824498 35.88793715909932, -79.10475979046339 35.887799376358686)" }, "geometry": { "type": "LineString", "coordinates": [ [ -79.105448838244982, 35.887937159099323 ], [ -79.10475979046339, 35.887799376358686 ] ] } },
{ "type": "Feature", "properties": { "FEEDER_NAME": "Jones Ferry Rd. N.E.", "SUBSTATION_NAME": "Westbrook", "wmType": "PRIMARY OVERHEAD", "WKT": "LINESTRING (-79.10475979046339 35.887799376358686, -79.10422571006076 35.8875892858727)" }, "geometry": { "type": "LineString", "coordinates": [ [ -79.10475979046339, 35.887799376358686 ], [ -79.10422571006076, 35.8875892858727 ] ] } },
{ "type": "Feature", "properties": { "FEEDER_NAME": "Jones Ferry Rd. N.E.", "SUBSTATION_NAME": "Westbrook", "wmType": "PRIMARY OVERHEAD", "WKT": "LINESTRING (-79.11002330177077 35.88717665000338, -79.10906427892634 35.88678892000872)" }, "geometry": { "type": "LineString", "coordinates": [ [ -79.110023301770767, 35.887176650003383 ], [ -79.10906427892634, 35.886788920008719 ] ] } },
{ "type": "Feature", "properties": { "FEEDER_NAME": "Jones Ferry Rd. N.E.", "SUBSTATION_NAME": "Westbrook", "wmType": "PRIMARY OVERHEAD", "WKT": "LINESTRING (-79.10906427892634 35.88678892000872, -79.10893278413333 35.88563584416197)" }, "geometry": { "type": "LineString", "coordinates": [ [ -79.10906427892634, 35.886788920008719 ], [ -79.10893278413333, 35.885635844161968 ] ] } },
{ "type": "Feature", "properties": { "FEEDER_NAME": "Jones Ferry Rd. N.E.", "SUBSTATION_NAME": "Westbrook", "wmType": "PRIMARY OVERHEAD", "WKT": "LINESTRING (-79.10893278413333 35.88563584416197, -79.10842972042776 35.88488875096021)" }, "geometry": { "type": "LineString", "coordinates": [ [ -79.10893278413333, 35.885635844161968 ], [ -79.108429720427765, 35.884888750960208 ] ] } },
{ "type": "Feature", "properties": { "FEEDER_NAME": "Jones Ferry Rd. N.E.", "SUBSTATION_NAME": "Westbrook", "wmType": "PRIMARY OVERHEAD", "WKT": "LINESTRING (-79.10891298040296 35.88456843594563, -79.1094216327805 35.8843054034061)" }, "geometry": { "type": "LineString", "coordinates": [ [ -79.108912980402962, 35.884568435945631 ], [ -79.109421632780496, 35.884305403406103 ] ] } },
{ "type": "Feature", "properties": { "FEEDER_NAME": "Jones Ferry Rd. N.E.", "SUBSTATION_NAME": "Westbrook", "wmType": "PRIMARY OVERHEAD", "WKT": "LINESTRING (-79.1094216327805 35.8843054034061, -79.11018699348672 35.884201089756)" }, "geometry": { "type": "LineString", "coordinates": [ [ -79.109421632780496, 35.884305403406103 ], [ -79.110186993486721, 35.884201089755997 ] ] } },
{ "type": "Feature", "properties": { "FEEDER_NAME": "Jones Ferry Rd. N.E.", "SUBSTATION_NAME": "Westbrook", "wmType": "PRIMARY OVERHEAD", "WKT": "LINESTRING (-79.11018699348672 35.884201089756, -79.11064440046725 35.88413908368767)" }, "geometry": { "type": "LineString", "coordinates": [ [ -79.110186993486721, 35.884201089755997 ], [ -79.110644400467251, 35.884139083687671 ] ] } },
{ "type": "Feature", "properties": { "FEEDER_NAME": "Jones Ferry Rd. N.E.", "SUBSTATION_NAME": "Westbrook", "wmType": "PRIMARY OVERHEAD", "WKT": "LINESTRING (-79.10842972042776 35.88488875096021, -79.10804782229648 35.884367863104636)" }, "geometry": { "type": "LineString", "coordinates": [ [ -79.108429720427765, 35.884888750960208 ], [ -79.108047822296484, 35.884367863104636 ] ] } },
{ "type": "Feature", "properties": { "FEEDER_NAME": "Jones Ferry Rd. N.E.", "SUBSTATION_NAME": "Westbrook", "wmType": "PRIMARY OVERHEAD", "WKT": "LINESTRING (-79.10804782229648 35.884367863104636, -79.1078137205593 35.88389626505708)" }, "geometry": { "type": "LineString", "coordinates": [ [ -79.108047822296484, 35.884367863104636 ], [ -79.107813720559307, 35.883896265057082 ] ] } },
{ "type": "Feature", "properties": { "FEEDER_NAME": "Jones Ferry Rd. N.E.", "SUBSTATION_NAME": "Westbrook", "wmType": "PRIMARY OVERHEAD", "WKT": "LINESTRING (-79.10842172189801 35.88353227123434, -79.10902374764008 35.88337225921225)" }, "geometry": { "type": "LineString", "coordinates": [ [ -79.108421721898011, 35.883532271234337 ], [ -79.10902374764008, 35.883372259212251 ] ] } },
{ "type": "Feature", "properties": { "FEEDER_NAME": "Jones Ferry Rd. N.E.", "SUBSTATION_NAME": "Westbrook", "wmType": "PRIMARY OVERHEAD", "WKT": "LINESTRING (-79.10902374764008 35.88337225921225, -79.10997474104313 35.88324827640609)" }, "geometry": { "type": "LineString", "coordinates": [ [ -79.10902374764008, 35.883372259212251 ], [ -79.109974741043132, 35.883248276406093 ] ] } },
{ "type": "Feature", "properties": { "FEEDER_NAME": "Jones Ferry Rd. N.E.", "SUBSTATION_NAME": "Westbrook", "wmType": "PRIMARY OVERHEAD", "WKT": "LINESTRING (-79.10997474104313 35.88324827640609, -79.11125875146105 35.88278025216156)" }, "geometry": { "type": "LineString", "coordinates": [ [ -79.109974741043132, 35.883248276406093 ], [ -79.111258751461051, 35.88278025216156 ] ] } },
{ "type": "Feature", "properties": { "FEEDER_NAME": "Jones Ferry Rd. N.E.", "SUBSTATION_NAME": "Westbrook", "wmType": "PRIMARY OVERHEAD", "WKT": "LINESTRING (-79.11125875146105 35.88278025216156, -79.11200258026845 35.882570344426384)" }, "geometry": { "type": "LineString", "coordinates": [ [ -79.111258751461051, 35.88278025216156 ], [ -79.112002580268452, 35.882570344426384 ] ] } },
{ "type": "Feature", "properties": { "FEEDER_NAME": "Jones Ferry Rd. N.E.", "SUBSTATION_NAME": "Westbrook", "wmType": "PRIMARY OVERHEAD", "WKT": "LINESTRING (-79.11200258026845 35.882570344426384, -79.11295362751324 35.88237367359161)" }, "geometry": { "type": "LineString", "coordinates": [ [ -79.112002580268452, 35.882570344426384 ], [ -79.112953627513235, 35.882373673591609 ] ] } },
{ "type": "Feature", "properties": { "FEEDER_NAME": "Jones Ferry Rd. N.E.", "SUBSTATION_NAME": "Westbrook", "wmType": "PRIMARY OVERHEAD", "WKT": "LINESTRING (-79.11125875146105 35.88278025216156, -79.11173535525403 35.88225298503616)" }, "geometry": { "type": "LineString", "coordinates": [ [ -79.111258751461051, 35.88278025216156 ], [ -79.111735355254027, 35.88225298503616 ] ] } },
{ "type": "Feature", "properties": { "FEEDER_NAME": "Jones Ferry Rd. N.E.", "SUBSTATION_NAME": "Westbrook", "wmType": "PRIMARY OVERHEAD", "WKT": "LINESTRING (-79.11173535525403 35.88225298503616, -79.11153987976815 35.881773611598014)" }, "geometry": { "type": "LineString", "coordinates": [ [ -79.111735355254027, 35.88225298503616 ], [ -79.111539879768145, 35.881773611598014 ] ] } },
{ "type": "Feature", "properties": { "FEEDER_NAME": "Jones Ferry Rd. N.E.", "SUBSTATION_NAME": "Westbrook", "wmType": "PRIMARY OVERHEAD", "WKT": "LINESTRING (-79.1078137205593 35.88389626505708, -79.10787011088709 35.88337669178468)" }, "geometry": { "type": "LineString", "coordinates": [ [ -79.107813720559307, 35.883896265057082 ], [ -79.107870110887092, 35.883376691784683 ] ] } },
{ "type": "Feature", "properties": { "FEEDER_NAME": "Jones Ferry Rd. N.E.", "SUBSTATION_NAME": "Westbrook", "wmType": "PRIMARY OVERHEAD", "WKT": "LINESTRING (-79.10659814094191 35.88081343095358, -79.10690044934506 35.88028985057919)" }, "geometry": { "type": "LineString", "coordinates": [ [ -79.106598140941912, 35.88081343095358 ], [ -79.106900449345062, 35.880289850579189 ] ] } },
{ "type": "Feature", "properties": { "FEEDER_NAME": "Jones Ferry Rd. N.E.", "SUBSTATION_NAME": "Westbrook", "wmType": "PRIMARY OVERHEAD", "WKT": "LINESTRING (-79.1108301088309 35.88832559548169, -79.11059961297046 35.88875730701905)" }, "geometry": { "type": "LineString", "coordinates": [ [ -79.110830108830896, 35.888325595481689 ], [ -79.110599612970461, 35.888757307019048 ] ] } },
{ "type": "Feature", "properties": { "FEEDER_NAME": "Jones Ferry Rd. N.E.", "SUBSTATION_NAME": "Westbrook", "wmType": "PRIMARY OVERHEAD", "WKT": "LINESTRING (-79.1128868912136 35.88771490308926, -79.11347430431204 35.88703741961213)" }, "geometry": { "type": "LineString", "coordinates": [ [ -79.112886891213606, 35.887714903089261 ], [ -79.113474304312035, 35.887037419612128 ] ] } },
{ "type": "Feature", "properties": { "FEEDER_NAME": "Jones Ferry Rd. N.E.", "SUBSTATION_NAME": "Westbrook", "wmType": "PRIMARY OVERHEAD", "WKT": "LINESTRING (-79.11347430431204 35.88703741961213, -79.11440794428353 35.88693487429014)" }, "geometry": { "type": "LineString", "coordinates": [ [ -79.113474304312035, 35.887037419612128 ], [ -79.114407944283528, 35.886934874290141 ] ] } },
{ "type": "Feature", "properties": { "FEEDER_NAME": "Jones Ferry Rd. N.E.", "SUBSTATION_NAME": "Westbrook", "wmType": "PRIMARY OVERHEAD", "WKT": "LINESTRING (-79.1107178228563 35.894261235959014, -79.11012437789698 35.89475500420522)" }, "geometry": { "type": "LineString", "coordinates": [ [ -79.110717822856301, 35.894261235959014 ], [ -79.11012437789698, 35.894755004205223 ] ] } },
{ "type": "Feature", "properties": { "FEEDER_NAME": "Jones Ferry Rd. N.E.", "SUBSTATION_NAME": "Westbrook", "wmType": "PRIMARY OVERHEAD", "WKT": "LINESTRING (-79.1151162755748 35.89138250020412, -79.11455071331379 35.89160159920449)" }, "geometry": { "type": "LineString", "coordinates": [ [ -79.115116275574806, 35.891382500204116 ], [ -79.11455071331379, 35.891601599204492 ] ] } },
{ "type": "Feature", "properties": { "FEEDER_NAME": "Jones Ferry Rd. N.E.", "SUBSTATION_NAME": "Westbrook", "wmType": "PRIMARY OVERHEAD", "WKT": "LINESTRING (-79.11455071331379 35.89160159920449, -79.11414382513199 35.891819036611686)" }, "geometry": { "type": "LineString", "coordinates": [ [ -79.11455071331379, 35.891601599204492 ], [ -79.11414382513199, 35.891819036611686 ] ] } },
{ "type": "Feature", "properties": { "FEEDER_NAME": "Jones Ferry Rd. N.E.", "SUBSTATION_NAME": "Westbrook", "wmType": "PRIMARY OVERHEAD", "WKT": "LINESTRING (-79.11414382513199 35.891819036611686, -79.11354532913047 35.89231818407861)" }, "geometry": { "type": "LineString", "coordinates": [ [ -79.11414382513199, 35.891819036611686 ], [ -79.113545329130474, 35.892318184078611 ] ] } },
{ "type": "Feature", "properties": { "FEEDER_NAME": "Jones Ferry Rd. N.E.", "SUBSTATION_NAME": "Westbrook", "wmType": "PRIMARY OVERHEAD", "WKT": "LINESTRING (-79.11354532913047 35.89231818407861, -79.11313602829519 35.89260249203531)" }, "geometry": { "type": "LineString", "coordinates": [ [ -79.113545329130474, 35.892318184078611 ], [ -79.113136028295187, 35.892602492035309 ] ] } },
{ "type": "Feature", "properties": { "FEEDER_NAME": "Jones Ferry Rd. N.E.", "SUBSTATION_NAME": "Westbrook", "wmType": "PRIMARY OVERHEAD", "WKT": "LINESTRING (-79.11313602829519 35.89260249203531, -79.11267000132015 35.89293008137286)" }, "geometry": { "type": "LineString", "coordinates": [ [ -79.113136028295187, 35.892602492035309 ], [ -79.112670001320154, 35.89293008137286 ] ] } },
{ "type": "Feature", "properties": { "FEEDER_NAME": "Jones Ferry Rd. N.E.", "SUBSTATION_NAME": "Westbrook", "wmType": "PRIMARY OVERHEAD", "WKT": "LINESTRING (-79.11267000132015 35.89293008137286, -79.11222370878484 35.89323972370286)" }, "geometry": { "type": "LineString", "coordinates": [ [ -79.112670001320154, 35.89293008137286 ], [ -79.112223708784839, 35.893239723702862 ] ] } },
{ "type": "Feature", "properties": { "FEEDER_NAME": "Jones Ferry Rd. N.E.", "SUBSTATION_NAME": "Westbrook", "wmType": "PRIMARY OVERHEAD", "WKT": "LINESTRING (-79.11222370878484 35.89323972370286, -79.1117009956496 35.89360983195691)" }, "geometry": { "type": "LineString", "coordinates": [ [ -79.112223708784839, 35.893239723702862 ], [ -79.111700995649599, 35.893609831956908 ] ] } },
{ "type": "Feature", "properties": { "FEEDER_NAME": "Jones Ferry Rd. N.E.", "SUBSTATION_NAME": "Westbrook", "wmType": "PRIMARY OVERHEAD", "WKT": "LINESTRING (-79.1117009956496 35.89360983195691, -79.11153550043811 35.89374060824009)" }, "geometry": { "type": "LineString", "coordinates": [ [ -79.111700995649599, 35.893609831956908 ], [ -79.111535500438109, 35.893740608240087 ] ] } },
{ "type": "Feature", "properties": { "FEEDER_NAME": "Jones Ferry Rd. N.E.", "SUBSTATION_NAME": "Westbrook", "wmType": "PRIMARY OVERHEAD", "WKT": "LINESTRING (-79.11153550043811 35.89374060824009, -79.11107834646799 35.89402806058479)" }, "geometry": { "type": "LineString", "coordinates": [ [ -79.111535500438109, 35.893740608240087 ], [ -79.111078346467991, 35.894028060584787 ] ] } },
{ "type": "Feature", "properties": { "FEEDER_NAME": "Jones Ferry Rd. N.E.", "SUBSTATION_NAME": "Westbrook", "wmType": "PRIMARY OVERHEAD", "WKT": "LINESTRING (-79.11107834646799 35.89402806058479, -79.1107178228563 35.894261235959014)" }, "geometry": { "type": "LineString", "coordinates": [ [ -79.111078346467991, 35.894028060584787 ], [ -79.110717822856301, 35.894261235959014 ] ] } },
{ "type": "Feature", "properties": { "FEEDER_NAME": "Jones Ferry Rd. N.E.", "SUBSTATION_NAME": "Westbrook", "wmType": "PRIMARY OVERHEAD", "WKT": "LINESTRING (-79.10731829017756 35.88257809858285, -79.10709793162444 35.88183783256301)" }, "geometry": { "type": "LineString", "coordinates": [ [ -79.10731829017756, 35.882578098582847 ], [ -79.107097931624438, 35.881837832563008 ] ] } },
{ "type": "Feature", "properties": { "FEEDER_NAME": "Jones Ferry Rd. N.E.", "SUBSTATION_NAME": "Westbrook", "wmType": "PRIMARY OVERHEAD", "WKT": "LINESTRING (-79.10709793162444 35.88183783256301, -79.10659814094191 35.88081343095358)" }, "geometry": { "type": "LineString", "coordinates": [ [ -79.107097931624438, 35.881837832563008 ], [ -79.106598140941912, 35.88081343095358 ] ] } },
{ "type": "Feature", "properties": { "FEEDER_NAME": "Jones Ferry Rd. N.E.", "SUBSTATION_NAME": "Westbrook", "wmType": "PRIMARY OVERHEAD", "WKT": "LINESTRING (-79.10659814094191 35.88081343095358, -79.10652315761318 35.880012355401504)" }, "geometry": { "type": "LineString", "coordinates": [ [ -79.106598140941912, 35.88081343095358 ], [ -79.106523157613182, 35.880012355401504 ] ] } },
{ "type": "Feature", "properties": { "FEEDER_NAME": "Jones Ferry Rd. N.E.", "SUBSTATION_NAME": "Westbrook", "wmType": "PRIMARY OVERHEAD", "WKT": "LINESTRING (-79.09295316193503 35.9089260228416, -79.09276530096822 35.9089873931537)" }, "geometry": { "type": "LineString", "coordinates": [ [ -79.092953161935029, 35.908926022841598 ], [ -79.092765300968225, 35.908987393153701 ] ] } },
{ "type": "Feature", "properties": { "FEEDER_NAME": "Jones Ferry Rd. N.E.", "SUBSTATION_NAME": "Westbrook", "wmType": "PRIMARY OVERHEAD", "WKT": "LINESTRING (-79.09247979981504 35.907363184648815, -79.09322826859666 35.90718966565122)" }, "geometry": { "type": "LineString", "coordinates": [ [ -79.092479799815038, 35.907363184648815 ], [ -79.093228268596661, 35.907189665651217 ] ] } },
{ "type": "Feature", "properties": { "FEEDER_NAME": "Jones Ferry Rd. N.E.", "SUBSTATION_NAME": "Westbrook", "wmType": "PRIMARY OVERHEAD", "WKT": "LINESTRING (-79.09322826859666 35.90718966565122, -79.09404622284956 35.906779351046346)" }, "geometry": { "type": "LineString", "coordinates": [ [ -79.093228268596661, 35.907189665651217 ], [ -79.094046222849556, 35.906779351046346 ] ] } }
]
}
