{
"type": "FeatureCollection",
"name": "CARRBORO_RSDC_underground",
"crs": { "type": "name", "properties": { "name": "urn:ogc:def:crs:OGC:1.3:CRS84" } },
"features": [
{ "type": "Feature", "properties": { "FEEDER_NAME": "RSDC", "SUBSTATION_NAME": "CARRBORO", "wmType": "SECONDARY UNDERGROUND", "WKT": "LINESTRING (-79.07623150895519 35.893608470572666, -79.07621803670214 35.893581959791575)" }, "geometry": { "type": "LineString", "coordinates": [ [ -79.076231508955189, 35.893608470572666 ], [ -79.076218036702144, 35.893581959791575 ] ] } },
{ "type": "Feature", "properties": { "FEEDER_NAME": "RSDC", "SUBSTATION_NAME": "CARRBORO", "wmType": "SECONDARY UNDERGROUND", "WKT": "LINESTRING (-79.07757065397985 35.893738295452394, -79.07778702271888 35.89376441099936, -79.07787851436771 35.8940015030847, -79.07791971524478 35.893987104514686)" }, "geometry": { "type": "LineString", "coordinates": [ [ -79.077570653979848, 35.893738295452394 ], [ -79.07778702271888, 35.89376441099936 ], [ -79.077878514367711, 35.894001503084702 ], [ -79.077919715244775, 35.893987104514686 ] ] } },
{ "type": "Feature", "properties": { "FEEDER_NAME": "RSDC", "SUBSTATION_NAME": "CARRBORO", "wmType": "SECONDARY UNDERGROUND", "WKT": "LINESTRING (-79.07730672484908 35.8935790764972, -79.07689782140517 35.8933858113677, -79.07686212862755 35.89341597632073)" }, "geometry": { "type": "LineString", "coordinates": [ [ -79.07730672484908, 35.893579076497197 ], [ -79.076897821405169, 35.8933858113677 ], [ -79.076862128627553, 35.893415976320732 ] ] } },
{ "type": "Feature", "properties": { "FEEDER_NAME": "RSDC", "SUBSTATION_NAME": "CARRBORO", "wmType": "SECONDARY UNDERGROUND", "WKT": "LINESTRING (-79.07730672484908 35.8935790764972, -79.0771806507958 35.893525592459476, -79.07715595132535 35.89353788570659)" }, "geometry": { "type": "LineString", "coordinates": [ [ -79.07730672484908, 35.893579076497197 ], [ -79.077180650795796, 35.893525592459476 ], [ -79.077155951325352, 35.893537885706593 ] ] } },
{ "type": "Feature", "properties": { "FEEDER_NAME": "RSDC", "SUBSTATION_NAME": "CARRBORO", "wmType": "SECONDARY UNDERGROUND", "WKT": "LINESTRING (-79.07730672484908 35.8935790764972, -79.07704587896585 35.89346466537026, -79.0770151388077 35.89347874158685)" }, "geometry": { "type": "LineString", "coordinates": [ [ -79.07730672484908, 35.893579076497197 ], [ -79.077045878965848, 35.89346466537026 ], [ -79.077015138807695, 35.893478741586847 ] ] } },
{ "type": "Feature", "properties": { "FEEDER_NAME": "RSDC", "SUBSTATION_NAME": "CARRBORO", "wmType": "SECONDARY UNDERGROUND", "WKT": "LINESTRING (-79.07701057796793 35.89215254260965, -79.07678412370248 35.892061893794704)" }, "geometry": { "type": "LineString", "coordinates": [ [ -79.077010577967926, 35.892152542609651 ], [ -79.076784123702481, 35.892061893794704 ] ] } },
{ "type": "Feature", "properties": { "FEEDER_NAME": "RSDC", "SUBSTATION_NAME": "CARRBORO", "wmType": "SECONDARY UNDERGROUND", "WKT": "LINESTRING (-79.07701057796793 35.89215254260965, -79.07704091061342 35.8923841553358)" }, "geometry": { "type": "LineString", "coordinates": [ [ -79.077010577967926, 35.892152542609651 ], [ -79.07704091061342, 35.892384155335797 ] ] } },
{ "type": "Feature", "properties": { "FEEDER_NAME": "RSDC", "SUBSTATION_NAME": "CARRBORO", "wmType": "SECONDARY UNDERGROUND", "WKT": "LINESTRING (-79.07701057796793 35.89215254260965, -79.07703700473087 35.892206182647314, -79.07708978436457 35.89223476586524, -79.0771271636644 35.89224189232319)" }, "geometry": { "type": "LineString", "coordinates": [ [ -79.077010577967926, 35.892152542609651 ], [ -79.077037004730869, 35.892206182647314 ], [ -79.077089784364574, 35.89223476586524 ], [ -79.0771271636644, 35.892241892323192 ] ] } },
{ "type": "Feature", "properties": { "FEEDER_NAME": "RSDC", "SUBSTATION_NAME": "CARRBORO", "wmType": "SECONDARY UNDERGROUND", "WKT": "LINESTRING (-79.0771271636644 35.89224189232319, -79.0772908837634 35.892331004769034)" }, "geometry": { "type": "LineString", "coordinates": [ [ -79.0771271636644, 35.892241892323192 ], [ -79.077290883763396, 35.892331004769034 ] ] } },
{ "type": "Feature", "properties": { "FEEDER_NAME": "RSDC", "SUBSTATION_NAME": "CARRBORO", "wmType": "SECONDARY UNDERGROUND", "WKT": "LINESTRING (-79.07701057796793 35.89215254260965, -79.07703842466059 35.89215730737351)" }, "geometry": { "type": "LineString", "coordinates": [ [ -79.077010577967926, 35.892152542609651 ], [ -79.077038424660586, 35.892157307373509 ] ] } },
{ "type": "Feature", "properties": { "FEEDER_NAME": "RSDC", "SUBSTATION_NAME": "CARRBORO", "wmType": "SECONDARY UNDERGROUND", "WKT": "LINESTRING (-79.07701057796793 35.89215254260965, -79.07699954685174 35.892109624734644, -79.07699730723215 35.89206670130968, -79.0770170422639 35.89201661032409, -79.07706316133148 35.891975444557445, -79.07714173166868 35.891941532722214)" }, "geometry": { "type": "LineString", "coordinates": [ [ -79.077010577967926, 35.892152542609651 ], [ -79.076999546851738, 35.892109624734644 ], [ -79.076997307232148, 35.89206670130968 ], [ -79.077017042263904, 35.892016610324092 ], [ -79.077063161331481, 35.891975444557445 ], [ -79.077141731668675, 35.891941532722214 ] ] } },
{ "type": "Feature", "properties": { "FEEDER_NAME": "RSDC", "SUBSTATION_NAME": "CARRBORO", "wmType": "SECONDARY UNDERGROUND", "WKT": "LINESTRING (-79.07714173166868 35.891941532722214, -79.07732445437995 35.89187350160934)" }, "geometry": { "type": "LineString", "coordinates": [ [ -79.077141731668675, 35.891941532722214 ], [ -79.077324454379948, 35.891873501609339 ] ] } },
{ "type": "Feature", "properties": { "FEEDER_NAME": "RSDC", "SUBSTATION_NAME": "CARRBORO", "wmType": "SECONDARY UNDERGROUND", "WKT": "LINESTRING (-79.07714173166868 35.891941532722214, -79.07702787553497 35.891852057810425)" }, "geometry": { "type": "LineString", "coordinates": [ [ -79.077141731668675, 35.891941532722214 ], [ -79.077027875534966, 35.891852057810425 ] ] } },
{ "type": "Feature", "properties": { "FEEDER_NAME": "RSDC", "SUBSTATION_NAME": "CARRBORO", "wmType": "SECONDARY UNDERGROUND", "WKT": "LINESTRING (-79.07779541032532 35.89095149369682, -79.07780410249556 35.8909727013697, -79.07779876504188 35.89117195541397)" }, "geometry": { "type": "LineString", "coordinates": [ [ -79.077795410325322, 35.890951493696818 ], [ -79.077804102495563, 35.890972701369698 ], [ -79.077798765041877, 35.891171955413967 ] ] } },
{ "type": "Feature", "properties": { "FEEDER_NAME": "RSDC", "SUBSTATION_NAME": "CARRBORO", "wmType": "SECONDARY UNDERGROUND", "WKT": "LINESTRING (-79.07779541032532 35.89095149369682, -79.07796564629099 35.89105360341009)" }, "geometry": { "type": "LineString", "coordinates": [ [ -79.077795410325322, 35.890951493696818 ], [ -79.077965646290991, 35.891053603410093 ] ] } },
{ "type": "Feature", "properties": { "FEEDER_NAME": "RSDC", "SUBSTATION_NAME": "CARRBORO", "wmType": "SECONDARY UNDERGROUND", "WKT": "LINESTRING (-79.07779541032532 35.89095149369682, -79.07803137925738 35.8908389371006)" }, "geometry": { "type": "LineString", "coordinates": [ [ -79.077795410325322, 35.890951493696818 ], [ -79.078031379257382, 35.890838937100597 ] ] } },
{ "type": "Feature", "properties": { "FEEDER_NAME": "RSDC", "SUBSTATION_NAME": "CARRBORO", "wmType": "SECONDARY UNDERGROUND", "WKT": "LINESTRING (-79.07779541032532 35.89095149369682, -79.07781162668581 35.89092551933699, -79.07782038047077 35.89084741890404, -79.07782033681919 35.89080210830762, -79.07781296034348 35.89074964959649, -79.07780119224873 35.89070196251279, -79.07778943224673 35.890663814880796, -79.07777198429856 35.89062082723656, -79.07774848733851 35.89060293319519)" }, "geometry": { "type": "LineString", "coordinates": [ [ -79.077795410325322, 35.890951493696818 ], [ -79.077811626685815, 35.890925519336989 ], [ -79.077820380470769, 35.890847418904038 ], [ -79.077820336819187, 35.890802108307618 ], [ -79.077812960343479, 35.890749649596493 ], [ -79.077801192248728, 35.890701962512793 ], [ -79.077789432246732, 35.890663814880796 ], [ -79.077771984298565, 35.89062082723656 ], [ -79.077748487338511, 35.89060293319519 ] ] } },
{ "type": "Feature", "properties": { "FEEDER_NAME": "RSDC", "SUBSTATION_NAME": "CARRBORO", "wmType": "SECONDARY UNDERGROUND", "WKT": "LINESTRING (-79.07774848733851 35.89060293319519, -79.0777431455388 35.89058027227229, -79.07771457819487 35.890536279533514, -79.07768083368526 35.890492183729556, -79.07765150035999 35.89046477826075, -79.07760605293377 35.89043022483657)" }, "geometry": { "type": "LineString", "coordinates": [ [ -79.077748487338511, 35.89060293319519 ], [ -79.077743145538804, 35.890580272272288 ], [ -79.077714578194872, 35.890536279533514 ], [ -79.077680833685264, 35.890492183729556 ], [ -79.077651500359991, 35.89046477826075 ], [ -79.077606052933774, 35.890430224836571 ] ] } },
{ "type": "Feature", "properties": { "FEEDER_NAME": "RSDC", "SUBSTATION_NAME": "CARRBORO", "wmType": "SECONDARY UNDERGROUND", "WKT": "LINESTRING (-79.07760605293377 35.89043022483657, -79.0775809993653 35.89039915370581, -79.07758435322228 35.89037717404201, -79.0775674570341 35.89036070253922, -79.07754041681603 35.890327752530865, -79.07750665875025 35.89033052117439, -79.07747288334645 35.89031405947958, -79.07733104260647 35.89026744721842, -79.07716571217351 35.890250701925524, -79.0771618692043 35.89019095113804)" }, "geometry": { "type": "LineString", "coordinates": [ [ -79.077606052933774, 35.890430224836571 ], [ -79.077580999365296, 35.890399153705808 ], [ -79.077584353222278, 35.890377174042008 ], [ -79.077567457034107, 35.890360702539219 ], [ -79.077540416816035, 35.890327752530865 ], [ -79.077506658750252, 35.890330521174391 ], [ -79.077472883346445, 35.890314059479579 ], [ -79.077331042606474, 35.89026744721842 ], [ -79.07716571217351, 35.890250701925524 ], [ -79.077161869204303, 35.890190951138038 ] ] } },
{ "type": "Feature", "properties": { "FEEDER_NAME": "RSDC", "SUBSTATION_NAME": "CARRBORO", "wmType": "SECONDARY UNDERGROUND", "WKT": "LINESTRING (-79.07774848733851 35.89060293319519, -79.07789465395729 35.890449386611046)" }, "geometry": { "type": "LineString", "coordinates": [ [ -79.077748487338511, 35.89060293319519 ], [ -79.077894653957287, 35.890449386611046 ] ] } },
{ "type": "Feature", "properties": { "FEEDER_NAME": "RSDC", "SUBSTATION_NAME": "CARRBORO", "wmType": "SECONDARY UNDERGROUND", "WKT": "LINESTRING (-79.07774848733851 35.89060293319519, -79.07798716657256 35.89067024926795)" }, "geometry": { "type": "LineString", "coordinates": [ [ -79.077748487338511, 35.89060293319519 ], [ -79.077987166572555, 35.890670249267949 ] ] } },
{ "type": "Feature", "properties": { "FEEDER_NAME": "RSDC", "SUBSTATION_NAME": "CARRBORO", "wmType": "SECONDARY UNDERGROUND", "WKT": "LINESTRING (-79.07779541032532 35.89095149369682, -79.07778093142826 35.890966679175285, -79.0777781200047 35.89109068670595, -79.07760961888481 35.89108438480662)" }, "geometry": { "type": "LineString", "coordinates": [ [ -79.077795410325322, 35.890951493696818 ], [ -79.077780931428265, 35.890966679175285 ], [ -79.077778120004695, 35.891090686705951 ], [ -79.077609618884807, 35.891084384806618 ] ] } },
{ "type": "Feature", "properties": { "FEEDER_NAME": "RSDC", "SUBSTATION_NAME": "CARRBORO", "wmType": "SECONDARY UNDERGROUND", "WKT": "LINESTRING (-79.07760961888481 35.89108438480662, -79.07736578473408 35.89119155573511)" }, "geometry": { "type": "LineString", "coordinates": [ [ -79.077609618884807, 35.891084384806618 ], [ -79.077365784734084, 35.891191555735112 ] ] } },
{ "type": "Feature", "properties": { "FEEDER_NAME": "RSDC", "SUBSTATION_NAME": "CARRBORO", "wmType": "SECONDARY UNDERGROUND", "WKT": "LINESTRING (-79.07760961888481 35.89108438480662, -79.07739814083821 35.89098181406319)" }, "geometry": { "type": "LineString", "coordinates": [ [ -79.077609618884807, 35.891084384806618 ], [ -79.077398140838213, 35.890981814063188 ] ] } },
{ "type": "Feature", "properties": { "FEEDER_NAME": "RSDC", "SUBSTATION_NAME": "CARRBORO", "wmType": "SECONDARY UNDERGROUND", "WKT": "LINESTRING (-79.07773999945154 35.891819412246335, -79.07795255137722 35.8916684740911)" }, "geometry": { "type": "LineString", "coordinates": [ [ -79.077739999451538, 35.891819412246335 ], [ -79.077952551377223, 35.891668474091098 ] ] } },
{ "type": "Feature", "properties": { "FEEDER_NAME": "RSDC", "SUBSTATION_NAME": "CARRBORO", "wmType": "SECONDARY UNDERGROUND", "WKT": "LINESTRING (-79.07773999945154 35.891819412246335, -79.07776193732745 35.8917764734217, -79.07779894192257 35.891390109985906)" }, "geometry": { "type": "LineString", "coordinates": [ [ -79.077739999451538, 35.891819412246335 ], [ -79.077761937327452, 35.8917764734217 ], [ -79.077798941922566, 35.891390109985906 ] ] } },
{ "type": "Feature", "properties": { "FEEDER_NAME": "RSDC", "SUBSTATION_NAME": "CARRBORO", "wmType": "SECONDARY UNDERGROUND", "WKT": "LINESTRING (-79.07779894192257 35.891390109985906, -79.07795270823145 35.891304177451545)" }, "geometry": { "type": "LineString", "coordinates": [ [ -79.077798941922566, 35.891390109985906 ], [ -79.07795270823145, 35.891304177451545 ] ] } },
{ "type": "Feature", "properties": { "FEEDER_NAME": "RSDC", "SUBSTATION_NAME": "CARRBORO", "wmType": "SECONDARY UNDERGROUND", "WKT": "LINESTRING (-79.07779894192257 35.891390109985906, -79.07796831443328 35.89153310090913)" }, "geometry": { "type": "LineString", "coordinates": [ [ -79.077798941922566, 35.891390109985906 ], [ -79.077968314433278, 35.891533100909129 ] ] } },
{ "type": "Feature", "properties": { "FEEDER_NAME": "RSDC", "SUBSTATION_NAME": "CARRBORO", "wmType": "SECONDARY UNDERGROUND", "WKT": "LINESTRING (-79.07773999945154 35.891819412246335, -79.07793742651421 35.89189363706482)" }, "geometry": { "type": "LineString", "coordinates": [ [ -79.077739999451538, 35.891819412246335 ], [ -79.077937426514211, 35.891893637064818 ] ] } },
{ "type": "Feature", "properties": { "FEEDER_NAME": "RSDC", "SUBSTATION_NAME": "CARRBORO", "wmType": "SECONDARY UNDERGROUND", "WKT": "LINESTRING (-79.07773999945154 35.891819412246335, -79.07760030409389 35.8915103710947)" }, "geometry": { "type": "LineString", "coordinates": [ [ -79.077739999451538, 35.891819412246335 ], [ -79.077600304093892, 35.891510371094697 ] ] } },
{ "type": "Feature", "properties": { "FEEDER_NAME": "RSDC", "SUBSTATION_NAME": "CARRBORO", "wmType": "SECONDARY UNDERGROUND", "WKT": "LINESTRING (-79.07760030409389 35.8915103710947, -79.07740021882331 35.89161764943523)" }, "geometry": { "type": "LineString", "coordinates": [ [ -79.077600304093892, 35.891510371094697 ], [ -79.077400218823314, 35.891617649435233 ] ] } },
{ "type": "Feature", "properties": { "FEEDER_NAME": "RSDC", "SUBSTATION_NAME": "CARRBORO", "wmType": "SECONDARY UNDERGROUND", "WKT": "LINESTRING (-79.07760030409389 35.8915103710947, -79.07743517321826 35.89142026578997)" }, "geometry": { "type": "LineString", "coordinates": [ [ -79.077600304093892, 35.891510371094697 ], [ -79.077435173218262, 35.891420265789968 ] ] } },
{ "type": "Feature", "properties": { "FEEDER_NAME": "RSDC", "SUBSTATION_NAME": "CARRBORO", "wmType": "SECONDARY UNDERGROUND", "WKT": "LINESTRING (-79.07773999945154 35.891819412246335, -79.07770942617131 35.892026902241675, -79.07767098709802 35.892023447667746)" }, "geometry": { "type": "LineString", "coordinates": [ [ -79.077739999451538, 35.891819412246335 ], [ -79.07770942617131, 35.892026902241675 ], [ -79.077670987098017, 35.892023447667746 ] ] } },
{ "type": "Feature", "properties": { "FEEDER_NAME": "RSDC", "SUBSTATION_NAME": "CARRBORO", "wmType": "SECONDARY UNDERGROUND", "WKT": "LINESTRING (-79.07758635290928 35.89273244222488, -79.07763175485718 35.892935012217485)" }, "geometry": { "type": "LineString", "coordinates": [ [ -79.077586352909279, 35.892732442224883 ], [ -79.07763175485718, 35.892935012217485 ] ] } },
{ "type": "Feature", "properties": { "FEEDER_NAME": "RSDC", "SUBSTATION_NAME": "CARRBORO", "wmType": "SECONDARY UNDERGROUND", "WKT": "LINESTRING (-79.07766692446442 35.89230711019897, -79.07768335162962 35.89233991279078, -79.07768343591258 35.89242755150344, -79.07767911183504 35.89250267293968, -79.07766818005943 35.89256349030343, -79.07764624879638 35.89261358278241, -79.07761114287892 35.89267978101294, -79.07758040686033 35.89271735990048, -79.07758635290928 35.89273244222488)" }, "geometry": { "type": "LineString", "coordinates": [ [ -79.077666924464424, 35.892307110198971 ], [ -79.077683351629616, 35.892339912790781 ], [ -79.077683435912576, 35.892427551503438 ], [ -79.077679111835039, 35.892502672939678 ], [ -79.077668180059433, 35.892563490303431 ], [ -79.077646248796384, 35.89261358278241 ], [ -79.077611142878922, 35.892679781012937 ], [ -79.077580406860335, 35.89271735990048 ], [ -79.077586352909279, 35.892732442224883 ] ] } },
{ "type": "Feature", "properties": { "FEEDER_NAME": "RSDC", "SUBSTATION_NAME": "CARRBORO", "wmType": "SECONDARY UNDERGROUND", "WKT": "LINESTRING (-79.07758635290928 35.89273244222488, -79.07777749062367 35.89270096038251)" }, "geometry": { "type": "LineString", "coordinates": [ [ -79.077586352909279, 35.892732442224883 ], [ -79.077777490623674, 35.892700960382513 ] ] } },
{ "type": "Feature", "properties": { "FEEDER_NAME": "RSDC", "SUBSTATION_NAME": "CARRBORO", "wmType": "SECONDARY UNDERGROUND", "WKT": "LINESTRING (-79.07766692446442 35.89230711019897, -79.07785431559734 35.89207165449209)" }, "geometry": { "type": "LineString", "coordinates": [ [ -79.077666924464424, 35.892307110198971 ], [ -79.077854315597335, 35.892071654492092 ] ] } },
{ "type": "Feature", "properties": { "FEEDER_NAME": "RSDC", "SUBSTATION_NAME": "CARRBORO", "wmType": "SECONDARY UNDERGROUND", "WKT": "LINESTRING (-79.07766692446442 35.89230711019897, -79.07784508622366 35.89236092556162)" }, "geometry": { "type": "LineString", "coordinates": [ [ -79.077666924464424, 35.892307110198971 ], [ -79.077845086223661, 35.892360925561619 ] ] } },
{ "type": "Feature", "properties": { "FEEDER_NAME": "RSDC", "SUBSTATION_NAME": "CARRBORO", "wmType": "SECONDARY UNDERGROUND", "WKT": "LINESTRING (-79.07721389317034 35.892918206614254, -79.07723943193027 35.8929069394117, -79.07729242307816 35.89289092745032, -79.07733025223787 35.89287935771349, -79.07737438360331 35.89286040495375, -79.07741280089675 35.89283726381704)" }, "geometry": { "type": "LineString", "coordinates": [ [ -79.077213893170338, 35.892918206614254 ], [ -79.077239431930266, 35.892906939411702 ], [ -79.077292423078163, 35.892890927450317 ], [ -79.077330252237871, 35.89287935771349 ], [ -79.077374383603313, 35.892860404953751 ], [ -79.077412800896752, 35.892837263817043 ] ] } },
{ "type": "Feature", "properties": { "FEEDER_NAME": "RSDC", "SUBSTATION_NAME": "CARRBORO", "wmType": "SECONDARY UNDERGROUND", "WKT": "LINESTRING (-79.07721389317034 35.892918206614254, -79.07713455474695 35.89308250498119)" }, "geometry": { "type": "LineString", "coordinates": [ [ -79.077213893170338, 35.892918206614254 ], [ -79.077134554746948, 35.893082504981187 ] ] } },
{ "type": "Feature", "properties": { "FEEDER_NAME": "RSDC", "SUBSTATION_NAME": "CARRBORO", "wmType": "SECONDARY UNDERGROUND", "WKT": "LINESTRING (-79.07721389317034 35.892918206614254, -79.07716518688785 35.89293582556849, -79.07691793195764 35.892939839309626)" }, "geometry": { "type": "LineString", "coordinates": [ [ -79.077213893170338, 35.892918206614254 ], [ -79.077165186887854, 35.892935825568493 ], [ -79.076917931957638, 35.892939839309626 ] ] } },
{ "type": "Feature", "properties": { "FEEDER_NAME": "RSDC", "SUBSTATION_NAME": "CARRBORO", "wmType": "SECONDARY UNDERGROUND", "WKT": "LINESTRING (-79.07691793195764 35.892939839309626, -79.0768586166455 35.8931556995506)" }, "geometry": { "type": "LineString", "coordinates": [ [ -79.076917931957638, 35.892939839309626 ], [ -79.076858616645495, 35.893155699550597 ] ] } },
{ "type": "Feature", "properties": { "FEEDER_NAME": "RSDC", "SUBSTATION_NAME": "CARRBORO", "wmType": "SECONDARY UNDERGROUND", "WKT": "LINESTRING (-79.07691793195764 35.892939839309626, -79.07688822645306 35.89292705764905, -79.07684206761972 35.892927086731326, -79.07677832681331 35.89293070325516, -79.07671020095798 35.89294505528659, -79.07663988705066 35.892968349636355, -79.07657836527679 35.89299342752449, -79.07651685024216 35.89302565996516, -79.07647598574779 35.893042944747236)" }, "geometry": { "type": "LineString", "coordinates": [ [ -79.076917931957638, 35.892939839309626 ], [ -79.076888226453065, 35.892927057649047 ], [ -79.076842067619722, 35.892927086731326 ], [ -79.076778326813312, 35.892930703255161 ], [ -79.076710200957976, 35.892945055286589 ], [ -79.076639887050661, 35.892968349636355 ], [ -79.076578365276788, 35.892993427524488 ], [ -79.076516850242157, 35.893025659965161 ], [ -79.076475985747791, 35.893042944747236 ] ] } },
{ "type": "Feature", "properties": { "FEEDER_NAME": "RSDC", "SUBSTATION_NAME": "CARRBORO", "wmType": "SECONDARY UNDERGROUND", "WKT": "LINESTRING (-79.07721389317034 35.892918206614254, -79.07709253137406 35.892780254246716)" }, "geometry": { "type": "LineString", "coordinates": [ [ -79.077213893170338, 35.892918206614254 ], [ -79.077092531374063, 35.892780254246716 ] ] } },
{ "type": "Feature", "properties": { "FEEDER_NAME": "RSDC", "SUBSTATION_NAME": "CARRBORO", "wmType": "SECONDARY UNDERGROUND", "WKT": "LINESTRING (-79.07709253137406 35.892780254246716, -79.07729415937158 35.892530366800294)" }, "geometry": { "type": "LineString", "coordinates": [ [ -79.077092531374063, 35.892780254246716 ], [ -79.077294159371576, 35.892530366800294 ] ] } },
{ "type": "Feature", "properties": { "FEEDER_NAME": "RSDC", "SUBSTATION_NAME": "CARRBORO", "wmType": "SECONDARY UNDERGROUND", "WKT": "LINESTRING (-79.07709253137406 35.892780254246716, -79.07699568075303 35.89266586362069)" }, "geometry": { "type": "LineString", "coordinates": [ [ -79.077092531374063, 35.892780254246716 ], [ -79.076995680753029, 35.892665863620692 ] ] } },
{ "type": "Feature", "properties": { "FEEDER_NAME": "RSDC", "SUBSTATION_NAME": "CARRBORO", "wmType": "SECONDARY UNDERGROUND", "WKT": "LINESTRING (-79.07721389317034 35.892918206614254, -79.07737353972018 35.893102256344626)" }, "geometry": { "type": "LineString", "coordinates": [ [ -79.077213893170338, 35.892918206614254 ], [ -79.077373539720185, 35.893102256344626 ] ] } },
{ "type": "Feature", "properties": { "FEEDER_NAME": "RSDC", "SUBSTATION_NAME": "CARRBORO", "wmType": "SECONDARY UNDERGROUND", "WKT": "LINESTRING (-79.07824578888581 35.8926627924428, -79.07825184131495 35.89249256557932)" }, "geometry": { "type": "LineString", "coordinates": [ [ -79.078245788885809, 35.892662792442799 ], [ -79.078251841314952, 35.892492565579317 ] ] } },
{ "type": "Feature", "properties": { "FEEDER_NAME": "RSDC", "SUBSTATION_NAME": "CARRBORO", "wmType": "SECONDARY UNDERGROUND", "WKT": "LINESTRING (-79.07825184131495 35.89249256557932, -79.07828912401165 35.89240893354823)" }, "geometry": { "type": "LineString", "coordinates": [ [ -79.078251841314952, 35.892492565579317 ], [ -79.078289124011647, 35.892408933548232 ] ] } },
{ "type": "Feature", "properties": { "FEEDER_NAME": "RSDC", "SUBSTATION_NAME": "CARRBORO", "wmType": "SECONDARY UNDERGROUND", "WKT": "LINESTRING (-79.07828912401165 35.89240893354823, -79.07832641768596 35.892336702152136)" }, "geometry": { "type": "LineString", "coordinates": [ [ -79.078289124011647, 35.892408933548232 ], [ -79.078326417685957, 35.892336702152136 ] ] } },
{ "type": "Feature", "properties": { "FEEDER_NAME": "RSDC", "SUBSTATION_NAME": "CARRBORO", "wmType": "SECONDARY UNDERGROUND", "WKT": "LINESTRING (-79.07832641768596 35.892336702152136, -79.07838417969775 35.8922472678301)" }, "geometry": { "type": "LineString", "coordinates": [ [ -79.078326417685957, 35.892336702152136 ], [ -79.07838417969775, 35.892247267830101 ] ] } },
{ "type": "Feature", "properties": { "FEEDER_NAME": "RSDC", "SUBSTATION_NAME": "CARRBORO", "wmType": "SECONDARY UNDERGROUND", "WKT": "LINESTRING (-79.07820536966003 35.89281220487574, -79.07826898122725 35.89279768816259)" }, "geometry": { "type": "LineString", "coordinates": [ [ -79.078205369660026, 35.892812204875739 ], [ -79.078268981227254, 35.892797688162588 ] ] } },
{ "type": "Feature", "properties": { "FEEDER_NAME": "RSDC", "SUBSTATION_NAME": "CARRBORO", "wmType": "SECONDARY UNDERGROUND", "WKT": "LINESTRING (-79.09375321152235 35.9099507902732, -79.09375301696569 35.909964525382215)" }, "geometry": { "type": "LineString", "coordinates": [ [ -79.093753211522355, 35.9099507902732 ], [ -79.093753016965692, 35.909964525382215 ] ] } },
{ "type": "Feature", "properties": { "FEEDER_NAME": "RSDC", "SUBSTATION_NAME": "CARRBORO", "wmType": "SECONDARY UNDERGROUND", "WKT": "LINESTRING (-79.0950670321377 35.91191199850507, -79.09506683779979 35.911925733606296)" }, "geometry": { "type": "LineString", "coordinates": [ [ -79.095067032137706, 35.911911998505069 ], [ -79.095066837799791, 35.911925733606296 ] ] } },
{ "type": "Feature", "properties": { "FEEDER_NAME": "RSDC", "SUBSTATION_NAME": "CARRBORO", "wmType": "SECONDARY UNDERGROUND", "WKT": "LINESTRING (-79.08254173357888 35.89972595207776, -79.0825415371403 35.899739687220205)" }, "geometry": { "type": "LineString", "coordinates": [ [ -79.082541733578879, 35.899725952077759 ], [ -79.082541537140301, 35.899739687220205 ] ] } },
{ "type": "Feature", "properties": { "FEEDER_NAME": "RSDC", "SUBSTATION_NAME": "CARRBORO", "wmType": "SECONDARY UNDERGROUND", "WKT": "LINESTRING (-79.07707429667778 35.89059988104329, -79.07707409933171 35.89061361622237)" }, "geometry": { "type": "LineString", "coordinates": [ [ -79.077074296677779, 35.890599881043293 ], [ -79.07707409933171, 35.890613616222367 ] ] } },
{ "type": "Feature", "properties": { "FEEDER_NAME": "RSDC", "SUBSTATION_NAME": "CARRBORO", "wmType": "SECONDARY UNDERGROUND", "WKT": "LINESTRING (-79.0969978891106 35.876568925192046, -79.09699769518595 35.87658266047228)" }, "geometry": { "type": "LineString", "coordinates": [ [ -79.096997889110597, 35.876568925192046 ], [ -79.096997695185948, 35.87658266047228 ] ] } },
{ "type": "Feature", "properties": { "FEEDER_NAME": "RSDC", "SUBSTATION_NAME": "CARRBORO", "wmType": "SECONDARY UNDERGROUND", "WKT": "LINESTRING (-79.09702915665595 35.87656883542831, -79.09702896273662 35.87658257070856)" }, "geometry": { "type": "LineString", "coordinates": [ [ -79.09702915665595, 35.876568835428309 ], [ -79.097028962736616, 35.876582570708557 ] ] } },
{ "type": "Feature", "properties": { "FEEDER_NAME": "RSDC", "SUBSTATION_NAME": "CARRBORO", "wmType": "SECONDARY UNDERGROUND", "WKT": "LINESTRING (-79.09507825564924 35.91146608650229, -79.0950684980466 35.91142082347139)" }, "geometry": { "type": "LineString", "coordinates": [ [ -79.095078255649241, 35.911466086502287 ], [ -79.095068498046601, 35.911420823471389 ] ] } },
{ "type": "Feature", "properties": { "FEEDER_NAME": "RSDC", "SUBSTATION_NAME": "CARRBORO", "wmType": "SECONDARY UNDERGROUND", "WKT": "LINESTRING (-79.07585001344465 35.894788749782286, -79.07597468548663 35.89476959241815, -79.0760354495998 35.89472876135987, -79.07610373892841 35.894668691662076)" }, "geometry": { "type": "LineString", "coordinates": [ [ -79.075850013444651, 35.894788749782286 ], [ -79.075974685486628, 35.89476959241815 ], [ -79.0760354495998, 35.894728761359872 ], [ -79.07610373892841, 35.894668691662076 ] ] } },
{ "type": "Feature", "properties": { "FEEDER_NAME": "RSDC", "SUBSTATION_NAME": "CARRBORO", "wmType": "SECONDARY UNDERGROUND", "WKT": "LINESTRING (-79.08888258757558 35.88034559321727, -79.08900082597968 35.87998939557088, -79.0891588627904 35.879876716982615, -79.08908152239475 35.87980157333947)" }, "geometry": { "type": "LineString", "coordinates": [ [ -79.088882587575583, 35.880345593217271 ], [ -79.089000825979682, 35.879989395570881 ], [ -79.089158862790399, 35.879876716982615 ], [ -79.08908152239475, 35.879801573339471 ] ] } },
{ "type": "Feature", "properties": { "FEEDER_NAME": "RSDC", "SUBSTATION_NAME": "CARRBORO", "wmType": "SECONDARY UNDERGROUND", "WKT": "LINESTRING (-79.07369073032518 35.89714833469057, -79.07374078230137 35.89716207642418)" }, "geometry": { "type": "LineString", "coordinates": [ [ -79.073690730325183, 35.89714833469057 ], [ -79.073740782301371, 35.897162076424181 ] ] } },
{ "type": "Feature", "properties": { "FEEDER_NAME": "RSDC", "SUBSTATION_NAME": "CARRBORO", "wmType": "SECONDARY UNDERGROUND", "WKT": "LINESTRING (-79.07535045562614 35.889198313744174, -79.07533976192414 35.889191581254835, -79.0752111285057 35.889035728606906, -79.07524871143487 35.888979040976054, -79.07526917441098 35.88899304462309)" }, "geometry": { "type": "LineString", "coordinates": [ [ -79.075350455626136, 35.889198313744174 ], [ -79.075339761924141, 35.889191581254835 ], [ -79.0752111285057, 35.889035728606906 ], [ -79.075248711434867, 35.888979040976054 ], [ -79.075269174410977, 35.888993044623092 ] ] } },
{ "type": "Feature", "properties": { "FEEDER_NAME": "RSDC", "SUBSTATION_NAME": "CARRBORO", "wmType": "SECONDARY UNDERGROUND", "WKT": "LINESTRING (-79.08670995513538 35.89914047712964, -79.08669591428713 35.89916624194663, -79.08677875788507 35.899343605270886, -79.08682096346956 35.899343575244885)" }, "geometry": { "type": "LineString", "coordinates": [ [ -79.086709955135376, 35.899140477129642 ], [ -79.086695914287134, 35.899166241946631 ], [ -79.086778757885071, 35.899343605270886 ], [ -79.086820963469563, 35.899343575244885 ] ] } },
{ "type": "Feature", "properties": { "FEEDER_NAME": "RSDC", "SUBSTATION_NAME": "CARRBORO", "wmType": "SECONDARY UNDERGROUND", "WKT": "LINESTRING (-79.08670995513538 35.89914047712964, -79.08676989379333 35.89927779365663, -79.08679803390199 35.89928063528944)" }, "geometry": { "type": "LineString", "coordinates": [ [ -79.086709955135376, 35.899140477129642 ], [ -79.086769893793331, 35.89927779365663 ], [ -79.086798033901985, 35.899280635289443 ] ] } },
{ "type": "Feature", "properties": { "FEEDER_NAME": "RSDC", "SUBSTATION_NAME": "CARRBORO", "wmType": "SECONDARY UNDERGROUND", "WKT": "LINESTRING (-79.08670995513538 35.89914047712964, -79.08683657310819 35.899141817451856)" }, "geometry": { "type": "LineString", "coordinates": [ [ -79.086709955135376, 35.899140477129642 ], [ -79.086836573108187, 35.899141817451856 ] ] } },
{ "type": "Feature", "properties": { "FEEDER_NAME": "RSDC", "SUBSTATION_NAME": "CARRBORO", "wmType": "SECONDARY UNDERGROUND", "WKT": "LINESTRING (-79.08667782839916 35.89907685868988, -79.08665532877494 35.89905000761964)" }, "geometry": { "type": "LineString", "coordinates": [ [ -79.086677828399161, 35.899076858689881 ], [ -79.086655328774938, 35.899050007619643 ] ] } },
{ "type": "Feature", "properties": { "FEEDER_NAME": "RSDC", "SUBSTATION_NAME": "CARRBORO", "wmType": "SECONDARY UNDERGROUND", "WKT": "LINESTRING (-79.07817510308284 35.887609711341746, -79.0781905071334 35.887609275149565, -79.0782047819346 35.8876185089375, -79.07816215206685 35.88778727327921, -79.07807678065062 35.887904377516406, -79.07806548935267 35.887923444751706)" }, "geometry": { "type": "LineString", "coordinates": [ [ -79.078175103082842, 35.887609711341746 ], [ -79.078190507133399, 35.887609275149565 ], [ -79.078204781934602, 35.8876185089375 ], [ -79.078162152066852, 35.887787273279208 ], [ -79.078076780650619, 35.887904377516406 ], [ -79.078065489352667, 35.887923444751706 ] ] } },
{ "type": "Feature", "properties": { "FEEDER_NAME": "RSDC", "SUBSTATION_NAME": "CARRBORO", "wmType": "SECONDARY UNDERGROUND", "WKT": "LINESTRING (-79.08888258757558 35.88034559321727, -79.08892401113795 35.88033937100693)" }, "geometry": { "type": "LineString", "coordinates": [ [ -79.088882587575583, 35.880345593217271 ], [ -79.088924011137948, 35.880339371006933 ] ] } },
{ "type": "Feature", "properties": { "FEEDER_NAME": "RSDC", "SUBSTATION_NAME": "CARRBORO", "wmType": "SECONDARY UNDERGROUND", "WKT": "LINESTRING (-79.091379937181 35.91105628930707, -79.09138038730272 35.9110457896934, -79.09142512201421 35.9109677141754)" }, "geometry": { "type": "LineString", "coordinates": [ [ -79.091379937181003, 35.911056289307069 ], [ -79.091380387302721, 35.911045789693397 ], [ -79.091425122014215, 35.910967714175399 ] ] } },
{ "type": "Feature", "properties": { "FEEDER_NAME": "RSDC", "SUBSTATION_NAME": "CARRBORO", "wmType": "SECONDARY UNDERGROUND", "WKT": "LINESTRING (-79.091379937181 35.91105628930707, -79.09146036365121 35.91123465546023, -79.09154590159591 35.9113770917884, -79.09167458848343 35.9114067210435)" }, "geometry": { "type": "LineString", "coordinates": [ [ -79.091379937181003, 35.911056289307069 ], [ -79.091460363651208, 35.911234655460227 ], [ -79.091545901595907, 35.911377091788403 ], [ -79.091674588483428, 35.911406721043498 ] ] } },
{ "type": "Feature", "properties": { "FEEDER_NAME": "RSDC", "SUBSTATION_NAME": "CARRBORO", "wmType": "SECONDARY UNDERGROUND", "WKT": "LINESTRING (-79.09263728749886 35.91208970143103, -79.09264181071657 35.912106670424315, -79.09271385004322 35.91229804694501)" }, "geometry": { "type": "LineString", "coordinates": [ [ -79.09263728749886, 35.912089701431029 ], [ -79.092641810716572, 35.912106670424315 ], [ -79.092713850043225, 35.912298046945011 ] ] } },
{ "type": "Feature", "properties": { "FEEDER_NAME": "RSDC", "SUBSTATION_NAME": "CARRBORO", "wmType": "SECONDARY UNDERGROUND", "WKT": "LINESTRING (-79.09263728749886 35.91208970143103, -79.09294015413 35.91202486397002)" }, "geometry": { "type": "LineString", "coordinates": [ [ -79.09263728749886, 35.912089701431029 ], [ -79.092940154130005, 35.912024863970018 ] ] } },
{ "type": "Feature", "properties": { "FEEDER_NAME": "RSDC", "SUBSTATION_NAME": "CARRBORO", "wmType": "SECONDARY UNDERGROUND", "WKT": "LINESTRING (-79.09263728749886 35.91208970143103, -79.09232771569378 35.91209395315306)" }, "geometry": { "type": "LineString", "coordinates": [ [ -79.09263728749886, 35.912089701431029 ], [ -79.092327715693784, 35.912093953153061 ] ] } },
{ "type": "Feature", "properties": { "FEEDER_NAME": "RSDC", "SUBSTATION_NAME": "CARRBORO", "wmType": "SECONDARY UNDERGROUND", "WKT": "LINESTRING (-79.07623150895519 35.893608470572666, -79.07643265189392 35.89368029527386)" }, "geometry": { "type": "LineString", "coordinates": [ [ -79.076231508955189, 35.893608470572666 ], [ -79.076432651893924, 35.89368029527386 ] ] } },
{ "type": "Feature", "properties": { "FEEDER_NAME": "RSDC", "SUBSTATION_NAME": "CARRBORO", "wmType": "SECONDARY UNDERGROUND", "WKT": "LINESTRING (-79.08189272933942 35.8873356299712, -79.08189016155916 35.88724347990248)" }, "geometry": { "type": "LineString", "coordinates": [ [ -79.081892729339415, 35.887335629971197 ], [ -79.081890161559159, 35.88724347990248 ] ] } },
{ "type": "Feature", "properties": { "FEEDER_NAME": "RSDC", "SUBSTATION_NAME": "CARRBORO", "wmType": "SECONDARY UNDERGROUND", "WKT": "LINESTRING (-79.086441945442 35.89800890074575, -79.08657702728189 35.89809008844191, -79.08671377296547 35.89810293590139)" }, "geometry": { "type": "LineString", "coordinates": [ [ -79.086441945442004, 35.898008900745751 ], [ -79.086577027281891, 35.898090088441911 ], [ -79.086713772965467, 35.898102935901392 ] ] } },
{ "type": "Feature", "properties": { "FEEDER_NAME": "RSDC", "SUBSTATION_NAME": "CARRBORO", "wmType": "SECONDARY UNDERGROUND", "WKT": "LINESTRING (-79.0969978891106 35.876568925192046, -79.09702915665595 35.87656883542831)" }, "geometry": { "type": "LineString", "coordinates": [ [ -79.096997889110597, 35.876568925192046 ], [ -79.09702915665595, 35.876568835428309 ] ] } },
{ "type": "Feature", "properties": { "FEEDER_NAME": "RSDC", "SUBSTATION_NAME": "CARRBORO", "wmType": "SECONDARY UNDERGROUND", "WKT": "LINESTRING (-79.08695079390951 35.89906160993663, -79.08670995513538 35.89914047712964)" }, "geometry": { "type": "LineString", "coordinates": [ [ -79.086950793909509, 35.899061609936631 ], [ -79.086709955135376, 35.899140477129642 ] ] } },
{ "type": "Feature", "properties": { "FEEDER_NAME": "RSDC", "SUBSTATION_NAME": "CARRBORO", "wmType": "SECONDARY UNDERGROUND", "WKT": "LINESTRING (-79.086441945442 35.89800890074575, -79.08658125649336 35.89820259199281)" }, "geometry": { "type": "LineString", "coordinates": [ [ -79.086441945442004, 35.898008900745751 ], [ -79.086581256493361, 35.898202591992813 ] ] } },
{ "type": "Feature", "properties": { "FEEDER_NAME": "RSDC", "SUBSTATION_NAME": "CARRBORO", "wmType": "SECONDARY UNDERGROUND", "WKT": "LINESTRING (-79.086441945442 35.89800890074575, -79.08657765581509 35.898261019972146)" }, "geometry": { "type": "LineString", "coordinates": [ [ -79.086441945442004, 35.898008900745751 ], [ -79.086577655815091, 35.898261019972146 ] ] } },
{ "type": "Feature", "properties": { "FEEDER_NAME": "RSDC", "SUBSTATION_NAME": "CARRBORO", "wmType": "SECONDARY UNDERGROUND", "WKT": "LINESTRING (-79.08726371528172 35.89976235792789, -79.08709748010779 35.89973399362101, -79.0870868947202 35.89970252304667)" }, "geometry": { "type": "LineString", "coordinates": [ [ -79.087263715281722, 35.899762357927891 ], [ -79.087097480107786, 35.899733993621012 ], [ -79.087086894720201, 35.89970252304667 ] ] } },
{ "type": "Feature", "properties": { "FEEDER_NAME": "RSDC", "SUBSTATION_NAME": "CARRBORO", "wmType": "SECONDARY UNDERGROUND", "WKT": "LINESTRING (-79.08726371528172 35.89976235792789, -79.08695506274631 35.89975985093869, -79.08689330579479 35.89956816360156, -79.08691263523208 35.89955384159195)" }, "geometry": { "type": "LineString", "coordinates": [ [ -79.087263715281722, 35.899762357927891 ], [ -79.086955062746313, 35.899759850938693 ], [ -79.086893305794788, 35.899568163601558 ], [ -79.086912635232082, 35.899553841591953 ] ] } },
{ "type": "Feature", "properties": { "FEEDER_NAME": "RSDC", "SUBSTATION_NAME": "CARRBORO", "wmType": "SECONDARY UNDERGROUND", "WKT": "LINESTRING (-79.08726371528172 35.89976235792789, -79.08694452669806 35.89977416668801, -79.08685808359928 35.89952097103216, -79.08687914642226 35.89948375460609)" }, "geometry": { "type": "LineString", "coordinates": [ [ -79.087263715281722, 35.899762357927891 ], [ -79.086944526698062, 35.899774166688012 ], [ -79.086858083599282, 35.89952097103216 ], [ -79.086879146422262, 35.899483754606088 ] ] } },
{ "type": "Feature", "properties": { "FEEDER_NAME": "RSDC", "SUBSTATION_NAME": "CARRBORO", "wmType": "SECONDARY UNDERGROUND", "WKT": "LINESTRING (-79.08726371528172 35.89976235792789, -79.08693398602553 35.89978418951674, -79.08684049174695 35.89951526025764, -79.08684917591431 35.89941366600618)" }, "geometry": { "type": "LineString", "coordinates": [ [ -79.087263715281722, 35.899762357927891 ], [ -79.086933986025528, 35.899784189516737 ], [ -79.086840491746955, 35.899515260257637 ], [ -79.08684917591431, 35.899413666006183 ] ] } },
{ "type": "Feature", "properties": { "FEEDER_NAME": "RSDC", "SUBSTATION_NAME": "CARRBORO", "wmType": "SECONDARY UNDERGROUND", "WKT": "LINESTRING (-79.07935297589302 35.89104863318115, -79.07959219332454 35.89135032671648)" }, "geometry": { "type": "LineString", "coordinates": [ [ -79.079352975893016, 35.89104863318115 ], [ -79.079592193324544, 35.891350326716477 ] ] } },
{ "type": "Feature", "properties": { "FEEDER_NAME": "RSDC", "SUBSTATION_NAME": "CARRBORO", "wmType": "SECONDARY UNDERGROUND", "WKT": "LINESTRING (-79.07563464988567 35.89670430123652, -79.0753206164568 35.89705992066397)" }, "geometry": { "type": "LineString", "coordinates": [ [ -79.075634649885671, 35.896704301236518 ], [ -79.075320616456807, 35.89705992066397 ] ] } },
{ "type": "Feature", "properties": { "FEEDER_NAME": "RSDC", "SUBSTATION_NAME": "CARRBORO", "wmType": "SECONDARY UNDERGROUND", "WKT": "LINESTRING (-79.07593828994882 35.895720462471964, -79.07596386237653 35.895640213937725)" }, "geometry": { "type": "LineString", "coordinates": [ [ -79.075938289948823, 35.895720462471964 ], [ -79.075963862376526, 35.895640213937725 ] ] } },
{ "type": "Feature", "properties": { "FEEDER_NAME": "RSDC", "SUBSTATION_NAME": "CARRBORO", "wmType": "SECONDARY UNDERGROUND", "WKT": "LINESTRING (-79.08668374908585 35.88081736795479, -79.08669761382622 35.88081106964262, -79.08676851179442 35.88081926083424, -79.08679887808947 35.880805503224686, -79.0868528622603 35.88078073998896, -79.08698453117442 35.88079712937269, -79.08703850640353 35.880764124457805, -79.08715329808109 35.88078052570101, -79.08715667671578 35.880783270488024)" }, "geometry": { "type": "LineString", "coordinates": [ [ -79.08668374908585, 35.880817367954791 ], [ -79.086697613826217, 35.880811069642618 ], [ -79.086768511794418, 35.880819260834237 ], [ -79.086798878089468, 35.880805503224686 ], [ -79.086852862260301, 35.880780739988957 ], [ -79.086984531174423, 35.880797129372688 ], [ -79.08703850640353, 35.880764124457805 ], [ -79.087153298081091, 35.880780525701013 ], [ -79.087156676715779, 35.880783270488024 ] ] } },
{ "type": "Feature", "properties": { "FEEDER_NAME": "RSDC", "SUBSTATION_NAME": "CARRBORO", "wmType": "SECONDARY UNDERGROUND", "WKT": "LINESTRING (-79.09725855943842 35.86944804210731, -79.09736437398288 35.86937693033981, -79.09794988124837 35.86925560849627, -79.09798901446543 35.86919683105483, -79.09799304609159 35.86912634396265)" }, "geometry": { "type": "LineString", "coordinates": [ [ -79.097258559438416, 35.869448042107308 ], [ -79.097364373982884, 35.869376930339811 ], [ -79.097949881248368, 35.869255608496267 ], [ -79.097989014465426, 35.869196831054829 ], [ -79.097993046091588, 35.869126343962648 ] ] } },
{ "type": "Feature", "properties": { "FEEDER_NAME": "RSDC", "SUBSTATION_NAME": "CARRBORO", "wmType": "SECONDARY UNDERGROUND", "WKT": "LINESTRING (-79.092768684394 35.903124315678475, -79.09271669806095 35.90300167940661)" }, "geometry": { "type": "LineString", "coordinates": [ [ -79.092768684394002, 35.903124315678475 ], [ -79.092716698060954, 35.903001679406607 ] ] } },
{ "type": "Feature", "properties": { "FEEDER_NAME": "RSDC", "SUBSTATION_NAME": "CARRBORO", "wmType": "SECONDARY UNDERGROUND", "WKT": "LINESTRING (-79.09483225649167 35.91286728593589, -79.09525230453053 35.912874515301866)" }, "geometry": { "type": "LineString", "coordinates": [ [ -79.094832256491671, 35.912867285935889 ], [ -79.095252304530533, 35.912874515301866 ] ] } },
{ "type": "Feature", "properties": { "FEEDER_NAME": "RSDC", "SUBSTATION_NAME": "CARRBORO", "wmType": "SECONDARY UNDERGROUND", "WKT": "LINESTRING (-79.09507825564924 35.91146608650229, -79.0950670321377 35.91191199850507)" }, "geometry": { "type": "LineString", "coordinates": [ [ -79.095078255649241, 35.911466086502287 ], [ -79.095067032137706, 35.911911998505069 ] ] } },
{ "type": "Feature", "properties": { "FEEDER_NAME": "RSDC", "SUBSTATION_NAME": "CARRBORO", "wmType": "SECONDARY UNDERGROUND", "WKT": "LINESTRING (-79.09411668475535 35.90991532990355, -79.09491468731993 35.9098543289936)" }, "geometry": { "type": "LineString", "coordinates": [ [ -79.094116684755349, 35.909915329903548 ], [ -79.094914687319928, 35.909854328993603 ] ] } },
{ "type": "Feature", "properties": { "FEEDER_NAME": "RSDC", "SUBSTATION_NAME": "CARRBORO", "wmType": "SECONDARY UNDERGROUND", "WKT": "LINESTRING (-79.08321480832943 35.9027091070581, -79.08328310966876 35.902778565531776)" }, "geometry": { "type": "LineString", "coordinates": [ [ -79.08321480832943, 35.902709107058101 ], [ -79.083283109668756, 35.902778565531776 ] ] } },
{ "type": "Feature", "properties": { "FEEDER_NAME": "RSDC", "SUBSTATION_NAME": "CARRBORO", "wmType": "SECONDARY UNDERGROUND", "WKT": "LINESTRING (-79.07730774266675 35.88643337056671, -79.07730689864613 35.88643101056862, -79.0772684164461 35.88621407861878, -79.07720415885737 35.8860932426988, -79.07710289517125 35.886107042722735, -79.07710965482569 35.88611528003686)" }, "geometry": { "type": "LineString", "coordinates": [ [ -79.077307742666747, 35.886433370566706 ], [ -79.077306898646128, 35.886431010568622 ], [ -79.077268416446103, 35.886214078618778 ], [ -79.07720415885737, 35.886093242698799 ], [ -79.077102895171251, 35.886107042722735 ], [ -79.077109654825691, 35.886115280036861 ] ] } },
{ "type": "Feature", "properties": { "FEEDER_NAME": "RSDC", "SUBSTATION_NAME": "CARRBORO", "wmType": "SECONDARY UNDERGROUND", "WKT": "LINESTRING (-79.07888979464202 35.890173582754066, -79.07910232514382 35.89026074868147)" }, "geometry": { "type": "LineString", "coordinates": [ [ -79.078889794642024, 35.890173582754066 ], [ -79.079102325143822, 35.89026074868147 ] ] } },
{ "type": "Feature", "properties": { "FEEDER_NAME": "RSDC", "SUBSTATION_NAME": "CARRBORO", "wmType": "SECONDARY UNDERGROUND", "WKT": "LINESTRING (-79.07339076890351 35.89748774229474, -79.07354173273998 35.89748621110258)" }, "geometry": { "type": "LineString", "coordinates": [ [ -79.073390768903508, 35.897487742294743 ], [ -79.073541732739983, 35.897486211102581 ] ] } },
{ "type": "Feature", "properties": { "FEEDER_NAME": "RSDC", "SUBSTATION_NAME": "CARRBORO", "wmType": "SECONDARY UNDERGROUND", "WKT": "LINESTRING (-79.07339076890351 35.89748774229474, -79.07333683885051 35.89724367910386)" }, "geometry": { "type": "LineString", "coordinates": [ [ -79.073390768903508, 35.897487742294743 ], [ -79.073336838850508, 35.897243679103859 ] ] } },
{ "type": "Feature", "properties": { "FEEDER_NAME": "RSDC", "SUBSTATION_NAME": "CARRBORO", "wmType": "SECONDARY UNDERGROUND", "WKT": "LINESTRING (-79.08653201179682 35.89851178423152, -79.08656163486222 35.898512519414695)" }, "geometry": { "type": "LineString", "coordinates": [ [ -79.08653201179682, 35.898511784231523 ], [ -79.086561634862221, 35.898512519414695 ] ] } },
{ "type": "Feature", "properties": { "FEEDER_NAME": "RSDC", "SUBSTATION_NAME": "CARRBORO", "wmType": "SECONDARY UNDERGROUND", "WKT": "LINESTRING (-79.08653201179682 35.89851178423152, -79.08656775568664 35.898664936882895, -79.08663905972587 35.898808864630205)" }, "geometry": { "type": "LineString", "coordinates": [ [ -79.08653201179682, 35.898511784231523 ], [ -79.086567755686644, 35.898664936882895 ], [ -79.086639059725869, 35.898808864630205 ] ] } },
{ "type": "Feature", "properties": { "FEEDER_NAME": "RSDC", "SUBSTATION_NAME": "CARRBORO", "wmType": "SECONDARY UNDERGROUND", "WKT": "LINESTRING (-79.08653201179682 35.89851178423152, -79.08657661586777 35.89865807525597, -79.08662139490023 35.89873495108532)" }, "geometry": { "type": "LineString", "coordinates": [ [ -79.08653201179682, 35.898511784231523 ], [ -79.08657661586777, 35.898658075255973 ], [ -79.086621394900234, 35.898734951085324 ] ] } },
{ "type": "Feature", "properties": { "FEEDER_NAME": "RSDC", "SUBSTATION_NAME": "CARRBORO", "wmType": "SECONDARY UNDERGROUND", "WKT": "LINESTRING (-79.07869933855164 35.889503142173176, -79.07869104449917 35.889512069589145, -79.07833108491073 35.889570852133566, -79.07824741334142 35.889643539679476, -79.07827682640169 35.88971332184171, -79.07830965698216 35.88971728726463)" }, "geometry": { "type": "LineString", "coordinates": [ [ -79.078699338551644, 35.889503142173176 ], [ -79.078691044499166, 35.889512069589145 ], [ -79.078331084910729, 35.889570852133566 ], [ -79.078247413341415, 35.889643539679476 ], [ -79.078276826401691, 35.889713321841711 ], [ -79.078309656982157, 35.889717287264631 ] ] } },
{ "type": "Feature", "properties": { "FEEDER_NAME": "RSDC", "SUBSTATION_NAME": "CARRBORO", "wmType": "SECONDARY UNDERGROUND", "WKT": "LINESTRING (-79.08653201179682 35.89851178423152, -79.0865845965995 35.898584143501)" }, "geometry": { "type": "LineString", "coordinates": [ [ -79.08653201179682, 35.898511784231523 ], [ -79.086584596599494, 35.898584143500997 ] ] } },
{ "type": "Feature", "properties": { "FEEDER_NAME": "RSDC", "SUBSTATION_NAME": "CARRBORO", "wmType": "SECONDARY UNDERGROUND", "WKT": "LINESTRING (-79.08695079390951 35.89906160993663, -79.08667782839916 35.89907685868988)" }, "geometry": { "type": "LineString", "coordinates": [ [ -79.086950793909509, 35.899061609936631 ], [ -79.086677828399161, 35.899076858689881 ] ] } },
{ "type": "Feature", "properties": { "FEEDER_NAME": "RSDC", "SUBSTATION_NAME": "CARRBORO", "wmType": "SECONDARY UNDERGROUND", "WKT": "LINESTRING (-79.07935297589302 35.89104863318115, -79.07920871201209 35.891000319412846, -79.0790026174526 35.89094298827198, -79.07899927301963 35.89087683162802, -79.07898913130866 35.89086310224034)" }, "geometry": { "type": "LineString", "coordinates": [ [ -79.079352975893016, 35.89104863318115 ], [ -79.07920871201209, 35.891000319412846 ], [ -79.079002617452602, 35.890942988271981 ], [ -79.078999273019633, 35.89087683162802 ], [ -79.07898913130866, 35.890863102240338 ] ] } },
{ "type": "Feature", "properties": { "FEEDER_NAME": "RSDC", "SUBSTATION_NAME": "CARRBORO", "wmType": "SECONDARY UNDERGROUND", "WKT": "LINESTRING (-79.09416248013571 35.91462462235971, -79.09391311496364 35.91465302796506)" }, "geometry": { "type": "LineString", "coordinates": [ [ -79.094162480135708, 35.91462462235971 ], [ -79.093913114963641, 35.914653027965059 ] ] } },
{ "type": "Feature", "properties": { "FEEDER_NAME": "RSDC", "SUBSTATION_NAME": "CARRBORO", "wmType": "SECONDARY UNDERGROUND", "WKT": "LINESTRING (-79.081129714733 35.89104050013575, -79.08103666158114 35.89114329051244)" }, "geometry": { "type": "LineString", "coordinates": [ [ -79.081129714732995, 35.891040500135752 ], [ -79.081036661581138, 35.891143290512439 ] ] } },
{ "type": "Feature", "properties": { "FEEDER_NAME": "RSDC", "SUBSTATION_NAME": "CARRBORO", "wmType": "SECONDARY UNDERGROUND", "WKT": "LINESTRING (-79.07719167360793 35.8897599791929, -79.07755026253386 35.88988004596755)" }, "geometry": { "type": "LineString", "coordinates": [ [ -79.077191673607928, 35.889759979192903 ], [ -79.077550262533862, 35.889880045967551 ] ] } },
{ "type": "Feature", "properties": { "FEEDER_NAME": "RSDC", "SUBSTATION_NAME": "CARRBORO", "wmType": "SECONDARY UNDERGROUND", "WKT": "LINESTRING (-79.07937923298405 35.89184365010367, -79.07937584269241 35.89183938911779, -79.07938208855194 35.891808740546196, -79.07937729740043 35.891777755756884, -79.07934870307962 35.89174484863684, -79.07930108612453 35.89173132210721, -79.07925822037902 35.89170810880751, -79.07927504059775 35.89168377785557, -79.0792821233893 35.89167408237747)" }, "geometry": { "type": "LineString", "coordinates": [ [ -79.079379232984053, 35.891843650103667 ], [ -79.079375842692414, 35.891839389117791 ], [ -79.079382088551938, 35.891808740546196 ], [ -79.079377297400427, 35.891777755756884 ], [ -79.079348703079617, 35.89174484863684 ], [ -79.079301086124531, 35.891731322107212 ], [ -79.079258220379018, 35.891708108807507 ], [ -79.07927504059775, 35.891683777855569 ], [ -79.079282123389305, 35.89167408237747 ] ] } },
{ "type": "Feature", "properties": { "FEEDER_NAME": "RSDC", "SUBSTATION_NAME": "CARRBORO", "wmType": "SECONDARY UNDERGROUND", "WKT": "LINESTRING (-79.08726371528172 35.89976235792789, -79.08697615794287 35.89975268133145, -79.08692854959064 35.89963538768274, -79.08694260276769 35.89962106942788)" }, "geometry": { "type": "LineString", "coordinates": [ [ -79.087263715281722, 35.899762357927891 ], [ -79.086976157942871, 35.899752681331449 ], [ -79.086928549590638, 35.899635387682743 ], [ -79.086942602767692, 35.89962106942788 ] ] } },
{ "type": "Feature", "properties": { "FEEDER_NAME": "RSDC", "SUBSTATION_NAME": "CARRBORO", "wmType": "SECONDARY UNDERGROUND", "WKT": "LINESTRING (-79.07702335350098 35.88941665862234, -79.07670031366465 35.88957238946633, -79.07658552053776 35.88956422000904)" }, "geometry": { "type": "LineString", "coordinates": [ [ -79.077023353500977, 35.889416658622338 ], [ -79.076700313664645, 35.889572389466331 ], [ -79.076585520537762, 35.889564220009042 ] ] } },
{ "type": "Feature", "properties": { "FEEDER_NAME": "RSDC", "SUBSTATION_NAME": "CARRBORO", "wmType": "SECONDARY UNDERGROUND", "WKT": "LINESTRING (-79.07339076890351 35.89748774229474, -79.07339034786922 35.89744130990688)" }, "geometry": { "type": "LineString", "coordinates": [ [ -79.073390768903508, 35.897487742294743 ], [ -79.073390347869221, 35.897441309906881 ] ] } },
{ "type": "Feature", "properties": { "FEEDER_NAME": "RSDC", "SUBSTATION_NAME": "CARRBORO", "wmType": "SECONDARY UNDERGROUND", "WKT": "LINESTRING (-79.09338484888559 35.91156912511077, -79.09336385979235 35.911578250637426)" }, "geometry": { "type": "LineString", "coordinates": [ [ -79.093384848885592, 35.911569125110773 ], [ -79.093363859792348, 35.911578250637426 ] ] } },
{ "type": "Feature", "properties": { "FEEDER_NAME": "RSDC", "SUBSTATION_NAME": "CARRBORO", "wmType": "SECONDARY UNDERGROUND", "WKT": "LINESTRING (-79.07369073032518 35.89714833469057, -79.07366034728894 35.89707639266477, -79.07364889050996 35.897055017868254)" }, "geometry": { "type": "LineString", "coordinates": [ [ -79.073690730325183, 35.89714833469057 ], [ -79.073660347288936, 35.897076392664772 ], [ -79.073648890509958, 35.897055017868254 ] ] } },
{ "type": "Feature", "properties": { "FEEDER_NAME": "RSDC", "SUBSTATION_NAME": "CARRBORO", "wmType": "SECONDARY UNDERGROUND", "WKT": "LINESTRING (-79.08653201179682 35.89851178423152, -79.08651776429741 35.89851211069422)" }, "geometry": { "type": "LineString", "coordinates": [ [ -79.08653201179682, 35.898511784231523 ], [ -79.086517764297412, 35.89851211069422 ] ] } },
{ "type": "Feature", "properties": { "FEEDER_NAME": "RSDC", "SUBSTATION_NAME": "CARRBORO", "wmType": "SECONDARY UNDERGROUND", "WKT": "LINESTRING (-79.08680062689129 35.89842070653483, -79.0865514885834 35.89845837338891, -79.08653201179682 35.89851178423152)" }, "geometry": { "type": "LineString", "coordinates": [ [ -79.086800626891289, 35.898420706534829 ], [ -79.086551488583396, 35.898458373388912 ], [ -79.08653201179682, 35.898511784231523 ] ] } },
{ "type": "Feature", "properties": { "FEEDER_NAME": "RSDC", "SUBSTATION_NAME": "CARRBORO", "wmType": "SECONDARY UNDERGROUND", "WKT": "LINESTRING (-79.08792166804274 35.8813972138867, -79.08778867739842 35.88135395203347, -79.08761476576 35.881301788327896, -79.08747484265865 35.881224994171944, -79.08727063559166 35.881117487669194, -79.08725166841975 35.881052909572, -79.08725541512173 35.881022148697845, -79.08731767672496 35.88103727143341)" }, "geometry": { "type": "LineString", "coordinates": [ [ -79.087921668042739, 35.8813972138867 ], [ -79.087788677398422, 35.881353952033471 ], [ -79.087614765759994, 35.881301788327896 ], [ -79.087474842658651, 35.881224994171944 ], [ -79.087270635591665, 35.881117487669194 ], [ -79.087251668419754, 35.881052909571999 ], [ -79.087255415121732, 35.881022148697845 ], [ -79.087317676724965, 35.881037271433406 ] ] } },
{ "type": "Feature", "properties": { "FEEDER_NAME": "RSDC", "SUBSTATION_NAME": "CARRBORO", "wmType": "SECONDARY UNDERGROUND", "WKT": "LINESTRING (-79.0843568156258 35.900992808934916, -79.08447472754798 35.90098082560855)" }, "geometry": { "type": "LineString", "coordinates": [ [ -79.084356815625796, 35.900992808934916 ], [ -79.084474727547985, 35.900980825608549 ] ] } },
{ "type": "Feature", "properties": { "FEEDER_NAME": "RSDC", "SUBSTATION_NAME": "CARRBORO", "wmType": "SECONDARY UNDERGROUND", "WKT": "LINESTRING (-79.08667782839916 35.89907685868988, -79.08664727321487 35.89895194125128, -79.08664207589078 35.89888815405336, -79.0866523291962 35.89888397372127)" }, "geometry": { "type": "LineString", "coordinates": [ [ -79.086677828399161, 35.899076858689881 ], [ -79.086647273214865, 35.898951941251283 ], [ -79.086642075890779, 35.89888815405336 ], [ -79.086652329196198, 35.898883973721269 ] ] } },
{ "type": "Feature", "properties": { "FEEDER_NAME": "RSDC", "SUBSTATION_NAME": "CARRBORO", "wmType": "SECONDARY UNDERGROUND", "WKT": "LINESTRING (-79.08667782839916 35.89907685868988, -79.08665679750145 35.89895074205817, -79.08666778670535 35.89894894605991)" }, "geometry": { "type": "LineString", "coordinates": [ [ -79.086677828399161, 35.899076858689881 ], [ -79.086656797501448, 35.898950742058169 ], [ -79.086667786705348, 35.89894894605991 ] ] } },
{ "type": "Feature", "properties": { "FEEDER_NAME": "RSDC", "SUBSTATION_NAME": "CARRBORO", "wmType": "SECONDARY UNDERGROUND", "WKT": "LINESTRING (-79.08695079390951 35.89906160993663, -79.08681150429622 35.89904363612081)" }, "geometry": { "type": "LineString", "coordinates": [ [ -79.086950793909509, 35.899061609936631 ], [ -79.086811504296222, 35.899043636120808 ] ] } },
{ "type": "Feature", "properties": { "FEEDER_NAME": "RSDC", "SUBSTATION_NAME": "CARRBORO", "wmType": "SECONDARY UNDERGROUND", "WKT": "LINESTRING (-79.08732645106957 35.9000377369758, -79.08747270430175 35.90001430009053)" }, "geometry": { "type": "LineString", "coordinates": [ [ -79.087326451069572, 35.900037736975797 ], [ -79.087472704301746, 35.900014300090533 ] ] } },
{ "type": "Feature", "properties": { "FEEDER_NAME": "RSDC", "SUBSTATION_NAME": "CARRBORO", "wmType": "SECONDARY UNDERGROUND", "WKT": "LINESTRING (-79.08749138002426 35.89935047172974, -79.08753125701085 35.899365689631026)" }, "geometry": { "type": "LineString", "coordinates": [ [ -79.087491380024261, 35.89935047172974 ], [ -79.087531257010852, 35.899365689631026 ] ] } },
{ "type": "Feature", "properties": { "FEEDER_NAME": "RSDC", "SUBSTATION_NAME": "CARRBORO", "wmType": "SECONDARY UNDERGROUND", "WKT": "LINESTRING (-79.07489642579985 35.89379296611928, -79.07479556972459 35.89379127945531)" }, "geometry": { "type": "LineString", "coordinates": [ [ -79.074896425799849, 35.893792966119278 ], [ -79.074795569724586, 35.893791279455307 ] ] } },
{ "type": "Feature", "properties": { "FEEDER_NAME": "RSDC", "SUBSTATION_NAME": "CARRBORO", "wmType": "SECONDARY UNDERGROUND", "WKT": "LINESTRING (-79.07479556972459 35.89379127945531, -79.07479694435806 35.893791278612525, -79.07473652643706 35.893815906035364, -79.07461158244136 35.89387633862522, -79.07456490085961 35.89389983903707, -79.07455531291242 35.89393002250227, -79.0745567163591 35.8939624353958, -79.07455974117228 35.89397413793702)" }, "geometry": { "type": "LineString", "coordinates": [ [ -79.074795569724586, 35.893791279455307 ], [ -79.074796944358056, 35.893791278612525 ], [ -79.074736526437064, 35.893815906035364 ], [ -79.074611582441364, 35.893876338625219 ], [ -79.074564900859613, 35.893899839037068 ], [ -79.074555312912423, 35.893930022502268 ], [ -79.074556716359098, 35.8939624353958 ], [ -79.07455974117228, 35.893974137937022 ] ] } },
{ "type": "Feature", "properties": { "FEEDER_NAME": "RSDC", "SUBSTATION_NAME": "CARRBORO", "wmType": "SECONDARY UNDERGROUND", "WKT": "LINESTRING (-79.07479556972459 35.89379127945531, -79.07479835100406 35.89382704437009)" }, "geometry": { "type": "LineString", "coordinates": [ [ -79.074795569724586, 35.893791279455307 ], [ -79.074798351004063, 35.893827044370092 ] ] } },
{ "type": "Feature", "properties": { "FEEDER_NAME": "RSDC", "SUBSTATION_NAME": "CARRBORO", "wmType": "SECONDARY UNDERGROUND", "WKT": "LINESTRING (-79.08045995074171 35.89175125196099, -79.08048167319325 35.89175926829651)" }, "geometry": { "type": "LineString", "coordinates": [ [ -79.080459950741712, 35.89175125196099 ], [ -79.080481673193248, 35.891759268296511 ] ] } },
{ "type": "Feature", "properties": { "FEEDER_NAME": "RSDC", "SUBSTATION_NAME": "CARRBORO", "wmType": "SECONDARY UNDERGROUND", "WKT": "LINESTRING (-79.08066003386678 35.89175981206214, -79.08045995074171 35.89175125196099)" }, "geometry": { "type": "LineString", "coordinates": [ [ -79.080660033866778, 35.891759812062141 ], [ -79.080459950741712, 35.89175125196099 ] ] } },
{ "type": "Feature", "properties": { "FEEDER_NAME": "RSDC", "SUBSTATION_NAME": "CARRBORO", "wmType": "SECONDARY UNDERGROUND", "WKT": "LINESTRING (-79.0809410221679 35.89131273795343, -79.08087058917282 35.891291892315365, -79.08066003386678 35.89175981206214)" }, "geometry": { "type": "LineString", "coordinates": [ [ -79.080941022167906, 35.891312737953427 ], [ -79.080870589172818, 35.891291892315365 ], [ -79.080660033866778, 35.891759812062141 ] ] } },
{ "type": "Feature", "properties": { "FEEDER_NAME": "RSDC", "SUBSTATION_NAME": "CARRBORO", "wmType": "SECONDARY UNDERGROUND", "WKT": "LINESTRING (-79.0809410221679 35.89131273795343, -79.08092940404134 35.89130721162249, -79.08088621593808 35.89129084635118, -79.08078283732807 35.89152276762685, -79.08082132675244 35.89153679624782)" }, "geometry": { "type": "LineString", "coordinates": [ [ -79.080941022167906, 35.891312737953427 ], [ -79.080929404041342, 35.89130721162249 ], [ -79.080886215938079, 35.891290846351183 ], [ -79.080782837328073, 35.891522767626853 ], [ -79.080821326752442, 35.89153679624782 ] ] } },
{ "type": "Feature", "properties": { "FEEDER_NAME": "RSDC", "SUBSTATION_NAME": "CARRBORO", "wmType": "SECONDARY UNDERGROUND", "WKT": "LINESTRING (-79.08082132675244 35.89153679624782, -79.08066302610275 35.89150737052416)" }, "geometry": { "type": "LineString", "coordinates": [ [ -79.080821326752442, 35.89153679624782 ], [ -79.080663026102755, 35.89150737052416 ] ] } },
{ "type": "Feature", "properties": { "FEEDER_NAME": "RSDC", "SUBSTATION_NAME": "CARRBORO", "wmType": "SECONDARY UNDERGROUND", "WKT": "LINESTRING (-79.07477395205227 35.896461896966976, -79.074795788148 35.896462687548414)" }, "geometry": { "type": "LineString", "coordinates": [ [ -79.074773952052269, 35.896461896966976 ], [ -79.074795788147995, 35.896462687548414 ] ] } },
{ "type": "Feature", "properties": { "FEEDER_NAME": "RSDC", "SUBSTATION_NAME": "CARRBORO", "wmType": "SECONDARY UNDERGROUND", "WKT": "LINESTRING (-79.08307415016782 35.902408473294265, -79.08307981339803 35.902424774958035)" }, "geometry": { "type": "LineString", "coordinates": [ [ -79.083074150167818, 35.902408473294265 ], [ -79.08307981339803, 35.902424774958035 ] ] } },
{ "type": "Feature", "properties": { "FEEDER_NAME": "RSDC", "SUBSTATION_NAME": "CARRBORO", "wmType": "SECONDARY UNDERGROUND", "WKT": "LINESTRING (-79.07755326094788 35.887241599355214, -79.07753639178924 35.887252598856264, -79.07748578428576 35.88728559734519, -79.07747229895618 35.887304836271035, -79.077394670672 35.88732411590665, -79.0773575826344 35.887373588929634, -79.0773475100329 35.88743128639726, -79.07733408250596 35.88751096444484, -79.07733765501631 35.88751728307015)" }, "geometry": { "type": "LineString", "coordinates": [ [ -79.07755326094788, 35.887241599355214 ], [ -79.077536391789238, 35.887252598856264 ], [ -79.077485784285756, 35.887285597345191 ], [ -79.077472298956181, 35.887304836271035 ], [ -79.077394670672007, 35.887324115906651 ], [ -79.077357582634406, 35.887373588929634 ], [ -79.077347510032894, 35.887431286397259 ], [ -79.077334082505956, 35.887510964444843 ], [ -79.077337655016308, 35.887517283070153 ] ] } },
{ "type": "Feature", "properties": { "FEEDER_NAME": "RSDC", "SUBSTATION_NAME": "CARRBORO", "wmType": "SECONDARY UNDERGROUND", "WKT": "LINESTRING (-79.08321480832943 35.9027091070581, -79.08322530459841 35.902731504551404, -79.08322576519961 35.90275921757873, -79.08318958383958 35.90279537468839, -79.08318646693508 35.90282163724984, -79.08330001156351 35.90288177420044, -79.08351960569068 35.90290972408452, -79.08363800893198 35.90289759973591, -79.08379351088078 35.90283148593816, -79.08380166731028 35.90281833479606)" }, "geometry": { "type": "LineString", "coordinates": [ [ -79.08321480832943, 35.902709107058101 ], [ -79.083225304598415, 35.902731504551404 ], [ -79.083225765199614, 35.902759217578733 ], [ -79.083189583839584, 35.902795374688388 ], [ -79.083186466935075, 35.902821637249843 ], [ -79.083300011563509, 35.902881774200438 ], [ -79.083519605690682, 35.902909724084523 ], [ -79.083638008931985, 35.902897599735908 ], [ -79.083793510880781, 35.902831485938158 ], [ -79.083801667310283, 35.902818334796059 ] ] } },
{ "type": "Feature", "properties": { "FEEDER_NAME": "RSDC", "SUBSTATION_NAME": "CARRBORO", "wmType": "SECONDARY UNDERGROUND", "WKT": "LINESTRING (-79.09389968611279 35.90308231584743, -79.09391539981692 35.90308467058168, -79.09411143116341 35.90312829414171, -79.094269131019 35.90312039503915, -79.09429035184999 35.90312575132388)" }, "geometry": { "type": "LineString", "coordinates": [ [ -79.093899686112792, 35.903082315847428 ], [ -79.093915399816922, 35.903084670581677 ], [ -79.094111431163412, 35.903128294141709 ], [ -79.094269131019004, 35.903120395039153 ], [ -79.094290351849992, 35.903125751323877 ] ] } },
{ "type": "Feature", "properties": { "FEEDER_NAME": "RSDC", "SUBSTATION_NAME": "CARRBORO", "wmType": "SECONDARY UNDERGROUND", "WKT": "LINESTRING (-79.07731731422112 35.893626473203454, -79.07730672484908 35.8935790764972)" }, "geometry": { "type": "LineString", "coordinates": [ [ -79.077317314221119, 35.893626473203454 ], [ -79.07730672484908, 35.893579076497197 ] ] } },
{ "type": "Feature", "properties": { "FEEDER_NAME": "RSDC", "SUBSTATION_NAME": "CARRBORO", "wmType": "SECONDARY UNDERGROUND", "WKT": "LINESTRING (-79.0865854080694 35.89865806901672, -79.0866029923028 35.89865686500875)" }, "geometry": { "type": "LineString", "coordinates": [ [ -79.086585408069396, 35.898658069016719 ], [ -79.086602992302801, 35.898656865008753 ] ] } },
{ "type": "Feature", "properties": { "FEEDER_NAME": "RSDC", "SUBSTATION_NAME": "CARRBORO", "wmType": "SECONDARY UNDERGROUND", "WKT": "LINESTRING (-79.08653201179682 35.89851178423152, -79.0865854080694 35.89865806901672)" }, "geometry": { "type": "LineString", "coordinates": [ [ -79.08653201179682, 35.898511784231523 ], [ -79.086585408069396, 35.898658069016719 ] ] } },
{ "type": "Feature", "properties": { "FEEDER_NAME": "RSDC", "SUBSTATION_NAME": "CARRBORO", "wmType": "SECONDARY UNDERGROUND", "WKT": "LINESTRING (-79.08049040580191 35.89103658561204, -79.08062566144176 35.89127629053207)" }, "geometry": { "type": "LineString", "coordinates": [ [ -79.08049040580191, 35.891036585612042 ], [ -79.080625661441758, 35.891276290532069 ] ] } },
{ "type": "Feature", "properties": { "FEEDER_NAME": "RSDC", "SUBSTATION_NAME": "CARRBORO", "wmType": "SECONDARY UNDERGROUND", "WKT": "LINESTRING (-79.086441945442 35.89800890074575, -79.0865572543026 35.8983683467606, -79.08665251311143 35.898371856430046, -79.08666935627642 35.89836349746264)" }, "geometry": { "type": "LineString", "coordinates": [ [ -79.086441945442004, 35.898008900745751 ], [ -79.086557254302605, 35.898368346760599 ], [ -79.086652513111432, 35.898371856430046 ], [ -79.086669356276417, 35.89836349746264 ] ] } },
{ "type": "Feature", "properties": { "FEEDER_NAME": "RSDC", "SUBSTATION_NAME": "CARRBORO", "wmType": "SECONDARY UNDERGROUND", "WKT": "LINESTRING (-79.09214498818316 35.908297005812265, -79.09211327670954 35.90830330373027)" }, "geometry": { "type": "LineString", "coordinates": [ [ -79.092144988183165, 35.908297005812265 ], [ -79.09211327670954, 35.908303303730271 ] ] } },
{ "type": "Feature", "properties": { "FEEDER_NAME": "RSDC", "SUBSTATION_NAME": "CARRBORO", "wmType": "SECONDARY UNDERGROUND", "WKT": "LINESTRING (-79.07797225810994 35.88945198923884, -79.07796684531658 35.88944871373323, -79.07804011331422 35.889341913946275, -79.07801856602025 35.88928267201313, -79.07797975617827 35.88923801439016, -79.07797865575085 35.88923628638122)" }, "geometry": { "type": "LineString", "coordinates": [ [ -79.077972258109938, 35.889451989238843 ], [ -79.077966845316581, 35.889448713733231 ], [ -79.078040113314216, 35.889341913946275 ], [ -79.078018566020248, 35.889282672013131 ], [ -79.077979756178266, 35.889238014390159 ], [ -79.077978655750854, 35.88923628638122 ] ] } },
{ "type": "Feature", "properties": { "FEEDER_NAME": "RSDC", "SUBSTATION_NAME": "CARRBORO", "wmType": "SECONDARY UNDERGROUND", "WKT": "LINESTRING (-79.07935297589302 35.89104863318115, -79.0793498074562 35.89130175623055)" }, "geometry": { "type": "LineString", "coordinates": [ [ -79.079352975893016, 35.89104863318115 ], [ -79.079349807456197, 35.891301756230547 ] ] } },
{ "type": "Feature", "properties": { "FEEDER_NAME": "RSDC", "SUBSTATION_NAME": "CARRBORO", "wmType": "SECONDARY UNDERGROUND", "WKT": "LINESTRING (-79.07883897609653 35.89199472633966, -79.07858794220209 35.8920484440877)" }, "geometry": { "type": "LineString", "coordinates": [ [ -79.078838976096534, 35.891994726339661 ], [ -79.078587942202091, 35.892048444087699 ] ] } },
{ "type": "Feature", "properties": { "FEEDER_NAME": "RSDC", "SUBSTATION_NAME": "CARRBORO", "wmType": "SECONDARY UNDERGROUND", "WKT": "LINESTRING (-79.07858794220209 35.8920484440877, -79.0785011555637 35.892016057346254)" }, "geometry": { "type": "LineString", "coordinates": [ [ -79.078587942202091, 35.892048444087699 ], [ -79.0785011555637, 35.892016057346254 ] ] } },
{ "type": "Feature", "properties": { "FEEDER_NAME": "RSDC", "SUBSTATION_NAME": "CARRBORO", "wmType": "SECONDARY UNDERGROUND", "WKT": "LINESTRING (-79.0785011555637 35.892016057346254, -79.07841494691645 35.89198566837323)" }, "geometry": { "type": "LineString", "coordinates": [ [ -79.0785011555637, 35.892016057346254 ], [ -79.078414946916453, 35.891985668373231 ] ] } },
{ "type": "Feature", "properties": { "FEEDER_NAME": "RSDC", "SUBSTATION_NAME": "CARRBORO", "wmType": "SECONDARY UNDERGROUND", "WKT": "LINESTRING (-79.07841494691645 35.89198566837323, -79.07833767980958 35.891956899559155)" }, "geometry": { "type": "LineString", "coordinates": [ [ -79.078414946916453, 35.891985668373231 ], [ -79.078337679809579, 35.891956899559155 ] ] } },
{ "type": "Feature", "properties": { "FEEDER_NAME": "RSDC", "SUBSTATION_NAME": "CARRBORO", "wmType": "SECONDARY UNDERGROUND", "WKT": "LINESTRING (-79.086441945442 35.89800890074575, -79.08657209473856 35.89797248398717)" }, "geometry": { "type": "LineString", "coordinates": [ [ -79.086441945442004, 35.898008900745751 ], [ -79.086572094738557, 35.897972483987168 ] ] } },
{ "type": "Feature", "properties": { "FEEDER_NAME": "RSDC", "SUBSTATION_NAME": "CARRBORO", "wmType": "SECONDARY UNDERGROUND", "WKT": "LINESTRING (-79.086441945442 35.89800890074575, -79.08658683747461 35.898054984583204, -79.08670347067536 35.89803868543743, -79.08670346248344 35.89803105407624)" }, "geometry": { "type": "LineString", "coordinates": [ [ -79.086441945442004, 35.898008900745751 ], [ -79.086586837474613, 35.898054984583204 ], [ -79.08670347067536, 35.898038685437427 ], [ -79.086703462483442, 35.898031054076242 ] ] } },
{ "type": "Feature", "properties": { "FEEDER_NAME": "RSDC", "SUBSTATION_NAME": "CARRBORO", "wmType": "SECONDARY UNDERGROUND", "WKT": "LINESTRING (-79.086441945442 35.89800890074575, -79.08658359081714 35.89806027485585, -79.08666977741872 35.8980725624701)" }, "geometry": { "type": "LineString", "coordinates": [ [ -79.086441945442004, 35.898008900745751 ], [ -79.086583590817142, 35.898060274855851 ], [ -79.08666977741872, 35.898072562470098 ] ] } },
{ "type": "Feature", "properties": { "FEEDER_NAME": "RSDC", "SUBSTATION_NAME": "CARRBORO", "wmType": "SECONDARY UNDERGROUND", "WKT": "LINESTRING (-79.08666977741872 35.8980725624701, -79.08676525942325 35.89803667756386, -79.08677964564558 35.89801192284769)" }, "geometry": { "type": "LineString", "coordinates": [ [ -79.08666977741872, 35.898072562470098 ], [ -79.086765259423245, 35.898036677563859 ], [ -79.086779645645578, 35.898011922847687 ] ] } },
{ "type": "Feature", "properties": { "FEEDER_NAME": "RSDC", "SUBSTATION_NAME": "CARRBORO", "wmType": "SECONDARY UNDERGROUND", "WKT": "LINESTRING (-79.08666977741872 35.8980725624701, -79.0868612470122 35.898016745357715, -79.08693567770528 35.898003814469384, -79.08698841840102 35.89798946862765, -79.08697368142963 35.89791269137399, -79.08696430066769 35.89791126768642)" }, "geometry": { "type": "LineString", "coordinates": [ [ -79.08666977741872, 35.898072562470098 ], [ -79.086861247012195, 35.898016745357715 ], [ -79.086935677705284, 35.898003814469384 ], [ -79.08698841840102, 35.89798946862765 ], [ -79.086973681429626, 35.897912691373989 ], [ -79.086964300667688, 35.897911267686418 ] ] } },
{ "type": "Feature", "properties": { "FEEDER_NAME": "RSDC", "SUBSTATION_NAME": "CARRBORO", "wmType": "SECONDARY UNDERGROUND", "WKT": "LINESTRING (-79.08666977741872 35.8980725624701, -79.08678252299839 35.89803614793533, -79.08685994671235 35.89800661919708, -79.08686111100702 35.89799946379252)" }, "geometry": { "type": "LineString", "coordinates": [ [ -79.08666977741872, 35.898072562470098 ], [ -79.086782522998391, 35.898036147935329 ], [ -79.086859946712352, 35.898006619197083 ], [ -79.086861111007025, 35.897999463792523 ] ] } },
{ "type": "Feature", "properties": { "FEEDER_NAME": "RSDC", "SUBSTATION_NAME": "CARRBORO", "wmType": "SECONDARY UNDERGROUND", "WKT": "LINESTRING (-79.08666977741872 35.8980725624701, -79.08686299884047 35.898011020810564, -79.08692395295618 35.898002392448916, -79.08693566230492 35.8979895062303)" }, "geometry": { "type": "LineString", "coordinates": [ [ -79.08666977741872, 35.898072562470098 ], [ -79.086862998840473, 35.898011020810564 ], [ -79.086923952956184, 35.898002392448916 ], [ -79.086935662304924, 35.897989506230303 ] ] } },
{ "type": "Feature", "properties": { "FEEDER_NAME": "RSDC", "SUBSTATION_NAME": "CARRBORO", "wmType": "SECONDARY UNDERGROUND", "WKT": "LINESTRING (-79.0869667337702 35.898481703166716, -79.08699635075433 35.89847679877124, -79.08703202275628 35.89860663903784)" }, "geometry": { "type": "LineString", "coordinates": [ [ -79.086966733770197, 35.898481703166716 ], [ -79.086996350754333, 35.898476798771242 ], [ -79.087032022756276, 35.898606639037837 ] ] } },
{ "type": "Feature", "properties": { "FEEDER_NAME": "RSDC", "SUBSTATION_NAME": "CARRBORO", "wmType": "SECONDARY UNDERGROUND", "WKT": "LINESTRING (-79.08703202275628 35.89860663903784, -79.08702895314126 35.898613795801516, -79.0870620620928 35.89873968474934, -79.08707043105872 35.89875398702329, -79.08702985430202 35.89876235847007)" }, "geometry": { "type": "LineString", "coordinates": [ [ -79.087032022756276, 35.898606639037837 ], [ -79.087028953141257, 35.898613795801516 ], [ -79.087062062092798, 35.898739684749337 ], [ -79.08707043105872, 35.898753987023291 ], [ -79.087029854302017, 35.898762358470073 ] ] } },
{ "type": "Feature", "properties": { "FEEDER_NAME": "RSDC", "SUBSTATION_NAME": "CARRBORO", "wmType": "SECONDARY UNDERGROUND", "WKT": "LINESTRING (-79.08703202275628 35.89860663903784, -79.08707206527491 35.898639162067056)" }, "geometry": { "type": "LineString", "coordinates": [ [ -79.087032022756276, 35.898606639037837 ], [ -79.08707206527491, 35.898639162067056 ] ] } },
{ "type": "Feature", "properties": { "FEEDER_NAME": "RSDC", "SUBSTATION_NAME": "CARRBORO", "wmType": "SECONDARY UNDERGROUND", "WKT": "LINESTRING (-79.08703202275628 35.89860663903784, -79.08708620464526 35.8987049699095)" }, "geometry": { "type": "LineString", "coordinates": [ [ -79.087032022756276, 35.898606639037837 ], [ -79.08708620464526, 35.898704969909502 ] ] } },
{ "type": "Feature", "properties": { "FEEDER_NAME": "RSDC", "SUBSTATION_NAME": "CARRBORO", "wmType": "SECONDARY UNDERGROUND", "WKT": "LINESTRING (-79.08703202275628 35.89860663903784, -79.08705925527977 35.89858265385868)" }, "geometry": { "type": "LineString", "coordinates": [ [ -79.087032022756276, 35.898606639037837 ], [ -79.087059255279769, 35.898582653858682 ] ] } },
{ "type": "Feature", "properties": { "FEEDER_NAME": "RSDC", "SUBSTATION_NAME": "CARRBORO", "wmType": "SECONDARY UNDERGROUND", "WKT": "LINESTRING (-79.08703202275628 35.89860663903784, -79.08706645566717 35.89873681996488, -79.08707790432618 35.8987543395086, -79.08713171503975 35.89877749261789, -79.0872405160743 35.89874460549778)" }, "geometry": { "type": "LineString", "coordinates": [ [ -79.087032022756276, 35.898606639037837 ], [ -79.08706645566717, 35.898736819964881 ], [ -79.087077904326179, 35.898754339508599 ], [ -79.087131715039746, 35.898777492617889 ], [ -79.087240516074303, 35.898744605497782 ] ] } },
{ "type": "Feature", "properties": { "FEEDER_NAME": "RSDC", "SUBSTATION_NAME": "CARRBORO", "wmType": "SECONDARY UNDERGROUND", "WKT": "LINESTRING (-79.0872405160743 35.89874460549778, -79.08722337866321 35.89871131085714)" }, "geometry": { "type": "LineString", "coordinates": [ [ -79.087240516074303, 35.898744605497782 ], [ -79.087223378663211, 35.898711310857138 ] ] } },
{ "type": "Feature", "properties": { "FEEDER_NAME": "RSDC", "SUBSTATION_NAME": "CARRBORO", "wmType": "SECONDARY UNDERGROUND", "WKT": "LINESTRING (-79.0872405160743 35.89874460549778, -79.0873485191696 35.898703273606216, -79.0874598313615 35.8987031938642, -79.08736035736766 35.89838035300149)" }, "geometry": { "type": "LineString", "coordinates": [ [ -79.087240516074303, 35.898744605497782 ], [ -79.087348519169595, 35.898703273606216 ], [ -79.0874598313615, 35.898703193864201 ], [ -79.087360357367658, 35.898380353001492 ] ] } },
{ "type": "Feature", "properties": { "FEEDER_NAME": "RSDC", "SUBSTATION_NAME": "CARRBORO", "wmType": "SECONDARY UNDERGROUND", "WKT": "LINESTRING (-79.08736035736766 35.89838035300149, -79.08728056295026 35.898142371325314, -79.08719132047499 35.89796128052473)" }, "geometry": { "type": "LineString", "coordinates": [ [ -79.087360357367658, 35.898380353001492 ], [ -79.087280562950255, 35.898142371325314 ], [ -79.087191320474986, 35.897961280524733 ] ] } },
{ "type": "Feature", "properties": { "FEEDER_NAME": "RSDC", "SUBSTATION_NAME": "CARRBORO", "wmType": "SECONDARY UNDERGROUND", "WKT": "LINESTRING (-79.08719132047499 35.89796128052473, -79.087143509086 35.89786558865722, -79.08708619644989 35.897803525912096, -79.08697801733194 35.897759612982156, -79.08691122133594 35.89775189762394, -79.0868031073389 35.89774678125915)" }, "geometry": { "type": "LineString", "coordinates": [ [ -79.087191320474986, 35.897961280524733 ], [ -79.087143509086005, 35.897865588657218 ], [ -79.087086196449889, 35.897803525912096 ], [ -79.086978017331944, 35.897759612982156 ], [ -79.086911221335939, 35.897751897623941 ], [ -79.086803107338895, 35.897746781259151 ] ] } },
{ "type": "Feature", "properties": { "FEEDER_NAME": "RSDC", "SUBSTATION_NAME": "CARRBORO", "wmType": "SECONDARY UNDERGROUND", "WKT": "LINESTRING (-79.0872405160743 35.89874460549778, -79.08725549419016 35.89874685796842, -79.0873480339106 35.89870833569291, -79.08746276824411 35.89870955047879, -79.08749826678505 35.898752106366935, -79.08753746961558 35.898772112494726)" }, "geometry": { "type": "LineString", "coordinates": [ [ -79.087240516074303, 35.898744605497782 ], [ -79.08725549419016, 35.898746857968419 ], [ -79.087348033910601, 35.898708335692909 ], [ -79.087462768244109, 35.898709550478792 ], [ -79.087498266785047, 35.898752106366935 ], [ -79.087537469615583, 35.898772112494726 ] ] } },
{ "type": "Feature", "properties": { "FEEDER_NAME": "RSDC", "SUBSTATION_NAME": "CARRBORO", "wmType": "SECONDARY UNDERGROUND", "WKT": "LINESTRING (-79.08753746961558 35.898772112494726, -79.08786361119712 35.899063080371405)" }, "geometry": { "type": "LineString", "coordinates": [ [ -79.087537469615583, 35.898772112494726 ], [ -79.087863611197122, 35.899063080371405 ] ] } },
{ "type": "Feature", "properties": { "FEEDER_NAME": "RSDC", "SUBSTATION_NAME": "CARRBORO", "wmType": "SECONDARY UNDERGROUND", "WKT": "LINESTRING (-79.08786361119712 35.899063080371405, -79.08817542507909 35.89937122669296)" }, "geometry": { "type": "LineString", "coordinates": [ [ -79.087863611197122, 35.899063080371405 ], [ -79.088175425079086, 35.899371226692963 ] ] } },
{ "type": "Feature", "properties": { "FEEDER_NAME": "RSDC", "SUBSTATION_NAME": "CARRBORO", "wmType": "SECONDARY UNDERGROUND", "WKT": "LINESTRING (-79.0872405160743 35.89874460549778, -79.08729055958875 35.8988366390984)" }, "geometry": { "type": "LineString", "coordinates": [ [ -79.087240516074303, 35.898744605497782 ], [ -79.087290559588752, 35.898836639098398 ] ] } },
{ "type": "Feature", "properties": { "FEEDER_NAME": "RSDC", "SUBSTATION_NAME": "CARRBORO", "wmType": "SECONDARY UNDERGROUND", "WKT": "LINESTRING (-79.0869667337702 35.898481703166716, -79.0869644778457 35.89842769125256, -79.08698275595906 35.89842385307618, -79.0869874953414 35.89841089340985, -79.0870108615125 35.89840928323757)" }, "geometry": { "type": "LineString", "coordinates": [ [ -79.086966733770197, 35.898481703166716 ], [ -79.086964477845697, 35.898427691252557 ], [ -79.086982755959056, 35.898423853076181 ], [ -79.086987495341404, 35.898410893409853 ], [ -79.087010861512496, 35.898409283237569 ] ] } },
{ "type": "Feature", "properties": { "FEEDER_NAME": "RSDC", "SUBSTATION_NAME": "CARRBORO", "wmType": "SECONDARY UNDERGROUND", "WKT": "LINESTRING (-79.0870108615125 35.89840928323757, -79.08702301242482 35.89840418398971)" }, "geometry": { "type": "LineString", "coordinates": [ [ -79.087010861512496, 35.898409283237569 ], [ -79.087023012424822, 35.898404183989712 ] ] } },
{ "type": "Feature", "properties": { "FEEDER_NAME": "RSDC", "SUBSTATION_NAME": "CARRBORO", "wmType": "SECONDARY UNDERGROUND", "WKT": "LINESTRING (-79.0870108615125 35.89840928323757, -79.08702218451768 35.89845211698497, -79.08702878548132 35.89845819339458)" }, "geometry": { "type": "LineString", "coordinates": [ [ -79.087010861512496, 35.898409283237569 ], [ -79.087022184517679, 35.89845211698497 ], [ -79.087028785481323, 35.898458193394582 ] ] } },
{ "type": "Feature", "properties": { "FEEDER_NAME": "RSDC", "SUBSTATION_NAME": "CARRBORO", "wmType": "SECONDARY UNDERGROUND", "WKT": "LINESTRING (-79.0870108615125 35.89840928323757, -79.08703280748968 35.89851864298382, -79.08704379893912 35.89851899296152)" }, "geometry": { "type": "LineString", "coordinates": [ [ -79.087010861512496, 35.898409283237569 ], [ -79.087032807489678, 35.898518642983817 ], [ -79.087043798939121, 35.89851899296152 ] ] } },
{ "type": "Feature", "properties": { "FEEDER_NAME": "RSDC", "SUBSTATION_NAME": "CARRBORO", "wmType": "SECONDARY UNDERGROUND", "WKT": "LINESTRING (-79.0870108615125 35.89840928323757, -79.08698784588087 35.8984072356563, -79.08698270322655 35.89837900137573)" }, "geometry": { "type": "LineString", "coordinates": [ [ -79.087010861512496, 35.898409283237569 ], [ -79.08698784588087, 35.8984072356563 ], [ -79.086982703226553, 35.89837900137573 ] ] } },
{ "type": "Feature", "properties": { "FEEDER_NAME": "RSDC", "SUBSTATION_NAME": "CARRBORO", "wmType": "SECONDARY UNDERGROUND", "WKT": "LINESTRING (-79.0869667337702 35.898481703166716, -79.08694952068532 35.8984191169641, -79.08697337439581 35.89841453934907, -79.08693454257477 35.89830873916531)" }, "geometry": { "type": "LineString", "coordinates": [ [ -79.086966733770197, 35.898481703166716 ], [ -79.086949520685323, 35.898419116964099 ], [ -79.086973374395811, 35.898414539349069 ], [ -79.086934542574767, 35.898308739165309 ] ] } },
{ "type": "Feature", "properties": { "FEEDER_NAME": "RSDC", "SUBSTATION_NAME": "CARRBORO", "wmType": "SECONDARY UNDERGROUND", "WKT": "LINESTRING (-79.08693454257477 35.89830873916531, -79.08699873315666 35.89831191287888)" }, "geometry": { "type": "LineString", "coordinates": [ [ -79.086934542574767, 35.898308739165309 ], [ -79.086998733156662, 35.898311912878881 ] ] } },
{ "type": "Feature", "properties": { "FEEDER_NAME": "RSDC", "SUBSTATION_NAME": "CARRBORO", "wmType": "SECONDARY UNDERGROUND", "WKT": "LINESTRING (-79.08693454257477 35.89830873916531, -79.08699122800222 35.89828294391447)" }, "geometry": { "type": "LineString", "coordinates": [ [ -79.086934542574767, 35.898308739165309 ], [ -79.086991228002219, 35.898282943914467 ] ] } },
{ "type": "Feature", "properties": { "FEEDER_NAME": "RSDC", "SUBSTATION_NAME": "CARRBORO", "wmType": "SECONDARY UNDERGROUND", "WKT": "LINESTRING (-79.08735692816671 35.89903825448316, -79.087414087525 35.89909791520131)" }, "geometry": { "type": "LineString", "coordinates": [ [ -79.087356928166713, 35.899038254483159 ], [ -79.087414087525005, 35.89909791520131 ] ] } },
{ "type": "Feature", "properties": { "FEEDER_NAME": "RSDC", "SUBSTATION_NAME": "CARRBORO", "wmType": "SECONDARY UNDERGROUND", "WKT": "LINESTRING (-79.087414087525 35.89909791520131, -79.08744971168497 35.89911005190584)" }, "geometry": { "type": "LineString", "coordinates": [ [ -79.087414087525005, 35.89909791520131 ], [ -79.087449711684968, 35.899110051905843 ] ] } },
{ "type": "Feature", "properties": { "FEEDER_NAME": "RSDC", "SUBSTATION_NAME": "CARRBORO", "wmType": "SECONDARY UNDERGROUND", "WKT": "LINESTRING (-79.08735692816671 35.89903825448316, -79.0873228044483 35.89898969036468)" }, "geometry": { "type": "LineString", "coordinates": [ [ -79.087356928166713, 35.899038254483159 ], [ -79.087322804448306, 35.898989690364679 ] ] } },
{ "type": "Feature", "properties": { "FEEDER_NAME": "RSDC", "SUBSTATION_NAME": "CARRBORO", "wmType": "SECONDARY UNDERGROUND", "WKT": "LINESTRING (-79.0873228044483 35.89898969036468, -79.08736810316057 35.89899111264453)" }, "geometry": { "type": "LineString", "coordinates": [ [ -79.087322804448306, 35.898989690364679 ], [ -79.087368103160571, 35.898991112644531 ] ] } },
{ "type": "Feature", "properties": { "FEEDER_NAME": "RSDC", "SUBSTATION_NAME": "CARRBORO", "wmType": "SECONDARY UNDERGROUND", "WKT": "LINESTRING (-79.0873228044483 35.89898969036468, -79.0872820771591 35.89893367895556, -79.08725823822168 35.89891104166103, -79.08708756737903 35.89896303110394, -79.08728202170988 35.89940414306975)" }, "geometry": { "type": "LineString", "coordinates": [ [ -79.087322804448306, 35.898989690364679 ], [ -79.087282077159102, 35.898933678955558 ], [ -79.087258238221679, 35.89891104166103 ], [ -79.087087567379029, 35.898963031103939 ], [ -79.087282021709882, 35.899404143069752 ] ] } },
{ "type": "Feature", "properties": { "FEEDER_NAME": "RSDC", "SUBSTATION_NAME": "CARRBORO", "wmType": "SECONDARY UNDERGROUND", "WKT": "LINESTRING (-79.0873228044483 35.89898969036468, -79.0872597079639 35.898914915327786, -79.08716714658416 35.898942864318826)" }, "geometry": { "type": "LineString", "coordinates": [ [ -79.087322804448306, 35.898989690364679 ], [ -79.087259707963895, 35.898914915327786 ], [ -79.087167146584164, 35.898942864318826 ] ] } },
{ "type": "Feature", "properties": { "FEEDER_NAME": "RSDC", "SUBSTATION_NAME": "CARRBORO", "wmType": "SECONDARY UNDERGROUND", "WKT": "LINESTRING (-79.0873228044483 35.89898969036468, -79.08729864295606 35.89900789151884)" }, "geometry": { "type": "LineString", "coordinates": [ [ -79.087322804448306, 35.898989690364679 ], [ -79.087298642956057, 35.899007891518842 ] ] } },
{ "type": "Feature", "properties": { "FEEDER_NAME": "RSDC", "SUBSTATION_NAME": "CARRBORO", "wmType": "SECONDARY UNDERGROUND", "WKT": "LINESTRING (-79.0873228044483 35.89898969036468, -79.08727051799703 35.898951333909665)" }, "geometry": { "type": "LineString", "coordinates": [ [ -79.087322804448306, 35.898989690364679 ], [ -79.087270517997027, 35.898951333909665 ] ] } },
{ "type": "Feature", "properties": { "FEEDER_NAME": "RSDC", "SUBSTATION_NAME": "CARRBORO", "wmType": "SECONDARY UNDERGROUND", "WKT": "LINESTRING (-79.0873228044483 35.89898969036468, -79.08732057589904 35.89894893757133)" }, "geometry": { "type": "LineString", "coordinates": [ [ -79.087322804448306, 35.898989690364679 ], [ -79.087320575899042, 35.898948937571333 ] ] } },
{ "type": "Feature", "properties": { "FEEDER_NAME": "RSDC", "SUBSTATION_NAME": "CARRBORO", "wmType": "SECONDARY UNDERGROUND", "WKT": "LINESTRING (-79.0873228044483 35.89898969036468, -79.08729873273718 35.89894132183791, -79.08726601324928 35.898904620598465)" }, "geometry": { "type": "LineString", "coordinates": [ [ -79.087322804448306, 35.898989690364679 ], [ -79.087298732737182, 35.89894132183791 ], [ -79.087266013249277, 35.898904620598465 ] ] } },
{ "type": "Feature", "properties": { "FEEDER_NAME": "RSDC", "SUBSTATION_NAME": "CARRBORO", "wmType": "SECONDARY UNDERGROUND", "WKT": "LINESTRING (-79.08735692816671 35.89903825448316, -79.08739778641852 35.89906573310399)" }, "geometry": { "type": "LineString", "coordinates": [ [ -79.087356928166713, 35.899038254483159 ], [ -79.087397786418521, 35.899065733103988 ] ] } },
{ "type": "Feature", "properties": { "FEEDER_NAME": "RSDC", "SUBSTATION_NAME": "CARRBORO", "wmType": "SECONDARY UNDERGROUND", "WKT": "LINESTRING (-79.08735692816671 35.89903825448316, -79.08735822086352 35.899067907450764)" }, "geometry": { "type": "LineString", "coordinates": [ [ -79.087356928166713, 35.899038254483159 ], [ -79.087358220863521, 35.899067907450764 ] ] } },
{ "type": "Feature", "properties": { "FEEDER_NAME": "RSDC", "SUBSTATION_NAME": "CARRBORO", "wmType": "SECONDARY UNDERGROUND", "WKT": "LINESTRING (-79.0875336402668 35.89920359692965, -79.08742903785878 35.89918086796978)" }, "geometry": { "type": "LineString", "coordinates": [ [ -79.087533640266798, 35.899203596929652 ], [ -79.087429037858783, 35.899180867969783 ] ] } },
{ "type": "Feature", "properties": { "FEEDER_NAME": "RSDC", "SUBSTATION_NAME": "CARRBORO", "wmType": "SECONDARY UNDERGROUND", "WKT": "LINESTRING (-79.0875336402668 35.89920359692965, -79.08745283859523 35.89923665351367)" }, "geometry": { "type": "LineString", "coordinates": [ [ -79.087533640266798, 35.899203596929652 ], [ -79.087452838595226, 35.899236653513668 ] ] } },
{ "type": "Feature", "properties": { "FEEDER_NAME": "RSDC", "SUBSTATION_NAME": "CARRBORO", "wmType": "SECONDARY UNDERGROUND", "WKT": "LINESTRING (-79.0875336402668 35.89920359692965, -79.08758607945667 35.899238501154315)" }, "geometry": { "type": "LineString", "coordinates": [ [ -79.087533640266798, 35.899203596929652 ], [ -79.087586079456671, 35.899238501154315 ] ] } },
{ "type": "Feature", "properties": { "FEEDER_NAME": "RSDC", "SUBSTATION_NAME": "CARRBORO", "wmType": "SECONDARY UNDERGROUND", "WKT": "LINESTRING (-79.08758607945667 35.899238501154315, -79.08761517001294 35.8992505118106)" }, "geometry": { "type": "LineString", "coordinates": [ [ -79.087586079456671, 35.899238501154315 ], [ -79.087615170012938, 35.8992505118106 ] ] } },
{ "type": "Feature", "properties": { "FEEDER_NAME": "RSDC", "SUBSTATION_NAME": "CARRBORO", "wmType": "SECONDARY UNDERGROUND", "WKT": "LINESTRING (-79.08758607945667 35.899238501154315, -79.08756192483983 35.89920583620982)" }, "geometry": { "type": "LineString", "coordinates": [ [ -79.087586079456671, 35.899238501154315 ], [ -79.087561924839832, 35.899205836209823 ] ] } },
{ "type": "Feature", "properties": { "FEEDER_NAME": "RSDC", "SUBSTATION_NAME": "CARRBORO", "wmType": "SECONDARY UNDERGROUND", "WKT": "LINESTRING (-79.08758607945667 35.899238501154315, -79.08746273250871 35.899305683808876)" }, "geometry": { "type": "LineString", "coordinates": [ [ -79.087586079456671, 35.899238501154315 ], [ -79.087462732508712, 35.899305683808876 ] ] } },
{ "type": "Feature", "properties": { "FEEDER_NAME": "RSDC", "SUBSTATION_NAME": "CARRBORO", "wmType": "SECONDARY UNDERGROUND", "WKT": "LINESTRING (-79.0875336402668 35.89920359692965, -79.08750471856028 35.899157229222325)" }, "geometry": { "type": "LineString", "coordinates": [ [ -79.087533640266798, 35.899203596929652 ], [ -79.087504718560282, 35.899157229222325 ] ] } },
{ "type": "Feature", "properties": { "FEEDER_NAME": "RSDC", "SUBSTATION_NAME": "CARRBORO", "wmType": "SECONDARY UNDERGROUND", "WKT": "LINESTRING (-79.0875336402668 35.89920359692965, -79.08748001469574 35.89916151552605)" }, "geometry": { "type": "LineString", "coordinates": [ [ -79.087533640266798, 35.899203596929652 ], [ -79.087480014695743, 35.899161515526053 ] ] } },
{ "type": "Feature", "properties": { "FEEDER_NAME": "RSDC", "SUBSTATION_NAME": "CARRBORO", "wmType": "SECONDARY UNDERGROUND", "WKT": "LINESTRING (-79.08748001469574 35.89916151552605, -79.08738149574845 35.89912510032712)" }, "geometry": { "type": "LineString", "coordinates": [ [ -79.087480014695743, 35.899161515526053 ], [ -79.087381495748446, 35.899125100327119 ] ] } },
{ "type": "Feature", "properties": { "FEEDER_NAME": "RSDC", "SUBSTATION_NAME": "CARRBORO", "wmType": "SECONDARY UNDERGROUND", "WKT": "LINESTRING (-79.08765837542245 35.89930928472816, -79.08763753642407 35.8993114691435, -79.08749138002426 35.89935047172974)" }, "geometry": { "type": "LineString", "coordinates": [ [ -79.08765837542245, 35.899309284728162 ], [ -79.087637536424069, 35.899311469143498 ], [ -79.087491380024261, 35.89935047172974 ] ] } },
{ "type": "Feature", "properties": { "FEEDER_NAME": "RSDC", "SUBSTATION_NAME": "CARRBORO", "wmType": "SECONDARY UNDERGROUND", "WKT": "LINESTRING (-79.08749138002426 35.89935047172974, -79.08745931676488 35.89937885703524)" }, "geometry": { "type": "LineString", "coordinates": [ [ -79.087491380024261, 35.89935047172974 ], [ -79.087459316764878, 35.899378857035238 ] ] } },
{ "type": "Feature", "properties": { "FEEDER_NAME": "RSDC", "SUBSTATION_NAME": "CARRBORO", "wmType": "SECONDARY UNDERGROUND", "WKT": "LINESTRING (-79.08749138002426 35.89935047172974, -79.08742491329707 35.89936063654138, -79.0873192305928 35.899391135827685, -79.08735311303737 35.89955446438347, -79.08736557432378 35.89955862851057)" }, "geometry": { "type": "LineString", "coordinates": [ [ -79.087491380024261, 35.89935047172974 ], [ -79.08742491329707, 35.899360636541381 ], [ -79.087319230592797, 35.899391135827685 ], [ -79.087353113037366, 35.899554464383471 ], [ -79.087365574323783, 35.899558628510569 ] ] } },
{ "type": "Feature", "properties": { "FEEDER_NAME": "RSDC", "SUBSTATION_NAME": "CARRBORO", "wmType": "SECONDARY UNDERGROUND", "WKT": "LINESTRING (-79.08749138002426 35.89935047172974, -79.08761682760795 35.8993529891881)" }, "geometry": { "type": "LineString", "coordinates": [ [ -79.087491380024261, 35.89935047172974 ], [ -79.087616827607945, 35.899352989188102 ] ] } },
{ "type": "Feature", "properties": { "FEEDER_NAME": "RSDC", "SUBSTATION_NAME": "CARRBORO", "wmType": "SECONDARY UNDERGROUND", "WKT": "LINESTRING (-79.08749138002426 35.89935047172974, -79.08738312215574 35.89938845105926)" }, "geometry": { "type": "LineString", "coordinates": [ [ -79.087491380024261, 35.89935047172974 ], [ -79.087383122155742, 35.899388451059259 ] ] } },
{ "type": "Feature", "properties": { "FEEDER_NAME": "RSDC", "SUBSTATION_NAME": "CARRBORO", "wmType": "SECONDARY UNDERGROUND", "WKT": "LINESTRING (-79.08765837542245 35.89930928472816, -79.08781437589957 35.89925258130496)" }, "geometry": { "type": "LineString", "coordinates": [ [ -79.08765837542245, 35.899309284728162 ], [ -79.087814375899569, 35.899252581304957 ] ] } },
{ "type": "Feature", "properties": { "FEEDER_NAME": "RSDC", "SUBSTATION_NAME": "CARRBORO", "wmType": "SECONDARY UNDERGROUND", "WKT": "LINESTRING (-79.08781437589957 35.89925258130496, -79.0877720008713 35.89933415751744)" }, "geometry": { "type": "LineString", "coordinates": [ [ -79.087814375899569, 35.899252581304957 ], [ -79.087772000871297, 35.899334157517437 ] ] } },
{ "type": "Feature", "properties": { "FEEDER_NAME": "RSDC", "SUBSTATION_NAME": "CARRBORO", "wmType": "SECONDARY UNDERGROUND", "WKT": "LINESTRING (-79.08781437589957 35.89925258130496, -79.08785346948964 35.899323606771716)" }, "geometry": { "type": "LineString", "coordinates": [ [ -79.087814375899569, 35.899252581304957 ], [ -79.087853469489644, 35.899323606771716 ] ] } },
{ "type": "Feature", "properties": { "FEEDER_NAME": "RSDC", "SUBSTATION_NAME": "CARRBORO", "wmType": "SECONDARY UNDERGROUND", "WKT": "LINESTRING (-79.08781437589957 35.89925258130496, -79.08793317747792 35.89931067148163)" }, "geometry": { "type": "LineString", "coordinates": [ [ -79.087814375899569, 35.899252581304957 ], [ -79.087933177477922, 35.899310671481629 ] ] } },
{ "type": "Feature", "properties": { "FEEDER_NAME": "RSDC", "SUBSTATION_NAME": "CARRBORO", "wmType": "SECONDARY UNDERGROUND", "WKT": "LINESTRING (-79.08765837542245 35.89930928472816, -79.0877026924388 35.89934195769351)" }, "geometry": { "type": "LineString", "coordinates": [ [ -79.08765837542245, 35.899309284728162 ], [ -79.087702692438796, 35.899341957693508 ] ] } },
{ "type": "Feature", "properties": { "FEEDER_NAME": "RSDC", "SUBSTATION_NAME": "CARRBORO", "wmType": "SECONDARY UNDERGROUND", "WKT": "LINESTRING (-79.08840092163204 35.90016367427418, -79.08842842846995 35.90015235736701, -79.08845946078827 35.90010615463593, -79.0884452965614 35.90009274174809)" }, "geometry": { "type": "LineString", "coordinates": [ [ -79.088400921632044, 35.900163674274182 ], [ -79.088428428469953, 35.900152357367013 ], [ -79.088459460788272, 35.900106154635928 ], [ -79.088445296561403, 35.90009274174809 ] ] } },
{ "type": "Feature", "properties": { "FEEDER_NAME": "RSDC", "SUBSTATION_NAME": "CARRBORO", "wmType": "SECONDARY UNDERGROUND", "WKT": "LINESTRING (-79.08840092163204 35.90016367427418, -79.08843654335949 35.90015784855307, -79.08850669783273 35.90005114519415, -79.08848969717087 35.90003318637648)" }, "geometry": { "type": "LineString", "coordinates": [ [ -79.088400921632044, 35.900163674274182 ], [ -79.088436543359492, 35.900157848553071 ], [ -79.088506697832727, 35.900051145194148 ], [ -79.088489697170871, 35.900033186376483 ] ] } },
{ "type": "Feature", "properties": { "FEEDER_NAME": "RSDC", "SUBSTATION_NAME": "CARRBORO", "wmType": "SECONDARY UNDERGROUND", "WKT": "LINESTRING (-79.08840092163204 35.90016367427418, -79.08844330566369 35.90016334071903, -79.08855528980767 35.899998333937276, -79.08852605348198 35.899980037902694)" }, "geometry": { "type": "LineString", "coordinates": [ [ -79.088400921632044, 35.900163674274182 ], [ -79.088443305663688, 35.900163340719033 ], [ -79.088555289807672, 35.899998333937276 ], [ -79.088526053481985, 35.899980037902694 ] ] } },
{ "type": "Feature", "properties": { "FEEDER_NAME": "RSDC", "SUBSTATION_NAME": "CARRBORO", "wmType": "SECONDARY UNDERGROUND", "WKT": "LINESTRING (-79.08840092163204 35.90016367427418, -79.0884514217605 35.900169932398285, -79.08859712313702 35.899944427072725, -79.08856808702282 35.89992080237865)" }, "geometry": { "type": "LineString", "coordinates": [ [ -79.088400921632044, 35.900163674274182 ], [ -79.088451421760496, 35.900169932398285 ], [ -79.088597123137021, 35.899944427072725 ], [ -79.088568087022821, 35.899920802378652 ] ] } },
{ "type": "Feature", "properties": { "FEEDER_NAME": "RSDC", "SUBSTATION_NAME": "CARRBORO", "wmType": "SECONDARY UNDERGROUND", "WKT": "LINESTRING (-79.08840092163204 35.90016367427418, -79.08845548351762 35.90017762570888, -79.08861332645925 35.89993232067419, -79.08861733755305 35.8998938346785, -79.08857167656097 35.89983830859832)" }, "geometry": { "type": "LineString", "coordinates": [ [ -79.088400921632044, 35.900163674274182 ], [ -79.08845548351762, 35.900177625708878 ], [ -79.088613326459253, 35.899932320674189 ], [ -79.088617337553046, 35.899893834678501 ], [ -79.088571676560974, 35.899838308598319 ] ] } },
{ "type": "Feature", "properties": { "FEEDER_NAME": "RSDC", "SUBSTATION_NAME": "CARRBORO", "wmType": "SECONDARY UNDERGROUND", "WKT": "LINESTRING (-79.08857167656097 35.89983830859832, -79.08848967577 35.89980030862877)" }, "geometry": { "type": "LineString", "coordinates": [ [ -79.088571676560974, 35.899838308598319 ], [ -79.088489675770006, 35.89980030862877 ] ] } },
{ "type": "Feature", "properties": { "FEEDER_NAME": "RSDC", "SUBSTATION_NAME": "CARRBORO", "wmType": "SECONDARY UNDERGROUND", "WKT": "LINESTRING (-79.08857167656097 35.89983830859832, -79.08867128214186 35.899792640956484, -79.08863866802339 35.89962773817624, -79.08861601315137 35.89962166810947)" }, "geometry": { "type": "LineString", "coordinates": [ [ -79.088571676560974, 35.899838308598319 ], [ -79.08867128214186, 35.899792640956484 ], [ -79.088638668023393, 35.899627738176243 ], [ -79.088616013151366, 35.899621668109468 ] ] } },
{ "type": "Feature", "properties": { "FEEDER_NAME": "RSDC", "SUBSTATION_NAME": "CARRBORO", "wmType": "SECONDARY UNDERGROUND", "WKT": "LINESTRING (-79.08857167656097 35.89983830859832, -79.08868209402065 35.89979373269236, -79.08863049395404 35.899567270949596, -79.08860907847397 35.89955696924798)" }, "geometry": { "type": "LineString", "coordinates": [ [ -79.088571676560974, 35.899838308598319 ], [ -79.088682094020655, 35.899793732692359 ], [ -79.088630493954042, 35.899567270949596 ], [ -79.088609078473965, 35.899556969247982 ] ] } },
{ "type": "Feature", "properties": { "FEEDER_NAME": "RSDC", "SUBSTATION_NAME": "CARRBORO", "wmType": "SECONDARY UNDERGROUND", "WKT": "LINESTRING (-79.08857167656097 35.89983830859832, -79.08865100633598 35.89978825731462, -79.08864418743197 35.899732187483615, -79.08862819157969 35.899725361792775)" }, "geometry": { "type": "LineString", "coordinates": [ [ -79.088571676560974, 35.899838308598319 ], [ -79.088651006335979, 35.899788257314619 ], [ -79.088644187431967, 35.899732187483615 ], [ -79.088628191579687, 35.899725361792775 ] ] } },
{ "type": "Feature", "properties": { "FEEDER_NAME": "RSDC", "SUBSTATION_NAME": "CARRBORO", "wmType": "SECONDARY UNDERGROUND", "WKT": "LINESTRING (-79.08857167656097 35.89983830859832, -79.08852565923966 35.8998598769115)" }, "geometry": { "type": "LineString", "coordinates": [ [ -79.088571676560974, 35.899838308598319 ], [ -79.088525659239664, 35.899859876911499 ] ] } },
{ "type": "Feature", "properties": { "FEEDER_NAME": "RSDC", "SUBSTATION_NAME": "CARRBORO", "wmType": "SECONDARY UNDERGROUND", "WKT": "LINESTRING (-79.08857167656097 35.89983830859832, -79.08866047026336 35.89979154921967, -79.08864279483369 35.89969370541015, -79.08862220049238 35.89968167711262)" }, "geometry": { "type": "LineString", "coordinates": [ [ -79.088571676560974, 35.899838308598319 ], [ -79.088660470263363, 35.899791549219671 ], [ -79.088642794833689, 35.899693705410151 ], [ -79.088622200492381, 35.899681677112618 ] ] } },
{ "type": "Feature", "properties": { "FEEDER_NAME": "RSDC", "SUBSTATION_NAME": "CARRBORO", "wmType": "SECONDARY UNDERGROUND", "WKT": "LINESTRING (-79.08789570694788 35.89988729583987, -79.08806442463906 35.89975866049078)" }, "geometry": { "type": "LineString", "coordinates": [ [ -79.087895706947876, 35.899887295839868 ], [ -79.088064424639057, 35.899758660490782 ] ] } },
{ "type": "Feature", "properties": { "FEEDER_NAME": "RSDC", "SUBSTATION_NAME": "CARRBORO", "wmType": "SECONDARY UNDERGROUND", "WKT": "LINESTRING (-79.08789570694788 35.89988729583987, -79.08789394301895 35.8998971402786)" }, "geometry": { "type": "LineString", "coordinates": [ [ -79.087895706947876, 35.899887295839868 ], [ -79.087893943018955, 35.899897140278597 ] ] } },
{ "type": "Feature", "properties": { "FEEDER_NAME": "RSDC", "SUBSTATION_NAME": "CARRBORO", "wmType": "SECONDARY UNDERGROUND", "WKT": "LINESTRING (-79.08789570694788 35.89988729583987, -79.08774621261125 35.89986472657293, -79.08774131595513 35.89977876528344, -79.08778609908161 35.89972531804058)" }, "geometry": { "type": "LineString", "coordinates": [ [ -79.087895706947876, 35.899887295839868 ], [ -79.08774621261125, 35.899864726572929 ], [ -79.087741315955128, 35.899778765283443 ], [ -79.087786099081612, 35.899725318040581 ] ] } },
{ "type": "Feature", "properties": { "FEEDER_NAME": "RSDC", "SUBSTATION_NAME": "CARRBORO", "wmType": "SECONDARY UNDERGROUND", "WKT": "LINESTRING (-79.08747270430175 35.90001430009053, -79.08746934817468 35.899943075853706, -79.08747409391543 35.899890971530034, -79.08747404877616 35.89984929244694, -79.08754609349192 35.899854450325115, -79.08764696047355 35.89986610120137, -79.08774942112856 35.89987123710602, -79.08789570694788 35.89988729583987)" }, "geometry": { "type": "LineString", "coordinates": [ [ -79.087472704301746, 35.900014300090533 ], [ -79.087469348174679, 35.899943075853706 ], [ -79.087474093915432, 35.899890971530034 ], [ -79.087474048776158, 35.899849292446937 ], [ -79.087546093491923, 35.899854450325115 ], [ -79.087646960473549, 35.899866101201368 ], [ -79.087749421128564, 35.899871237106019 ], [ -79.087895706947876, 35.899887295839868 ] ] } },
{ "type": "Feature", "properties": { "FEEDER_NAME": "RSDC", "SUBSTATION_NAME": "CARRBORO", "wmType": "SECONDARY UNDERGROUND", "WKT": "LINESTRING (-79.08789570694788 35.89988729583987, -79.0880140368696 35.899966055024485)" }, "geometry": { "type": "LineString", "coordinates": [ [ -79.087895706947876, 35.899887295839868 ], [ -79.088014036869595, 35.899966055024485 ] ] } },
{ "type": "Feature", "properties": { "FEEDER_NAME": "RSDC", "SUBSTATION_NAME": "CARRBORO", "wmType": "SECONDARY UNDERGROUND", "WKT": "LINESTRING (-79.08747270430175 35.90001430009053, -79.08745690754589 35.89999794819641, -79.0874567789811 35.899868984854194)" }, "geometry": { "type": "LineString", "coordinates": [ [ -79.087472704301746, 35.900014300090533 ], [ -79.087456907545885, 35.899997948196408 ], [ -79.087456778981107, 35.899868984854194 ] ] } },
{ "type": "Feature", "properties": { "FEEDER_NAME": "RSDC", "SUBSTATION_NAME": "CARRBORO", "wmType": "SECONDARY UNDERGROUND", "WKT": "LINESTRING (-79.08397288984416 35.8997464581196, -79.08404301836892 35.89959778529042)" }, "geometry": { "type": "LineString", "coordinates": [ [ -79.083972889844162, 35.899746458119601 ], [ -79.084043018368916, 35.899597785290418 ] ] } },
{ "type": "Feature", "properties": { "FEEDER_NAME": "RSDC", "SUBSTATION_NAME": "CARRBORO", "wmType": "SECONDARY UNDERGROUND", "WKT": "LINESTRING (-79.08397288984416 35.8997464581196, -79.08396128347596 35.89983353321403)" }, "geometry": { "type": "LineString", "coordinates": [ [ -79.083972889844162, 35.899746458119601 ], [ -79.083961283475958, 35.899833533214029 ] ] } },
{ "type": "Feature", "properties": { "FEEDER_NAME": "RSDC", "SUBSTATION_NAME": "CARRBORO", "wmType": "SECONDARY UNDERGROUND", "WKT": "LINESTRING (-79.08397288984416 35.8997464581196, -79.08381487704818 35.899798607304334)" }, "geometry": { "type": "LineString", "coordinates": [ [ -79.083972889844162, 35.899746458119601 ], [ -79.083814877048184, 35.899798607304334 ] ] } },
{ "type": "Feature", "properties": { "FEEDER_NAME": "RSDC", "SUBSTATION_NAME": "CARRBORO", "wmType": "SECONDARY UNDERGROUND", "WKT": "LINESTRING (-79.08397288984416 35.8997464581196, -79.08421348024012 35.8994877660363)" }, "geometry": { "type": "LineString", "coordinates": [ [ -79.083972889844162, 35.899746458119601 ], [ -79.084213480240123, 35.899487766036302 ] ] } },
{ "type": "Feature", "properties": { "FEEDER_NAME": "RSDC", "SUBSTATION_NAME": "CARRBORO", "wmType": "SECONDARY UNDERGROUND", "WKT": "LINESTRING (-79.08397288984416 35.8997464581196, -79.0841683751796 35.899642622698686)" }, "geometry": { "type": "LineString", "coordinates": [ [ -79.083972889844162, 35.899746458119601 ], [ -79.084168375179601, 35.899642622698686 ] ] } },
{ "type": "Feature", "properties": { "FEEDER_NAME": "RSDC", "SUBSTATION_NAME": "CARRBORO", "wmType": "SECONDARY UNDERGROUND", "WKT": "LINESTRING (-79.08397288984416 35.8997464581196, -79.08392778211578 35.8995901701597, -79.08397229469526 35.899382852539354)" }, "geometry": { "type": "LineString", "coordinates": [ [ -79.083972889844162, 35.899746458119601 ], [ -79.083927782115779, 35.899590170159698 ], [ -79.083972294695258, 35.899382852539354 ] ] } },
{ "type": "Feature", "properties": { "FEEDER_NAME": "RSDC", "SUBSTATION_NAME": "CARRBORO", "wmType": "SECONDARY UNDERGROUND", "WKT": "LINESTRING (-79.0823212592054 35.89936135759731, -79.08246572536187 35.89921376210959)" }, "geometry": { "type": "LineString", "coordinates": [ [ -79.082321259205401, 35.899361357597307 ], [ -79.082465725361871, 35.899213762109589 ] ] } },
{ "type": "Feature", "properties": { "FEEDER_NAME": "RSDC", "SUBSTATION_NAME": "CARRBORO", "wmType": "SECONDARY UNDERGROUND", "WKT": "LINESTRING (-79.0823212592054 35.89936135759731, -79.08220138430711 35.89924395400288, -79.08220415743047 35.899183401452284)" }, "geometry": { "type": "LineString", "coordinates": [ [ -79.082321259205401, 35.899361357597307 ], [ -79.082201384307112, 35.899243954002877 ], [ -79.082204157430468, 35.899183401452284 ] ] } },
{ "type": "Feature", "properties": { "FEEDER_NAME": "RSDC", "SUBSTATION_NAME": "CARRBORO", "wmType": "SECONDARY UNDERGROUND", "WKT": "LINESTRING (-79.0823212592054 35.89936135759731, -79.08226450885037 35.899229899744284, -79.0822758386779 35.89908278173101, -79.08219254670199 35.89901979056478)" }, "geometry": { "type": "LineString", "coordinates": [ [ -79.082321259205401, 35.899361357597307 ], [ -79.082264508850372, 35.899229899744284 ], [ -79.082275838677901, 35.899082781731011 ], [ -79.082192546701989, 35.899019790564779 ] ] } },
{ "type": "Feature", "properties": { "FEEDER_NAME": "RSDC", "SUBSTATION_NAME": "CARRBORO", "wmType": "SECONDARY UNDERGROUND", "WKT": "LINESTRING (-79.0823212592054 35.89936135759731, -79.08247694295832 35.89928579867091, -79.08251988049726 35.8991760202312, -79.0824813448012 35.89904568579574)" }, "geometry": { "type": "LineString", "coordinates": [ [ -79.082321259205401, 35.899361357597307 ], [ -79.082476942958323, 35.89928579867091 ], [ -79.082519880497259, 35.899176020231202 ], [ -79.082481344801195, 35.899045685795741 ] ] } },
{ "type": "Feature", "properties": { "FEEDER_NAME": "RSDC", "SUBSTATION_NAME": "CARRBORO", "wmType": "SECONDARY UNDERGROUND", "WKT": "LINESTRING (-79.07593828994882 35.895720462471964, -79.07582988351677 35.8959311637097, -79.07562336592487 35.89589665554047)" }, "geometry": { "type": "LineString", "coordinates": [ [ -79.075938289948823, 35.895720462471964 ], [ -79.075829883516775, 35.895931163709697 ], [ -79.075623365924869, 35.895896655540469 ] ] } },
{ "type": "Feature", "properties": { "FEEDER_NAME": "RSDC", "SUBSTATION_NAME": "CARRBORO", "wmType": "SECONDARY UNDERGROUND", "WKT": "LINESTRING (-79.07562336592487 35.89589665554047, -79.0758315415079 35.89594269220702, -79.07582129015556 35.895966851821385, -79.07581085974618 35.89599143606184, -79.07576636044675 35.89606083555199, -79.07573017932035 35.89609878233697)" }, "geometry": { "type": "LineString", "coordinates": [ [ -79.075623365924869, 35.895896655540469 ], [ -79.075831541507895, 35.895942692207022 ], [ -79.075821290155559, 35.895966851821385 ], [ -79.075810859746184, 35.895991436061841 ], [ -79.07576636044675, 35.896060835551992 ], [ -79.075730179320345, 35.896098782336971 ] ] } },
{ "type": "Feature", "properties": { "FEEDER_NAME": "RSDC", "SUBSTATION_NAME": "CARRBORO", "wmType": "SECONDARY UNDERGROUND", "WKT": "LINESTRING (-79.07573017932035 35.89609878233697, -79.0756656752198 35.89614287827527, -79.07561146180512 35.8961775914986, -79.07555335363817 35.896202855998, -79.0755085345785 35.89621850520794)" }, "geometry": { "type": "LineString", "coordinates": [ [ -79.075730179320345, 35.896098782336971 ], [ -79.075665675219796, 35.896142878275271 ], [ -79.075611461805124, 35.896177591498599 ], [ -79.075553353638171, 35.896202855997998 ], [ -79.075508534578503, 35.896218505207941 ] ] } },
{ "type": "Feature", "properties": { "FEEDER_NAME": "RSDC", "SUBSTATION_NAME": "CARRBORO", "wmType": "SECONDARY UNDERGROUND", "WKT": "LINESTRING (-79.0753206164568 35.89705992066397, -79.07496090791801 35.897178628958905)" }, "geometry": { "type": "LineString", "coordinates": [ [ -79.075320616456807, 35.89705992066397 ], [ -79.074960907918012, 35.897178628958905 ] ] } },
{ "type": "Feature", "properties": { "FEEDER_NAME": "RSDC", "SUBSTATION_NAME": "CARRBORO", "wmType": "SECONDARY UNDERGROUND", "WKT": "LINESTRING (-79.07496090791801 35.897178628958905, -79.07479816949756 35.89721721736176)" }, "geometry": { "type": "LineString", "coordinates": [ [ -79.074960907918012, 35.897178628958905 ], [ -79.074798169497555, 35.897217217361757 ] ] } },
{ "type": "Feature", "properties": { "FEEDER_NAME": "RSDC", "SUBSTATION_NAME": "CARRBORO", "wmType": "SECONDARY UNDERGROUND", "WKT": "LINESTRING (-79.08082132675244 35.89153679624782, -79.08098951314058 35.891525173189926)" }, "geometry": { "type": "LineString", "coordinates": [ [ -79.080821326752442, 35.89153679624782 ], [ -79.08098951314058, 35.891525173189926 ] ] } },
{ "type": "Feature", "properties": { "FEEDER_NAME": "RSDC", "SUBSTATION_NAME": "CARRBORO", "wmType": "SECONDARY UNDERGROUND", "WKT": "LINESTRING (-79.08098951314058 35.891525173189926, -79.08105180778809 35.89166457966413)" }, "geometry": { "type": "LineString", "coordinates": [ [ -79.08098951314058, 35.891525173189926 ], [ -79.081051807788086, 35.89166457966413 ] ] } },
{ "type": "Feature", "properties": { "FEEDER_NAME": "RSDC", "SUBSTATION_NAME": "CARRBORO", "wmType": "SECONDARY UNDERGROUND", "WKT": "LINESTRING (-79.08066003386678 35.89175981206214, -79.08128166278338 35.89176170322587, -79.08145612414384 35.89175747689519)" }, "geometry": { "type": "LineString", "coordinates": [ [ -79.080660033866778, 35.891759812062141 ], [ -79.081281662783383, 35.891761703225868 ], [ -79.081456124143841, 35.891757476895187 ] ] } },
{ "type": "Feature", "properties": { "FEEDER_NAME": "RSDC", "SUBSTATION_NAME": "CARRBORO", "wmType": "SECONDARY UNDERGROUND", "WKT": "LINESTRING (-79.08145612414384 35.89175747689519, -79.08133455194701 35.89178235392116)" }, "geometry": { "type": "LineString", "coordinates": [ [ -79.081456124143841, 35.891757476895187 ], [ -79.081334551947009, 35.891782353921158 ] ] } },
{ "type": "Feature", "properties": { "FEEDER_NAME": "RSDC", "SUBSTATION_NAME": "CARRBORO", "wmType": "SECONDARY UNDERGROUND", "WKT": "LINESTRING (-79.07983334348776 35.88969998416366, -79.07961207898256 35.88976795772465)" }, "geometry": { "type": "LineString", "coordinates": [ [ -79.079833343487763, 35.889699984163663 ], [ -79.079612078982564, 35.889767957724651 ] ] } },
{ "type": "Feature", "properties": { "FEEDER_NAME": "RSDC", "SUBSTATION_NAME": "CARRBORO", "wmType": "SECONDARY UNDERGROUND", "WKT": "LINESTRING (-79.07983334348776 35.88969998416366, -79.07924463776413 35.889469712908756)" }, "geometry": { "type": "LineString", "coordinates": [ [ -79.079833343487763, 35.889699984163663 ], [ -79.079244637764134, 35.889469712908756 ] ] } },
{ "type": "Feature", "properties": { "FEEDER_NAME": "RSDC", "SUBSTATION_NAME": "CARRBORO", "wmType": "SECONDARY UNDERGROUND", "WKT": "LINESTRING (-79.09253040879209 35.87755705361877, -79.09270245477423 35.877512489114835)" }, "geometry": { "type": "LineString", "coordinates": [ [ -79.092530408792086, 35.877557053618773 ], [ -79.092702454774226, 35.877512489114835 ] ] } },
{ "type": "Feature", "properties": { "FEEDER_NAME": "RSDC", "SUBSTATION_NAME": "CARRBORO", "wmType": "SECONDARY UNDERGROUND", "WKT": "LINESTRING (-79.09253040879209 35.87755705361877, -79.09285414074272 35.87768447509407)" }, "geometry": { "type": "LineString", "coordinates": [ [ -79.092530408792086, 35.877557053618773 ], [ -79.092854140742716, 35.877684475094071 ] ] } },
{ "type": "Feature", "properties": { "FEEDER_NAME": "RSDC", "SUBSTATION_NAME": "CARRBORO", "wmType": "SECONDARY UNDERGROUND", "WKT": "LINESTRING (-79.09253040879209 35.87755705361877, -79.09278700014562 35.87789600051932)" }, "geometry": { "type": "LineString", "coordinates": [ [ -79.092530408792086, 35.877557053618773 ], [ -79.09278700014562, 35.877896000519321 ] ] } },
{ "type": "Feature", "properties": { "FEEDER_NAME": "RSDC", "SUBSTATION_NAME": "CARRBORO", "wmType": "SECONDARY UNDERGROUND", "WKT": "LINESTRING (-79.09161605286788 35.87813311994054, -79.0918354008313 35.87828953118252, -79.09183891471537 35.87830598832453, -79.0918301441909 35.87832019422105, -79.09165398018881 35.87849126352764)" }, "geometry": { "type": "LineString", "coordinates": [ [ -79.091616052867877, 35.878133119940543 ], [ -79.0918354008313, 35.878289531182517 ], [ -79.091838914715368, 35.878305988324527 ], [ -79.091830144190894, 35.878320194221047 ], [ -79.091653980188809, 35.878491263527643 ] ] } },
{ "type": "Feature", "properties": { "FEEDER_NAME": "RSDC", "SUBSTATION_NAME": "CARRBORO", "wmType": "SECONDARY UNDERGROUND", "WKT": "LINESTRING (-79.095616934096 35.87837878116622, -79.09587394467655 35.87893282771041)" }, "geometry": { "type": "LineString", "coordinates": [ [ -79.095616934096, 35.878378781166219 ], [ -79.095873944676555, 35.878932827710408 ] ] } },
{ "type": "Feature", "properties": { "FEEDER_NAME": "RSDC", "SUBSTATION_NAME": "CARRBORO", "wmType": "SECONDARY UNDERGROUND", "WKT": "LINESTRING (-79.09621744116453 35.877011325124386, -79.09582938824042 35.87698770163188)" }, "geometry": { "type": "LineString", "coordinates": [ [ -79.096217441164526, 35.877011325124386 ], [ -79.095829388240418, 35.876987701631883 ] ] } },
{ "type": "Feature", "properties": { "FEEDER_NAME": "RSDC", "SUBSTATION_NAME": "CARRBORO", "wmType": "SECONDARY UNDERGROUND", "WKT": "LINESTRING (-79.09621744116453 35.877011325124386, -79.09620410969565 35.87722341481207)" }, "geometry": { "type": "LineString", "coordinates": [ [ -79.096217441164526, 35.877011325124386 ], [ -79.096204109695648, 35.877223414812072 ] ] } },
{ "type": "Feature", "properties": { "FEEDER_NAME": "RSDC", "SUBSTATION_NAME": "CARRBORO", "wmType": "SECONDARY UNDERGROUND", "WKT": "LINESTRING (-79.09621744116453 35.877011325124386, -79.09585148922802 35.87697426009556)" }, "geometry": { "type": "LineString", "coordinates": [ [ -79.096217441164526, 35.877011325124386 ], [ -79.095851489228025, 35.876974260095558 ] ] } },
{ "type": "Feature", "properties": { "FEEDER_NAME": "RSDC", "SUBSTATION_NAME": "CARRBORO", "wmType": "SECONDARY UNDERGROUND", "WKT": "LINESTRING (-79.096492694129 35.876428067435825, -79.0969978891106 35.876568925192046)" }, "geometry": { "type": "LineString", "coordinates": [ [ -79.096492694128997, 35.876428067435825 ], [ -79.096997889110597, 35.876568925192046 ] ] } },
{ "type": "Feature", "properties": { "FEEDER_NAME": "RSDC", "SUBSTATION_NAME": "CARRBORO", "wmType": "SECONDARY UNDERGROUND", "WKT": "LINESTRING (-79.096492694129 35.876428067435825, -79.09683052380124 35.87661034286593)" }, "geometry": { "type": "LineString", "coordinates": [ [ -79.096492694128997, 35.876428067435825 ], [ -79.096830523801245, 35.876610342865931 ] ] } },
{ "type": "Feature", "properties": { "FEEDER_NAME": "RSDC", "SUBSTATION_NAME": "CARRBORO", "wmType": "SECONDARY UNDERGROUND", "WKT": "LINESTRING (-79.09385490267157 35.87826644267998, -79.09377418288804 35.87815609475173)" }, "geometry": { "type": "LineString", "coordinates": [ [ -79.093854902671566, 35.87826644267998 ], [ -79.093774182888041, 35.878156094751731 ] ] } },
{ "type": "Feature", "properties": { "FEEDER_NAME": "RSDC", "SUBSTATION_NAME": "CARRBORO", "wmType": "SECONDARY UNDERGROUND", "WKT": "LINESTRING (-79.09385490267157 35.87826644267998, -79.09383811163025 35.878607198971146)" }, "geometry": { "type": "LineString", "coordinates": [ [ -79.093854902671566, 35.87826644267998 ], [ -79.093838111630248, 35.878607198971146 ] ] } },
{ "type": "Feature", "properties": { "FEEDER_NAME": "RSDC", "SUBSTATION_NAME": "CARRBORO", "wmType": "SECONDARY UNDERGROUND", "WKT": "LINESTRING (-79.09385490267157 35.87826644267998, -79.09391232568197 35.87863383785769)" }, "geometry": { "type": "LineString", "coordinates": [ [ -79.093854902671566, 35.87826644267998 ], [ -79.09391232568197, 35.878633837857691 ] ] } },
{ "type": "Feature", "properties": { "FEEDER_NAME": "RSDC", "SUBSTATION_NAME": "CARRBORO", "wmType": "SECONDARY UNDERGROUND", "WKT": "LINESTRING (-79.0938860343027 35.87701094453478, -79.09366024729444 35.877536768877846)" }, "geometry": { "type": "LineString", "coordinates": [ [ -79.093886034302699, 35.877010944534781 ], [ -79.093660247294437, 35.877536768877846 ] ] } },
{ "type": "Feature", "properties": { "FEEDER_NAME": "RSDC", "SUBSTATION_NAME": "CARRBORO", "wmType": "SECONDARY UNDERGROUND", "WKT": "LINESTRING (-79.0902606108988 35.87799877571299, -79.08982086562331 35.877861043413795)" }, "geometry": { "type": "LineString", "coordinates": [ [ -79.090260610898795, 35.877998775712989 ], [ -79.089820865623309, 35.877861043413795 ] ] } },
{ "type": "Feature", "properties": { "FEEDER_NAME": "RSDC", "SUBSTATION_NAME": "CARRBORO", "wmType": "SECONDARY UNDERGROUND", "WKT": "LINESTRING (-79.08799975106045 35.87857984166188, -79.08773944251595 35.87817088153782)" }, "geometry": { "type": "LineString", "coordinates": [ [ -79.087999751060451, 35.878579841661882 ], [ -79.087739442515954, 35.87817088153782 ] ] } },
{ "type": "Feature", "properties": { "FEEDER_NAME": "RSDC", "SUBSTATION_NAME": "CARRBORO", "wmType": "SECONDARY UNDERGROUND", "WKT": "LINESTRING (-79.08773944251595 35.87817088153782, -79.08775001883517 35.87816475761598)" }, "geometry": { "type": "LineString", "coordinates": [ [ -79.087739442515954, 35.87817088153782 ], [ -79.087750018835166, 35.878164757615977 ] ] } },
{ "type": "Feature", "properties": { "FEEDER_NAME": "RSDC", "SUBSTATION_NAME": "CARRBORO", "wmType": "SECONDARY UNDERGROUND", "WKT": "LINESTRING (-79.08542531287517 35.88147360192165, -79.08558802460915 35.88145290008428, -79.08609817727356 35.88153581332618, -79.08618513324404 35.881590317373465)" }, "geometry": { "type": "LineString", "coordinates": [ [ -79.085425312875174, 35.881473601921648 ], [ -79.085588024609152, 35.881452900084277 ], [ -79.086098177273556, 35.881535813326181 ], [ -79.086185133244044, 35.881590317373465 ] ] } },
{ "type": "Feature", "properties": { "FEEDER_NAME": "RSDC", "SUBSTATION_NAME": "CARRBORO", "wmType": "SECONDARY UNDERGROUND", "WKT": "LINESTRING (-79.08291571856932 35.883093409786156, -79.08290206712587 35.8830859003207)" }, "geometry": { "type": "LineString", "coordinates": [ [ -79.082915718569325, 35.883093409786156 ], [ -79.082902067125872, 35.883085900320701 ] ] } },
{ "type": "Feature", "properties": { "FEEDER_NAME": "RSDC", "SUBSTATION_NAME": "CARRBORO", "wmType": "SECONDARY UNDERGROUND", "WKT": "LINESTRING (-79.08291571856932 35.883093409786156, -79.08289750183376 35.88308263436496)" }, "geometry": { "type": "LineString", "coordinates": [ [ -79.082915718569325, 35.883093409786156 ], [ -79.082897501833756, 35.88308263436496 ] ] } },
{ "type": "Feature", "properties": { "FEEDER_NAME": "RSDC", "SUBSTATION_NAME": "CARRBORO", "wmType": "SECONDARY UNDERGROUND", "WKT": "LINESTRING (-79.07869933855164 35.889503142173176, -79.07876623028825 35.88936808008703)" }, "geometry": { "type": "LineString", "coordinates": [ [ -79.078699338551644, 35.889503142173176 ], [ -79.078766230288252, 35.889368080087031 ] ] } },
{ "type": "Feature", "properties": { "FEEDER_NAME": "RSDC", "SUBSTATION_NAME": "CARRBORO", "wmType": "SECONDARY UNDERGROUND", "WKT": "LINESTRING (-79.07960693780598 35.89003476767129, -79.07928440578922 35.89036791516021)" }, "geometry": { "type": "LineString", "coordinates": [ [ -79.079606937805977, 35.890034767671288 ], [ -79.079284405789224, 35.890367915160212 ] ] } },
{ "type": "Feature", "properties": { "FEEDER_NAME": "RSDC", "SUBSTATION_NAME": "CARRBORO", "wmType": "SECONDARY UNDERGROUND", "WKT": "LINESTRING (-79.07960693780598 35.89003476767129, -79.07954601327064 35.89059677391091)" }, "geometry": { "type": "LineString", "coordinates": [ [ -79.079606937805977, 35.890034767671288 ], [ -79.079546013270644, 35.890596773910907 ] ] } },
{ "type": "Feature", "properties": { "FEEDER_NAME": "RSDC", "SUBSTATION_NAME": "CARRBORO", "wmType": "SECONDARY UNDERGROUND", "WKT": "LINESTRING (-79.07960693780598 35.89003476767129, -79.07954080255725 35.89039166180282)" }, "geometry": { "type": "LineString", "coordinates": [ [ -79.079606937805977, 35.890034767671288 ], [ -79.079540802557247, 35.890391661802823 ] ] } },
{ "type": "Feature", "properties": { "FEEDER_NAME": "RSDC", "SUBSTATION_NAME": "CARRBORO", "wmType": "SECONDARY UNDERGROUND", "WKT": "LINESTRING (-79.081129714733 35.89104050013575, -79.0811300106014 35.89105055224175, -79.0810337131012 35.891174281286496, -79.08121868938572 35.89120328408814, -79.0812167836409 35.891245660411606)" }, "geometry": { "type": "LineString", "coordinates": [ [ -79.081129714732995, 35.891040500135752 ], [ -79.081130010601399, 35.891050552241751 ], [ -79.081033713101206, 35.891174281286496 ], [ -79.081218689385722, 35.891203284088142 ], [ -79.081216783640897, 35.891245660411606 ] ] } },
{ "type": "Feature", "properties": { "FEEDER_NAME": "RSDC", "SUBSTATION_NAME": "CARRBORO", "wmType": "SECONDARY UNDERGROUND", "WKT": "LINESTRING (-79.08103140207166 35.89116717960313, -79.0813050461513 35.89120783766397, -79.08129718282049 35.89127483091185)" }, "geometry": { "type": "LineString", "coordinates": [ [ -79.081031402071659, 35.89116717960313 ], [ -79.0813050461513, 35.89120783766397 ], [ -79.081297182820492, 35.891274830911847 ] ] } },
{ "type": "Feature", "properties": { "FEEDER_NAME": "RSDC", "SUBSTATION_NAME": "CARRBORO", "wmType": "SECONDARY UNDERGROUND", "WKT": "LINESTRING (-79.081129714733 35.89104050013575, -79.08118635455752 35.89092297137616, -79.08093493177229 35.890760554841435)" }, "geometry": { "type": "LineString", "coordinates": [ [ -79.081129714732995, 35.891040500135752 ], [ -79.081186354557516, 35.890922971376163 ], [ -79.08093493177229, 35.890760554841435 ] ] } },
{ "type": "Feature", "properties": { "FEEDER_NAME": "RSDC", "SUBSTATION_NAME": "CARRBORO", "wmType": "SECONDARY UNDERGROUND", "WKT": "LINESTRING (-79.08093493177229 35.890760554841435, -79.08119635441894 35.89090870240173, -79.08134302204411 35.89068116467764)" }, "geometry": { "type": "LineString", "coordinates": [ [ -79.08093493177229, 35.890760554841435 ], [ -79.081196354418935, 35.890908702401731 ], [ -79.081343022044109, 35.890681164677638 ] ] } },
{ "type": "Feature", "properties": { "FEEDER_NAME": "RSDC", "SUBSTATION_NAME": "CARRBORO", "wmType": "SECONDARY UNDERGROUND", "WKT": "LINESTRING (-79.08134302204411 35.89068116467764, -79.08111381474198 35.89054217133477)" }, "geometry": { "type": "LineString", "coordinates": [ [ -79.081343022044109, 35.890681164677638 ], [ -79.081113814741983, 35.890542171334772 ] ] } },
{ "type": "Feature", "properties": { "FEEDER_NAME": "RSDC", "SUBSTATION_NAME": "CARRBORO", "wmType": "SECONDARY UNDERGROUND", "WKT": "LINESTRING (-79.08061131223953 35.89085711818197, -79.08049981835035 35.89102080558712, -79.08049040580191 35.89103658561204)" }, "geometry": { "type": "LineString", "coordinates": [ [ -79.080611312239526, 35.89085711818197 ], [ -79.080499818350347, 35.891020805587118 ], [ -79.08049040580191, 35.891036585612042 ] ] } },
{ "type": "Feature", "properties": { "FEEDER_NAME": "RSDC", "SUBSTATION_NAME": "CARRBORO", "wmType": "SECONDARY UNDERGROUND", "WKT": "LINESTRING (-79.08049040580191 35.89103658561204, -79.08045897814858 35.89108951950861, -79.08060412751512 35.89115960053539, -79.0807546549645 35.891037097777364)" }, "geometry": { "type": "LineString", "coordinates": [ [ -79.08049040580191, 35.891036585612042 ], [ -79.080458978148584, 35.891089519508611 ], [ -79.080604127515116, 35.891159600535389 ], [ -79.080754654964494, 35.891037097777364 ] ] } },
{ "type": "Feature", "properties": { "FEEDER_NAME": "RSDC", "SUBSTATION_NAME": "CARRBORO", "wmType": "SECONDARY UNDERGROUND", "WKT": "LINESTRING (-79.0807546549645 35.891037097777364, -79.08061944661144 35.8911654930874, -79.08072347418353 35.891220515925305, -79.08072255111259 35.89124228315451, -79.08073775380177 35.8912535881305)" }, "geometry": { "type": "LineString", "coordinates": [ [ -79.080754654964494, 35.891037097777364 ], [ -79.080619446611436, 35.891165493087399 ], [ -79.080723474183529, 35.891220515925305 ], [ -79.080722551112586, 35.891242283154511 ], [ -79.08073775380177, 35.891253588130503 ] ] } },
{ "type": "Feature", "properties": { "FEEDER_NAME": "RSDC", "SUBSTATION_NAME": "CARRBORO", "wmType": "SECONDARY UNDERGROUND", "WKT": "LINESTRING (-79.08061131223953 35.89085711818197, -79.08065738313418 35.89079460806315)" }, "geometry": { "type": "LineString", "coordinates": [ [ -79.080611312239526, 35.89085711818197 ], [ -79.080657383134181, 35.890794608063153 ] ] } },
{ "type": "Feature", "properties": { "FEEDER_NAME": "RSDC", "SUBSTATION_NAME": "CARRBORO", "wmType": "SECONDARY UNDERGROUND", "WKT": "LINESTRING (-79.07850779254464 35.893934011779635, -79.07855285204232 35.894087770311494, -79.07872964384897 35.89406788885824, -79.07872933037473 35.89404402421897)" }, "geometry": { "type": "LineString", "coordinates": [ [ -79.078507792544642, 35.893934011779635 ], [ -79.078552852042321, 35.894087770311494 ], [ -79.078729643848973, 35.894067888858238 ], [ -79.078729330374728, 35.894044024218971 ] ] } },
{ "type": "Feature", "properties": { "FEEDER_NAME": "RSDC", "SUBSTATION_NAME": "CARRBORO", "wmType": "SECONDARY UNDERGROUND", "WKT": "LINESTRING (-79.07850779254464 35.893934011779635, -79.07856458556527 35.89399759226667, -79.07859569258862 35.893997478494654)" }, "geometry": { "type": "LineString", "coordinates": [ [ -79.078507792544642, 35.893934011779635 ], [ -79.078564585565275, 35.893997592266672 ], [ -79.078595692588621, 35.893997478494654 ] ] } },
{ "type": "Feature", "properties": { "FEEDER_NAME": "RSDC", "SUBSTATION_NAME": "CARRBORO", "wmType": "SECONDARY UNDERGROUND", "WKT": "LINESTRING (-79.07859569258862 35.893997478494654, -79.07865749247186 35.89399054005202)" }, "geometry": { "type": "LineString", "coordinates": [ [ -79.078595692588621, 35.893997478494654 ], [ -79.078657492471862, 35.893990540052023 ] ] } },
{ "type": "Feature", "properties": { "FEEDER_NAME": "RSDC", "SUBSTATION_NAME": "CARRBORO", "wmType": "SECONDARY UNDERGROUND", "WKT": "LINESTRING (-79.07865749247186 35.89399054005202, -79.07871119952341 35.893985801485414)" }, "geometry": { "type": "LineString", "coordinates": [ [ -79.078657492471862, 35.893990540052023 ], [ -79.078711199523411, 35.893985801485414 ] ] } },
{ "type": "Feature", "properties": { "FEEDER_NAME": "RSDC", "SUBSTATION_NAME": "CARRBORO", "wmType": "SECONDARY UNDERGROUND", "WKT": "LINESTRING (-79.07850779254464 35.893934011779635, -79.07854958302423 35.89380276339377)" }, "geometry": { "type": "LineString", "coordinates": [ [ -79.078507792544642, 35.893934011779635 ], [ -79.078549583024227, 35.893802763393772 ] ] } },
{ "type": "Feature", "properties": { "FEEDER_NAME": "RSDC", "SUBSTATION_NAME": "CARRBORO", "wmType": "SECONDARY UNDERGROUND", "WKT": "LINESTRING (-79.07854958302423 35.89380276339377, -79.07859878781953 35.89379408094546)" }, "geometry": { "type": "LineString", "coordinates": [ [ -79.078549583024227, 35.893802763393772 ], [ -79.07859878781953, 35.893794080945462 ] ] } },
{ "type": "Feature", "properties": { "FEEDER_NAME": "RSDC", "SUBSTATION_NAME": "CARRBORO", "wmType": "SECONDARY UNDERGROUND", "WKT": "LINESTRING (-79.07859878781953 35.89379408094546, -79.07866928031068 35.89378111705689)" }, "geometry": { "type": "LineString", "coordinates": [ [ -79.07859878781953, 35.893794080945462 ], [ -79.078669280310677, 35.893781117056889 ] ] } },
{ "type": "Feature", "properties": { "FEEDER_NAME": "RSDC", "SUBSTATION_NAME": "CARRBORO", "wmType": "SECONDARY UNDERGROUND", "WKT": "LINESTRING (-79.07850779254464 35.893934011779635, -79.07856985730244 35.89406163223589, -79.07863060768138 35.89405637722557)" }, "geometry": { "type": "LineString", "coordinates": [ [ -79.078507792544642, 35.893934011779635 ], [ -79.07856985730244, 35.894061632235889 ], [ -79.078630607681376, 35.894056377225567 ] ] } },
{ "type": "Feature", "properties": { "FEEDER_NAME": "RSDC", "SUBSTATION_NAME": "CARRBORO", "wmType": "SECONDARY UNDERGROUND", "WKT": "LINESTRING (-79.07863060768138 35.89405637722557, -79.07868259676103 35.89405050593305)" }, "geometry": { "type": "LineString", "coordinates": [ [ -79.078630607681376, 35.894056377225567 ], [ -79.078682596761027, 35.894050505933052 ] ] } },
{ "type": "Feature", "properties": { "FEEDER_NAME": "RSDC", "SUBSTATION_NAME": "CARRBORO", "wmType": "SECONDARY UNDERGROUND", "WKT": "LINESTRING (-79.07850779254464 35.893934011779635, -79.07856630069132 35.89389667797543)" }, "geometry": { "type": "LineString", "coordinates": [ [ -79.078507792544642, 35.893934011779635 ], [ -79.078566300691321, 35.893896677975427 ] ] } },
{ "type": "Feature", "properties": { "FEEDER_NAME": "RSDC", "SUBSTATION_NAME": "CARRBORO", "wmType": "SECONDARY UNDERGROUND", "WKT": "LINESTRING (-79.07856630069132 35.89389667797543, -79.07862564577889 35.89388736798452)" }, "geometry": { "type": "LineString", "coordinates": [ [ -79.078566300691321, 35.893896677975427 ], [ -79.078625645778885, 35.893887367984519 ] ] } },
{ "type": "Feature", "properties": { "FEEDER_NAME": "RSDC", "SUBSTATION_NAME": "CARRBORO", "wmType": "SECONDARY UNDERGROUND", "WKT": "LINESTRING (-79.07862564577889 35.89388736798452, -79.07868919738507 35.89387759468303)" }, "geometry": { "type": "LineString", "coordinates": [ [ -79.078625645778885, 35.893887367984519 ], [ -79.078689197385074, 35.893877594683033 ] ] } },
{ "type": "Feature", "properties": { "FEEDER_NAME": "RSDC", "SUBSTATION_NAME": "CARRBORO", "wmType": "SECONDARY UNDERGROUND", "WKT": "LINESTRING (-79.07868919738507 35.89387759468303, -79.07867886913094 35.893835303843254)" }, "geometry": { "type": "LineString", "coordinates": [ [ -79.078689197385074, 35.893877594683033 ], [ -79.07867886913094, 35.893835303843254 ] ] } },
{ "type": "Feature", "properties": { "FEEDER_NAME": "RSDC", "SUBSTATION_NAME": "CARRBORO", "wmType": "SECONDARY UNDERGROUND", "WKT": "LINESTRING (-79.07867886913094 35.893835303843254, -79.07861519518289 35.893841119573246)" }, "geometry": { "type": "LineString", "coordinates": [ [ -79.07867886913094, 35.893835303843254 ], [ -79.078615195182891, 35.893841119573246 ] ] } },
{ "type": "Feature", "properties": { "FEEDER_NAME": "RSDC", "SUBSTATION_NAME": "CARRBORO", "wmType": "SECONDARY UNDERGROUND", "WKT": "LINESTRING (-79.07850625498223 35.893694577490656, -79.07824065544297 35.89364229556728)" }, "geometry": { "type": "LineString", "coordinates": [ [ -79.07850625498223, 35.893694577490656 ], [ -79.078240655442968, 35.893642295567282 ] ] } },
{ "type": "Feature", "properties": { "FEEDER_NAME": "RSDC", "SUBSTATION_NAME": "CARRBORO", "wmType": "SECONDARY UNDERGROUND", "WKT": "LINESTRING (-79.07850625498223 35.893694577490656, -79.07850810042197 35.893650174244165, -79.07847634418931 35.893514363884115, -79.07850356340144 35.89349863115741)" }, "geometry": { "type": "LineString", "coordinates": [ [ -79.07850625498223, 35.893694577490656 ], [ -79.078508100421971, 35.893650174244165 ], [ -79.078476344189312, 35.893514363884115 ], [ -79.078503563401441, 35.893498631157406 ] ] } },
{ "type": "Feature", "properties": { "FEEDER_NAME": "RSDC", "SUBSTATION_NAME": "CARRBORO", "wmType": "SECONDARY UNDERGROUND", "WKT": "LINESTRING (-79.07850356340144 35.89349863115741, -79.07857957023508 35.893501046402825)" }, "geometry": { "type": "LineString", "coordinates": [ [ -79.078503563401441, 35.893498631157406 ], [ -79.078579570235078, 35.893501046402825 ] ] } },
{ "type": "Feature", "properties": { "FEEDER_NAME": "RSDC", "SUBSTATION_NAME": "CARRBORO", "wmType": "SECONDARY UNDERGROUND", "WKT": "LINESTRING (-79.07857957023508 35.893501046402825, -79.07859174894693 35.89355091606834)" }, "geometry": { "type": "LineString", "coordinates": [ [ -79.078579570235078, 35.893501046402825 ], [ -79.078591748946934, 35.893550916068342 ] ] } },
{ "type": "Feature", "properties": { "FEEDER_NAME": "RSDC", "SUBSTATION_NAME": "CARRBORO", "wmType": "SECONDARY UNDERGROUND", "WKT": "LINESTRING (-79.07850356340144 35.89349863115741, -79.07852130994574 35.893556040297774)" }, "geometry": { "type": "LineString", "coordinates": [ [ -79.078503563401441, 35.893498631157406 ], [ -79.078521309945742, 35.893556040297774 ] ] } },
{ "type": "Feature", "properties": { "FEEDER_NAME": "RSDC", "SUBSTATION_NAME": "CARRBORO", "wmType": "SECONDARY UNDERGROUND", "WKT": "LINESTRING (-79.07850625498223 35.893694577490656, -79.07854400518602 35.893650583761904)" }, "geometry": { "type": "LineString", "coordinates": [ [ -79.07850625498223, 35.893694577490656 ], [ -79.078544005186018, 35.893650583761904 ] ] } },
{ "type": "Feature", "properties": { "FEEDER_NAME": "RSDC", "SUBSTATION_NAME": "CARRBORO", "wmType": "SECONDARY UNDERGROUND", "WKT": "LINESTRING (-79.07854400518602 35.893650583761904, -79.07853084965505 35.89359630101469)" }, "geometry": { "type": "LineString", "coordinates": [ [ -79.078544005186018, 35.893650583761904 ], [ -79.078530849655053, 35.893596301014689 ] ] } },
{ "type": "Feature", "properties": { "FEEDER_NAME": "RSDC", "SUBSTATION_NAME": "CARRBORO", "wmType": "SECONDARY UNDERGROUND", "WKT": "LINESTRING (-79.07853084965505 35.89359630101469, -79.07859794671614 35.89359448493238)" }, "geometry": { "type": "LineString", "coordinates": [ [ -79.078530849655053, 35.893596301014689 ], [ -79.078597946716144, 35.893594484932379 ] ] } },
{ "type": "Feature", "properties": { "FEEDER_NAME": "RSDC", "SUBSTATION_NAME": "CARRBORO", "wmType": "SECONDARY UNDERGROUND", "WKT": "LINESTRING (-79.07859794671614 35.89359448493238, -79.07860910781469 35.8936378541122)" }, "geometry": { "type": "LineString", "coordinates": [ [ -79.078597946716144, 35.893594484932379 ], [ -79.078609107814685, 35.8936378541122 ] ] } },
{ "type": "Feature", "properties": { "FEEDER_NAME": "RSDC", "SUBSTATION_NAME": "CARRBORO", "wmType": "SECONDARY UNDERGROUND", "WKT": "LINESTRING (-79.07850625498223 35.893694577490656, -79.07855527537924 35.89372642341295)" }, "geometry": { "type": "LineString", "coordinates": [ [ -79.07850625498223, 35.893694577490656 ], [ -79.078555275379244, 35.89372642341295 ] ] } },
{ "type": "Feature", "properties": { "FEEDER_NAME": "RSDC", "SUBSTATION_NAME": "CARRBORO", "wmType": "SECONDARY UNDERGROUND", "WKT": "LINESTRING (-79.07855527537924 35.89372642341295, -79.07860895683856 35.893726293297185)" }, "geometry": { "type": "LineString", "coordinates": [ [ -79.078555275379244, 35.89372642341295 ], [ -79.078608956838565, 35.893726293297185 ] ] } },
{ "type": "Feature", "properties": { "FEEDER_NAME": "RSDC", "SUBSTATION_NAME": "CARRBORO", "wmType": "SECONDARY UNDERGROUND", "WKT": "LINESTRING (-79.07860895683856 35.893726293297185, -79.07860461839446 35.89367997965494)" }, "geometry": { "type": "LineString", "coordinates": [ [ -79.078608956838565, 35.893726293297185 ], [ -79.078604618394465, 35.893679979654941 ] ] } },
{ "type": "Feature", "properties": { "FEEDER_NAME": "RSDC", "SUBSTATION_NAME": "CARRBORO", "wmType": "SECONDARY UNDERGROUND", "WKT": "LINESTRING (-79.07860461839446 35.89367997965494, -79.07854405115377 35.89367735259304)" }, "geometry": { "type": "LineString", "coordinates": [ [ -79.078604618394465, 35.893679979654941 ], [ -79.07854405115377, 35.893677352593038 ] ] } },
{ "type": "Feature", "properties": { "FEEDER_NAME": "RSDC", "SUBSTATION_NAME": "CARRBORO", "wmType": "SECONDARY UNDERGROUND", "WKT": "LINESTRING (-79.07880131252863 35.89324155815493, -79.07878533455515 35.89320887170273, -79.0787488799498 35.89317713943332, -79.07883635810978 35.89309385970357)" }, "geometry": { "type": "LineString", "coordinates": [ [ -79.078801312528626, 35.893241558154926 ], [ -79.07878533455515, 35.893208871702733 ], [ -79.078748879949799, 35.89317713943332 ], [ -79.078836358109783, 35.893093859703569 ] ] } },
{ "type": "Feature", "properties": { "FEEDER_NAME": "RSDC", "SUBSTATION_NAME": "CARRBORO", "wmType": "SECONDARY UNDERGROUND", "WKT": "LINESTRING (-79.07883635810978 35.89309385970357, -79.07890070202727 35.893030652595115)" }, "geometry": { "type": "LineString", "coordinates": [ [ -79.078836358109783, 35.893093859703569 ], [ -79.078900702027269, 35.893030652595115 ] ] } },
{ "type": "Feature", "properties": { "FEEDER_NAME": "RSDC", "SUBSTATION_NAME": "CARRBORO", "wmType": "SECONDARY UNDERGROUND", "WKT": "LINESTRING (-79.07890070202727 35.893030652595115, -79.0788804905604 35.89300820234927)" }, "geometry": { "type": "LineString", "coordinates": [ [ -79.078900702027269, 35.893030652595115 ], [ -79.078880490560394, 35.893008202349272 ] ] } },
{ "type": "Feature", "properties": { "FEEDER_NAME": "RSDC", "SUBSTATION_NAME": "CARRBORO", "wmType": "SECONDARY UNDERGROUND", "WKT": "LINESTRING (-79.0788804905604 35.89300820234927, -79.07880331493594 35.89306643079596)" }, "geometry": { "type": "LineString", "coordinates": [ [ -79.078880490560394, 35.893008202349272 ], [ -79.078803314935939, 35.893066430795962 ] ] } },
{ "type": "Feature", "properties": { "FEEDER_NAME": "RSDC", "SUBSTATION_NAME": "CARRBORO", "wmType": "SECONDARY UNDERGROUND", "WKT": "LINESTRING (-79.07880131252863 35.89324155815493, -79.0789129201077 35.89315470441788)" }, "geometry": { "type": "LineString", "coordinates": [ [ -79.078801312528626, 35.893241558154926 ], [ -79.078912920107697, 35.893154704417881 ] ] } },
{ "type": "Feature", "properties": { "FEEDER_NAME": "RSDC", "SUBSTATION_NAME": "CARRBORO", "wmType": "SECONDARY UNDERGROUND", "WKT": "LINESTRING (-79.0789129201077 35.89315470441788, -79.07897253182469 35.8930912831184)" }, "geometry": { "type": "LineString", "coordinates": [ [ -79.078912920107697, 35.893154704417881 ], [ -79.078972531824689, 35.893091283118402 ] ] } },
{ "type": "Feature", "properties": { "FEEDER_NAME": "RSDC", "SUBSTATION_NAME": "CARRBORO", "wmType": "SECONDARY UNDERGROUND", "WKT": "LINESTRING (-79.07897253182469 35.8930912831184, -79.07894682894907 35.89306477874708)" }, "geometry": { "type": "LineString", "coordinates": [ [ -79.078972531824689, 35.893091283118402 ], [ -79.078946828949071, 35.893064778747082 ] ] } },
{ "type": "Feature", "properties": { "FEEDER_NAME": "RSDC", "SUBSTATION_NAME": "CARRBORO", "wmType": "SECONDARY UNDERGROUND", "WKT": "LINESTRING (-79.07894682894907 35.89306477874708, -79.07887271714702 35.89312074206787)" }, "geometry": { "type": "LineString", "coordinates": [ [ -79.078946828949071, 35.893064778747082 ], [ -79.078872717147021, 35.893120742067872 ] ] } },
{ "type": "Feature", "properties": { "FEEDER_NAME": "RSDC", "SUBSTATION_NAME": "CARRBORO", "wmType": "SECONDARY UNDERGROUND", "WKT": "LINESTRING (-79.07880131252863 35.89324155815493, -79.07868509755053 35.89313589975175, -79.07877596361082 35.89303394366509)" }, "geometry": { "type": "LineString", "coordinates": [ [ -79.078801312528626, 35.893241558154926 ], [ -79.078685097550533, 35.893135899751748 ], [ -79.078775963610823, 35.893033943665088 ] ] } },
{ "type": "Feature", "properties": { "FEEDER_NAME": "RSDC", "SUBSTATION_NAME": "CARRBORO", "wmType": "SECONDARY UNDERGROUND", "WKT": "LINESTRING (-79.07877596361082 35.89303394366509, -79.07883971672227 35.89297144449622)" }, "geometry": { "type": "LineString", "coordinates": [ [ -79.078775963610823, 35.893033943665088 ], [ -79.078839716722271, 35.892971444496219 ] ] } },
{ "type": "Feature", "properties": { "FEEDER_NAME": "RSDC", "SUBSTATION_NAME": "CARRBORO", "wmType": "SECONDARY UNDERGROUND", "WKT": "LINESTRING (-79.07883971672227 35.89297144449622, -79.07878636653278 35.89293366185179)" }, "geometry": { "type": "LineString", "coordinates": [ [ -79.078839716722271, 35.892971444496219 ], [ -79.078786366532782, 35.892933661851792 ] ] } },
{ "type": "Feature", "properties": { "FEEDER_NAME": "RSDC", "SUBSTATION_NAME": "CARRBORO", "wmType": "SECONDARY UNDERGROUND", "WKT": "LINESTRING (-79.07878636653278 35.89293366185179, -79.07872143449298 35.89299466107544)" }, "geometry": { "type": "LineString", "coordinates": [ [ -79.078786366532782, 35.892933661851792 ], [ -79.078721434492977, 35.892994661075441 ] ] } },
{ "type": "Feature", "properties": { "FEEDER_NAME": "RSDC", "SUBSTATION_NAME": "CARRBORO", "wmType": "SECONDARY UNDERGROUND", "WKT": "LINESTRING (-79.07874221240745 35.89290737935522, -79.07894284553909 35.89277780734265)" }, "geometry": { "type": "LineString", "coordinates": [ [ -79.078742212407448, 35.892907379355222 ], [ -79.078942845539089, 35.892777807342647 ] ] } },
{ "type": "Feature", "properties": { "FEEDER_NAME": "RSDC", "SUBSTATION_NAME": "CARRBORO", "wmType": "SECONDARY UNDERGROUND", "WKT": "LINESTRING (-79.07896727713279 35.893302140455646, -79.07892419628561 35.893361087774636)" }, "geometry": { "type": "LineString", "coordinates": [ [ -79.07896727713279, 35.893302140455646 ], [ -79.078924196285612, 35.893361087774636 ] ] } },
{ "type": "Feature", "properties": { "FEEDER_NAME": "RSDC", "SUBSTATION_NAME": "CARRBORO", "wmType": "SECONDARY UNDERGROUND", "WKT": "LINESTRING (-79.07880131252863 35.89324155815493, -79.07869695678623 35.893159131443646, -79.07859397513901 35.893071390541124, -79.07865632296243 35.89297608564038, -79.0787134957638 35.89290936273945, -79.07874221240745 35.89290737935522)" }, "geometry": { "type": "LineString", "coordinates": [ [ -79.078801312528626, 35.893241558154926 ], [ -79.078696956786231, 35.893159131443646 ], [ -79.078593975139015, 35.893071390541124 ], [ -79.078656322962431, 35.892976085640377 ], [ -79.078713495763793, 35.892909362739452 ], [ -79.078742212407448, 35.892907379355222 ] ] } },
{ "type": "Feature", "properties": { "FEEDER_NAME": "RSDC", "SUBSTATION_NAME": "CARRBORO", "wmType": "SECONDARY UNDERGROUND", "WKT": "LINESTRING (-79.07896727713279 35.893302140455646, -79.07889334333574 35.893247965565145, -79.07893428929756 35.89320111970382)" }, "geometry": { "type": "LineString", "coordinates": [ [ -79.07896727713279, 35.893302140455646 ], [ -79.078893343335736, 35.893247965565145 ], [ -79.078934289297564, 35.893201119703818 ] ] } },
{ "type": "Feature", "properties": { "FEEDER_NAME": "RSDC", "SUBSTATION_NAME": "CARRBORO", "wmType": "SECONDARY UNDERGROUND", "WKT": "LINESTRING (-79.07893428929756 35.89320111970382, -79.07899237190087 35.89314394094726)" }, "geometry": { "type": "LineString", "coordinates": [ [ -79.078934289297564, 35.893201119703818 ], [ -79.078992371900867, 35.893143940947262 ] ] } },
{ "type": "Feature", "properties": { "FEEDER_NAME": "RSDC", "SUBSTATION_NAME": "CARRBORO", "wmType": "SECONDARY UNDERGROUND", "WKT": "LINESTRING (-79.07899237190087 35.89314394094726, -79.07902086048907 35.893168049628244)" }, "geometry": { "type": "LineString", "coordinates": [ [ -79.078992371900867, 35.893143940947262 ], [ -79.079020860489067, 35.893168049628244 ] ] } },
{ "type": "Feature", "properties": { "FEEDER_NAME": "RSDC", "SUBSTATION_NAME": "CARRBORO", "wmType": "SECONDARY UNDERGROUND", "WKT": "LINESTRING (-79.07902086048907 35.893168049628244, -79.07896385166656 35.89322454631364)" }, "geometry": { "type": "LineString", "coordinates": [ [ -79.079020860489067, 35.893168049628244 ], [ -79.078963851666558, 35.89322454631364 ] ] } },
{ "type": "Feature", "properties": { "FEEDER_NAME": "RSDC", "SUBSTATION_NAME": "CARRBORO", "wmType": "SECONDARY UNDERGROUND", "WKT": "LINESTRING (-79.07896727713279 35.893302140455646, -79.07910855618124 35.89332075468523)" }, "geometry": { "type": "LineString", "coordinates": [ [ -79.07896727713279, 35.893302140455646 ], [ -79.079108556181239, 35.893320754685227 ] ] } },
{ "type": "Feature", "properties": { "FEEDER_NAME": "RSDC", "SUBSTATION_NAME": "CARRBORO", "wmType": "SECONDARY UNDERGROUND", "WKT": "LINESTRING (-79.07910855618124 35.89332075468523, -79.07942265774072 35.89325429451253)" }, "geometry": { "type": "LineString", "coordinates": [ [ -79.079108556181239, 35.893320754685227 ], [ -79.079422657740722, 35.893254294512531 ] ] } },
{ "type": "Feature", "properties": { "FEEDER_NAME": "RSDC", "SUBSTATION_NAME": "CARRBORO", "wmType": "SECONDARY UNDERGROUND", "WKT": "LINESTRING (-79.07910855618124 35.89332075468523, -79.0791638994491 35.89327712158963)" }, "geometry": { "type": "LineString", "coordinates": [ [ -79.079108556181239, 35.893320754685227 ], [ -79.0791638994491, 35.893277121589627 ] ] } },
{ "type": "Feature", "properties": { "FEEDER_NAME": "RSDC", "SUBSTATION_NAME": "CARRBORO", "wmType": "SECONDARY UNDERGROUND", "WKT": "LINESTRING (-79.0791638994491 35.89327712158963, -79.07913210476725 35.8932511583917)" }, "geometry": { "type": "LineString", "coordinates": [ [ -79.0791638994491, 35.893277121589627 ], [ -79.079132104767254, 35.893251158391699 ] ] } },
{ "type": "Feature", "properties": { "FEEDER_NAME": "RSDC", "SUBSTATION_NAME": "CARRBORO", "wmType": "SECONDARY UNDERGROUND", "WKT": "LINESTRING (-79.07913210476725 35.8932511583917, -79.07907561891676 35.89329760429663)" }, "geometry": { "type": "LineString", "coordinates": [ [ -79.079132104767254, 35.893251158391699 ], [ -79.079075618916761, 35.893297604296627 ] ] } },
{ "type": "Feature", "properties": { "FEEDER_NAME": "RSDC", "SUBSTATION_NAME": "CARRBORO", "wmType": "SECONDARY UNDERGROUND", "WKT": "LINESTRING (-79.07896727713279 35.893302140455646, -79.07904854293027 35.893278408648534)" }, "geometry": { "type": "LineString", "coordinates": [ [ -79.07896727713279, 35.893302140455646 ], [ -79.079048542930266, 35.893278408648534 ] ] } },
{ "type": "Feature", "properties": { "FEEDER_NAME": "RSDC", "SUBSTATION_NAME": "CARRBORO", "wmType": "SECONDARY UNDERGROUND", "WKT": "LINESTRING (-79.07904854293027 35.893278408648534, -79.07910112013539 35.893230045502875)" }, "geometry": { "type": "LineString", "coordinates": [ [ -79.079048542930266, 35.893278408648534 ], [ -79.079101120135391, 35.893230045502875 ] ] } },
{ "type": "Feature", "properties": { "FEEDER_NAME": "RSDC", "SUBSTATION_NAME": "CARRBORO", "wmType": "SECONDARY UNDERGROUND", "WKT": "LINESTRING (-79.07896727713279 35.893302140455646, -79.0790140840802 35.89325672385531)" }, "geometry": { "type": "LineString", "coordinates": [ [ -79.07896727713279, 35.893302140455646 ], [ -79.0790140840802, 35.893256723855309 ] ] } },
{ "type": "Feature", "properties": { "FEEDER_NAME": "RSDC", "SUBSTATION_NAME": "CARRBORO", "wmType": "SECONDARY UNDERGROUND", "WKT": "LINESTRING (-79.0790140840802 35.89325672385531, -79.07907180379986 35.89320792566438)" }, "geometry": { "type": "LineString", "coordinates": [ [ -79.0790140840802, 35.893256723855309 ], [ -79.079071803799863, 35.893207925664377 ] ] } },
{ "type": "Feature", "properties": { "FEEDER_NAME": "RSDC", "SUBSTATION_NAME": "CARRBORO", "wmType": "SECONDARY UNDERGROUND", "WKT": "LINESTRING (-79.07907180379986 35.89320792566438, -79.07904187308493 35.89318730959944)" }, "geometry": { "type": "LineString", "coordinates": [ [ -79.079071803799863, 35.893207925664377 ], [ -79.079041873084932, 35.89318730959944 ] ] } },
{ "type": "Feature", "properties": { "FEEDER_NAME": "RSDC", "SUBSTATION_NAME": "CARRBORO", "wmType": "SECONDARY UNDERGROUND", "WKT": "LINESTRING (-79.07904187308493 35.89318730959944, -79.07898674624849 35.893239321065586)" }, "geometry": { "type": "LineString", "coordinates": [ [ -79.079041873084932, 35.89318730959944 ], [ -79.078986746248489, 35.893239321065586 ] ] } },
{ "type": "Feature", "properties": { "FEEDER_NAME": "RSDC", "SUBSTATION_NAME": "CARRBORO", "wmType": "SECONDARY UNDERGROUND", "WKT": "LINESTRING (-79.07878312376121 35.89438216486045, -79.07890147329444 35.89439970624952, -79.07890368393514 35.89432568127729)" }, "geometry": { "type": "LineString", "coordinates": [ [ -79.078783123761212, 35.894382164860453 ], [ -79.078901473294437, 35.894399706249523 ], [ -79.078903683935138, 35.894325681277287 ] ] } },
{ "type": "Feature", "properties": { "FEEDER_NAME": "RSDC", "SUBSTATION_NAME": "CARRBORO", "wmType": "SECONDARY UNDERGROUND", "WKT": "LINESTRING (-79.07890368393514 35.89432568127729, -79.07888667234992 35.894287445263394)" }, "geometry": { "type": "LineString", "coordinates": [ [ -79.078903683935138, 35.894325681277287 ], [ -79.078886672349924, 35.894287445263394 ] ] } },
{ "type": "Feature", "properties": { "FEEDER_NAME": "RSDC", "SUBSTATION_NAME": "CARRBORO", "wmType": "SECONDARY UNDERGROUND", "WKT": "LINESTRING (-79.07878312376121 35.89438216486045, -79.07872865996931 35.89432333467766)" }, "geometry": { "type": "LineString", "coordinates": [ [ -79.078783123761212, 35.894382164860453 ], [ -79.078728659969315, 35.894323334677658 ] ] } },
{ "type": "Feature", "properties": { "FEEDER_NAME": "RSDC", "SUBSTATION_NAME": "CARRBORO", "wmType": "SECONDARY UNDERGROUND", "WKT": "LINESTRING (-79.07872865996931 35.89432333467766, -79.07870929212234 35.89429162202595)" }, "geometry": { "type": "LineString", "coordinates": [ [ -79.078728659969315, 35.894323334677658 ], [ -79.07870929212234, 35.894291622025953 ] ] } },
{ "type": "Feature", "properties": { "FEEDER_NAME": "RSDC", "SUBSTATION_NAME": "CARRBORO", "wmType": "SECONDARY UNDERGROUND", "WKT": "LINESTRING (-79.07878312376121 35.89438216486045, -79.0787601894291 35.89442234286313, -79.07874914984265 35.89446631129633, -79.07874503334587 35.894506894452604, -79.07876161479358 35.894547062264316)" }, "geometry": { "type": "LineString", "coordinates": [ [ -79.078783123761212, 35.894382164860453 ], [ -79.078760189429104, 35.89442234286313 ], [ -79.07874914984265, 35.894466311296327 ], [ -79.078745033345868, 35.894506894452604 ], [ -79.078761614793578, 35.894547062264316 ] ] } },
{ "type": "Feature", "properties": { "FEEDER_NAME": "RSDC", "SUBSTATION_NAME": "CARRBORO", "wmType": "SECONDARY UNDERGROUND", "WKT": "LINESTRING (-79.07876161479358 35.894547062264316, -79.078889656831 35.89457929684082)" }, "geometry": { "type": "LineString", "coordinates": [ [ -79.078761614793578, 35.894547062264316 ], [ -79.078889656830995, 35.894579296840817 ] ] } },
{ "type": "Feature", "properties": { "FEEDER_NAME": "RSDC", "SUBSTATION_NAME": "CARRBORO", "wmType": "SECONDARY UNDERGROUND", "WKT": "LINESTRING (-79.07878312376121 35.89438216486045, -79.07886682152868 35.894381692576275, -79.07886974968271 35.8943391236989)" }, "geometry": { "type": "LineString", "coordinates": [ [ -79.078783123761212, 35.894382164860453 ], [ -79.078866821528678, 35.894381692576275 ], [ -79.07886974968271, 35.894339123698899 ] ] } },
{ "type": "Feature", "properties": { "FEEDER_NAME": "RSDC", "SUBSTATION_NAME": "CARRBORO", "wmType": "SECONDARY UNDERGROUND", "WKT": "LINESTRING (-79.07886974968271 35.8943391236989, -79.07882465203068 35.89434793969861)" }, "geometry": { "type": "LineString", "coordinates": [ [ -79.07886974968271, 35.894339123698899 ], [ -79.078824652030676, 35.894347939698612 ] ] } },
{ "type": "Feature", "properties": { "FEEDER_NAME": "RSDC", "SUBSTATION_NAME": "CARRBORO", "wmType": "SECONDARY UNDERGROUND", "WKT": "LINESTRING (-79.07882465203068 35.89434793969861, -79.07880033906447 35.89431132894235)" }, "geometry": { "type": "LineString", "coordinates": [ [ -79.078824652030676, 35.894347939698612 ], [ -79.078800339064472, 35.894311328942351 ] ] } },
{ "type": "Feature", "properties": { "FEEDER_NAME": "RSDC", "SUBSTATION_NAME": "CARRBORO", "wmType": "SECONDARY UNDERGROUND", "WKT": "LINESTRING (-79.07880033906447 35.89431132894235, -79.07884499983558 35.894300934141825)" }, "geometry": { "type": "LineString", "coordinates": [ [ -79.078800339064472, 35.894311328942351 ], [ -79.078844999835582, 35.894300934141825 ] ] } },
{ "type": "Feature", "properties": { "FEEDER_NAME": "RSDC", "SUBSTATION_NAME": "CARRBORO", "wmType": "SECONDARY UNDERGROUND", "WKT": "LINESTRING (-79.07878312376121 35.89438216486045, -79.07868928304079 35.89434529251604)" }, "geometry": { "type": "LineString", "coordinates": [ [ -79.078783123761212, 35.894382164860453 ], [ -79.078689283040788, 35.894345292516043 ] ] } },
{ "type": "Feature", "properties": { "FEEDER_NAME": "RSDC", "SUBSTATION_NAME": "CARRBORO", "wmType": "SECONDARY UNDERGROUND", "WKT": "LINESTRING (-79.07868928304079 35.89434529251604, -79.07866766648866 35.89431347225001)" }, "geometry": { "type": "LineString", "coordinates": [ [ -79.078689283040788, 35.894345292516043 ], [ -79.078667666488656, 35.894313472250012 ] ] } },
{ "type": "Feature", "properties": { "FEEDER_NAME": "RSDC", "SUBSTATION_NAME": "CARRBORO", "wmType": "SECONDARY UNDERGROUND", "WKT": "LINESTRING (-79.07866766648866 35.89431347225001, -79.07861361546945 35.89431556117221)" }, "geometry": { "type": "LineString", "coordinates": [ [ -79.078667666488656, 35.894313472250012 ], [ -79.07861361546945, 35.894315561172213 ] ] } },
{ "type": "Feature", "properties": { "FEEDER_NAME": "RSDC", "SUBSTATION_NAME": "CARRBORO", "wmType": "SECONDARY UNDERGROUND", "WKT": "LINESTRING (-79.07850779254464 35.893934011779635, -79.07837211689706 35.894140877166464, -79.07834265630298 35.89418029677951)" }, "geometry": { "type": "LineString", "coordinates": [ [ -79.078507792544642, 35.893934011779635 ], [ -79.078372116897057, 35.894140877166464 ], [ -79.078342656302979, 35.89418029677951 ] ] } },
{ "type": "Feature", "properties": { "FEEDER_NAME": "RSDC", "SUBSTATION_NAME": "CARRBORO", "wmType": "SECONDARY UNDERGROUND", "WKT": "LINESTRING (-79.07866766648866 35.89431347225001, -79.07864411352506 35.8942848727011)" }, "geometry": { "type": "LineString", "coordinates": [ [ -79.078667666488656, 35.894313472250012 ], [ -79.078644113525058, 35.8942848727011 ] ] } },
{ "type": "Feature", "properties": { "FEEDER_NAME": "RSDC", "SUBSTATION_NAME": "CARRBORO", "wmType": "SECONDARY UNDERGROUND", "WKT": "LINESTRING (-79.07918198237229 35.894413987806885, -79.07927134442888 35.89438368547763, -79.07924332414059 35.894287570145316)" }, "geometry": { "type": "LineString", "coordinates": [ [ -79.07918198237229, 35.894413987806885 ], [ -79.079271344428875, 35.894383685477628 ], [ -79.079243324140592, 35.894287570145316 ] ] } },
{ "type": "Feature", "properties": { "FEEDER_NAME": "RSDC", "SUBSTATION_NAME": "CARRBORO", "wmType": "SECONDARY UNDERGROUND", "WKT": "LINESTRING (-79.07924332414059 35.894287570145316, -79.07918111390728 35.894299824164875)" }, "geometry": { "type": "LineString", "coordinates": [ [ -79.079243324140592, 35.894287570145316 ], [ -79.079181113907282, 35.894299824164875 ] ] } },
{ "type": "Feature", "properties": { "FEEDER_NAME": "RSDC", "SUBSTATION_NAME": "CARRBORO", "wmType": "SECONDARY UNDERGROUND", "WKT": "LINESTRING (-79.07924332414059 35.894287570145316, -79.07922470147197 35.89425010584286)" }, "geometry": { "type": "LineString", "coordinates": [ [ -79.079243324140592, 35.894287570145316 ], [ -79.079224701471972, 35.894250105842858 ] ] } },
{ "type": "Feature", "properties": { "FEEDER_NAME": "RSDC", "SUBSTATION_NAME": "CARRBORO", "wmType": "SECONDARY UNDERGROUND", "WKT": "LINESTRING (-79.07922470147197 35.89425010584286, -79.07916548636531 35.894266787839655)" }, "geometry": { "type": "LineString", "coordinates": [ [ -79.079224701471972, 35.894250105842858 ], [ -79.079165486365312, 35.894266787839655 ] ] } },
{ "type": "Feature", "properties": { "FEEDER_NAME": "RSDC", "SUBSTATION_NAME": "CARRBORO", "wmType": "SECONDARY UNDERGROUND", "WKT": "LINESTRING (-79.07916548636531 35.894266787839655, -79.0791370300786 35.894224080684864)" }, "geometry": { "type": "LineString", "coordinates": [ [ -79.079165486365312, 35.894266787839655 ], [ -79.079137030078599, 35.894224080684864 ] ] } },
{ "type": "Feature", "properties": { "FEEDER_NAME": "RSDC", "SUBSTATION_NAME": "CARRBORO", "wmType": "SECONDARY UNDERGROUND", "WKT": "LINESTRING (-79.07918198237229 35.894413987806885, -79.0790940330965 35.89439619985548, -79.07904910283564 35.89430555196084)" }, "geometry": { "type": "LineString", "coordinates": [ [ -79.07918198237229, 35.894413987806885 ], [ -79.079094033096496, 35.894396199855478 ], [ -79.07904910283564, 35.894305551960841 ] ] } },
{ "type": "Feature", "properties": { "FEEDER_NAME": "RSDC", "SUBSTATION_NAME": "CARRBORO", "wmType": "SECONDARY UNDERGROUND", "WKT": "LINESTRING (-79.07904910283564 35.89430555196084, -79.07910899082215 35.894284815500036)" }, "geometry": { "type": "LineString", "coordinates": [ [ -79.07904910283564, 35.894305551960841 ], [ -79.079108990822149, 35.894284815500036 ] ] } },
{ "type": "Feature", "properties": { "FEEDER_NAME": "RSDC", "SUBSTATION_NAME": "CARRBORO", "wmType": "SECONDARY UNDERGROUND", "WKT": "LINESTRING (-79.07910899082215 35.894284815500036, -79.07908393741344 35.894246668548945)" }, "geometry": { "type": "LineString", "coordinates": [ [ -79.079108990822149, 35.894284815500036 ], [ -79.079083937413444, 35.894246668548945 ] ] } },
{ "type": "Feature", "properties": { "FEEDER_NAME": "RSDC", "SUBSTATION_NAME": "CARRBORO", "wmType": "SECONDARY UNDERGROUND", "WKT": "LINESTRING (-79.07908393741344 35.894246668548945, -79.07902467734327 35.894267236046375)" }, "geometry": { "type": "LineString", "coordinates": [ [ -79.079083937413444, 35.894246668548945 ], [ -79.07902467734327, 35.894267236046375 ] ] } },
{ "type": "Feature", "properties": { "FEEDER_NAME": "RSDC", "SUBSTATION_NAME": "CARRBORO", "wmType": "SECONDARY UNDERGROUND", "WKT": "LINESTRING (-79.07918198237229 35.894413987806885, -79.07905664626051 35.89441425926501, -79.07902750645157 35.89436580668996, -79.07900300783564 35.894317289812825)" }, "geometry": { "type": "LineString", "coordinates": [ [ -79.07918198237229, 35.894413987806885 ], [ -79.079056646260511, 35.894414259265012 ], [ -79.079027506451567, 35.894365806689962 ], [ -79.079003007835638, 35.894317289812825 ] ] } },
{ "type": "Feature", "properties": { "FEEDER_NAME": "RSDC", "SUBSTATION_NAME": "CARRBORO", "wmType": "SECONDARY UNDERGROUND", "WKT": "LINESTRING (-79.07900300783564 35.894317289812825, -79.07894435831744 35.89433021738678)" }, "geometry": { "type": "LineString", "coordinates": [ [ -79.079003007835638, 35.894317289812825 ], [ -79.078944358317443, 35.894330217386781 ] ] } },
{ "type": "Feature", "properties": { "FEEDER_NAME": "RSDC", "SUBSTATION_NAME": "CARRBORO", "wmType": "SECONDARY UNDERGROUND", "WKT": "LINESTRING (-79.07900300783564 35.894317289812825, -79.07896488138263 35.89426994173496)" }, "geometry": { "type": "LineString", "coordinates": [ [ -79.079003007835638, 35.894317289812825 ], [ -79.078964881382632, 35.894269941734962 ] ] } },
{ "type": "Feature", "properties": { "FEEDER_NAME": "RSDC", "SUBSTATION_NAME": "CARRBORO", "wmType": "SECONDARY UNDERGROUND", "WKT": "LINESTRING (-79.07896488138263 35.89426994173496, -79.07892352473402 35.89428358636226)" }, "geometry": { "type": "LineString", "coordinates": [ [ -79.078964881382632, 35.894269941734962 ], [ -79.078923524734023, 35.894283586362263 ] ] } },
{ "type": "Feature", "properties": { "FEEDER_NAME": "RSDC", "SUBSTATION_NAME": "CARRBORO", "wmType": "SECONDARY UNDERGROUND", "WKT": "LINESTRING (-79.07925859788052 35.89397354801901, -79.07925576416781 35.894035379611765, -79.07923547992452 35.894037336909484)" }, "geometry": { "type": "LineString", "coordinates": [ [ -79.079258597880525, 35.893973548019012 ], [ -79.079255764167812, 35.894035379611765 ], [ -79.07923547992452, 35.894037336909484 ] ] } },
{ "type": "Feature", "properties": { "FEEDER_NAME": "RSDC", "SUBSTATION_NAME": "CARRBORO", "wmType": "SECONDARY UNDERGROUND", "WKT": "LINESTRING (-79.07925859788052 35.89397354801901, -79.07921453357206 35.89393680325705, -79.07919445628312 35.89393742016813)" }, "geometry": { "type": "LineString", "coordinates": [ [ -79.079258597880525, 35.893973548019012 ], [ -79.079214533572056, 35.893936803257048 ], [ -79.079194456283119, 35.893937420168129 ] ] } },
{ "type": "Feature", "properties": { "FEEDER_NAME": "RSDC", "SUBSTATION_NAME": "CARRBORO", "wmType": "SECONDARY UNDERGROUND", "WKT": "LINESTRING (-79.07919445628312 35.89393742016813, -79.07914139510223 35.893954625425756)" }, "geometry": { "type": "LineString", "coordinates": [ [ -79.079194456283119, 35.893937420168129 ], [ -79.079141395102226, 35.893954625425756 ] ] } },
{ "type": "Feature", "properties": { "FEEDER_NAME": "RSDC", "SUBSTATION_NAME": "CARRBORO", "wmType": "SECONDARY UNDERGROUND", "WKT": "LINESTRING (-79.07925859788052 35.89397354801901, -79.07921198743409 35.89397903391034)" }, "geometry": { "type": "LineString", "coordinates": [ [ -79.079258597880525, 35.893973548019012 ], [ -79.079211987434093, 35.893979033910341 ] ] } },
{ "type": "Feature", "properties": { "FEEDER_NAME": "RSDC", "SUBSTATION_NAME": "CARRBORO", "wmType": "SECONDARY UNDERGROUND", "WKT": "LINESTRING (-79.07921198743409 35.89397903391034, -79.07915609652703 35.89399216078854)" }, "geometry": { "type": "LineString", "coordinates": [ [ -79.079211987434093, 35.893979033910341 ], [ -79.079156096527029, 35.893992160788542 ] ] } },
{ "type": "Feature", "properties": { "FEEDER_NAME": "RSDC", "SUBSTATION_NAME": "CARRBORO", "wmType": "SECONDARY UNDERGROUND", "WKT": "LINESTRING (-79.07925859788052 35.89397354801901, -79.07924545122388 35.89400450117841, -79.07922203892542 35.894007630403934)" }, "geometry": { "type": "LineString", "coordinates": [ [ -79.079258597880525, 35.893973548019012 ], [ -79.079245451223883, 35.894004501178408 ], [ -79.079222038925423, 35.894007630403934 ] ] } },
{ "type": "Feature", "properties": { "FEEDER_NAME": "RSDC", "SUBSTATION_NAME": "CARRBORO", "wmType": "SECONDARY UNDERGROUND", "WKT": "LINESTRING (-79.07922203892542 35.894007630403934, -79.07916933311273 35.89402015314574)" }, "geometry": { "type": "LineString", "coordinates": [ [ -79.079222038925423, 35.894007630403934 ], [ -79.079169333112731, 35.894020153145739 ] ] } },
{ "type": "Feature", "properties": { "FEEDER_NAME": "RSDC", "SUBSTATION_NAME": "CARRBORO", "wmType": "SECONDARY UNDERGROUND", "WKT": "LINESTRING (-79.07925859788052 35.89397354801901, -79.07920230709618 35.89390645332677, -79.07918108817341 35.893906329200014)" }, "geometry": { "type": "LineString", "coordinates": [ [ -79.079258597880525, 35.893973548019012 ], [ -79.079202307096182, 35.893906453326771 ], [ -79.079181088173414, 35.893906329200014 ] ] } },
{ "type": "Feature", "properties": { "FEEDER_NAME": "RSDC", "SUBSTATION_NAME": "CARRBORO", "wmType": "SECONDARY UNDERGROUND", "WKT": "LINESTRING (-79.07918108817341 35.893906329200014, -79.07916207484432 35.8938713653659)" }, "geometry": { "type": "LineString", "coordinates": [ [ -79.079181088173414, 35.893906329200014 ], [ -79.079162074844319, 35.893871365365897 ] ] } },
{ "type": "Feature", "properties": { "FEEDER_NAME": "RSDC", "SUBSTATION_NAME": "CARRBORO", "wmType": "SECONDARY UNDERGROUND", "WKT": "LINESTRING (-79.07916207484432 35.8938713653659, -79.07910377919943 35.89388560058769)" }, "geometry": { "type": "LineString", "coordinates": [ [ -79.079162074844319, 35.893871365365897 ], [ -79.079103779199428, 35.893885600587687 ] ] } },
{ "type": "Feature", "properties": { "FEEDER_NAME": "RSDC", "SUBSTATION_NAME": "CARRBORO", "wmType": "SECONDARY UNDERGROUND", "WKT": "LINESTRING (-79.07910377919943 35.89388560058769, -79.07912562977968 35.89392219846524)" }, "geometry": { "type": "LineString", "coordinates": [ [ -79.079103779199428, 35.893885600587687 ], [ -79.079125629779682, 35.893922198465241 ] ] } },
{ "type": "Feature", "properties": { "FEEDER_NAME": "RSDC", "SUBSTATION_NAME": "CARRBORO", "wmType": "SECONDARY UNDERGROUND", "WKT": "LINESTRING (-79.07931566015351 35.89361356080484, -79.07920912158913 35.893557432537534, -79.07883277073479 35.8935595861777, -79.07880475671756 35.89360077424468)" }, "geometry": { "type": "LineString", "coordinates": [ [ -79.079315660153512, 35.893613560804837 ], [ -79.07920912158913, 35.893557432537534 ], [ -79.078832770734792, 35.893559586177702 ], [ -79.07880475671756, 35.893600774244682 ] ] } },
{ "type": "Feature", "properties": { "FEEDER_NAME": "RSDC", "SUBSTATION_NAME": "CARRBORO", "wmType": "SECONDARY UNDERGROUND", "WKT": "LINESTRING (-79.07880475671756 35.89360077424468, -79.07882797912256 35.8936437940171)" }, "geometry": { "type": "LineString", "coordinates": [ [ -79.07880475671756, 35.893600774244682 ], [ -79.078827979122565, 35.893643794017102 ] ] } },
{ "type": "Feature", "properties": { "FEEDER_NAME": "RSDC", "SUBSTATION_NAME": "CARRBORO", "wmType": "SECONDARY UNDERGROUND", "WKT": "LINESTRING (-79.07882797912256 35.8936437940171, -79.07884017771438 35.893684345915894)" }, "geometry": { "type": "LineString", "coordinates": [ [ -79.078827979122565, 35.893643794017102 ], [ -79.078840177714383, 35.893684345915894 ] ] } },
{ "type": "Feature", "properties": { "FEEDER_NAME": "RSDC", "SUBSTATION_NAME": "CARRBORO", "wmType": "SECONDARY UNDERGROUND", "WKT": "LINESTRING (-79.07884017771438 35.893684345915894, -79.07886142584448 35.893729195711266)" }, "geometry": { "type": "LineString", "coordinates": [ [ -79.078840177714383, 35.893684345915894 ], [ -79.07886142584448, 35.893729195711266 ] ] } },
{ "type": "Feature", "properties": { "FEEDER_NAME": "RSDC", "SUBSTATION_NAME": "CARRBORO", "wmType": "SECONDARY UNDERGROUND", "WKT": "LINESTRING (-79.07931566015351 35.89361356080484, -79.07920304721463 35.89357565012292, -79.0789800399978 35.89359690965027, -79.07898296247441 35.893618859125915)" }, "geometry": { "type": "LineString", "coordinates": [ [ -79.079315660153512, 35.893613560804837 ], [ -79.079203047214634, 35.893575650122919 ], [ -79.078980039997802, 35.89359690965027 ], [ -79.078982962474413, 35.893618859125915 ] ] } },
{ "type": "Feature", "properties": { "FEEDER_NAME": "RSDC", "SUBSTATION_NAME": "CARRBORO", "wmType": "SECONDARY UNDERGROUND", "WKT": "LINESTRING (-79.07898296247441 35.893618859125915, -79.07904956754125 35.893606659138946)" }, "geometry": { "type": "LineString", "coordinates": [ [ -79.078982962474413, 35.893618859125915 ], [ -79.079049567541247, 35.893606659138946 ] ] } },
{ "type": "Feature", "properties": { "FEEDER_NAME": "RSDC", "SUBSTATION_NAME": "CARRBORO", "wmType": "SECONDARY UNDERGROUND", "WKT": "LINESTRING (-79.07904956754125 35.893606659138946, -79.07906472166975 35.89365074763782)" }, "geometry": { "type": "LineString", "coordinates": [ [ -79.079049567541247, 35.893606659138946 ], [ -79.079064721669752, 35.893650747637821 ] ] } },
{ "type": "Feature", "properties": { "FEEDER_NAME": "RSDC", "SUBSTATION_NAME": "CARRBORO", "wmType": "SECONDARY UNDERGROUND", "WKT": "LINESTRING (-79.07898296247441 35.893618859125915, -79.07899915499539 35.89366462159151)" }, "geometry": { "type": "LineString", "coordinates": [ [ -79.078982962474413, 35.893618859125915 ], [ -79.078999154995387, 35.893664621591512 ] ] } },
{ "type": "Feature", "properties": { "FEEDER_NAME": "RSDC", "SUBSTATION_NAME": "CARRBORO", "wmType": "SECONDARY UNDERGROUND", "WKT": "LINESTRING (-79.07931566015351 35.89361356080484, -79.07934961812593 35.89362013990621)" }, "geometry": { "type": "LineString", "coordinates": [ [ -79.079315660153512, 35.893613560804837 ], [ -79.079349618125931, 35.893620139906211 ] ] } },
{ "type": "Feature", "properties": { "FEEDER_NAME": "RSDC", "SUBSTATION_NAME": "CARRBORO", "wmType": "SECONDARY UNDERGROUND", "WKT": "LINESTRING (-79.07931566015351 35.89361356080484, -79.07920049337113 35.89356595820823, -79.07886819092815 35.893583331690856)" }, "geometry": { "type": "LineString", "coordinates": [ [ -79.079315660153512, 35.893613560804837 ], [ -79.079200493371133, 35.893565958208228 ], [ -79.078868190928148, 35.893583331690856 ] ] } },
{ "type": "Feature", "properties": { "FEEDER_NAME": "RSDC", "SUBSTATION_NAME": "CARRBORO", "wmType": "SECONDARY UNDERGROUND", "WKT": "LINESTRING (-79.07886819092815 35.893583331690856, -79.078895466918 35.89363485628067)" }, "geometry": { "type": "LineString", "coordinates": [ [ -79.078868190928148, 35.893583331690856 ], [ -79.078895466917999, 35.89363485628067 ] ] } },
{ "type": "Feature", "properties": { "FEEDER_NAME": "RSDC", "SUBSTATION_NAME": "CARRBORO", "wmType": "SECONDARY UNDERGROUND", "WKT": "LINESTRING (-79.078895466918 35.89363485628067, -79.07891516652369 35.89367403333225)" }, "geometry": { "type": "LineString", "coordinates": [ [ -79.078895466917999, 35.89363485628067 ], [ -79.078915166523686, 35.893674033332253 ] ] } },
{ "type": "Feature", "properties": { "FEEDER_NAME": "RSDC", "SUBSTATION_NAME": "CARRBORO", "wmType": "SECONDARY UNDERGROUND", "WKT": "LINESTRING (-79.07891516652369 35.89367403333225, -79.07893575181255 35.89371611832939)" }, "geometry": { "type": "LineString", "coordinates": [ [ -79.078915166523686, 35.893674033332253 ], [ -79.078935751812551, 35.893716118329387 ] ] } },
{ "type": "Feature", "properties": { "FEEDER_NAME": "RSDC", "SUBSTATION_NAME": "CARRBORO", "wmType": "SECONDARY UNDERGROUND", "WKT": "LINESTRING (-79.08105463099095 35.894156891944455, -79.08090477413447 35.89414031180261)" }, "geometry": { "type": "LineString", "coordinates": [ [ -79.081054630990948, 35.894156891944455 ], [ -79.080904774134467, 35.894140311802609 ] ] } },
{ "type": "Feature", "properties": { "FEEDER_NAME": "RSDC", "SUBSTATION_NAME": "CARRBORO", "wmType": "SECONDARY UNDERGROUND", "WKT": "LINESTRING (-79.08090477413447 35.89414031180261, -79.08090398041436 35.8941153668189)" }, "geometry": { "type": "LineString", "coordinates": [ [ -79.080904774134467, 35.894140311802609 ], [ -79.080903980414362, 35.894115366818902 ] ] } },
{ "type": "Feature", "properties": { "FEEDER_NAME": "RSDC", "SUBSTATION_NAME": "CARRBORO", "wmType": "SECONDARY UNDERGROUND", "WKT": "LINESTRING (-79.08090398041436 35.8941153668189, -79.08090323709494 35.89408986929959)" }, "geometry": { "type": "LineString", "coordinates": [ [ -79.080903980414362, 35.894115366818902 ], [ -79.080903237094944, 35.894089869299592 ] ] } },
{ "type": "Feature", "properties": { "FEEDER_NAME": "RSDC", "SUBSTATION_NAME": "CARRBORO", "wmType": "SECONDARY UNDERGROUND", "WKT": "LINESTRING (-79.08090323709494 35.89408986929959, -79.08085258720735 35.89409339094012)" }, "geometry": { "type": "LineString", "coordinates": [ [ -79.080903237094944, 35.894089869299592 ], [ -79.080852587207346, 35.894093390940121 ] ] } },
{ "type": "Feature", "properties": { "FEEDER_NAME": "RSDC", "SUBSTATION_NAME": "CARRBORO", "wmType": "SECONDARY UNDERGROUND", "WKT": "LINESTRING (-79.08085258720735 35.89409339094012, -79.08085111663236 35.89411816978157)" }, "geometry": { "type": "LineString", "coordinates": [ [ -79.080852587207346, 35.894093390940121 ], [ -79.08085111663236, 35.894118169781571 ] ] } },
{ "type": "Feature", "properties": { "FEEDER_NAME": "RSDC", "SUBSTATION_NAME": "CARRBORO", "wmType": "SECONDARY UNDERGROUND", "WKT": "LINESTRING (-79.08085111663236 35.89411816978157, -79.08084986375651 35.89414243473278)" }, "geometry": { "type": "LineString", "coordinates": [ [ -79.08085111663236, 35.894118169781571 ], [ -79.080849863756512, 35.894142434732778 ] ] } },
{ "type": "Feature", "properties": { "FEEDER_NAME": "RSDC", "SUBSTATION_NAME": "CARRBORO", "wmType": "SECONDARY UNDERGROUND", "WKT": "LINESTRING (-79.08105463099095 35.894156891944455, -79.08106483216646 35.894146331747706)" }, "geometry": { "type": "LineString", "coordinates": [ [ -79.081054630990948, 35.894156891944455 ], [ -79.081064832166462, 35.894146331747706 ] ] } },
{ "type": "Feature", "properties": { "FEEDER_NAME": "RSDC", "SUBSTATION_NAME": "CARRBORO", "wmType": "SECONDARY UNDERGROUND", "WKT": "LINESTRING (-79.08105463099095 35.894156891944455, -79.081124703738 35.894124220712804, -79.0811244437687 35.89408485173842)" }, "geometry": { "type": "LineString", "coordinates": [ [ -79.081054630990948, 35.894156891944455 ], [ -79.081124703737999, 35.894124220712804 ], [ -79.081124443768701, 35.89408485173842 ] ] } },
{ "type": "Feature", "properties": { "FEEDER_NAME": "RSDC", "SUBSTATION_NAME": "CARRBORO", "wmType": "SECONDARY UNDERGROUND", "WKT": "LINESTRING (-79.0811244437687 35.89408485173842, -79.08112875597543 35.89405726252694)" }, "geometry": { "type": "LineString", "coordinates": [ [ -79.081124443768701, 35.89408485173842 ], [ -79.081128755975428, 35.894057262526943 ] ] } },
{ "type": "Feature", "properties": { "FEEDER_NAME": "RSDC", "SUBSTATION_NAME": "CARRBORO", "wmType": "SECONDARY UNDERGROUND", "WKT": "LINESTRING (-79.08112875597543 35.89405726252694, -79.08106884677733 35.89405949162895)" }, "geometry": { "type": "LineString", "coordinates": [ [ -79.081128755975428, 35.894057262526943 ], [ -79.081068846777328, 35.894059491628951 ] ] } },
{ "type": "Feature", "properties": { "FEEDER_NAME": "RSDC", "SUBSTATION_NAME": "CARRBORO", "wmType": "SECONDARY UNDERGROUND", "WKT": "LINESTRING (-79.08106884677733 35.89405949162895, -79.08106738377998 35.894089546727244)" }, "geometry": { "type": "LineString", "coordinates": [ [ -79.081068846777328, 35.894059491628951 ], [ -79.081067383779981, 35.894089546727244 ] ] } },
{ "type": "Feature", "properties": { "FEEDER_NAME": "RSDC", "SUBSTATION_NAME": "CARRBORO", "wmType": "SECONDARY UNDERGROUND", "WKT": "LINESTRING (-79.08105463099095 35.894156891944455, -79.08118129125465 35.89411229751898, -79.08118333735904 35.89408164356278)" }, "geometry": { "type": "LineString", "coordinates": [ [ -79.081054630990948, 35.894156891944455 ], [ -79.081181291254651, 35.89411229751898 ], [ -79.081183337359036, 35.894081643562778 ] ] } },
{ "type": "Feature", "properties": { "FEEDER_NAME": "RSDC", "SUBSTATION_NAME": "CARRBORO", "wmType": "SECONDARY UNDERGROUND", "WKT": "LINESTRING (-79.08118333735904 35.89408164356278, -79.08118316185006 35.89406021146884)" }, "geometry": { "type": "LineString", "coordinates": [ [ -79.081183337359036, 35.894081643562778 ], [ -79.081183161850063, 35.89406021146884 ] ] } },
{ "type": "Feature", "properties": { "FEEDER_NAME": "RSDC", "SUBSTATION_NAME": "CARRBORO", "wmType": "SECONDARY UNDERGROUND", "WKT": "LINESTRING (-79.08105463099095 35.894156891944455, -79.08124524061495 35.89412917881541)" }, "geometry": { "type": "LineString", "coordinates": [ [ -79.081054630990948, 35.894156891944455 ], [ -79.081245240614948, 35.894129178815412 ] ] } },
{ "type": "Feature", "properties": { "FEEDER_NAME": "RSDC", "SUBSTATION_NAME": "CARRBORO", "wmType": "SECONDARY UNDERGROUND", "WKT": "LINESTRING (-79.08105463099095 35.894156891944455, -79.08095792860861 35.894130236868456)" }, "geometry": { "type": "LineString", "coordinates": [ [ -79.081054630990948, 35.894156891944455 ], [ -79.080957928608612, 35.894130236868456 ] ] } },
{ "type": "Feature", "properties": { "FEEDER_NAME": "RSDC", "SUBSTATION_NAME": "CARRBORO", "wmType": "SECONDARY UNDERGROUND", "WKT": "LINESTRING (-79.08095792860861 35.894130236868456, -79.08095861583904 35.89410417598388)" }, "geometry": { "type": "LineString", "coordinates": [ [ -79.080957928608612, 35.894130236868456 ], [ -79.080958615839037, 35.894104175983877 ] ] } },
{ "type": "Feature", "properties": { "FEEDER_NAME": "RSDC", "SUBSTATION_NAME": "CARRBORO", "wmType": "SECONDARY UNDERGROUND", "WKT": "LINESTRING (-79.08058717772637 35.8941345274017, -79.08052570155228 35.894095009572396)" }, "geometry": { "type": "LineString", "coordinates": [ [ -79.080587177726372, 35.894134527401697 ], [ -79.080525701552276, 35.894095009572396 ] ] } },
{ "type": "Feature", "properties": { "FEEDER_NAME": "RSDC", "SUBSTATION_NAME": "CARRBORO", "wmType": "SECONDARY UNDERGROUND", "WKT": "LINESTRING (-79.08052570155228 35.894095009572396, -79.08048513540437 35.894095682579135)" }, "geometry": { "type": "LineString", "coordinates": [ [ -79.080525701552276, 35.894095009572396 ], [ -79.080485135404373, 35.894095682579135 ] ] } },
{ "type": "Feature", "properties": { "FEEDER_NAME": "RSDC", "SUBSTATION_NAME": "CARRBORO", "wmType": "SECONDARY UNDERGROUND", "WKT": "LINESTRING (-79.08048513540437 35.894095682579135, -79.08044784013471 35.894095122228386)" }, "geometry": { "type": "LineString", "coordinates": [ [ -79.080485135404373, 35.894095682579135 ], [ -79.08044784013471, 35.894095122228386 ] ] } },
{ "type": "Feature", "properties": { "FEEDER_NAME": "RSDC", "SUBSTATION_NAME": "CARRBORO", "wmType": "SECONDARY UNDERGROUND", "WKT": "LINESTRING (-79.08058717772637 35.8941345274017, -79.08053164483427 35.89419443437577)" }, "geometry": { "type": "LineString", "coordinates": [ [ -79.080587177726372, 35.894134527401697 ], [ -79.080531644834267, 35.89419443437577 ] ] } },
{ "type": "Feature", "properties": { "FEEDER_NAME": "RSDC", "SUBSTATION_NAME": "CARRBORO", "wmType": "SECONDARY UNDERGROUND", "WKT": "LINESTRING (-79.08053164483427 35.89419443437577, -79.08048206107995 35.89419635353374)" }, "geometry": { "type": "LineString", "coordinates": [ [ -79.080531644834267, 35.89419443437577 ], [ -79.080482061079948, 35.894196353533736 ] ] } },
{ "type": "Feature", "properties": { "FEEDER_NAME": "RSDC", "SUBSTATION_NAME": "CARRBORO", "wmType": "SECONDARY UNDERGROUND", "WKT": "LINESTRING (-79.08048206107995 35.89419635353374, -79.08048272838147 35.894219062456905)" }, "geometry": { "type": "LineString", "coordinates": [ [ -79.080482061079948, 35.894196353533736 ], [ -79.080482728381469, 35.894219062456905 ] ] } },
{ "type": "Feature", "properties": { "FEEDER_NAME": "RSDC", "SUBSTATION_NAME": "CARRBORO", "wmType": "SECONDARY UNDERGROUND", "WKT": "LINESTRING (-79.08048272838147 35.894219062456905, -79.0805314958058 35.89421938809517)" }, "geometry": { "type": "LineString", "coordinates": [ [ -79.080482728381469, 35.894219062456905 ], [ -79.080531495805801, 35.894219388095173 ] ] } },
{ "type": "Feature", "properties": { "FEEDER_NAME": "RSDC", "SUBSTATION_NAME": "CARRBORO", "wmType": "SECONDARY UNDERGROUND", "WKT": "LINESTRING (-79.08058717772637 35.8941345274017, -79.08052504648794 35.894123476025136)" }, "geometry": { "type": "LineString", "coordinates": [ [ -79.080587177726372, 35.894134527401697 ], [ -79.080525046487935, 35.894123476025136 ] ] } },
{ "type": "Feature", "properties": { "FEEDER_NAME": "RSDC", "SUBSTATION_NAME": "CARRBORO", "wmType": "SECONDARY UNDERGROUND", "WKT": "LINESTRING (-79.08052504648794 35.894123476025136, -79.08048651988571 35.89412445773616)" }, "geometry": { "type": "LineString", "coordinates": [ [ -79.080525046487935, 35.894123476025136 ], [ -79.08048651988571, 35.894124457736162 ] ] } },
{ "type": "Feature", "properties": { "FEEDER_NAME": "RSDC", "SUBSTATION_NAME": "CARRBORO", "wmType": "SECONDARY UNDERGROUND", "WKT": "LINESTRING (-79.08048651988571 35.89412445773616, -79.0804493787462 35.894122960824916)" }, "geometry": { "type": "LineString", "coordinates": [ [ -79.08048651988571, 35.894124457736162 ], [ -79.080449378746195, 35.894122960824916 ] ] } },
{ "type": "Feature", "properties": { "FEEDER_NAME": "RSDC", "SUBSTATION_NAME": "CARRBORO", "wmType": "SECONDARY UNDERGROUND", "WKT": "LINESTRING (-79.08058717772637 35.8941345274017, -79.0806614486714 35.89422376732663)" }, "geometry": { "type": "LineString", "coordinates": [ [ -79.080587177726372, 35.894134527401697 ], [ -79.080661448671407, 35.894223767326629 ] ] } },
{ "type": "Feature", "properties": { "FEEDER_NAME": "RSDC", "SUBSTATION_NAME": "CARRBORO", "wmType": "SECONDARY UNDERGROUND", "WKT": "LINESTRING (-79.0806614486714 35.89422376732663, -79.08075343866355 35.894157057428544)" }, "geometry": { "type": "LineString", "coordinates": [ [ -79.080661448671407, 35.894223767326629 ], [ -79.08075343866355, 35.894157057428544 ] ] } },
{ "type": "Feature", "properties": { "FEEDER_NAME": "RSDC", "SUBSTATION_NAME": "CARRBORO", "wmType": "SECONDARY UNDERGROUND", "WKT": "LINESTRING (-79.08075343866355 35.894157057428544, -79.08075294861735 35.894123369552446)" }, "geometry": { "type": "LineString", "coordinates": [ [ -79.08075343866355, 35.894157057428544 ], [ -79.080752948617345, 35.894123369552446 ] ] } },
{ "type": "Feature", "properties": { "FEEDER_NAME": "RSDC", "SUBSTATION_NAME": "CARRBORO", "wmType": "SECONDARY UNDERGROUND", "WKT": "LINESTRING (-79.08075294861735 35.894123369552446, -79.08075463871175 35.894084354402054)" }, "geometry": { "type": "LineString", "coordinates": [ [ -79.080752948617345, 35.894123369552446 ], [ -79.080754638711753, 35.894084354402054 ] ] } },
{ "type": "Feature", "properties": { "FEEDER_NAME": "RSDC", "SUBSTATION_NAME": "CARRBORO", "wmType": "SECONDARY UNDERGROUND", "WKT": "LINESTRING (-79.0806614486714 35.89422376732663, -79.08067005531439 35.8943556545792)" }, "geometry": { "type": "LineString", "coordinates": [ [ -79.080661448671407, 35.894223767326629 ], [ -79.080670055314386, 35.894355654579201 ] ] } },
{ "type": "Feature", "properties": { "FEEDER_NAME": "RSDC", "SUBSTATION_NAME": "CARRBORO", "wmType": "SECONDARY UNDERGROUND", "WKT": "LINESTRING (-79.0806614486714 35.89422376732663, -79.08069708623917 35.89415825019292)" }, "geometry": { "type": "LineString", "coordinates": [ [ -79.080661448671407, 35.894223767326629 ], [ -79.080697086239169, 35.894158250192923 ] ] } },
{ "type": "Feature", "properties": { "FEEDER_NAME": "RSDC", "SUBSTATION_NAME": "CARRBORO", "wmType": "SECONDARY UNDERGROUND", "WKT": "LINESTRING (-79.08069708623917 35.89415825019292, -79.08069605815302 35.894122617649195)" }, "geometry": { "type": "LineString", "coordinates": [ [ -79.080697086239169, 35.894158250192923 ], [ -79.080696058153023, 35.894122617649195 ] ] } },
{ "type": "Feature", "properties": { "FEEDER_NAME": "RSDC", "SUBSTATION_NAME": "CARRBORO", "wmType": "SECONDARY UNDERGROUND", "WKT": "LINESTRING (-79.08058717772637 35.8941345274017, -79.08053220320859 35.894150093244576)" }, "geometry": { "type": "LineString", "coordinates": [ [ -79.080587177726372, 35.894134527401697 ], [ -79.080532203208591, 35.894150093244576 ] ] } },
{ "type": "Feature", "properties": { "FEEDER_NAME": "RSDC", "SUBSTATION_NAME": "CARRBORO", "wmType": "SECONDARY UNDERGROUND", "WKT": "LINESTRING (-79.08053220320859 35.894150093244576, -79.0805322175035 35.8941710973236)" }, "geometry": { "type": "LineString", "coordinates": [ [ -79.080532203208591, 35.894150093244576 ], [ -79.080532217503503, 35.8941710973236 ] ] } },
{ "type": "Feature", "properties": { "FEEDER_NAME": "RSDC", "SUBSTATION_NAME": "CARRBORO", "wmType": "SECONDARY UNDERGROUND", "WKT": "LINESTRING (-79.0805322175035 35.8941710973236, -79.08048299559806 35.894175970731666)" }, "geometry": { "type": "LineString", "coordinates": [ [ -79.080532217503503, 35.8941710973236 ], [ -79.080482995598061, 35.894175970731666 ] ] } },
{ "type": "Feature", "properties": { "FEEDER_NAME": "RSDC", "SUBSTATION_NAME": "CARRBORO", "wmType": "SECONDARY UNDERGROUND", "WKT": "LINESTRING (-79.08048299559806 35.894175970731666, -79.08048421512103 35.89415258368088)" }, "geometry": { "type": "LineString", "coordinates": [ [ -79.080482995598061, 35.894175970731666 ], [ -79.080484215121032, 35.894152583680878 ] ] } },
{ "type": "Feature", "properties": { "FEEDER_NAME": "RSDC", "SUBSTATION_NAME": "CARRBORO", "wmType": "SECONDARY UNDERGROUND", "WKT": "LINESTRING (-79.08028728558511 35.893970550011375, -79.08011665943496 35.8939822962676)" }, "geometry": { "type": "LineString", "coordinates": [ [ -79.080287285585115, 35.893970550011375 ], [ -79.080116659434964, 35.893982296267602 ] ] } },
{ "type": "Feature", "properties": { "FEEDER_NAME": "RSDC", "SUBSTATION_NAME": "CARRBORO", "wmType": "SECONDARY UNDERGROUND", "WKT": "LINESTRING (-79.08028728558511 35.893970550011375, -79.08035638972716 35.89385484321672, -79.08035484610345 35.89384308486277)" }, "geometry": { "type": "LineString", "coordinates": [ [ -79.080287285585115, 35.893970550011375 ], [ -79.080356389727157, 35.893854843216722 ], [ -79.080354846103447, 35.893843084862773 ] ] } },
{ "type": "Feature", "properties": { "FEEDER_NAME": "RSDC", "SUBSTATION_NAME": "CARRBORO", "wmType": "SECONDARY UNDERGROUND", "WKT": "LINESTRING (-79.08035484610345 35.89384308486277, -79.08035232720316 35.89380519731919)" }, "geometry": { "type": "LineString", "coordinates": [ [ -79.080354846103447, 35.893843084862773 ], [ -79.080352327203158, 35.893805197319189 ] ] } },
{ "type": "Feature", "properties": { "FEEDER_NAME": "RSDC", "SUBSTATION_NAME": "CARRBORO", "wmType": "SECONDARY UNDERGROUND", "WKT": "LINESTRING (-79.08035232720316 35.89380519731919, -79.0803516039988 35.893765223865984)" }, "geometry": { "type": "LineString", "coordinates": [ [ -79.080352327203158, 35.893805197319189 ], [ -79.080351603998807, 35.893765223865984 ] ] } },
{ "type": "Feature", "properties": { "FEEDER_NAME": "RSDC", "SUBSTATION_NAME": "CARRBORO", "wmType": "SECONDARY UNDERGROUND", "WKT": "LINESTRING (-79.08028728558511 35.893970550011375, -79.08010508707397 35.89384006929357)" }, "geometry": { "type": "LineString", "coordinates": [ [ -79.080287285585115, 35.893970550011375 ], [ -79.080105087073974, 35.893840069293567 ] ] } },
{ "type": "Feature", "properties": { "FEEDER_NAME": "RSDC", "SUBSTATION_NAME": "CARRBORO", "wmType": "SECONDARY UNDERGROUND", "WKT": "LINESTRING (-79.08010508707397 35.89384006929357, -79.0801067056407 35.893800103314945)" }, "geometry": { "type": "LineString", "coordinates": [ [ -79.080105087073974, 35.893840069293567 ], [ -79.080106705640702, 35.893800103314945 ] ] } },
{ "type": "Feature", "properties": { "FEEDER_NAME": "RSDC", "SUBSTATION_NAME": "CARRBORO", "wmType": "SECONDARY UNDERGROUND", "WKT": "LINESTRING (-79.0801067056407 35.893800103314945, -79.08010770557638 35.89375735630417)" }, "geometry": { "type": "LineString", "coordinates": [ [ -79.080106705640702, 35.893800103314945 ], [ -79.080107705576381, 35.893757356304171 ] ] } },
{ "type": "Feature", "properties": { "FEEDER_NAME": "RSDC", "SUBSTATION_NAME": "CARRBORO", "wmType": "SECONDARY UNDERGROUND", "WKT": "LINESTRING (-79.08028728558511 35.893970550011375, -79.08044429185094 35.89383338281848)" }, "geometry": { "type": "LineString", "coordinates": [ [ -79.080287285585115, 35.893970550011375 ], [ -79.080444291850938, 35.893833382818478 ] ] } },
{ "type": "Feature", "properties": { "FEEDER_NAME": "RSDC", "SUBSTATION_NAME": "CARRBORO", "wmType": "SECONDARY UNDERGROUND", "WKT": "LINESTRING (-79.08044429185094 35.89383338281848, -79.08044186667564 35.89380178093959)" }, "geometry": { "type": "LineString", "coordinates": [ [ -79.080444291850938, 35.893833382818478 ], [ -79.080441866675642, 35.89380178093959 ] ] } },
{ "type": "Feature", "properties": { "FEEDER_NAME": "RSDC", "SUBSTATION_NAME": "CARRBORO", "wmType": "SECONDARY UNDERGROUND", "WKT": "LINESTRING (-79.08044186667564 35.89380178093959, -79.08043916543033 35.893766582120485)" }, "geometry": { "type": "LineString", "coordinates": [ [ -79.080441866675642, 35.89380178093959 ], [ -79.080439165430334, 35.893766582120485 ] ] } },
{ "type": "Feature", "properties": { "FEEDER_NAME": "RSDC", "SUBSTATION_NAME": "CARRBORO", "wmType": "SECONDARY UNDERGROUND", "WKT": "LINESTRING (-79.08028728558511 35.893970550011375, -79.07994965918006 35.89394529625206)" }, "geometry": { "type": "LineString", "coordinates": [ [ -79.080287285585115, 35.893970550011375 ], [ -79.079949659180059, 35.893945296252063 ] ] } },
{ "type": "Feature", "properties": { "FEEDER_NAME": "RSDC", "SUBSTATION_NAME": "CARRBORO", "wmType": "SECONDARY UNDERGROUND", "WKT": "LINESTRING (-79.08028728558511 35.893970550011375, -79.08056795487293 35.89394680297977)" }, "geometry": { "type": "LineString", "coordinates": [ [ -79.080287285585115, 35.893970550011375 ], [ -79.080567954872933, 35.893946802979769 ] ] } },
{ "type": "Feature", "properties": { "FEEDER_NAME": "RSDC", "SUBSTATION_NAME": "CARRBORO", "wmType": "SECONDARY UNDERGROUND", "WKT": "LINESTRING (-79.08056795487293 35.89394680297977, -79.0806144274096 35.893843199329524)" }, "geometry": { "type": "LineString", "coordinates": [ [ -79.080567954872933, 35.893946802979769 ], [ -79.0806144274096, 35.893843199329524 ] ] } },
{ "type": "Feature", "properties": { "FEEDER_NAME": "RSDC", "SUBSTATION_NAME": "CARRBORO", "wmType": "SECONDARY UNDERGROUND", "WKT": "LINESTRING (-79.0806144274096 35.893843199329524, -79.08061707893071 35.89376856563584)" }, "geometry": { "type": "LineString", "coordinates": [ [ -79.0806144274096, 35.893843199329524 ], [ -79.080617078930715, 35.893768565635838 ] ] } },
{ "type": "Feature", "properties": { "FEEDER_NAME": "RSDC", "SUBSTATION_NAME": "CARRBORO", "wmType": "SECONDARY UNDERGROUND", "WKT": "LINESTRING (-79.08061707893071 35.89376856563584, -79.08067029646892 35.89376860797085)" }, "geometry": { "type": "LineString", "coordinates": [ [ -79.080617078930715, 35.893768565635838 ], [ -79.080670296468924, 35.893768607970848 ] ] } },
{ "type": "Feature", "properties": { "FEEDER_NAME": "RSDC", "SUBSTATION_NAME": "CARRBORO", "wmType": "SECONDARY UNDERGROUND", "WKT": "LINESTRING (-79.0806144274096 35.893843199329524, -79.08067108601006 35.893842681480535)" }, "geometry": { "type": "LineString", "coordinates": [ [ -79.0806144274096, 35.893843199329524 ], [ -79.080671086010057, 35.893842681480535 ] ] } },
{ "type": "Feature", "properties": { "FEEDER_NAME": "RSDC", "SUBSTATION_NAME": "CARRBORO", "wmType": "SECONDARY UNDERGROUND", "WKT": "LINESTRING (-79.08056795487293 35.89394680297977, -79.08056368021785 35.89384564024604)" }, "geometry": { "type": "LineString", "coordinates": [ [ -79.080567954872933, 35.893946802979769 ], [ -79.08056368021785, 35.893845640246042 ] ] } },
{ "type": "Feature", "properties": { "FEEDER_NAME": "RSDC", "SUBSTATION_NAME": "CARRBORO", "wmType": "SECONDARY UNDERGROUND", "WKT": "LINESTRING (-79.08056368021785 35.89384564024604, -79.08056047382841 35.893769361928726)" }, "geometry": { "type": "LineString", "coordinates": [ [ -79.08056368021785, 35.893845640246042 ], [ -79.080560473828413, 35.893769361928726 ] ] } },
{ "type": "Feature", "properties": { "FEEDER_NAME": "RSDC", "SUBSTATION_NAME": "CARRBORO", "wmType": "SECONDARY UNDERGROUND", "WKT": "LINESTRING (-79.08056047382841 35.893769361928726, -79.08051100665581 35.893771294541544)" }, "geometry": { "type": "LineString", "coordinates": [ [ -79.080560473828413, 35.893769361928726 ], [ -79.080511006655811, 35.893771294541544 ] ] } },
{ "type": "Feature", "properties": { "FEEDER_NAME": "RSDC", "SUBSTATION_NAME": "CARRBORO", "wmType": "SECONDARY UNDERGROUND", "WKT": "LINESTRING (-79.08051100665581 35.893771294541544, -79.0805154190189 35.89384510247917)" }, "geometry": { "type": "LineString", "coordinates": [ [ -79.080511006655811, 35.893771294541544 ], [ -79.080515419018894, 35.893845102479169 ] ] } },
{ "type": "Feature", "properties": { "FEEDER_NAME": "RSDC", "SUBSTATION_NAME": "CARRBORO", "wmType": "SECONDARY UNDERGROUND", "WKT": "LINESTRING (-79.08028728558511 35.893970550011375, -79.08019815021476 35.893849004112155, -79.0801988246846 35.8938388531336)" }, "geometry": { "type": "LineString", "coordinates": [ [ -79.080287285585115, 35.893970550011375 ], [ -79.080198150214756, 35.893849004112155 ], [ -79.080198824684601, 35.893838853133602 ] ] } },
{ "type": "Feature", "properties": { "FEEDER_NAME": "RSDC", "SUBSTATION_NAME": "CARRBORO", "wmType": "SECONDARY UNDERGROUND", "WKT": "LINESTRING (-79.0801988246846 35.8938388531336, -79.08019931760923 35.893798695914995)" }, "geometry": { "type": "LineString", "coordinates": [ [ -79.080198824684601, 35.893838853133602 ], [ -79.080199317609228, 35.893798695914995 ] ] } },
{ "type": "Feature", "properties": { "FEEDER_NAME": "RSDC", "SUBSTATION_NAME": "CARRBORO", "wmType": "SECONDARY UNDERGROUND", "WKT": "LINESTRING (-79.08019931760923 35.893798695914995, -79.0801997000568 35.893757716775134)" }, "geometry": { "type": "LineString", "coordinates": [ [ -79.080199317609228, 35.893798695914995 ], [ -79.080199700056795, 35.893757716775134 ] ] } },
{ "type": "Feature", "properties": { "FEEDER_NAME": "RSDC", "SUBSTATION_NAME": "CARRBORO", "wmType": "SECONDARY UNDERGROUND", "WKT": "LINESTRING (-79.08109808628738 35.89374938425764, -79.0809638371203 35.8936573615036)" }, "geometry": { "type": "LineString", "coordinates": [ [ -79.081098086287383, 35.893749384257639 ], [ -79.080963837120294, 35.8936573615036 ] ] } },
{ "type": "Feature", "properties": { "FEEDER_NAME": "RSDC", "SUBSTATION_NAME": "CARRBORO", "wmType": "SECONDARY UNDERGROUND", "WKT": "LINESTRING (-79.0809638371203 35.8936573615036, -79.08095358845988 35.89361607215319)" }, "geometry": { "type": "LineString", "coordinates": [ [ -79.080963837120294, 35.8936573615036 ], [ -79.080953588459877, 35.893616072153193 ] ] } },
{ "type": "Feature", "properties": { "FEEDER_NAME": "RSDC", "SUBSTATION_NAME": "CARRBORO", "wmType": "SECONDARY UNDERGROUND", "WKT": "LINESTRING (-79.08095358845988 35.89361607215319, -79.08090355339647 35.89361603864709)" }, "geometry": { "type": "LineString", "coordinates": [ [ -79.080953588459877, 35.893616072153193 ], [ -79.080903553396467, 35.893616038647089 ] ] } },
{ "type": "Feature", "properties": { "FEEDER_NAME": "RSDC", "SUBSTATION_NAME": "CARRBORO", "wmType": "SECONDARY UNDERGROUND", "WKT": "LINESTRING (-79.08090355339647 35.89361603864709, -79.08090566834278 35.893654022889926)" }, "geometry": { "type": "LineString", "coordinates": [ [ -79.080903553396467, 35.893616038647089 ], [ -79.08090566834278, 35.893654022889926 ] ] } },
{ "type": "Feature", "properties": { "FEEDER_NAME": "RSDC", "SUBSTATION_NAME": "CARRBORO", "wmType": "SECONDARY UNDERGROUND", "WKT": "LINESTRING (-79.08109808628738 35.89374938425764, -79.08115332632785 35.89374600637461)" }, "geometry": { "type": "LineString", "coordinates": [ [ -79.081098086287383, 35.893749384257639 ], [ -79.081153326327851, 35.893746006374613 ] ] } },
{ "type": "Feature", "properties": { "FEEDER_NAME": "RSDC", "SUBSTATION_NAME": "CARRBORO", "wmType": "SECONDARY UNDERGROUND", "WKT": "LINESTRING (-79.08109808628738 35.89374938425764, -79.08100842644572 35.893772963468365)" }, "geometry": { "type": "LineString", "coordinates": [ [ -79.081098086287383, 35.893749384257639 ], [ -79.08100842644572, 35.893772963468365 ] ] } },
{ "type": "Feature", "properties": { "FEEDER_NAME": "RSDC", "SUBSTATION_NAME": "CARRBORO", "wmType": "SECONDARY UNDERGROUND", "WKT": "LINESTRING (-79.08100842644572 35.893772963468365, -79.08094476899214 35.89377512740049)" }, "geometry": { "type": "LineString", "coordinates": [ [ -79.08100842644572, 35.893772963468365 ], [ -79.08094476899214, 35.893775127400488 ] ] } },
{ "type": "Feature", "properties": { "FEEDER_NAME": "RSDC", "SUBSTATION_NAME": "CARRBORO", "wmType": "SECONDARY UNDERGROUND", "WKT": "LINESTRING (-79.08094476899214 35.89377512740049, -79.08086324653563 35.89377699669699)" }, "geometry": { "type": "LineString", "coordinates": [ [ -79.08094476899214, 35.893775127400488 ], [ -79.080863246535628, 35.893776996696992 ] ] } },
{ "type": "Feature", "properties": { "FEEDER_NAME": "RSDC", "SUBSTATION_NAME": "CARRBORO", "wmType": "SECONDARY UNDERGROUND", "WKT": "LINESTRING (-79.08109808628738 35.89374938425764, -79.08096685342541 35.893699443396216)" }, "geometry": { "type": "LineString", "coordinates": [ [ -79.081098086287383, 35.893749384257639 ], [ -79.080966853425409, 35.893699443396216 ] ] } },
{ "type": "Feature", "properties": { "FEEDER_NAME": "RSDC", "SUBSTATION_NAME": "CARRBORO", "wmType": "SECONDARY UNDERGROUND", "WKT": "LINESTRING (-79.08096685342541 35.893699443396216, -79.08091021405451 35.893694728373006)" }, "geometry": { "type": "LineString", "coordinates": [ [ -79.080966853425409, 35.893699443396216 ], [ -79.080910214054512, 35.893694728373006 ] ] } },
{ "type": "Feature", "properties": { "FEEDER_NAME": "RSDC", "SUBSTATION_NAME": "CARRBORO", "wmType": "SECONDARY UNDERGROUND", "WKT": "LINESTRING (-79.08091021405451 35.893694728373006, -79.080910528678 35.893741214949856)" }, "geometry": { "type": "LineString", "coordinates": [ [ -79.080910214054512, 35.893694728373006 ], [ -79.080910528678004, 35.893741214949856 ] ] } },
{ "type": "Feature", "properties": { "FEEDER_NAME": "RSDC", "SUBSTATION_NAME": "CARRBORO", "wmType": "SECONDARY UNDERGROUND", "WKT": "LINESTRING (-79.080910528678 35.893741214949856, -79.08096667731908 35.89374366080387)" }, "geometry": { "type": "LineString", "coordinates": [ [ -79.080910528678004, 35.893741214949856 ], [ -79.080966677319083, 35.893743660803871 ] ] } },
{ "type": "Feature", "properties": { "FEEDER_NAME": "RSDC", "SUBSTATION_NAME": "CARRBORO", "wmType": "SECONDARY UNDERGROUND", "WKT": "LINESTRING (-79.08109808628738 35.89374938425764, -79.0810038006075 35.893836872010326)" }, "geometry": { "type": "LineString", "coordinates": [ [ -79.081098086287383, 35.893749384257639 ], [ -79.081003800607505, 35.893836872010326 ] ] } },
{ "type": "Feature", "properties": { "FEEDER_NAME": "RSDC", "SUBSTATION_NAME": "CARRBORO", "wmType": "SECONDARY UNDERGROUND", "WKT": "LINESTRING (-79.0810038006075 35.893836872010326, -79.0809332390438 35.893836955793915)" }, "geometry": { "type": "LineString", "coordinates": [ [ -79.081003800607505, 35.893836872010326 ], [ -79.080933239043802, 35.893836955793915 ] ] } },
{ "type": "Feature", "properties": { "FEEDER_NAME": "RSDC", "SUBSTATION_NAME": "CARRBORO", "wmType": "SECONDARY UNDERGROUND", "WKT": "LINESTRING (-79.08109808628738 35.89374938425764, -79.08095527660805 35.89357743283969)" }, "geometry": { "type": "LineString", "coordinates": [ [ -79.081098086287383, 35.893749384257639 ], [ -79.080955276608051, 35.893577432839692 ] ] } },
{ "type": "Feature", "properties": { "FEEDER_NAME": "RSDC", "SUBSTATION_NAME": "CARRBORO", "wmType": "SECONDARY UNDERGROUND", "WKT": "LINESTRING (-79.08095527660805 35.89357743283969, -79.0808759270434 35.893516774228736)" }, "geometry": { "type": "LineString", "coordinates": [ [ -79.080955276608051, 35.893577432839692 ], [ -79.080875927043394, 35.893516774228736 ] ] } },
{ "type": "Feature", "properties": { "FEEDER_NAME": "RSDC", "SUBSTATION_NAME": "CARRBORO", "wmType": "SECONDARY UNDERGROUND", "WKT": "LINESTRING (-79.0808759270434 35.893516774228736, -79.08082194061109 35.89351750851948)" }, "geometry": { "type": "LineString", "coordinates": [ [ -79.080875927043394, 35.893516774228736 ], [ -79.080821940611088, 35.89351750851948 ] ] } },
{ "type": "Feature", "properties": { "FEEDER_NAME": "RSDC", "SUBSTATION_NAME": "CARRBORO", "wmType": "SECONDARY UNDERGROUND", "WKT": "LINESTRING (-79.08082194061109 35.89351750851948, -79.08076827417526 35.893517013189665)" }, "geometry": { "type": "LineString", "coordinates": [ [ -79.080821940611088, 35.89351750851948 ], [ -79.080768274175256, 35.893517013189665 ] ] } },
{ "type": "Feature", "properties": { "FEEDER_NAME": "RSDC", "SUBSTATION_NAME": "CARRBORO", "wmType": "SECONDARY UNDERGROUND", "WKT": "LINESTRING (-79.0808759270434 35.893516774228736, -79.08089892373012 35.89352467877945, -79.08097963638285 35.89342574447639)" }, "geometry": { "type": "LineString", "coordinates": [ [ -79.080875927043394, 35.893516774228736 ], [ -79.080898923730118, 35.89352467877945 ], [ -79.08097963638285, 35.893425744476389 ] ] } },
{ "type": "Feature", "properties": { "FEEDER_NAME": "RSDC", "SUBSTATION_NAME": "CARRBORO", "wmType": "SECONDARY UNDERGROUND", "WKT": "LINESTRING (-79.08095527660805 35.89357743283969, -79.08098637176731 35.89359768893894, -79.08109996953354 35.893739640762874, -79.08136330917257 35.8936729704907, -79.08138787028349 35.89363938397301, -79.08141003451111 35.893588368644664, -79.08141475367252 35.89354704861282, -79.08140599764475 35.8935186488168, -79.08137581002788 35.89348122589651, -79.08136049546366 35.893482523179166)" }, "geometry": { "type": "LineString", "coordinates": [ [ -79.080955276608051, 35.893577432839692 ], [ -79.08098637176731, 35.893597688938939 ], [ -79.08109996953354, 35.893739640762874 ], [ -79.081363309172573, 35.893672970490698 ], [ -79.081387870283493, 35.89363938397301 ], [ -79.081410034511109, 35.893588368644664 ], [ -79.081414753672519, 35.893547048612817 ], [ -79.081405997644751, 35.893518648816801 ], [ -79.081375810027879, 35.893481225896508 ], [ -79.081360495463656, 35.893482523179166 ] ] } },
{ "type": "Feature", "properties": { "FEEDER_NAME": "RSDC", "SUBSTATION_NAME": "CARRBORO", "wmType": "SECONDARY UNDERGROUND", "WKT": "LINESTRING (-79.08095527660805 35.89357743283969, -79.0808839051682 35.89357491595602)" }, "geometry": { "type": "LineString", "coordinates": [ [ -79.080955276608051, 35.893577432839692 ], [ -79.080883905168207, 35.893574915956023 ] ] } },
{ "type": "Feature", "properties": { "FEEDER_NAME": "RSDC", "SUBSTATION_NAME": "CARRBORO", "wmType": "SECONDARY UNDERGROUND", "WKT": "LINESTRING (-79.0808839051682 35.89357491595602, -79.08082881276653 35.89357297049156)" }, "geometry": { "type": "LineString", "coordinates": [ [ -79.080883905168207, 35.893574915956023 ], [ -79.080828812766526, 35.893572970491562 ] ] } },
{ "type": "Feature", "properties": { "FEEDER_NAME": "RSDC", "SUBSTATION_NAME": "CARRBORO", "wmType": "SECONDARY UNDERGROUND", "WKT": "LINESTRING (-79.08082881276653 35.89357297049156, -79.08076766336141 35.89357081179696)" }, "geometry": { "type": "LineString", "coordinates": [ [ -79.080828812766526, 35.893572970491562 ], [ -79.080767663361414, 35.893570811796963 ] ] } },
{ "type": "Feature", "properties": { "FEEDER_NAME": "RSDC", "SUBSTATION_NAME": "CARRBORO", "wmType": "SECONDARY UNDERGROUND", "WKT": "LINESTRING (-79.08109808628738 35.89374938425764, -79.08100818201072 35.89384401287152, -79.08087246341282 35.89384212183734, -79.0808637076781 35.893837092031056)" }, "geometry": { "type": "LineString", "coordinates": [ [ -79.081098086287383, 35.893749384257639 ], [ -79.08100818201072, 35.893844012871519 ], [ -79.080872463412817, 35.893842121837338 ], [ -79.080863707678105, 35.893837092031056 ] ] } },
{ "type": "Feature", "properties": { "FEEDER_NAME": "RSDC", "SUBSTATION_NAME": "CARRBORO", "wmType": "SECONDARY UNDERGROUND", "WKT": "LINESTRING (-79.0805106441678 35.89346985036025, -79.08057623138188 35.893601351232746)" }, "geometry": { "type": "LineString", "coordinates": [ [ -79.080510644167802, 35.893469850360248 ], [ -79.080576231381883, 35.893601351232746 ] ] } },
{ "type": "Feature", "properties": { "FEEDER_NAME": "RSDC", "SUBSTATION_NAME": "CARRBORO", "wmType": "SECONDARY UNDERGROUND", "WKT": "LINESTRING (-79.08057623138188 35.893601351232746, -79.08062862343124 35.8936012364021)" }, "geometry": { "type": "LineString", "coordinates": [ [ -79.080576231381883, 35.893601351232746 ], [ -79.080628623431238, 35.893601236402098 ] ] } },
{ "type": "Feature", "properties": { "FEEDER_NAME": "RSDC", "SUBSTATION_NAME": "CARRBORO", "wmType": "SECONDARY UNDERGROUND", "WKT": "LINESTRING (-79.08062862343124 35.8936012364021, -79.08069404388415 35.89360209986512)" }, "geometry": { "type": "LineString", "coordinates": [ [ -79.080628623431238, 35.893601236402098 ], [ -79.080694043884151, 35.89360209986512 ] ] } },
{ "type": "Feature", "properties": { "FEEDER_NAME": "RSDC", "SUBSTATION_NAME": "CARRBORO", "wmType": "SECONDARY UNDERGROUND", "WKT": "LINESTRING (-79.0805106441678 35.89346985036025, -79.08045988531721 35.89350149904547)" }, "geometry": { "type": "LineString", "coordinates": [ [ -79.080510644167802, 35.893469850360248 ], [ -79.080459885317211, 35.89350149904547 ] ] } },
{ "type": "Feature", "properties": { "FEEDER_NAME": "RSDC", "SUBSTATION_NAME": "CARRBORO", "wmType": "SECONDARY UNDERGROUND", "WKT": "LINESTRING (-79.08045988531721 35.89350149904547, -79.08040722016679 35.893503159727764)" }, "geometry": { "type": "LineString", "coordinates": [ [ -79.080459885317211, 35.89350149904547 ], [ -79.080407220166791, 35.893503159727764 ] ] } },
{ "type": "Feature", "properties": { "FEEDER_NAME": "RSDC", "SUBSTATION_NAME": "CARRBORO", "wmType": "SECONDARY UNDERGROUND", "WKT": "LINESTRING (-79.08040722016679 35.893503159727764, -79.08034121354258 35.89350311578646)" }, "geometry": { "type": "LineString", "coordinates": [ [ -79.080407220166791, 35.893503159727764 ], [ -79.080341213542582, 35.893503115786459 ] ] } },
{ "type": "Feature", "properties": { "FEEDER_NAME": "RSDC", "SUBSTATION_NAME": "CARRBORO", "wmType": "SECONDARY UNDERGROUND", "WKT": "LINESTRING (-79.08034121354258 35.89350311578646, -79.08034270058334 35.89355376834482)" }, "geometry": { "type": "LineString", "coordinates": [ [ -79.080341213542582, 35.893503115786459 ], [ -79.080342700583344, 35.893553768344823 ] ] } },
{ "type": "Feature", "properties": { "FEEDER_NAME": "RSDC", "SUBSTATION_NAME": "CARRBORO", "wmType": "SECONDARY UNDERGROUND", "WKT": "LINESTRING (-79.08034270058334 35.89355376834482, -79.08040821441074 35.893548328147986)" }, "geometry": { "type": "LineString", "coordinates": [ [ -79.080342700583344, 35.893553768344823 ], [ -79.080408214410738, 35.893548328147986 ] ] } },
{ "type": "Feature", "properties": { "FEEDER_NAME": "RSDC", "SUBSTATION_NAME": "CARRBORO", "wmType": "SECONDARY UNDERGROUND", "WKT": "LINESTRING (-79.08040821441074 35.893548328147986, -79.0804660708783 35.893546260255235)" }, "geometry": { "type": "LineString", "coordinates": [ [ -79.080408214410738, 35.893548328147986 ], [ -79.080466070878302, 35.893546260255235 ] ] } },
{ "type": "Feature", "properties": { "FEEDER_NAME": "RSDC", "SUBSTATION_NAME": "CARRBORO", "wmType": "SECONDARY UNDERGROUND", "WKT": "LINESTRING (-79.0805106441678 35.89346985036025, -79.0805741881293 35.89354735789475)" }, "geometry": { "type": "LineString", "coordinates": [ [ -79.080510644167802, 35.893469850360248 ], [ -79.080574188129305, 35.893547357894747 ] ] } },
{ "type": "Feature", "properties": { "FEEDER_NAME": "RSDC", "SUBSTATION_NAME": "CARRBORO", "wmType": "SECONDARY UNDERGROUND", "WKT": "LINESTRING (-79.0805741881293 35.89354735789475, -79.08062689045653 35.89354740599677)" }, "geometry": { "type": "LineString", "coordinates": [ [ -79.080574188129305, 35.893547357894747 ], [ -79.080626890456529, 35.89354740599677 ] ] } },
{ "type": "Feature", "properties": { "FEEDER_NAME": "RSDC", "SUBSTATION_NAME": "CARRBORO", "wmType": "SECONDARY UNDERGROUND", "WKT": "LINESTRING (-79.08062689045653 35.89354740599677, -79.08068822623439 35.89354654255127)" }, "geometry": { "type": "LineString", "coordinates": [ [ -79.080626890456529, 35.89354740599677 ], [ -79.080688226234386, 35.89354654255127 ] ] } },
{ "type": "Feature", "properties": { "FEEDER_NAME": "RSDC", "SUBSTATION_NAME": "CARRBORO", "wmType": "SECONDARY UNDERGROUND", "WKT": "LINESTRING (-79.0805106441678 35.89346985036025, -79.0803930407942 35.89346979542061)" }, "geometry": { "type": "LineString", "coordinates": [ [ -79.080510644167802, 35.893469850360248 ], [ -79.080393040794206, 35.893469795420607 ] ] } },
{ "type": "Feature", "properties": { "FEEDER_NAME": "RSDC", "SUBSTATION_NAME": "CARRBORO", "wmType": "SECONDARY UNDERGROUND", "WKT": "LINESTRING (-79.08016499077536 35.89346523885047, -79.08003102494108 35.893581610923306)" }, "geometry": { "type": "LineString", "coordinates": [ [ -79.080164990775359, 35.893465238850467 ], [ -79.080031024941078, 35.893581610923306 ] ] } },
{ "type": "Feature", "properties": { "FEEDER_NAME": "RSDC", "SUBSTATION_NAME": "CARRBORO", "wmType": "SECONDARY UNDERGROUND", "WKT": "LINESTRING (-79.08003102494108 35.893581610923306, -79.07997469552684 35.893587748819066)" }, "geometry": { "type": "LineString", "coordinates": [ [ -79.080031024941078, 35.893581610923306 ], [ -79.079974695526843, 35.893587748819066 ] ] } },
{ "type": "Feature", "properties": { "FEEDER_NAME": "RSDC", "SUBSTATION_NAME": "CARRBORO", "wmType": "SECONDARY UNDERGROUND", "WKT": "LINESTRING (-79.07997469552684 35.893587748819066, -79.07993323418123 35.89351409762748)" }, "geometry": { "type": "LineString", "coordinates": [ [ -79.079974695526843, 35.893587748819066 ], [ -79.079933234181226, 35.893514097627481 ] ] } },
{ "type": "Feature", "properties": { "FEEDER_NAME": "RSDC", "SUBSTATION_NAME": "CARRBORO", "wmType": "SECONDARY UNDERGROUND", "WKT": "LINESTRING (-79.07997469552684 35.893587748819066, -79.07997966501637 35.893626226025134)" }, "geometry": { "type": "LineString", "coordinates": [ [ -79.079974695526843, 35.893587748819066 ], [ -79.079979665016367, 35.893626226025134 ] ] } },
{ "type": "Feature", "properties": { "FEEDER_NAME": "RSDC", "SUBSTATION_NAME": "CARRBORO", "wmType": "SECONDARY UNDERGROUND", "WKT": "LINESTRING (-79.07997966501637 35.893626226025134, -79.08003562201652 35.893624297482056)" }, "geometry": { "type": "LineString", "coordinates": [ [ -79.079979665016367, 35.893626226025134 ], [ -79.080035622016524, 35.893624297482056 ] ] } },
{ "type": "Feature", "properties": { "FEEDER_NAME": "RSDC", "SUBSTATION_NAME": "CARRBORO", "wmType": "SECONDARY UNDERGROUND", "WKT": "LINESTRING (-79.08003562201652 35.893624297482056, -79.08009325503293 35.89361911679336)" }, "geometry": { "type": "LineString", "coordinates": [ [ -79.080035622016524, 35.893624297482056 ], [ -79.080093255032935, 35.89361911679336 ] ] } },
{ "type": "Feature", "properties": { "FEEDER_NAME": "RSDC", "SUBSTATION_NAME": "CARRBORO", "wmType": "SECONDARY UNDERGROUND", "WKT": "LINESTRING (-79.08009325503293 35.89361911679336, -79.08009158668057 35.89357982985219)" }, "geometry": { "type": "LineString", "coordinates": [ [ -79.080093255032935, 35.89361911679336 ], [ -79.080091586680567, 35.893579829852193 ] ] } },
{ "type": "Feature", "properties": { "FEEDER_NAME": "RSDC", "SUBSTATION_NAME": "CARRBORO", "wmType": "SECONDARY UNDERGROUND", "WKT": "LINESTRING (-79.08016499077536 35.89346523885047, -79.08016018061949 35.89361083668136, -79.08016957201593 35.893616903526855)" }, "geometry": { "type": "LineString", "coordinates": [ [ -79.080164990775359, 35.893465238850467 ], [ -79.080160180619487, 35.893610836681361 ], [ -79.080169572015933, 35.893616903526855 ] ] } },
{ "type": "Feature", "properties": { "FEEDER_NAME": "RSDC", "SUBSTATION_NAME": "CARRBORO", "wmType": "SECONDARY UNDERGROUND", "WKT": "LINESTRING (-79.08016957201593 35.893616903526855, -79.08023548903911 35.89361028514783)" }, "geometry": { "type": "LineString", "coordinates": [ [ -79.080169572015933, 35.893616903526855 ], [ -79.080235489039111, 35.89361028514783 ] ] } },
{ "type": "Feature", "properties": { "FEEDER_NAME": "RSDC", "SUBSTATION_NAME": "CARRBORO", "wmType": "SECONDARY UNDERGROUND", "WKT": "LINESTRING (-79.08023548903911 35.89361028514783, -79.08029750447866 35.89360557016074)" }, "geometry": { "type": "LineString", "coordinates": [ [ -79.080235489039111, 35.89361028514783 ], [ -79.080297504478665, 35.893605570160737 ] ] } },
{ "type": "Feature", "properties": { "FEEDER_NAME": "RSDC", "SUBSTATION_NAME": "CARRBORO", "wmType": "SECONDARY UNDERGROUND", "WKT": "LINESTRING (-79.08016499077536 35.89346523885047, -79.08017079657364 35.89357395357065)" }, "geometry": { "type": "LineString", "coordinates": [ [ -79.080164990775359, 35.893465238850467 ], [ -79.08017079657364, 35.893573953570652 ] ] } },
{ "type": "Feature", "properties": { "FEEDER_NAME": "RSDC", "SUBSTATION_NAME": "CARRBORO", "wmType": "SECONDARY UNDERGROUND", "WKT": "LINESTRING (-79.08017079657364 35.89357395357065, -79.08022720538983 35.893566371635906)" }, "geometry": { "type": "LineString", "coordinates": [ [ -79.08017079657364, 35.893573953570652 ], [ -79.080227205389832, 35.893566371635906 ] ] } },
{ "type": "Feature", "properties": { "FEEDER_NAME": "RSDC", "SUBSTATION_NAME": "CARRBORO", "wmType": "SECONDARY UNDERGROUND", "WKT": "LINESTRING (-79.08022720538983 35.893566371635906, -79.08028287070199 35.8935585477123)" }, "geometry": { "type": "LineString", "coordinates": [ [ -79.080227205389832, 35.893566371635906 ], [ -79.080282870701993, 35.893558547712303 ] ] } },
{ "type": "Feature", "properties": { "FEEDER_NAME": "RSDC", "SUBSTATION_NAME": "CARRBORO", "wmType": "SECONDARY UNDERGROUND", "WKT": "LINESTRING (-79.08016499077536 35.89346523885047, -79.07968890602221 35.89359079387736)" }, "geometry": { "type": "LineString", "coordinates": [ [ -79.080164990775359, 35.893465238850467 ], [ -79.079688906022213, 35.893590793877358 ] ] } },
{ "type": "Feature", "properties": { "FEEDER_NAME": "RSDC", "SUBSTATION_NAME": "CARRBORO", "wmType": "SECONDARY UNDERGROUND", "WKT": "LINESTRING (-79.07968890602221 35.89359079387736, -79.07968377036863 35.893580232995134, -79.07966493416727 35.89355766391381, -79.07964797166886 35.893528970116236, -79.07963760373676 35.893508691134166, -79.07963430268612 35.89350065632106, -79.07963614765214 35.89346314716314, -79.0796691957522 35.89342324358549)" }, "geometry": { "type": "LineString", "coordinates": [ [ -79.079688906022213, 35.893590793877358 ], [ -79.079683770368632, 35.893580232995134 ], [ -79.079664934167269, 35.893557663913811 ], [ -79.079647971668862, 35.893528970116236 ], [ -79.079637603736757, 35.893508691134166 ], [ -79.079634302686117, 35.893500656321059 ], [ -79.079636147652138, 35.893463147163139 ], [ -79.079669195752203, 35.893423243585488 ] ] } },
{ "type": "Feature", "properties": { "FEEDER_NAME": "RSDC", "SUBSTATION_NAME": "CARRBORO", "wmType": "SECONDARY UNDERGROUND", "WKT": "LINESTRING (-79.07968890602221 35.89359079387736, -79.0797264646052 35.89357219877886)" }, "geometry": { "type": "LineString", "coordinates": [ [ -79.079688906022213, 35.893590793877358 ], [ -79.079726464605201, 35.893572198778863 ] ] } },
{ "type": "Feature", "properties": { "FEEDER_NAME": "RSDC", "SUBSTATION_NAME": "CARRBORO", "wmType": "SECONDARY UNDERGROUND", "WKT": "LINESTRING (-79.07483435227076 35.89688591426488, -79.07480716967461 35.896842717753024)" }, "geometry": { "type": "LineString", "coordinates": [ [ -79.074834352270756, 35.896885914264878 ], [ -79.074807169674614, 35.896842717753024 ] ] } },
{ "type": "Feature", "properties": { "FEEDER_NAME": "RSDC", "SUBSTATION_NAME": "CARRBORO", "wmType": "SECONDARY UNDERGROUND", "WKT": "LINESTRING (-79.07480716967461 35.896842717753024, -79.07477541490431 35.896788075630326)" }, "geometry": { "type": "LineString", "coordinates": [ [ -79.074807169674614, 35.896842717753024 ], [ -79.074775414904309, 35.896788075630326 ] ] } },
{ "type": "Feature", "properties": { "FEEDER_NAME": "RSDC", "SUBSTATION_NAME": "CARRBORO", "wmType": "SECONDARY UNDERGROUND", "WKT": "LINESTRING (-79.07477541490431 35.896788075630326, -79.07472394341724 35.89680724192167)" }, "geometry": { "type": "LineString", "coordinates": [ [ -79.074775414904309, 35.896788075630326 ], [ -79.07472394341724, 35.896807241921671 ] ] } },
{ "type": "Feature", "properties": { "FEEDER_NAME": "RSDC", "SUBSTATION_NAME": "CARRBORO", "wmType": "SECONDARY UNDERGROUND", "WKT": "LINESTRING (-79.07968890602221 35.89359079387736, -79.07966375854264 35.8935628976785, -79.07964682255928 35.89353750445523, -79.07962987719573 35.89350258530592, -79.07963243843386 35.89346130190183, -79.0796639551451 35.89341968774026)" }, "geometry": { "type": "LineString", "coordinates": [ [ -79.079688906022213, 35.893590793877358 ], [ -79.079663758542637, 35.8935628976785 ], [ -79.079646822559283, 35.893537504455232 ], [ -79.079629877195728, 35.893502585305917 ], [ -79.079632438433862, 35.89346130190183 ], [ -79.079663955145094, 35.893419687740263 ] ] } },
{ "type": "Feature", "properties": { "FEEDER_NAME": "RSDC", "SUBSTATION_NAME": "CARRBORO", "wmType": "SECONDARY UNDERGROUND", "WKT": "LINESTRING (-79.07493766444948 35.896653298220734, -79.07491713933007 35.89667822837127, -79.07491814793887 35.89669676944834, -79.0749250998371 35.89671450020543, -79.07494295998237 35.89674350953201, -79.07497271456903 35.8967781546327, -79.07499651391034 35.896800712347925, -79.07500048521844 35.896810382737634, -79.07500248190762 35.896826504998025, -79.07500051590864 35.896843434561795, -79.07499260286684 35.89685714290329, -79.07496091964298 35.89687973471558, -79.07493389531881 35.89689855529207, -79.07487681397262 35.89691978367844, -79.07483435227076 35.89688591426488)" }, "geometry": { "type": "LineString", "coordinates": [ [ -79.074937664449479, 35.896653298220734 ], [ -79.074917139330068, 35.896678228371272 ], [ -79.074918147938874, 35.89669676944834 ], [ -79.074925099837102, 35.896714500205427 ], [ -79.074942959982366, 35.896743509532008 ], [ -79.074972714569029, 35.896778154632699 ], [ -79.074996513910335, 35.896800712347925 ], [ -79.075000485218439, 35.896810382737634 ], [ -79.075002481907617, 35.896826504998025 ], [ -79.075000515908641, 35.896843434561795 ], [ -79.074992602866843, 35.896857142903293 ], [ -79.074960919642976, 35.896879734715583 ], [ -79.074933895318807, 35.896898555292069 ], [ -79.074876813972622, 35.896919783678442 ], [ -79.074834352270756, 35.896885914264878 ] ] } },
{ "type": "Feature", "properties": { "FEEDER_NAME": "RSDC", "SUBSTATION_NAME": "CARRBORO", "wmType": "SECONDARY UNDERGROUND", "WKT": "LINESTRING (-79.07472394341724 35.89680724192167, -79.07475776678693 35.89686362591829)" }, "geometry": { "type": "LineString", "coordinates": [ [ -79.07472394341724, 35.896807241921671 ], [ -79.074757766786931, 35.896863625918293 ] ] } },
{ "type": "Feature", "properties": { "FEEDER_NAME": "RSDC", "SUBSTATION_NAME": "CARRBORO", "wmType": "SECONDARY UNDERGROUND", "WKT": "LINESTRING (-79.07475776678693 35.89686362591829, -79.07477755587135 35.896905050495754)" }, "geometry": { "type": "LineString", "coordinates": [ [ -79.074757766786931, 35.896863625918293 ], [ -79.07477755587135, 35.896905050495754 ] ] } },
{ "type": "Feature", "properties": { "FEEDER_NAME": "RSDC", "SUBSTATION_NAME": "CARRBORO", "wmType": "SECONDARY UNDERGROUND", "WKT": "LINESTRING (-79.07493766444948 35.896653298220734, -79.07493461673515 35.896692300566556, -79.07495114375668 35.89671954324717, -79.07507268605329 35.89685023380196, -79.0750971379717 35.89684547246899, -79.07512117126508 35.89683486100269, -79.07513116677364 35.89681040147715, -79.07513215678227 35.896798173731455, -79.07513214540971 35.89678594750363, -79.0751394544691 35.8967684062643, -79.07514111725317 35.89675064317519, -79.07515334644748 35.896723184522905)" }, "geometry": { "type": "LineString", "coordinates": [ [ -79.074937664449479, 35.896653298220734 ], [ -79.074934616735149, 35.896692300566556 ], [ -79.074951143756678, 35.896719543247173 ], [ -79.075072686053289, 35.896850233801963 ], [ -79.075097137971696, 35.896845472468989 ], [ -79.075121171265081, 35.896834861002688 ], [ -79.075131166773645, 35.896810401477147 ], [ -79.075132156782274, 35.896798173731455 ], [ -79.075132145409711, 35.896785947503631 ], [ -79.075139454469095, 35.8967684062643 ], [ -79.075141117253168, 35.896750643175189 ], [ -79.075153346447479, 35.896723184522905 ] ] } },
{ "type": "Feature", "properties": { "FEEDER_NAME": "RSDC", "SUBSTATION_NAME": "CARRBORO", "wmType": "SECONDARY UNDERGROUND", "WKT": "LINESTRING (-79.07515334644748 35.896723184522905, -79.07511101731673 35.8966853728028)" }, "geometry": { "type": "LineString", "coordinates": [ [ -79.075153346447479, 35.896723184522905 ], [ -79.075111017316729, 35.8966853728028 ] ] } },
{ "type": "Feature", "properties": { "FEEDER_NAME": "RSDC", "SUBSTATION_NAME": "CARRBORO", "wmType": "SECONDARY UNDERGROUND", "WKT": "LINESTRING (-79.07511101731673 35.8966853728028, -79.07505341127748 35.89664002562178)" }, "geometry": { "type": "LineString", "coordinates": [ [ -79.075111017316729, 35.8966853728028 ], [ -79.07505341127748, 35.896640025621778 ] ] } },
{ "type": "Feature", "properties": { "FEEDER_NAME": "RSDC", "SUBSTATION_NAME": "CARRBORO", "wmType": "SECONDARY UNDERGROUND", "WKT": "LINESTRING (-79.07505341127748 35.89664002562178, -79.075024414632 35.896665271952656)" }, "geometry": { "type": "LineString", "coordinates": [ [ -79.07505341127748, 35.896640025621778 ], [ -79.075024414631997, 35.896665271952656 ] ] } },
{ "type": "Feature", "properties": { "FEEDER_NAME": "RSDC", "SUBSTATION_NAME": "CARRBORO", "wmType": "SECONDARY UNDERGROUND", "WKT": "LINESTRING (-79.075024414632 35.896665271952656, -79.07507852350581 35.896708142703694)" }, "geometry": { "type": "LineString", "coordinates": [ [ -79.075024414631997, 35.896665271952656 ], [ -79.075078523505809, 35.896708142703694 ] ] } },
{ "type": "Feature", "properties": { "FEEDER_NAME": "RSDC", "SUBSTATION_NAME": "CARRBORO", "wmType": "SECONDARY UNDERGROUND", "WKT": "LINESTRING (-79.07507852350581 35.896708142703694, -79.07512112805931 35.89674671857386)" }, "geometry": { "type": "LineString", "coordinates": [ [ -79.075078523505809, 35.896708142703694 ], [ -79.075121128059308, 35.896746718573858 ] ] } },
{ "type": "Feature", "properties": { "FEEDER_NAME": "RSDC", "SUBSTATION_NAME": "CARRBORO", "wmType": "SECONDARY UNDERGROUND", "WKT": "LINESTRING (-79.07507852350581 35.896708142703694, -79.07504636444418 35.89672639683968)" }, "geometry": { "type": "LineString", "coordinates": [ [ -79.075078523505809, 35.896708142703694 ], [ -79.075046364444177, 35.896726396839682 ] ] } },
{ "type": "Feature", "properties": { "FEEDER_NAME": "RSDC", "SUBSTATION_NAME": "CARRBORO", "wmType": "SECONDARY UNDERGROUND", "WKT": "LINESTRING (-79.07504636444418 35.89672639683968, -79.07499465366169 35.896684576426395)" }, "geometry": { "type": "LineString", "coordinates": [ [ -79.075046364444177, 35.896726396839682 ], [ -79.07499465366169, 35.896684576426395 ] ] } },
{ "type": "Feature", "properties": { "FEEDER_NAME": "RSDC", "SUBSTATION_NAME": "CARRBORO", "wmType": "SECONDARY UNDERGROUND", "WKT": "LINESTRING (-79.07493766444948 35.896653298220734, -79.07490920760065 35.89667178438682, -79.07490625651593 35.89669435764069, -79.07491420095862 35.896714506898114, -79.07493305400673 35.89674512715413, -79.07495884291326 35.89677735738732, -79.07498264224964 35.89679991420396, -79.07498959117773 35.89681442098204, -79.07499060094142 35.896835379363246, -79.07498494225862 35.896850431970535, -79.07497092684876 35.89686185203633, -79.07493888856843 35.89688143459576, -79.0749126476423 35.89685990766215)" }, "geometry": { "type": "LineString", "coordinates": [ [ -79.074937664449479, 35.896653298220734 ], [ -79.074909207600655, 35.896671784386818 ], [ -79.074906256515931, 35.89669435764069 ], [ -79.074914200958617, 35.896714506898114 ], [ -79.074933054006735, 35.896745127154126 ], [ -79.074958842913261, 35.896777357387322 ], [ -79.074982642249637, 35.89679991420396 ], [ -79.074989591177726, 35.896814420982039 ], [ -79.074990600941419, 35.896835379363246 ], [ -79.074984942258624, 35.896850431970535 ], [ -79.074970926848763, 35.896861852036331 ], [ -79.074938888568425, 35.896881434595763 ], [ -79.074912647642293, 35.896859907662147 ] ] } },
{ "type": "Feature", "properties": { "FEEDER_NAME": "RSDC", "SUBSTATION_NAME": "CARRBORO", "wmType": "SECONDARY UNDERGROUND", "WKT": "LINESTRING (-79.0749126476423 35.89685990766215, -79.07488162708296 35.896811097476636)" }, "geometry": { "type": "LineString", "coordinates": [ [ -79.074912647642293, 35.896859907662147 ], [ -79.074881627082959, 35.896811097476636 ] ] } },
{ "type": "Feature", "properties": { "FEEDER_NAME": "RSDC", "SUBSTATION_NAME": "CARRBORO", "wmType": "SECONDARY UNDERGROUND", "WKT": "LINESTRING (-79.07488162708296 35.896811097476636, -79.07484552190424 35.89675967390638)" }, "geometry": { "type": "LineString", "coordinates": [ [ -79.074881627082959, 35.896811097476636 ], [ -79.074845521904237, 35.896759673906381 ] ] } },
{ "type": "Feature", "properties": { "FEEDER_NAME": "RSDC", "SUBSTATION_NAME": "CARRBORO", "wmType": "SECONDARY UNDERGROUND", "WKT": "LINESTRING (-79.07484552190424 35.89675967390638, -79.07490437849167 35.89673569635714)" }, "geometry": { "type": "LineString", "coordinates": [ [ -79.074845521904237, 35.896759673906381 ], [ -79.074904378491667, 35.89673569635714 ] ] } },
{ "type": "Feature", "properties": { "FEEDER_NAME": "RSDC", "SUBSTATION_NAME": "CARRBORO", "wmType": "SECONDARY UNDERGROUND", "WKT": "LINESTRING (-79.07490437849167 35.89673569635714, -79.07494034491151 35.89679035659053)" }, "geometry": { "type": "LineString", "coordinates": [ [ -79.074904378491667, 35.89673569635714 ], [ -79.074940344911511, 35.896790356590529 ] ] } },
{ "type": "Feature", "properties": { "FEEDER_NAME": "RSDC", "SUBSTATION_NAME": "CARRBORO", "wmType": "SECONDARY UNDERGROUND", "WKT": "LINESTRING (-79.07494034491151 35.89679035659053, -79.07497114542875 35.896837175908686)" }, "geometry": { "type": "LineString", "coordinates": [ [ -79.074940344911511, 35.896790356590529 ], [ -79.074971145428748, 35.896837175908686 ] ] } },
{ "type": "Feature", "properties": { "FEEDER_NAME": "RSDC", "SUBSTATION_NAME": "CARRBORO", "wmType": "SECONDARY UNDERGROUND", "WKT": "LINESTRING (-79.07493766444948 35.896653298220734, -79.07518448588951 35.89648900656163, -79.07516976656298 35.89641288579155)" }, "geometry": { "type": "LineString", "coordinates": [ [ -79.074937664449479, 35.896653298220734 ], [ -79.075184485889508, 35.89648900656163 ], [ -79.075169766562979, 35.896412885791548 ] ] } },
{ "type": "Feature", "properties": { "FEEDER_NAME": "RSDC", "SUBSTATION_NAME": "CARRBORO", "wmType": "SECONDARY UNDERGROUND", "WKT": "LINESTRING (-79.07493766444948 35.896653298220734, -79.07489278909627 35.89665641996423)" }, "geometry": { "type": "LineString", "coordinates": [ [ -79.074937664449479, 35.896653298220734 ], [ -79.074892789096268, 35.896656419964231 ] ] } },
{ "type": "Feature", "properties": { "FEEDER_NAME": "RSDC", "SUBSTATION_NAME": "CARRBORO", "wmType": "SECONDARY UNDERGROUND", "WKT": "LINESTRING (-79.07425528544827 35.8973291398292, -79.07441873858102 35.89730349629075, -79.07450103635703 35.89728670248021, -79.07451785419283 35.8972653817013, -79.07452501593393 35.89721164229023)" }, "geometry": { "type": "LineString", "coordinates": [ [ -79.074255285448274, 35.897329139829203 ], [ -79.074418738581016, 35.897303496290753 ], [ -79.074501036357034, 35.897286702480208 ], [ -79.074517854192834, 35.897265381701303 ], [ -79.074525015933929, 35.89721164229023 ] ] } },
{ "type": "Feature", "properties": { "FEEDER_NAME": "RSDC", "SUBSTATION_NAME": "CARRBORO", "wmType": "SECONDARY UNDERGROUND", "WKT": "LINESTRING (-79.08257647724794 35.89981672618207, -79.08249757116148 35.89981351592975)" }, "geometry": { "type": "LineString", "coordinates": [ [ -79.08257647724794, 35.899816726182067 ], [ -79.082497571161483, 35.89981351592975 ] ] } },
{ "type": "Feature", "properties": { "FEEDER_NAME": "RSDC", "SUBSTATION_NAME": "CARRBORO", "wmType": "SECONDARY UNDERGROUND", "WKT": "LINESTRING (-79.07493766444948 35.896653298220734, -79.07494291061691 35.89669030448413, -79.07496671965033 35.896723341701275, -79.07500639108422 35.896769265970164, -79.07504407557329 35.89680713195688, -79.07507588759722 35.89683974421931, -79.07511515317589 35.89682671418535, -79.07512064062966 35.89680623760947, -79.07509260576768 35.89676748422884)" }, "geometry": { "type": "LineString", "coordinates": [ [ -79.074937664449479, 35.896653298220734 ], [ -79.074942910616912, 35.896690304484132 ], [ -79.074966719650334, 35.896723341701275 ], [ -79.075006391084216, 35.896769265970164 ], [ -79.075044075573288, 35.896807131956884 ], [ -79.075075887597222, 35.896839744219307 ], [ -79.075115153175886, 35.896826714185352 ], [ -79.075120640629663, 35.896806237609468 ], [ -79.075092605767679, 35.896767484228839 ] ] } },
{ "type": "Feature", "properties": { "FEEDER_NAME": "RSDC", "SUBSTATION_NAME": "CARRBORO", "wmType": "SECONDARY UNDERGROUND", "WKT": "LINESTRING (-79.07493766444948 35.896653298220734, -79.07492705202746 35.89668386536978, -79.07493202705884 35.89670562798739, -79.07495286221653 35.89673786036334, -79.07497666752654 35.89676686693359, -79.07500542584313 35.89679506378386, -79.07501337220603 35.89681843610815, -79.07501043012877 35.89685068308987, -79.07499459656137 35.896870040287574, -79.0749540043782 35.896901504635665, -79.07489359194312 35.89692733805292, -79.07486181146199 35.89693469239664)" }, "geometry": { "type": "LineString", "coordinates": [ [ -79.074937664449479, 35.896653298220734 ], [ -79.074927052027462, 35.896683865369781 ], [ -79.074932027058836, 35.896705627987387 ], [ -79.074952862216534, 35.896737860363338 ], [ -79.074976667526542, 35.896766866933589 ], [ -79.075005425843131, 35.896795063783863 ], [ -79.07501337220603, 35.896818436108148 ], [ -79.075010430128771, 35.896850683089873 ], [ -79.074994596561368, 35.896870040287574 ], [ -79.074954004378199, 35.896901504635665 ], [ -79.074893591943123, 35.896927338052919 ], [ -79.074861811461986, 35.896934692396641 ] ] } },
{ "type": "Feature", "properties": { "FEEDER_NAME": "RSDC", "SUBSTATION_NAME": "CARRBORO", "wmType": "SECONDARY UNDERGROUND", "WKT": "LINESTRING (-79.07486181146199 35.89693469239664, -79.07487479452445 35.89695556321422, -79.07488175017299 35.8969773255175, -79.0748778001815 35.89699183808845, -79.07485106539431 35.897008782847536, -79.07480847679169 35.89702332001639, -79.07474904817424 35.89704109146503, -79.07467971053039 35.897057256511594, -79.07463188301791 35.89707015193928)" }, "geometry": { "type": "LineString", "coordinates": [ [ -79.074861811461986, 35.896934692396641 ], [ -79.074874794524447, 35.89695556321422 ], [ -79.074881750172992, 35.896977325517497 ], [ -79.074877800181497, 35.896991838088447 ], [ -79.074851065394313, 35.897008782847536 ], [ -79.074808476791688, 35.897023320016388 ], [ -79.07474904817424, 35.897041091465027 ], [ -79.07467971053039, 35.897057256511594 ], [ -79.074631883017915, 35.897070151939282 ] ] } },
{ "type": "Feature", "properties": { "FEEDER_NAME": "RSDC", "SUBSTATION_NAME": "CARRBORO", "wmType": "SECONDARY UNDERGROUND", "WKT": "LINESTRING (-79.07493766444948 35.896653298220734, -79.07496273566063 35.89670238514645, -79.07498554991018 35.89673058475282, -79.07502522171848 35.8967757041477, -79.07506389652333 35.896813568617965, -79.07507867966724 35.89682847706022, -79.07510541951419 35.89681947186375, -79.07509609668277 35.89680850779023)" }, "geometry": { "type": "LineString", "coordinates": [ [ -79.074937664449479, 35.896653298220734 ], [ -79.074962735660634, 35.896702385146448 ], [ -79.074985549910181, 35.896730584752817 ], [ -79.075025221718477, 35.8967757041477 ], [ -79.075063896523332, 35.896813568617965 ], [ -79.075078679667243, 35.896828477060218 ], [ -79.075105419514188, 35.896819471863751 ], [ -79.075096096682771, 35.896808507790233 ] ] } },
{ "type": "Feature", "properties": { "FEEDER_NAME": "RSDC", "SUBSTATION_NAME": "CARRBORO", "wmType": "SECONDARY UNDERGROUND", "WKT": "LINESTRING (-79.07509609668277 35.89680850779023, -79.07506789075923 35.89678353730201)" }, "geometry": { "type": "LineString", "coordinates": [ [ -79.075096096682771, 35.896808507790233 ], [ -79.075067890759229, 35.896783537302007 ] ] } },
{ "type": "Feature", "properties": { "FEEDER_NAME": "RSDC", "SUBSTATION_NAME": "CARRBORO", "wmType": "SECONDARY UNDERGROUND", "WKT": "LINESTRING (-79.07506789075923 35.89678353730201, -79.07502275676535 35.89674440776387)" }, "geometry": { "type": "LineString", "coordinates": [ [ -79.075067890759229, 35.896783537302007 ], [ -79.07502275676535, 35.896744407763869 ] ] } },
{ "type": "Feature", "properties": { "FEEDER_NAME": "RSDC", "SUBSTATION_NAME": "CARRBORO", "wmType": "SECONDARY UNDERGROUND", "WKT": "LINESTRING (-79.07502275676535 35.89674440776387, -79.07497477058169 35.89670186220347)" }, "geometry": { "type": "LineString", "coordinates": [ [ -79.07502275676535, 35.896744407763869 ], [ -79.07497477058169, 35.896701862203471 ] ] } },
{ "type": "Feature", "properties": { "FEEDER_NAME": "RSDC", "SUBSTATION_NAME": "CARRBORO", "wmType": "SECONDARY UNDERGROUND", "WKT": "LINESTRING (-79.07396354205035 35.8971885707066, -79.0739666481193 35.89719824345565, -79.07396794438213 35.89720332153612, -79.07397010213803 35.89720804938712, -79.07397169724214 35.89721164914244)" }, "geometry": { "type": "LineString", "coordinates": [ [ -79.07396354205035, 35.897188570706597 ], [ -79.073966648119296, 35.897198243455648 ], [ -79.073967944382133, 35.897203321536118 ], [ -79.073970102138034, 35.897208049387118 ], [ -79.073971697242143, 35.897211649142442 ] ] } },
{ "type": "Feature", "properties": { "FEEDER_NAME": "RSDC", "SUBSTATION_NAME": "CARRBORO", "wmType": "SECONDARY UNDERGROUND", "WKT": "LINESTRING (-79.07396354205035 35.8971885707066, -79.07402946125588 35.89709962487588, -79.07401238474658 35.89704909893621, -79.07402949062411 35.89704102185764)" }, "geometry": { "type": "LineString", "coordinates": [ [ -79.07396354205035, 35.897188570706597 ], [ -79.074029461255876, 35.897099624875878 ], [ -79.074012384746581, 35.897049098936208 ], [ -79.074029490624113, 35.897041021857639 ] ] } },
{ "type": "Feature", "properties": { "FEEDER_NAME": "RSDC", "SUBSTATION_NAME": "CARRBORO", "wmType": "SECONDARY UNDERGROUND", "WKT": "LINESTRING (-79.07402949062411 35.89704102185764, -79.0740642111038 35.897032430254065)" }, "geometry": { "type": "LineString", "coordinates": [ [ -79.074029490624113, 35.897041021857639 ], [ -79.074064211103803, 35.897032430254065 ] ] } },
{ "type": "Feature", "properties": { "FEEDER_NAME": "RSDC", "SUBSTATION_NAME": "CARRBORO", "wmType": "SECONDARY UNDERGROUND", "WKT": "LINESTRING (-79.0740642111038 35.897032430254065, -79.07411123221632 35.897018280918815)" }, "geometry": { "type": "LineString", "coordinates": [ [ -79.074064211103803, 35.897032430254065 ], [ -79.074111232216325, 35.897018280918815 ] ] } },
{ "type": "Feature", "properties": { "FEEDER_NAME": "RSDC", "SUBSTATION_NAME": "CARRBORO", "wmType": "SECONDARY UNDERGROUND", "WKT": "LINESTRING (-79.07411123221632 35.897018280918815, -79.07413817596995 35.89706469719757)" }, "geometry": { "type": "LineString", "coordinates": [ [ -79.074111232216325, 35.897018280918815 ], [ -79.074138175969949, 35.897064697197571 ] ] } },
{ "type": "Feature", "properties": { "FEEDER_NAME": "RSDC", "SUBSTATION_NAME": "CARRBORO", "wmType": "SECONDARY UNDERGROUND", "WKT": "LINESTRING (-79.07413817596995 35.89706469719757, -79.07409427470165 35.89707939714966)" }, "geometry": { "type": "LineString", "coordinates": [ [ -79.074138175969949, 35.897064697197571 ], [ -79.07409427470165, 35.89707939714966 ] ] } },
{ "type": "Feature", "properties": { "FEEDER_NAME": "RSDC", "SUBSTATION_NAME": "CARRBORO", "wmType": "SECONDARY UNDERGROUND", "WKT": "LINESTRING (-79.07409427470165 35.89707939714966, -79.07405292183496 35.89709238215394)" }, "geometry": { "type": "LineString", "coordinates": [ [ -79.07409427470165, 35.89707939714966 ], [ -79.074052921834962, 35.897092382153943 ] ] } },
{ "type": "Feature", "properties": { "FEEDER_NAME": "RSDC", "SUBSTATION_NAME": "CARRBORO", "wmType": "SECONDARY UNDERGROUND", "WKT": "LINESTRING (-79.07396354205035 35.8971885707066, -79.0740044248615 35.89710860717085, -79.0739471800788 35.89695295456227, -79.07398538137926 35.89693751634316)" }, "geometry": { "type": "LineString", "coordinates": [ [ -79.07396354205035, 35.897188570706597 ], [ -79.074004424861499, 35.89710860717085 ], [ -79.073947180078804, 35.896952954562273 ], [ -79.073985381379259, 35.896937516343158 ] ] } },
{ "type": "Feature", "properties": { "FEEDER_NAME": "RSDC", "SUBSTATION_NAME": "CARRBORO", "wmType": "SECONDARY UNDERGROUND", "WKT": "LINESTRING (-79.07396354205035 35.8971885707066, -79.07401343841566 35.89710615645655, -79.07397828330252 35.897004287691566, -79.07400789651317 35.8969949988848)" }, "geometry": { "type": "LineString", "coordinates": [ [ -79.07396354205035, 35.897188570706597 ], [ -79.074013438415662, 35.897106156456552 ], [ -79.073978283302523, 35.897004287691566 ], [ -79.074007896513166, 35.8969949988848 ] ] } },
{ "type": "Feature", "properties": { "FEEDER_NAME": "RSDC", "SUBSTATION_NAME": "CARRBORO", "wmType": "SECONDARY UNDERGROUND", "WKT": "LINESTRING (-79.07400789651317 35.8969949988848, -79.07404368731645 35.89698791813005)" }, "geometry": { "type": "LineString", "coordinates": [ [ -79.074007896513166, 35.8969949988848 ], [ -79.074043687316447, 35.896987918130051 ] ] } },
{ "type": "Feature", "properties": { "FEEDER_NAME": "RSDC", "SUBSTATION_NAME": "CARRBORO", "wmType": "SECONDARY UNDERGROUND", "WKT": "LINESTRING (-79.07404368731645 35.89698791813005, -79.07409256170654 35.896976264298324)" }, "geometry": { "type": "LineString", "coordinates": [ [ -79.074043687316447, 35.896987918130051 ], [ -79.074092561706536, 35.896976264298324 ] ] } },
{ "type": "Feature", "properties": { "FEEDER_NAME": "RSDC", "SUBSTATION_NAME": "CARRBORO", "wmType": "SECONDARY UNDERGROUND", "WKT": "LINESTRING (-79.07409256170654 35.896976264298324, -79.07407930330574 35.89694242014718)" }, "geometry": { "type": "LineString", "coordinates": [ [ -79.074092561706536, 35.896976264298324 ], [ -79.074079303305737, 35.896942420147177 ] ] } },
{ "type": "Feature", "properties": { "FEEDER_NAME": "RSDC", "SUBSTATION_NAME": "CARRBORO", "wmType": "SECONDARY UNDERGROUND", "WKT": "LINESTRING (-79.07407930330574 35.89694242014718, -79.0740355371092 35.89695577344363)" }, "geometry": { "type": "LineString", "coordinates": [ [ -79.074079303305737, 35.896942420147177 ], [ -79.074035537109197, 35.896955773443629 ] ] } },
{ "type": "Feature", "properties": { "FEEDER_NAME": "RSDC", "SUBSTATION_NAME": "CARRBORO", "wmType": "SECONDARY UNDERGROUND", "WKT": "LINESTRING (-79.0740355371092 35.89695577344363, -79.07399758657819 35.89696562702607)" }, "geometry": { "type": "LineString", "coordinates": [ [ -79.074035537109197, 35.896955773443629 ], [ -79.073997586578187, 35.89696562702607 ] ] } },
{ "type": "Feature", "properties": { "FEEDER_NAME": "RSDC", "SUBSTATION_NAME": "CARRBORO", "wmType": "SECONDARY UNDERGROUND", "WKT": "LINESTRING (-79.07396354205035 35.8971885707066, -79.0739890135633 35.89732443003191, -79.07425528544827 35.8973291398292)" }, "geometry": { "type": "LineString", "coordinates": [ [ -79.07396354205035, 35.897188570706597 ], [ -79.073989013563306, 35.897324430031908 ], [ -79.074255285448274, 35.897329139829203 ] ] } },
{ "type": "Feature", "properties": { "FEEDER_NAME": "RSDC", "SUBSTATION_NAME": "CARRBORO", "wmType": "SECONDARY UNDERGROUND", "WKT": "LINESTRING (-79.08257647724794 35.89981672618207, -79.08265246711959 35.89973168333052, -79.08270694784669 35.89968494431439, -79.08270404765668 35.899654589375906, -79.08258917988539 35.89958695022339, -79.08263793796583 35.89955656030336)" }, "geometry": { "type": "LineString", "coordinates": [ [ -79.08257647724794, 35.899816726182067 ], [ -79.082652467119587, 35.899731683330522 ], [ -79.082706947846688, 35.899684944314387 ], [ -79.082704047656676, 35.899654589375906 ], [ -79.082589179885389, 35.899586950223387 ], [ -79.082637937965828, 35.89955656030336 ] ] } },
{ "type": "Feature", "properties": { "FEEDER_NAME": "RSDC", "SUBSTATION_NAME": "CARRBORO", "wmType": "SECONDARY UNDERGROUND", "WKT": "LINESTRING (-79.08257647724794 35.89981672618207, -79.08254173357888 35.89972595207776)" }, "geometry": { "type": "LineString", "coordinates": [ [ -79.08257647724794, 35.899816726182067 ], [ -79.082541733578879, 35.899725952077759 ] ] } },
{ "type": "Feature", "properties": { "FEEDER_NAME": "RSDC", "SUBSTATION_NAME": "CARRBORO", "wmType": "SECONDARY UNDERGROUND", "WKT": "LINESTRING (-79.08378655642309 35.900949180278836, -79.08376511374826 35.900816281191545)" }, "geometry": { "type": "LineString", "coordinates": [ [ -79.083786556423092, 35.900949180278836 ], [ -79.083765113748257, 35.900816281191545 ] ] } },
{ "type": "Feature", "properties": { "FEEDER_NAME": "RSDC", "SUBSTATION_NAME": "CARRBORO", "wmType": "SECONDARY UNDERGROUND", "WKT": "LINESTRING (-79.08378655642309 35.900949180278836, -79.08366355079819 35.900879819050814)" }, "geometry": { "type": "LineString", "coordinates": [ [ -79.083786556423092, 35.900949180278836 ], [ -79.083663550798192, 35.900879819050814 ] ] } },
{ "type": "Feature", "properties": { "FEEDER_NAME": "RSDC", "SUBSTATION_NAME": "CARRBORO", "wmType": "SECONDARY UNDERGROUND", "WKT": "LINESTRING (-79.0839261432189 35.90029542463788, -79.08391018696699 35.90014730231126)" }, "geometry": { "type": "LineString", "coordinates": [ [ -79.083926143218903, 35.900295424637882 ], [ -79.083910186966989, 35.900147302311261 ] ] } },
{ "type": "Feature", "properties": { "FEEDER_NAME": "RSDC", "SUBSTATION_NAME": "CARRBORO", "wmType": "SECONDARY UNDERGROUND", "WKT": "LINESTRING (-79.0839261432189 35.90029542463788, -79.0838052225454 35.900140998612265)" }, "geometry": { "type": "LineString", "coordinates": [ [ -79.083926143218903, 35.900295424637882 ], [ -79.083805222545394, 35.900140998612265 ] ] } },
{ "type": "Feature", "properties": { "FEEDER_NAME": "RSDC", "SUBSTATION_NAME": "CARRBORO", "wmType": "SECONDARY UNDERGROUND", "WKT": "LINESTRING (-79.0839261432189 35.90029542463788, -79.08391374351116 35.90056158620306)" }, "geometry": { "type": "LineString", "coordinates": [ [ -79.083926143218903, 35.900295424637882 ], [ -79.083913743511161, 35.900561586203061 ] ] } },
{ "type": "Feature", "properties": { "FEEDER_NAME": "RSDC", "SUBSTATION_NAME": "CARRBORO", "wmType": "SECONDARY UNDERGROUND", "WKT": "LINESTRING (-79.0839261432189 35.90029542463788, -79.08381032559961 35.900314585805134)" }, "geometry": { "type": "LineString", "coordinates": [ [ -79.083926143218903, 35.900295424637882 ], [ -79.083810325599615, 35.900314585805134 ] ] } },
{ "type": "Feature", "properties": { "FEEDER_NAME": "RSDC", "SUBSTATION_NAME": "CARRBORO", "wmType": "SECONDARY UNDERGROUND", "WKT": "LINESTRING (-79.0839261432189 35.90029542463788, -79.08387257764572 35.900088118651354)" }, "geometry": { "type": "LineString", "coordinates": [ [ -79.083926143218903, 35.900295424637882 ], [ -79.083872577645721, 35.900088118651354 ] ] } },
{ "type": "Feature", "properties": { "FEEDER_NAME": "RSDC", "SUBSTATION_NAME": "CARRBORO", "wmType": "SECONDARY UNDERGROUND", "WKT": "LINESTRING (-79.08442054026614 35.90015611744484, -79.08426125135028 35.90015569668569)" }, "geometry": { "type": "LineString", "coordinates": [ [ -79.084420540266137, 35.900156117444837 ], [ -79.084261251350284, 35.900155696685687 ] ] } },
{ "type": "Feature", "properties": { "FEEDER_NAME": "RSDC", "SUBSTATION_NAME": "CARRBORO", "wmType": "SECONDARY UNDERGROUND", "WKT": "LINESTRING (-79.08442054026614 35.90015611744484, -79.08447738449881 35.89999100563801)" }, "geometry": { "type": "LineString", "coordinates": [ [ -79.084420540266137, 35.900156117444837 ], [ -79.084477384498811, 35.899991005638007 ] ] } },
{ "type": "Feature", "properties": { "FEEDER_NAME": "RSDC", "SUBSTATION_NAME": "CARRBORO", "wmType": "SECONDARY UNDERGROUND", "WKT": "LINESTRING (-79.08442054026614 35.90015611744484, -79.08432527661192 35.900024684523636)" }, "geometry": { "type": "LineString", "coordinates": [ [ -79.084420540266137, 35.900156117444837 ], [ -79.084325276611921, 35.900024684523636 ] ] } },
{ "type": "Feature", "properties": { "FEEDER_NAME": "RSDC", "SUBSTATION_NAME": "CARRBORO", "wmType": "SECONDARY UNDERGROUND", "WKT": "LINESTRING (-79.08321480832943 35.9027091070581, -79.0830184195974 35.902741081258675, -79.0830044385477 35.90272114938632)" }, "geometry": { "type": "LineString", "coordinates": [ [ -79.08321480832943, 35.902709107058101 ], [ -79.083018419597394, 35.902741081258675 ], [ -79.083004438547704, 35.902721149386323 ] ] } },
{ "type": "Feature", "properties": { "FEEDER_NAME": "RSDC", "SUBSTATION_NAME": "CARRBORO", "wmType": "SECONDARY UNDERGROUND", "WKT": "LINESTRING (-79.0830044385477 35.90272114938632, -79.0830540600822 35.902705691578284)" }, "geometry": { "type": "LineString", "coordinates": [ [ -79.083004438547704, 35.902721149386323 ], [ -79.083054060082205, 35.902705691578284 ] ] } },
{ "type": "Feature", "properties": { "FEEDER_NAME": "RSDC", "SUBSTATION_NAME": "CARRBORO", "wmType": "SECONDARY UNDERGROUND", "WKT": "LINESTRING (-79.0830540600822 35.902705691578284, -79.08311455397113 35.90268952332597)" }, "geometry": { "type": "LineString", "coordinates": [ [ -79.083054060082205, 35.902705691578284 ], [ -79.083114553971129, 35.902689523325968 ] ] } },
{ "type": "Feature", "properties": { "FEEDER_NAME": "RSDC", "SUBSTATION_NAME": "CARRBORO", "wmType": "SECONDARY UNDERGROUND", "WKT": "LINESTRING (-79.08321480832943 35.9027091070581, -79.08319250878102 35.90269245081649, -79.08317135354233 35.902642386000004, -79.08314353268425 35.9026364500354)" }, "geometry": { "type": "LineString", "coordinates": [ [ -79.08321480832943, 35.902709107058101 ], [ -79.083192508781025, 35.902692450816488 ], [ -79.083171353542326, 35.902642386 ], [ -79.083143532684247, 35.902636450035402 ] ] } },
{ "type": "Feature", "properties": { "FEEDER_NAME": "RSDC", "SUBSTATION_NAME": "CARRBORO", "wmType": "SECONDARY UNDERGROUND", "WKT": "LINESTRING (-79.08314353268425 35.9026364500354, -79.08309290895733 35.90264682610095)" }, "geometry": { "type": "LineString", "coordinates": [ [ -79.083143532684247, 35.902636450035402 ], [ -79.083092908957326, 35.902646826100948 ] ] } },
{ "type": "Feature", "properties": { "FEEDER_NAME": "RSDC", "SUBSTATION_NAME": "CARRBORO", "wmType": "SECONDARY UNDERGROUND", "WKT": "LINESTRING (-79.08309290895733 35.90264682610095, -79.08307709074079 35.90260494058566)" }, "geometry": { "type": "LineString", "coordinates": [ [ -79.083092908957326, 35.902646826100948 ], [ -79.083077090740787, 35.902604940585661 ] ] } },
{ "type": "Feature", "properties": { "FEEDER_NAME": "RSDC", "SUBSTATION_NAME": "CARRBORO", "wmType": "SECONDARY UNDERGROUND", "WKT": "LINESTRING (-79.08307709074079 35.90260494058566, -79.08302333795302 35.902619010500445)" }, "geometry": { "type": "LineString", "coordinates": [ [ -79.083077090740787, 35.902604940585661 ], [ -79.083023337953023, 35.902619010500445 ] ] } },
{ "type": "Feature", "properties": { "FEEDER_NAME": "RSDC", "SUBSTATION_NAME": "CARRBORO", "wmType": "SECONDARY UNDERGROUND", "WKT": "LINESTRING (-79.08302333795302 35.902619010500445, -79.08296965361689 35.90263179418187)" }, "geometry": { "type": "LineString", "coordinates": [ [ -79.083023337953023, 35.902619010500445 ], [ -79.082969653616885, 35.902631794181872 ] ] } },
{ "type": "Feature", "properties": { "FEEDER_NAME": "RSDC", "SUBSTATION_NAME": "CARRBORO", "wmType": "SECONDARY UNDERGROUND", "WKT": "LINESTRING (-79.08296965361689 35.90263179418187, -79.08292191474843 35.90264555892611)" }, "geometry": { "type": "LineString", "coordinates": [ [ -79.082969653616885, 35.902631794181872 ], [ -79.082921914748425, 35.90264555892611 ] ] } },
{ "type": "Feature", "properties": { "FEEDER_NAME": "RSDC", "SUBSTATION_NAME": "CARRBORO", "wmType": "SECONDARY UNDERGROUND", "WKT": "LINESTRING (-79.08309290895733 35.90264682610095, -79.08304193448599 35.90266194234985)" }, "geometry": { "type": "LineString", "coordinates": [ [ -79.083092908957326, 35.902646826100948 ], [ -79.083041934485991, 35.902661942349852 ] ] } },
{ "type": "Feature", "properties": { "FEEDER_NAME": "RSDC", "SUBSTATION_NAME": "CARRBORO", "wmType": "SECONDARY UNDERGROUND", "WKT": "LINESTRING (-79.08304193448599 35.90266194234985, -79.08298746981673 35.90267755847196)" }, "geometry": { "type": "LineString", "coordinates": [ [ -79.083041934485991, 35.902661942349852 ], [ -79.082987469816729, 35.902677558471957 ] ] } },
{ "type": "Feature", "properties": { "FEEDER_NAME": "RSDC", "SUBSTATION_NAME": "CARRBORO", "wmType": "SECONDARY UNDERGROUND", "WKT": "LINESTRING (-79.08307415016782 35.902408473294265, -79.08295127783684 35.90240358799339, -79.08286330399035 35.90236358473635, -79.08287000193684 35.90231625983917)" }, "geometry": { "type": "LineString", "coordinates": [ [ -79.083074150167818, 35.902408473294265 ], [ -79.082951277836841, 35.90240358799339 ], [ -79.082863303990351, 35.902363584736349 ], [ -79.08287000193684, 35.902316259839168 ] ] } },
{ "type": "Feature", "properties": { "FEEDER_NAME": "RSDC", "SUBSTATION_NAME": "CARRBORO", "wmType": "SECONDARY UNDERGROUND", "WKT": "LINESTRING (-79.08287000193684 35.90231625983917, -79.08290071849905 35.90227799026539)" }, "geometry": { "type": "LineString", "coordinates": [ [ -79.08287000193684, 35.902316259839168 ], [ -79.082900718499047, 35.902277990265389 ] ] } },
{ "type": "Feature", "properties": { "FEEDER_NAME": "RSDC", "SUBSTATION_NAME": "CARRBORO", "wmType": "SECONDARY UNDERGROUND", "WKT": "LINESTRING (-79.08290071849905 35.90227799026539, -79.08292848903324 35.90223397325683)" }, "geometry": { "type": "LineString", "coordinates": [ [ -79.082900718499047, 35.902277990265389 ], [ -79.082928489033236, 35.902233973256827 ] ] } },
{ "type": "Feature", "properties": { "FEEDER_NAME": "RSDC", "SUBSTATION_NAME": "CARRBORO", "wmType": "SECONDARY UNDERGROUND", "WKT": "LINESTRING (-79.08287000193684 35.90231625983917, -79.08281222026976 35.90228714453646)" }, "geometry": { "type": "LineString", "coordinates": [ [ -79.08287000193684, 35.902316259839168 ], [ -79.082812220269759, 35.902287144536459 ] ] } },
{ "type": "Feature", "properties": { "FEEDER_NAME": "RSDC", "SUBSTATION_NAME": "CARRBORO", "wmType": "SECONDARY UNDERGROUND", "WKT": "LINESTRING (-79.08281222026976 35.90228714453646, -79.0828389719748 35.902247734813166)" }, "geometry": { "type": "LineString", "coordinates": [ [ -79.082812220269759, 35.902287144536459 ], [ -79.082838971974795, 35.902247734813166 ] ] } },
{ "type": "Feature", "properties": { "FEEDER_NAME": "RSDC", "SUBSTATION_NAME": "CARRBORO", "wmType": "SECONDARY UNDERGROUND", "WKT": "LINESTRING (-79.0828389719748 35.902247734813166, -79.08286828765536 35.902204548673936)" }, "geometry": { "type": "LineString", "coordinates": [ [ -79.082838971974795, 35.902247734813166 ], [ -79.082868287655359, 35.902204548673936 ] ] } },
{ "type": "Feature", "properties": { "FEEDER_NAME": "RSDC", "SUBSTATION_NAME": "CARRBORO", "wmType": "SECONDARY UNDERGROUND", "WKT": "LINESTRING (-79.08286828765536 35.902204548673936, -79.08289826919449 35.90216038415784)" }, "geometry": { "type": "LineString", "coordinates": [ [ -79.082868287655359, 35.902204548673936 ], [ -79.082898269194487, 35.902160384157838 ] ] } },
{ "type": "Feature", "properties": { "FEEDER_NAME": "RSDC", "SUBSTATION_NAME": "CARRBORO", "wmType": "SECONDARY UNDERGROUND", "WKT": "LINESTRING (-79.08307415016782 35.902408473294265, -79.08307611923702 35.902382041166476, -79.08309222988827 35.90230657559261, -79.08303118555911 35.902289196713575)" }, "geometry": { "type": "LineString", "coordinates": [ [ -79.083074150167818, 35.902408473294265 ], [ -79.08307611923702, 35.902382041166476 ], [ -79.083092229888265, 35.902306575592611 ], [ -79.083031185559108, 35.902289196713575 ] ] } },
{ "type": "Feature", "properties": { "FEEDER_NAME": "RSDC", "SUBSTATION_NAME": "CARRBORO", "wmType": "SECONDARY UNDERGROUND", "WKT": "LINESTRING (-79.08303118555911 35.902289196713575, -79.08300278934055 35.902328004623705)" }, "geometry": { "type": "LineString", "coordinates": [ [ -79.083031185559108, 35.902289196713575 ], [ -79.083002789340554, 35.902328004623705 ] ] } },
{ "type": "Feature", "properties": { "FEEDER_NAME": "RSDC", "SUBSTATION_NAME": "CARRBORO", "wmType": "SECONDARY UNDERGROUND", "WKT": "LINESTRING (-79.08300278934055 35.902328004623705, -79.08297470505809 35.902366387799624)" }, "geometry": { "type": "LineString", "coordinates": [ [ -79.083002789340554, 35.902328004623705 ], [ -79.082974705058092, 35.902366387799624 ] ] } },
{ "type": "Feature", "properties": { "FEEDER_NAME": "RSDC", "SUBSTATION_NAME": "CARRBORO", "wmType": "SECONDARY UNDERGROUND", "WKT": "LINESTRING (-79.08303118555911 35.902289196713575, -79.08298531035844 35.90226535774453)" }, "geometry": { "type": "LineString", "coordinates": [ [ -79.083031185559108, 35.902289196713575 ], [ -79.082985310358438, 35.902265357744533 ] ] } },
{ "type": "Feature", "properties": { "FEEDER_NAME": "RSDC", "SUBSTATION_NAME": "CARRBORO", "wmType": "SECONDARY UNDERGROUND", "WKT": "LINESTRING (-79.08298531035844 35.90226535774453, -79.08295840848177 35.90230625836136)" }, "geometry": { "type": "LineString", "coordinates": [ [ -79.082985310358438, 35.902265357744533 ], [ -79.082958408481772, 35.902306258361357 ] ] } },
{ "type": "Feature", "properties": { "FEEDER_NAME": "RSDC", "SUBSTATION_NAME": "CARRBORO", "wmType": "SECONDARY UNDERGROUND", "WKT": "LINESTRING (-79.08295840848177 35.90230625836136, -79.08292931346928 35.902344249245026)" }, "geometry": { "type": "LineString", "coordinates": [ [ -79.082958408481772, 35.902306258361357 ], [ -79.082929313469279, 35.902344249245026 ] ] } },
{ "type": "Feature", "properties": { "FEEDER_NAME": "RSDC", "SUBSTATION_NAME": "CARRBORO", "wmType": "SECONDARY UNDERGROUND", "WKT": "LINESTRING (-79.08338051422609 35.90233822385876, -79.08347007207932 35.90240037254145, -79.08351592852138 35.90237586080032)" }, "geometry": { "type": "LineString", "coordinates": [ [ -79.083380514226093, 35.902338223858763 ], [ -79.083470072079322, 35.90240037254145 ], [ -79.083515928521379, 35.902375860800319 ] ] } },
{ "type": "Feature", "properties": { "FEEDER_NAME": "RSDC", "SUBSTATION_NAME": "CARRBORO", "wmType": "SECONDARY UNDERGROUND", "WKT": "LINESTRING (-79.08351592852138 35.90237586080032, -79.08351051231766 35.90233712909543)" }, "geometry": { "type": "LineString", "coordinates": [ [ -79.083515928521379, 35.902375860800319 ], [ -79.083510512317659, 35.902337129095429 ] ] } },
{ "type": "Feature", "properties": { "FEEDER_NAME": "RSDC", "SUBSTATION_NAME": "CARRBORO", "wmType": "SECONDARY UNDERGROUND", "WKT": "LINESTRING (-79.08351592852138 35.90237586080032, -79.08357390587857 35.90237110366849)" }, "geometry": { "type": "LineString", "coordinates": [ [ -79.083515928521379, 35.902375860800319 ], [ -79.083573905878566, 35.902371103668493 ] ] } },
{ "type": "Feature", "properties": { "FEEDER_NAME": "RSDC", "SUBSTATION_NAME": "CARRBORO", "wmType": "SECONDARY UNDERGROUND", "WKT": "LINESTRING (-79.08357390587857 35.90237110366849, -79.08356873984381 35.9023311406113)" }, "geometry": { "type": "LineString", "coordinates": [ [ -79.083573905878566, 35.902371103668493 ], [ -79.083568739843813, 35.902331140611302 ] ] } },
{ "type": "Feature", "properties": { "FEEDER_NAME": "RSDC", "SUBSTATION_NAME": "CARRBORO", "wmType": "SECONDARY UNDERGROUND", "WKT": "LINESTRING (-79.08357390587857 35.90237110366849, -79.08363728108185 35.902365903873324)" }, "geometry": { "type": "LineString", "coordinates": [ [ -79.083573905878566, 35.902371103668493 ], [ -79.083637281081849, 35.902365903873324 ] ] } },
{ "type": "Feature", "properties": { "FEEDER_NAME": "RSDC", "SUBSTATION_NAME": "CARRBORO", "wmType": "SECONDARY UNDERGROUND", "WKT": "LINESTRING (-79.08363728108185 35.902365903873324, -79.08380543068289 35.90238395971781)" }, "geometry": { "type": "LineString", "coordinates": [ [ -79.083637281081849, 35.902365903873324 ], [ -79.083805430682887, 35.90238395971781 ] ] } },
{ "type": "Feature", "properties": { "FEEDER_NAME": "RSDC", "SUBSTATION_NAME": "CARRBORO", "wmType": "SECONDARY UNDERGROUND", "WKT": "LINESTRING (-79.08338051422609 35.90233822385876, -79.08337810601904 35.90246392158534)" }, "geometry": { "type": "LineString", "coordinates": [ [ -79.083380514226093, 35.902338223858763 ], [ -79.08337810601904, 35.902463921585337 ] ] } },
{ "type": "Feature", "properties": { "FEEDER_NAME": "RSDC", "SUBSTATION_NAME": "CARRBORO", "wmType": "SECONDARY UNDERGROUND", "WKT": "LINESTRING (-79.08338051422609 35.90233822385876, -79.08345755225737 35.90219720427999, -79.0834926566061 35.90220942089584)" }, "geometry": { "type": "LineString", "coordinates": [ [ -79.083380514226093, 35.902338223858763 ], [ -79.083457552257372, 35.902197204279993 ], [ -79.083492656606097, 35.902209420895844 ] ] } },
{ "type": "Feature", "properties": { "FEEDER_NAME": "RSDC", "SUBSTATION_NAME": "CARRBORO", "wmType": "SECONDARY UNDERGROUND", "WKT": "LINESTRING (-79.0834926566061 35.90220942089584, -79.08355235172186 35.90220435615453)" }, "geometry": { "type": "LineString", "coordinates": [ [ -79.083492656606097, 35.902209420895844 ], [ -79.083552351721863, 35.902204356154527 ] ] } },
{ "type": "Feature", "properties": { "FEEDER_NAME": "RSDC", "SUBSTATION_NAME": "CARRBORO", "wmType": "SECONDARY UNDERGROUND", "WKT": "LINESTRING (-79.08355235172186 35.90220435615453, -79.08355757023304 35.902244731075044)" }, "geometry": { "type": "LineString", "coordinates": [ [ -79.083552351721863, 35.902204356154527 ], [ -79.08355757023304, 35.902244731075044 ] ] } },
{ "type": "Feature", "properties": { "FEEDER_NAME": "RSDC", "SUBSTATION_NAME": "CARRBORO", "wmType": "SECONDARY UNDERGROUND", "WKT": "LINESTRING (-79.08355757023304 35.902244731075044, -79.08356334598993 35.90228940574235)" }, "geometry": { "type": "LineString", "coordinates": [ [ -79.08355757023304, 35.902244731075044 ], [ -79.08356334598993, 35.902289405742351 ] ] } },
{ "type": "Feature", "properties": { "FEEDER_NAME": "RSDC", "SUBSTATION_NAME": "CARRBORO", "wmType": "SECONDARY UNDERGROUND", "WKT": "LINESTRING (-79.0834926566061 35.90220942089584, -79.08349774624486 35.90224839708061)" }, "geometry": { "type": "LineString", "coordinates": [ [ -79.083492656606097, 35.902209420895844 ], [ -79.083497746244859, 35.902248397080612 ] ] } },
{ "type": "Feature", "properties": { "FEEDER_NAME": "RSDC", "SUBSTATION_NAME": "CARRBORO", "wmType": "SECONDARY UNDERGROUND", "WKT": "LINESTRING (-79.08349774624486 35.90224839708061, -79.08350543101731 35.90229444313272)" }, "geometry": { "type": "LineString", "coordinates": [ [ -79.083497746244859, 35.902248397080612 ], [ -79.083505431017315, 35.902294443132718 ] ] } },
{ "type": "Feature", "properties": { "FEEDER_NAME": "RSDC", "SUBSTATION_NAME": "CARRBORO", "wmType": "SECONDARY UNDERGROUND", "WKT": "LINESTRING (-79.08338051422609 35.90233822385876, -79.0834212289871 35.9022060952638)" }, "geometry": { "type": "LineString", "coordinates": [ [ -79.083380514226093, 35.902338223858763 ], [ -79.083421228987106, 35.9022060952638 ] ] } },
{ "type": "Feature", "properties": { "FEEDER_NAME": "RSDC", "SUBSTATION_NAME": "CARRBORO", "wmType": "SECONDARY UNDERGROUND", "WKT": "LINESTRING (-79.08326844502075 35.902016137687525, -79.08319874446872 35.90191693885316, -79.08319939686619 35.90188996322776)" }, "geometry": { "type": "LineString", "coordinates": [ [ -79.083268445020749, 35.902016137687525 ], [ -79.083198744468717, 35.901916938853162 ], [ -79.083199396866192, 35.901889963227759 ] ] } },
{ "type": "Feature", "properties": { "FEEDER_NAME": "RSDC", "SUBSTATION_NAME": "CARRBORO", "wmType": "SECONDARY UNDERGROUND", "WKT": "LINESTRING (-79.08319939686619 35.90188996322776, -79.08322547035952 35.90185922984582)" }, "geometry": { "type": "LineString", "coordinates": [ [ -79.083199396866192, 35.901889963227759 ], [ -79.083225470359523, 35.901859229845819 ] ] } },
{ "type": "Feature", "properties": { "FEEDER_NAME": "RSDC", "SUBSTATION_NAME": "CARRBORO", "wmType": "SECONDARY UNDERGROUND", "WKT": "LINESTRING (-79.08322547035952 35.90185922984582, -79.08326032414472 35.90182199475574)" }, "geometry": { "type": "LineString", "coordinates": [ [ -79.083225470359523, 35.901859229845819 ], [ -79.083260324144717, 35.901821994755743 ] ] } },
{ "type": "Feature", "properties": { "FEEDER_NAME": "RSDC", "SUBSTATION_NAME": "CARRBORO", "wmType": "SECONDARY UNDERGROUND", "WKT": "LINESTRING (-79.08326032414472 35.90182199475574, -79.0832824357589 35.9017930531564)" }, "geometry": { "type": "LineString", "coordinates": [ [ -79.083260324144717, 35.901821994755743 ], [ -79.083282435758903, 35.901793053156403 ] ] } },
{ "type": "Feature", "properties": { "FEEDER_NAME": "RSDC", "SUBSTATION_NAME": "CARRBORO", "wmType": "SECONDARY UNDERGROUND", "WKT": "LINESTRING (-79.0832824357589 35.9017930531564, -79.08331183389858 35.901759316137124)" }, "geometry": { "type": "LineString", "coordinates": [ [ -79.083282435758903, 35.901793053156403 ], [ -79.083311833898577, 35.901759316137124 ] ] } },
{ "type": "Feature", "properties": { "FEEDER_NAME": "RSDC", "SUBSTATION_NAME": "CARRBORO", "wmType": "SECONDARY UNDERGROUND", "WKT": "LINESTRING (-79.08331183389858 35.901759316137124, -79.08333788499324 35.901732724245235)" }, "geometry": { "type": "LineString", "coordinates": [ [ -79.083311833898577, 35.901759316137124 ], [ -79.083337884993242, 35.901732724245235 ] ] } },
{ "type": "Feature", "properties": { "FEEDER_NAME": "RSDC", "SUBSTATION_NAME": "CARRBORO", "wmType": "SECONDARY UNDERGROUND", "WKT": "LINESTRING (-79.08326844502075 35.902016137687525, -79.0832287721654 35.90206727329749, -79.083219164068 35.9020735493337, -79.08320942048103 35.902074121998915, -79.08300872281363 35.902017672026425)" }, "geometry": { "type": "LineString", "coordinates": [ [ -79.083268445020749, 35.902016137687525 ], [ -79.083228772165398, 35.90206727329749 ], [ -79.083219164067998, 35.9020735493337 ], [ -79.083209420481026, 35.902074121998915 ], [ -79.083008722813631, 35.902017672026425 ] ] } },
{ "type": "Feature", "properties": { "FEEDER_NAME": "RSDC", "SUBSTATION_NAME": "CARRBORO", "wmType": "SECONDARY UNDERGROUND", "WKT": "LINESTRING (-79.08300872281363 35.902017672026425, -79.08297529168175 35.90206073031188)" }, "geometry": { "type": "LineString", "coordinates": [ [ -79.083008722813631, 35.902017672026425 ], [ -79.082975291681748, 35.902060730311881 ] ] } },
{ "type": "Feature", "properties": { "FEEDER_NAME": "RSDC", "SUBSTATION_NAME": "CARRBORO", "wmType": "SECONDARY UNDERGROUND", "WKT": "LINESTRING (-79.08297529168175 35.90206073031188, -79.08293846761019 35.90210837403348)" }, "geometry": { "type": "LineString", "coordinates": [ [ -79.082975291681748, 35.902060730311881 ], [ -79.082938467610191, 35.902108374033482 ] ] } },
{ "type": "Feature", "properties": { "FEEDER_NAME": "RSDC", "SUBSTATION_NAME": "CARRBORO", "wmType": "SECONDARY UNDERGROUND", "WKT": "LINESTRING (-79.08300872281363 35.902017672026425, -79.08306281022895 35.90204499255018)" }, "geometry": { "type": "LineString", "coordinates": [ [ -79.083008722813631, 35.902017672026425 ], [ -79.083062810228952, 35.902044992550181 ] ] } },
{ "type": "Feature", "properties": { "FEEDER_NAME": "RSDC", "SUBSTATION_NAME": "CARRBORO", "wmType": "SECONDARY UNDERGROUND", "WKT": "LINESTRING (-79.08306281022895 35.90204499255018, -79.08303289613914 35.9020899826588)" }, "geometry": { "type": "LineString", "coordinates": [ [ -79.083062810228952, 35.902044992550181 ], [ -79.083032896139144, 35.902089982658801 ] ] } },
{ "type": "Feature", "properties": { "FEEDER_NAME": "RSDC", "SUBSTATION_NAME": "CARRBORO", "wmType": "SECONDARY UNDERGROUND", "WKT": "LINESTRING (-79.08303289613914 35.9020899826588, -79.0829946592403 35.90213615282212)" }, "geometry": { "type": "LineString", "coordinates": [ [ -79.083032896139144, 35.902089982658801 ], [ -79.082994659240299, 35.902136152822123 ] ] } },
{ "type": "Feature", "properties": { "FEEDER_NAME": "RSDC", "SUBSTATION_NAME": "CARRBORO", "wmType": "SECONDARY UNDERGROUND", "WKT": "LINESTRING (-79.08326844502075 35.902016137687525, -79.08329350897063 35.9019549814057)" }, "geometry": { "type": "LineString", "coordinates": [ [ -79.083268445020749, 35.902016137687525 ], [ -79.083293508970627, 35.901954981405702 ] ] } },
{ "type": "Feature", "properties": { "FEEDER_NAME": "RSDC", "SUBSTATION_NAME": "CARRBORO", "wmType": "SECONDARY UNDERGROUND", "WKT": "LINESTRING (-79.08329350897063 35.9019549814057, -79.08332405350862 35.9019210281908)" }, "geometry": { "type": "LineString", "coordinates": [ [ -79.083293508970627, 35.901954981405702 ], [ -79.083324053508619, 35.901921028190799 ] ] } },
{ "type": "Feature", "properties": { "FEEDER_NAME": "RSDC", "SUBSTATION_NAME": "CARRBORO", "wmType": "SECONDARY UNDERGROUND", "WKT": "LINESTRING (-79.08329350897063 35.9019549814057, -79.0832476180295 35.901928659445794)" }, "geometry": { "type": "LineString", "coordinates": [ [ -79.083293508970627, 35.901954981405702 ], [ -79.083247618029503, 35.901928659445794 ] ] } },
{ "type": "Feature", "properties": { "FEEDER_NAME": "RSDC", "SUBSTATION_NAME": "CARRBORO", "wmType": "SECONDARY UNDERGROUND", "WKT": "LINESTRING (-79.0832476180295 35.901928659445794, -79.08328086106984 35.90189031864628)" }, "geometry": { "type": "LineString", "coordinates": [ [ -79.083247618029503, 35.901928659445794 ], [ -79.083280861069838, 35.901890318646281 ] ] } },
{ "type": "Feature", "properties": { "FEEDER_NAME": "RSDC", "SUBSTATION_NAME": "CARRBORO", "wmType": "SECONDARY UNDERGROUND", "WKT": "LINESTRING (-79.08328086106984 35.90189031864628, -79.08330525350478 35.90186124389608)" }, "geometry": { "type": "LineString", "coordinates": [ [ -79.083280861069838, 35.901890318646281 ], [ -79.083305253504776, 35.901861243896079 ] ] } },
{ "type": "Feature", "properties": { "FEEDER_NAME": "RSDC", "SUBSTATION_NAME": "CARRBORO", "wmType": "SECONDARY UNDERGROUND", "WKT": "LINESTRING (-79.08330525350478 35.90186124389608, -79.08333247074695 35.9018321230474)" }, "geometry": { "type": "LineString", "coordinates": [ [ -79.083305253504776, 35.901861243896079 ], [ -79.083332470746953, 35.901832123047399 ] ] } },
{ "type": "Feature", "properties": { "FEEDER_NAME": "RSDC", "SUBSTATION_NAME": "CARRBORO", "wmType": "SECONDARY UNDERGROUND", "WKT": "LINESTRING (-79.08333247074695 35.9018321230474, -79.08336154067543 35.90179487745727)" }, "geometry": { "type": "LineString", "coordinates": [ [ -79.083332470746953, 35.901832123047399 ], [ -79.083361540675426, 35.90179487745727 ] ] } },
{ "type": "Feature", "properties": { "FEEDER_NAME": "RSDC", "SUBSTATION_NAME": "CARRBORO", "wmType": "SECONDARY UNDERGROUND", "WKT": "LINESTRING (-79.08326844502075 35.902016137687525, -79.0832330427936 35.90206841954908, -79.08317238939047 35.90210133333176)" }, "geometry": { "type": "LineString", "coordinates": [ [ -79.083268445020749, 35.902016137687525 ], [ -79.083233042793594, 35.902068419549082 ], [ -79.083172389390469, 35.902101333331757 ] ] } },
{ "type": "Feature", "properties": { "FEEDER_NAME": "RSDC", "SUBSTATION_NAME": "CARRBORO", "wmType": "SECONDARY UNDERGROUND", "WKT": "LINESTRING (-79.08317238939047 35.90210133333176, -79.0831221808018 35.90207558119045)" }, "geometry": { "type": "LineString", "coordinates": [ [ -79.083172389390469, 35.902101333331757 ], [ -79.083122180801794, 35.902075581190452 ] ] } },
{ "type": "Feature", "properties": { "FEEDER_NAME": "RSDC", "SUBSTATION_NAME": "CARRBORO", "wmType": "SECONDARY UNDERGROUND", "WKT": "LINESTRING (-79.0831221808018 35.90207558119045, -79.0830909550721 35.90211946540293)" }, "geometry": { "type": "LineString", "coordinates": [ [ -79.083122180801794, 35.902075581190452 ], [ -79.083090955072095, 35.902119465402933 ] ] } },
{ "type": "Feature", "properties": { "FEEDER_NAME": "RSDC", "SUBSTATION_NAME": "CARRBORO", "wmType": "SECONDARY UNDERGROUND", "WKT": "LINESTRING (-79.0830909550721 35.90211946540293, -79.08305513195796 35.902168745248204)" }, "geometry": { "type": "LineString", "coordinates": [ [ -79.083090955072095, 35.902119465402933 ], [ -79.083055131957963, 35.902168745248204 ] ] } },
{ "type": "Feature", "properties": { "FEEDER_NAME": "RSDC", "SUBSTATION_NAME": "CARRBORO", "wmType": "SECONDARY UNDERGROUND", "WKT": "LINESTRING (-79.08317238939047 35.90210133333176, -79.08313950306689 35.902144119095254)" }, "geometry": { "type": "LineString", "coordinates": [ [ -79.083172389390469, 35.902101333331757 ], [ -79.083139503066889, 35.902144119095254 ] ] } },
{ "type": "Feature", "properties": { "FEEDER_NAME": "RSDC", "SUBSTATION_NAME": "CARRBORO", "wmType": "SECONDARY UNDERGROUND", "WKT": "LINESTRING (-79.08313950306689 35.902144119095254, -79.08310168868111 35.902192837895804)" }, "geometry": { "type": "LineString", "coordinates": [ [ -79.083139503066889, 35.902144119095254 ], [ -79.083101688681111, 35.902192837895804 ] ] } },
{ "type": "Feature", "properties": { "FEEDER_NAME": "RSDC", "SUBSTATION_NAME": "CARRBORO", "wmType": "SECONDARY UNDERGROUND", "WKT": "LINESTRING (-79.08326844502075 35.902016137687525, -79.08326342536641 35.90204277650022, -79.08323053812975 35.90209320626364)" }, "geometry": { "type": "LineString", "coordinates": [ [ -79.083268445020749, 35.902016137687525 ], [ -79.083263425366411, 35.902042776500217 ], [ -79.083230538129754, 35.902093206263643 ] ] } },
{ "type": "Feature", "properties": { "FEEDER_NAME": "RSDC", "SUBSTATION_NAME": "CARRBORO", "wmType": "SECONDARY UNDERGROUND", "WKT": "LINESTRING (-79.08394875737709 35.901572352524475, -79.08390901484411 35.901530204154106)" }, "geometry": { "type": "LineString", "coordinates": [ [ -79.083948757377087, 35.901572352524475 ], [ -79.08390901484411, 35.901530204154106 ] ] } },
{ "type": "Feature", "properties": { "FEEDER_NAME": "RSDC", "SUBSTATION_NAME": "CARRBORO", "wmType": "SECONDARY UNDERGROUND", "WKT": "LINESTRING (-79.08390901484411 35.901530204154106, -79.08384768998889 35.9015676721385)" }, "geometry": { "type": "LineString", "coordinates": [ [ -79.08390901484411, 35.901530204154106 ], [ -79.083847689988886, 35.901567672138498 ] ] } },
{ "type": "Feature", "properties": { "FEEDER_NAME": "RSDC", "SUBSTATION_NAME": "CARRBORO", "wmType": "SECONDARY UNDERGROUND", "WKT": "LINESTRING (-79.08326844502075 35.902016137687525, -79.0833165618528 35.902019098076806, -79.08341464534489 35.90191648860383, -79.08348491011684 35.90183893726217, -79.0835436937528 35.90181080152185)" }, "geometry": { "type": "LineString", "coordinates": [ [ -79.083268445020749, 35.902016137687525 ], [ -79.083316561852797, 35.902019098076806 ], [ -79.083414645344888, 35.901916488603831 ], [ -79.083484910116837, 35.90183893726217 ], [ -79.083543693752802, 35.901810801521847 ] ] } },
{ "type": "Feature", "properties": { "FEEDER_NAME": "RSDC", "SUBSTATION_NAME": "CARRBORO", "wmType": "SECONDARY UNDERGROUND", "WKT": "LINESTRING (-79.08362724601011 35.90165275618658, -79.08388729966549 35.901521382682795, -79.08390148775555 35.901515599161584, -79.0839188381551 35.901516869787656, -79.08393857235372 35.901536104502036, -79.08394875737709 35.901572352524475)" }, "geometry": { "type": "LineString", "coordinates": [ [ -79.08362724601011, 35.901652756186579 ], [ -79.083887299665491, 35.901521382682795 ], [ -79.083901487755554, 35.901515599161584 ], [ -79.0839188381551, 35.901516869787656 ], [ -79.083938572353716, 35.901536104502036 ], [ -79.083948757377087, 35.901572352524475 ] ] } },
{ "type": "Feature", "properties": { "FEEDER_NAME": "RSDC", "SUBSTATION_NAME": "CARRBORO", "wmType": "SECONDARY UNDERGROUND", "WKT": "LINESTRING (-79.08384768998889 35.9015676721385, -79.0838845962394 35.90160417309302)" }, "geometry": { "type": "LineString", "coordinates": [ [ -79.083847689988886, 35.901567672138498 ], [ -79.0838845962394, 35.90160417309302 ] ] } },
{ "type": "Feature", "properties": { "FEEDER_NAME": "RSDC", "SUBSTATION_NAME": "CARRBORO", "wmType": "SECONDARY UNDERGROUND", "WKT": "LINESTRING (-79.0838845962394 35.90160417309302, -79.08391653352012 35.90164226465314)" }, "geometry": { "type": "LineString", "coordinates": [ [ -79.0838845962394, 35.90160417309302 ], [ -79.083916533520124, 35.901642264653141 ] ] } },
{ "type": "Feature", "properties": { "FEEDER_NAME": "RSDC", "SUBSTATION_NAME": "CARRBORO", "wmType": "SECONDARY UNDERGROUND", "WKT": "LINESTRING (-79.08391653352012 35.90164226465314, -79.08395310172673 35.90168280457)" }, "geometry": { "type": "LineString", "coordinates": [ [ -79.083916533520124, 35.901642264653141 ], [ -79.083953101726735, 35.901682804570001 ] ] } },
{ "type": "Feature", "properties": { "FEEDER_NAME": "RSDC", "SUBSTATION_NAME": "CARRBORO", "wmType": "SECONDARY UNDERGROUND", "WKT": "LINESTRING (-79.08394875737709 35.901572352524475, -79.08398146667545 35.90160712312602)" }, "geometry": { "type": "LineString", "coordinates": [ [ -79.083948757377087, 35.901572352524475 ], [ -79.083981466675453, 35.90160712312602 ] ] } },
{ "type": "Feature", "properties": { "FEEDER_NAME": "RSDC", "SUBSTATION_NAME": "CARRBORO", "wmType": "SECONDARY UNDERGROUND", "WKT": "LINESTRING (-79.08362724601011 35.90165275618658, -79.0835607926517 35.90169634470264, -79.08353484218509 35.90169161799821)" }, "geometry": { "type": "LineString", "coordinates": [ [ -79.08362724601011, 35.901652756186579 ], [ -79.083560792651696, 35.901696344702643 ], [ -79.083534842185088, 35.90169161799821 ] ] } },
{ "type": "Feature", "properties": { "FEEDER_NAME": "RSDC", "SUBSTATION_NAME": "CARRBORO", "wmType": "SECONDARY UNDERGROUND", "WKT": "LINESTRING (-79.08353484218509 35.90169161799821, -79.08348981470918 35.90166249247457)" }, "geometry": { "type": "LineString", "coordinates": [ [ -79.083534842185088, 35.90169161799821 ], [ -79.083489814709182, 35.901662492474571 ] ] } },
{ "type": "Feature", "properties": { "FEEDER_NAME": "RSDC", "SUBSTATION_NAME": "CARRBORO", "wmType": "SECONDARY UNDERGROUND", "WKT": "LINESTRING (-79.08348981470918 35.90166249247457, -79.0834401167079 35.90161931696703)" }, "geometry": { "type": "LineString", "coordinates": [ [ -79.083489814709182, 35.901662492474571 ], [ -79.083440116707905, 35.901619316967029 ] ] } },
{ "type": "Feature", "properties": { "FEEDER_NAME": "RSDC", "SUBSTATION_NAME": "CARRBORO", "wmType": "SECONDARY UNDERGROUND", "WKT": "LINESTRING (-79.0834401167079 35.90161931696703, -79.0833918483126 35.90158199444318)" }, "geometry": { "type": "LineString", "coordinates": [ [ -79.083440116707905, 35.901619316967029 ], [ -79.083391848312601, 35.901581994443177 ] ] } },
{ "type": "Feature", "properties": { "FEEDER_NAME": "RSDC", "SUBSTATION_NAME": "CARRBORO", "wmType": "SECONDARY UNDERGROUND", "WKT": "LINESTRING (-79.0833918483126 35.90158199444318, -79.08334443959919 35.90162195919332)" }, "geometry": { "type": "LineString", "coordinates": [ [ -79.083391848312601, 35.901581994443177 ], [ -79.083344439599188, 35.901621959193321 ] ] } },
{ "type": "Feature", "properties": { "FEEDER_NAME": "RSDC", "SUBSTATION_NAME": "CARRBORO", "wmType": "SECONDARY UNDERGROUND", "WKT": "LINESTRING (-79.08334443959919 35.90162195919332, -79.08331277625189 35.90165585189221)" }, "geometry": { "type": "LineString", "coordinates": [ [ -79.083344439599188, 35.901621959193321 ], [ -79.083312776251887, 35.901655851892208 ] ] } },
{ "type": "Feature", "properties": { "FEEDER_NAME": "RSDC", "SUBSTATION_NAME": "CARRBORO", "wmType": "SECONDARY UNDERGROUND", "WKT": "LINESTRING (-79.0834401167079 35.90161931696703, -79.08340426725768 35.90165769114123)" }, "geometry": { "type": "LineString", "coordinates": [ [ -79.083440116707905, 35.901619316967029 ], [ -79.083404267257677, 35.901657691141232 ] ] } },
{ "type": "Feature", "properties": { "FEEDER_NAME": "RSDC", "SUBSTATION_NAME": "CARRBORO", "wmType": "SECONDARY UNDERGROUND", "WKT": "LINESTRING (-79.08340426725768 35.90165769114123, -79.0833709197243 35.90169338671641)" }, "geometry": { "type": "LineString", "coordinates": [ [ -79.083404267257677, 35.901657691141232 ], [ -79.083370919724302, 35.90169338671641 ] ] } },
{ "type": "Feature", "properties": { "FEEDER_NAME": "RSDC", "SUBSTATION_NAME": "CARRBORO", "wmType": "SECONDARY UNDERGROUND", "WKT": "LINESTRING (-79.08348981470918 35.90166249247457, -79.08346225013246 35.90169199845542)" }, "geometry": { "type": "LineString", "coordinates": [ [ -79.083489814709182, 35.901662492474571 ], [ -79.083462250132456, 35.901691998455419 ] ] } },
{ "type": "Feature", "properties": { "FEEDER_NAME": "RSDC", "SUBSTATION_NAME": "CARRBORO", "wmType": "SECONDARY UNDERGROUND", "WKT": "LINESTRING (-79.08353484218509 35.90169161799821, -79.08356459302297 35.901661637318064)" }, "geometry": { "type": "LineString", "coordinates": [ [ -79.083534842185088, 35.90169161799821 ], [ -79.08356459302297, 35.901661637318064 ] ] } },
{ "type": "Feature", "properties": { "FEEDER_NAME": "RSDC", "SUBSTATION_NAME": "CARRBORO", "wmType": "SECONDARY UNDERGROUND", "WKT": "LINESTRING (-79.08353484218509 35.90169161799821, -79.0835063956804 35.90172206735844)" }, "geometry": { "type": "LineString", "coordinates": [ [ -79.083534842185088, 35.90169161799821 ], [ -79.083506395680402, 35.901722067358442 ] ] } },
{ "type": "Feature", "properties": { "FEEDER_NAME": "RSDC", "SUBSTATION_NAME": "CARRBORO", "wmType": "SECONDARY UNDERGROUND", "WKT": "LINESTRING (-79.0835063956804 35.90172206735844, -79.08347608680127 35.90175451077307)" }, "geometry": { "type": "LineString", "coordinates": [ [ -79.083506395680402, 35.901722067358442 ], [ -79.083476086801269, 35.901754510773067 ] ] } },
{ "type": "Feature", "properties": { "FEEDER_NAME": "RSDC", "SUBSTATION_NAME": "CARRBORO", "wmType": "SECONDARY UNDERGROUND", "WKT": "LINESTRING (-79.08362724601011 35.90165275618658, -79.08358203390294 35.90159830773322)" }, "geometry": { "type": "LineString", "coordinates": [ [ -79.08362724601011, 35.901652756186579 ], [ -79.083582033902942, 35.901598307733217 ] ] } },
{ "type": "Feature", "properties": { "FEEDER_NAME": "RSDC", "SUBSTATION_NAME": "CARRBORO", "wmType": "SECONDARY UNDERGROUND", "WKT": "LINESTRING (-79.08362724601011 35.90165275618658, -79.08364298250575 35.901656283926584, -79.08366192726052 35.90167487659477, -79.08368920967834 35.901663937662825)" }, "geometry": { "type": "LineString", "coordinates": [ [ -79.08362724601011, 35.901652756186579 ], [ -79.083642982505751, 35.901656283926584 ], [ -79.083661927260522, 35.901674876594768 ], [ -79.08368920967834, 35.901663937662825 ] ] } },
{ "type": "Feature", "properties": { "FEEDER_NAME": "RSDC", "SUBSTATION_NAME": "CARRBORO", "wmType": "SECONDARY UNDERGROUND", "WKT": "LINESTRING (-79.08368920967834 35.901663937662825, -79.08373285104106 35.901637171383975)" }, "geometry": { "type": "LineString", "coordinates": [ [ -79.08368920967834, 35.901663937662825 ], [ -79.083732851041063, 35.901637171383975 ] ] } },
{ "type": "Feature", "properties": { "FEEDER_NAME": "RSDC", "SUBSTATION_NAME": "CARRBORO", "wmType": "SECONDARY UNDERGROUND", "WKT": "LINESTRING (-79.08373285104106 35.901637171383975, -79.08379169826456 35.90160114544664)" }, "geometry": { "type": "LineString", "coordinates": [ [ -79.083732851041063, 35.901637171383975 ], [ -79.083791698264562, 35.901601145446641 ] ] } },
{ "type": "Feature", "properties": { "FEEDER_NAME": "RSDC", "SUBSTATION_NAME": "CARRBORO", "wmType": "SECONDARY UNDERGROUND", "WKT": "LINESTRING (-79.08368920967834 35.901663937662825, -79.08372891135726 35.90171160572776)" }, "geometry": { "type": "LineString", "coordinates": [ [ -79.08368920967834, 35.901663937662825 ], [ -79.083728911357255, 35.901711605727762 ] ] } },
{ "type": "Feature", "properties": { "FEEDER_NAME": "RSDC", "SUBSTATION_NAME": "CARRBORO", "wmType": "SECONDARY UNDERGROUND", "WKT": "LINESTRING (-79.08372891135726 35.90171160572776, -79.08377913187915 35.901682679895494)" }, "geometry": { "type": "LineString", "coordinates": [ [ -79.083728911357255, 35.901711605727762 ], [ -79.083779131879155, 35.901682679895494 ] ] } },
{ "type": "Feature", "properties": { "FEEDER_NAME": "RSDC", "SUBSTATION_NAME": "CARRBORO", "wmType": "SECONDARY UNDERGROUND", "WKT": "LINESTRING (-79.08377913187915 35.901682679895494, -79.08383276830864 35.9016490198395)" }, "geometry": { "type": "LineString", "coordinates": [ [ -79.083779131879155, 35.901682679895494 ], [ -79.083832768308639, 35.901649019839503 ] ] } },
{ "type": "Feature", "properties": { "FEEDER_NAME": "RSDC", "SUBSTATION_NAME": "CARRBORO", "wmType": "SECONDARY UNDERGROUND", "WKT": "LINESTRING (-79.08397249225216 35.90197344702695, -79.0841660390484 35.90188048007586, -79.08419358620418 35.90182913350766, -79.08414721766968 35.90178162972495)" }, "geometry": { "type": "LineString", "coordinates": [ [ -79.083972492252158, 35.901973447026947 ], [ -79.084166039048398, 35.90188048007586 ], [ -79.084193586204179, 35.901829133507661 ], [ -79.084147217669681, 35.901781629724951 ] ] } },
{ "type": "Feature", "properties": { "FEEDER_NAME": "RSDC", "SUBSTATION_NAME": "CARRBORO", "wmType": "SECONDARY UNDERGROUND", "WKT": "LINESTRING (-79.08414721766968 35.90178162972495, -79.08410820785791 35.901739068119106)" }, "geometry": { "type": "LineString", "coordinates": [ [ -79.084147217669681, 35.901781629724951 ], [ -79.084108207857909, 35.901739068119106 ] ] } },
{ "type": "Feature", "properties": { "FEEDER_NAME": "RSDC", "SUBSTATION_NAME": "CARRBORO", "wmType": "SECONDARY UNDERGROUND", "WKT": "LINESTRING (-79.08410820785791 35.901739068119106, -79.08406830694261 35.90169710918651)" }, "geometry": { "type": "LineString", "coordinates": [ [ -79.084108207857909, 35.901739068119106 ], [ -79.084068306942612, 35.901697109186507 ] ] } },
{ "type": "Feature", "properties": { "FEEDER_NAME": "RSDC", "SUBSTATION_NAME": "CARRBORO", "wmType": "SECONDARY UNDERGROUND", "WKT": "LINESTRING (-79.08406830694261 35.90169710918651, -79.0840066540017 35.90173019532554)" }, "geometry": { "type": "LineString", "coordinates": [ [ -79.084068306942612, 35.901697109186507 ], [ -79.084006654001698, 35.901730195325541 ] ] } },
{ "type": "Feature", "properties": { "FEEDER_NAME": "RSDC", "SUBSTATION_NAME": "CARRBORO", "wmType": "SECONDARY UNDERGROUND", "WKT": "LINESTRING (-79.0840066540017 35.90173019532554, -79.08405203292325 35.90177746640602)" }, "geometry": { "type": "LineString", "coordinates": [ [ -79.084006654001698, 35.901730195325541 ], [ -79.084052032923253, 35.901777466406017 ] ] } },
{ "type": "Feature", "properties": { "FEEDER_NAME": "RSDC", "SUBSTATION_NAME": "CARRBORO", "wmType": "SECONDARY UNDERGROUND", "WKT": "LINESTRING (-79.08405203292325 35.90177746640602, -79.08409532485432 35.90182158253432)" }, "geometry": { "type": "LineString", "coordinates": [ [ -79.084052032923253, 35.901777466406017 ], [ -79.084095324854317, 35.901821582534318 ] ] } },
{ "type": "Feature", "properties": { "FEEDER_NAME": "RSDC", "SUBSTATION_NAME": "CARRBORO", "wmType": "SECONDARY UNDERGROUND", "WKT": "LINESTRING (-79.08397249225216 35.90197344702695, -79.08396915775874 35.90196382788276, -79.0839240255167 35.90195571203161, -79.08391296924421 35.901940321728205, -79.08395329450511 35.901911961441286)" }, "geometry": { "type": "LineString", "coordinates": [ [ -79.083972492252158, 35.901973447026947 ], [ -79.083969157758744, 35.90196382788276 ], [ -79.083924025516694, 35.901955712031608 ], [ -79.08391296924421, 35.901940321728205 ], [ -79.083953294505108, 35.901911961441286 ] ] } },
{ "type": "Feature", "properties": { "FEEDER_NAME": "RSDC", "SUBSTATION_NAME": "CARRBORO", "wmType": "SECONDARY UNDERGROUND", "WKT": "LINESTRING (-79.08395329450511 35.901911961441286, -79.08399742556793 35.90188946421882)" }, "geometry": { "type": "LineString", "coordinates": [ [ -79.083953294505108, 35.901911961441286 ], [ -79.083997425567929, 35.901889464218819 ] ] } },
{ "type": "Feature", "properties": { "FEEDER_NAME": "RSDC", "SUBSTATION_NAME": "CARRBORO", "wmType": "SECONDARY UNDERGROUND", "WKT": "LINESTRING (-79.08399742556793 35.90188946421882, -79.08395997912051 35.90185139720434)" }, "geometry": { "type": "LineString", "coordinates": [ [ -79.083997425567929, 35.901889464218819 ], [ -79.083959979120507, 35.901851397204339 ] ] } },
{ "type": "Feature", "properties": { "FEEDER_NAME": "RSDC", "SUBSTATION_NAME": "CARRBORO", "wmType": "SECONDARY UNDERGROUND", "WKT": "LINESTRING (-79.08399742556793 35.90188946421882, -79.08404588390613 35.9018618923518)" }, "geometry": { "type": "LineString", "coordinates": [ [ -79.083997425567929, 35.901889464218819 ], [ -79.084045883906128, 35.901861892351803 ] ] } },
{ "type": "Feature", "properties": { "FEEDER_NAME": "RSDC", "SUBSTATION_NAME": "CARRBORO", "wmType": "SECONDARY UNDERGROUND", "WKT": "LINESTRING (-79.08404588390613 35.9018618923518, -79.08401079385257 35.9018228836674)" }, "geometry": { "type": "LineString", "coordinates": [ [ -79.084045883906128, 35.901861892351803 ], [ -79.08401079385257, 35.9018228836674 ] ] } },
{ "type": "Feature", "properties": { "FEEDER_NAME": "RSDC", "SUBSTATION_NAME": "CARRBORO", "wmType": "SECONDARY UNDERGROUND", "WKT": "LINESTRING (-79.08395329450511 35.901911961441286, -79.08391514485741 35.90187412382889)" }, "geometry": { "type": "LineString", "coordinates": [ [ -79.083953294505108, 35.901911961441286 ], [ -79.083915144857414, 35.90187412382889 ] ] } },
{ "type": "Feature", "properties": { "FEEDER_NAME": "RSDC", "SUBSTATION_NAME": "CARRBORO", "wmType": "SECONDARY UNDERGROUND", "WKT": "LINESTRING (-79.08397249225216 35.90197344702695, -79.08398405351386 35.901995055085585)" }, "geometry": { "type": "LineString", "coordinates": [ [ -79.083972492252158, 35.901973447026947 ], [ -79.083984053513859, 35.901995055085585 ] ] } },
{ "type": "Feature", "properties": { "FEEDER_NAME": "RSDC", "SUBSTATION_NAME": "CARRBORO", "wmType": "SECONDARY UNDERGROUND", "WKT": "LINESTRING (-79.08527028481708 35.90141172199602, -79.08526646935304 35.90138420779154)" }, "geometry": { "type": "LineString", "coordinates": [ [ -79.085270284817085, 35.90141172199602 ], [ -79.085266469353044, 35.901384207791537 ] ] } },
{ "type": "Feature", "properties": { "FEEDER_NAME": "RSDC", "SUBSTATION_NAME": "CARRBORO", "wmType": "SECONDARY UNDERGROUND", "WKT": "LINESTRING (-79.08527028481708 35.90141172199602, -79.08532205982245 35.901458193188006)" }, "geometry": { "type": "LineString", "coordinates": [ [ -79.085270284817085, 35.90141172199602 ], [ -79.085322059822445, 35.901458193188006 ] ] } },
{ "type": "Feature", "properties": { "FEEDER_NAME": "RSDC", "SUBSTATION_NAME": "CARRBORO", "wmType": "SECONDARY UNDERGROUND", "WKT": "LINESTRING (-79.08527028481708 35.90141172199602, -79.08527904118479 35.90133342843991)" }, "geometry": { "type": "LineString", "coordinates": [ [ -79.085270284817085, 35.90141172199602 ], [ -79.085279041184791, 35.901333428439912 ] ] } },
{ "type": "Feature", "properties": { "FEEDER_NAME": "RSDC", "SUBSTATION_NAME": "CARRBORO", "wmType": "SECONDARY UNDERGROUND", "WKT": "LINESTRING (-79.08527028481708 35.90141172199602, -79.0852332285699 35.90171017658189)" }, "geometry": { "type": "LineString", "coordinates": [ [ -79.085270284817085, 35.90141172199602 ], [ -79.085233228569905, 35.901710176581886 ] ] } },
{ "type": "Feature", "properties": { "FEEDER_NAME": "RSDC", "SUBSTATION_NAME": "CARRBORO", "wmType": "SECONDARY UNDERGROUND", "WKT": "LINESTRING (-79.08527028481708 35.90141172199602, -79.08543266393784 35.90176223803188)" }, "geometry": { "type": "LineString", "coordinates": [ [ -79.085270284817085, 35.90141172199602 ], [ -79.085432663937837, 35.901762238031878 ] ] } },
{ "type": "Feature", "properties": { "FEEDER_NAME": "RSDC", "SUBSTATION_NAME": "CARRBORO", "wmType": "SECONDARY UNDERGROUND", "WKT": "LINESTRING (-79.08527028481708 35.90141172199602, -79.08548270416588 35.901389762655185)" }, "geometry": { "type": "LineString", "coordinates": [ [ -79.085270284817085, 35.90141172199602 ], [ -79.085482704165884, 35.901389762655185 ] ] } },
{ "type": "Feature", "properties": { "FEEDER_NAME": "RSDC", "SUBSTATION_NAME": "CARRBORO", "wmType": "SECONDARY UNDERGROUND", "WKT": "LINESTRING (-79.08527028481708 35.90141172199602, -79.08524745320791 35.90167925455718)" }, "geometry": { "type": "LineString", "coordinates": [ [ -79.085270284817085, 35.90141172199602 ], [ -79.085247453207913, 35.90167925455718 ] ] } },
{ "type": "Feature", "properties": { "FEEDER_NAME": "RSDC", "SUBSTATION_NAME": "CARRBORO", "wmType": "SECONDARY UNDERGROUND", "WKT": "LINESTRING (-79.0847388039054 35.90146345409367, -79.08484985344369 35.901495503066464, -79.08495883162362 35.90141603299473, -79.08501604097478 35.901233857233095)" }, "geometry": { "type": "LineString", "coordinates": [ [ -79.084738803905395, 35.901463454093673 ], [ -79.084849853443686, 35.901495503066464 ], [ -79.084958831623624, 35.901416032994732 ], [ -79.085016040974779, 35.901233857233095 ] ] } },
{ "type": "Feature", "properties": { "FEEDER_NAME": "RSDC", "SUBSTATION_NAME": "CARRBORO", "wmType": "SECONDARY UNDERGROUND", "WKT": "LINESTRING (-79.0847388039054 35.90146345409367, -79.08485387904513 35.90144057558474)" }, "geometry": { "type": "LineString", "coordinates": [ [ -79.084738803905395, 35.901463454093673 ], [ -79.084853879045127, 35.901440575584743 ] ] } },
{ "type": "Feature", "properties": { "FEEDER_NAME": "RSDC", "SUBSTATION_NAME": "CARRBORO", "wmType": "SECONDARY UNDERGROUND", "WKT": "LINESTRING (-79.0847388039054 35.90146345409367, -79.08474003000181 35.90144951364457, -79.08483623391106 35.90125257002129, -79.08475995399806 35.90122297096944)" }, "geometry": { "type": "LineString", "coordinates": [ [ -79.084738803905395, 35.901463454093673 ], [ -79.084740030001811, 35.901449513644572 ], [ -79.084836233911062, 35.901252570021292 ], [ -79.084759953998059, 35.901222970969442 ] ] } },
{ "type": "Feature", "properties": { "FEEDER_NAME": "RSDC", "SUBSTATION_NAME": "CARRBORO", "wmType": "SECONDARY UNDERGROUND", "WKT": "LINESTRING (-79.0847388039054 35.90146345409367, -79.08488432401006 35.90152349888844)" }, "geometry": { "type": "LineString", "coordinates": [ [ -79.084738803905395, 35.901463454093673 ], [ -79.084884324010062, 35.901523498888437 ] ] } },
{ "type": "Feature", "properties": { "FEEDER_NAME": "RSDC", "SUBSTATION_NAME": "CARRBORO", "wmType": "SECONDARY UNDERGROUND", "WKT": "LINESTRING (-79.0847388039054 35.90146345409367, -79.08480996035948 35.90164587583667)" }, "geometry": { "type": "LineString", "coordinates": [ [ -79.084738803905395, 35.901463454093673 ], [ -79.084809960359479, 35.901645875836671 ] ] } },
{ "type": "Feature", "properties": { "FEEDER_NAME": "RSDC", "SUBSTATION_NAME": "CARRBORO", "wmType": "SECONDARY UNDERGROUND", "WKT": "LINESTRING (-79.0847388039054 35.90146345409367, -79.08484713034784 35.9016356093571)" }, "geometry": { "type": "LineString", "coordinates": [ [ -79.084738803905395, 35.901463454093673 ], [ -79.084847130347839, 35.901635609357101 ] ] } },
{ "type": "Feature", "properties": { "FEEDER_NAME": "RSDC", "SUBSTATION_NAME": "CARRBORO", "wmType": "SECONDARY UNDERGROUND", "WKT": "LINESTRING (-79.08435750302114 35.90155867540018, -79.08439712870742 35.90159477954778)" }, "geometry": { "type": "LineString", "coordinates": [ [ -79.084357503021138, 35.901558675400182 ], [ -79.084397128707423, 35.901594779547779 ] ] } },
{ "type": "Feature", "properties": { "FEEDER_NAME": "RSDC", "SUBSTATION_NAME": "CARRBORO", "wmType": "SECONDARY UNDERGROUND", "WKT": "LINESTRING (-79.08435750302114 35.90155867540018, -79.08426154395235 35.90154261193676)" }, "geometry": { "type": "LineString", "coordinates": [ [ -79.084357503021138, 35.901558675400182 ], [ -79.084261543952351, 35.901542611936762 ] ] } },
{ "type": "Feature", "properties": { "FEEDER_NAME": "RSDC", "SUBSTATION_NAME": "CARRBORO", "wmType": "SECONDARY UNDERGROUND", "WKT": "LINESTRING (-79.08435750302114 35.90155867540018, -79.08429909079878 35.90151342064329)" }, "geometry": { "type": "LineString", "coordinates": [ [ -79.084357503021138, 35.901558675400182 ], [ -79.08429909079878, 35.90151342064329 ] ] } },
{ "type": "Feature", "properties": { "FEEDER_NAME": "RSDC", "SUBSTATION_NAME": "CARRBORO", "wmType": "SECONDARY UNDERGROUND", "WKT": "LINESTRING (-79.0843568156258 35.900992808934916, -79.08416340608994 35.9010079447417, -79.08407738756725 35.90108739649288, -79.0840356171108 35.90119135667084)" }, "geometry": { "type": "LineString", "coordinates": [ [ -79.084356815625796, 35.900992808934916 ], [ -79.084163406089942, 35.9010079447417 ], [ -79.084077387567248, 35.901087396492883 ], [ -79.0840356171108, 35.901191356670843 ] ] } },
{ "type": "Feature", "properties": { "FEEDER_NAME": "RSDC", "SUBSTATION_NAME": "CARRBORO", "wmType": "SECONDARY UNDERGROUND", "WKT": "LINESTRING (-79.0843568156258 35.900992808934916, -79.08429681353378 35.90106478183968)" }, "geometry": { "type": "LineString", "coordinates": [ [ -79.084356815625796, 35.900992808934916 ], [ -79.084296813533783, 35.901064781839679 ] ] } },
{ "type": "Feature", "properties": { "FEEDER_NAME": "RSDC", "SUBSTATION_NAME": "CARRBORO", "wmType": "SECONDARY UNDERGROUND", "WKT": "LINESTRING (-79.0843568156258 35.900992808934916, -79.08415940774992 35.90085982775616)" }, "geometry": { "type": "LineString", "coordinates": [ [ -79.084356815625796, 35.900992808934916 ], [ -79.084159407749922, 35.900859827756157 ] ] } },
{ "type": "Feature", "properties": { "FEEDER_NAME": "RSDC", "SUBSTATION_NAME": "CARRBORO", "wmType": "SECONDARY UNDERGROUND", "WKT": "LINESTRING (-79.08450469127445 35.90056515580782, -79.08427565856444 35.900607542219944)" }, "geometry": { "type": "LineString", "coordinates": [ [ -79.084504691274446, 35.900565155807818 ], [ -79.084275658564437, 35.900607542219944 ] ] } },
{ "type": "Feature", "properties": { "FEEDER_NAME": "RSDC", "SUBSTATION_NAME": "CARRBORO", "wmType": "SECONDARY UNDERGROUND", "WKT": "LINESTRING (-79.08450469127445 35.90056515580782, -79.08425966007084 35.900513046805095)" }, "geometry": { "type": "LineString", "coordinates": [ [ -79.084504691274446, 35.900565155807818 ], [ -79.084259660070842, 35.900513046805095 ] ] } },
{ "type": "Feature", "properties": { "FEEDER_NAME": "RSDC", "SUBSTATION_NAME": "CARRBORO", "wmType": "SECONDARY UNDERGROUND", "WKT": "LINESTRING (-79.08450469127445 35.90056515580782, -79.08464912490561 35.90061552793451)" }, "geometry": { "type": "LineString", "coordinates": [ [ -79.084504691274446, 35.900565155807818 ], [ -79.08464912490561, 35.900615527934512 ] ] } },
{ "type": "Feature", "properties": { "FEEDER_NAME": "RSDC", "SUBSTATION_NAME": "CARRBORO", "wmType": "SECONDARY UNDERGROUND", "WKT": "LINESTRING (-79.08450469127445 35.90056515580782, -79.08449169758637 35.90063024993096, -79.08456748298516 35.90065052999318)" }, "geometry": { "type": "LineString", "coordinates": [ [ -79.084504691274446, 35.900565155807818 ], [ -79.084491697586373, 35.900630249930963 ], [ -79.084567482985165, 35.900650529993179 ] ] } },
{ "type": "Feature", "properties": { "FEEDER_NAME": "RSDC", "SUBSTATION_NAME": "CARRBORO", "wmType": "SECONDARY UNDERGROUND", "WKT": "LINESTRING (-79.08450469127445 35.90056515580782, -79.08464742742737 35.90046191408259)" }, "geometry": { "type": "LineString", "coordinates": [ [ -79.084504691274446, 35.900565155807818 ], [ -79.08464742742737, 35.900461914082591 ] ] } },
{ "type": "Feature", "properties": { "FEEDER_NAME": "RSDC", "SUBSTATION_NAME": "CARRBORO", "wmType": "SECONDARY UNDERGROUND", "WKT": "LINESTRING (-79.08483035817365 35.90042140310466, -79.08478743189163 35.90024301665557)" }, "geometry": { "type": "LineString", "coordinates": [ [ -79.084830358173647, 35.900421403104659 ], [ -79.084787431891627, 35.900243016655573 ] ] } },
{ "type": "Feature", "properties": { "FEEDER_NAME": "RSDC", "SUBSTATION_NAME": "CARRBORO", "wmType": "SECONDARY UNDERGROUND", "WKT": "LINESTRING (-79.08483035817365 35.90042140310466, -79.08470222029644 35.900293033448094)" }, "geometry": { "type": "LineString", "coordinates": [ [ -79.084830358173647, 35.900421403104659 ], [ -79.084702220296435, 35.900293033448094 ] ] } },
{ "type": "Feature", "properties": { "FEEDER_NAME": "RSDC", "SUBSTATION_NAME": "CARRBORO", "wmType": "SECONDARY UNDERGROUND", "WKT": "LINESTRING (-79.08483035817365 35.90042140310466, -79.08501657977415 35.90041652540659, -79.08504195681691 35.900361971480436, -79.08505930392197 35.90034034606308)" }, "geometry": { "type": "LineString", "coordinates": [ [ -79.084830358173647, 35.900421403104659 ], [ -79.085016579774148, 35.900416525406591 ], [ -79.085041956816909, 35.900361971480436 ], [ -79.085059303921966, 35.900340346063082 ] ] } },
{ "type": "Feature", "properties": { "FEEDER_NAME": "RSDC", "SUBSTATION_NAME": "CARRBORO", "wmType": "SECONDARY UNDERGROUND", "WKT": "LINESTRING (-79.08471907654683 35.90252602616383, -79.08459309103517 35.902420684254416)" }, "geometry": { "type": "LineString", "coordinates": [ [ -79.084719076546833, 35.902526026163827 ], [ -79.084593091035174, 35.902420684254416 ] ] } },
{ "type": "Feature", "properties": { "FEEDER_NAME": "RSDC", "SUBSTATION_NAME": "CARRBORO", "wmType": "SECONDARY UNDERGROUND", "WKT": "LINESTRING (-79.08471907654683 35.90252602616383, -79.08471091589836 35.90241985712881)" }, "geometry": { "type": "LineString", "coordinates": [ [ -79.084719076546833, 35.902526026163827 ], [ -79.084710915898356, 35.902419857128812 ] ] } },
{ "type": "Feature", "properties": { "FEEDER_NAME": "RSDC", "SUBSTATION_NAME": "CARRBORO", "wmType": "SECONDARY UNDERGROUND", "WKT": "LINESTRING (-79.08471907654683 35.90252602616383, -79.08486105582485 35.902620891757934)" }, "geometry": { "type": "LineString", "coordinates": [ [ -79.084719076546833, 35.902526026163827 ], [ -79.084861055824845, 35.902620891757934 ] ] } },
{ "type": "Feature", "properties": { "FEEDER_NAME": "RSDC", "SUBSTATION_NAME": "CARRBORO", "wmType": "SECONDARY UNDERGROUND", "WKT": "LINESTRING (-79.08471907654683 35.90252602616383, -79.08480727689108 35.90267413231443)" }, "geometry": { "type": "LineString", "coordinates": [ [ -79.084719076546833, 35.902526026163827 ], [ -79.084807276891084, 35.902674132314431 ] ] } },
{ "type": "Feature", "properties": { "FEEDER_NAME": "RSDC", "SUBSTATION_NAME": "CARRBORO", "wmType": "SECONDARY UNDERGROUND", "WKT": "LINESTRING (-79.08471907654683 35.90252602616383, -79.08453825699281 35.90257405146484)" }, "geometry": { "type": "LineString", "coordinates": [ [ -79.084719076546833, 35.902526026163827 ], [ -79.084538256992815, 35.902574051464839 ] ] } },
{ "type": "Feature", "properties": { "FEEDER_NAME": "RSDC", "SUBSTATION_NAME": "CARRBORO", "wmType": "SECONDARY UNDERGROUND", "WKT": "LINESTRING (-79.08471907654683 35.90252602616383, -79.08481650462983 35.9024766056864, -79.08488232642686 35.90235493953551, -79.08490075661997 35.90232938100672, -79.08498341108468 35.90232029148126)" }, "geometry": { "type": "LineString", "coordinates": [ [ -79.084719076546833, 35.902526026163827 ], [ -79.084816504629828, 35.902476605686402 ], [ -79.084882326426865, 35.902354939535513 ], [ -79.084900756619973, 35.902329381006723 ], [ -79.084983411084679, 35.90232029148126 ] ] } },
{ "type": "Feature", "properties": { "FEEDER_NAME": "RSDC", "SUBSTATION_NAME": "CARRBORO", "wmType": "SECONDARY UNDERGROUND", "WKT": "LINESTRING (-79.08498341108468 35.90232029148126, -79.08490514115209 35.90234189348596, -79.08487763084348 35.90238587290753, -79.0848941038107 35.902394276937834)" }, "geometry": { "type": "LineString", "coordinates": [ [ -79.084983411084679, 35.90232029148126 ], [ -79.084905141152092, 35.902341893485961 ], [ -79.084877630843479, 35.90238587290753 ], [ -79.084894103810697, 35.902394276937834 ] ] } },
{ "type": "Feature", "properties": { "FEEDER_NAME": "RSDC", "SUBSTATION_NAME": "CARRBORO", "wmType": "SECONDARY UNDERGROUND", "WKT": "LINESTRING (-79.08498341108468 35.90232029148126, -79.08514345352069 35.902144524440835)" }, "geometry": { "type": "LineString", "coordinates": [ [ -79.084983411084679, 35.90232029148126 ], [ -79.085143453520686, 35.902144524440835 ] ] } },
{ "type": "Feature", "properties": { "FEEDER_NAME": "RSDC", "SUBSTATION_NAME": "CARRBORO", "wmType": "SECONDARY UNDERGROUND", "WKT": "LINESTRING (-79.08498341108468 35.90232029148126, -79.0850097752463 35.90237151684797)" }, "geometry": { "type": "LineString", "coordinates": [ [ -79.084983411084679, 35.90232029148126 ], [ -79.085009775246306, 35.902371516847971 ] ] } },
{ "type": "Feature", "properties": { "FEEDER_NAME": "RSDC", "SUBSTATION_NAME": "CARRBORO", "wmType": "SECONDARY UNDERGROUND", "WKT": "LINESTRING (-79.08498341108468 35.90232029148126, -79.0851264273413 35.90224290482449)" }, "geometry": { "type": "LineString", "coordinates": [ [ -79.084983411084679, 35.90232029148126 ], [ -79.085126427341294, 35.90224290482449 ] ] } },
{ "type": "Feature", "properties": { "FEEDER_NAME": "RSDC", "SUBSTATION_NAME": "CARRBORO", "wmType": "SECONDARY UNDERGROUND", "WKT": "LINESTRING (-79.08435476076824 35.902457671197425, -79.0843552064642 35.90239861824684, -79.08435794329546 35.902255972117985)" }, "geometry": { "type": "LineString", "coordinates": [ [ -79.084354760768235, 35.902457671197425 ], [ -79.084355206464195, 35.902398618246842 ], [ -79.084357943295458, 35.902255972117985 ] ] } },
{ "type": "Feature", "properties": { "FEEDER_NAME": "RSDC", "SUBSTATION_NAME": "CARRBORO", "wmType": "SECONDARY UNDERGROUND", "WKT": "LINESTRING (-79.08435476076824 35.902457671197425, -79.0844783664324 35.90275362309416)" }, "geometry": { "type": "LineString", "coordinates": [ [ -79.084354760768235, 35.902457671197425 ], [ -79.084478366432407, 35.902753623094164 ] ] } },
{ "type": "Feature", "properties": { "FEEDER_NAME": "RSDC", "SUBSTATION_NAME": "CARRBORO", "wmType": "SECONDARY UNDERGROUND", "WKT": "LINESTRING (-79.08435476076824 35.902457671197425, -79.08430275020919 35.90282028163384)" }, "geometry": { "type": "LineString", "coordinates": [ [ -79.084354760768235, 35.902457671197425 ], [ -79.08430275020919, 35.902820281633844 ] ] } },
{ "type": "Feature", "properties": { "FEEDER_NAME": "RSDC", "SUBSTATION_NAME": "CARRBORO", "wmType": "SECONDARY UNDERGROUND", "WKT": "LINESTRING (-79.08441315005793 35.90200756833233, -79.0844648635409 35.902000614121114, -79.08474253766686 35.902044645951236, -79.0847470673275 35.90208570899835)" }, "geometry": { "type": "LineString", "coordinates": [ [ -79.084413150057927, 35.90200756833233 ], [ -79.084464863540902, 35.902000614121114 ], [ -79.084742537666855, 35.902044645951236 ], [ -79.084747067327498, 35.902085708998349 ] ] } },
{ "type": "Feature", "properties": { "FEEDER_NAME": "RSDC", "SUBSTATION_NAME": "CARRBORO", "wmType": "SECONDARY UNDERGROUND", "WKT": "LINESTRING (-79.08441315005793 35.90200756833233, -79.08446291819534 35.90199314454436, -79.08489349824923 35.90206056352234, -79.08489074120082 35.90211666811694)" }, "geometry": { "type": "LineString", "coordinates": [ [ -79.084413150057927, 35.90200756833233 ], [ -79.084462918195342, 35.901993144544363 ], [ -79.08489349824923, 35.90206056352234 ], [ -79.084890741200823, 35.902116668116939 ] ] } },
{ "type": "Feature", "properties": { "FEEDER_NAME": "RSDC", "SUBSTATION_NAME": "CARRBORO", "wmType": "SECONDARY UNDERGROUND", "WKT": "LINESTRING (-79.08441315005793 35.90200756833233, -79.08446603922614 35.90200727035152, -79.08457769333285 35.90202573917393, -79.08458583246544 35.902047044906034)" }, "geometry": { "type": "LineString", "coordinates": [ [ -79.084413150057927, 35.90200756833233 ], [ -79.084466039226143, 35.902007270351518 ], [ -79.084577693332847, 35.902025739173929 ], [ -79.084585832465436, 35.902047044906034 ] ] } },
{ "type": "Feature", "properties": { "FEEDER_NAME": "RSDC", "SUBSTATION_NAME": "CARRBORO", "wmType": "SECONDARY UNDERGROUND", "WKT": "LINESTRING (-79.08480473277157 35.90183585581429, -79.08482202001652 35.901911930230455)" }, "geometry": { "type": "LineString", "coordinates": [ [ -79.084804732771573, 35.901835855814291 ], [ -79.084822020016517, 35.901911930230455 ] ] } },
{ "type": "Feature", "properties": { "FEEDER_NAME": "RSDC", "SUBSTATION_NAME": "CARRBORO", "wmType": "SECONDARY UNDERGROUND", "WKT": "LINESTRING (-79.08480473277157 35.90183585581429, -79.08472373981871 35.90193303048464)" }, "geometry": { "type": "LineString", "coordinates": [ [ -79.084804732771573, 35.901835855814291 ], [ -79.084723739818713, 35.901933030484642 ] ] } },
{ "type": "Feature", "properties": { "FEEDER_NAME": "RSDC", "SUBSTATION_NAME": "CARRBORO", "wmType": "SECONDARY UNDERGROUND", "WKT": "LINESTRING (-79.08480473277157 35.90183585581429, -79.08446510611273 35.90176330013793)" }, "geometry": { "type": "LineString", "coordinates": [ [ -79.084804732771573, 35.901835855814291 ], [ -79.084465106112731, 35.901763300137929 ] ] } },
{ "type": "Feature", "properties": { "FEEDER_NAME": "RSDC", "SUBSTATION_NAME": "CARRBORO", "wmType": "SECONDARY UNDERGROUND", "WKT": "LINESTRING (-79.08513740836774 35.901881886359526, -79.08504992157053 35.901967200986945)" }, "geometry": { "type": "LineString", "coordinates": [ [ -79.085137408367743, 35.901881886359526 ], [ -79.08504992157053, 35.901967200986945 ] ] } },
{ "type": "Feature", "properties": { "FEEDER_NAME": "RSDC", "SUBSTATION_NAME": "CARRBORO", "wmType": "SECONDARY UNDERGROUND", "WKT": "LINESTRING (-79.08513740836774 35.901881886359526, -79.08507484606464 35.90179597967306)" }, "geometry": { "type": "LineString", "coordinates": [ [ -79.085137408367743, 35.901881886359526 ], [ -79.085074846064643, 35.901795979673061 ] ] } },
{ "type": "Feature", "properties": { "FEEDER_NAME": "RSDC", "SUBSTATION_NAME": "CARRBORO", "wmType": "SECONDARY UNDERGROUND", "WKT": "LINESTRING (-79.08513740836774 35.901881886359526, -79.08528511621263 35.90195547756973)" }, "geometry": { "type": "LineString", "coordinates": [ [ -79.085137408367743, 35.901881886359526 ], [ -79.085285116212631, 35.901955477569729 ] ] } },
{ "type": "Feature", "properties": { "FEEDER_NAME": "RSDC", "SUBSTATION_NAME": "CARRBORO", "wmType": "SECONDARY UNDERGROUND", "WKT": "LINESTRING (-79.08559350819327 35.9019164595035, -79.08549039867971 35.901992428949406)" }, "geometry": { "type": "LineString", "coordinates": [ [ -79.08559350819327, 35.901916459503497 ], [ -79.08549039867971, 35.901992428949406 ] ] } },
{ "type": "Feature", "properties": { "FEEDER_NAME": "RSDC", "SUBSTATION_NAME": "CARRBORO", "wmType": "SECONDARY UNDERGROUND", "WKT": "LINESTRING (-79.08559350819327 35.9019164595035, -79.08564225492879 35.90193570332682)" }, "geometry": { "type": "LineString", "coordinates": [ [ -79.08559350819327, 35.901916459503497 ], [ -79.085642254928786, 35.901935703326821 ] ] } },
{ "type": "Feature", "properties": { "FEEDER_NAME": "RSDC", "SUBSTATION_NAME": "CARRBORO", "wmType": "SECONDARY UNDERGROUND", "WKT": "LINESTRING (-79.08559350819327 35.9019164595035, -79.08563008665331 35.90199710521136)" }, "geometry": { "type": "LineString", "coordinates": [ [ -79.08559350819327, 35.901916459503497 ], [ -79.08563008665331, 35.901997105211358 ] ] } },
{ "type": "Feature", "properties": { "FEEDER_NAME": "RSDC", "SUBSTATION_NAME": "CARRBORO", "wmType": "SECONDARY UNDERGROUND", "WKT": "LINESTRING (-79.0857592560673 35.901779503262816, -79.08585184121226 35.90181937861878)" }, "geometry": { "type": "LineString", "coordinates": [ [ -79.085759256067306, 35.901779503262816 ], [ -79.085851841212261, 35.901819378618782 ] ] } },
{ "type": "Feature", "properties": { "FEEDER_NAME": "RSDC", "SUBSTATION_NAME": "CARRBORO", "wmType": "SECONDARY UNDERGROUND", "WKT": "LINESTRING (-79.0857592560673 35.901779503262816, -79.08585618785953 35.90173256989364)" }, "geometry": { "type": "LineString", "coordinates": [ [ -79.085759256067306, 35.901779503262816 ], [ -79.085856187859534, 35.901732569893639 ] ] } },
{ "type": "Feature", "properties": { "FEEDER_NAME": "RSDC", "SUBSTATION_NAME": "CARRBORO", "wmType": "SECONDARY UNDERGROUND", "WKT": "LINESTRING (-79.0857592560673 35.901779503262816, -79.08577614425397 35.901656316229065)" }, "geometry": { "type": "LineString", "coordinates": [ [ -79.085759256067306, 35.901779503262816 ], [ -79.08577614425397, 35.901656316229065 ] ] } },
{ "type": "Feature", "properties": { "FEEDER_NAME": "RSDC", "SUBSTATION_NAME": "CARRBORO", "wmType": "SECONDARY UNDERGROUND", "WKT": "LINESTRING (-79.0858450104996 35.901358642157945, -79.08599351169214 35.90134528838741)" }, "geometry": { "type": "LineString", "coordinates": [ [ -79.085845010499597, 35.901358642157945 ], [ -79.085993511692138, 35.901345288387411 ] ] } },
{ "type": "Feature", "properties": { "FEEDER_NAME": "RSDC", "SUBSTATION_NAME": "CARRBORO", "wmType": "SECONDARY UNDERGROUND", "WKT": "LINESTRING (-79.0858450104996 35.901358642157945, -79.0859051006399 35.90144344970964)" }, "geometry": { "type": "LineString", "coordinates": [ [ -79.085845010499597, 35.901358642157945 ], [ -79.085905100639906, 35.901443449709639 ] ] } },
{ "type": "Feature", "properties": { "FEEDER_NAME": "RSDC", "SUBSTATION_NAME": "CARRBORO", "wmType": "SECONDARY UNDERGROUND", "WKT": "LINESTRING (-79.08602113609804 35.90097040761966, -79.08606332497752 35.90075533613744)" }, "geometry": { "type": "LineString", "coordinates": [ [ -79.08602113609804, 35.90097040761966 ], [ -79.086063324977516, 35.900755336137443 ] ] } },
{ "type": "Feature", "properties": { "FEEDER_NAME": "RSDC", "SUBSTATION_NAME": "CARRBORO", "wmType": "SECONDARY UNDERGROUND", "WKT": "LINESTRING (-79.08602113609804 35.90097040761966, -79.0858688579638 35.9008763437174)" }, "geometry": { "type": "LineString", "coordinates": [ [ -79.08602113609804, 35.90097040761966 ], [ -79.085868857963803, 35.9008763437174 ] ] } },
{ "type": "Feature", "properties": { "FEEDER_NAME": "RSDC", "SUBSTATION_NAME": "CARRBORO", "wmType": "SECONDARY UNDERGROUND", "WKT": "LINESTRING (-79.08602113609804 35.90097040761966, -79.08596519298456 35.900985870198184)" }, "geometry": { "type": "LineString", "coordinates": [ [ -79.08602113609804, 35.90097040761966 ], [ -79.08596519298456, 35.900985870198184 ] ] } },
{ "type": "Feature", "properties": { "FEEDER_NAME": "RSDC", "SUBSTATION_NAME": "CARRBORO", "wmType": "SECONDARY UNDERGROUND", "WKT": "LINESTRING (-79.08602113609804 35.90097040761966, -79.08614141411262 35.90099284099294)" }, "geometry": { "type": "LineString", "coordinates": [ [ -79.08602113609804, 35.90097040761966 ], [ -79.086141414112618, 35.900992840992942 ] ] } },
{ "type": "Feature", "properties": { "FEEDER_NAME": "RSDC", "SUBSTATION_NAME": "CARRBORO", "wmType": "SECONDARY UNDERGROUND", "WKT": "LINESTRING (-79.08602113609804 35.90097040761966, -79.08631148973886 35.90084576644085)" }, "geometry": { "type": "LineString", "coordinates": [ [ -79.08602113609804, 35.90097040761966 ], [ -79.086311489738861, 35.900845766440852 ] ] } },
{ "type": "Feature", "properties": { "FEEDER_NAME": "RSDC", "SUBSTATION_NAME": "CARRBORO", "wmType": "SECONDARY UNDERGROUND", "WKT": "LINESTRING (-79.08537989431869 35.90095747813738, -79.08538352508491 35.900927626140955)" }, "geometry": { "type": "LineString", "coordinates": [ [ -79.085379894318692, 35.900957478137379 ], [ -79.085383525084907, 35.900927626140955 ] ] } },
{ "type": "Feature", "properties": { "FEEDER_NAME": "RSDC", "SUBSTATION_NAME": "CARRBORO", "wmType": "SECONDARY UNDERGROUND", "WKT": "LINESTRING (-79.08537989431869 35.90095747813738, -79.08533489262041 35.90102114543533)" }, "geometry": { "type": "LineString", "coordinates": [ [ -79.085379894318692, 35.900957478137379 ], [ -79.085334892620409, 35.90102114543533 ] ] } },
{ "type": "Feature", "properties": { "FEEDER_NAME": "RSDC", "SUBSTATION_NAME": "CARRBORO", "wmType": "SECONDARY UNDERGROUND", "WKT": "LINESTRING (-79.08602113609804 35.90097040761966, -79.08600162423296 35.90101153985996, -79.08601780180665 35.90106518500961, -79.08601932962632 35.9011236092954, -79.0859900759331 35.901177285566256, -79.08595347358532 35.90120950510707, -79.08589781335581 35.90123696834357, -79.0858421340791 35.90124654605131, -79.08578936952311 35.90124062192476, -79.08574538606373 35.90122395975388, -79.08573309064711 35.90120924195497)" }, "geometry": { "type": "LineString", "coordinates": [ [ -79.08602113609804, 35.90097040761966 ], [ -79.086001624232964, 35.901011539859958 ], [ -79.086017801806648, 35.901065185009607 ], [ -79.086019329626325, 35.901123609295396 ], [ -79.085990075933097, 35.901177285566256 ], [ -79.08595347358532, 35.901209505107069 ], [ -79.085897813355814, 35.901236968343568 ], [ -79.085842134079101, 35.901246546051311 ], [ -79.085789369523113, 35.901240621924757 ], [ -79.085745386063735, 35.901223959753878 ], [ -79.085733090647111, 35.901209241954973 ] ] } },
{ "type": "Feature", "properties": { "FEEDER_NAME": "RSDC", "SUBSTATION_NAME": "CARRBORO", "wmType": "SECONDARY UNDERGROUND", "WKT": "LINESTRING (-79.08537989431869 35.90095747813738, -79.08553271453805 35.90109622902164, -79.08551891048559 35.90119041977153)" }, "geometry": { "type": "LineString", "coordinates": [ [ -79.085379894318692, 35.900957478137379 ], [ -79.085532714538047, 35.90109622902164 ], [ -79.08551891048559, 35.901190419771531 ] ] } },
{ "type": "Feature", "properties": { "FEEDER_NAME": "RSDC", "SUBSTATION_NAME": "CARRBORO", "wmType": "SECONDARY UNDERGROUND", "WKT": "LINESTRING (-79.08537989431869 35.90095747813738, -79.08505778581252 35.9008027469596)" }, "geometry": { "type": "LineString", "coordinates": [ [ -79.085379894318692, 35.900957478137379 ], [ -79.085057785812523, 35.900802746959599 ] ] } },
{ "type": "Feature", "properties": { "FEEDER_NAME": "RSDC", "SUBSTATION_NAME": "CARRBORO", "wmType": "SECONDARY UNDERGROUND", "WKT": "LINESTRING (-79.08537989431869 35.90095747813738, -79.08526881832171 35.90095547920525)" }, "geometry": { "type": "LineString", "coordinates": [ [ -79.085379894318692, 35.900957478137379 ], [ -79.085268818321708, 35.900955479205251 ] ] } },
{ "type": "Feature", "properties": { "FEEDER_NAME": "RSDC", "SUBSTATION_NAME": "CARRBORO", "wmType": "SECONDARY UNDERGROUND", "WKT": "LINESTRING (-79.08531335716475 35.9007346704277, -79.08541129953687 35.900521341137676)" }, "geometry": { "type": "LineString", "coordinates": [ [ -79.08531335716475, 35.900734670427703 ], [ -79.085411299536872, 35.900521341137676 ] ] } },
{ "type": "Feature", "properties": { "FEEDER_NAME": "RSDC", "SUBSTATION_NAME": "CARRBORO", "wmType": "SECONDARY UNDERGROUND", "WKT": "LINESTRING (-79.08531335716475 35.9007346704277, -79.08550289735457 35.900681751850804)" }, "geometry": { "type": "LineString", "coordinates": [ [ -79.08531335716475, 35.900734670427703 ], [ -79.085502897354573, 35.900681751850804 ] ] } },
{ "type": "Feature", "properties": { "FEEDER_NAME": "RSDC", "SUBSTATION_NAME": "CARRBORO", "wmType": "SECONDARY UNDERGROUND", "WKT": "LINESTRING (-79.08559826990168 35.90050573918749, -79.08536546442663 35.90036535439535)" }, "geometry": { "type": "LineString", "coordinates": [ [ -79.085598269901681, 35.900505739187487 ], [ -79.08536546442663, 35.900365354395348 ] ] } },
{ "type": "Feature", "properties": { "FEEDER_NAME": "RSDC", "SUBSTATION_NAME": "CARRBORO", "wmType": "SECONDARY UNDERGROUND", "WKT": "LINESTRING (-79.08559826990168 35.90050573918749, -79.0855942013529 35.900476761440295, -79.0855708326156 35.900403348409675, -79.08553680392026 35.90034257645698, -79.08550182131411 35.900298386494356, -79.08542604740934 35.900221851966954, -79.08535999940187 35.900165839641595, -79.08528552476905 35.900116202702115)" }, "geometry": { "type": "LineString", "coordinates": [ [ -79.085598269901681, 35.900505739187487 ], [ -79.085594201352905, 35.900476761440295 ], [ -79.085570832615602, 35.900403348409675 ], [ -79.085536803920263, 35.900342576456978 ], [ -79.085501821314111, 35.900298386494356 ], [ -79.085426047409342, 35.900221851966954 ], [ -79.085359999401874, 35.900165839641595 ], [ -79.085285524769048, 35.900116202702115 ] ] } },
{ "type": "Feature", "properties": { "FEEDER_NAME": "RSDC", "SUBSTATION_NAME": "CARRBORO", "wmType": "SECONDARY UNDERGROUND", "WKT": "LINESTRING (-79.08559826990168 35.90050573918749, -79.08574800364816 35.9005821405269)" }, "geometry": { "type": "LineString", "coordinates": [ [ -79.085598269901681, 35.900505739187487 ], [ -79.085748003648163, 35.9005821405269 ] ] } },
{ "type": "Feature", "properties": { "FEEDER_NAME": "RSDC", "SUBSTATION_NAME": "CARRBORO", "wmType": "SECONDARY UNDERGROUND", "WKT": "LINESTRING (-79.08559826990168 35.90050573918749, -79.0857570168069 35.90043739432216)" }, "geometry": { "type": "LineString", "coordinates": [ [ -79.085598269901681, 35.900505739187487 ], [ -79.085757016806895, 35.900437394322161 ] ] } },
{ "type": "Feature", "properties": { "FEEDER_NAME": "RSDC", "SUBSTATION_NAME": "CARRBORO", "wmType": "SECONDARY UNDERGROUND", "WKT": "LINESTRING (-79.08602710256665 35.90049402433913, -79.08605075827651 35.90054524331295)" }, "geometry": { "type": "LineString", "coordinates": [ [ -79.086027102566646, 35.900494024339132 ], [ -79.086050758276514, 35.900545243312948 ] ] } },
{ "type": "Feature", "properties": { "FEEDER_NAME": "RSDC", "SUBSTATION_NAME": "CARRBORO", "wmType": "SECONDARY UNDERGROUND", "WKT": "LINESTRING (-79.08602710256665 35.90049402433913, -79.08603995217864 35.90030630292091)" }, "geometry": { "type": "LineString", "coordinates": [ [ -79.086027102566646, 35.900494024339132 ], [ -79.086039952178638, 35.90030630292091 ] ] } },
{ "type": "Feature", "properties": { "FEEDER_NAME": "RSDC", "SUBSTATION_NAME": "CARRBORO", "wmType": "SECONDARY UNDERGROUND", "WKT": "LINESTRING (-79.08602710256665 35.90049402433913, -79.08620743728366 35.90055013225675)" }, "geometry": { "type": "LineString", "coordinates": [ [ -79.086027102566646, 35.900494024339132 ], [ -79.086207437283662, 35.900550132256747 ] ] } },
{ "type": "Feature", "properties": { "FEEDER_NAME": "RSDC", "SUBSTATION_NAME": "CARRBORO", "wmType": "SECONDARY UNDERGROUND", "WKT": "LINESTRING (-79.08602710256665 35.90049402433913, -79.08620436275186 35.90038156401833)" }, "geometry": { "type": "LineString", "coordinates": [ [ -79.086027102566646, 35.900494024339132 ], [ -79.086204362751857, 35.900381564018332 ] ] } },
{ "type": "Feature", "properties": { "FEEDER_NAME": "RSDC", "SUBSTATION_NAME": "CARRBORO", "wmType": "SECONDARY UNDERGROUND", "WKT": "LINESTRING (-79.09452668760443 35.905927321934364, -79.09468424291966 35.905443762508845)" }, "geometry": { "type": "LineString", "coordinates": [ [ -79.094526687604429, 35.905927321934364 ], [ -79.094684242919655, 35.905443762508845 ] ] } },
{ "type": "Feature", "properties": { "FEEDER_NAME": "RSDC", "SUBSTATION_NAME": "CARRBORO", "wmType": "SECONDARY UNDERGROUND", "WKT": "LINESTRING (-79.09367169079768 35.90589130991658, -79.09383059200597 35.90541473206388)" }, "geometry": { "type": "LineString", "coordinates": [ [ -79.093671690797677, 35.905891309916584 ], [ -79.093830592005972, 35.905414732063882 ] ] } },
{ "type": "Feature", "properties": { "FEEDER_NAME": "RSDC", "SUBSTATION_NAME": "CARRBORO", "wmType": "SECONDARY UNDERGROUND", "WKT": "LINESTRING (-79.09275668321156 35.90586932128189, -79.09310188666653 35.90561951327263)" }, "geometry": { "type": "LineString", "coordinates": [ [ -79.092756683211562, 35.905869321281891 ], [ -79.093101886666531, 35.905619513272633 ] ] } },
{ "type": "Feature", "properties": { "FEEDER_NAME": "RSDC", "SUBSTATION_NAME": "CARRBORO", "wmType": "SECONDARY UNDERGROUND", "WKT": "LINESTRING (-79.09220350790783 35.90788000314307, -79.09209102023772 35.90784937886434)" }, "geometry": { "type": "LineString", "coordinates": [ [ -79.092203507907826, 35.90788000314307 ], [ -79.092091020237717, 35.907849378864341 ] ] } },
{ "type": "Feature", "properties": { "FEEDER_NAME": "RSDC", "SUBSTATION_NAME": "CARRBORO", "wmType": "SECONDARY UNDERGROUND", "WKT": "LINESTRING (-79.09220350790783 35.90788000314307, -79.09207519934631 35.90779653113259)" }, "geometry": { "type": "LineString", "coordinates": [ [ -79.092203507907826, 35.90788000314307 ], [ -79.092075199346311, 35.90779653113259 ] ] } },
{ "type": "Feature", "properties": { "FEEDER_NAME": "RSDC", "SUBSTATION_NAME": "CARRBORO", "wmType": "SECONDARY UNDERGROUND", "WKT": "LINESTRING (-79.09207519934631 35.90779653113259, -79.09198378274202 35.90782350219816)" }, "geometry": { "type": "LineString", "coordinates": [ [ -79.092075199346311, 35.90779653113259 ], [ -79.09198378274202, 35.907823502198163 ] ] } },
{ "type": "Feature", "properties": { "FEEDER_NAME": "RSDC", "SUBSTATION_NAME": "CARRBORO", "wmType": "SECONDARY UNDERGROUND", "WKT": "LINESTRING (-79.09198378274202 35.90782350219816, -79.09188764018175 35.90785268675097)" }, "geometry": { "type": "LineString", "coordinates": [ [ -79.09198378274202, 35.907823502198163 ], [ -79.091887640181753, 35.907852686750971 ] ] } },
{ "type": "Feature", "properties": { "FEEDER_NAME": "RSDC", "SUBSTATION_NAME": "CARRBORO", "wmType": "SECONDARY UNDERGROUND", "WKT": "LINESTRING (-79.09188764018175 35.90785268675097, -79.0918795642179 35.90779660198704)" }, "geometry": { "type": "LineString", "coordinates": [ [ -79.091887640181753, 35.907852686750971 ], [ -79.091879564217905, 35.907796601987037 ] ] } },
{ "type": "Feature", "properties": { "FEEDER_NAME": "RSDC", "SUBSTATION_NAME": "CARRBORO", "wmType": "SECONDARY UNDERGROUND", "WKT": "LINESTRING (-79.0918795642179 35.90779660198704, -79.09197172084093 35.90776959078415)" }, "geometry": { "type": "LineString", "coordinates": [ [ -79.091879564217905, 35.907796601987037 ], [ -79.091971720840931, 35.907769590784149 ] ] } },
{ "type": "Feature", "properties": { "FEEDER_NAME": "RSDC", "SUBSTATION_NAME": "CARRBORO", "wmType": "SECONDARY UNDERGROUND", "WKT": "LINESTRING (-79.09197172084093 35.90776959078415, -79.09206457689315 35.90774489353208)" }, "geometry": { "type": "LineString", "coordinates": [ [ -79.091971720840931, 35.907769590784149 ], [ -79.092064576893151, 35.907744893532083 ] ] } },
{ "type": "Feature", "properties": { "FEEDER_NAME": "RSDC", "SUBSTATION_NAME": "CARRBORO", "wmType": "SECONDARY UNDERGROUND", "WKT": "LINESTRING (-79.09220350790783 35.90788000314307, -79.09217346731039 35.90790477113678, -79.09214716494196 35.90794337041283, -79.09210910391934 35.90794636443905)" }, "geometry": { "type": "LineString", "coordinates": [ [ -79.092203507907826, 35.90788000314307 ], [ -79.092173467310388, 35.907904771136778 ], [ -79.092147164941963, 35.907943370412831 ], [ -79.092109103919341, 35.907946364439049 ] ] } },
{ "type": "Feature", "properties": { "FEEDER_NAME": "RSDC", "SUBSTATION_NAME": "CARRBORO", "wmType": "SECONDARY UNDERGROUND", "WKT": "LINESTRING (-79.09210910391934 35.90794636443905, -79.092022675211 35.907958121363166)" }, "geometry": { "type": "LineString", "coordinates": [ [ -79.092109103919341, 35.907946364439049 ], [ -79.092022675210998, 35.907958121363166 ] ] } },
{ "type": "Feature", "properties": { "FEEDER_NAME": "RSDC", "SUBSTATION_NAME": "CARRBORO", "wmType": "SECONDARY UNDERGROUND", "WKT": "LINESTRING (-79.092022675211 35.907958121363166, -79.09194474717376 35.907977622132755)" }, "geometry": { "type": "LineString", "coordinates": [ [ -79.092022675210998, 35.907958121363166 ], [ -79.091944747173756, 35.907977622132755 ] ] } },
{ "type": "Feature", "properties": { "FEEDER_NAME": "RSDC", "SUBSTATION_NAME": "CARRBORO", "wmType": "SECONDARY UNDERGROUND", "WKT": "LINESTRING (-79.09194474717376 35.907977622132755, -79.09193360964318 35.90792892676821)" }, "geometry": { "type": "LineString", "coordinates": [ [ -79.091944747173756, 35.907977622132755 ], [ -79.091933609643178, 35.907928926768207 ] ] } },
{ "type": "Feature", "properties": { "FEEDER_NAME": "RSDC", "SUBSTATION_NAME": "CARRBORO", "wmType": "SECONDARY UNDERGROUND", "WKT": "LINESTRING (-79.09193360964318 35.90792892676821, -79.09201737083056 35.90791254011809)" }, "geometry": { "type": "LineString", "coordinates": [ [ -79.091933609643178, 35.907928926768207 ], [ -79.092017370830561, 35.90791254011809 ] ] } },
{ "type": "Feature", "properties": { "FEEDER_NAME": "RSDC", "SUBSTATION_NAME": "CARRBORO", "wmType": "SECONDARY UNDERGROUND", "WKT": "LINESTRING (-79.09201737083056 35.90791254011809, -79.09210102403937 35.90789767489277)" }, "geometry": { "type": "LineString", "coordinates": [ [ -79.092017370830561, 35.90791254011809 ], [ -79.092101024039366, 35.907897674892773 ] ] } },
{ "type": "Feature", "properties": { "FEEDER_NAME": "RSDC", "SUBSTATION_NAME": "CARRBORO", "wmType": "SECONDARY UNDERGROUND", "WKT": "LINESTRING (-79.09220350790783 35.90788000314307, -79.09216564933698 35.90797979346342, -79.09191029824578 35.90801020498265)" }, "geometry": { "type": "LineString", "coordinates": [ [ -79.092203507907826, 35.90788000314307 ], [ -79.092165649336977, 35.907979793463419 ], [ -79.091910298245779, 35.908010204982652 ] ] } },
{ "type": "Feature", "properties": { "FEEDER_NAME": "RSDC", "SUBSTATION_NAME": "CARRBORO", "wmType": "SECONDARY UNDERGROUND", "WKT": "LINESTRING (-79.09232443848389 35.908192370307496, -79.0922411899915 35.90809621638279)" }, "geometry": { "type": "LineString", "coordinates": [ [ -79.092324438483885, 35.908192370307496 ], [ -79.092241189991498, 35.908096216382788 ] ] } },
{ "type": "Feature", "properties": { "FEEDER_NAME": "RSDC", "SUBSTATION_NAME": "CARRBORO", "wmType": "SECONDARY UNDERGROUND", "WKT": "LINESTRING (-79.09232443848389 35.908192370307496, -79.09236400029874 35.908169570730514)" }, "geometry": { "type": "LineString", "coordinates": [ [ -79.092324438483885, 35.908192370307496 ], [ -79.092364000298744, 35.908169570730514 ] ] } },
{ "type": "Feature", "properties": { "FEEDER_NAME": "RSDC", "SUBSTATION_NAME": "CARRBORO", "wmType": "SECONDARY UNDERGROUND", "WKT": "LINESTRING (-79.09232443848389 35.908192370307496, -79.09244597754142 35.908296056205856)" }, "geometry": { "type": "LineString", "coordinates": [ [ -79.092324438483885, 35.908192370307496 ], [ -79.092445977541416, 35.908296056205856 ] ] } },
{ "type": "Feature", "properties": { "FEEDER_NAME": "RSDC", "SUBSTATION_NAME": "CARRBORO", "wmType": "SECONDARY UNDERGROUND", "WKT": "LINESTRING (-79.09232443848389 35.908192370307496, -79.09224298847802 35.90819938186024, -79.09216646089122 35.90821232292334, -79.09211984137347 35.90822309535894, -79.09211740657904 35.908238923189806)" }, "geometry": { "type": "LineString", "coordinates": [ [ -79.092324438483885, 35.908192370307496 ], [ -79.09224298847802, 35.908199381860243 ], [ -79.092166460891221, 35.90821232292334 ], [ -79.092119841373474, 35.908223095358942 ], [ -79.092117406579035, 35.908238923189806 ] ] } },
{ "type": "Feature", "properties": { "FEEDER_NAME": "RSDC", "SUBSTATION_NAME": "CARRBORO", "wmType": "SECONDARY UNDERGROUND", "WKT": "LINESTRING (-79.09232443848389 35.908192370307496, -79.09229848253088 35.908255884991114, -79.09225230383906 35.90830730143605)" }, "geometry": { "type": "LineString", "coordinates": [ [ -79.092324438483885, 35.908192370307496 ], [ -79.092298482530879, 35.908255884991114 ], [ -79.092252303839061, 35.908307301436047 ] ] } },
{ "type": "Feature", "properties": { "FEEDER_NAME": "RSDC", "SUBSTATION_NAME": "CARRBORO", "wmType": "SECONDARY UNDERGROUND", "WKT": "LINESTRING (-79.09232443848389 35.908192370307496, -79.09231249736844 35.908200760565556, -79.09229405859782 35.90823441477525, -79.09227560456512 35.90825375538842, -79.09224746717246 35.90826880770583, -79.09222605760989 35.90827290409133)" }, "geometry": { "type": "LineString", "coordinates": [ [ -79.092324438483885, 35.908192370307496 ], [ -79.092312497368439, 35.908200760565556 ], [ -79.092294058597815, 35.908234414775251 ], [ -79.092275604565117, 35.908253755388422 ], [ -79.092247467172456, 35.908268807705831 ], [ -79.092226057609892, 35.908272904091334 ] ] } },
{ "type": "Feature", "properties": { "FEEDER_NAME": "RSDC", "SUBSTATION_NAME": "CARRBORO", "wmType": "SECONDARY UNDERGROUND", "WKT": "LINESTRING (-79.09222605760989 35.90827290409133, -79.09218696224784 35.908284165681046)" }, "geometry": { "type": "LineString", "coordinates": [ [ -79.092226057609892, 35.908272904091334 ], [ -79.092186962247837, 35.908284165681046 ] ] } },
{ "type": "Feature", "properties": { "FEEDER_NAME": "RSDC", "SUBSTATION_NAME": "CARRBORO", "wmType": "SECONDARY UNDERGROUND", "WKT": "LINESTRING (-79.09218696224784 35.908284165681046, -79.09214498818316 35.908297005812265)" }, "geometry": { "type": "LineString", "coordinates": [ [ -79.092186962247837, 35.908284165681046 ], [ -79.092144988183165, 35.908297005812265 ] ] } },
{ "type": "Feature", "properties": { "FEEDER_NAME": "RSDC", "SUBSTATION_NAME": "CARRBORO", "wmType": "SECONDARY UNDERGROUND", "WKT": "LINESTRING (-79.09214498818316 35.908297005812265, -79.09212895663987 35.90826452501606)" }, "geometry": { "type": "LineString", "coordinates": [ [ -79.092144988183165, 35.908297005812265 ], [ -79.092128956639868, 35.908264525016058 ] ] } },
{ "type": "Feature", "properties": { "FEEDER_NAME": "RSDC", "SUBSTATION_NAME": "CARRBORO", "wmType": "SECONDARY UNDERGROUND", "WKT": "LINESTRING (-79.09212895663987 35.90826452501606, -79.0921712525813 35.908254156923235)" }, "geometry": { "type": "LineString", "coordinates": [ [ -79.092128956639868, 35.908264525016058 ], [ -79.092171252581295, 35.908254156923235 ] ] } },
{ "type": "Feature", "properties": { "FEEDER_NAME": "RSDC", "SUBSTATION_NAME": "CARRBORO", "wmType": "SECONDARY UNDERGROUND", "WKT": "LINESTRING (-79.0921712525813 35.908254156923235, -79.09221656391253 35.90824162791441)" }, "geometry": { "type": "LineString", "coordinates": [ [ -79.092171252581295, 35.908254156923235 ], [ -79.09221656391253, 35.908241627914407 ] ] } },
{ "type": "Feature", "properties": { "FEEDER_NAME": "RSDC", "SUBSTATION_NAME": "CARRBORO", "wmType": "SECONDARY UNDERGROUND", "WKT": "LINESTRING (-79.09232443848389 35.908192370307496, -79.09225185635934 35.908191978156125, -79.09217705015021 35.90820467637511, -79.09210627861745 35.908222054677104, -79.09204874671401 35.908240827182475, -79.0919820151063 35.908268502463706, -79.09197108832475 35.90827553456007, -79.09197721930619 35.90829885027186)" }, "geometry": { "type": "LineString", "coordinates": [ [ -79.092324438483885, 35.908192370307496 ], [ -79.09225185635934, 35.908191978156125 ], [ -79.092177050150212, 35.908204676375107 ], [ -79.09210627861745, 35.908222054677104 ], [ -79.092048746714013, 35.908240827182475 ], [ -79.091982015106296, 35.908268502463706 ], [ -79.091971088324755, 35.908275534560069 ], [ -79.091977219306187, 35.908298850271862 ] ] } },
{ "type": "Feature", "properties": { "FEEDER_NAME": "RSDC", "SUBSTATION_NAME": "CARRBORO", "wmType": "SECONDARY UNDERGROUND", "WKT": "LINESTRING (-79.09197721930619 35.90829885027186, -79.0920156162761 35.908290099407)" }, "geometry": { "type": "LineString", "coordinates": [ [ -79.091977219306187, 35.908298850271862 ], [ -79.0920156162761, 35.908290099406997 ] ] } },
{ "type": "Feature", "properties": { "FEEDER_NAME": "RSDC", "SUBSTATION_NAME": "CARRBORO", "wmType": "SECONDARY UNDERGROUND", "WKT": "LINESTRING (-79.0920156162761 35.908290099407, -79.09206619695688 35.90827776386606)" }, "geometry": { "type": "LineString", "coordinates": [ [ -79.0920156162761, 35.908290099406997 ], [ -79.092066196956878, 35.90827776386606 ] ] } },
{ "type": "Feature", "properties": { "FEEDER_NAME": "RSDC", "SUBSTATION_NAME": "CARRBORO", "wmType": "SECONDARY UNDERGROUND", "WKT": "LINESTRING (-79.09206619695688 35.90827776386606, -79.0920817440868 35.90831197193385)" }, "geometry": { "type": "LineString", "coordinates": [ [ -79.092066196956878, 35.90827776386606 ], [ -79.092081744086798, 35.908311971933848 ] ] } },
{ "type": "Feature", "properties": { "FEEDER_NAME": "RSDC", "SUBSTATION_NAME": "CARRBORO", "wmType": "SECONDARY UNDERGROUND", "WKT": "LINESTRING (-79.0920817440868 35.90831197193385, -79.09202932420034 35.908324217836544)" }, "geometry": { "type": "LineString", "coordinates": [ [ -79.092081744086798, 35.908311971933848 ], [ -79.09202932420034, 35.908324217836544 ] ] } },
{ "type": "Feature", "properties": { "FEEDER_NAME": "RSDC", "SUBSTATION_NAME": "CARRBORO", "wmType": "SECONDARY UNDERGROUND", "WKT": "LINESTRING (-79.09202932420034 35.908324217836544, -79.09198911416854 35.90833151176299)" }, "geometry": { "type": "LineString", "coordinates": [ [ -79.09202932420034, 35.908324217836544 ], [ -79.091989114168541, 35.908331511762988 ] ] } },
{ "type": "Feature", "properties": { "FEEDER_NAME": "RSDC", "SUBSTATION_NAME": "CARRBORO", "wmType": "SECONDARY UNDERGROUND", "WKT": "LINESTRING (-79.09268163474951 35.908900088872265, -79.09264980948203 35.908913594739)" }, "geometry": { "type": "LineString", "coordinates": [ [ -79.092681634749511, 35.908900088872265 ], [ -79.092649809482026, 35.908913594738998 ] ] } },
{ "type": "Feature", "properties": { "FEEDER_NAME": "RSDC", "SUBSTATION_NAME": "CARRBORO", "wmType": "SECONDARY UNDERGROUND", "WKT": "LINESTRING (-79.09264980948203 35.908913594739, -79.09261896983435 35.90892965684737)" }, "geometry": { "type": "LineString", "coordinates": [ [ -79.092649809482026, 35.908913594738998 ], [ -79.092618969834348, 35.90892965684737 ] ] } },
{ "type": "Feature", "properties": { "FEEDER_NAME": "RSDC", "SUBSTATION_NAME": "CARRBORO", "wmType": "SECONDARY UNDERGROUND", "WKT": "LINESTRING (-79.09263706557981 35.90901321557857, -79.0926635643891 35.908986403310394, -79.09269345060467 35.90896204541639, -79.09271805359785 35.90893411155176, -79.09273034974692 35.90891549299393, -79.09268163474951 35.908900088872265)" }, "geometry": { "type": "LineString", "coordinates": [ [ -79.092637065579808, 35.909013215578568 ], [ -79.092663564389099, 35.908986403310394 ], [ -79.092693450604671, 35.908962045416388 ], [ -79.092718053597849, 35.908934111551758 ], [ -79.092730349746915, 35.908915492993927 ], [ -79.092681634749511, 35.908900088872265 ] ] } },
{ "type": "Feature", "properties": { "FEEDER_NAME": "RSDC", "SUBSTATION_NAME": "CARRBORO", "wmType": "SECONDARY UNDERGROUND", "WKT": "LINESTRING (-79.09261896983435 35.90892965684737, -79.09259441511401 35.90889826235026)" }, "geometry": { "type": "LineString", "coordinates": [ [ -79.092618969834348, 35.90892965684737 ], [ -79.092594415114007, 35.908898262350263 ] ] } },
{ "type": "Feature", "properties": { "FEEDER_NAME": "RSDC", "SUBSTATION_NAME": "CARRBORO", "wmType": "SECONDARY UNDERGROUND", "WKT": "LINESTRING (-79.09259441511401 35.90889826235026, -79.0926248741649 35.90888265749769)" }, "geometry": { "type": "LineString", "coordinates": [ [ -79.092594415114007, 35.908898262350263 ], [ -79.092624874164898, 35.908882657497692 ] ] } },
{ "type": "Feature", "properties": { "FEEDER_NAME": "RSDC", "SUBSTATION_NAME": "CARRBORO", "wmType": "SECONDARY UNDERGROUND", "WKT": "LINESTRING (-79.0926248741649 35.90888265749769, -79.09266133902824 35.90886701292612)" }, "geometry": { "type": "LineString", "coordinates": [ [ -79.092624874164898, 35.908882657497692 ], [ -79.09266133902824, 35.908867012926123 ] ] } },
{ "type": "Feature", "properties": { "FEEDER_NAME": "RSDC", "SUBSTATION_NAME": "CARRBORO", "wmType": "SECONDARY UNDERGROUND", "WKT": "LINESTRING (-79.09263706557981 35.90901321557857, -79.09267587945011 35.90898424705283, -79.09269961704459 35.90896776581198, -79.09272949227193 35.90893481849471, -79.09275671615062 35.90889113595597, -79.09273464943894 35.90882959730025, -79.09272142297618 35.90880312344708, -79.09256626561263 35.908793671205714)" }, "geometry": { "type": "LineString", "coordinates": [ [ -79.092637065579808, 35.909013215578568 ], [ -79.092675879450113, 35.908984247052828 ], [ -79.092699617044588, 35.90896776581198 ], [ -79.092729492271928, 35.908934818494707 ], [ -79.092756716150618, 35.908891135955969 ], [ -79.092734649438938, 35.908829597300247 ], [ -79.092721422976183, 35.908803123447079 ], [ -79.092566265612632, 35.908793671205714 ] ] } },
{ "type": "Feature", "properties": { "FEEDER_NAME": "RSDC", "SUBSTATION_NAME": "CARRBORO", "wmType": "SECONDARY UNDERGROUND", "WKT": "LINESTRING (-79.09256626561263 35.908793671205714, -79.09260261759867 35.908778162833606, -79.09260078933258 35.90871803915958, -79.09258134810878 35.90864361434452, -79.09262078780337 35.90860500861892)" }, "geometry": { "type": "LineString", "coordinates": [ [ -79.092566265612632, 35.908793671205714 ], [ -79.092602617598672, 35.908778162833606 ], [ -79.092600789332579, 35.908718039159581 ], [ -79.09258134810878, 35.90864361434452 ], [ -79.092620787803369, 35.90860500861892 ] ] } },
{ "type": "Feature", "properties": { "FEEDER_NAME": "RSDC", "SUBSTATION_NAME": "CARRBORO", "wmType": "SECONDARY UNDERGROUND", "WKT": "LINESTRING (-79.09263706557981 35.90901321557857, -79.09257858194745 35.90894534854623)" }, "geometry": { "type": "LineString", "coordinates": [ [ -79.092637065579808, 35.909013215578568 ], [ -79.09257858194745, 35.908945348546233 ] ] } },
{ "type": "Feature", "properties": { "FEEDER_NAME": "RSDC", "SUBSTATION_NAME": "CARRBORO", "wmType": "SECONDARY UNDERGROUND", "WKT": "LINESTRING (-79.0917888344518 35.91095745920327, -79.09179312987395 35.9109428584711, -79.09196792620239 35.91082132496456, -79.09193676775443 35.91074107209698)" }, "geometry": { "type": "LineString", "coordinates": [ [ -79.091788834451805, 35.910957459203267 ], [ -79.091793129873949, 35.910942858471103 ], [ -79.091967926202386, 35.910821324964559 ], [ -79.091936767754433, 35.910741072096982 ] ] } },
{ "type": "Feature", "properties": { "FEEDER_NAME": "RSDC", "SUBSTATION_NAME": "CARRBORO", "wmType": "SECONDARY UNDERGROUND", "WKT": "LINESTRING (-79.09193676775443 35.91074107209698, -79.09189836643752 35.91071003761751)" }, "geometry": { "type": "LineString", "coordinates": [ [ -79.091936767754433, 35.910741072096982 ], [ -79.091898366437519, 35.910710037617513 ] ] } },
{ "type": "Feature", "properties": { "FEEDER_NAME": "RSDC", "SUBSTATION_NAME": "CARRBORO", "wmType": "SECONDARY UNDERGROUND", "WKT": "LINESTRING (-79.09189836643752 35.91071003761751, -79.09186260294405 35.91067984475941)" }, "geometry": { "type": "LineString", "coordinates": [ [ -79.091898366437519, 35.910710037617513 ], [ -79.091862602944047, 35.910679844759407 ] ] } },
{ "type": "Feature", "properties": { "FEEDER_NAME": "RSDC", "SUBSTATION_NAME": "CARRBORO", "wmType": "SECONDARY UNDERGROUND", "WKT": "LINESTRING (-79.09186260294405 35.91067984475941, -79.0918135127007 35.91071230337456)" }, "geometry": { "type": "LineString", "coordinates": [ [ -79.091862602944047, 35.910679844759407 ], [ -79.091813512700696, 35.910712303374559 ] ] } },
{ "type": "Feature", "properties": { "FEEDER_NAME": "RSDC", "SUBSTATION_NAME": "CARRBORO", "wmType": "SECONDARY UNDERGROUND", "WKT": "LINESTRING (-79.0918135127007 35.91071230337456, -79.09185196725235 35.910740491525985)" }, "geometry": { "type": "LineString", "coordinates": [ [ -79.091813512700696, 35.910712303374559 ], [ -79.091851967252353, 35.910740491525985 ] ] } },
{ "type": "Feature", "properties": { "FEEDER_NAME": "RSDC", "SUBSTATION_NAME": "CARRBORO", "wmType": "SECONDARY UNDERGROUND", "WKT": "LINESTRING (-79.09185196725235 35.910740491525985, -79.09189347498548 35.91077234476739)" }, "geometry": { "type": "LineString", "coordinates": [ [ -79.091851967252353, 35.910740491525985 ], [ -79.091893474985483, 35.910772344767388 ] ] } },
{ "type": "Feature", "properties": { "FEEDER_NAME": "RSDC", "SUBSTATION_NAME": "CARRBORO", "wmType": "SECONDARY UNDERGROUND", "WKT": "LINESTRING (-79.0917888344518 35.91095745920327, -79.09166256552032 35.91103503010998, -79.09168386260043 35.91107171335884)" }, "geometry": { "type": "LineString", "coordinates": [ [ -79.091788834451805, 35.910957459203267 ], [ -79.091662565520323, 35.911035030109979 ], [ -79.091683862600433, 35.911071713358837 ] ] } },
{ "type": "Feature", "properties": { "FEEDER_NAME": "RSDC", "SUBSTATION_NAME": "CARRBORO", "wmType": "SECONDARY UNDERGROUND", "WKT": "LINESTRING (-79.0917888344518 35.91095745920327, -79.09174599435032 35.910959212908615, -79.091379937181 35.91105628930707)" }, "geometry": { "type": "LineString", "coordinates": [ [ -79.091788834451805, 35.910957459203267 ], [ -79.091745994350319, 35.910959212908615 ], [ -79.091379937181003, 35.911056289307069 ] ] } },
{ "type": "Feature", "properties": { "FEEDER_NAME": "RSDC", "SUBSTATION_NAME": "CARRBORO", "wmType": "SECONDARY UNDERGROUND", "WKT": "LINESTRING (-79.09142512201421 35.9109677141754, -79.09143811363258 35.910631256178256)" }, "geometry": { "type": "LineString", "coordinates": [ [ -79.091425122014215, 35.910967714175399 ], [ -79.091438113632577, 35.910631256178256 ] ] } },
{ "type": "Feature", "properties": { "FEEDER_NAME": "RSDC", "SUBSTATION_NAME": "CARRBORO", "wmType": "SECONDARY UNDERGROUND", "WKT": "LINESTRING (-79.0917888344518 35.91095745920327, -79.09176576177008 35.910934785355586, -79.09182955163595 35.910892247246885, -79.09179577928793 35.910851573424054)" }, "geometry": { "type": "LineString", "coordinates": [ [ -79.091788834451805, 35.910957459203267 ], [ -79.091765761770077, 35.910934785355586 ], [ -79.091829551635954, 35.910892247246885 ], [ -79.091795779287935, 35.910851573424054 ] ] } },
{ "type": "Feature", "properties": { "FEEDER_NAME": "RSDC", "SUBSTATION_NAME": "CARRBORO", "wmType": "SECONDARY UNDERGROUND", "WKT": "LINESTRING (-79.09179577928793 35.910851573424054, -79.09175274602512 35.91082563564704)" }, "geometry": { "type": "LineString", "coordinates": [ [ -79.091795779287935, 35.910851573424054 ], [ -79.091752746025122, 35.910825635647043 ] ] } },
{ "type": "Feature", "properties": { "FEEDER_NAME": "RSDC", "SUBSTATION_NAME": "CARRBORO", "wmType": "SECONDARY UNDERGROUND", "WKT": "LINESTRING (-79.09175274602512 35.91082563564704, -79.0917101949369 35.91079499900019)" }, "geometry": { "type": "LineString", "coordinates": [ [ -79.091752746025122, 35.910825635647043 ], [ -79.091710194936894, 35.910794999000188 ] ] } },
{ "type": "Feature", "properties": { "FEEDER_NAME": "RSDC", "SUBSTATION_NAME": "CARRBORO", "wmType": "SECONDARY UNDERGROUND", "WKT": "LINESTRING (-79.0917101949369 35.91079499900019, -79.09175383956627 35.91076422635367)" }, "geometry": { "type": "LineString", "coordinates": [ [ -79.091710194936894, 35.910794999000188 ], [ -79.091753839566266, 35.91076422635367 ] ] } },
{ "type": "Feature", "properties": { "FEEDER_NAME": "RSDC", "SUBSTATION_NAME": "CARRBORO", "wmType": "SECONDARY UNDERGROUND", "WKT": "LINESTRING (-79.09175383956627 35.91076422635367, -79.09179024978124 35.910791232650425)" }, "geometry": { "type": "LineString", "coordinates": [ [ -79.091753839566266, 35.91076422635367 ], [ -79.091790249781241, 35.910791232650425 ] ] } },
{ "type": "Feature", "properties": { "FEEDER_NAME": "RSDC", "SUBSTATION_NAME": "CARRBORO", "wmType": "SECONDARY UNDERGROUND", "WKT": "LINESTRING (-79.09179024978124 35.910791232650425, -79.09183093528709 35.91081710368237)" }, "geometry": { "type": "LineString", "coordinates": [ [ -79.091790249781241, 35.910791232650425 ], [ -79.091830935287092, 35.910817103682369 ] ] } },
{ "type": "Feature", "properties": { "FEEDER_NAME": "RSDC", "SUBSTATION_NAME": "CARRBORO", "wmType": "SECONDARY UNDERGROUND", "WKT": "LINESTRING (-79.0917888344518 35.91095745920327, -79.09171685000871 35.91101921201514, -79.09173592251055 35.911043307529255)" }, "geometry": { "type": "LineString", "coordinates": [ [ -79.091788834451805, 35.910957459203267 ], [ -79.091716850008709, 35.911019212015141 ], [ -79.091735922510551, 35.911043307529255 ] ] } },
{ "type": "Feature", "properties": { "FEEDER_NAME": "RSDC", "SUBSTATION_NAME": "CARRBORO", "wmType": "SECONDARY UNDERGROUND", "WKT": "LINESTRING (-79.09173592251055 35.911043307529255, -79.09176568593402 35.91107962387765)" }, "geometry": { "type": "LineString", "coordinates": [ [ -79.091735922510551, 35.911043307529255 ], [ -79.091765685934021, 35.911079623877647 ] ] } },
{ "type": "Feature", "properties": { "FEEDER_NAME": "RSDC", "SUBSTATION_NAME": "CARRBORO", "wmType": "SECONDARY UNDERGROUND", "WKT": "LINESTRING (-79.09176568593402 35.91107962387765, -79.09179725979894 35.91111990278607)" }, "geometry": { "type": "LineString", "coordinates": [ [ -79.091765685934021, 35.911079623877647 ], [ -79.091797259798938, 35.911119902786069 ] ] } },
{ "type": "Feature", "properties": { "FEEDER_NAME": "RSDC", "SUBSTATION_NAME": "CARRBORO", "wmType": "SECONDARY UNDERGROUND", "WKT": "LINESTRING (-79.09179725979894 35.91111990278607, -79.09185573888637 35.9110933541684)" }, "geometry": { "type": "LineString", "coordinates": [ [ -79.091797259798938, 35.911119902786069 ], [ -79.091855738886366, 35.911093354168401 ] ] } },
{ "type": "Feature", "properties": { "FEEDER_NAME": "RSDC", "SUBSTATION_NAME": "CARRBORO", "wmType": "SECONDARY UNDERGROUND", "WKT": "LINESTRING (-79.09185573888637 35.9110933541684, -79.09182846167303 35.91105906029737)" }, "geometry": { "type": "LineString", "coordinates": [ [ -79.091855738886366, 35.911093354168401 ], [ -79.091828461673032, 35.911059060297369 ] ] } },
{ "type": "Feature", "properties": { "FEEDER_NAME": "RSDC", "SUBSTATION_NAME": "CARRBORO", "wmType": "SECONDARY UNDERGROUND", "WKT": "LINESTRING (-79.09182846167303 35.91105906029737, -79.09179410344261 35.91101862936788)" }, "geometry": { "type": "LineString", "coordinates": [ [ -79.091828461673032, 35.911059060297369 ], [ -79.091794103442609, 35.911018629367881 ] ] } },
{ "type": "Feature", "properties": { "FEEDER_NAME": "RSDC", "SUBSTATION_NAME": "CARRBORO", "wmType": "SECONDARY UNDERGROUND", "WKT": "LINESTRING (-79.0917888344518 35.91095745920327, -79.09155788356564 35.91107297333144, -79.09158711186446 35.911110328425245)" }, "geometry": { "type": "LineString", "coordinates": [ [ -79.091788834451805, 35.910957459203267 ], [ -79.091557883565642, 35.911072973331443 ], [ -79.091587111864456, 35.911110328425245 ] ] } },
{ "type": "Feature", "properties": { "FEEDER_NAME": "RSDC", "SUBSTATION_NAME": "CARRBORO", "wmType": "SECONDARY UNDERGROUND", "WKT": "LINESTRING (-79.09158711186446 35.911110328425245, -79.09161763816275 35.91115211604547)" }, "geometry": { "type": "LineString", "coordinates": [ [ -79.091587111864456, 35.911110328425245 ], [ -79.091617638162745, 35.911152116045471 ] ] } },
{ "type": "Feature", "properties": { "FEEDER_NAME": "RSDC", "SUBSTATION_NAME": "CARRBORO", "wmType": "SECONDARY UNDERGROUND", "WKT": "LINESTRING (-79.09161763816275 35.91115211604547, -79.09165165391795 35.911192462557416)" }, "geometry": { "type": "LineString", "coordinates": [ [ -79.091617638162745, 35.911152116045471 ], [ -79.09165165391795, 35.911192462557416 ] ] } },
{ "type": "Feature", "properties": { "FEEDER_NAME": "RSDC", "SUBSTATION_NAME": "CARRBORO", "wmType": "SECONDARY UNDERGROUND", "WKT": "LINESTRING (-79.09165165391795 35.911192462557416, -79.09171096685775 35.91116351141168)" }, "geometry": { "type": "LineString", "coordinates": [ [ -79.09165165391795, 35.911192462557416 ], [ -79.091710966857747, 35.911163511411679 ] ] } },
{ "type": "Feature", "properties": { "FEEDER_NAME": "RSDC", "SUBSTATION_NAME": "CARRBORO", "wmType": "SECONDARY UNDERGROUND", "WKT": "LINESTRING (-79.09171096685775 35.91116351141168, -79.09167552412335 35.91112222412646)" }, "geometry": { "type": "LineString", "coordinates": [ [ -79.091710966857747, 35.911163511411679 ], [ -79.091675524123346, 35.911122224126458 ] ] } },
{ "type": "Feature", "properties": { "FEEDER_NAME": "RSDC", "SUBSTATION_NAME": "CARRBORO", "wmType": "SECONDARY UNDERGROUND", "WKT": "LINESTRING (-79.09167552412335 35.91112222412646, -79.0916448750401 35.91108550553953)" }, "geometry": { "type": "LineString", "coordinates": [ [ -79.091675524123346, 35.911122224126458 ], [ -79.091644875040103, 35.911085505539532 ] ] } },
{ "type": "Feature", "properties": { "FEEDER_NAME": "RSDC", "SUBSTATION_NAME": "CARRBORO", "wmType": "SECONDARY UNDERGROUND", "WKT": "LINESTRING (-79.0917888344518 35.91095745920327, -79.09178069001328 35.91093882187964, -79.09190329512381 35.91085374755675, -79.09185740510117 35.91079521364464)" }, "geometry": { "type": "LineString", "coordinates": [ [ -79.091788834451805, 35.910957459203267 ], [ -79.09178069001328, 35.91093882187964 ], [ -79.091903295123814, 35.91085374755675 ], [ -79.091857405101166, 35.91079521364464 ] ] } },
{ "type": "Feature", "properties": { "FEEDER_NAME": "RSDC", "SUBSTATION_NAME": "CARRBORO", "wmType": "SECONDARY UNDERGROUND", "WKT": "LINESTRING (-79.09205642495168 35.91070327407571, -79.09203248021909 35.91059299879261, -79.09210109861634 35.910510236248115)" }, "geometry": { "type": "LineString", "coordinates": [ [ -79.092056424951679, 35.910703274075708 ], [ -79.092032480219089, 35.910592998792609 ], [ -79.09210109861634, 35.910510236248115 ] ] } },
{ "type": "Feature", "properties": { "FEEDER_NAME": "RSDC", "SUBSTATION_NAME": "CARRBORO", "wmType": "SECONDARY UNDERGROUND", "WKT": "LINESTRING (-79.09205642495168 35.91070327407571, -79.09201919260026 35.91084543943091, -79.09204847016662 35.91100949683268, -79.0921048571432 35.91104785970047)" }, "geometry": { "type": "LineString", "coordinates": [ [ -79.092056424951679, 35.910703274075708 ], [ -79.092019192600262, 35.910845439430908 ], [ -79.092048470166617, 35.911009496832683 ], [ -79.092104857143198, 35.911047859700467 ] ] } },
{ "type": "Feature", "properties": { "FEEDER_NAME": "RSDC", "SUBSTATION_NAME": "CARRBORO", "wmType": "SECONDARY UNDERGROUND", "WKT": "LINESTRING (-79.09205642495168 35.91070327407571, -79.09199655756423 35.91055632842791)" }, "geometry": { "type": "LineString", "coordinates": [ [ -79.092056424951679, 35.910703274075708 ], [ -79.091996557564229, 35.910556328427909 ] ] } },
{ "type": "Feature", "properties": { "FEEDER_NAME": "RSDC", "SUBSTATION_NAME": "CARRBORO", "wmType": "SECONDARY UNDERGROUND", "WKT": "LINESTRING (-79.09199655756423 35.91055632842791, -79.09204420014287 35.91053698478777)" }, "geometry": { "type": "LineString", "coordinates": [ [ -79.091996557564229, 35.910556328427909 ], [ -79.092044200142865, 35.910536984787768 ] ] } },
{ "type": "Feature", "properties": { "FEEDER_NAME": "RSDC", "SUBSTATION_NAME": "CARRBORO", "wmType": "SECONDARY UNDERGROUND", "WKT": "LINESTRING (-79.09204420014287 35.91053698478777, -79.09201392054604 35.910496813115074)" }, "geometry": { "type": "LineString", "coordinates": [ [ -79.092044200142865, 35.910536984787768 ], [ -79.092013920546037, 35.910496813115074 ] ] } },
{ "type": "Feature", "properties": { "FEEDER_NAME": "RSDC", "SUBSTATION_NAME": "CARRBORO", "wmType": "SECONDARY UNDERGROUND", "WKT": "LINESTRING (-79.09201392054604 35.910496813115074, -79.09198272881139 35.9104534100493)" }, "geometry": { "type": "LineString", "coordinates": [ [ -79.092013920546037, 35.910496813115074 ], [ -79.091982728811388, 35.9104534100493 ] ] } },
{ "type": "Feature", "properties": { "FEEDER_NAME": "RSDC", "SUBSTATION_NAME": "CARRBORO", "wmType": "SECONDARY UNDERGROUND", "WKT": "LINESTRING (-79.09198272881139 35.9104534100493, -79.09192673415775 35.91047800373919)" }, "geometry": { "type": "LineString", "coordinates": [ [ -79.091982728811388, 35.9104534100493 ], [ -79.091926734157752, 35.910478003739193 ] ] } },
{ "type": "Feature", "properties": { "FEEDER_NAME": "RSDC", "SUBSTATION_NAME": "CARRBORO", "wmType": "SECONDARY UNDERGROUND", "WKT": "LINESTRING (-79.09192673415775 35.91047800373919, -79.09195940888333 35.91052000958299)" }, "geometry": { "type": "LineString", "coordinates": [ [ -79.091926734157752, 35.910478003739193 ], [ -79.091959408883326, 35.910520009582989 ] ] } },
{ "type": "Feature", "properties": { "FEEDER_NAME": "RSDC", "SUBSTATION_NAME": "CARRBORO", "wmType": "SECONDARY UNDERGROUND", "WKT": "LINESTRING (-79.09205642495168 35.91070327407571, -79.09219196200209 35.91078698931893)" }, "geometry": { "type": "LineString", "coordinates": [ [ -79.092056424951679, 35.910703274075708 ], [ -79.09219196200209, 35.910786989318929 ] ] } },
{ "type": "Feature", "properties": { "FEEDER_NAME": "RSDC", "SUBSTATION_NAME": "CARRBORO", "wmType": "SECONDARY UNDERGROUND", "WKT": "LINESTRING (-79.09219196200209 35.91078698931893, -79.09222160506391 35.91082744082828)" }, "geometry": { "type": "LineString", "coordinates": [ [ -79.09219196200209, 35.910786989318929 ], [ -79.092221605063912, 35.910827440828278 ] ] } },
{ "type": "Feature", "properties": { "FEEDER_NAME": "RSDC", "SUBSTATION_NAME": "CARRBORO", "wmType": "SECONDARY UNDERGROUND", "WKT": "LINESTRING (-79.09222160506391 35.91082744082828, -79.0922442953512 35.91086346587957)" }, "geometry": { "type": "LineString", "coordinates": [ [ -79.092221605063912, 35.910827440828278 ], [ -79.092244295351193, 35.910863465879572 ] ] } },
{ "type": "Feature", "properties": { "FEEDER_NAME": "RSDC", "SUBSTATION_NAME": "CARRBORO", "wmType": "SECONDARY UNDERGROUND", "WKT": "LINESTRING (-79.0922442953512 35.91086346587957, -79.09218725514077 35.91089045794122)" }, "geometry": { "type": "LineString", "coordinates": [ [ -79.092244295351193, 35.910863465879572 ], [ -79.092187255140772, 35.910890457941221 ] ] } },
{ "type": "Feature", "properties": { "FEEDER_NAME": "RSDC", "SUBSTATION_NAME": "CARRBORO", "wmType": "SECONDARY UNDERGROUND", "WKT": "LINESTRING (-79.09218725514077 35.91089045794122, -79.09216192912939 35.91085151374769)" }, "geometry": { "type": "LineString", "coordinates": [ [ -79.092187255140772, 35.910890457941221 ], [ -79.092161929129389, 35.910851513747687 ] ] } },
{ "type": "Feature", "properties": { "FEEDER_NAME": "RSDC", "SUBSTATION_NAME": "CARRBORO", "wmType": "SECONDARY UNDERGROUND", "WKT": "LINESTRING (-79.09216192912939 35.91085151374769, -79.09213464598608 35.91081400680167)" }, "geometry": { "type": "LineString", "coordinates": [ [ -79.092161929129389, 35.910851513747687 ], [ -79.092134645986079, 35.910814006801672 ] ] } },
{ "type": "Feature", "properties": { "FEEDER_NAME": "RSDC", "SUBSTATION_NAME": "CARRBORO", "wmType": "SECONDARY UNDERGROUND", "WKT": "LINESTRING (-79.09205642495168 35.91070327407571, -79.09214711450907 35.91077908001069, -79.09207152074165 35.910815422625056, -79.09208541293489 35.91083585279085)" }, "geometry": { "type": "LineString", "coordinates": [ [ -79.092056424951679, 35.910703274075708 ], [ -79.092147114509075, 35.910779080010691 ], [ -79.092071520741655, 35.910815422625056 ], [ -79.092085412934892, 35.910835852790854 ] ] } },
{ "type": "Feature", "properties": { "FEEDER_NAME": "RSDC", "SUBSTATION_NAME": "CARRBORO", "wmType": "SECONDARY UNDERGROUND", "WKT": "LINESTRING (-79.09205642495168 35.91070327407571, -79.09208497010127 35.91070497492791, -79.09222065474493 35.91064334231065, -79.092305380412 35.91073265685864)" }, "geometry": { "type": "LineString", "coordinates": [ [ -79.092056424951679, 35.910703274075708 ], [ -79.092084970101268, 35.91070497492791 ], [ -79.092220654744935, 35.910643342310649 ], [ -79.092305380412, 35.910732656858642 ] ] } },
{ "type": "Feature", "properties": { "FEEDER_NAME": "RSDC", "SUBSTATION_NAME": "CARRBORO", "wmType": "SECONDARY UNDERGROUND", "WKT": "LINESTRING (-79.092305380412 35.91073265685864, -79.09233078948135 35.91076863477333)" }, "geometry": { "type": "LineString", "coordinates": [ [ -79.092305380412, 35.910732656858642 ], [ -79.092330789481352, 35.910768634773333 ] ] } },
{ "type": "Feature", "properties": { "FEEDER_NAME": "RSDC", "SUBSTATION_NAME": "CARRBORO", "wmType": "SECONDARY UNDERGROUND", "WKT": "LINESTRING (-79.09233078948135 35.91076863477333, -79.09236299458914 35.91081144392108)" }, "geometry": { "type": "LineString", "coordinates": [ [ -79.092330789481352, 35.910768634773333 ], [ -79.092362994589138, 35.910811443921077 ] ] } },
{ "type": "Feature", "properties": { "FEEDER_NAME": "RSDC", "SUBSTATION_NAME": "CARRBORO", "wmType": "SECONDARY UNDERGROUND", "WKT": "LINESTRING (-79.09236299458914 35.91081144392108, -79.09229611824462 35.91083929521008)" }, "geometry": { "type": "LineString", "coordinates": [ [ -79.092362994589138, 35.910811443921077 ], [ -79.092296118244619, 35.910839295210081 ] ] } },
{ "type": "Feature", "properties": { "FEEDER_NAME": "RSDC", "SUBSTATION_NAME": "CARRBORO", "wmType": "SECONDARY UNDERGROUND", "WKT": "LINESTRING (-79.09229611824462 35.91083929521008, -79.09226846158073 35.91079976605255)" }, "geometry": { "type": "LineString", "coordinates": [ [ -79.092296118244619, 35.910839295210081 ], [ -79.09226846158073, 35.910799766052548 ] ] } },
{ "type": "Feature", "properties": { "FEEDER_NAME": "RSDC", "SUBSTATION_NAME": "CARRBORO", "wmType": "SECONDARY UNDERGROUND", "WKT": "LINESTRING (-79.09226846158073 35.91079976605255, -79.09224525161783 35.91076173960397)" }, "geometry": { "type": "LineString", "coordinates": [ [ -79.09226846158073, 35.910799766052548 ], [ -79.092245251617825, 35.91076173960397 ] ] } },
{ "type": "Feature", "properties": { "FEEDER_NAME": "RSDC", "SUBSTATION_NAME": "CARRBORO", "wmType": "SECONDARY UNDERGROUND", "WKT": "LINESTRING (-79.09205642495168 35.91070327407571, -79.092062647866 35.9106884826049, -79.09221091325408 35.91060390775299, -79.09215590225324 35.91048177588667)" }, "geometry": { "type": "LineString", "coordinates": [ [ -79.092056424951679, 35.910703274075708 ], [ -79.092062647866001, 35.910688482604897 ], [ -79.092210913254078, 35.910603907752993 ], [ -79.092155902253239, 35.910481775886673 ] ] } },
{ "type": "Feature", "properties": { "FEEDER_NAME": "RSDC", "SUBSTATION_NAME": "CARRBORO", "wmType": "SECONDARY UNDERGROUND", "WKT": "LINESTRING (-79.09215590225324 35.91048177588667, -79.09222229464612 35.91045626211513)" }, "geometry": { "type": "LineString", "coordinates": [ [ -79.092155902253239, 35.910481775886673 ], [ -79.09222229464612, 35.910456262115133 ] ] } },
{ "type": "Feature", "properties": { "FEEDER_NAME": "RSDC", "SUBSTATION_NAME": "CARRBORO", "wmType": "SECONDARY UNDERGROUND", "WKT": "LINESTRING (-79.09222229464612 35.91045626211513, -79.09219799963557 35.910422629423934)" }, "geometry": { "type": "LineString", "coordinates": [ [ -79.09222229464612, 35.910456262115133 ], [ -79.092197999635573, 35.910422629423934 ] ] } },
{ "type": "Feature", "properties": { "FEEDER_NAME": "RSDC", "SUBSTATION_NAME": "CARRBORO", "wmType": "SECONDARY UNDERGROUND", "WKT": "LINESTRING (-79.09219799963557 35.910422629423934, -79.09217140930348 35.91038727336719)" }, "geometry": { "type": "LineString", "coordinates": [ [ -79.092197999635573, 35.910422629423934 ], [ -79.092171409303475, 35.910387273367192 ] ] } },
{ "type": "Feature", "properties": { "FEEDER_NAME": "RSDC", "SUBSTATION_NAME": "CARRBORO", "wmType": "SECONDARY UNDERGROUND", "WKT": "LINESTRING (-79.09217140930348 35.91038727336719, -79.09210065993423 35.910413134698025)" }, "geometry": { "type": "LineString", "coordinates": [ [ -79.092171409303475, 35.910387273367192 ], [ -79.092100659934232, 35.910413134698025 ] ] } },
{ "type": "Feature", "properties": { "FEEDER_NAME": "RSDC", "SUBSTATION_NAME": "CARRBORO", "wmType": "SECONDARY UNDERGROUND", "WKT": "LINESTRING (-79.09210065993423 35.910413134698025, -79.09213197382631 35.91045092072171)" }, "geometry": { "type": "LineString", "coordinates": [ [ -79.092100659934232, 35.910413134698025 ], [ -79.092131973826312, 35.910450920721708 ] ] } },
{ "type": "Feature", "properties": { "FEEDER_NAME": "RSDC", "SUBSTATION_NAME": "CARRBORO", "wmType": "SECONDARY UNDERGROUND", "WKT": "LINESTRING (-79.09205642495168 35.91070327407571, -79.09205919549714 35.91071754592025)" }, "geometry": { "type": "LineString", "coordinates": [ [ -79.092056424951679, 35.910703274075708 ], [ -79.092059195497143, 35.910717545920249 ] ] } },
{ "type": "Feature", "properties": { "FEEDER_NAME": "RSDC", "SUBSTATION_NAME": "CARRBORO", "wmType": "SECONDARY UNDERGROUND", "WKT": "LINESTRING (-79.09260015752028 35.910427979682154, -79.09243327359603 35.91032213279824)" }, "geometry": { "type": "LineString", "coordinates": [ [ -79.09260015752028, 35.910427979682154 ], [ -79.092433273596029, 35.910322132798242 ] ] } },
{ "type": "Feature", "properties": { "FEEDER_NAME": "RSDC", "SUBSTATION_NAME": "CARRBORO", "wmType": "SECONDARY UNDERGROUND", "WKT": "LINESTRING (-79.09260015752028 35.910427979682154, -79.0925908720999 35.91046951606787, -79.09241062323031 35.91056589203628, -79.09246759864702 35.910644167597724)" }, "geometry": { "type": "LineString", "coordinates": [ [ -79.09260015752028, 35.910427979682154 ], [ -79.092590872099905, 35.91046951606787 ], [ -79.092410623230307, 35.910565892036281 ], [ -79.092467598647019, 35.910644167597724 ] ] } },
{ "type": "Feature", "properties": { "FEEDER_NAME": "RSDC", "SUBSTATION_NAME": "CARRBORO", "wmType": "SECONDARY UNDERGROUND", "WKT": "LINESTRING (-79.09246759864702 35.910644167597724, -79.09249823006354 35.91068559440423)" }, "geometry": { "type": "LineString", "coordinates": [ [ -79.092467598647019, 35.910644167597724 ], [ -79.092498230063541, 35.910685594404228 ] ] } },
{ "type": "Feature", "properties": { "FEEDER_NAME": "RSDC", "SUBSTATION_NAME": "CARRBORO", "wmType": "SECONDARY UNDERGROUND", "WKT": "LINESTRING (-79.09249823006354 35.91068559440423, -79.09253608601301 35.91072490126735)" }, "geometry": { "type": "LineString", "coordinates": [ [ -79.092498230063541, 35.910685594404228 ], [ -79.092536086013013, 35.910724901267351 ] ] } },
{ "type": "Feature", "properties": { "FEEDER_NAME": "RSDC", "SUBSTATION_NAME": "CARRBORO", "wmType": "SECONDARY UNDERGROUND", "WKT": "LINESTRING (-79.09253608601301 35.91072490126735, -79.09258944379717 35.91070319076632)" }, "geometry": { "type": "LineString", "coordinates": [ [ -79.092536086013013, 35.910724901267351 ], [ -79.092589443797166, 35.91070319076632 ] ] } },
{ "type": "Feature", "properties": { "FEEDER_NAME": "RSDC", "SUBSTATION_NAME": "CARRBORO", "wmType": "SECONDARY UNDERGROUND", "WKT": "LINESTRING (-79.09258944379717 35.91070319076632, -79.09255178038627 35.91065788920741)" }, "geometry": { "type": "LineString", "coordinates": [ [ -79.092589443797166, 35.91070319076632 ], [ -79.092551780386273, 35.910657889207407 ] ] } },
{ "type": "Feature", "properties": { "FEEDER_NAME": "RSDC", "SUBSTATION_NAME": "CARRBORO", "wmType": "SECONDARY UNDERGROUND", "WKT": "LINESTRING (-79.09255178038627 35.91065788920741, -79.09251379662727 35.91061627871471)" }, "geometry": { "type": "LineString", "coordinates": [ [ -79.092551780386273, 35.910657889207407 ], [ -79.092513796627273, 35.910616278714713 ] ] } },
{ "type": "Feature", "properties": { "FEEDER_NAME": "RSDC", "SUBSTATION_NAME": "CARRBORO", "wmType": "SECONDARY UNDERGROUND", "WKT": "LINESTRING (-79.09260015752028 35.910427979682154, -79.09259864597253 35.91048371019805, -79.09247246685678 35.910552280576304, -79.09250556015706 35.91060446256773, -79.09256206067313 35.91059018274089)" }, "geometry": { "type": "LineString", "coordinates": [ [ -79.09260015752028, 35.910427979682154 ], [ -79.092598645972529, 35.910483710198051 ], [ -79.092472466856776, 35.910552280576304 ], [ -79.092505560157065, 35.910604462567733 ], [ -79.092562060673131, 35.91059018274089 ] ] } },
{ "type": "Feature", "properties": { "FEEDER_NAME": "RSDC", "SUBSTATION_NAME": "CARRBORO", "wmType": "SECONDARY UNDERGROUND", "WKT": "LINESTRING (-79.09260015752028 35.910427979682154, -79.09249955401452 35.91032286039812, -79.09256145800629 35.91018713219055, -79.09253455603795 35.910167043619886)" }, "geometry": { "type": "LineString", "coordinates": [ [ -79.09260015752028, 35.910427979682154 ], [ -79.092499554014523, 35.910322860398118 ], [ -79.092561458006287, 35.910187132190551 ], [ -79.092534556037947, 35.910167043619886 ] ] } },
{ "type": "Feature", "properties": { "FEEDER_NAME": "RSDC", "SUBSTATION_NAME": "CARRBORO", "wmType": "SECONDARY UNDERGROUND", "WKT": "LINESTRING (-79.09253455603795 35.910167043619886, -79.092470043289 35.91014927466271)" }, "geometry": { "type": "LineString", "coordinates": [ [ -79.092534556037947, 35.910167043619886 ], [ -79.092470043288998, 35.910149274662707 ] ] } },
{ "type": "Feature", "properties": { "FEEDER_NAME": "RSDC", "SUBSTATION_NAME": "CARRBORO", "wmType": "SECONDARY UNDERGROUND", "WKT": "LINESTRING (-79.092470043289 35.91014927466271, -79.0923984022482 35.91013437000259)" }, "geometry": { "type": "LineString", "coordinates": [ [ -79.092470043288998, 35.910149274662707 ], [ -79.092398402248193, 35.910134370002588 ] ] } },
{ "type": "Feature", "properties": { "FEEDER_NAME": "RSDC", "SUBSTATION_NAME": "CARRBORO", "wmType": "SECONDARY UNDERGROUND", "WKT": "LINESTRING (-79.0923984022482 35.91013437000259, -79.09237953849082 35.91018136290769)" }, "geometry": { "type": "LineString", "coordinates": [ [ -79.092398402248193, 35.910134370002588 ], [ -79.092379538490817, 35.910181362907693 ] ] } },
{ "type": "Feature", "properties": { "FEEDER_NAME": "RSDC", "SUBSTATION_NAME": "CARRBORO", "wmType": "SECONDARY UNDERGROUND", "WKT": "LINESTRING (-79.09237953849082 35.91018136290769, -79.09243875573854 35.91019454829134)" }, "geometry": { "type": "LineString", "coordinates": [ [ -79.092379538490817, 35.910181362907693 ], [ -79.092438755738542, 35.910194548291337 ] ] } },
{ "type": "Feature", "properties": { "FEEDER_NAME": "RSDC", "SUBSTATION_NAME": "CARRBORO", "wmType": "SECONDARY UNDERGROUND", "WKT": "LINESTRING (-79.09243875573854 35.91019454829134, -79.09249894068628 35.91020911731425)" }, "geometry": { "type": "LineString", "coordinates": [ [ -79.092438755738542, 35.910194548291337 ], [ -79.092498940686284, 35.910209117314253 ] ] } },
{ "type": "Feature", "properties": { "FEEDER_NAME": "RSDC", "SUBSTATION_NAME": "CARRBORO", "wmType": "SECONDARY UNDERGROUND", "WKT": "LINESTRING (-79.09260015752028 35.910427979682154, -79.09239504094886 35.91038719347286, -79.09210707949543 35.910065660384106)" }, "geometry": { "type": "LineString", "coordinates": [ [ -79.09260015752028, 35.910427979682154 ], [ -79.092395040948858, 35.910387193472857 ], [ -79.092107079495435, 35.910065660384106 ] ] } },
{ "type": "Feature", "properties": { "FEEDER_NAME": "RSDC", "SUBSTATION_NAME": "CARRBORO", "wmType": "SECONDARY UNDERGROUND", "WKT": "LINESTRING (-79.09210707949543 35.910065660384106, -79.09216544999504 35.91004665379386, -79.09224665257825 35.90999404375607, -79.09238611663861 35.90987189187908, -79.09240925078805 35.909834146710054)" }, "geometry": { "type": "LineString", "coordinates": [ [ -79.092107079495435, 35.910065660384106 ], [ -79.092165449995036, 35.910046653793863 ], [ -79.092246652578254, 35.909994043756072 ], [ -79.092386116638608, 35.909871891879078 ], [ -79.092409250788052, 35.909834146710054 ] ] } },
{ "type": "Feature", "properties": { "FEEDER_NAME": "RSDC", "SUBSTATION_NAME": "CARRBORO", "wmType": "SECONDARY UNDERGROUND", "WKT": "LINESTRING (-79.09210707949543 35.910065660384106, -79.09197763185723 35.9101134225404, -79.09185938862979 35.91016241902142, -79.0917760377475 35.91019876910308, -79.09171209085916 35.9102508701389)" }, "geometry": { "type": "LineString", "coordinates": [ [ -79.092107079495435, 35.910065660384106 ], [ -79.091977631857233, 35.910113422540398 ], [ -79.091859388629786, 35.910162419021418 ], [ -79.091776037747493, 35.910198769103083 ], [ -79.091712090859161, 35.910250870138903 ] ] } },
{ "type": "Feature", "properties": { "FEEDER_NAME": "RSDC", "SUBSTATION_NAME": "CARRBORO", "wmType": "SECONDARY UNDERGROUND", "WKT": "LINESTRING (-79.09260015752028 35.910427979682154, -79.09270625933469 35.91076330640721, -79.09279336046751 35.91079330676772)" }, "geometry": { "type": "LineString", "coordinates": [ [ -79.09260015752028, 35.910427979682154 ], [ -79.09270625933469, 35.910763306407212 ], [ -79.09279336046751, 35.910793306767722 ] ] } },
{ "type": "Feature", "properties": { "FEEDER_NAME": "RSDC", "SUBSTATION_NAME": "CARRBORO", "wmType": "SECONDARY UNDERGROUND", "WKT": "LINESTRING (-79.09260015752028 35.910427979682154, -79.09258891225124 35.91045216296512, -79.09230206412829 35.91060541611976, -79.09236552494859 35.91069897111733)" }, "geometry": { "type": "LineString", "coordinates": [ [ -79.09260015752028, 35.910427979682154 ], [ -79.092588912251244, 35.910452162965122 ], [ -79.09230206412829, 35.910605416119758 ], [ -79.09236552494859, 35.910698971117327 ] ] } },
{ "type": "Feature", "properties": { "FEEDER_NAME": "RSDC", "SUBSTATION_NAME": "CARRBORO", "wmType": "SECONDARY UNDERGROUND", "WKT": "LINESTRING (-79.09236552494859 35.91069897111733, -79.09239932601409 35.91073937256968)" }, "geometry": { "type": "LineString", "coordinates": [ [ -79.09236552494859, 35.910698971117327 ], [ -79.092399326014089, 35.91073937256968 ] ] } },
{ "type": "Feature", "properties": { "FEEDER_NAME": "RSDC", "SUBSTATION_NAME": "CARRBORO", "wmType": "SECONDARY UNDERGROUND", "WKT": "LINESTRING (-79.09239932601409 35.91073937256968, -79.09243812128672 35.910781437639365)" }, "geometry": { "type": "LineString", "coordinates": [ [ -79.092399326014089, 35.91073937256968 ], [ -79.092438121286719, 35.910781437639365 ] ] } },
{ "type": "Feature", "properties": { "FEEDER_NAME": "RSDC", "SUBSTATION_NAME": "CARRBORO", "wmType": "SECONDARY UNDERGROUND", "WKT": "LINESTRING (-79.09243812128672 35.910781437639365, -79.09248706478762 35.910753563812804)" }, "geometry": { "type": "LineString", "coordinates": [ [ -79.092438121286719, 35.910781437639365 ], [ -79.092487064787619, 35.910753563812804 ] ] } },
{ "type": "Feature", "properties": { "FEEDER_NAME": "RSDC", "SUBSTATION_NAME": "CARRBORO", "wmType": "SECONDARY UNDERGROUND", "WKT": "LINESTRING (-79.09248706478762 35.910753563812804, -79.09245198572974 35.91070980780235)" }, "geometry": { "type": "LineString", "coordinates": [ [ -79.092487064787619, 35.910753563812804 ], [ -79.092451985729738, 35.910709807802348 ] ] } },
{ "type": "Feature", "properties": { "FEEDER_NAME": "RSDC", "SUBSTATION_NAME": "CARRBORO", "wmType": "SECONDARY UNDERGROUND", "WKT": "LINESTRING (-79.09245198572974 35.91070980780235, -79.09241477987413 35.91067120704214)" }, "geometry": { "type": "LineString", "coordinates": [ [ -79.092451985729738, 35.910709807802348 ], [ -79.092414779874133, 35.910671207042142 ] ] } },
{ "type": "Feature", "properties": { "FEEDER_NAME": "RSDC", "SUBSTATION_NAME": "CARRBORO", "wmType": "SECONDARY UNDERGROUND", "WKT": "LINESTRING (-79.09260015752028 35.910427979682154, -79.09247822595444 35.910326032025694, -79.09250143432796 35.91027079520029, -79.09247793627986 35.91025302399156)" }, "geometry": { "type": "LineString", "coordinates": [ [ -79.09260015752028, 35.910427979682154 ], [ -79.092478225954437, 35.910326032025694 ], [ -79.092501434327957, 35.91027079520029 ], [ -79.092477936279863, 35.910253023991558 ] ] } },
{ "type": "Feature", "properties": { "FEEDER_NAME": "RSDC", "SUBSTATION_NAME": "CARRBORO", "wmType": "SECONDARY UNDERGROUND", "WKT": "LINESTRING (-79.09247793627986 35.91025302399156, -79.09240694838539 35.91023677860427)" }, "geometry": { "type": "LineString", "coordinates": [ [ -79.092477936279863, 35.910253023991558 ], [ -79.092406948385388, 35.910236778604272 ] ] } },
{ "type": "Feature", "properties": { "FEEDER_NAME": "RSDC", "SUBSTATION_NAME": "CARRBORO", "wmType": "SECONDARY UNDERGROUND", "WKT": "LINESTRING (-79.09240694838539 35.91023677860427, -79.09234848961096 35.910222258702746)" }, "geometry": { "type": "LineString", "coordinates": [ [ -79.092406948385388, 35.910236778604272 ], [ -79.092348489610956, 35.910222258702746 ] ] } },
{ "type": "Feature", "properties": { "FEEDER_NAME": "RSDC", "SUBSTATION_NAME": "CARRBORO", "wmType": "SECONDARY UNDERGROUND", "WKT": "LINESTRING (-79.09234848961096 35.910222258702746, -79.09232931062779 35.91026684986439)" }, "geometry": { "type": "LineString", "coordinates": [ [ -79.092348489610956, 35.910222258702746 ], [ -79.09232931062779, 35.910266849864392 ] ] } },
{ "type": "Feature", "properties": { "FEEDER_NAME": "RSDC", "SUBSTATION_NAME": "CARRBORO", "wmType": "SECONDARY UNDERGROUND", "WKT": "LINESTRING (-79.09232931062779 35.91026684986439, -79.092389737658 35.91028284552042)" }, "geometry": { "type": "LineString", "coordinates": [ [ -79.09232931062779, 35.910266849864392 ], [ -79.092389737657996, 35.91028284552042 ] ] } },
{ "type": "Feature", "properties": { "FEEDER_NAME": "RSDC", "SUBSTATION_NAME": "CARRBORO", "wmType": "SECONDARY UNDERGROUND", "WKT": "LINESTRING (-79.092389737658 35.91028284552042, -79.09244750182273 35.910295428126496)" }, "geometry": { "type": "LineString", "coordinates": [ [ -79.092389737657996, 35.91028284552042 ], [ -79.092447501822733, 35.910295428126496 ] ] } },
{ "type": "Feature", "properties": { "FEEDER_NAME": "RSDC", "SUBSTATION_NAME": "CARRBORO", "wmType": "SECONDARY UNDERGROUND", "WKT": "LINESTRING (-79.09260015752028 35.910427979682154, -79.092576584425 35.91043081684435)" }, "geometry": { "type": "LineString", "coordinates": [ [ -79.09260015752028, 35.910427979682154 ], [ -79.092576584425004, 35.910430816844347 ] ] } },
{ "type": "Feature", "properties": { "FEEDER_NAME": "RSDC", "SUBSTATION_NAME": "CARRBORO", "wmType": "SECONDARY UNDERGROUND", "WKT": "LINESTRING (-79.09271982247523 35.9100733801688, -79.09269509030592 35.910027683960955, -79.09267112921607 35.90994042807155)" }, "geometry": { "type": "LineString", "coordinates": [ [ -79.092719822475232, 35.910073380168797 ], [ -79.092695090305924, 35.910027683960955 ], [ -79.092671129216072, 35.90994042807155 ] ] } },
{ "type": "Feature", "properties": { "FEEDER_NAME": "RSDC", "SUBSTATION_NAME": "CARRBORO", "wmType": "SECONDARY UNDERGROUND", "WKT": "LINESTRING (-79.09271982247523 35.9100733801688, -79.09316565578695 35.910432263956544)" }, "geometry": { "type": "LineString", "coordinates": [ [ -79.092719822475232, 35.910073380168797 ], [ -79.093165655786947, 35.910432263956544 ] ] } },
{ "type": "Feature", "properties": { "FEEDER_NAME": "RSDC", "SUBSTATION_NAME": "CARRBORO", "wmType": "SECONDARY UNDERGROUND", "WKT": "LINESTRING (-79.09271982247523 35.9100733801688, -79.09272313941796 35.910111865996825, -79.09267991379008 35.91032272354634, -79.09276165261598 35.91036855939489)" }, "geometry": { "type": "LineString", "coordinates": [ [ -79.092719822475232, 35.910073380168797 ], [ -79.092723139417956, 35.910111865996825 ], [ -79.092679913790079, 35.910322723546336 ], [ -79.092761652615977, 35.91036855939489 ] ] } },
{ "type": "Feature", "properties": { "FEEDER_NAME": "RSDC", "SUBSTATION_NAME": "CARRBORO", "wmType": "SECONDARY UNDERGROUND", "WKT": "LINESTRING (-79.09276165261598 35.91036855939489, -79.09284184839784 35.91042130034329)" }, "geometry": { "type": "LineString", "coordinates": [ [ -79.092761652615977, 35.91036855939489 ], [ -79.092841848397839, 35.910421300343287 ] ] } },
{ "type": "Feature", "properties": { "FEEDER_NAME": "RSDC", "SUBSTATION_NAME": "CARRBORO", "wmType": "SECONDARY UNDERGROUND", "WKT": "LINESTRING (-79.09284184839784 35.91042130034329, -79.092904827362 35.910468285106674)" }, "geometry": { "type": "LineString", "coordinates": [ [ -79.092841848397839, 35.910421300343287 ], [ -79.092904827362005, 35.910468285106674 ] ] } },
{ "type": "Feature", "properties": { "FEEDER_NAME": "RSDC", "SUBSTATION_NAME": "CARRBORO", "wmType": "SECONDARY UNDERGROUND", "WKT": "LINESTRING (-79.092904827362 35.910468285106674, -79.09287340172395 35.910523437227724)" }, "geometry": { "type": "LineString", "coordinates": [ [ -79.092904827362005, 35.910468285106674 ], [ -79.092873401723949, 35.910523437227724 ] ] } },
{ "type": "Feature", "properties": { "FEEDER_NAME": "RSDC", "SUBSTATION_NAME": "CARRBORO", "wmType": "SECONDARY UNDERGROUND", "WKT": "LINESTRING (-79.09287340172395 35.910523437227724, -79.09281224006159 35.910480614185495)" }, "geometry": { "type": "LineString", "coordinates": [ [ -79.092873401723949, 35.910523437227724 ], [ -79.092812240061591, 35.910480614185495 ] ] } },
{ "type": "Feature", "properties": { "FEEDER_NAME": "RSDC", "SUBSTATION_NAME": "CARRBORO", "wmType": "SECONDARY UNDERGROUND", "WKT": "LINESTRING (-79.09281224006159 35.910480614185495, -79.0927430159254 35.91042115648198)" }, "geometry": { "type": "LineString", "coordinates": [ [ -79.092812240061591, 35.910480614185495 ], [ -79.092743015925393, 35.910421156481981 ] ] } },
{ "type": "Feature", "properties": { "FEEDER_NAME": "RSDC", "SUBSTATION_NAME": "CARRBORO", "wmType": "SECONDARY UNDERGROUND", "WKT": "LINESTRING (-79.09271982247523 35.9100733801688, -79.09264664238276 35.910059274476765, -79.09259436267675 35.91013188798921, -79.0925689815138 35.91012598298054)" }, "geometry": { "type": "LineString", "coordinates": [ [ -79.092719822475232, 35.910073380168797 ], [ -79.092646642382761, 35.910059274476765 ], [ -79.092594362676749, 35.910131887989209 ], [ -79.092568981513807, 35.910125982980539 ] ] } },
{ "type": "Feature", "properties": { "FEEDER_NAME": "RSDC", "SUBSTATION_NAME": "CARRBORO", "wmType": "SECONDARY UNDERGROUND", "WKT": "LINESTRING (-79.0925689815138 35.91012598298054, -79.09249158528947 35.910106581632895)" }, "geometry": { "type": "LineString", "coordinates": [ [ -79.092568981513807, 35.910125982980539 ], [ -79.092491585289466, 35.910106581632895 ] ] } },
{ "type": "Feature", "properties": { "FEEDER_NAME": "RSDC", "SUBSTATION_NAME": "CARRBORO", "wmType": "SECONDARY UNDERGROUND", "WKT": "LINESTRING (-79.09249158528947 35.910106581632895, -79.09242621825983 35.91008772001896)" }, "geometry": { "type": "LineString", "coordinates": [ [ -79.092491585289466, 35.910106581632895 ], [ -79.092426218259831, 35.910087720018957 ] ] } },
{ "type": "Feature", "properties": { "FEEDER_NAME": "RSDC", "SUBSTATION_NAME": "CARRBORO", "wmType": "SECONDARY UNDERGROUND", "WKT": "LINESTRING (-79.09242621825983 35.91008772001896, -79.09246060665576 35.91003070456842)" }, "geometry": { "type": "LineString", "coordinates": [ [ -79.092426218259831, 35.910087720018957 ], [ -79.092460606655763, 35.91003070456842 ] ] } },
{ "type": "Feature", "properties": { "FEEDER_NAME": "RSDC", "SUBSTATION_NAME": "CARRBORO", "wmType": "SECONDARY UNDERGROUND", "WKT": "LINESTRING (-79.09246060665576 35.91003070456842, -79.09252336889492 35.910052409948214)" }, "geometry": { "type": "LineString", "coordinates": [ [ -79.092460606655763, 35.91003070456842 ], [ -79.092523368894916, 35.910052409948214 ] ] } },
{ "type": "Feature", "properties": { "FEEDER_NAME": "RSDC", "SUBSTATION_NAME": "CARRBORO", "wmType": "SECONDARY UNDERGROUND", "WKT": "LINESTRING (-79.09252336889492 35.910052409948214, -79.09259631620715 35.91007223285676)" }, "geometry": { "type": "LineString", "coordinates": [ [ -79.092523368894916, 35.910052409948214 ], [ -79.09259631620715, 35.910072232856763 ] ] } },
{ "type": "Feature", "properties": { "FEEDER_NAME": "RSDC", "SUBSTATION_NAME": "CARRBORO", "wmType": "SECONDARY UNDERGROUND", "WKT": "LINESTRING (-79.09271982247523 35.9100733801688, -79.09274367115944 35.910112842728466, -79.09272246523236 35.91022329641716, -79.09271088684089 35.910273791707624, -79.09277938594639 35.91031369441095)" }, "geometry": { "type": "LineString", "coordinates": [ [ -79.092719822475232, 35.910073380168797 ], [ -79.09274367115944, 35.910112842728466 ], [ -79.092722465232356, 35.910223296417158 ], [ -79.092710886840891, 35.910273791707624 ], [ -79.092779385946386, 35.910313694410952 ] ] } },
{ "type": "Feature", "properties": { "FEEDER_NAME": "RSDC", "SUBSTATION_NAME": "CARRBORO", "wmType": "SECONDARY UNDERGROUND", "WKT": "LINESTRING (-79.09277938594639 35.91031369441095, -79.09286607660607 35.910369630933246)" }, "geometry": { "type": "LineString", "coordinates": [ [ -79.092779385946386, 35.910313694410952 ], [ -79.092866076606072, 35.910369630933246 ] ] } },
{ "type": "Feature", "properties": { "FEEDER_NAME": "RSDC", "SUBSTATION_NAME": "CARRBORO", "wmType": "SECONDARY UNDERGROUND", "WKT": "LINESTRING (-79.09286607660607 35.910369630933246, -79.09293018248289 35.91041485818712)" }, "geometry": { "type": "LineString", "coordinates": [ [ -79.092866076606072, 35.910369630933246 ], [ -79.092930182482888, 35.910414858187117 ] ] } },
{ "type": "Feature", "properties": { "FEEDER_NAME": "RSDC", "SUBSTATION_NAME": "CARRBORO", "wmType": "SECONDARY UNDERGROUND", "WKT": "LINESTRING (-79.09293018248289 35.91041485818712, -79.09296182420756 35.91035211511017)" }, "geometry": { "type": "LineString", "coordinates": [ [ -79.092930182482888, 35.910414858187117 ], [ -79.092961824207563, 35.910352115110172 ] ] } },
{ "type": "Feature", "properties": { "FEEDER_NAME": "RSDC", "SUBSTATION_NAME": "CARRBORO", "wmType": "SECONDARY UNDERGROUND", "WKT": "LINESTRING (-79.09296182420756 35.91035211511017, -79.09288799468746 35.9103024590603)" }, "geometry": { "type": "LineString", "coordinates": [ [ -79.092961824207563, 35.910352115110172 ], [ -79.092887994687459, 35.910302459060297 ] ] } },
{ "type": "Feature", "properties": { "FEEDER_NAME": "RSDC", "SUBSTATION_NAME": "CARRBORO", "wmType": "SECONDARY UNDERGROUND", "WKT": "LINESTRING (-79.09288799468746 35.9103024590603, -79.0928026819861 35.910249121763705)" }, "geometry": { "type": "LineString", "coordinates": [ [ -79.092887994687459, 35.910302459060297 ], [ -79.0928026819861, 35.910249121763705 ] ] } },
{ "type": "Feature", "properties": { "FEEDER_NAME": "RSDC", "SUBSTATION_NAME": "CARRBORO", "wmType": "SECONDARY UNDERGROUND", "WKT": "LINESTRING (-79.09271982247523 35.9100733801688, -79.09270723134387 35.91007646948824)" }, "geometry": { "type": "LineString", "coordinates": [ [ -79.092719822475232, 35.910073380168797 ], [ -79.092707231343866, 35.910076469488239 ] ] } },
{ "type": "Feature", "properties": { "FEEDER_NAME": "RSDC", "SUBSTATION_NAME": "CARRBORO", "wmType": "SECONDARY UNDERGROUND", "WKT": "LINESTRING (-79.09271982247523 35.9100733801688, -79.0926265742995 35.91002206138432)" }, "geometry": { "type": "LineString", "coordinates": [ [ -79.092719822475232, 35.910073380168797 ], [ -79.092626574299501, 35.910022061384318 ] ] } },
{ "type": "Feature", "properties": { "FEEDER_NAME": "RSDC", "SUBSTATION_NAME": "CARRBORO", "wmType": "SECONDARY UNDERGROUND", "WKT": "LINESTRING (-79.0926265742995 35.91002206138432, -79.09255706374014 35.910000298986176)" }, "geometry": { "type": "LineString", "coordinates": [ [ -79.092626574299501, 35.910022061384318 ], [ -79.092557063740145, 35.910000298986176 ] ] } },
{ "type": "Feature", "properties": { "FEEDER_NAME": "RSDC", "SUBSTATION_NAME": "CARRBORO", "wmType": "SECONDARY UNDERGROUND", "WKT": "LINESTRING (-79.09255706374014 35.910000298986176, -79.09250080151796 35.90997948008503)" }, "geometry": { "type": "LineString", "coordinates": [ [ -79.092557063740145, 35.910000298986176 ], [ -79.092500801517957, 35.909979480085028 ] ] } },
{ "type": "Feature", "properties": { "FEEDER_NAME": "RSDC", "SUBSTATION_NAME": "CARRBORO", "wmType": "SECONDARY UNDERGROUND", "WKT": "LINESTRING (-79.09250080151796 35.90997948008503, -79.0925275222067 35.909933272544414)" }, "geometry": { "type": "LineString", "coordinates": [ [ -79.092500801517957, 35.909979480085028 ], [ -79.092527522206694, 35.909933272544414 ] ] } },
{ "type": "Feature", "properties": { "FEEDER_NAME": "RSDC", "SUBSTATION_NAME": "CARRBORO", "wmType": "SECONDARY UNDERGROUND", "WKT": "LINESTRING (-79.0925275222067 35.909933272544414, -79.0925979175392 35.90995470621404)" }, "geometry": { "type": "LineString", "coordinates": [ [ -79.092527522206694, 35.909933272544414 ], [ -79.092597917539194, 35.909954706214037 ] ] } },
{ "type": "Feature", "properties": { "FEEDER_NAME": "RSDC", "SUBSTATION_NAME": "CARRBORO", "wmType": "SECONDARY UNDERGROUND", "WKT": "LINESTRING (-79.0925979175392 35.90995470621404, -79.092649377305 35.90997289240522)" }, "geometry": { "type": "LineString", "coordinates": [ [ -79.092597917539194, 35.909954706214037 ], [ -79.092649377304994, 35.909972892405222 ] ] } },
{ "type": "Feature", "properties": { "FEEDER_NAME": "RSDC", "SUBSTATION_NAME": "CARRBORO", "wmType": "SECONDARY UNDERGROUND", "WKT": "LINESTRING (-79.09271982247523 35.9100733801688, -79.09272427294152 35.91010812382614, -79.09263539876598 35.9104016420956, -79.09271511065734 35.91047202920467)" }, "geometry": { "type": "LineString", "coordinates": [ [ -79.092719822475232, 35.910073380168797 ], [ -79.092724272941524, 35.910108123826141 ], [ -79.092635398765978, 35.9104016420956 ], [ -79.092715110657338, 35.910472029204669 ] ] } },
{ "type": "Feature", "properties": { "FEEDER_NAME": "RSDC", "SUBSTATION_NAME": "CARRBORO", "wmType": "SECONDARY UNDERGROUND", "WKT": "LINESTRING (-79.09288236033883 35.90994164195836, -79.09273220437883 35.90987746710384, -79.09278210551307 35.909797472759024, -79.09275776904491 35.909771182218975)" }, "geometry": { "type": "LineString", "coordinates": [ [ -79.092882360338834, 35.909941641958362 ], [ -79.092732204378834, 35.90987746710384 ], [ -79.092782105513066, 35.909797472759024 ], [ -79.092757769044908, 35.909771182218975 ] ] } },
{ "type": "Feature", "properties": { "FEEDER_NAME": "RSDC", "SUBSTATION_NAME": "CARRBORO", "wmType": "SECONDARY UNDERGROUND", "WKT": "LINESTRING (-79.09275776904491 35.909771182218975, -79.09271387108015 35.90975805384876)" }, "geometry": { "type": "LineString", "coordinates": [ [ -79.092757769044908, 35.909771182218975 ], [ -79.09271387108015, 35.909758053848762 ] ] } },
{ "type": "Feature", "properties": { "FEEDER_NAME": "RSDC", "SUBSTATION_NAME": "CARRBORO", "wmType": "SECONDARY UNDERGROUND", "WKT": "LINESTRING (-79.09271387108015 35.90975805384876, -79.09266091228064 35.909739723711915)" }, "geometry": { "type": "LineString", "coordinates": [ [ -79.09271387108015, 35.909758053848762 ], [ -79.092660912280635, 35.909739723711915 ] ] } },
{ "type": "Feature", "properties": { "FEEDER_NAME": "RSDC", "SUBSTATION_NAME": "CARRBORO", "wmType": "SECONDARY UNDERGROUND", "WKT": "LINESTRING (-79.09266091228064 35.909739723711915, -79.09264135875705 35.90977917508266)" }, "geometry": { "type": "LineString", "coordinates": [ [ -79.092660912280635, 35.909739723711915 ], [ -79.092641358757049, 35.909779175082662 ] ] } },
{ "type": "Feature", "properties": { "FEEDER_NAME": "RSDC", "SUBSTATION_NAME": "CARRBORO", "wmType": "SECONDARY UNDERGROUND", "WKT": "LINESTRING (-79.09264135875705 35.90977917508266, -79.09268231529092 35.909792347172946)" }, "geometry": { "type": "LineString", "coordinates": [ [ -79.092641358757049, 35.909779175082662 ], [ -79.092682315290915, 35.909792347172946 ] ] } },
{ "type": "Feature", "properties": { "FEEDER_NAME": "RSDC", "SUBSTATION_NAME": "CARRBORO", "wmType": "SECONDARY UNDERGROUND", "WKT": "LINESTRING (-79.09268231529092 35.909792347172946, -79.09272831864216 35.90980771729823)" }, "geometry": { "type": "LineString", "coordinates": [ [ -79.092682315290915, 35.909792347172946 ], [ -79.092728318642159, 35.909807717298229 ] ] } },
{ "type": "Feature", "properties": { "FEEDER_NAME": "RSDC", "SUBSTATION_NAME": "CARRBORO", "wmType": "SECONDARY UNDERGROUND", "WKT": "LINESTRING (-79.09288236033883 35.90994164195836, -79.0927235351643 35.90987951063695, -79.09272966221474 35.90986823157901, -79.09269063324999 35.909846253209516)" }, "geometry": { "type": "LineString", "coordinates": [ [ -79.092882360338834, 35.909941641958362 ], [ -79.092723535164296, 35.909879510636948 ], [ -79.092729662214737, 35.909868231579011 ], [ -79.092690633249987, 35.909846253209516 ] ] } },
{ "type": "Feature", "properties": { "FEEDER_NAME": "RSDC", "SUBSTATION_NAME": "CARRBORO", "wmType": "SECONDARY UNDERGROUND", "WKT": "LINESTRING (-79.09269063324999 35.909846253209516, -79.09265603823519 35.909834019956484)" }, "geometry": { "type": "LineString", "coordinates": [ [ -79.092690633249987, 35.909846253209516 ], [ -79.092656038235191, 35.909834019956484 ] ] } },
{ "type": "Feature", "properties": { "FEEDER_NAME": "RSDC", "SUBSTATION_NAME": "CARRBORO", "wmType": "SECONDARY UNDERGROUND", "WKT": "LINESTRING (-79.09265603823519 35.909834019956484, -79.09262349305652 35.90982003390551)" }, "geometry": { "type": "LineString", "coordinates": [ [ -79.092656038235191, 35.909834019956484 ], [ -79.092623493056522, 35.909820033905511 ] ] } },
{ "type": "Feature", "properties": { "FEEDER_NAME": "RSDC", "SUBSTATION_NAME": "CARRBORO", "wmType": "SECONDARY UNDERGROUND", "WKT": "LINESTRING (-79.09262349305652 35.90982003390551, -79.09259517569271 35.90985536935857)" }, "geometry": { "type": "LineString", "coordinates": [ [ -79.092623493056522, 35.909820033905511 ], [ -79.092595175692708, 35.909855369358567 ] ] } },
{ "type": "Feature", "properties": { "FEEDER_NAME": "RSDC", "SUBSTATION_NAME": "CARRBORO", "wmType": "SECONDARY UNDERGROUND", "WKT": "LINESTRING (-79.09259517569271 35.90985536935857, -79.09263006597772 35.90986713192436)" }, "geometry": { "type": "LineString", "coordinates": [ [ -79.092595175692708, 35.909855369358567 ], [ -79.092630065977716, 35.909867131924358 ] ] } },
{ "type": "Feature", "properties": { "FEEDER_NAME": "RSDC", "SUBSTATION_NAME": "CARRBORO", "wmType": "SECONDARY UNDERGROUND", "WKT": "LINESTRING (-79.09263006597772 35.90986713192436, -79.09266772346783 35.90987955663914)" }, "geometry": { "type": "LineString", "coordinates": [ [ -79.092630065977716, 35.909867131924358 ], [ -79.092667723467827, 35.90987955663914 ] ] } },
{ "type": "Feature", "properties": { "FEEDER_NAME": "RSDC", "SUBSTATION_NAME": "CARRBORO", "wmType": "SECONDARY UNDERGROUND", "WKT": "LINESTRING (-79.09288236033883 35.90994164195836, -79.0928515053252 35.90994464064231)" }, "geometry": { "type": "LineString", "coordinates": [ [ -79.092882360338834, 35.909941641958362 ], [ -79.0928515053252, 35.909944640642308 ] ] } },
{ "type": "Feature", "properties": { "FEEDER_NAME": "RSDC", "SUBSTATION_NAME": "CARRBORO", "wmType": "SECONDARY UNDERGROUND", "WKT": "LINESTRING (-79.09288236033883 35.90994164195836, -79.0927427790585 35.90987917064209, -79.09281436165323 35.9097633510253, -79.09279005693101 35.90973769137948)" }, "geometry": { "type": "LineString", "coordinates": [ [ -79.092882360338834, 35.909941641958362 ], [ -79.092742779058497, 35.909879170642093 ], [ -79.092814361653225, 35.909763351025298 ], [ -79.092790056931008, 35.909737691379483 ] ] } },
{ "type": "Feature", "properties": { "FEEDER_NAME": "RSDC", "SUBSTATION_NAME": "CARRBORO", "wmType": "SECONDARY UNDERGROUND", "WKT": "LINESTRING (-79.09301859049255 35.9096405849198, -79.09292321085093 35.90964784728609)" }, "geometry": { "type": "LineString", "coordinates": [ [ -79.093018590492548, 35.909640584919799 ], [ -79.092923210850927, 35.909647847286088 ] ] } },
{ "type": "Feature", "properties": { "FEEDER_NAME": "RSDC", "SUBSTATION_NAME": "CARRBORO", "wmType": "SECONDARY UNDERGROUND", "WKT": "LINESTRING (-79.09193032172652 35.912079154557745, -79.09183305332873 35.91217890824395)" }, "geometry": { "type": "LineString", "coordinates": [ [ -79.091930321726522, 35.912079154557745 ], [ -79.091833053328727, 35.912178908243952 ] ] } },
{ "type": "Feature", "properties": { "FEEDER_NAME": "RSDC", "SUBSTATION_NAME": "CARRBORO", "wmType": "SECONDARY UNDERGROUND", "WKT": "LINESTRING (-79.09184654199197 35.911684621078905, -79.09182057866472 35.912038218907014, -79.09193032172652 35.912079154557745)" }, "geometry": { "type": "LineString", "coordinates": [ [ -79.09184654199197, 35.911684621078905 ], [ -79.091820578664723, 35.912038218907014 ], [ -79.091930321726522, 35.912079154557745 ] ] } },
{ "type": "Feature", "properties": { "FEEDER_NAME": "RSDC", "SUBSTATION_NAME": "CARRBORO", "wmType": "SECONDARY UNDERGROUND", "WKT": "LINESTRING (-79.09233866360113 35.911486776074035, -79.09220784025119 35.911573577611186, -79.09213486836143 35.91154691271042)" }, "geometry": { "type": "LineString", "coordinates": [ [ -79.092338663601126, 35.911486776074035 ], [ -79.092207840251191, 35.911573577611186 ], [ -79.092134868361427, 35.911546912710421 ] ] } },
{ "type": "Feature", "properties": { "FEEDER_NAME": "RSDC", "SUBSTATION_NAME": "CARRBORO", "wmType": "SECONDARY UNDERGROUND", "WKT": "LINESTRING (-79.09213486836143 35.91154691271042, -79.09213742231148 35.91157328920701, -79.09206463509865 35.91158031391685, -79.09196834500598 35.91153833354607)" }, "geometry": { "type": "LineString", "coordinates": [ [ -79.092134868361427, 35.911546912710421 ], [ -79.092137422311481, 35.911573289207013 ], [ -79.092064635098652, 35.911580313916851 ], [ -79.091968345005981, 35.911538333546069 ] ] } },
{ "type": "Feature", "properties": { "FEEDER_NAME": "RSDC", "SUBSTATION_NAME": "CARRBORO", "wmType": "SECONDARY UNDERGROUND", "WKT": "LINESTRING (-79.09196834500598 35.91153833354607, -79.09193554943676 35.91148883798588, -79.09185587035572 35.91138524187062)" }, "geometry": { "type": "LineString", "coordinates": [ [ -79.091968345005981, 35.911538333546069 ], [ -79.091935549436755, 35.911488837985878 ], [ -79.091855870355715, 35.911385241870619 ] ] } },
{ "type": "Feature", "properties": { "FEEDER_NAME": "RSDC", "SUBSTATION_NAME": "CARRBORO", "wmType": "SECONDARY UNDERGROUND", "WKT": "LINESTRING (-79.09233866360113 35.911486776074035, -79.09225984029189 35.91145676282882)" }, "geometry": { "type": "LineString", "coordinates": [ [ -79.092338663601126, 35.911486776074035 ], [ -79.092259840291888, 35.91145676282882 ] ] } },
{ "type": "Feature", "properties": { "FEEDER_NAME": "RSDC", "SUBSTATION_NAME": "CARRBORO", "wmType": "SECONDARY UNDERGROUND", "WKT": "LINESTRING (-79.09225984029189 35.91145676282882, -79.09221738405749 35.91142718171928)" }, "geometry": { "type": "LineString", "coordinates": [ [ -79.092259840291888, 35.91145676282882 ], [ -79.092217384057491, 35.911427181719283 ] ] } },
{ "type": "Feature", "properties": { "FEEDER_NAME": "RSDC", "SUBSTATION_NAME": "CARRBORO", "wmType": "SECONDARY UNDERGROUND", "WKT": "LINESTRING (-79.09221738405749 35.91142718171928, -79.09217794367132 35.91140152439118)" }, "geometry": { "type": "LineString", "coordinates": [ [ -79.092217384057491, 35.911427181719283 ], [ -79.092177943671317, 35.911401524391181 ] ] } },
{ "type": "Feature", "properties": { "FEEDER_NAME": "RSDC", "SUBSTATION_NAME": "CARRBORO", "wmType": "SECONDARY UNDERGROUND", "WKT": "LINESTRING (-79.09217794367132 35.91140152439118, -79.09221022822625 35.91136239427722)" }, "geometry": { "type": "LineString", "coordinates": [ [ -79.092177943671317, 35.911401524391181 ], [ -79.09221022822625, 35.911362394277219 ] ] } },
{ "type": "Feature", "properties": { "FEEDER_NAME": "RSDC", "SUBSTATION_NAME": "CARRBORO", "wmType": "SECONDARY UNDERGROUND", "WKT": "LINESTRING (-79.09221022822625 35.91136239427722, -79.09225740919808 35.911392487363116)" }, "geometry": { "type": "LineString", "coordinates": [ [ -79.09221022822625, 35.911362394277219 ], [ -79.092257409198083, 35.911392487363116 ] ] } },
{ "type": "Feature", "properties": { "FEEDER_NAME": "RSDC", "SUBSTATION_NAME": "CARRBORO", "wmType": "SECONDARY UNDERGROUND", "WKT": "LINESTRING (-79.09225740919808 35.911392487363116, -79.09229665596725 35.91141739312562)" }, "geometry": { "type": "LineString", "coordinates": [ [ -79.092257409198083, 35.911392487363116 ], [ -79.092296655967246, 35.911417393125618 ] ] } },
{ "type": "Feature", "properties": { "FEEDER_NAME": "RSDC", "SUBSTATION_NAME": "CARRBORO", "wmType": "SECONDARY UNDERGROUND", "WKT": "LINESTRING (-79.09233866360113 35.911486776074035, -79.09250903622065 35.91165528526772)" }, "geometry": { "type": "LineString", "coordinates": [ [ -79.092338663601126, 35.911486776074035 ], [ -79.092509036220648, 35.91165528526772 ] ] } },
{ "type": "Feature", "properties": { "FEEDER_NAME": "RSDC", "SUBSTATION_NAME": "CARRBORO", "wmType": "SECONDARY UNDERGROUND", "WKT": "LINESTRING (-79.09250903622065 35.91165528526772, -79.0924973539615 35.91168890730353)" }, "geometry": { "type": "LineString", "coordinates": [ [ -79.092509036220648, 35.91165528526772 ], [ -79.092497353961505, 35.911688907303528 ] ] } },
{ "type": "Feature", "properties": { "FEEDER_NAME": "RSDC", "SUBSTATION_NAME": "CARRBORO", "wmType": "SECONDARY UNDERGROUND", "WKT": "LINESTRING (-79.0924973539615 35.91168890730353, -79.0924869629839 35.91172011106557)" }, "geometry": { "type": "LineString", "coordinates": [ [ -79.092497353961505, 35.911688907303528 ], [ -79.092486962983898, 35.91172011106557 ] ] } },
{ "type": "Feature", "properties": { "FEEDER_NAME": "RSDC", "SUBSTATION_NAME": "CARRBORO", "wmType": "SECONDARY UNDERGROUND", "WKT": "LINESTRING (-79.0924869629839 35.91172011106557, -79.09253143576676 35.91173023503127)" }, "geometry": { "type": "LineString", "coordinates": [ [ -79.092486962983898, 35.91172011106557 ], [ -79.092531435766759, 35.911730235031271 ] ] } },
{ "type": "Feature", "properties": { "FEEDER_NAME": "RSDC", "SUBSTATION_NAME": "CARRBORO", "wmType": "SECONDARY UNDERGROUND", "WKT": "LINESTRING (-79.09253143576676 35.91173023503127, -79.09253960959391 35.911695015841175)" }, "geometry": { "type": "LineString", "coordinates": [ [ -79.092531435766759, 35.911730235031271 ], [ -79.092539609593913, 35.911695015841175 ] ] } },
{ "type": "Feature", "properties": { "FEEDER_NAME": "RSDC", "SUBSTATION_NAME": "CARRBORO", "wmType": "SECONDARY UNDERGROUND", "WKT": "LINESTRING (-79.09253960959391 35.911695015841175, -79.09254867172837 35.91166151746441)" }, "geometry": { "type": "LineString", "coordinates": [ [ -79.092539609593913, 35.911695015841175 ], [ -79.092548671728366, 35.91166151746441 ] ] } },
{ "type": "Feature", "properties": { "FEEDER_NAME": "RSDC", "SUBSTATION_NAME": "CARRBORO", "wmType": "SECONDARY UNDERGROUND", "WKT": "LINESTRING (-79.09233866360113 35.911486776074035, -79.09258923928623 35.91167185617706)" }, "geometry": { "type": "LineString", "coordinates": [ [ -79.092338663601126, 35.911486776074035 ], [ -79.092589239286227, 35.911671856177058 ] ] } },
{ "type": "Feature", "properties": { "FEEDER_NAME": "RSDC", "SUBSTATION_NAME": "CARRBORO", "wmType": "SECONDARY UNDERGROUND", "WKT": "LINESTRING (-79.09258923928623 35.91167185617706, -79.09257907216477 35.911705007492245)" }, "geometry": { "type": "LineString", "coordinates": [ [ -79.092589239286227, 35.911671856177058 ], [ -79.092579072164767, 35.911705007492245 ] ] } },
{ "type": "Feature", "properties": { "FEEDER_NAME": "RSDC", "SUBSTATION_NAME": "CARRBORO", "wmType": "SECONDARY UNDERGROUND", "WKT": "LINESTRING (-79.09257907216477 35.911705007492245, -79.09256822634838 35.911740505411686)" }, "geometry": { "type": "LineString", "coordinates": [ [ -79.092579072164767, 35.911705007492245 ], [ -79.092568226348376, 35.911740505411686 ] ] } },
{ "type": "Feature", "properties": { "FEEDER_NAME": "RSDC", "SUBSTATION_NAME": "CARRBORO", "wmType": "SECONDARY UNDERGROUND", "WKT": "LINESTRING (-79.09256822634838 35.911740505411686, -79.09261081611812 35.91175198363201)" }, "geometry": { "type": "LineString", "coordinates": [ [ -79.092568226348376, 35.911740505411686 ], [ -79.092610816118125, 35.911751983632008 ] ] } },
{ "type": "Feature", "properties": { "FEEDER_NAME": "RSDC", "SUBSTATION_NAME": "CARRBORO", "wmType": "SECONDARY UNDERGROUND", "WKT": "LINESTRING (-79.09261081611812 35.91175198363201, -79.09262220115919 35.91171813918991)" }, "geometry": { "type": "LineString", "coordinates": [ [ -79.092610816118125, 35.911751983632008 ], [ -79.092622201159188, 35.911718139189908 ] ] } },
{ "type": "Feature", "properties": { "FEEDER_NAME": "RSDC", "SUBSTATION_NAME": "CARRBORO", "wmType": "SECONDARY UNDERGROUND", "WKT": "LINESTRING (-79.09262220115919 35.91171813918991, -79.09263131148526 35.91168611440046)" }, "geometry": { "type": "LineString", "coordinates": [ [ -79.092622201159188, 35.911718139189908 ], [ -79.092631311485263, 35.91168611440046 ] ] } },
{ "type": "Feature", "properties": { "FEEDER_NAME": "RSDC", "SUBSTATION_NAME": "CARRBORO", "wmType": "SECONDARY UNDERGROUND", "WKT": "LINESTRING (-79.09233866360113 35.911486776074035, -79.09266794376164 35.91169939972844)" }, "geometry": { "type": "LineString", "coordinates": [ [ -79.092338663601126, 35.911486776074035 ], [ -79.09266794376164, 35.911699399728441 ] ] } },
{ "type": "Feature", "properties": { "FEEDER_NAME": "RSDC", "SUBSTATION_NAME": "CARRBORO", "wmType": "SECONDARY UNDERGROUND", "WKT": "LINESTRING (-79.09233866360113 35.911486776074035, -79.09221609012202 35.91154662783529, -79.09216993373744 35.91151832755354)" }, "geometry": { "type": "LineString", "coordinates": [ [ -79.092338663601126, 35.911486776074035 ], [ -79.092216090122022, 35.911546627835293 ], [ -79.092169933737438, 35.911518327553537 ] ] } },
{ "type": "Feature", "properties": { "FEEDER_NAME": "RSDC", "SUBSTATION_NAME": "CARRBORO", "wmType": "SECONDARY UNDERGROUND", "WKT": "LINESTRING (-79.09216993373744 35.91151832755354, -79.09213552569236 35.911493792138515)" }, "geometry": { "type": "LineString", "coordinates": [ [ -79.092169933737438, 35.911518327553537 ], [ -79.092135525692356, 35.911493792138515 ] ] } },
{ "type": "Feature", "properties": { "FEEDER_NAME": "RSDC", "SUBSTATION_NAME": "CARRBORO", "wmType": "SECONDARY UNDERGROUND", "WKT": "LINESTRING (-79.09213552569236 35.911493792138515, -79.09209982527177 35.911465855271324)" }, "geometry": { "type": "LineString", "coordinates": [ [ -79.092135525692356, 35.911493792138515 ], [ -79.092099825271774, 35.911465855271324 ] ] } },
{ "type": "Feature", "properties": { "FEEDER_NAME": "RSDC", "SUBSTATION_NAME": "CARRBORO", "wmType": "SECONDARY UNDERGROUND", "WKT": "LINESTRING (-79.09209982527177 35.911465855271324, -79.09213814695421 35.91143059351849)" }, "geometry": { "type": "LineString", "coordinates": [ [ -79.092099825271774, 35.911465855271324 ], [ -79.092138146954213, 35.911430593518489 ] ] } },
{ "type": "Feature", "properties": { "FEEDER_NAME": "RSDC", "SUBSTATION_NAME": "CARRBORO", "wmType": "SECONDARY UNDERGROUND", "WKT": "LINESTRING (-79.09213814695421 35.91143059351849, -79.092186523368 35.91146260820705)" }, "geometry": { "type": "LineString", "coordinates": [ [ -79.092138146954213, 35.911430593518489 ], [ -79.092186523367999, 35.911462608207053 ] ] } },
{ "type": "Feature", "properties": { "FEEDER_NAME": "RSDC", "SUBSTATION_NAME": "CARRBORO", "wmType": "SECONDARY UNDERGROUND", "WKT": "LINESTRING (-79.092186523368 35.91146260820705, -79.09223031123882 35.91148822348997)" }, "geometry": { "type": "LineString", "coordinates": [ [ -79.092186523367999, 35.911462608207053 ], [ -79.092230311238822, 35.911488223489968 ] ] } },
{ "type": "Feature", "properties": { "FEEDER_NAME": "RSDC", "SUBSTATION_NAME": "CARRBORO", "wmType": "SECONDARY UNDERGROUND", "WKT": "LINESTRING (-79.09233866360113 35.911486776074035, -79.09233322906763 35.9114062091328, -79.092252831383 35.91128106547091)" }, "geometry": { "type": "LineString", "coordinates": [ [ -79.092338663601126, 35.911486776074035 ], [ -79.092333229067634, 35.911406209132799 ], [ -79.092252831382993, 35.911281065470909 ] ] } },
{ "type": "Feature", "properties": { "FEEDER_NAME": "RSDC", "SUBSTATION_NAME": "CARRBORO", "wmType": "SECONDARY UNDERGROUND", "WKT": "LINESTRING (-79.09264411248719 35.91121578510516, -79.09270162840811 35.91115723425588)" }, "geometry": { "type": "LineString", "coordinates": [ [ -79.092644112487193, 35.911215785105163 ], [ -79.092701628408108, 35.911157234255882 ] ] } },
{ "type": "Feature", "properties": { "FEEDER_NAME": "RSDC", "SUBSTATION_NAME": "CARRBORO", "wmType": "SECONDARY UNDERGROUND", "WKT": "LINESTRING (-79.09264411248719 35.91121578510516, -79.0926172720479 35.911199428808196, -79.09254281651734 35.91125561663046, -79.09251754662411 35.91124172959156)" }, "geometry": { "type": "LineString", "coordinates": [ [ -79.092644112487193, 35.911215785105163 ], [ -79.092617272047903, 35.911199428808196 ], [ -79.092542816517337, 35.911255616630463 ], [ -79.092517546624109, 35.911241729591559 ] ] } },
{ "type": "Feature", "properties": { "FEEDER_NAME": "RSDC", "SUBSTATION_NAME": "CARRBORO", "wmType": "SECONDARY UNDERGROUND", "WKT": "LINESTRING (-79.09251754662411 35.91124172959156, -79.09248686409336 35.91122358258644)" }, "geometry": { "type": "LineString", "coordinates": [ [ -79.092517546624109, 35.911241729591559 ], [ -79.09248686409336, 35.911223582586437 ] ] } },
{ "type": "Feature", "properties": { "FEEDER_NAME": "RSDC", "SUBSTATION_NAME": "CARRBORO", "wmType": "SECONDARY UNDERGROUND", "WKT": "LINESTRING (-79.09248686409336 35.91122358258644, -79.0924480056116 35.911202966790455)" }, "geometry": { "type": "LineString", "coordinates": [ [ -79.09248686409336, 35.911223582586437 ], [ -79.092448005611601, 35.911202966790455 ] ] } },
{ "type": "Feature", "properties": { "FEEDER_NAME": "RSDC", "SUBSTATION_NAME": "CARRBORO", "wmType": "SECONDARY UNDERGROUND", "WKT": "LINESTRING (-79.0924480056116 35.911202966790455, -79.09247343453565 35.911174825073346)" }, "geometry": { "type": "LineString", "coordinates": [ [ -79.092448005611601, 35.911202966790455 ], [ -79.092473434535648, 35.911174825073346 ] ] } },
{ "type": "Feature", "properties": { "FEEDER_NAME": "RSDC", "SUBSTATION_NAME": "CARRBORO", "wmType": "SECONDARY UNDERGROUND", "WKT": "LINESTRING (-79.09247343453565 35.911174825073346, -79.09251247391224 35.91119667911431)" }, "geometry": { "type": "LineString", "coordinates": [ [ -79.092473434535648, 35.911174825073346 ], [ -79.092512473912237, 35.911196679114312 ] ] } },
{ "type": "Feature", "properties": { "FEEDER_NAME": "RSDC", "SUBSTATION_NAME": "CARRBORO", "wmType": "SECONDARY UNDERGROUND", "WKT": "LINESTRING (-79.09251247391224 35.91119667911431, -79.09254713612445 35.911214852838)" }, "geometry": { "type": "LineString", "coordinates": [ [ -79.092512473912237, 35.911196679114312 ], [ -79.092547136124452, 35.911214852838 ] ] } },
{ "type": "Feature", "properties": { "FEEDER_NAME": "RSDC", "SUBSTATION_NAME": "CARRBORO", "wmType": "SECONDARY UNDERGROUND", "WKT": "LINESTRING (-79.09264411248719 35.91121578510516, -79.09255891091217 35.911009742538205)" }, "geometry": { "type": "LineString", "coordinates": [ [ -79.092644112487193, 35.911215785105163 ], [ -79.092558910912174, 35.911009742538205 ] ] } },
{ "type": "Feature", "properties": { "FEEDER_NAME": "RSDC", "SUBSTATION_NAME": "CARRBORO", "wmType": "SECONDARY UNDERGROUND", "WKT": "LINESTRING (-79.09264411248719 35.91121578510516, -79.09274566938355 35.91124985021045, -79.09281884107119 35.91127786024183, -79.0928509998091 35.91115755872316)" }, "geometry": { "type": "LineString", "coordinates": [ [ -79.092644112487193, 35.911215785105163 ], [ -79.092745669383547, 35.911249850210453 ], [ -79.092818841071193, 35.911277860241832 ], [ -79.092850999809102, 35.911157558723161 ] ] } },
{ "type": "Feature", "properties": { "FEEDER_NAME": "RSDC", "SUBSTATION_NAME": "CARRBORO", "wmType": "SECONDARY UNDERGROUND", "WKT": "LINESTRING (-79.0928509998091 35.91115755872316, -79.09285105315678 35.9111239779427)" }, "geometry": { "type": "LineString", "coordinates": [ [ -79.092850999809102, 35.911157558723161 ], [ -79.092851053156778, 35.911123977942701 ] ] } },
{ "type": "Feature", "properties": { "FEEDER_NAME": "RSDC", "SUBSTATION_NAME": "CARRBORO", "wmType": "SECONDARY UNDERGROUND", "WKT": "LINESTRING (-79.09285105315678 35.9111239779427, -79.09285019465848 35.91109326399861)" }, "geometry": { "type": "LineString", "coordinates": [ [ -79.092851053156778, 35.911123977942701 ], [ -79.092850194658482, 35.911093263998609 ] ] } },
{ "type": "Feature", "properties": { "FEEDER_NAME": "RSDC", "SUBSTATION_NAME": "CARRBORO", "wmType": "SECONDARY UNDERGROUND", "WKT": "LINESTRING (-79.09285019465848 35.91109326399861, -79.09290317290193 35.91109301637642)" }, "geometry": { "type": "LineString", "coordinates": [ [ -79.092850194658482, 35.911093263998609 ], [ -79.092903172901927, 35.911093016376419 ] ] } },
{ "type": "Feature", "properties": { "FEEDER_NAME": "RSDC", "SUBSTATION_NAME": "CARRBORO", "wmType": "SECONDARY UNDERGROUND", "WKT": "LINESTRING (-79.09290317290193 35.91109301637642, -79.09290444887796 35.911121605631564)" }, "geometry": { "type": "LineString", "coordinates": [ [ -79.092903172901927, 35.911093016376419 ], [ -79.09290444887796, 35.911121605631564 ] ] } },
{ "type": "Feature", "properties": { "FEEDER_NAME": "RSDC", "SUBSTATION_NAME": "CARRBORO", "wmType": "SECONDARY UNDERGROUND", "WKT": "LINESTRING (-79.09290444887796 35.911121605631564, -79.09290455876408 35.91115548822428)" }, "geometry": { "type": "LineString", "coordinates": [ [ -79.09290444887796, 35.911121605631564 ], [ -79.092904558764076, 35.911155488224281 ] ] } },
{ "type": "Feature", "properties": { "FEEDER_NAME": "RSDC", "SUBSTATION_NAME": "CARRBORO", "wmType": "SECONDARY UNDERGROUND", "WKT": "LINESTRING (-79.0928509998091 35.91115755872316, -79.09288083384328 35.91118351156524, -79.09294016649565 35.91117785307607, -79.09297869516945 35.911081277069606, -79.09302094201573 35.910978045696766)" }, "geometry": { "type": "LineString", "coordinates": [ [ -79.092850999809102, 35.911157558723161 ], [ -79.092880833843282, 35.911183511565241 ], [ -79.092940166495652, 35.911177853076069 ], [ -79.09297869516945, 35.911081277069606 ], [ -79.093020942015727, 35.910978045696766 ] ] } },
{ "type": "Feature", "properties": { "FEEDER_NAME": "RSDC", "SUBSTATION_NAME": "CARRBORO", "wmType": "SECONDARY UNDERGROUND", "WKT": "LINESTRING (-79.09264411248719 35.91121578510516, -79.09273737312712 35.911235261719895, -79.09275305626443 35.911156596711294)" }, "geometry": { "type": "LineString", "coordinates": [ [ -79.092644112487193, 35.911215785105163 ], [ -79.092737373127122, 35.911235261719895 ], [ -79.092753056264428, 35.911156596711294 ] ] } },
{ "type": "Feature", "properties": { "FEEDER_NAME": "RSDC", "SUBSTATION_NAME": "CARRBORO", "wmType": "SECONDARY UNDERGROUND", "WKT": "LINESTRING (-79.09275305626443 35.911156596711294, -79.092754063118 35.91112744330681)" }, "geometry": { "type": "LineString", "coordinates": [ [ -79.092753056264428, 35.911156596711294 ], [ -79.092754063117994, 35.91112744330681 ] ] } },
{ "type": "Feature", "properties": { "FEEDER_NAME": "RSDC", "SUBSTATION_NAME": "CARRBORO", "wmType": "SECONDARY UNDERGROUND", "WKT": "LINESTRING (-79.092754063118 35.91112744330681, -79.09275398891359 35.911095633683)" }, "geometry": { "type": "LineString", "coordinates": [ [ -79.092754063117994, 35.91112744330681 ], [ -79.092753988913586, 35.911095633682997 ] ] } },
{ "type": "Feature", "properties": { "FEEDER_NAME": "RSDC", "SUBSTATION_NAME": "CARRBORO", "wmType": "SECONDARY UNDERGROUND", "WKT": "LINESTRING (-79.09275398891359 35.911095633683, -79.09280155964417 35.9110955984161)" }, "geometry": { "type": "LineString", "coordinates": [ [ -79.092753988913586, 35.911095633682997 ], [ -79.092801559644172, 35.911095598416097 ] ] } },
{ "type": "Feature", "properties": { "FEEDER_NAME": "RSDC", "SUBSTATION_NAME": "CARRBORO", "wmType": "SECONDARY UNDERGROUND", "WKT": "LINESTRING (-79.09280155964417 35.9110955984161, -79.0928018156193 35.91112841826208)" }, "geometry": { "type": "LineString", "coordinates": [ [ -79.092801559644172, 35.911095598416097 ], [ -79.092801815619296, 35.911128418262081 ] ] } },
{ "type": "Feature", "properties": { "FEEDER_NAME": "RSDC", "SUBSTATION_NAME": "CARRBORO", "wmType": "SECONDARY UNDERGROUND", "WKT": "LINESTRING (-79.0928018156193 35.91112841826208, -79.09280125902868 35.91115890975919)" }, "geometry": { "type": "LineString", "coordinates": [ [ -79.092801815619296, 35.911128418262081 ], [ -79.092801259028676, 35.911158909759187 ] ] } },
{ "type": "Feature", "properties": { "FEEDER_NAME": "RSDC", "SUBSTATION_NAME": "CARRBORO", "wmType": "SECONDARY UNDERGROUND", "WKT": "LINESTRING (-79.09264411248719 35.91121578510516, -79.09265084270537 35.911255023619354)" }, "geometry": { "type": "LineString", "coordinates": [ [ -79.092644112487193, 35.911215785105163 ], [ -79.092650842705368, 35.911255023619354 ] ] } },
{ "type": "Feature", "properties": { "FEEDER_NAME": "RSDC", "SUBSTATION_NAME": "CARRBORO", "wmType": "SECONDARY UNDERGROUND", "WKT": "LINESTRING (-79.09264411248719 35.91121578510516, -79.09262419406762 35.91121850864063, -79.09246840458978 35.91134997544524, -79.09242440756047 35.91132360150794)" }, "geometry": { "type": "LineString", "coordinates": [ [ -79.092644112487193, 35.911215785105163 ], [ -79.092624194067625, 35.91121850864063 ], [ -79.092468404589781, 35.911349975445241 ], [ -79.092424407560472, 35.911323601507938 ] ] } },
{ "type": "Feature", "properties": { "FEEDER_NAME": "RSDC", "SUBSTATION_NAME": "CARRBORO", "wmType": "SECONDARY UNDERGROUND", "WKT": "LINESTRING (-79.09242440756047 35.91132360150794, -79.0923843965947 35.91129989509692)" }, "geometry": { "type": "LineString", "coordinates": [ [ -79.092424407560472, 35.911323601507938 ], [ -79.092384396594696, 35.911299895096917 ] ] } },
{ "type": "Feature", "properties": { "FEEDER_NAME": "RSDC", "SUBSTATION_NAME": "CARRBORO", "wmType": "SECONDARY UNDERGROUND", "WKT": "LINESTRING (-79.0923843965947 35.91129989509692, -79.09234698529959 35.911276591390155)" }, "geometry": { "type": "LineString", "coordinates": [ [ -79.092384396594696, 35.911299895096917 ], [ -79.092346985299585, 35.911276591390155 ] ] } },
{ "type": "Feature", "properties": { "FEEDER_NAME": "RSDC", "SUBSTATION_NAME": "CARRBORO", "wmType": "SECONDARY UNDERGROUND", "WKT": "LINESTRING (-79.09234698529959 35.911276591390155, -79.09237772918317 35.911246685427145)" }, "geometry": { "type": "LineString", "coordinates": [ [ -79.092346985299585, 35.911276591390155 ], [ -79.09237772918317, 35.911246685427145 ] ] } },
{ "type": "Feature", "properties": { "FEEDER_NAME": "RSDC", "SUBSTATION_NAME": "CARRBORO", "wmType": "SECONDARY UNDERGROUND", "WKT": "LINESTRING (-79.09237772918317 35.911246685427145, -79.09241729302258 35.9112708311139)" }, "geometry": { "type": "LineString", "coordinates": [ [ -79.09237772918317, 35.911246685427145 ], [ -79.092417293022578, 35.911270831113903 ] ] } },
{ "type": "Feature", "properties": { "FEEDER_NAME": "RSDC", "SUBSTATION_NAME": "CARRBORO", "wmType": "SECONDARY UNDERGROUND", "WKT": "LINESTRING (-79.09241729302258 35.9112708311139, -79.09245589816165 35.91129465304498)" }, "geometry": { "type": "LineString", "coordinates": [ [ -79.092417293022578, 35.911270831113903 ], [ -79.092455898161646, 35.911294653044983 ] ] } },
{ "type": "Feature", "properties": { "FEEDER_NAME": "RSDC", "SUBSTATION_NAME": "CARRBORO", "wmType": "SECONDARY UNDERGROUND", "WKT": "LINESTRING (-79.09264411248719 35.91121578510516, -79.09262142264855 35.911208407140066, -79.09252312101358 35.911288524609645, -79.09248485148173 35.911266570846)" }, "geometry": { "type": "LineString", "coordinates": [ [ -79.092644112487193, 35.911215785105163 ], [ -79.092621422648548, 35.911208407140066 ], [ -79.092523121013585, 35.911288524609645 ], [ -79.092484851481728, 35.911266570846003 ] ] } },
{ "type": "Feature", "properties": { "FEEDER_NAME": "RSDC", "SUBSTATION_NAME": "CARRBORO", "wmType": "SECONDARY UNDERGROUND", "WKT": "LINESTRING (-79.09310173457003 35.91145357992856, -79.09303155728604 35.91145725578614)" }, "geometry": { "type": "LineString", "coordinates": [ [ -79.093101734570027, 35.911453579928562 ], [ -79.093031557286039, 35.911457255786139 ] ] } },
{ "type": "Feature", "properties": { "FEEDER_NAME": "RSDC", "SUBSTATION_NAME": "CARRBORO", "wmType": "SECONDARY UNDERGROUND", "WKT": "LINESTRING (-79.09310173457003 35.91145357992856, -79.09305960272735 35.911548092922786, -79.09301861548697 35.911597581354194)" }, "geometry": { "type": "LineString", "coordinates": [ [ -79.093101734570027, 35.911453579928562 ], [ -79.093059602727351, 35.911548092922786 ], [ -79.093018615486969, 35.911597581354194 ] ] } },
{ "type": "Feature", "properties": { "FEEDER_NAME": "RSDC", "SUBSTATION_NAME": "CARRBORO", "wmType": "SECONDARY UNDERGROUND", "WKT": "LINESTRING (-79.09301861548697 35.911597581354194, -79.09291516301418 35.91156118264815, -79.09289974264077 35.911651496802484, -79.09286579806059 35.91183465290818, -79.09283881534104 35.911847022186116, -79.0927905254711 35.91185604039544, -79.09273257150087 35.911860574739364, -79.09268112299608 35.91187836497955, -79.09262983866505 35.9118915196743, -79.0925976415755 35.91193446864412, -79.09260353755961 35.911963080525425, -79.09263728749886 35.91208970143103)" }, "geometry": { "type": "LineString", "coordinates": [ [ -79.093018615486969, 35.911597581354194 ], [ -79.092915163014183, 35.91156118264815 ], [ -79.092899742640768, 35.911651496802484 ], [ -79.092865798060586, 35.911834652908183 ], [ -79.09283881534104, 35.911847022186116 ], [ -79.092790525471102, 35.911856040395442 ], [ -79.092732571500875, 35.911860574739364 ], [ -79.092681122996083, 35.91187836497955 ], [ -79.092629838665047, 35.911891519674299 ], [ -79.092597641575495, 35.91193446864412 ], [ -79.092603537559611, 35.911963080525425 ], [ -79.09263728749886, 35.912089701431029 ] ] } },
{ "type": "Feature", "properties": { "FEEDER_NAME": "RSDC", "SUBSTATION_NAME": "CARRBORO", "wmType": "SECONDARY UNDERGROUND", "WKT": "LINESTRING (-79.09301861548697 35.911597581354194, -79.09301750351025 35.91165851206312)" }, "geometry": { "type": "LineString", "coordinates": [ [ -79.093018615486969, 35.911597581354194 ], [ -79.093017503510254, 35.91165851206312 ] ] } },
{ "type": "Feature", "properties": { "FEEDER_NAME": "RSDC", "SUBSTATION_NAME": "CARRBORO", "wmType": "SECONDARY UNDERGROUND", "WKT": "LINESTRING (-79.09301750351025 35.91165851206312, -79.09308528079947 35.91166218005614)" }, "geometry": { "type": "LineString", "coordinates": [ [ -79.093017503510254, 35.91165851206312 ], [ -79.093085280799471, 35.91166218005614 ] ] } },
{ "type": "Feature", "properties": { "FEEDER_NAME": "RSDC", "SUBSTATION_NAME": "CARRBORO", "wmType": "SECONDARY UNDERGROUND", "WKT": "LINESTRING (-79.09308528079947 35.91166218005614, -79.093085022704 35.91160263118736)" }, "geometry": { "type": "LineString", "coordinates": [ [ -79.093085280799471, 35.91166218005614 ], [ -79.093085022704003, 35.911602631187357 ] ] } },
{ "type": "Feature", "properties": { "FEEDER_NAME": "RSDC", "SUBSTATION_NAME": "CARRBORO", "wmType": "SECONDARY UNDERGROUND", "WKT": "LINESTRING (-79.09301861548697 35.911597581354194, -79.09292724820077 35.91157266956103, -79.09287558579305 35.91184837950777)" }, "geometry": { "type": "LineString", "coordinates": [ [ -79.093018615486969, 35.911597581354194 ], [ -79.092927248200766, 35.911572669561032 ], [ -79.092875585793053, 35.911848379507767 ] ] } },
{ "type": "Feature", "properties": { "FEEDER_NAME": "RSDC", "SUBSTATION_NAME": "CARRBORO", "wmType": "SECONDARY UNDERGROUND", "WKT": "LINESTRING (-79.09310173457003 35.91145357992856, -79.0930987147123 35.911548063089334, -79.09321285421369 35.91160453179627)" }, "geometry": { "type": "LineString", "coordinates": [ [ -79.093101734570027, 35.911453579928562 ], [ -79.093098714712298, 35.911548063089334 ], [ -79.093212854213689, 35.911604531796272 ] ] } },
{ "type": "Feature", "properties": { "FEEDER_NAME": "RSDC", "SUBSTATION_NAME": "CARRBORO", "wmType": "SECONDARY UNDERGROUND", "WKT": "LINESTRING (-79.09321285421369 35.91160453179627, -79.0932157669529 35.911663080894996)" }, "geometry": { "type": "LineString", "coordinates": [ [ -79.093212854213689, 35.911604531796272 ], [ -79.093215766952895, 35.911663080894996 ] ] } },
{ "type": "Feature", "properties": { "FEEDER_NAME": "RSDC", "SUBSTATION_NAME": "CARRBORO", "wmType": "SECONDARY UNDERGROUND", "WKT": "LINESTRING (-79.0932157669529 35.911663080894996, -79.09315633377378 35.91166064319205)" }, "geometry": { "type": "LineString", "coordinates": [ [ -79.093215766952895, 35.911663080894996 ], [ -79.093156333773777, 35.91166064319205 ] ] } },
{ "type": "Feature", "properties": { "FEEDER_NAME": "RSDC", "SUBSTATION_NAME": "CARRBORO", "wmType": "SECONDARY UNDERGROUND", "WKT": "LINESTRING (-79.09315633377378 35.91166064319205, -79.09315355565627 35.911604465316444)" }, "geometry": { "type": "LineString", "coordinates": [ [ -79.093156333773777, 35.91166064319205 ], [ -79.093153555656272, 35.911604465316444 ] ] } },
{ "type": "Feature", "properties": { "FEEDER_NAME": "RSDC", "SUBSTATION_NAME": "CARRBORO", "wmType": "SECONDARY UNDERGROUND", "WKT": "LINESTRING (-79.09310173457003 35.91145357992856, -79.09301747205109 35.911540782131894, -79.09294958038541 35.91159647758695)" }, "geometry": { "type": "LineString", "coordinates": [ [ -79.093101734570027, 35.911453579928562 ], [ -79.093017472051088, 35.911540782131894 ], [ -79.092949580385408, 35.911596477586947 ] ] } },
{ "type": "Feature", "properties": { "FEEDER_NAME": "RSDC", "SUBSTATION_NAME": "CARRBORO", "wmType": "SECONDARY UNDERGROUND", "WKT": "LINESTRING (-79.09338484888559 35.91156912511077, -79.09357686220744 35.91134699617343, -79.09358580336188 35.91127356198376, -79.09355029506607 35.91123680253814)" }, "geometry": { "type": "LineString", "coordinates": [ [ -79.093384848885592, 35.911569125110773 ], [ -79.093576862207442, 35.911346996173428 ], [ -79.093585803361876, 35.911273561983762 ], [ -79.093550295066066, 35.911236802538141 ] ] } },
{ "type": "Feature", "properties": { "FEEDER_NAME": "RSDC", "SUBSTATION_NAME": "CARRBORO", "wmType": "SECONDARY UNDERGROUND", "WKT": "LINESTRING (-79.09355029506607 35.91123680253814, -79.09350634323228 35.91118082025699, -79.09338837855735 35.91113208792169)" }, "geometry": { "type": "LineString", "coordinates": [ [ -79.093550295066066, 35.911236802538141 ], [ -79.093506343232278, 35.911180820256988 ], [ -79.09338837855735, 35.911132087921693 ] ] } },
{ "type": "Feature", "properties": { "FEEDER_NAME": "RSDC", "SUBSTATION_NAME": "CARRBORO", "wmType": "SECONDARY UNDERGROUND", "WKT": "LINESTRING (-79.09338484888559 35.91156912511077, -79.09342072217389 35.91162348135369, -79.09337460681716 35.91168281154744)" }, "geometry": { "type": "LineString", "coordinates": [ [ -79.093384848885592, 35.911569125110773 ], [ -79.093420722173889, 35.911623481353693 ], [ -79.093374606817164, 35.911682811547443 ] ] } },
{ "type": "Feature", "properties": { "FEEDER_NAME": "RSDC", "SUBSTATION_NAME": "CARRBORO", "wmType": "SECONDARY UNDERGROUND", "WKT": "LINESTRING (-79.09337460681716 35.91168281154744, -79.09334098418286 35.9117237401861)" }, "geometry": { "type": "LineString", "coordinates": [ [ -79.093374606817164, 35.911682811547443 ], [ -79.093340984182859, 35.911723740186098 ] ] } },
{ "type": "Feature", "properties": { "FEEDER_NAME": "RSDC", "SUBSTATION_NAME": "CARRBORO", "wmType": "SECONDARY UNDERGROUND", "WKT": "LINESTRING (-79.09334098418286 35.9117237401861, -79.09330816753496 35.91175939647963)" }, "geometry": { "type": "LineString", "coordinates": [ [ -79.093340984182859, 35.911723740186098 ], [ -79.093308167534957, 35.911759396479631 ] ] } },
{ "type": "Feature", "properties": { "FEEDER_NAME": "RSDC", "SUBSTATION_NAME": "CARRBORO", "wmType": "SECONDARY UNDERGROUND", "WKT": "LINESTRING (-79.09330816753496 35.91175939647963, -79.09334756390976 35.91177814679134)" }, "geometry": { "type": "LineString", "coordinates": [ [ -79.093308167534957, 35.911759396479631 ], [ -79.093347563909759, 35.911778146791342 ] ] } },
{ "type": "Feature", "properties": { "FEEDER_NAME": "RSDC", "SUBSTATION_NAME": "CARRBORO", "wmType": "SECONDARY UNDERGROUND", "WKT": "LINESTRING (-79.09334756390976 35.91177814679134, -79.09337681811418 35.91174019218795)" }, "geometry": { "type": "LineString", "coordinates": [ [ -79.093347563909759, 35.911778146791342 ], [ -79.09337681811418, 35.911740192187949 ] ] } },
{ "type": "Feature", "properties": { "FEEDER_NAME": "RSDC", "SUBSTATION_NAME": "CARRBORO", "wmType": "SECONDARY UNDERGROUND", "WKT": "LINESTRING (-79.09337681811418 35.91174019218795, -79.09341292835215 35.911698578448004)" }, "geometry": { "type": "LineString", "coordinates": [ [ -79.09337681811418, 35.911740192187949 ], [ -79.093412928352151, 35.911698578448004 ] ] } },
{ "type": "Feature", "properties": { "FEEDER_NAME": "RSDC", "SUBSTATION_NAME": "CARRBORO", "wmType": "SECONDARY UNDERGROUND", "WKT": "LINESTRING (-79.09338484888559 35.91156912511077, -79.09348279502865 35.91166281713719, -79.0934582856402 35.91171755489461)" }, "geometry": { "type": "LineString", "coordinates": [ [ -79.093384848885592, 35.911569125110773 ], [ -79.093482795028649, 35.911662817137191 ], [ -79.093458285640196, 35.911717554894608 ] ] } },
{ "type": "Feature", "properties": { "FEEDER_NAME": "RSDC", "SUBSTATION_NAME": "CARRBORO", "wmType": "SECONDARY UNDERGROUND", "WKT": "LINESTRING (-79.09338484888559 35.91156912511077, -79.09355849292886 35.91170952681546, -79.09354500056082 35.91174586145726)" }, "geometry": { "type": "LineString", "coordinates": [ [ -79.093384848885592, 35.911569125110773 ], [ -79.093558492928864, 35.911709526815457 ], [ -79.093545000560823, 35.911745861457263 ] ] } },
{ "type": "Feature", "properties": { "FEEDER_NAME": "RSDC", "SUBSTATION_NAME": "CARRBORO", "wmType": "SECONDARY UNDERGROUND", "WKT": "LINESTRING (-79.09354500056082 35.91174586145726, -79.09352352831547 35.911786499624)" }, "geometry": { "type": "LineString", "coordinates": [ [ -79.093545000560823, 35.911745861457263 ], [ -79.093523528315473, 35.911786499624 ] ] } },
{ "type": "Feature", "properties": { "FEEDER_NAME": "RSDC", "SUBSTATION_NAME": "CARRBORO", "wmType": "SECONDARY UNDERGROUND", "WKT": "LINESTRING (-79.09352352831547 35.911786499624, -79.09350296038109 35.91183119115246)" }, "geometry": { "type": "LineString", "coordinates": [ [ -79.093523528315473, 35.911786499624 ], [ -79.093502960381088, 35.911831191152459 ] ] } },
{ "type": "Feature", "properties": { "FEEDER_NAME": "RSDC", "SUBSTATION_NAME": "CARRBORO", "wmType": "SECONDARY UNDERGROUND", "WKT": "LINESTRING (-79.09350296038109 35.91183119115246, -79.0934595926822 35.91181684679598)" }, "geometry": { "type": "LineString", "coordinates": [ [ -79.093502960381088, 35.911831191152459 ], [ -79.093459592682194, 35.911816846795979 ] ] } },
{ "type": "Feature", "properties": { "FEEDER_NAME": "RSDC", "SUBSTATION_NAME": "CARRBORO", "wmType": "SECONDARY UNDERGROUND", "WKT": "LINESTRING (-79.0934595926822 35.91181684679598, -79.09347893592451 35.91177750904896)" }, "geometry": { "type": "LineString", "coordinates": [ [ -79.093459592682194, 35.911816846795979 ], [ -79.093478935924509, 35.91177750904896 ] ] } },
{ "type": "Feature", "properties": { "FEEDER_NAME": "RSDC", "SUBSTATION_NAME": "CARRBORO", "wmType": "SECONDARY UNDERGROUND", "WKT": "LINESTRING (-79.09347893592451 35.91177750904896, -79.09350209965037 35.91173274343054)" }, "geometry": { "type": "LineString", "coordinates": [ [ -79.093478935924509, 35.91177750904896 ], [ -79.093502099650365, 35.911732743430541 ] ] } },
{ "type": "Feature", "properties": { "FEEDER_NAME": "RSDC", "SUBSTATION_NAME": "CARRBORO", "wmType": "SECONDARY UNDERGROUND", "WKT": "LINESTRING (-79.09354500056082 35.91174586145726, -79.09357211253077 35.91171320900941, -79.09359330990047 35.911727960596664, -79.09351872909279 35.911895851133416)" }, "geometry": { "type": "LineString", "coordinates": [ [ -79.093545000560823, 35.911745861457263 ], [ -79.093572112530765, 35.911713209009413 ], [ -79.09359330990047, 35.911727960596664 ], [ -79.093518729092793, 35.911895851133416 ] ] } },
{ "type": "Feature", "properties": { "FEEDER_NAME": "RSDC", "SUBSTATION_NAME": "CARRBORO", "wmType": "SECONDARY UNDERGROUND", "WKT": "LINESTRING (-79.09351872909279 35.911895851133416, -79.09364496316951 35.911913760548785, -79.09375089042128 35.91193583142802, -79.09380370674113 35.91195785923218)" }, "geometry": { "type": "LineString", "coordinates": [ [ -79.093518729092793, 35.911895851133416 ], [ -79.09364496316951, 35.911913760548785 ], [ -79.093750890421276, 35.911935831428018 ], [ -79.093803706741127, 35.911957859232182 ] ] } },
{ "type": "Feature", "properties": { "FEEDER_NAME": "RSDC", "SUBSTATION_NAME": "CARRBORO", "wmType": "SECONDARY UNDERGROUND", "WKT": "LINESTRING (-79.09352242017674 35.912146036364156, -79.0934696942635 35.9121083491411, -79.09339552339428 35.9120727143521, -79.09330925016857 35.9120395511307, -79.09322891101428 35.91201686906801)" }, "geometry": { "type": "LineString", "coordinates": [ [ -79.09352242017674, 35.912146036364156 ], [ -79.093469694263504, 35.9121083491411 ], [ -79.093395523394278, 35.912072714352099 ], [ -79.093309250168573, 35.912039551130697 ], [ -79.093228911014279, 35.912016869068012 ] ] } },
{ "type": "Feature", "properties": { "FEEDER_NAME": "RSDC", "SUBSTATION_NAME": "CARRBORO", "wmType": "SECONDARY UNDERGROUND", "WKT": "LINESTRING (-79.09380370674113 35.91195785923218, -79.09377670743004 35.91202073141434, -79.09373439818651 35.912065070149794, -79.09366333896868 35.91210450802611, -79.09358168038665 35.912136569618156, -79.09352242017674 35.912146036364156)" }, "geometry": { "type": "LineString", "coordinates": [ [ -79.093803706741127, 35.911957859232182 ], [ -79.093776707430038, 35.912020731414337 ], [ -79.093734398186513, 35.912065070149794 ], [ -79.093663338968682, 35.912104508026111 ], [ -79.093581680386649, 35.912136569618156 ], [ -79.09352242017674, 35.912146036364156 ] ] } },
{ "type": "Feature", "properties": { "FEEDER_NAME": "RSDC", "SUBSTATION_NAME": "CARRBORO", "wmType": "SECONDARY UNDERGROUND", "WKT": "LINESTRING (-79.09380370674113 35.91195785923218, -79.09379036711567 35.91205887305178, -79.09380404650722 35.91211301459385, -79.09383250210345 35.91214874468228)" }, "geometry": { "type": "LineString", "coordinates": [ [ -79.093803706741127, 35.911957859232182 ], [ -79.093790367115673, 35.912058873051777 ], [ -79.093804046507216, 35.912113014593849 ], [ -79.093832502103453, 35.912148744682277 ] ] } },
{ "type": "Feature", "properties": { "FEEDER_NAME": "RSDC", "SUBSTATION_NAME": "CARRBORO", "wmType": "SECONDARY UNDERGROUND", "WKT": "LINESTRING (-79.09338484888559 35.91156912511077, -79.09353476671514 35.911369056286034, -79.09349178810585 35.91132788616702)" }, "geometry": { "type": "LineString", "coordinates": [ [ -79.093384848885592, 35.911569125110773 ], [ -79.093534766715138, 35.911369056286034 ], [ -79.093491788105851, 35.911327886167022 ] ] } },
{ "type": "Feature", "properties": { "FEEDER_NAME": "RSDC", "SUBSTATION_NAME": "CARRBORO", "wmType": "SECONDARY UNDERGROUND", "WKT": "LINESTRING (-79.09349178810585 35.91132788616702, -79.0935564428065 35.911335202961794, -79.09356652548588 35.911278324829915, -79.09329803695488 35.911109479347274)" }, "geometry": { "type": "LineString", "coordinates": [ [ -79.093491788105851, 35.911327886167022 ], [ -79.093556442806502, 35.911335202961794 ], [ -79.093566525485883, 35.911278324829915 ], [ -79.093298036954877, 35.911109479347274 ] ] } },
{ "type": "Feature", "properties": { "FEEDER_NAME": "RSDC", "SUBSTATION_NAME": "CARRBORO", "wmType": "SECONDARY UNDERGROUND", "WKT": "LINESTRING (-79.09329803695488 35.911109479347274, -79.09331159465393 35.911024207535384, -79.0932927317876 35.91093646570355, -79.09325336015048 35.91084666384008)" }, "geometry": { "type": "LineString", "coordinates": [ [ -79.093298036954877, 35.911109479347274 ], [ -79.093311594653926, 35.911024207535384 ], [ -79.093292731787599, 35.91093646570355 ], [ -79.093253360150484, 35.910846663840083 ] ] } },
{ "type": "Feature", "properties": { "FEEDER_NAME": "RSDC", "SUBSTATION_NAME": "CARRBORO", "wmType": "SECONDARY UNDERGROUND", "WKT": "LINESTRING (-79.09349178810585 35.91132788616702, -79.09341048241218 35.9112985172925)" }, "geometry": { "type": "LineString", "coordinates": [ [ -79.093491788105851, 35.911327886167022 ], [ -79.093410482412182, 35.911298517292501 ] ] } },
{ "type": "Feature", "properties": { "FEEDER_NAME": "RSDC", "SUBSTATION_NAME": "CARRBORO", "wmType": "SECONDARY UNDERGROUND", "WKT": "LINESTRING (-79.09341048241218 35.9112985172925, -79.09334339310564 35.91126772695093)" }, "geometry": { "type": "LineString", "coordinates": [ [ -79.093410482412182, 35.911298517292501 ], [ -79.093343393105641, 35.911267726950932 ] ] } },
{ "type": "Feature", "properties": { "FEEDER_NAME": "RSDC", "SUBSTATION_NAME": "CARRBORO", "wmType": "SECONDARY UNDERGROUND", "WKT": "LINESTRING (-79.09334339310564 35.91126772695093, -79.09336733766062 35.91121705181129)" }, "geometry": { "type": "LineString", "coordinates": [ [ -79.093343393105641, 35.911267726950932 ], [ -79.093367337660624, 35.911217051811292 ] ] } },
{ "type": "Feature", "properties": { "FEEDER_NAME": "RSDC", "SUBSTATION_NAME": "CARRBORO", "wmType": "SECONDARY UNDERGROUND", "WKT": "LINESTRING (-79.09336733766062 35.91121705181129, -79.09343704582251 35.911247634637974)" }, "geometry": { "type": "LineString", "coordinates": [ [ -79.093367337660624, 35.911217051811292 ], [ -79.093437045822512, 35.911247634637974 ] ] } },
{ "type": "Feature", "properties": { "FEEDER_NAME": "RSDC", "SUBSTATION_NAME": "CARRBORO", "wmType": "SECONDARY UNDERGROUND", "WKT": "LINESTRING (-79.09343704582251 35.911247634637974, -79.09351918067867 35.911282199771634)" }, "geometry": { "type": "LineString", "coordinates": [ [ -79.093437045822512, 35.911247634637974 ], [ -79.093519180678669, 35.911282199771634 ] ] } },
{ "type": "Feature", "properties": { "FEEDER_NAME": "RSDC", "SUBSTATION_NAME": "CARRBORO", "wmType": "SECONDARY UNDERGROUND", "WKT": "LINESTRING (-79.09338484888559 35.91156912511077, -79.0934536233283 35.91144744076104, -79.09342311332678 35.91142544710036)" }, "geometry": { "type": "LineString", "coordinates": [ [ -79.093384848885592, 35.911569125110773 ], [ -79.093453623328301, 35.911447440761037 ], [ -79.093423113326779, 35.911425447100363 ] ] } },
{ "type": "Feature", "properties": { "FEEDER_NAME": "RSDC", "SUBSTATION_NAME": "CARRBORO", "wmType": "SECONDARY UNDERGROUND", "WKT": "LINESTRING (-79.09342311332678 35.91142544710036, -79.09336481494816 35.911406819430695)" }, "geometry": { "type": "LineString", "coordinates": [ [ -79.093423113326779, 35.911425447100363 ], [ -79.09336481494816, 35.911406819430695 ] ] } },
{ "type": "Feature", "properties": { "FEEDER_NAME": "RSDC", "SUBSTATION_NAME": "CARRBORO", "wmType": "SECONDARY UNDERGROUND", "WKT": "LINESTRING (-79.09336481494816 35.911406819430695, -79.09329143445781 35.911376712555956)" }, "geometry": { "type": "LineString", "coordinates": [ [ -79.09336481494816, 35.911406819430695 ], [ -79.093291434457811, 35.911376712555956 ] ] } },
{ "type": "Feature", "properties": { "FEEDER_NAME": "RSDC", "SUBSTATION_NAME": "CARRBORO", "wmType": "SECONDARY UNDERGROUND", "WKT": "LINESTRING (-79.09329143445781 35.911376712555956, -79.09331918577503 35.91132113323316)" }, "geometry": { "type": "LineString", "coordinates": [ [ -79.093291434457811, 35.911376712555956 ], [ -79.09331918577503, 35.911321133233159 ] ] } },
{ "type": "Feature", "properties": { "FEEDER_NAME": "RSDC", "SUBSTATION_NAME": "CARRBORO", "wmType": "SECONDARY UNDERGROUND", "WKT": "LINESTRING (-79.09331918577503 35.91132113323316, -79.09338065561174 35.91134799099752)" }, "geometry": { "type": "LineString", "coordinates": [ [ -79.09331918577503, 35.911321133233159 ], [ -79.093380655611739, 35.91134799099752 ] ] } },
{ "type": "Feature", "properties": { "FEEDER_NAME": "RSDC", "SUBSTATION_NAME": "CARRBORO", "wmType": "SECONDARY UNDERGROUND", "WKT": "LINESTRING (-79.09338065561174 35.91134799099752, -79.09345448351047 35.911376010059165)" }, "geometry": { "type": "LineString", "coordinates": [ [ -79.093380655611739, 35.91134799099752 ], [ -79.09345448351047, 35.911376010059165 ] ] } },
{ "type": "Feature", "properties": { "FEEDER_NAME": "RSDC", "SUBSTATION_NAME": "CARRBORO", "wmType": "SECONDARY UNDERGROUND", "WKT": "LINESTRING (-79.09461895424286 35.91466990849451, -79.09463998611484 35.91475344374832, -79.09463568036024 35.91476936137013)" }, "geometry": { "type": "LineString", "coordinates": [ [ -79.094618954242861, 35.91466990849451 ], [ -79.094639986114842, 35.914753443748317 ], [ -79.094635680360241, 35.914769361370134 ] ] } },
{ "type": "Feature", "properties": { "FEEDER_NAME": "RSDC", "SUBSTATION_NAME": "CARRBORO", "wmType": "SECONDARY UNDERGROUND", "WKT": "LINESTRING (-79.09463568036024 35.91476936137013, -79.09429755820199 35.914850500510994)" }, "geometry": { "type": "LineString", "coordinates": [ [ -79.094635680360241, 35.914769361370134 ], [ -79.094297558201987, 35.914850500510994 ] ] } },
{ "type": "Feature", "properties": { "FEEDER_NAME": "RSDC", "SUBSTATION_NAME": "CARRBORO", "wmType": "SECONDARY UNDERGROUND", "WKT": "LINESTRING (-79.09461895424286 35.91466990849451, -79.09483556949657 35.914567591323575)" }, "geometry": { "type": "LineString", "coordinates": [ [ -79.094618954242861, 35.91466990849451 ], [ -79.094835569496567, 35.914567591323575 ] ] } },
{ "type": "Feature", "properties": { "FEEDER_NAME": "RSDC", "SUBSTATION_NAME": "CARRBORO", "wmType": "SECONDARY UNDERGROUND", "WKT": "LINESTRING (-79.09483556949657 35.914567591323575, -79.09476146175484 35.91448149887121, -79.09475396582167 35.91443760408765, -79.09481297373836 35.91439313038933, -79.09480555918735 35.914339297791074, -79.09480956348366 35.914299757275494, -79.09482976260186 35.914255261436516, -79.09485878688653 35.91420816028058)" }, "geometry": { "type": "LineString", "coordinates": [ [ -79.094835569496567, 35.914567591323575 ], [ -79.094761461754842, 35.914481498871211 ], [ -79.094753965821667, 35.914437604087652 ], [ -79.094812973738357, 35.914393130389328 ], [ -79.09480555918735, 35.914339297791074 ], [ -79.094809563483665, 35.914299757275494 ], [ -79.094829762601861, 35.914255261436516 ], [ -79.094858786886533, 35.91420816028058 ] ] } },
{ "type": "Feature", "properties": { "FEEDER_NAME": "RSDC", "SUBSTATION_NAME": "CARRBORO", "wmType": "SECONDARY UNDERGROUND", "WKT": "LINESTRING (-79.09461895424286 35.91466990849451, -79.0945223431238 35.91468167685201)" }, "geometry": { "type": "LineString", "coordinates": [ [ -79.094618954242861, 35.91466990849451 ], [ -79.094522343123799, 35.914681676852013 ] ] } },
{ "type": "Feature", "properties": { "FEEDER_NAME": "RSDC", "SUBSTATION_NAME": "CARRBORO", "wmType": "SECONDARY UNDERGROUND", "WKT": "LINESTRING (-79.0945223431238 35.91468167685201, -79.0942565362098 35.91474380367211, -79.09425385649013 35.91473375622876, -79.09422734544337 35.9147398505737, -79.09416248013571 35.91462462235971)" }, "geometry": { "type": "LineString", "coordinates": [ [ -79.094522343123799, 35.914681676852013 ], [ -79.094256536209798, 35.91474380367211 ], [ -79.094253856490127, 35.914733756228763 ], [ -79.094227345443372, 35.914739850573703 ], [ -79.094162480135708, 35.91462462235971 ] ] } },
{ "type": "Feature", "properties": { "FEEDER_NAME": "RSDC", "SUBSTATION_NAME": "CARRBORO", "wmType": "SECONDARY UNDERGROUND", "WKT": "LINESTRING (-79.09461895424286 35.91466990849451, -79.09461109968089 35.91462531817845)" }, "geometry": { "type": "LineString", "coordinates": [ [ -79.094618954242861, 35.91466990849451 ], [ -79.09461109968089, 35.914625318178452 ] ] } },
{ "type": "Feature", "properties": { "FEEDER_NAME": "RSDC", "SUBSTATION_NAME": "CARRBORO", "wmType": "SECONDARY UNDERGROUND", "WKT": "LINESTRING (-79.09461109968089 35.91462531817845, -79.09461083476164 35.91458266428234)" }, "geometry": { "type": "LineString", "coordinates": [ [ -79.09461109968089, 35.914625318178452 ], [ -79.094610834761639, 35.914582664282342 ] ] } },
{ "type": "Feature", "properties": { "FEEDER_NAME": "RSDC", "SUBSTATION_NAME": "CARRBORO", "wmType": "SECONDARY UNDERGROUND", "WKT": "LINESTRING (-79.09461083476164 35.91458266428234, -79.09460966225252 35.91454270688249)" }, "geometry": { "type": "LineString", "coordinates": [ [ -79.094610834761639, 35.914582664282342 ], [ -79.094609662252523, 35.914542706882493 ] ] } },
{ "type": "Feature", "properties": { "FEEDER_NAME": "RSDC", "SUBSTATION_NAME": "CARRBORO", "wmType": "SECONDARY UNDERGROUND", "WKT": "LINESTRING (-79.09460966225252 35.91454270688249, -79.09460739718178 35.91449792926632)" }, "geometry": { "type": "LineString", "coordinates": [ [ -79.094609662252523, 35.914542706882493 ], [ -79.094607397181775, 35.914497929266318 ] ] } },
{ "type": "Feature", "properties": { "FEEDER_NAME": "RSDC", "SUBSTATION_NAME": "CARRBORO", "wmType": "SECONDARY UNDERGROUND", "WKT": "LINESTRING (-79.09461109968089 35.91462531817845, -79.09450142342655 35.914620975065425)" }, "geometry": { "type": "LineString", "coordinates": [ [ -79.09461109968089, 35.914625318178452 ], [ -79.09450142342655, 35.914620975065425 ] ] } },
{ "type": "Feature", "properties": { "FEEDER_NAME": "RSDC", "SUBSTATION_NAME": "CARRBORO", "wmType": "SECONDARY UNDERGROUND", "WKT": "LINESTRING (-79.09450142342655 35.914620975065425, -79.09449819704373 35.91458312109112)" }, "geometry": { "type": "LineString", "coordinates": [ [ -79.09450142342655, 35.914620975065425 ], [ -79.094498197043734, 35.91458312109112 ] ] } },
{ "type": "Feature", "properties": { "FEEDER_NAME": "RSDC", "SUBSTATION_NAME": "CARRBORO", "wmType": "SECONDARY UNDERGROUND", "WKT": "LINESTRING (-79.09449819704373 35.91458312109112, -79.09449455318538 35.91453977851224)" }, "geometry": { "type": "LineString", "coordinates": [ [ -79.094498197043734, 35.91458312109112 ], [ -79.094494553185385, 35.914539778512243 ] ] } },
{ "type": "Feature", "properties": { "FEEDER_NAME": "RSDC", "SUBSTATION_NAME": "CARRBORO", "wmType": "SECONDARY UNDERGROUND", "WKT": "LINESTRING (-79.09449455318538 35.91453977851224, -79.09448938853295 35.914493024781834)" }, "geometry": { "type": "LineString", "coordinates": [ [ -79.094494553185385, 35.914539778512243 ], [ -79.094489388532949, 35.914493024781834 ] ] } },
{ "type": "Feature", "properties": { "FEEDER_NAME": "RSDC", "SUBSTATION_NAME": "CARRBORO", "wmType": "SECONDARY UNDERGROUND", "WKT": "LINESTRING (-79.09346483217666 35.91511094040172, -79.09346493767012 35.9150326469631)" }, "geometry": { "type": "LineString", "coordinates": [ [ -79.093464832176664, 35.915110940401718 ], [ -79.09346493767012, 35.915032646963098 ] ] } },
{ "type": "Feature", "properties": { "FEEDER_NAME": "RSDC", "SUBSTATION_NAME": "CARRBORO", "wmType": "SECONDARY UNDERGROUND", "WKT": "LINESTRING (-79.09346493767012 35.9150326469631, -79.09339868614185 35.915065038187855)" }, "geometry": { "type": "LineString", "coordinates": [ [ -79.09346493767012, 35.915032646963098 ], [ -79.093398686141853, 35.915065038187855 ] ] } },
{ "type": "Feature", "properties": { "FEEDER_NAME": "RSDC", "SUBSTATION_NAME": "CARRBORO", "wmType": "SECONDARY UNDERGROUND", "WKT": "LINESTRING (-79.09339868614185 35.915065038187855, -79.09336584445832 35.91502461200573)" }, "geometry": { "type": "LineString", "coordinates": [ [ -79.093398686141853, 35.915065038187855 ], [ -79.093365844458319, 35.91502461200573 ] ] } },
{ "type": "Feature", "properties": { "FEEDER_NAME": "RSDC", "SUBSTATION_NAME": "CARRBORO", "wmType": "SECONDARY UNDERGROUND", "WKT": "LINESTRING (-79.09336584445832 35.91502461200573, -79.0933269119843 35.91498680875337)" }, "geometry": { "type": "LineString", "coordinates": [ [ -79.093365844458319, 35.91502461200573 ], [ -79.093326911984306, 35.914986808753369 ] ] } },
{ "type": "Feature", "properties": { "FEEDER_NAME": "RSDC", "SUBSTATION_NAME": "CARRBORO", "wmType": "SECONDARY UNDERGROUND", "WKT": "LINESTRING (-79.0933269119843 35.91498680875337, -79.09329430461678 35.91495254006387)" }, "geometry": { "type": "LineString", "coordinates": [ [ -79.093326911984306, 35.914986808753369 ], [ -79.093294304616776, 35.914952540063872 ] ] } },
{ "type": "Feature", "properties": { "FEEDER_NAME": "RSDC", "SUBSTATION_NAME": "CARRBORO", "wmType": "SECONDARY UNDERGROUND", "WKT": "LINESTRING (-79.09329430461678 35.91495254006387, -79.09325808758923 35.9149125905162)" }, "geometry": { "type": "LineString", "coordinates": [ [ -79.093294304616776, 35.914952540063872 ], [ -79.093258087589234, 35.914912590516202 ] ] } },
{ "type": "Feature", "properties": { "FEEDER_NAME": "RSDC", "SUBSTATION_NAME": "CARRBORO", "wmType": "SECONDARY UNDERGROUND", "WKT": "LINESTRING (-79.09346493767012 35.9150326469631, -79.09344127030974 35.91499632821538)" }, "geometry": { "type": "LineString", "coordinates": [ [ -79.09346493767012, 35.915032646963098 ], [ -79.093441270309739, 35.914996328215381 ] ] } },
{ "type": "Feature", "properties": { "FEEDER_NAME": "RSDC", "SUBSTATION_NAME": "CARRBORO", "wmType": "SECONDARY UNDERGROUND", "WKT": "LINESTRING (-79.09344127030974 35.91499632821538, -79.09340052198885 35.914950027102876)" }, "geometry": { "type": "LineString", "coordinates": [ [ -79.093441270309739, 35.914996328215381 ], [ -79.093400521988855, 35.914950027102876 ] ] } },
{ "type": "Feature", "properties": { "FEEDER_NAME": "RSDC", "SUBSTATION_NAME": "CARRBORO", "wmType": "SECONDARY UNDERGROUND", "WKT": "LINESTRING (-79.09340052198885 35.914950027102876, -79.09336550910511 35.91490992975326)" }, "geometry": { "type": "LineString", "coordinates": [ [ -79.093400521988855, 35.914950027102876 ], [ -79.093365509105112, 35.914909929753257 ] ] } },
{ "type": "Feature", "properties": { "FEEDER_NAME": "RSDC", "SUBSTATION_NAME": "CARRBORO", "wmType": "SECONDARY UNDERGROUND", "WKT": "LINESTRING (-79.09346483217666 35.91511094040172, -79.09356914987964 35.91505418662219)" }, "geometry": { "type": "LineString", "coordinates": [ [ -79.093464832176664, 35.915110940401718 ], [ -79.093569149879642, 35.915054186622193 ] ] } },
{ "type": "Feature", "properties": { "FEEDER_NAME": "RSDC", "SUBSTATION_NAME": "CARRBORO", "wmType": "SECONDARY UNDERGROUND", "WKT": "LINESTRING (-79.09346483217666 35.91511094040172, -79.09340219428009 35.91514958659583)" }, "geometry": { "type": "LineString", "coordinates": [ [ -79.093464832176664, 35.915110940401718 ], [ -79.093402194280088, 35.915149586595831 ] ] } },
{ "type": "Feature", "properties": { "FEEDER_NAME": "RSDC", "SUBSTATION_NAME": "CARRBORO", "wmType": "SECONDARY UNDERGROUND", "WKT": "LINESTRING (-79.09340219428009 35.91514958659583, -79.09321457153874 35.915157943615014)" }, "geometry": { "type": "LineString", "coordinates": [ [ -79.093402194280088, 35.915149586595831 ], [ -79.093214571538738, 35.915157943615014 ] ] } },
{ "type": "Feature", "properties": { "FEEDER_NAME": "RSDC", "SUBSTATION_NAME": "CARRBORO", "wmType": "SECONDARY UNDERGROUND", "WKT": "LINESTRING (-79.0931768135676 35.914554594309195, -79.09342511277124 35.91458455841869)" }, "geometry": { "type": "LineString", "coordinates": [ [ -79.093176813567595, 35.914554594309195 ], [ -79.093425112771243, 35.914584558418689 ] ] } },
{ "type": "Feature", "properties": { "FEEDER_NAME": "RSDC", "SUBSTATION_NAME": "CARRBORO", "wmType": "SECONDARY UNDERGROUND", "WKT": "LINESTRING (-79.0931768135676 35.914554594309195, -79.0932373896854 35.91451446355085, -79.09323200755802 35.91448120151863)" }, "geometry": { "type": "LineString", "coordinates": [ [ -79.093176813567595, 35.914554594309195 ], [ -79.093237389685399, 35.914514463550852 ], [ -79.093232007558015, 35.914481201518633 ] ] } },
{ "type": "Feature", "properties": { "FEEDER_NAME": "RSDC", "SUBSTATION_NAME": "CARRBORO", "wmType": "SECONDARY UNDERGROUND", "WKT": "LINESTRING (-79.09323200755802 35.91448120151863, -79.09317060560457 35.914512323493724)" }, "geometry": { "type": "LineString", "coordinates": [ [ -79.093232007558015, 35.914481201518633 ], [ -79.09317060560457, 35.914512323493724 ] ] } },
{ "type": "Feature", "properties": { "FEEDER_NAME": "RSDC", "SUBSTATION_NAME": "CARRBORO", "wmType": "SECONDARY UNDERGROUND", "WKT": "LINESTRING (-79.09317060560457 35.914512323493724, -79.09314161009448 35.91447965361301)" }, "geometry": { "type": "LineString", "coordinates": [ [ -79.09317060560457, 35.914512323493724 ], [ -79.093141610094477, 35.914479653613007 ] ] } },
{ "type": "Feature", "properties": { "FEEDER_NAME": "RSDC", "SUBSTATION_NAME": "CARRBORO", "wmType": "SECONDARY UNDERGROUND", "WKT": "LINESTRING (-79.09314161009448 35.91447965361301, -79.0931116013989 35.91444460416036)" }, "geometry": { "type": "LineString", "coordinates": [ [ -79.093141610094477, 35.914479653613007 ], [ -79.093111601398903, 35.914444604160359 ] ] } },
{ "type": "Feature", "properties": { "FEEDER_NAME": "RSDC", "SUBSTATION_NAME": "CARRBORO", "wmType": "SECONDARY UNDERGROUND", "WKT": "LINESTRING (-79.0931116013989 35.91444460416036, -79.0930796240345 35.91440680993516)" }, "geometry": { "type": "LineString", "coordinates": [ [ -79.093111601398903, 35.914444604160359 ], [ -79.093079624034502, 35.914406809935159 ] ] } },
{ "type": "Feature", "properties": { "FEEDER_NAME": "RSDC", "SUBSTATION_NAME": "CARRBORO", "wmType": "SECONDARY UNDERGROUND", "WKT": "LINESTRING (-79.09323200755802 35.91448120151863, -79.09320665443411 35.91444897771848)" }, "geometry": { "type": "LineString", "coordinates": [ [ -79.093232007558015, 35.914481201518633 ], [ -79.093206654434113, 35.914448977718479 ] ] } },
{ "type": "Feature", "properties": { "FEEDER_NAME": "RSDC", "SUBSTATION_NAME": "CARRBORO", "wmType": "SECONDARY UNDERGROUND", "WKT": "LINESTRING (-79.09320665443411 35.91444897771848, -79.09318127452917 35.91441945243049)" }, "geometry": { "type": "LineString", "coordinates": [ [ -79.093206654434113, 35.914448977718479 ], [ -79.093181274529172, 35.914419452430487 ] ] } },
{ "type": "Feature", "properties": { "FEEDER_NAME": "RSDC", "SUBSTATION_NAME": "CARRBORO", "wmType": "SECONDARY UNDERGROUND", "WKT": "LINESTRING (-79.09318127452917 35.91441945243049, -79.09314992132353 35.91438296283167)" }, "geometry": { "type": "LineString", "coordinates": [ [ -79.093181274529172, 35.914419452430487 ], [ -79.09314992132353, 35.914382962831667 ] ] } },
{ "type": "Feature", "properties": { "FEEDER_NAME": "RSDC", "SUBSTATION_NAME": "CARRBORO", "wmType": "SECONDARY UNDERGROUND", "WKT": "LINESTRING (-79.0931768135676 35.914554594309195, -79.09297883450989 35.91461457371807, -79.09301292187085 35.91465655290471)" }, "geometry": { "type": "LineString", "coordinates": [ [ -79.093176813567595, 35.914554594309195 ], [ -79.092978834509893, 35.914614573718069 ], [ -79.093012921870852, 35.914656552904709 ] ] } },
{ "type": "Feature", "properties": { "FEEDER_NAME": "RSDC", "SUBSTATION_NAME": "CARRBORO", "wmType": "SECONDARY UNDERGROUND", "WKT": "LINESTRING (-79.09301292187085 35.91465655290471, -79.09305037282178 35.91470120728368)" }, "geometry": { "type": "LineString", "coordinates": [ [ -79.093012921870852, 35.914656552904709 ], [ -79.093050372821779, 35.914701207283677 ] ] } },
{ "type": "Feature", "properties": { "FEEDER_NAME": "RSDC", "SUBSTATION_NAME": "CARRBORO", "wmType": "SECONDARY UNDERGROUND", "WKT": "LINESTRING (-79.09305037282178 35.91470120728368, -79.09308791830996 35.91474037084888)" }, "geometry": { "type": "LineString", "coordinates": [ [ -79.093050372821779, 35.914701207283677 ], [ -79.093087918309962, 35.914740370848882 ] ] } },
{ "type": "Feature", "properties": { "FEEDER_NAME": "RSDC", "SUBSTATION_NAME": "CARRBORO", "wmType": "SECONDARY UNDERGROUND", "WKT": "LINESTRING (-79.09308791830996 35.91474037084888, -79.09313142970348 35.91478289711198)" }, "geometry": { "type": "LineString", "coordinates": [ [ -79.093087918309962, 35.914740370848882 ], [ -79.093131429703476, 35.914782897111976 ] ] } },
{ "type": "Feature", "properties": { "FEEDER_NAME": "RSDC", "SUBSTATION_NAME": "CARRBORO", "wmType": "SECONDARY UNDERGROUND", "WKT": "LINESTRING (-79.09301292187085 35.91465655290471, -79.09309519875919 35.91461829300206)" }, "geometry": { "type": "LineString", "coordinates": [ [ -79.093012921870852, 35.914656552904709 ], [ -79.093095198759187, 35.914618293002057 ] ] } },
{ "type": "Feature", "properties": { "FEEDER_NAME": "RSDC", "SUBSTATION_NAME": "CARRBORO", "wmType": "SECONDARY UNDERGROUND", "WKT": "LINESTRING (-79.09309519875919 35.91461829300206, -79.09313391291565 35.914658224473044)" }, "geometry": { "type": "LineString", "coordinates": [ [ -79.093095198759187, 35.914618293002057 ], [ -79.093133912915647, 35.914658224473044 ] ] } },
{ "type": "Feature", "properties": { "FEEDER_NAME": "RSDC", "SUBSTATION_NAME": "CARRBORO", "wmType": "SECONDARY UNDERGROUND", "WKT": "LINESTRING (-79.09313391291565 35.914658224473044, -79.09316499432367 35.91469240784904)" }, "geometry": { "type": "LineString", "coordinates": [ [ -79.093133912915647, 35.914658224473044 ], [ -79.093164994323672, 35.914692407849039 ] ] } },
{ "type": "Feature", "properties": { "FEEDER_NAME": "RSDC", "SUBSTATION_NAME": "CARRBORO", "wmType": "SECONDARY UNDERGROUND", "WKT": "LINESTRING (-79.09316499432367 35.91469240784904, -79.09320924559718 35.91474238908722)" }, "geometry": { "type": "LineString", "coordinates": [ [ -79.093164994323672, 35.914692407849039 ], [ -79.09320924559718, 35.914742389087223 ] ] } },
{ "type": "Feature", "properties": { "FEEDER_NAME": "RSDC", "SUBSTATION_NAME": "CARRBORO", "wmType": "SECONDARY UNDERGROUND", "WKT": "LINESTRING (-79.0931768135676 35.914554594309195, -79.09337700259088 35.91482986284715)" }, "geometry": { "type": "LineString", "coordinates": [ [ -79.093176813567595, 35.914554594309195 ], [ -79.093377002590884, 35.914829862847149 ] ] } },
{ "type": "Feature", "properties": { "FEEDER_NAME": "RSDC", "SUBSTATION_NAME": "CARRBORO", "wmType": "SECONDARY UNDERGROUND", "WKT": "LINESTRING (-79.09320951948267 35.91412535772425, -79.09306311288354 35.91414220663842, -79.0929207087428 35.914234647214265, -79.09293628303142 35.91425167085913)" }, "geometry": { "type": "LineString", "coordinates": [ [ -79.09320951948267, 35.914125357724252 ], [ -79.093063112883542, 35.914142206638417 ], [ -79.092920708742795, 35.914234647214265 ], [ -79.09293628303142, 35.91425167085913 ] ] } },
{ "type": "Feature", "properties": { "FEEDER_NAME": "RSDC", "SUBSTATION_NAME": "CARRBORO", "wmType": "SECONDARY UNDERGROUND", "WKT": "LINESTRING (-79.09293628303142 35.91425167085913, -79.0930062578677 35.91421151953327)" }, "geometry": { "type": "LineString", "coordinates": [ [ -79.09293628303142, 35.91425167085913 ], [ -79.0930062578677, 35.914211519533268 ] ] } },
{ "type": "Feature", "properties": { "FEEDER_NAME": "RSDC", "SUBSTATION_NAME": "CARRBORO", "wmType": "SECONDARY UNDERGROUND", "WKT": "LINESTRING (-79.0930062578677 35.91421151953327, -79.09303899485948 35.9142384543174)" }, "geometry": { "type": "LineString", "coordinates": [ [ -79.0930062578677, 35.914211519533268 ], [ -79.093038994859484, 35.914238454317399 ] ] } },
{ "type": "Feature", "properties": { "FEEDER_NAME": "RSDC", "SUBSTATION_NAME": "CARRBORO", "wmType": "SECONDARY UNDERGROUND", "WKT": "LINESTRING (-79.09303899485948 35.9142384543174, -79.09307173361803 35.914268825754796)" }, "geometry": { "type": "LineString", "coordinates": [ [ -79.093038994859484, 35.914238454317399 ], [ -79.093071733618032, 35.914268825754796 ] ] } },
{ "type": "Feature", "properties": { "FEEDER_NAME": "RSDC", "SUBSTATION_NAME": "CARRBORO", "wmType": "SECONDARY UNDERGROUND", "WKT": "LINESTRING (-79.09307173361803 35.914268825754796, -79.09310057803084 35.91429642144087)" }, "geometry": { "type": "LineString", "coordinates": [ [ -79.093071733618032, 35.914268825754796 ], [ -79.093100578030842, 35.914296421440874 ] ] } },
{ "type": "Feature", "properties": { "FEEDER_NAME": "RSDC", "SUBSTATION_NAME": "CARRBORO", "wmType": "SECONDARY UNDERGROUND", "WKT": "LINESTRING (-79.09293628303142 35.91425167085913, -79.09296915123672 35.9142770985851)" }, "geometry": { "type": "LineString", "coordinates": [ [ -79.09293628303142, 35.91425167085913 ], [ -79.092969151236716, 35.914277098585103 ] ] } },
{ "type": "Feature", "properties": { "FEEDER_NAME": "RSDC", "SUBSTATION_NAME": "CARRBORO", "wmType": "SECONDARY UNDERGROUND", "WKT": "LINESTRING (-79.09296915123672 35.9142770985851, -79.09299811692595 35.914301315222666)" }, "geometry": { "type": "LineString", "coordinates": [ [ -79.092969151236716, 35.914277098585103 ], [ -79.092998116925955, 35.914301315222666 ] ] } },
{ "type": "Feature", "properties": { "FEEDER_NAME": "RSDC", "SUBSTATION_NAME": "CARRBORO", "wmType": "SECONDARY UNDERGROUND", "WKT": "LINESTRING (-79.09299811692595 35.914301315222666, -79.0930315508447 35.91433208271313)" }, "geometry": { "type": "LineString", "coordinates": [ [ -79.092998116925955, 35.914301315222666 ], [ -79.093031550844699, 35.91433208271313 ] ] } },
{ "type": "Feature", "properties": { "FEEDER_NAME": "RSDC", "SUBSTATION_NAME": "CARRBORO", "wmType": "SECONDARY UNDERGROUND", "WKT": "LINESTRING (-79.0930315508447 35.91433208271313, -79.09306301934595 35.91436004143416)" }, "geometry": { "type": "LineString", "coordinates": [ [ -79.093031550844699, 35.91433208271313 ], [ -79.093063019345948, 35.914360041434158 ] ] } },
{ "type": "Feature", "properties": { "FEEDER_NAME": "RSDC", "SUBSTATION_NAME": "CARRBORO", "wmType": "SECONDARY UNDERGROUND", "WKT": "LINESTRING (-79.09320951948267 35.91412535772425, -79.0934305941287 35.91415287214953)" }, "geometry": { "type": "LineString", "coordinates": [ [ -79.09320951948267, 35.914125357724252 ], [ -79.093430594128705, 35.914152872149529 ] ] } },
{ "type": "Feature", "properties": { "FEEDER_NAME": "RSDC", "SUBSTATION_NAME": "CARRBORO", "wmType": "SECONDARY UNDERGROUND", "WKT": "LINESTRING (-79.0934305941287 35.91415287214953, -79.09343684153704 35.91419275267491)" }, "geometry": { "type": "LineString", "coordinates": [ [ -79.093430594128705, 35.914152872149529 ], [ -79.093436841537041, 35.914192752674907 ] ] } },
{ "type": "Feature", "properties": { "FEEDER_NAME": "RSDC", "SUBSTATION_NAME": "CARRBORO", "wmType": "SECONDARY UNDERGROUND", "WKT": "LINESTRING (-79.09343684153704 35.91419275267491, -79.09351090700494 35.91418446525428)" }, "geometry": { "type": "LineString", "coordinates": [ [ -79.093436841537041, 35.914192752674907 ], [ -79.093510907004941, 35.91418446525428 ] ] } },
{ "type": "Feature", "properties": { "FEEDER_NAME": "RSDC", "SUBSTATION_NAME": "CARRBORO", "wmType": "SECONDARY UNDERGROUND", "WKT": "LINESTRING (-79.09351090700494 35.91418446525428, -79.09357645621833 35.91417579856225)" }, "geometry": { "type": "LineString", "coordinates": [ [ -79.093510907004941, 35.91418446525428 ], [ -79.093576456218329, 35.914175798562248 ] ] } },
{ "type": "Feature", "properties": { "FEEDER_NAME": "RSDC", "SUBSTATION_NAME": "CARRBORO", "wmType": "SECONDARY UNDERGROUND", "WKT": "LINESTRING (-79.09357645621833 35.91417579856225, -79.09363800735053 35.91416666712719)" }, "geometry": { "type": "LineString", "coordinates": [ [ -79.093576456218329, 35.914175798562248 ], [ -79.093638007350535, 35.914166667127191 ] ] } },
{ "type": "Feature", "properties": { "FEEDER_NAME": "RSDC", "SUBSTATION_NAME": "CARRBORO", "wmType": "SECONDARY UNDERGROUND", "WKT": "LINESTRING (-79.0934305941287 35.91415287214953, -79.09349787334516 35.91414558677198)" }, "geometry": { "type": "LineString", "coordinates": [ [ -79.093430594128705, 35.914152872149529 ], [ -79.093497873345157, 35.91414558677198 ] ] } },
{ "type": "Feature", "properties": { "FEEDER_NAME": "RSDC", "SUBSTATION_NAME": "CARRBORO", "wmType": "SECONDARY UNDERGROUND", "WKT": "LINESTRING (-79.09349787334516 35.91414558677198, -79.09356722857785 35.914134224078836)" }, "geometry": { "type": "LineString", "coordinates": [ [ -79.093497873345157, 35.91414558677198 ], [ -79.093567228577854, 35.914134224078836 ] ] } },
{ "type": "Feature", "properties": { "FEEDER_NAME": "RSDC", "SUBSTATION_NAME": "CARRBORO", "wmType": "SECONDARY UNDERGROUND", "WKT": "LINESTRING (-79.09356722857785 35.914134224078836, -79.09362827141695 35.91412534450147)" }, "geometry": { "type": "LineString", "coordinates": [ [ -79.093567228577854, 35.914134224078836 ], [ -79.093628271416947, 35.914125344501471 ] ] } },
{ "type": "Feature", "properties": { "FEEDER_NAME": "RSDC", "SUBSTATION_NAME": "CARRBORO", "wmType": "SECONDARY UNDERGROUND", "WKT": "LINESTRING (-79.09320951948267 35.91412535772425, -79.0931651641938 35.91413378091267)" }, "geometry": { "type": "LineString", "coordinates": [ [ -79.09320951948267, 35.914125357724252 ], [ -79.093165164193806, 35.914133780912671 ] ] } },
{ "type": "Feature", "properties": { "FEEDER_NAME": "RSDC", "SUBSTATION_NAME": "CARRBORO", "wmType": "SECONDARY UNDERGROUND", "WKT": "LINESTRING (-79.09424641570466 35.914031534355736, -79.09435937473941 35.91422328014464, -79.094393377944 35.91436909348689)" }, "geometry": { "type": "LineString", "coordinates": [ [ -79.09424641570466, 35.914031534355736 ], [ -79.094359374739412, 35.91422328014464 ], [ -79.094393377944002, 35.91436909348689 ] ] } },
{ "type": "Feature", "properties": { "FEEDER_NAME": "RSDC", "SUBSTATION_NAME": "CARRBORO", "wmType": "SECONDARY UNDERGROUND", "WKT": "LINESTRING (-79.09424641570466 35.914031534355736, -79.09439583007621 35.91404036789603)" }, "geometry": { "type": "LineString", "coordinates": [ [ -79.09424641570466, 35.914031534355736 ], [ -79.094395830076209, 35.914040367896028 ] ] } },
{ "type": "Feature", "properties": { "FEEDER_NAME": "RSDC", "SUBSTATION_NAME": "CARRBORO", "wmType": "SECONDARY UNDERGROUND", "WKT": "LINESTRING (-79.09439583007621 35.91404036789603, -79.09444532157345 35.91402710750431)" }, "geometry": { "type": "LineString", "coordinates": [ [ -79.094395830076209, 35.914040367896028 ], [ -79.094445321573446, 35.91402710750431 ] ] } },
{ "type": "Feature", "properties": { "FEEDER_NAME": "RSDC", "SUBSTATION_NAME": "CARRBORO", "wmType": "SECONDARY UNDERGROUND", "WKT": "LINESTRING (-79.09444532157345 35.91402710750431, -79.09449910224593 35.91401313715041)" }, "geometry": { "type": "LineString", "coordinates": [ [ -79.094445321573446, 35.91402710750431 ], [ -79.094499102245933, 35.914013137150413 ] ] } },
{ "type": "Feature", "properties": { "FEEDER_NAME": "RSDC", "SUBSTATION_NAME": "CARRBORO", "wmType": "SECONDARY UNDERGROUND", "WKT": "LINESTRING (-79.09449910224593 35.91401313715041, -79.0945542112421 35.91399624101893)" }, "geometry": { "type": "LineString", "coordinates": [ [ -79.094499102245933, 35.914013137150413 ], [ -79.094554211242098, 35.913996241018928 ] ] } },
{ "type": "Feature", "properties": { "FEEDER_NAME": "RSDC", "SUBSTATION_NAME": "CARRBORO", "wmType": "SECONDARY UNDERGROUND", "WKT": "LINESTRING (-79.09439583007621 35.91404036789603, -79.09442660901445 35.91409040869728)" }, "geometry": { "type": "LineString", "coordinates": [ [ -79.094395830076209, 35.914040367896028 ], [ -79.094426609014448, 35.914090408697277 ] ] } },
{ "type": "Feature", "properties": { "FEEDER_NAME": "RSDC", "SUBSTATION_NAME": "CARRBORO", "wmType": "SECONDARY UNDERGROUND", "WKT": "LINESTRING (-79.09442660901445 35.91409040869728, -79.094478354402 35.914079274522)" }, "geometry": { "type": "LineString", "coordinates": [ [ -79.094426609014448, 35.914090408697277 ], [ -79.094478354402, 35.914079274522003 ] ] } },
{ "type": "Feature", "properties": { "FEEDER_NAME": "RSDC", "SUBSTATION_NAME": "CARRBORO", "wmType": "SECONDARY UNDERGROUND", "WKT": "LINESTRING (-79.094478354402 35.914079274522, -79.09453017443138 35.91406376895298)" }, "geometry": { "type": "LineString", "coordinates": [ [ -79.094478354402, 35.914079274522003 ], [ -79.094530174431384, 35.914063768952978 ] ] } },
{ "type": "Feature", "properties": { "FEEDER_NAME": "RSDC", "SUBSTATION_NAME": "CARRBORO", "wmType": "SECONDARY UNDERGROUND", "WKT": "LINESTRING (-79.09453017443138 35.91406376895298, -79.0945784930192 35.914053712642726)" }, "geometry": { "type": "LineString", "coordinates": [ [ -79.094530174431384, 35.914063768952978 ], [ -79.094578493019199, 35.914053712642726 ] ] } },
{ "type": "Feature", "properties": { "FEEDER_NAME": "RSDC", "SUBSTATION_NAME": "CARRBORO", "wmType": "SECONDARY UNDERGROUND", "WKT": "LINESTRING (-79.09424641570466 35.914031534355736, -79.0942826922386 35.91404740169308, -79.09436848294355 35.91420780135486, -79.09446087131528 35.914209501834414)" }, "geometry": { "type": "LineString", "coordinates": [ [ -79.09424641570466, 35.914031534355736 ], [ -79.094282692238593, 35.914047401693082 ], [ -79.094368482943551, 35.914207801354863 ], [ -79.094460871315277, 35.914209501834414 ] ] } },
{ "type": "Feature", "properties": { "FEEDER_NAME": "RSDC", "SUBSTATION_NAME": "CARRBORO", "wmType": "SECONDARY UNDERGROUND", "WKT": "LINESTRING (-79.09446087131528 35.914209501834414, -79.09446153609734 35.91424549841218)" }, "geometry": { "type": "LineString", "coordinates": [ [ -79.094460871315277, 35.914209501834414 ], [ -79.094461536097342, 35.914245498412178 ] ] } },
{ "type": "Feature", "properties": { "FEEDER_NAME": "RSDC", "SUBSTATION_NAME": "CARRBORO", "wmType": "SECONDARY UNDERGROUND", "WKT": "LINESTRING (-79.09446153609734 35.91424549841218, -79.09446164022789 35.91428526466745)" }, "geometry": { "type": "LineString", "coordinates": [ [ -79.094461536097342, 35.914245498412178 ], [ -79.094461640227891, 35.914285264667448 ] ] } },
{ "type": "Feature", "properties": { "FEEDER_NAME": "RSDC", "SUBSTATION_NAME": "CARRBORO", "wmType": "SECONDARY UNDERGROUND", "WKT": "LINESTRING (-79.09446164022789 35.91428526466745, -79.09446223777526 35.91432250779657)" }, "geometry": { "type": "LineString", "coordinates": [ [ -79.094461640227891, 35.914285264667448 ], [ -79.094462237775261, 35.91432250779657 ] ] } },
{ "type": "Feature", "properties": { "FEEDER_NAME": "RSDC", "SUBSTATION_NAME": "CARRBORO", "wmType": "SECONDARY UNDERGROUND", "WKT": "LINESTRING (-79.09446223777526 35.91432250779657, -79.094463303973 35.91435973433897)" }, "geometry": { "type": "LineString", "coordinates": [ [ -79.094462237775261, 35.91432250779657 ], [ -79.094463303973001, 35.914359734338973 ] ] } },
{ "type": "Feature", "properties": { "FEEDER_NAME": "RSDC", "SUBSTATION_NAME": "CARRBORO", "wmType": "SECONDARY UNDERGROUND", "WKT": "LINESTRING (-79.09446087131528 35.914209501834414, -79.0945356441349 35.91420831820643)" }, "geometry": { "type": "LineString", "coordinates": [ [ -79.094460871315277, 35.914209501834414 ], [ -79.094535644134893, 35.914208318206427 ] ] } },
{ "type": "Feature", "properties": { "FEEDER_NAME": "RSDC", "SUBSTATION_NAME": "CARRBORO", "wmType": "SECONDARY UNDERGROUND", "WKT": "LINESTRING (-79.0945356441349 35.91420831820643, -79.09453479076792 35.91424881435709)" }, "geometry": { "type": "LineString", "coordinates": [ [ -79.094535644134893, 35.914208318206427 ], [ -79.094534790767923, 35.914248814357087 ] ] } },
{ "type": "Feature", "properties": { "FEEDER_NAME": "RSDC", "SUBSTATION_NAME": "CARRBORO", "wmType": "SECONDARY UNDERGROUND", "WKT": "LINESTRING (-79.09453479076792 35.91424881435709, -79.09453374174687 35.914295379123594)" }, "geometry": { "type": "LineString", "coordinates": [ [ -79.094534790767923, 35.914248814357087 ], [ -79.094533741746872, 35.914295379123594 ] ] } },
{ "type": "Feature", "properties": { "FEEDER_NAME": "RSDC", "SUBSTATION_NAME": "CARRBORO", "wmType": "SECONDARY UNDERGROUND", "WKT": "LINESTRING (-79.09453374174687 35.914295379123594, -79.09453325523702 35.91433976590846)" }, "geometry": { "type": "LineString", "coordinates": [ [ -79.094533741746872, 35.914295379123594 ], [ -79.094533255237025, 35.914339765908458 ] ] } },
{ "type": "Feature", "properties": { "FEEDER_NAME": "RSDC", "SUBSTATION_NAME": "CARRBORO", "wmType": "SECONDARY UNDERGROUND", "WKT": "LINESTRING (-79.09424641570466 35.914031534355736, -79.09403149610878 35.91407181709654, -79.09402256344113 35.91410868452046)" }, "geometry": { "type": "LineString", "coordinates": [ [ -79.09424641570466, 35.914031534355736 ], [ -79.094031496108784, 35.914071817096541 ], [ -79.094022563441129, 35.914108684520457 ] ] } },
{ "type": "Feature", "properties": { "FEEDER_NAME": "RSDC", "SUBSTATION_NAME": "CARRBORO", "wmType": "SECONDARY UNDERGROUND", "WKT": "LINESTRING (-79.09402256344113 35.91410868452046, -79.09395026656975 35.91411806867596)" }, "geometry": { "type": "LineString", "coordinates": [ [ -79.094022563441129, 35.914108684520457 ], [ -79.093950266569749, 35.914118068675961 ] ] } },
{ "type": "Feature", "properties": { "FEEDER_NAME": "RSDC", "SUBSTATION_NAME": "CARRBORO", "wmType": "SECONDARY UNDERGROUND", "WKT": "LINESTRING (-79.09395026656975 35.91411806867596, -79.09388325524665 35.91412605170449)" }, "geometry": { "type": "LineString", "coordinates": [ [ -79.093950266569749, 35.914118068675961 ], [ -79.093883255246652, 35.914126051704493 ] ] } },
{ "type": "Feature", "properties": { "FEEDER_NAME": "RSDC", "SUBSTATION_NAME": "CARRBORO", "wmType": "SECONDARY UNDERGROUND", "WKT": "LINESTRING (-79.09388325524665 35.91412605170449, -79.09382075117917 35.91413410333515)" }, "geometry": { "type": "LineString", "coordinates": [ [ -79.093883255246652, 35.914126051704493 ], [ -79.093820751179166, 35.914134103335151 ] ] } },
{ "type": "Feature", "properties": { "FEEDER_NAME": "RSDC", "SUBSTATION_NAME": "CARRBORO", "wmType": "SECONDARY UNDERGROUND", "WKT": "LINESTRING (-79.09402256344113 35.91410868452046, -79.09403080111355 35.91414292043215)" }, "geometry": { "type": "LineString", "coordinates": [ [ -79.094022563441129, 35.914108684520457 ], [ -79.094030801113547, 35.914142920432148 ] ] } },
{ "type": "Feature", "properties": { "FEEDER_NAME": "RSDC", "SUBSTATION_NAME": "CARRBORO", "wmType": "SECONDARY UNDERGROUND", "WKT": "LINESTRING (-79.09403080111355 35.91414292043215, -79.09396119634371 35.914154974879445)" }, "geometry": { "type": "LineString", "coordinates": [ [ -79.094030801113547, 35.914142920432148 ], [ -79.093961196343713, 35.914154974879445 ] ] } },
{ "type": "Feature", "properties": { "FEEDER_NAME": "RSDC", "SUBSTATION_NAME": "CARRBORO", "wmType": "SECONDARY UNDERGROUND", "WKT": "LINESTRING (-79.09396119634371 35.914154974879445, -79.09389179209846 35.91416322113255)" }, "geometry": { "type": "LineString", "coordinates": [ [ -79.093961196343713, 35.914154974879445 ], [ -79.093891792098461, 35.914163221132547 ] ] } },
{ "type": "Feature", "properties": { "FEEDER_NAME": "RSDC", "SUBSTATION_NAME": "CARRBORO", "wmType": "SECONDARY UNDERGROUND", "WKT": "LINESTRING (-79.09389179209846 35.91416322113255, -79.09382405348323 35.91416988428085)" }, "geometry": { "type": "LineString", "coordinates": [ [ -79.093891792098461, 35.914163221132547 ], [ -79.093824053483232, 35.914169884280852 ] ] } },
{ "type": "Feature", "properties": { "FEEDER_NAME": "RSDC", "SUBSTATION_NAME": "CARRBORO", "wmType": "SECONDARY UNDERGROUND", "WKT": "LINESTRING (-79.09382405348323 35.91416988428085, -79.09376420835147 35.91417686579543)" }, "geometry": { "type": "LineString", "coordinates": [ [ -79.093824053483232, 35.914169884280852 ], [ -79.093764208351473, 35.914176865795433 ] ] } },
{ "type": "Feature", "properties": { "FEEDER_NAME": "RSDC", "SUBSTATION_NAME": "CARRBORO", "wmType": "SECONDARY UNDERGROUND", "WKT": "LINESTRING (-79.09424641570466 35.914031534355736, -79.09426903258571 35.91404963846146)" }, "geometry": { "type": "LineString", "coordinates": [ [ -79.09424641570466, 35.914031534355736 ], [ -79.094269032585714, 35.914049638461456 ] ] } },
{ "type": "Feature", "properties": { "FEEDER_NAME": "RSDC", "SUBSTATION_NAME": "CARRBORO", "wmType": "SECONDARY UNDERGROUND", "WKT": "LINESTRING (-79.09424641570466 35.914031534355736, -79.09406752231355 35.91408300963785, -79.09407403575212 35.914165526009285, -79.09379827289489 35.91419900803595)" }, "geometry": { "type": "LineString", "coordinates": [ [ -79.09424641570466, 35.914031534355736 ], [ -79.094067522313551, 35.914083009637849 ], [ -79.094074035752115, 35.914165526009285 ], [ -79.093798272894887, 35.914199008035951 ] ] } },
{ "type": "Feature", "properties": { "FEEDER_NAME": "RSDC", "SUBSTATION_NAME": "CARRBORO", "wmType": "SECONDARY UNDERGROUND", "WKT": "LINESTRING (-79.09497146509521 35.91400328604735, -79.09490970912684 35.91400852919747)" }, "geometry": { "type": "LineString", "coordinates": [ [ -79.094971465095213, 35.914003286047347 ], [ -79.094909709126838, 35.914008529197467 ] ] } },
{ "type": "Feature", "properties": { "FEEDER_NAME": "RSDC", "SUBSTATION_NAME": "CARRBORO", "wmType": "SECONDARY UNDERGROUND", "WKT": "LINESTRING (-79.09490970912684 35.91400852919747, -79.09487581949915 35.913932703786465)" }, "geometry": { "type": "LineString", "coordinates": [ [ -79.094909709126838, 35.914008529197467 ], [ -79.094875819499151, 35.913932703786465 ] ] } },
{ "type": "Feature", "properties": { "FEEDER_NAME": "RSDC", "SUBSTATION_NAME": "CARRBORO", "wmType": "SECONDARY UNDERGROUND", "WKT": "LINESTRING (-79.09487581949915 35.913932703786465, -79.0948237417698 35.91394941204009)" }, "geometry": { "type": "LineString", "coordinates": [ [ -79.094875819499151, 35.913932703786465 ], [ -79.094823741769801, 35.91394941204009 ] ] } },
{ "type": "Feature", "properties": { "FEEDER_NAME": "RSDC", "SUBSTATION_NAME": "CARRBORO", "wmType": "SECONDARY UNDERGROUND", "WKT": "LINESTRING (-79.0948237417698 35.91394941204009, -79.09478162946758 35.91396084802738)" }, "geometry": { "type": "LineString", "coordinates": [ [ -79.094823741769801, 35.91394941204009 ], [ -79.094781629467576, 35.913960848027379 ] ] } },
{ "type": "Feature", "properties": { "FEEDER_NAME": "RSDC", "SUBSTATION_NAME": "CARRBORO", "wmType": "SECONDARY UNDERGROUND", "WKT": "LINESTRING (-79.09478162946758 35.91396084802738, -79.09473505802474 35.913973577224816)" }, "geometry": { "type": "LineString", "coordinates": [ [ -79.094781629467576, 35.913960848027379 ], [ -79.094735058024739, 35.913973577224816 ] ] } },
{ "type": "Feature", "properties": { "FEEDER_NAME": "RSDC", "SUBSTATION_NAME": "CARRBORO", "wmType": "SECONDARY UNDERGROUND", "WKT": "LINESTRING (-79.09473505802474 35.913973577224816, -79.09467988980259 35.913989053032346)" }, "geometry": { "type": "LineString", "coordinates": [ [ -79.094735058024739, 35.913973577224816 ], [ -79.094679889802592, 35.913989053032346 ] ] } },
{ "type": "Feature", "properties": { "FEEDER_NAME": "RSDC", "SUBSTATION_NAME": "CARRBORO", "wmType": "SECONDARY UNDERGROUND", "WKT": "LINESTRING (-79.09490970912684 35.91400852919747, -79.0948563439264 35.91402242550269)" }, "geometry": { "type": "LineString", "coordinates": [ [ -79.094909709126838, 35.914008529197467 ], [ -79.094856343926395, 35.914022425502687 ] ] } },
{ "type": "Feature", "properties": { "FEEDER_NAME": "RSDC", "SUBSTATION_NAME": "CARRBORO", "wmType": "SECONDARY UNDERGROUND", "WKT": "LINESTRING (-79.0948563439264 35.91402242550269, -79.09481200152211 35.91403407954601)" }, "geometry": { "type": "LineString", "coordinates": [ [ -79.094856343926395, 35.914022425502687 ], [ -79.094812001522115, 35.914034079546013 ] ] } },
{ "type": "Feature", "properties": { "FEEDER_NAME": "RSDC", "SUBSTATION_NAME": "CARRBORO", "wmType": "SECONDARY UNDERGROUND", "WKT": "LINESTRING (-79.09481200152211 35.91403407954601, -79.09476414213418 35.9140454749268)" }, "geometry": { "type": "LineString", "coordinates": [ [ -79.094812001522115, 35.914034079546013 ], [ -79.094764142134181, 35.914045474926802 ] ] } },
{ "type": "Feature", "properties": { "FEEDER_NAME": "RSDC", "SUBSTATION_NAME": "CARRBORO", "wmType": "SECONDARY UNDERGROUND", "WKT": "LINESTRING (-79.09497146509521 35.91400328604735, -79.09498550819475 35.91410288249211, -79.09508739579617 35.91422004268194)" }, "geometry": { "type": "LineString", "coordinates": [ [ -79.094971465095213, 35.914003286047347 ], [ -79.094985508194753, 35.914102882492109 ], [ -79.09508739579617, 35.91422004268194 ] ] } },
{ "type": "Feature", "properties": { "FEEDER_NAME": "RSDC", "SUBSTATION_NAME": "CARRBORO", "wmType": "SECONDARY UNDERGROUND", "WKT": "LINESTRING (-79.09497146509521 35.91400328604735, -79.0950466259506 35.91402225130862)" }, "geometry": { "type": "LineString", "coordinates": [ [ -79.094971465095213, 35.914003286047347 ], [ -79.095046625950602, 35.914022251308623 ] ] } },
{ "type": "Feature", "properties": { "FEEDER_NAME": "RSDC", "SUBSTATION_NAME": "CARRBORO", "wmType": "SECONDARY UNDERGROUND", "WKT": "LINESTRING (-79.0950466259506 35.91402225130862, -79.09508505623056 35.91405763892842)" }, "geometry": { "type": "LineString", "coordinates": [ [ -79.095046625950602, 35.914022251308623 ], [ -79.095085056230559, 35.914057638928419 ] ] } },
{ "type": "Feature", "properties": { "FEEDER_NAME": "RSDC", "SUBSTATION_NAME": "CARRBORO", "wmType": "SECONDARY UNDERGROUND", "WKT": "LINESTRING (-79.09508505623056 35.91405763892842, -79.09511822817313 35.91409115682782)" }, "geometry": { "type": "LineString", "coordinates": [ [ -79.095085056230559, 35.914057638928419 ], [ -79.095118228173135, 35.914091156827823 ] ] } },
{ "type": "Feature", "properties": { "FEEDER_NAME": "RSDC", "SUBSTATION_NAME": "CARRBORO", "wmType": "SECONDARY UNDERGROUND", "WKT": "LINESTRING (-79.09511822817313 35.91409115682782, -79.09515505122357 35.91413625179685)" }, "geometry": { "type": "LineString", "coordinates": [ [ -79.095118228173135, 35.914091156827823 ], [ -79.095155051223571, 35.914136251796847 ] ] } },
{ "type": "Feature", "properties": { "FEEDER_NAME": "RSDC", "SUBSTATION_NAME": "CARRBORO", "wmType": "SECONDARY UNDERGROUND", "WKT": "LINESTRING (-79.09515505122357 35.91413625179685, -79.09519181242635 35.91418054013718)" }, "geometry": { "type": "LineString", "coordinates": [ [ -79.095155051223571, 35.914136251796847 ], [ -79.09519181242635, 35.914180540137181 ] ] } },
{ "type": "Feature", "properties": { "FEEDER_NAME": "RSDC", "SUBSTATION_NAME": "CARRBORO", "wmType": "SECONDARY UNDERGROUND", "WKT": "LINESTRING (-79.0950466259506 35.91402225130862, -79.09510582597349 35.913979477167224)" }, "geometry": { "type": "LineString", "coordinates": [ [ -79.095046625950602, 35.914022251308623 ], [ -79.095105825973491, 35.913979477167224 ] ] } },
{ "type": "Feature", "properties": { "FEEDER_NAME": "RSDC", "SUBSTATION_NAME": "CARRBORO", "wmType": "SECONDARY UNDERGROUND", "WKT": "LINESTRING (-79.09510582597349 35.913979477167224, -79.09514125418126 35.91402656961297)" }, "geometry": { "type": "LineString", "coordinates": [ [ -79.095105825973491, 35.913979477167224 ], [ -79.095141254181257, 35.914026569612972 ] ] } },
{ "type": "Feature", "properties": { "FEEDER_NAME": "RSDC", "SUBSTATION_NAME": "CARRBORO", "wmType": "SECONDARY UNDERGROUND", "WKT": "LINESTRING (-79.09514125418126 35.91402656961297, -79.09518269841534 35.914066875058936)" }, "geometry": { "type": "LineString", "coordinates": [ [ -79.095141254181257, 35.914026569612972 ], [ -79.095182698415343, 35.914066875058936 ] ] } },
{ "type": "Feature", "properties": { "FEEDER_NAME": "RSDC", "SUBSTATION_NAME": "CARRBORO", "wmType": "SECONDARY UNDERGROUND", "WKT": "LINESTRING (-79.09518269841534 35.914066875058936, -79.09522143371383 35.91410999015928)" }, "geometry": { "type": "LineString", "coordinates": [ [ -79.095182698415343, 35.914066875058936 ], [ -79.095221433713832, 35.914109990159282 ] ] } },
{ "type": "Feature", "properties": { "FEEDER_NAME": "RSDC", "SUBSTATION_NAME": "CARRBORO", "wmType": "SECONDARY UNDERGROUND", "WKT": "LINESTRING (-79.094725730037 35.91475464895789, -79.09475414006141 35.91479477988875)" }, "geometry": { "type": "LineString", "coordinates": [ [ -79.094725730036998, 35.914754648957889 ], [ -79.094754140061411, 35.914794779888751 ] ] } },
{ "type": "Feature", "properties": { "FEEDER_NAME": "RSDC", "SUBSTATION_NAME": "CARRBORO", "wmType": "SECONDARY UNDERGROUND", "WKT": "LINESTRING (-79.09517423153778 35.914781479644304, -79.09521847956249 35.91483794502076)" }, "geometry": { "type": "LineString", "coordinates": [ [ -79.095174231537783, 35.914781479644304 ], [ -79.09521847956249, 35.914837945020757 ] ] } },
{ "type": "Feature", "properties": { "FEEDER_NAME": "RSDC", "SUBSTATION_NAME": "CARRBORO", "wmType": "SECONDARY UNDERGROUND", "WKT": "LINESTRING (-79.09517423153778 35.914781479644304, -79.09504813823762 35.91474513108517, -79.09520638908484 35.91463658654493)" }, "geometry": { "type": "LineString", "coordinates": [ [ -79.095174231537783, 35.914781479644304 ], [ -79.095048138237615, 35.914745131085169 ], [ -79.095206389084836, 35.91463658654493 ] ] } },
{ "type": "Feature", "properties": { "FEEDER_NAME": "RSDC", "SUBSTATION_NAME": "CARRBORO", "wmType": "SECONDARY UNDERGROUND", "WKT": "LINESTRING (-79.09517423153778 35.914781479644304, -79.09526924254665 35.914782668231155)" }, "geometry": { "type": "LineString", "coordinates": [ [ -79.095174231537783, 35.914781479644304 ], [ -79.095269242546649, 35.914782668231155 ] ] } },
{ "type": "Feature", "properties": { "FEEDER_NAME": "RSDC", "SUBSTATION_NAME": "CARRBORO", "wmType": "SECONDARY UNDERGROUND", "WKT": "LINESTRING (-79.09526924254665 35.914782668231155, -79.09530732109333 35.914760910819666)" }, "geometry": { "type": "LineString", "coordinates": [ [ -79.095269242546649, 35.914782668231155 ], [ -79.09530732109333, 35.914760910819666 ] ] } },
{ "type": "Feature", "properties": { "FEEDER_NAME": "RSDC", "SUBSTATION_NAME": "CARRBORO", "wmType": "SECONDARY UNDERGROUND", "WKT": "LINESTRING (-79.09530732109333 35.914760910819666, -79.09534593683854 35.914734337321796)" }, "geometry": { "type": "LineString", "coordinates": [ [ -79.09530732109333, 35.914760910819666 ], [ -79.095345936838541, 35.914734337321796 ] ] } },
{ "type": "Feature", "properties": { "FEEDER_NAME": "RSDC", "SUBSTATION_NAME": "CARRBORO", "wmType": "SECONDARY UNDERGROUND", "WKT": "LINESTRING (-79.09534593683854 35.914734337321796, -79.09538245012972 35.91470818546132)" }, "geometry": { "type": "LineString", "coordinates": [ [ -79.095345936838541, 35.914734337321796 ], [ -79.095382450129719, 35.914708185461322 ] ] } },
{ "type": "Feature", "properties": { "FEEDER_NAME": "RSDC", "SUBSTATION_NAME": "CARRBORO", "wmType": "SECONDARY UNDERGROUND", "WKT": "LINESTRING (-79.09538245012972 35.91470818546132, -79.09529758203001 35.91465481629494)" }, "geometry": { "type": "LineString", "coordinates": [ [ -79.095382450129719, 35.914708185461322 ], [ -79.095297582030014, 35.914654816294941 ] ] } },
{ "type": "Feature", "properties": { "FEEDER_NAME": "RSDC", "SUBSTATION_NAME": "CARRBORO", "wmType": "SECONDARY UNDERGROUND", "WKT": "LINESTRING (-79.09529758203001 35.91465481629494, -79.09525047147567 35.91469075822929)" }, "geometry": { "type": "LineString", "coordinates": [ [ -79.095297582030014, 35.914654816294941 ], [ -79.095250471475666, 35.914690758229291 ] ] } },
{ "type": "Feature", "properties": { "FEEDER_NAME": "RSDC", "SUBSTATION_NAME": "CARRBORO", "wmType": "SECONDARY UNDERGROUND", "WKT": "LINESTRING (-79.09525047147567 35.91469075822929, -79.09520444568517 35.91472020902561)" }, "geometry": { "type": "LineString", "coordinates": [ [ -79.095250471475666, 35.914690758229291 ], [ -79.09520444568517, 35.91472020902561 ] ] } },
{ "type": "Feature", "properties": { "FEEDER_NAME": "RSDC", "SUBSTATION_NAME": "CARRBORO", "wmType": "SECONDARY UNDERGROUND", "WKT": "LINESTRING (-79.09520444568517 35.91472020902561, -79.0951782166573 35.91474084405644)" }, "geometry": { "type": "LineString", "coordinates": [ [ -79.09520444568517, 35.91472020902561 ], [ -79.095178216657303, 35.914740844056439 ] ] } },
{ "type": "Feature", "properties": { "FEEDER_NAME": "RSDC", "SUBSTATION_NAME": "CARRBORO", "wmType": "SECONDARY UNDERGROUND", "WKT": "LINESTRING (-79.0962256077681 35.91526358332334, -79.09614287253157 35.91517674684753, -79.09608460599486 35.91519420317919)" }, "geometry": { "type": "LineString", "coordinates": [ [ -79.096225607768105, 35.915263583323338 ], [ -79.096142872531573, 35.915176746847528 ], [ -79.096084605994861, 35.91519420317919 ] ] } },
{ "type": "Feature", "properties": { "FEEDER_NAME": "RSDC", "SUBSTATION_NAME": "CARRBORO", "wmType": "SECONDARY UNDERGROUND", "WKT": "LINESTRING (-79.09608460599486 35.91519420317919, -79.09606317056667 35.915166760102224)" }, "geometry": { "type": "LineString", "coordinates": [ [ -79.096084605994861, 35.91519420317919 ], [ -79.096063170566666, 35.915166760102224 ] ] } },
{ "type": "Feature", "properties": { "FEEDER_NAME": "RSDC", "SUBSTATION_NAME": "CARRBORO", "wmType": "SECONDARY UNDERGROUND", "WKT": "LINESTRING (-79.09606317056667 35.915166760102224, -79.09603645458377 35.91513842167809)" }, "geometry": { "type": "LineString", "coordinates": [ [ -79.096063170566666, 35.915166760102224 ], [ -79.096036454583768, 35.915138421678087 ] ] } },
{ "type": "Feature", "properties": { "FEEDER_NAME": "RSDC", "SUBSTATION_NAME": "CARRBORO", "wmType": "SECONDARY UNDERGROUND", "WKT": "LINESTRING (-79.09603645458377 35.91513842167809, -79.09601741556162 35.91511083069579)" }, "geometry": { "type": "LineString", "coordinates": [ [ -79.096036454583768, 35.915138421678087 ], [ -79.096017415561619, 35.915110830695788 ] ] } },
{ "type": "Feature", "properties": { "FEEDER_NAME": "RSDC", "SUBSTATION_NAME": "CARRBORO", "wmType": "SECONDARY UNDERGROUND", "WKT": "LINESTRING (-79.09601741556162 35.91511083069579, -79.09598934357805 35.915079802041326)" }, "geometry": { "type": "LineString", "coordinates": [ [ -79.096017415561619, 35.915110830695788 ], [ -79.095989343578054, 35.915079802041326 ] ] } },
{ "type": "Feature", "properties": { "FEEDER_NAME": "RSDC", "SUBSTATION_NAME": "CARRBORO", "wmType": "SECONDARY UNDERGROUND", "WKT": "LINESTRING (-79.09608460599486 35.91519420317919, -79.09600800288982 35.915226967193774)" }, "geometry": { "type": "LineString", "coordinates": [ [ -79.096084605994861, 35.91519420317919 ], [ -79.096008002889818, 35.915226967193774 ] ] } },
{ "type": "Feature", "properties": { "FEEDER_NAME": "RSDC", "SUBSTATION_NAME": "CARRBORO", "wmType": "SECONDARY UNDERGROUND", "WKT": "LINESTRING (-79.09600800288982 35.915226967193774, -79.0959793173933 35.915191565906184)" }, "geometry": { "type": "LineString", "coordinates": [ [ -79.096008002889818, 35.915226967193774 ], [ -79.095979317393301, 35.915191565906184 ] ] } },
{ "type": "Feature", "properties": { "FEEDER_NAME": "RSDC", "SUBSTATION_NAME": "CARRBORO", "wmType": "SECONDARY UNDERGROUND", "WKT": "LINESTRING (-79.0959793173933 35.915191565906184, -79.09594632067498 35.91515420496642)" }, "geometry": { "type": "LineString", "coordinates": [ [ -79.095979317393301, 35.915191565906184 ], [ -79.095946320674983, 35.91515420496642 ] ] } },
{ "type": "Feature", "properties": { "FEEDER_NAME": "RSDC", "SUBSTATION_NAME": "CARRBORO", "wmType": "SECONDARY UNDERGROUND", "WKT": "LINESTRING (-79.09594632067498 35.91515420496642, -79.09591640758482 35.91511599707412)" }, "geometry": { "type": "LineString", "coordinates": [ [ -79.095946320674983, 35.91515420496642 ], [ -79.095916407584824, 35.915115997074118 ] ] } },
{ "type": "Feature", "properties": { "FEEDER_NAME": "RSDC", "SUBSTATION_NAME": "CARRBORO", "wmType": "SECONDARY UNDERGROUND", "WKT": "LINESTRING (-79.0962256077681 35.91526358332334, -79.09623008470943 35.915328335598666)" }, "geometry": { "type": "LineString", "coordinates": [ [ -79.096225607768105, 35.915263583323338 ], [ -79.096230084709433, 35.915328335598666 ] ] } },
{ "type": "Feature", "properties": { "FEEDER_NAME": "RSDC", "SUBSTATION_NAME": "CARRBORO", "wmType": "SECONDARY UNDERGROUND", "WKT": "LINESTRING (-79.09623008470943 35.915328335598666, -79.09617684451634 35.91534261092219)" }, "geometry": { "type": "LineString", "coordinates": [ [ -79.096230084709433, 35.915328335598666 ], [ -79.096176844516336, 35.915342610922188 ] ] } },
{ "type": "Feature", "properties": { "FEEDER_NAME": "RSDC", "SUBSTATION_NAME": "CARRBORO", "wmType": "SECONDARY UNDERGROUND", "WKT": "LINESTRING (-79.09617684451634 35.91534261092219, -79.09612477419822 35.9153539831102)" }, "geometry": { "type": "LineString", "coordinates": [ [ -79.096176844516336, 35.915342610922188 ], [ -79.096124774198216, 35.915353983110201 ] ] } },
{ "type": "Feature", "properties": { "FEEDER_NAME": "RSDC", "SUBSTATION_NAME": "CARRBORO", "wmType": "SECONDARY UNDERGROUND", "WKT": "LINESTRING (-79.09612477419822 35.9153539831102, -79.0960654810601 35.9153701036101)" }, "geometry": { "type": "LineString", "coordinates": [ [ -79.096124774198216, 35.915353983110201 ], [ -79.096065481060094, 35.915370103610101 ] ] } },
{ "type": "Feature", "properties": { "FEEDER_NAME": "RSDC", "SUBSTATION_NAME": "CARRBORO", "wmType": "SECONDARY UNDERGROUND", "WKT": "LINESTRING (-79.0960654810601 35.9153701036101, -79.09610280369182 35.9154374401957)" }, "geometry": { "type": "LineString", "coordinates": [ [ -79.096065481060094, 35.915370103610101 ], [ -79.096102803691821, 35.915437440195703 ] ] } },
{ "type": "Feature", "properties": { "FEEDER_NAME": "RSDC", "SUBSTATION_NAME": "CARRBORO", "wmType": "SECONDARY UNDERGROUND", "WKT": "LINESTRING (-79.09610280369182 35.9154374401957, -79.09616820133422 35.91542275604856)" }, "geometry": { "type": "LineString", "coordinates": [ [ -79.096102803691821, 35.915437440195703 ], [ -79.096168201334223, 35.915422756048557 ] ] } },
{ "type": "Feature", "properties": { "FEEDER_NAME": "RSDC", "SUBSTATION_NAME": "CARRBORO", "wmType": "SECONDARY UNDERGROUND", "WKT": "LINESTRING (-79.09616820133422 35.91542275604856, -79.09622361745862 35.91540738753758)" }, "geometry": { "type": "LineString", "coordinates": [ [ -79.096168201334223, 35.915422756048557 ], [ -79.09622361745862, 35.915407387537577 ] ] } },
{ "type": "Feature", "properties": { "FEEDER_NAME": "RSDC", "SUBSTATION_NAME": "CARRBORO", "wmType": "SECONDARY UNDERGROUND", "WKT": "LINESTRING (-79.09622361745862 35.91540738753758, -79.09628505702457 35.91538964022106)" }, "geometry": { "type": "LineString", "coordinates": [ [ -79.09622361745862, 35.915407387537577 ], [ -79.096285057024573, 35.915389640221058 ] ] } },
{ "type": "Feature", "properties": { "FEEDER_NAME": "RSDC", "SUBSTATION_NAME": "CARRBORO", "wmType": "SECONDARY UNDERGROUND", "WKT": "LINESTRING (-79.09850691935839 35.91850465837055, -79.09825728462133 35.91833834255766)" }, "geometry": { "type": "LineString", "coordinates": [ [ -79.098506919358385, 35.918504658370551 ], [ -79.098257284621326, 35.918338342557661 ] ] } },
{ "type": "Feature", "properties": { "FEEDER_NAME": "RSDC", "SUBSTATION_NAME": "CARRBORO", "wmType": "SECONDARY UNDERGROUND", "WKT": "LINESTRING (-79.09564401695566 35.914496367720645, -79.09577296938609 35.91461270935627)" }, "geometry": { "type": "LineString", "coordinates": [ [ -79.09564401695566, 35.914496367720645 ], [ -79.09577296938609, 35.91461270935627 ] ] } },
{ "type": "Feature", "properties": { "FEEDER_NAME": "RSDC", "SUBSTATION_NAME": "CARRBORO", "wmType": "SECONDARY UNDERGROUND", "WKT": "LINESTRING (-79.09577296938609 35.91461270935627, -79.09561450653356 35.914690304100496)" }, "geometry": { "type": "LineString", "coordinates": [ [ -79.09577296938609, 35.91461270935627 ], [ -79.095614506533565, 35.914690304100496 ] ] } },
{ "type": "Feature", "properties": { "FEEDER_NAME": "RSDC", "SUBSTATION_NAME": "CARRBORO", "wmType": "SECONDARY UNDERGROUND", "WKT": "LINESTRING (-79.09564401695566 35.914496367720645, -79.09560339135551 35.91444976259825, -79.09548642487115 35.91441075300371)" }, "geometry": { "type": "LineString", "coordinates": [ [ -79.09564401695566, 35.914496367720645 ], [ -79.09560339135551, 35.914449762598252 ], [ -79.095486424871154, 35.914410753003708 ] ] } },
{ "type": "Feature", "properties": { "FEEDER_NAME": "RSDC", "SUBSTATION_NAME": "CARRBORO", "wmType": "SECONDARY UNDERGROUND", "WKT": "LINESTRING (-79.09548642487115 35.91441075300371, -79.09545215321255 35.91436383280987)" }, "geometry": { "type": "LineString", "coordinates": [ [ -79.095486424871154, 35.914410753003708 ], [ -79.095452153212548, 35.914363832809869 ] ] } },
{ "type": "Feature", "properties": { "FEEDER_NAME": "RSDC", "SUBSTATION_NAME": "CARRBORO", "wmType": "SECONDARY UNDERGROUND", "WKT": "LINESTRING (-79.09545215321255 35.91436383280987, -79.0954230904904 35.914324714707256)" }, "geometry": { "type": "LineString", "coordinates": [ [ -79.095452153212548, 35.914363832809869 ], [ -79.095423090490399, 35.914324714707256 ] ] } },
{ "type": "Feature", "properties": { "FEEDER_NAME": "RSDC", "SUBSTATION_NAME": "CARRBORO", "wmType": "SECONDARY UNDERGROUND", "WKT": "LINESTRING (-79.0954230904904 35.914324714707256, -79.09538772930514 35.914281147287184)" }, "geometry": { "type": "LineString", "coordinates": [ [ -79.095423090490399, 35.914324714707256 ], [ -79.095387729305145, 35.914281147287184 ] ] } },
{ "type": "Feature", "properties": { "FEEDER_NAME": "RSDC", "SUBSTATION_NAME": "CARRBORO", "wmType": "SECONDARY UNDERGROUND", "WKT": "LINESTRING (-79.09538772930514 35.914281147287184, -79.09531213668234 35.91431155498507)" }, "geometry": { "type": "LineString", "coordinates": [ [ -79.095387729305145, 35.914281147287184 ], [ -79.095312136682338, 35.914311554985069 ] ] } },
{ "type": "Feature", "properties": { "FEEDER_NAME": "RSDC", "SUBSTATION_NAME": "CARRBORO", "wmType": "SECONDARY UNDERGROUND", "WKT": "LINESTRING (-79.09531213668234 35.91431155498507, -79.09534754540657 35.91435130447514)" }, "geometry": { "type": "LineString", "coordinates": [ [ -79.095312136682338, 35.914311554985069 ], [ -79.095347545406568, 35.91435130447514 ] ] } },
{ "type": "Feature", "properties": { "FEEDER_NAME": "RSDC", "SUBSTATION_NAME": "CARRBORO", "wmType": "SECONDARY UNDERGROUND", "WKT": "LINESTRING (-79.09534754540657 35.91435130447514, -79.09538385730444 35.914393992393414)" }, "geometry": { "type": "LineString", "coordinates": [ [ -79.095347545406568, 35.91435130447514 ], [ -79.095383857304441, 35.914393992393414 ] ] } },
{ "type": "Feature", "properties": { "FEEDER_NAME": "RSDC", "SUBSTATION_NAME": "CARRBORO", "wmType": "SECONDARY UNDERGROUND", "WKT": "LINESTRING (-79.09538385730444 35.914393992393414, -79.09542380878992 35.91443939217515)" }, "geometry": { "type": "LineString", "coordinates": [ [ -79.095383857304441, 35.914393992393414 ], [ -79.095423808789917, 35.914439392175147 ] ] } },
{ "type": "Feature", "properties": { "FEEDER_NAME": "RSDC", "SUBSTATION_NAME": "CARRBORO", "wmType": "SECONDARY UNDERGROUND", "WKT": "LINESTRING (-79.09564401695566 35.914496367720645, -79.09557904941416 35.914491017121065)" }, "geometry": { "type": "LineString", "coordinates": [ [ -79.09564401695566, 35.914496367720645 ], [ -79.095579049414155, 35.914491017121065 ] ] } },
{ "type": "Feature", "properties": { "FEEDER_NAME": "RSDC", "SUBSTATION_NAME": "CARRBORO", "wmType": "SECONDARY UNDERGROUND", "WKT": "LINESTRING (-79.09557904941416 35.914491017121065, -79.09563885200691 35.914548153354254)" }, "geometry": { "type": "LineString", "coordinates": [ [ -79.095579049414155, 35.914491017121065 ], [ -79.095638852006914, 35.914548153354254 ] ] } },
{ "type": "Feature", "properties": { "FEEDER_NAME": "RSDC", "SUBSTATION_NAME": "CARRBORO", "wmType": "SECONDARY UNDERGROUND", "WKT": "LINESTRING (-79.09563885200691 35.914548153354254, -79.09560239527293 35.914574216921245)" }, "geometry": { "type": "LineString", "coordinates": [ [ -79.095638852006914, 35.914548153354254 ], [ -79.095602395272934, 35.914574216921245 ] ] } },
{ "type": "Feature", "properties": { "FEEDER_NAME": "RSDC", "SUBSTATION_NAME": "CARRBORO", "wmType": "SECONDARY UNDERGROUND", "WKT": "LINESTRING (-79.09560239527293 35.914574216921245, -79.0955641812118 35.91459928861877)" }, "geometry": { "type": "LineString", "coordinates": [ [ -79.095602395272934, 35.914574216921245 ], [ -79.095564181211799, 35.914599288618767 ] ] } },
{ "type": "Feature", "properties": { "FEEDER_NAME": "RSDC", "SUBSTATION_NAME": "CARRBORO", "wmType": "SECONDARY UNDERGROUND", "WKT": "LINESTRING (-79.0955641812118 35.91459928861877, -79.09552724329973 35.9146251218064)" }, "geometry": { "type": "LineString", "coordinates": [ [ -79.095564181211799, 35.914599288618767 ], [ -79.095527243299728, 35.914625121806402 ] ] } },
{ "type": "Feature", "properties": { "FEEDER_NAME": "RSDC", "SUBSTATION_NAME": "CARRBORO", "wmType": "SECONDARY UNDERGROUND", "WKT": "LINESTRING (-79.09557904941416 35.914491017121065, -79.0955408141183 35.91451777967075)" }, "geometry": { "type": "LineString", "coordinates": [ [ -79.095579049414155, 35.914491017121065 ], [ -79.095540814118294, 35.914517779670753 ] ] } },
{ "type": "Feature", "properties": { "FEEDER_NAME": "RSDC", "SUBSTATION_NAME": "CARRBORO", "wmType": "SECONDARY UNDERGROUND", "WKT": "LINESTRING (-79.0955408141183 35.91451777967075, -79.0955016150171 35.91454560739973)" }, "geometry": { "type": "LineString", "coordinates": [ [ -79.095540814118294, 35.914517779670753 ], [ -79.095501615017099, 35.914545607399731 ] ] } },
{ "type": "Feature", "properties": { "FEEDER_NAME": "RSDC", "SUBSTATION_NAME": "CARRBORO", "wmType": "SECONDARY UNDERGROUND", "WKT": "LINESTRING (-79.0955016150171 35.91454560739973, -79.09546839449696 35.91456969724724)" }, "geometry": { "type": "LineString", "coordinates": [ [ -79.095501615017099, 35.914545607399731 ], [ -79.095468394496962, 35.914569697247238 ] ] } },
{ "type": "Feature", "properties": { "FEEDER_NAME": "RSDC", "SUBSTATION_NAME": "CARRBORO", "wmType": "SECONDARY UNDERGROUND", "WKT": "LINESTRING (-79.09546839449696 35.91456969724724, -79.09543141184882 35.9145942541979)" }, "geometry": { "type": "LineString", "coordinates": [ [ -79.095468394496962, 35.914569697247238 ], [ -79.095431411848821, 35.914594254197901 ] ] } },
{ "type": "Feature", "properties": { "FEEDER_NAME": "RSDC", "SUBSTATION_NAME": "CARRBORO", "wmType": "SECONDARY UNDERGROUND", "WKT": "LINESTRING (-79.09587063659589 35.914769315847, -79.09584986626734 35.91478025593838)" }, "geometry": { "type": "LineString", "coordinates": [ [ -79.09587063659589, 35.914769315847003 ], [ -79.095849866267343, 35.914780255938382 ] ] } },
{ "type": "Feature", "properties": { "FEEDER_NAME": "RSDC", "SUBSTATION_NAME": "CARRBORO", "wmType": "SECONDARY UNDERGROUND", "WKT": "LINESTRING (-79.09584986626734 35.91478025593838, -79.09576824429554 35.914823250818976, -79.09578399195185 35.91486440090372)" }, "geometry": { "type": "LineString", "coordinates": [ [ -79.095849866267343, 35.914780255938382 ], [ -79.095768244295542, 35.914823250818976 ], [ -79.095783991951848, 35.914864400903717 ] ] } },
{ "type": "Feature", "properties": { "FEEDER_NAME": "RSDC", "SUBSTATION_NAME": "CARRBORO", "wmType": "SECONDARY UNDERGROUND", "WKT": "LINESTRING (-79.09578399195185 35.91486440090372, -79.09581575374732 35.91490045056573)" }, "geometry": { "type": "LineString", "coordinates": [ [ -79.095783991951848, 35.914864400903717 ], [ -79.095815753747317, 35.914900450565732 ] ] } },
{ "type": "Feature", "properties": { "FEEDER_NAME": "RSDC", "SUBSTATION_NAME": "CARRBORO", "wmType": "SECONDARY UNDERGROUND", "WKT": "LINESTRING (-79.09581575374732 35.91490045056573, -79.09584782746792 35.91493790239924)" }, "geometry": { "type": "LineString", "coordinates": [ [ -79.095815753747317, 35.914900450565732 ], [ -79.095847827467921, 35.914937902399238 ] ] } },
{ "type": "Feature", "properties": { "FEEDER_NAME": "RSDC", "SUBSTATION_NAME": "CARRBORO", "wmType": "SECONDARY UNDERGROUND", "WKT": "LINESTRING (-79.09584782746792 35.91493790239924, -79.09587795373741 35.91497843730395)" }, "geometry": { "type": "LineString", "coordinates": [ [ -79.095847827467921, 35.914937902399238 ], [ -79.095877953737414, 35.914978437303951 ] ] } },
{ "type": "Feature", "properties": { "FEEDER_NAME": "RSDC", "SUBSTATION_NAME": "CARRBORO", "wmType": "SECONDARY UNDERGROUND", "WKT": "LINESTRING (-79.09578399195185 35.91486440090372, -79.09569407154342 35.914921756375385)" }, "geometry": { "type": "LineString", "coordinates": [ [ -79.095783991951848, 35.914864400903717 ], [ -79.09569407154342, 35.914921756375385 ] ] } },
{ "type": "Feature", "properties": { "FEEDER_NAME": "RSDC", "SUBSTATION_NAME": "CARRBORO", "wmType": "SECONDARY UNDERGROUND", "WKT": "LINESTRING (-79.09569407154342 35.914921756375385, -79.09572452419611 35.91495729244375)" }, "geometry": { "type": "LineString", "coordinates": [ [ -79.09569407154342, 35.914921756375385 ], [ -79.095724524196115, 35.914957292443752 ] ] } },
{ "type": "Feature", "properties": { "FEEDER_NAME": "RSDC", "SUBSTATION_NAME": "CARRBORO", "wmType": "SECONDARY UNDERGROUND", "WKT": "LINESTRING (-79.09572452419611 35.91495729244375, -79.09575735370215 35.91499488521175)" }, "geometry": { "type": "LineString", "coordinates": [ [ -79.095724524196115, 35.914957292443752 ], [ -79.095757353702155, 35.914994885211748 ] ] } },
{ "type": "Feature", "properties": { "FEEDER_NAME": "RSDC", "SUBSTATION_NAME": "CARRBORO", "wmType": "SECONDARY UNDERGROUND", "WKT": "LINESTRING (-79.09575735370215 35.91499488521175, -79.09578545792355 35.91503170836274)" }, "geometry": { "type": "LineString", "coordinates": [ [ -79.095757353702155, 35.914994885211748 ], [ -79.095785457923554, 35.91503170836274 ] ] } },
{ "type": "Feature", "properties": { "FEEDER_NAME": "RSDC", "SUBSTATION_NAME": "CARRBORO", "wmType": "SECONDARY UNDERGROUND", "WKT": "LINESTRING (-79.09402716513198 35.911955587219374, -79.09407947750206 35.91242656216088)" }, "geometry": { "type": "LineString", "coordinates": [ [ -79.094027165131976, 35.911955587219374 ], [ -79.094079477502063, 35.912426562160881 ] ] } },
{ "type": "Feature", "properties": { "FEEDER_NAME": "RSDC", "SUBSTATION_NAME": "CARRBORO", "wmType": "SECONDARY UNDERGROUND", "WKT": "LINESTRING (-79.09402716513198 35.911955587219374, -79.09439758066888 35.91205089608952)" }, "geometry": { "type": "LineString", "coordinates": [ [ -79.094027165131976, 35.911955587219374 ], [ -79.094397580668883, 35.912050896089518 ] ] } },
{ "type": "Feature", "properties": { "FEEDER_NAME": "RSDC", "SUBSTATION_NAME": "CARRBORO", "wmType": "SECONDARY UNDERGROUND", "WKT": "LINESTRING (-79.09376314217728 35.9112499460109, -79.09464429001365 35.911235297384295)" }, "geometry": { "type": "LineString", "coordinates": [ [ -79.093763142177281, 35.911249946010898 ], [ -79.094644290013647, 35.911235297384295 ] ] } },
{ "type": "Feature", "properties": { "FEEDER_NAME": "RSDC", "SUBSTATION_NAME": "CARRBORO", "wmType": "SECONDARY UNDERGROUND", "WKT": "LINESTRING (-79.09336215292208 35.910341421957135, -79.09371349406969 35.90997545610244)" }, "geometry": { "type": "LineString", "coordinates": [ [ -79.093362152922083, 35.910341421957135 ], [ -79.093713494069689, 35.909975456102437 ] ] } },
{ "type": "Feature", "properties": { "FEEDER_NAME": "RSDC", "SUBSTATION_NAME": "CARRBORO", "wmType": "SECONDARY UNDERGROUND", "WKT": "LINESTRING (-79.09371349406969 35.90997545610244, -79.09375321152235 35.9099507902732)" }, "geometry": { "type": "LineString", "coordinates": [ [ -79.093713494069689, 35.909975456102437 ], [ -79.093753211522355, 35.9099507902732 ] ] } },
{ "type": "Feature", "properties": { "FEEDER_NAME": "RSDC", "SUBSTATION_NAME": "CARRBORO", "wmType": "SECONDARY UNDERGROUND", "WKT": "LINESTRING (-79.09217429670562 35.90761029829671, -79.09215738510427 35.90766472909948, -79.09212316079133 35.90768618795054, -79.09205363865011 35.907691259779675)" }, "geometry": { "type": "LineString", "coordinates": [ [ -79.092174296705622, 35.90761029829671 ], [ -79.092157385104272, 35.90766472909948 ], [ -79.092123160791331, 35.907686187950539 ], [ -79.092053638650114, 35.907691259779675 ] ] } },
{ "type": "Feature", "properties": { "FEEDER_NAME": "RSDC", "SUBSTATION_NAME": "CARRBORO", "wmType": "SECONDARY UNDERGROUND", "WKT": "LINESTRING (-79.09205363865011 35.907691259779675, -79.0919565060104 35.907709897175344)" }, "geometry": { "type": "LineString", "coordinates": [ [ -79.092053638650114, 35.907691259779675 ], [ -79.091956506010405, 35.907709897175344 ] ] } },
{ "type": "Feature", "properties": { "FEEDER_NAME": "RSDC", "SUBSTATION_NAME": "CARRBORO", "wmType": "SECONDARY UNDERGROUND", "WKT": "LINESTRING (-79.0919565060104 35.907709897175344, -79.09185333756595 35.90774114287125)" }, "geometry": { "type": "LineString", "coordinates": [ [ -79.091956506010405, 35.907709897175344 ], [ -79.091853337565951, 35.907741142871252 ] ] } },
{ "type": "Feature", "properties": { "FEEDER_NAME": "RSDC", "SUBSTATION_NAME": "CARRBORO", "wmType": "SECONDARY UNDERGROUND", "WKT": "LINESTRING (-79.09185333756595 35.90774114287125, -79.09183217293332 35.90769260015089)" }, "geometry": { "type": "LineString", "coordinates": [ [ -79.091853337565951, 35.907741142871252 ], [ -79.091832172933323, 35.907692600150888 ] ] } },
{ "type": "Feature", "properties": { "FEEDER_NAME": "RSDC", "SUBSTATION_NAME": "CARRBORO", "wmType": "SECONDARY UNDERGROUND", "WKT": "LINESTRING (-79.09183217293332 35.90769260015089, -79.09192748439547 35.907656582579506)" }, "geometry": { "type": "LineString", "coordinates": [ [ -79.091832172933323, 35.907692600150888 ], [ -79.09192748439547, 35.907656582579506 ] ] } },
{ "type": "Feature", "properties": { "FEEDER_NAME": "RSDC", "SUBSTATION_NAME": "CARRBORO", "wmType": "SECONDARY UNDERGROUND", "WKT": "LINESTRING (-79.09192748439547 35.907656582579506, -79.09203191330677 35.907627144786176)" }, "geometry": { "type": "LineString", "coordinates": [ [ -79.09192748439547, 35.907656582579506 ], [ -79.092031913306769, 35.907627144786176 ] ] } },
{ "type": "Feature", "properties": { "FEEDER_NAME": "RSDC", "SUBSTATION_NAME": "CARRBORO", "wmType": "SECONDARY UNDERGROUND", "WKT": "LINESTRING (-79.09217429670562 35.90761029829671, -79.0921256706184 35.907576875010136, -79.09208872028198 35.90751903287676, -79.09205967708992 35.907463328066655, -79.09199838570355 35.90746662800032)" }, "geometry": { "type": "LineString", "coordinates": [ [ -79.092174296705622, 35.90761029829671 ], [ -79.092125670618401, 35.907576875010136 ], [ -79.092088720281978, 35.907519032876763 ], [ -79.092059677089921, 35.907463328066655 ], [ -79.091998385703548, 35.907466628000321 ] ] } },
{ "type": "Feature", "properties": { "FEEDER_NAME": "RSDC", "SUBSTATION_NAME": "CARRBORO", "wmType": "SECONDARY UNDERGROUND", "WKT": "LINESTRING (-79.09199838570355 35.90746662800032, -79.09190478970632 35.907497975583034)" }, "geometry": { "type": "LineString", "coordinates": [ [ -79.091998385703548, 35.907466628000321 ], [ -79.091904789706319, 35.907497975583034 ] ] } },
{ "type": "Feature", "properties": { "FEEDER_NAME": "RSDC", "SUBSTATION_NAME": "CARRBORO", "wmType": "SECONDARY UNDERGROUND", "WKT": "LINESTRING (-79.09190478970632 35.907497975583034, -79.0919180214643 35.907548019533614)" }, "geometry": { "type": "LineString", "coordinates": [ [ -79.091904789706319, 35.907497975583034 ], [ -79.091918021464295, 35.907548019533614 ] ] } },
{ "type": "Feature", "properties": { "FEEDER_NAME": "RSDC", "SUBSTATION_NAME": "CARRBORO", "wmType": "SECONDARY UNDERGROUND", "WKT": "LINESTRING (-79.0919180214643 35.907548019533614, -79.09192165816623 35.90759435373287)" }, "geometry": { "type": "LineString", "coordinates": [ [ -79.091918021464295, 35.907548019533614 ], [ -79.091921658166228, 35.907594353732868 ] ] } },
{ "type": "Feature", "properties": { "FEEDER_NAME": "RSDC", "SUBSTATION_NAME": "CARRBORO", "wmType": "SECONDARY UNDERGROUND", "WKT": "LINESTRING (-79.09192165816623 35.90759435373287, -79.0920214420254 35.90756520786421)" }, "geometry": { "type": "LineString", "coordinates": [ [ -79.091921658166228, 35.907594353732868 ], [ -79.092021442025398, 35.907565207864209 ] ] } },
{ "type": "Feature", "properties": { "FEEDER_NAME": "RSDC", "SUBSTATION_NAME": "CARRBORO", "wmType": "SECONDARY UNDERGROUND", "WKT": "LINESTRING (-79.0920214420254 35.90756520786421, -79.09200608384066 35.90752068691672)" }, "geometry": { "type": "LineString", "coordinates": [ [ -79.092021442025398, 35.907565207864209 ], [ -79.092006083840658, 35.907520686916719 ] ] } },
{ "type": "Feature", "properties": { "FEEDER_NAME": "RSDC", "SUBSTATION_NAME": "CARRBORO", "wmType": "SECONDARY UNDERGROUND", "WKT": "LINESTRING (-79.09204893049694 35.90738631974488, -79.09195799932091 35.90733910409361)" }, "geometry": { "type": "LineString", "coordinates": [ [ -79.092048930496944, 35.90738631974488 ], [ -79.091957999320911, 35.907339104093609 ] ] } },
{ "type": "Feature", "properties": { "FEEDER_NAME": "RSDC", "SUBSTATION_NAME": "CARRBORO", "wmType": "SECONDARY UNDERGROUND", "WKT": "LINESTRING (-79.09195799932091 35.90733910409361, -79.09187997540178 35.90737216862352)" }, "geometry": { "type": "LineString", "coordinates": [ [ -79.091957999320911, 35.907339104093609 ], [ -79.091879975401781, 35.907372168623517 ] ] } },
{ "type": "Feature", "properties": { "FEEDER_NAME": "RSDC", "SUBSTATION_NAME": "CARRBORO", "wmType": "SECONDARY UNDERGROUND", "WKT": "LINESTRING (-79.09187997540178 35.90737216862352, -79.09179830628032 35.90740404071633)" }, "geometry": { "type": "LineString", "coordinates": [ [ -79.091879975401781, 35.907372168623517 ], [ -79.091798306280324, 35.90740404071633 ] ] } },
{ "type": "Feature", "properties": { "FEEDER_NAME": "RSDC", "SUBSTATION_NAME": "CARRBORO", "wmType": "SECONDARY UNDERGROUND", "WKT": "LINESTRING (-79.09179830628032 35.90740404071633, -79.09176959230997 35.90735413547888)" }, "geometry": { "type": "LineString", "coordinates": [ [ -79.091798306280324, 35.90740404071633 ], [ -79.091769592309973, 35.907354135478883 ] ] } },
{ "type": "Feature", "properties": { "FEEDER_NAME": "RSDC", "SUBSTATION_NAME": "CARRBORO", "wmType": "SECONDARY UNDERGROUND", "WKT": "LINESTRING (-79.09176959230997 35.90735413547888, -79.09184707877908 35.907325799665)" }, "geometry": { "type": "LineString", "coordinates": [ [ -79.091769592309973, 35.907354135478883 ], [ -79.091847078779082, 35.907325799665003 ] ] } },
{ "type": "Feature", "properties": { "FEEDER_NAME": "RSDC", "SUBSTATION_NAME": "CARRBORO", "wmType": "SECONDARY UNDERGROUND", "WKT": "LINESTRING (-79.09184707877908 35.907325799665, -79.09192768806783 35.90729436276555)" }, "geometry": { "type": "LineString", "coordinates": [ [ -79.091847078779082, 35.907325799665003 ], [ -79.091927688067827, 35.907294362765548 ] ] } },
{ "type": "Feature", "properties": { "FEEDER_NAME": "RSDC", "SUBSTATION_NAME": "CARRBORO", "wmType": "SECONDARY UNDERGROUND", "WKT": "LINESTRING (-79.09204893049694 35.90738631974488, -79.09190922598536 35.907216957356326, -79.09187740516322 35.907207607757776)" }, "geometry": { "type": "LineString", "coordinates": [ [ -79.092048930496944, 35.90738631974488 ], [ -79.091909225985361, 35.907216957356326 ], [ -79.091877405163217, 35.907207607757776 ] ] } },
{ "type": "Feature", "properties": { "FEEDER_NAME": "RSDC", "SUBSTATION_NAME": "CARRBORO", "wmType": "SECONDARY UNDERGROUND", "WKT": "LINESTRING (-79.09187740516322 35.907207607757776, -79.09180195199208 35.90724297493829)" }, "geometry": { "type": "LineString", "coordinates": [ [ -79.091877405163217, 35.907207607757776 ], [ -79.091801951992082, 35.907242974938292 ] ] } },
{ "type": "Feature", "properties": { "FEEDER_NAME": "RSDC", "SUBSTATION_NAME": "CARRBORO", "wmType": "SECONDARY UNDERGROUND", "WKT": "LINESTRING (-79.09180195199208 35.90724297493829, -79.09172192732652 35.90727802013732)" }, "geometry": { "type": "LineString", "coordinates": [ [ -79.091801951992082, 35.907242974938292 ], [ -79.091721927326518, 35.907278020137319 ] ] } },
{ "type": "Feature", "properties": { "FEEDER_NAME": "RSDC", "SUBSTATION_NAME": "CARRBORO", "wmType": "SECONDARY UNDERGROUND", "WKT": "LINESTRING (-79.09172192732652 35.90727802013732, -79.09168644391747 35.90721599742638)" }, "geometry": { "type": "LineString", "coordinates": [ [ -79.091721927326518, 35.907278020137319 ], [ -79.091686443917467, 35.907215997426377 ] ] } },
{ "type": "Feature", "properties": { "FEEDER_NAME": "RSDC", "SUBSTATION_NAME": "CARRBORO", "wmType": "SECONDARY UNDERGROUND", "WKT": "LINESTRING (-79.09168644391747 35.90721599742638, -79.09175925812534 35.907183511066755)" }, "geometry": { "type": "LineString", "coordinates": [ [ -79.091686443917467, 35.907215997426377 ], [ -79.091759258125336, 35.907183511066755 ] ] } },
{ "type": "Feature", "properties": { "FEEDER_NAME": "RSDC", "SUBSTATION_NAME": "CARRBORO", "wmType": "SECONDARY UNDERGROUND", "WKT": "LINESTRING (-79.09175925812534 35.907183511066755, -79.09183543364004 35.907151112263925)" }, "geometry": { "type": "LineString", "coordinates": [ [ -79.091759258125336, 35.907183511066755 ], [ -79.091835433640043, 35.907151112263925 ] ] } },
{ "type": "Feature", "properties": { "FEEDER_NAME": "RSDC", "SUBSTATION_NAME": "CARRBORO", "wmType": "SECONDARY UNDERGROUND", "WKT": "LINESTRING (-79.09204893049694 35.90738631974488, -79.09180503765641 35.9074410404914)" }, "geometry": { "type": "LineString", "coordinates": [ [ -79.092048930496944, 35.90738631974488 ], [ -79.091805037656414, 35.907441040491399 ] ] } },
{ "type": "Feature", "properties": { "FEEDER_NAME": "RSDC", "SUBSTATION_NAME": "CARRBORO", "wmType": "SECONDARY UNDERGROUND", "WKT": "LINESTRING (-79.09204893049694 35.90738631974488, -79.09191851598789 35.90725733869599, -79.09189881777826 35.90725510658197)" }, "geometry": { "type": "LineString", "coordinates": [ [ -79.092048930496944, 35.90738631974488 ], [ -79.091918515987885, 35.907257338695992 ], [ -79.091898817778258, 35.907255106581971 ] ] } },
{ "type": "Feature", "properties": { "FEEDER_NAME": "RSDC", "SUBSTATION_NAME": "CARRBORO", "wmType": "SECONDARY UNDERGROUND", "WKT": "LINESTRING (-79.09182415855645 35.90705922918792, -79.09150669255123 35.90728742280766)" }, "geometry": { "type": "LineString", "coordinates": [ [ -79.091824158556449, 35.907059229187922 ], [ -79.091506692551235, 35.907287422807663 ] ] } },
{ "type": "Feature", "properties": { "FEEDER_NAME": "RSDC", "SUBSTATION_NAME": "CARRBORO", "wmType": "SECONDARY UNDERGROUND", "WKT": "LINESTRING (-79.09150669255123 35.90728742280766, -79.09143769402183 35.90726446514019, -79.091355966323 35.90721522952946, -79.09129795389721 35.907168119422494, -79.09126417884539 35.907114614434896)" }, "geometry": { "type": "LineString", "coordinates": [ [ -79.091506692551235, 35.907287422807663 ], [ -79.091437694021835, 35.907264465140187 ], [ -79.091355966322993, 35.907215229529463 ], [ -79.091297953897211, 35.907168119422494 ], [ -79.091264178845393, 35.907114614434896 ] ] } },
{ "type": "Feature", "properties": { "FEEDER_NAME": "RSDC", "SUBSTATION_NAME": "CARRBORO", "wmType": "SECONDARY UNDERGROUND", "WKT": "LINESTRING (-79.09182415855645 35.90705922918792, -79.09179680004996 35.90705941921808, -79.09166433308712 35.90715058116307, -79.091654017346 35.907155109853456, -79.09163417288853 35.907155770091386, -79.09161273022823 35.90714803587823, -79.09157281708447 35.90711379194653)" }, "geometry": { "type": "LineString", "coordinates": [ [ -79.091824158556449, 35.907059229187922 ], [ -79.091796800049963, 35.907059419218079 ], [ -79.091664333087124, 35.907150581163073 ], [ -79.091654017346002, 35.907155109853456 ], [ -79.091634172888533, 35.907155770091386 ], [ -79.091612730228235, 35.90714803587823 ], [ -79.091572817084469, 35.907113791946529 ] ] } },
{ "type": "Feature", "properties": { "FEEDER_NAME": "RSDC", "SUBSTATION_NAME": "CARRBORO", "wmType": "SECONDARY UNDERGROUND", "WKT": "LINESTRING (-79.09157281708447 35.90711379194653, -79.09155048961323 35.90709659919952)" }, "geometry": { "type": "LineString", "coordinates": [ [ -79.091572817084469, 35.907113791946529 ], [ -79.091550489613226, 35.907096599199519 ] ] } },
{ "type": "Feature", "properties": { "FEEDER_NAME": "RSDC", "SUBSTATION_NAME": "CARRBORO", "wmType": "SECONDARY UNDERGROUND", "WKT": "LINESTRING (-79.09155048961323 35.90709659919952, -79.09153104308615 35.90707885719565)" }, "geometry": { "type": "LineString", "coordinates": [ [ -79.091550489613226, 35.907096599199519 ], [ -79.09153104308615, 35.90707885719565 ] ] } },
{ "type": "Feature", "properties": { "FEEDER_NAME": "RSDC", "SUBSTATION_NAME": "CARRBORO", "wmType": "SECONDARY UNDERGROUND", "WKT": "LINESTRING (-79.09153104308615 35.90707885719565, -79.09155706526646 35.90705792651561)" }, "geometry": { "type": "LineString", "coordinates": [ [ -79.09153104308615, 35.90707885719565 ], [ -79.091557065266457, 35.907057926515613 ] ] } },
{ "type": "Feature", "properties": { "FEEDER_NAME": "RSDC", "SUBSTATION_NAME": "CARRBORO", "wmType": "SECONDARY UNDERGROUND", "WKT": "LINESTRING (-79.09155706526646 35.90705792651561, -79.09157816377093 35.90707677768233)" }, "geometry": { "type": "LineString", "coordinates": [ [ -79.091557065266457, 35.907057926515613 ], [ -79.091578163770933, 35.907076777682327 ] ] } },
{ "type": "Feature", "properties": { "FEEDER_NAME": "RSDC", "SUBSTATION_NAME": "CARRBORO", "wmType": "SECONDARY UNDERGROUND", "WKT": "LINESTRING (-79.09157816377093 35.90707677768233, -79.09159864949002 35.90709550041877)" }, "geometry": { "type": "LineString", "coordinates": [ [ -79.091578163770933, 35.907076777682327 ], [ -79.091598649490024, 35.90709550041877 ] ] } },
{ "type": "Feature", "properties": { "FEEDER_NAME": "RSDC", "SUBSTATION_NAME": "CARRBORO", "wmType": "SECONDARY UNDERGROUND", "WKT": "LINESTRING (-79.09182415855645 35.90705922918792, -79.09170432978796 35.907037861054455)" }, "geometry": { "type": "LineString", "coordinates": [ [ -79.091824158556449, 35.907059229187922 ], [ -79.091704329787959, 35.907037861054455 ] ] } },
{ "type": "Feature", "properties": { "FEEDER_NAME": "RSDC", "SUBSTATION_NAME": "CARRBORO", "wmType": "SECONDARY UNDERGROUND", "WKT": "LINESTRING (-79.09170432978796 35.907037861054455, -79.09167950669843 35.90702005101017)" }, "geometry": { "type": "LineString", "coordinates": [ [ -79.091704329787959, 35.907037861054455 ], [ -79.091679506698426, 35.907020051010171 ] ] } },
{ "type": "Feature", "properties": { "FEEDER_NAME": "RSDC", "SUBSTATION_NAME": "CARRBORO", "wmType": "SECONDARY UNDERGROUND", "WKT": "LINESTRING (-79.09167950669843 35.90702005101017, -79.09165284117329 35.90699925181743)" }, "geometry": { "type": "LineString", "coordinates": [ [ -79.091679506698426, 35.907020051010171 ], [ -79.091652841173286, 35.906999251817432 ] ] } },
{ "type": "Feature", "properties": { "FEEDER_NAME": "RSDC", "SUBSTATION_NAME": "CARRBORO", "wmType": "SECONDARY UNDERGROUND", "WKT": "LINESTRING (-79.09165284117329 35.90699925181743, -79.09168991056892 35.90697313842276)" }, "geometry": { "type": "LineString", "coordinates": [ [ -79.091652841173286, 35.906999251817432 ], [ -79.091689910568917, 35.906973138422757 ] ] } },
{ "type": "Feature", "properties": { "FEEDER_NAME": "RSDC", "SUBSTATION_NAME": "CARRBORO", "wmType": "SECONDARY UNDERGROUND", "WKT": "LINESTRING (-79.09168991056892 35.90697313842276, -79.09171571601895 35.90699555970032)" }, "geometry": { "type": "LineString", "coordinates": [ [ -79.091689910568917, 35.906973138422757 ], [ -79.091715716018953, 35.90699555970032 ] ] } },
{ "type": "Feature", "properties": { "FEEDER_NAME": "RSDC", "SUBSTATION_NAME": "CARRBORO", "wmType": "SECONDARY UNDERGROUND", "WKT": "LINESTRING (-79.09171571601895 35.90699555970032, -79.09173678604084 35.907013700633776)" }, "geometry": { "type": "LineString", "coordinates": [ [ -79.091715716018953, 35.90699555970032 ], [ -79.09173678604084, 35.907013700633776 ] ] } },
{ "type": "Feature", "properties": { "FEEDER_NAME": "RSDC", "SUBSTATION_NAME": "CARRBORO", "wmType": "SECONDARY UNDERGROUND", "WKT": "LINESTRING (-79.09182415855645 35.90705922918792, -79.09179760722762 35.90707168896549, -79.09153109051454 35.90725853393653, -79.09150250686544 35.907254035334525, -79.09145644198911 35.907234694535575, -79.0914315044937 35.90722347846858)" }, "geometry": { "type": "LineString", "coordinates": [ [ -79.091824158556449, 35.907059229187922 ], [ -79.091797607227619, 35.907071688965488 ], [ -79.091531090514536, 35.907258533936528 ], [ -79.091502506865439, 35.907254035334525 ], [ -79.091456441989109, 35.907234694535575 ], [ -79.091431504493698, 35.90722347846858 ] ] } },
{ "type": "Feature", "properties": { "FEEDER_NAME": "RSDC", "SUBSTATION_NAME": "CARRBORO", "wmType": "SECONDARY UNDERGROUND", "WKT": "LINESTRING (-79.0914315044937 35.90722347846858, -79.09145339010844 35.90720364689705)" }, "geometry": { "type": "LineString", "coordinates": [ [ -79.091431504493698, 35.90722347846858 ], [ -79.091453390108441, 35.907203646897052 ] ] } },
{ "type": "Feature", "properties": { "FEEDER_NAME": "RSDC", "SUBSTATION_NAME": "CARRBORO", "wmType": "SECONDARY UNDERGROUND", "WKT": "LINESTRING (-79.09145339010844 35.90720364689705, -79.09147672395662 35.90718209094236)" }, "geometry": { "type": "LineString", "coordinates": [ [ -79.091453390108441, 35.907203646897052 ], [ -79.091476723956617, 35.907182090942356 ] ] } },
{ "type": "Feature", "properties": { "FEEDER_NAME": "RSDC", "SUBSTATION_NAME": "CARRBORO", "wmType": "SECONDARY UNDERGROUND", "WKT": "LINESTRING (-79.09147672395662 35.90718209094236, -79.09144006176365 35.907156055410894)" }, "geometry": { "type": "LineString", "coordinates": [ [ -79.091476723956617, 35.907182090942356 ], [ -79.091440061763649, 35.907156055410894 ] ] } },
{ "type": "Feature", "properties": { "FEEDER_NAME": "RSDC", "SUBSTATION_NAME": "CARRBORO", "wmType": "SECONDARY UNDERGROUND", "WKT": "LINESTRING (-79.09144006176365 35.907156055410894, -79.09141797083929 35.907176544184864)" }, "geometry": { "type": "LineString", "coordinates": [ [ -79.091440061763649, 35.907156055410894 ], [ -79.091417970839288, 35.907176544184864 ] ] } },
{ "type": "Feature", "properties": { "FEEDER_NAME": "RSDC", "SUBSTATION_NAME": "CARRBORO", "wmType": "SECONDARY UNDERGROUND", "WKT": "LINESTRING (-79.09141797083929 35.907176544184864, -79.09139571958207 35.90719927281548)" }, "geometry": { "type": "LineString", "coordinates": [ [ -79.091417970839288, 35.907176544184864 ], [ -79.091395719582067, 35.907199272815483 ] ] } },
{ "type": "Feature", "properties": { "FEEDER_NAME": "RSDC", "SUBSTATION_NAME": "CARRBORO", "wmType": "SECONDARY UNDERGROUND", "WKT": "LINESTRING (-79.09182415855645 35.90705922918792, -79.0918015671623 35.90706329123948, -79.0916024705325 35.90720100240743, -79.09158977288787 35.90720359507653, -79.09156436512906 35.90719973853751, -79.0915381491262 35.90718361314679, -79.09150921602087 35.907157159040366)" }, "geometry": { "type": "LineString", "coordinates": [ [ -79.091824158556449, 35.907059229187922 ], [ -79.091801567162307, 35.907063291239481 ], [ -79.091602470532493, 35.907201002407433 ], [ -79.091589772887872, 35.907203595076531 ], [ -79.091564365129059, 35.907199738537507 ], [ -79.091538149126194, 35.907183613146792 ], [ -79.091509216020867, 35.907157159040366 ] ] } },
{ "type": "Feature", "properties": { "FEEDER_NAME": "RSDC", "SUBSTATION_NAME": "CARRBORO", "wmType": "SECONDARY UNDERGROUND", "WKT": "LINESTRING (-79.09181839404968 35.906692583875845, -79.09182497464226 35.906704193130636, -79.09189646712932 35.9067461175546, -79.09198945194852 35.90683840143115, -79.09198232206495 35.90685132339679, -79.09193942657127 35.90688035608933)" }, "geometry": { "type": "LineString", "coordinates": [ [ -79.091818394049682, 35.906692583875845 ], [ -79.091824974642265, 35.906704193130636 ], [ -79.091896467129317, 35.906746117554597 ], [ -79.091989451948521, 35.906838401431152 ], [ -79.09198232206495, 35.906851323396793 ], [ -79.091939426571273, 35.906880356089331 ] ] } },
{ "type": "Feature", "properties": { "FEEDER_NAME": "RSDC", "SUBSTATION_NAME": "CARRBORO", "wmType": "SECONDARY UNDERGROUND", "WKT": "LINESTRING (-79.09193942657127 35.90688035608933, -79.09191201455474 35.90685683737846)" }, "geometry": { "type": "LineString", "coordinates": [ [ -79.091939426571273, 35.906880356089331 ], [ -79.091912014554737, 35.906856837378463 ] ] } },
{ "type": "Feature", "properties": { "FEEDER_NAME": "RSDC", "SUBSTATION_NAME": "CARRBORO", "wmType": "SECONDARY UNDERGROUND", "WKT": "LINESTRING (-79.09191201455474 35.90685683737846, -79.09187642885219 35.90687917866783)" }, "geometry": { "type": "LineString", "coordinates": [ [ -79.091912014554737, 35.906856837378463 ], [ -79.091876428852188, 35.906879178667829 ] ] } },
{ "type": "Feature", "properties": { "FEEDER_NAME": "RSDC", "SUBSTATION_NAME": "CARRBORO", "wmType": "SECONDARY UNDERGROUND", "WKT": "LINESTRING (-79.09187642885219 35.90687917866783, -79.09185206950134 35.90689505184923)" }, "geometry": { "type": "LineString", "coordinates": [ [ -79.091876428852188, 35.906879178667829 ], [ -79.091852069501343, 35.906895051849233 ] ] } },
{ "type": "Feature", "properties": { "FEEDER_NAME": "RSDC", "SUBSTATION_NAME": "CARRBORO", "wmType": "SECONDARY UNDERGROUND", "WKT": "LINESTRING (-79.09185206950134 35.90689505184923, -79.09187443756903 35.906919681172674)" }, "geometry": { "type": "LineString", "coordinates": [ [ -79.091852069501343, 35.906895051849233 ], [ -79.091874437569032, 35.906919681172674 ] ] } },
{ "type": "Feature", "properties": { "FEEDER_NAME": "RSDC", "SUBSTATION_NAME": "CARRBORO", "wmType": "SECONDARY UNDERGROUND", "WKT": "LINESTRING (-79.09187443756903 35.906919681172674, -79.09190437063867 35.906899965134436)" }, "geometry": { "type": "LineString", "coordinates": [ [ -79.091874437569032, 35.906919681172674 ], [ -79.091904370638673, 35.906899965134436 ] ] } },
{ "type": "Feature", "properties": { "FEEDER_NAME": "RSDC", "SUBSTATION_NAME": "CARRBORO", "wmType": "SECONDARY UNDERGROUND", "WKT": "LINESTRING (-79.09181839404968 35.906692583875845, -79.09171798797568 35.90662657395637, -79.09164891382355 35.90649845858199)" }, "geometry": { "type": "LineString", "coordinates": [ [ -79.091818394049682, 35.906692583875845 ], [ -79.091717987975684, 35.906626573956373 ], [ -79.091648913823548, 35.906498458581993 ] ] } },
{ "type": "Feature", "properties": { "FEEDER_NAME": "RSDC", "SUBSTATION_NAME": "CARRBORO", "wmType": "SECONDARY UNDERGROUND", "WKT": "LINESTRING (-79.09181839404968 35.906692583875845, -79.09179282020628 35.906763732246276)" }, "geometry": { "type": "LineString", "coordinates": [ [ -79.091818394049682, 35.906692583875845 ], [ -79.09179282020628, 35.906763732246276 ] ] } },
{ "type": "Feature", "properties": { "FEEDER_NAME": "RSDC", "SUBSTATION_NAME": "CARRBORO", "wmType": "SECONDARY UNDERGROUND", "WKT": "LINESTRING (-79.09192887356542 35.90586760256576, -79.09205655437216 35.90556547102423)" }, "geometry": { "type": "LineString", "coordinates": [ [ -79.091928873565422, 35.905867602565763 ], [ -79.092056554372164, 35.905565471024232 ] ] } },
{ "type": "Feature", "properties": { "FEEDER_NAME": "RSDC", "SUBSTATION_NAME": "CARRBORO", "wmType": "SECONDARY UNDERGROUND", "WKT": "LINESTRING (-79.0845924892119 35.8998978155252, -79.0849369812171 35.899741788974836)" }, "geometry": { "type": "LineString", "coordinates": [ [ -79.0845924892119, 35.8998978155252 ], [ -79.084936981217098, 35.899741788974836 ] ] } },
{ "type": "Feature", "properties": { "FEEDER_NAME": "RSDC", "SUBSTATION_NAME": "CARRBORO", "wmType": "SECONDARY UNDERGROUND", "WKT": "LINESTRING (-79.0845924892119 35.8998978155252, -79.08459490145252 35.899864574572106)" }, "geometry": { "type": "LineString", "coordinates": [ [ -79.0845924892119, 35.8998978155252 ], [ -79.084594901452519, 35.899864574572106 ] ] } },
{ "type": "Feature", "properties": { "FEEDER_NAME": "RSDC", "SUBSTATION_NAME": "CARRBORO", "wmType": "SECONDARY UNDERGROUND", "WKT": "LINESTRING (-79.08459490145252 35.899864574572106, -79.08459966698184 35.8997989264139, -79.08473710929867 35.89955153776346)" }, "geometry": { "type": "LineString", "coordinates": [ [ -79.084594901452519, 35.899864574572106 ], [ -79.084599666981845, 35.899798926413901 ], [ -79.084737109298672, 35.899551537763458 ] ] } },
{ "type": "Feature", "properties": { "FEEDER_NAME": "RSDC", "SUBSTATION_NAME": "CARRBORO", "wmType": "SECONDARY UNDERGROUND", "WKT": "LINESTRING (-79.0845924892119 35.8998978155252, -79.0845109182819 35.89962944495459)" }, "geometry": { "type": "LineString", "coordinates": [ [ -79.0845924892119, 35.8998978155252 ], [ -79.084510918281893, 35.899629444954591 ] ] } },
{ "type": "Feature", "properties": { "FEEDER_NAME": "RSDC", "SUBSTATION_NAME": "CARRBORO", "wmType": "SECONDARY UNDERGROUND", "WKT": "LINESTRING (-79.08306111302326 35.901116392677096, -79.0829665424151 35.90128005938304)" }, "geometry": { "type": "LineString", "coordinates": [ [ -79.083061113023263, 35.901116392677096 ], [ -79.082966542415093, 35.901280059383041 ] ] } },
{ "type": "Feature", "properties": { "FEEDER_NAME": "RSDC", "SUBSTATION_NAME": "CARRBORO", "wmType": "SECONDARY UNDERGROUND", "WKT": "LINESTRING (-79.08306111302326 35.901116392677096, -79.08314638492341 35.90115756033495)" }, "geometry": { "type": "LineString", "coordinates": [ [ -79.083061113023263, 35.901116392677096 ], [ -79.08314638492341, 35.901157560334951 ] ] } },
{ "type": "Feature", "properties": { "FEEDER_NAME": "RSDC", "SUBSTATION_NAME": "CARRBORO", "wmType": "SECONDARY UNDERGROUND", "WKT": "LINESTRING (-79.08306111302326 35.901116392677096, -79.08307266791444 35.900994302004065)" }, "geometry": { "type": "LineString", "coordinates": [ [ -79.083061113023263, 35.901116392677096 ], [ -79.083072667914436, 35.900994302004065 ] ] } },
{ "type": "Feature", "properties": { "FEEDER_NAME": "RSDC", "SUBSTATION_NAME": "CARRBORO", "wmType": "SECONDARY UNDERGROUND", "WKT": "LINESTRING (-79.08262828951683 35.90124268733764, -79.08269641201656 35.90126252399508)" }, "geometry": { "type": "LineString", "coordinates": [ [ -79.082628289516833, 35.901242687337643 ], [ -79.08269641201656, 35.901262523995079 ] ] } },
{ "type": "Feature", "properties": { "FEEDER_NAME": "RSDC", "SUBSTATION_NAME": "CARRBORO", "wmType": "SECONDARY UNDERGROUND", "WKT": "LINESTRING (-79.08262828951683 35.90124268733764, -79.0825885914146 35.901126154618495)" }, "geometry": { "type": "LineString", "coordinates": [ [ -79.082628289516833, 35.901242687337643 ], [ -79.082588591414606, 35.901126154618495 ] ] } },
{ "type": "Feature", "properties": { "FEEDER_NAME": "RSDC", "SUBSTATION_NAME": "CARRBORO", "wmType": "SECONDARY UNDERGROUND", "WKT": "LINESTRING (-79.08293316590911 35.900766489037345, -79.08297791675164 35.900842965081154)" }, "geometry": { "type": "LineString", "coordinates": [ [ -79.082933165909111, 35.900766489037345 ], [ -79.082977916751645, 35.900842965081154 ] ] } },
{ "type": "Feature", "properties": { "FEEDER_NAME": "RSDC", "SUBSTATION_NAME": "CARRBORO", "wmType": "SECONDARY UNDERGROUND", "WKT": "LINESTRING (-79.08293316590911 35.900766489037345, -79.0831070094686 35.900786834904835)" }, "geometry": { "type": "LineString", "coordinates": [ [ -79.082933165909111, 35.900766489037345 ], [ -79.083107009468605, 35.900786834904835 ] ] } },
{ "type": "Feature", "properties": { "FEEDER_NAME": "RSDC", "SUBSTATION_NAME": "CARRBORO", "wmType": "SECONDARY UNDERGROUND", "WKT": "LINESTRING (-79.08293316590911 35.900766489037345, -79.08285080780055 35.90080829439159)" }, "geometry": { "type": "LineString", "coordinates": [ [ -79.082933165909111, 35.900766489037345 ], [ -79.082850807800554, 35.900808294391588 ] ] } },
{ "type": "Feature", "properties": { "FEEDER_NAME": "RSDC", "SUBSTATION_NAME": "CARRBORO", "wmType": "SECONDARY UNDERGROUND", "WKT": "LINESTRING (-79.08333967039916 35.90045695406498, -79.08333350689851 35.90056017676623)" }, "geometry": { "type": "LineString", "coordinates": [ [ -79.083339670399155, 35.900456954064978 ], [ -79.083333506898512, 35.900560176766227 ] ] } },
{ "type": "Feature", "properties": { "FEEDER_NAME": "RSDC", "SUBSTATION_NAME": "CARRBORO", "wmType": "SECONDARY UNDERGROUND", "WKT": "LINESTRING (-79.08333967039916 35.90045695406498, -79.08345875429977 35.90048627598004)" }, "geometry": { "type": "LineString", "coordinates": [ [ -79.083339670399155, 35.900456954064978 ], [ -79.08345875429977, 35.900486275980043 ] ] } },
{ "type": "Feature", "properties": { "FEEDER_NAME": "RSDC", "SUBSTATION_NAME": "CARRBORO", "wmType": "SECONDARY UNDERGROUND", "WKT": "LINESTRING (-79.08333967039916 35.90045695406498, -79.08306467674224 35.900267582458376)" }, "geometry": { "type": "LineString", "coordinates": [ [ -79.083339670399155, 35.900456954064978 ], [ -79.083064676742239, 35.900267582458376 ] ] } },
{ "type": "Feature", "properties": { "FEEDER_NAME": "RSDC", "SUBSTATION_NAME": "CARRBORO", "wmType": "SECONDARY UNDERGROUND", "WKT": "LINESTRING (-79.08333967039916 35.90045695406498, -79.08349996587577 35.90045319868561, -79.08355268735819 35.900433137370925, -79.08358077855476 35.90039592753033, -79.08360533774294 35.90034441637223, -79.08361267575576 35.900310295999084)" }, "geometry": { "type": "LineString", "coordinates": [ [ -79.083339670399155, 35.900456954064978 ], [ -79.083499965875774, 35.900453198685611 ], [ -79.083552687358193, 35.900433137370925 ], [ -79.083580778554762, 35.900395927530333 ], [ -79.083605337742938, 35.900344416372228 ], [ -79.083612675755759, 35.900310295999084 ] ] } },
{ "type": "Feature", "properties": { "FEEDER_NAME": "RSDC", "SUBSTATION_NAME": "CARRBORO", "wmType": "SECONDARY UNDERGROUND", "WKT": "LINESTRING (-79.08333967039916 35.90045695406498, -79.08342059898247 35.90027582722869)" }, "geometry": { "type": "LineString", "coordinates": [ [ -79.083339670399155, 35.900456954064978 ], [ -79.083420598982471, 35.90027582722869 ] ] } },
{ "type": "Feature", "properties": { "FEEDER_NAME": "RSDC", "SUBSTATION_NAME": "CARRBORO", "wmType": "SECONDARY UNDERGROUND", "WKT": "LINESTRING (-79.08328022917634 35.89983141143069, -79.08307465088454 35.900069184621366)" }, "geometry": { "type": "LineString", "coordinates": [ [ -79.083280229176339, 35.899831411430689 ], [ -79.083074650884541, 35.900069184621366 ] ] } },
{ "type": "Feature", "properties": { "FEEDER_NAME": "RSDC", "SUBSTATION_NAME": "CARRBORO", "wmType": "SECONDARY UNDERGROUND", "WKT": "LINESTRING (-79.08328022917634 35.89983141143069, -79.08326670479975 35.89979197768785, -79.08315326834621 35.89967449854697, -79.08320426597702 35.899641776096495)" }, "geometry": { "type": "LineString", "coordinates": [ [ -79.083280229176339, 35.899831411430689 ], [ -79.083266704799755, 35.899791977687848 ], [ -79.083153268346209, 35.899674498546972 ], [ -79.083204265977017, 35.899641776096495 ] ] } },
{ "type": "Feature", "properties": { "FEEDER_NAME": "RSDC", "SUBSTATION_NAME": "CARRBORO", "wmType": "SECONDARY UNDERGROUND", "WKT": "LINESTRING (-79.08320426597702 35.899641776096495, -79.08324385813823 35.89964246562887)" }, "geometry": { "type": "LineString", "coordinates": [ [ -79.083204265977017, 35.899641776096495 ], [ -79.083243858138232, 35.899642465628872 ] ] } },
{ "type": "Feature", "properties": { "FEEDER_NAME": "RSDC", "SUBSTATION_NAME": "CARRBORO", "wmType": "SECONDARY UNDERGROUND", "WKT": "LINESTRING (-79.08328022917634 35.89983141143069, -79.08344449901544 35.899923994055456)" }, "geometry": { "type": "LineString", "coordinates": [ [ -79.083280229176339, 35.899831411430689 ], [ -79.083444499015442, 35.899923994055456 ] ] } },
{ "type": "Feature", "properties": { "FEEDER_NAME": "RSDC", "SUBSTATION_NAME": "CARRBORO", "wmType": "SECONDARY UNDERGROUND", "WKT": "LINESTRING (-79.08163811985067 35.899725432509356, -79.08186603197251 35.8996715006418)" }, "geometry": { "type": "LineString", "coordinates": [ [ -79.081638119850666, 35.899725432509356 ], [ -79.08186603197251, 35.899671500641801 ] ] } },
{ "type": "Feature", "properties": { "FEEDER_NAME": "RSDC", "SUBSTATION_NAME": "CARRBORO", "wmType": "SECONDARY UNDERGROUND", "WKT": "LINESTRING (-79.08163811985067 35.899725432509356, -79.08201149927987 35.89971101807354)" }, "geometry": { "type": "LineString", "coordinates": [ [ -79.081638119850666, 35.899725432509356 ], [ -79.082011499279872, 35.899711018073539 ] ] } },
{ "type": "Feature", "properties": { "FEEDER_NAME": "RSDC", "SUBSTATION_NAME": "CARRBORO", "wmType": "SECONDARY UNDERGROUND", "WKT": "LINESTRING (-79.08163811985067 35.899725432509356, -79.0818598956809 35.89957274590016)" }, "geometry": { "type": "LineString", "coordinates": [ [ -79.081638119850666, 35.899725432509356 ], [ -79.081859895680907, 35.899572745900159 ] ] } },
{ "type": "Feature", "properties": { "FEEDER_NAME": "RSDC", "SUBSTATION_NAME": "CARRBORO", "wmType": "SECONDARY UNDERGROUND", "WKT": "LINESTRING (-79.08163811985067 35.899725432509356, -79.08182595403507 35.899771935772854, -79.08201251445448 35.8996591075448, -79.08209584260172 35.89973537774365)" }, "geometry": { "type": "LineString", "coordinates": [ [ -79.081638119850666, 35.899725432509356 ], [ -79.081825954035068, 35.899771935772854 ], [ -79.082012514454476, 35.899659107544799 ], [ -79.082095842601717, 35.899735377743653 ] ] } },
{ "type": "Feature", "properties": { "FEEDER_NAME": "RSDC", "SUBSTATION_NAME": "CARRBORO", "wmType": "SECONDARY UNDERGROUND", "WKT": "LINESTRING (-79.08164384404746 35.90033402770046, -79.08190819840436 35.90038532592396)" }, "geometry": { "type": "LineString", "coordinates": [ [ -79.081643844047463, 35.90033402770046 ], [ -79.081908198404363, 35.900385325923963 ] ] } },
{ "type": "Feature", "properties": { "FEEDER_NAME": "RSDC", "SUBSTATION_NAME": "CARRBORO", "wmType": "SECONDARY UNDERGROUND", "WKT": "LINESTRING (-79.08164384404746 35.90033402770046, -79.08184693305056 35.90064991663679, -79.08204782903785 35.90064511113841)" }, "geometry": { "type": "LineString", "coordinates": [ [ -79.081643844047463, 35.90033402770046 ], [ -79.081846933050556, 35.900649916636787 ], [ -79.082047829037847, 35.90064511113841 ] ] } },
{ "type": "Feature", "properties": { "FEEDER_NAME": "RSDC", "SUBSTATION_NAME": "CARRBORO", "wmType": "SECONDARY UNDERGROUND", "WKT": "LINESTRING (-79.08164384404746 35.90033402770046, -79.08189612877582 35.89992166599175)" }, "geometry": { "type": "LineString", "coordinates": [ [ -79.081643844047463, 35.90033402770046 ], [ -79.081896128775824, 35.899921665991748 ] ] } },
{ "type": "Feature", "properties": { "FEEDER_NAME": "RSDC", "SUBSTATION_NAME": "CARRBORO", "wmType": "SECONDARY UNDERGROUND", "WKT": "LINESTRING (-79.08164384404746 35.90033402770046, -79.08183431596701 35.900136534743865)" }, "geometry": { "type": "LineString", "coordinates": [ [ -79.081643844047463, 35.90033402770046 ], [ -79.081834315967015, 35.900136534743865 ] ] } },
{ "type": "Feature", "properties": { "FEEDER_NAME": "RSDC", "SUBSTATION_NAME": "CARRBORO", "wmType": "SECONDARY UNDERGROUND", "WKT": "LINESTRING (-79.08247353918998 35.900104153020706, -79.0824434299592 35.90019417151219)" }, "geometry": { "type": "LineString", "coordinates": [ [ -79.082473539189976, 35.900104153020706 ], [ -79.082443429959199, 35.90019417151219 ] ] } },
{ "type": "Feature", "properties": { "FEEDER_NAME": "RSDC", "SUBSTATION_NAME": "CARRBORO", "wmType": "SECONDARY UNDERGROUND", "WKT": "LINESTRING (-79.08247353918998 35.900104153020706, -79.08230247972564 35.900162921040405)" }, "geometry": { "type": "LineString", "coordinates": [ [ -79.082473539189976, 35.900104153020706 ], [ -79.082302479725641, 35.900162921040405 ] ] } },
{ "type": "Feature", "properties": { "FEEDER_NAME": "RSDC", "SUBSTATION_NAME": "CARRBORO", "wmType": "SECONDARY UNDERGROUND", "WKT": "LINESTRING (-79.08247353918998 35.900104153020706, -79.08239516978323 35.90010280894501)" }, "geometry": { "type": "LineString", "coordinates": [ [ -79.082473539189976, 35.900104153020706 ], [ -79.082395169783226, 35.900102808945007 ] ] } },
{ "type": "Feature", "properties": { "FEEDER_NAME": "RSDC", "SUBSTATION_NAME": "CARRBORO", "wmType": "SECONDARY UNDERGROUND", "WKT": "LINESTRING (-79.08246307462376 35.900540844794, -79.08219432163192 35.90054950833224)" }, "geometry": { "type": "LineString", "coordinates": [ [ -79.08246307462376, 35.900540844794001 ], [ -79.082194321631917, 35.90054950833224 ] ] } },
{ "type": "Feature", "properties": { "FEEDER_NAME": "RSDC", "SUBSTATION_NAME": "CARRBORO", "wmType": "SECONDARY UNDERGROUND", "WKT": "LINESTRING (-79.08246307462376 35.900540844794, -79.08243244924203 35.90049542974072)" }, "geometry": { "type": "LineString", "coordinates": [ [ -79.08246307462376, 35.900540844794001 ], [ -79.082432449242035, 35.900495429740722 ] ] } },
{ "type": "Feature", "properties": { "FEEDER_NAME": "RSDC", "SUBSTATION_NAME": "CARRBORO", "wmType": "SECONDARY UNDERGROUND", "WKT": "LINESTRING (-79.08246307462376 35.900540844794, -79.0823200535758 35.900444606158054)" }, "geometry": { "type": "LineString", "coordinates": [ [ -79.08246307462376, 35.900540844794001 ], [ -79.082320053575799, 35.900444606158054 ] ] } },
{ "type": "Feature", "properties": { "FEEDER_NAME": "RSDC", "SUBSTATION_NAME": "CARRBORO", "wmType": "SECONDARY UNDERGROUND", "WKT": "LINESTRING (-79.07477395205227 35.896461896966976, -79.07485833127583 35.89641029764442)" }, "geometry": { "type": "LineString", "coordinates": [ [ -79.074773952052269, 35.896461896966976 ], [ -79.074858331275834, 35.896410297644422 ] ] } },
{ "type": "Feature", "properties": { "FEEDER_NAME": "RSDC", "SUBSTATION_NAME": "CARRBORO", "wmType": "SECONDARY UNDERGROUND", "WKT": "LINESTRING (-79.07477395205227 35.896461896966976, -79.07445973084171 35.89649433612151)" }, "geometry": { "type": "LineString", "coordinates": [ [ -79.074773952052269, 35.896461896966976 ], [ -79.07445973084171, 35.896494336121513 ] ] } },
{ "type": "Feature", "properties": { "FEEDER_NAME": "RSDC", "SUBSTATION_NAME": "CARRBORO", "wmType": "SECONDARY UNDERGROUND", "WKT": "LINESTRING (-79.07445973084171 35.89649433612151, -79.07424849873169 35.896517322012144, -79.07418871050882 35.896748726706804, -79.07431466187849 35.896764281427565)" }, "geometry": { "type": "LineString", "coordinates": [ [ -79.07445973084171, 35.896494336121513 ], [ -79.074248498731691, 35.896517322012144 ], [ -79.074188710508821, 35.896748726706804 ], [ -79.074314661878489, 35.896764281427565 ] ] } },
{ "type": "Feature", "properties": { "FEEDER_NAME": "RSDC", "SUBSTATION_NAME": "CARRBORO", "wmType": "SECONDARY UNDERGROUND", "WKT": "LINESTRING (-79.0760152143388 35.89480304445784, -79.07605099805257 35.89480259313437)" }, "geometry": { "type": "LineString", "coordinates": [ [ -79.076015214338796, 35.894803044457838 ], [ -79.076050998052565, 35.894802593134372 ] ] } },
{ "type": "Feature", "properties": { "FEEDER_NAME": "RSDC", "SUBSTATION_NAME": "CARRBORO", "wmType": "SECONDARY UNDERGROUND", "WKT": "LINESTRING (-79.07479685655139 35.89393210809621, -79.07477899232236 35.89390513838228)" }, "geometry": { "type": "LineString", "coordinates": [ [ -79.074796856551387, 35.893932108096209 ], [ -79.074778992322365, 35.89390513838228 ] ] } },
{ "type": "Feature", "properties": { "FEEDER_NAME": "RSDC", "SUBSTATION_NAME": "CARRBORO", "wmType": "SECONDARY UNDERGROUND", "WKT": "LINESTRING (-79.07489642579985 35.89379296611928, -79.07524871181396 35.89373795159359)" }, "geometry": { "type": "LineString", "coordinates": [ [ -79.074896425799849, 35.893792966119278 ], [ -79.075248711813956, 35.893737951593593 ] ] } },
{ "type": "Feature", "properties": { "FEEDER_NAME": "RSDC", "SUBSTATION_NAME": "CARRBORO", "wmType": "SECONDARY UNDERGROUND", "WKT": "LINESTRING (-79.07502722865569 35.8957522276123, -79.07505304547526 35.89575161596876, -79.07506308218264 35.895772803144084, -79.0750721213139 35.895798066645725, -79.07508420465977 35.89586408270351, -79.07509124829362 35.89589831273856, -79.07512338125238 35.895898807603665)" }, "geometry": { "type": "LineString", "coordinates": [ [ -79.075027228655685, 35.895752227612299 ], [ -79.075053045475258, 35.895751615968763 ], [ -79.075063082182638, 35.895772803144084 ], [ -79.075072121313895, 35.895798066645725 ], [ -79.075084204659774, 35.895864082703511 ], [ -79.075091248293617, 35.895898312738559 ], [ -79.075123381252382, 35.895898807603665 ] ] } },
{ "type": "Feature", "properties": { "FEEDER_NAME": "RSDC", "SUBSTATION_NAME": "CARRBORO", "wmType": "SECONDARY UNDERGROUND", "WKT": "LINESTRING (-79.07512338125238 35.895898807603665, -79.07516301694096 35.89589475434629)" }, "geometry": { "type": "LineString", "coordinates": [ [ -79.075123381252382, 35.895898807603665 ], [ -79.075163016940962, 35.895894754346287 ] ] } },
{ "type": "Feature", "properties": { "FEEDER_NAME": "RSDC", "SUBSTATION_NAME": "CARRBORO", "wmType": "SECONDARY UNDERGROUND", "WKT": "LINESTRING (-79.07516301694096 35.89589475434629, -79.07521133700541 35.89588585840428)" }, "geometry": { "type": "LineString", "coordinates": [ [ -79.075163016940962, 35.895894754346287 ], [ -79.075211337005413, 35.895885858404277 ] ] } },
{ "type": "Feature", "properties": { "FEEDER_NAME": "RSDC", "SUBSTATION_NAME": "CARRBORO", "wmType": "SECONDARY UNDERGROUND", "WKT": "LINESTRING (-79.07502722865569 35.8957522276123, -79.07504804020212 35.89575569476137, -79.0750631049074 35.89579725650995, -79.07507418122233 35.89585838269274, -79.07508625210656 35.895912173419205, -79.07509027874964 35.895932548606275, -79.07513240032088 35.895933429389686)" }, "geometry": { "type": "LineString", "coordinates": [ [ -79.075027228655685, 35.895752227612299 ], [ -79.07504804020212, 35.89575569476137 ], [ -79.0750631049074, 35.895797256509951 ], [ -79.075074181222334, 35.895858382692737 ], [ -79.075086252106559, 35.895912173419205 ], [ -79.075090278749641, 35.895932548606275 ], [ -79.075132400320882, 35.895933429389686 ] ] } },
{ "type": "Feature", "properties": { "FEEDER_NAME": "RSDC", "SUBSTATION_NAME": "CARRBORO", "wmType": "SECONDARY UNDERGROUND", "WKT": "LINESTRING (-79.07513240032088 35.895933429389686, -79.07517210986869 35.89592659374712)" }, "geometry": { "type": "LineString", "coordinates": [ [ -79.075132400320882, 35.895933429389686 ], [ -79.075172109868689, 35.89592659374712 ] ] } },
{ "type": "Feature", "properties": { "FEEDER_NAME": "RSDC", "SUBSTATION_NAME": "CARRBORO", "wmType": "SECONDARY UNDERGROUND", "WKT": "LINESTRING (-79.07517210986869 35.89592659374712, -79.0752182915957 35.895920759960894)" }, "geometry": { "type": "LineString", "coordinates": [ [ -79.075172109868689, 35.89592659374712 ], [ -79.075218291595704, 35.895920759960894 ] ] } },
{ "type": "Feature", "properties": { "FEEDER_NAME": "RSDC", "SUBSTATION_NAME": "CARRBORO", "wmType": "SECONDARY UNDERGROUND", "WKT": "LINESTRING (-79.07502722865569 35.8957522276123, -79.07497073849487 35.89557886244193, -79.07496469479308 35.89554300131577, -79.07497569306867 35.89552017164114, -79.07503734834523 35.89550741808527)" }, "geometry": { "type": "LineString", "coordinates": [ [ -79.075027228655685, 35.895752227612299 ], [ -79.074970738494869, 35.89557886244193 ], [ -79.074964694793081, 35.895543001315772 ], [ -79.074975693068666, 35.895520171641138 ], [ -79.075037348345234, 35.895507418085273 ] ] } },
{ "type": "Feature", "properties": { "FEEDER_NAME": "RSDC", "SUBSTATION_NAME": "CARRBORO", "wmType": "SECONDARY UNDERGROUND", "WKT": "LINESTRING (-79.07503734834523 35.89550741808527, -79.0750767732509 35.895505607438686)" }, "geometry": { "type": "LineString", "coordinates": [ [ -79.075037348345234, 35.895507418085273 ], [ -79.075076773250899, 35.895505607438686 ] ] } },
{ "type": "Feature", "properties": { "FEEDER_NAME": "RSDC", "SUBSTATION_NAME": "CARRBORO", "wmType": "SECONDARY UNDERGROUND", "WKT": "LINESTRING (-79.0750767732509 35.895505607438686, -79.07512498021744 35.89550635919798)" }, "geometry": { "type": "LineString", "coordinates": [ [ -79.075076773250899, 35.895505607438686 ], [ -79.075124980217439, 35.895506359197981 ] ] } },
{ "type": "Feature", "properties": { "FEEDER_NAME": "RSDC", "SUBSTATION_NAME": "CARRBORO", "wmType": "SECONDARY UNDERGROUND", "WKT": "LINESTRING (-79.07502722865569 35.8957522276123, -79.07507329121962 35.89597820578738, -79.07509036968192 35.8960303620628, -79.07510845408767 35.896087409112084, -79.07512118142637 35.89609542651921, -79.0751294563829 35.89612555484142)" }, "geometry": { "type": "LineString", "coordinates": [ [ -79.075027228655685, 35.895752227612299 ], [ -79.075073291219624, 35.89597820578738 ], [ -79.075090369681917, 35.896030362062803 ], [ -79.075108454087669, 35.896087409112084 ], [ -79.075121181426368, 35.89609542651921 ], [ -79.075129456382896, 35.896125554841419 ] ] } },
{ "type": "Feature", "properties": { "FEEDER_NAME": "RSDC", "SUBSTATION_NAME": "CARRBORO", "wmType": "SECONDARY UNDERGROUND", "WKT": "LINESTRING (-79.07502722865569 35.8957522276123, -79.07504203245179 35.89575977417036, -79.07505207783824 35.89578911186686, -79.07508428270377 35.8959480394663, -79.07509332413376 35.895975747309734, -79.07514552434506 35.89597613337605)" }, "geometry": { "type": "LineString", "coordinates": [ [ -79.075027228655685, 35.895752227612299 ], [ -79.07504203245179, 35.895759774170358 ], [ -79.075052077838237, 35.895789111866861 ], [ -79.07508428270377, 35.895948039466298 ], [ -79.075093324133761, 35.895975747309734 ], [ -79.075145524345061, 35.895976133376053 ] ] } },
{ "type": "Feature", "properties": { "FEEDER_NAME": "RSDC", "SUBSTATION_NAME": "CARRBORO", "wmType": "SECONDARY UNDERGROUND", "WKT": "LINESTRING (-79.07502722865569 35.8957522276123, -79.07501287569492 35.895645675723735, -79.0750108408174 35.895612258285155, -79.07504170921685 35.89560023748809)" }, "geometry": { "type": "LineString", "coordinates": [ [ -79.075027228655685, 35.895752227612299 ], [ -79.075012875694924, 35.895645675723735 ], [ -79.075010840817399, 35.895612258285155 ], [ -79.075041709216848, 35.89560023748809 ] ] } },
{ "type": "Feature", "properties": { "FEEDER_NAME": "RSDC", "SUBSTATION_NAME": "CARRBORO", "wmType": "SECONDARY UNDERGROUND", "WKT": "LINESTRING (-79.07504170921685 35.89560023748809, -79.07508164468555 35.89559947294432)" }, "geometry": { "type": "LineString", "coordinates": [ [ -79.075041709216848, 35.89560023748809 ], [ -79.075081644685554, 35.895599472944319 ] ] } },
{ "type": "Feature", "properties": { "FEEDER_NAME": "RSDC", "SUBSTATION_NAME": "CARRBORO", "wmType": "SECONDARY UNDERGROUND", "WKT": "LINESTRING (-79.07508164468555 35.89559947294432, -79.07512266282333 35.895601563063884)" }, "geometry": { "type": "LineString", "coordinates": [ [ -79.075081644685554, 35.895599472944319 ], [ -79.075122662823333, 35.895601563063884 ] ] } },
{ "type": "Feature", "properties": { "FEEDER_NAME": "RSDC", "SUBSTATION_NAME": "CARRBORO", "wmType": "SECONDARY UNDERGROUND", "WKT": "LINESTRING (-79.07502722865569 35.8957522276123, -79.07499984405234 35.89563671752578, -79.07498376180138 35.895578854438405, -79.07497672848295 35.89555685152848, -79.07498072859659 35.89554869674115, -79.07503747035847 35.895543367573495)" }, "geometry": { "type": "LineString", "coordinates": [ [ -79.075027228655685, 35.895752227612299 ], [ -79.074999844052343, 35.895636717525782 ], [ -79.074983761801377, 35.895578854438405 ], [ -79.074976728482952, 35.895556851528482 ], [ -79.074980728596586, 35.895548696741152 ], [ -79.075037470358467, 35.895543367573495 ] ] } },
{ "type": "Feature", "properties": { "FEEDER_NAME": "RSDC", "SUBSTATION_NAME": "CARRBORO", "wmType": "SECONDARY UNDERGROUND", "WKT": "LINESTRING (-79.07503747035847 35.895543367573495, -79.07507882998709 35.895544639110305)" }, "geometry": { "type": "LineString", "coordinates": [ [ -79.075037470358467, 35.895543367573495 ], [ -79.075078829987092, 35.895544639110305 ] ] } },
{ "type": "Feature", "properties": { "FEEDER_NAME": "RSDC", "SUBSTATION_NAME": "CARRBORO", "wmType": "SECONDARY UNDERGROUND", "WKT": "LINESTRING (-79.07507882998709 35.895544639110305, -79.07512681819603 35.89554597685357)" }, "geometry": { "type": "LineString", "coordinates": [ [ -79.075078829987092, 35.895544639110305 ], [ -79.075126818196026, 35.895545976853569 ] ] } },
{ "type": "Feature", "properties": { "FEEDER_NAME": "RSDC", "SUBSTATION_NAME": "CARRBORO", "wmType": "SECONDARY UNDERGROUND", "WKT": "LINESTRING (-79.07502722865569 35.8957522276123, -79.07490003695764 35.89556223798243, -79.07486566873403 35.89554735054464)" }, "geometry": { "type": "LineString", "coordinates": [ [ -79.075027228655685, 35.895752227612299 ], [ -79.074900036957644, 35.895562237982432 ], [ -79.074865668734034, 35.895547350544639 ] ] } },
{ "type": "Feature", "properties": { "FEEDER_NAME": "RSDC", "SUBSTATION_NAME": "CARRBORO", "wmType": "SECONDARY UNDERGROUND", "WKT": "LINESTRING (-79.07502722865569 35.8957522276123, -79.07502489199445 35.89564077783903, -79.07504177934918 35.89563757231703)" }, "geometry": { "type": "LineString", "coordinates": [ [ -79.075027228655685, 35.895752227612299 ], [ -79.075024891994445, 35.895640777839027 ], [ -79.075041779349178, 35.895637572317028 ] ] } },
{ "type": "Feature", "properties": { "FEEDER_NAME": "RSDC", "SUBSTATION_NAME": "CARRBORO", "wmType": "SECONDARY UNDERGROUND", "WKT": "LINESTRING (-79.07504177934918 35.89563757231703, -79.07507521369762 35.895640382755346)" }, "geometry": { "type": "LineString", "coordinates": [ [ -79.075041779349178, 35.895637572317028 ], [ -79.075075213697616, 35.895640382755346 ] ] } },
{ "type": "Feature", "properties": { "FEEDER_NAME": "RSDC", "SUBSTATION_NAME": "CARRBORO", "wmType": "SECONDARY UNDERGROUND", "WKT": "LINESTRING (-79.07507521369762 35.895640382755346, -79.07511299691438 35.89564200618872)" }, "geometry": { "type": "LineString", "coordinates": [ [ -79.075075213697616, 35.895640382755346 ], [ -79.075112996914385, 35.895642006188723 ] ] } },
{ "type": "Feature", "properties": { "FEEDER_NAME": "RSDC", "SUBSTATION_NAME": "CARRBORO", "wmType": "SECONDARY UNDERGROUND", "WKT": "LINESTRING (-79.07511299691438 35.89564200618872, -79.07514712094631 35.895644361923544)" }, "geometry": { "type": "LineString", "coordinates": [ [ -79.075112996914385, 35.895642006188723 ], [ -79.075147120946312, 35.895644361923544 ] ] } },
{ "type": "Feature", "properties": { "FEEDER_NAME": "RSDC", "SUBSTATION_NAME": "CARRBORO", "wmType": "SECONDARY UNDERGROUND", "WKT": "LINESTRING (-79.07502722865569 35.8957522276123, -79.0750296509997 35.895834276671)" }, "geometry": { "type": "LineString", "coordinates": [ [ -79.075027228655685, 35.895752227612299 ], [ -79.075029650999696, 35.895834276671003 ] ] } },
{ "type": "Feature", "properties": { "FEEDER_NAME": "RSDC", "SUBSTATION_NAME": "CARRBORO", "wmType": "SECONDARY UNDERGROUND", "WKT": "LINESTRING (-79.07502722865569 35.8957522276123, -79.07504004072234 35.89577281731827, -79.07507526097757 35.89594152405717, -79.07509134529016 35.896002648054754, -79.07510841391655 35.896044208560646, -79.07517357951602 35.89604530767859)" }, "geometry": { "type": "LineString", "coordinates": [ [ -79.075027228655685, 35.895752227612299 ], [ -79.075040040722342, 35.895772817318267 ], [ -79.07507526097757, 35.895941524057172 ], [ -79.075091345290161, 35.896002648054754 ], [ -79.075108413916553, 35.896044208560646 ], [ -79.075173579516019, 35.896045307678591 ] ] } },
{ "type": "Feature", "properties": { "FEEDER_NAME": "RSDC", "SUBSTATION_NAME": "CARRBORO", "wmType": "SECONDARY UNDERGROUND", "WKT": "LINESTRING (-79.07517357951602 35.89604530767859, -79.07521714770098 35.89603535382357)" }, "geometry": { "type": "LineString", "coordinates": [ [ -79.075173579516019, 35.896045307678591 ], [ -79.075217147700982, 35.896035353823571 ] ] } },
{ "type": "Feature", "properties": { "FEEDER_NAME": "RSDC", "SUBSTATION_NAME": "CARRBORO", "wmType": "SECONDARY UNDERGROUND", "WKT": "LINESTRING (-79.07521714770098 35.89603535382357, -79.07526456042775 35.8960250559857)" }, "geometry": { "type": "LineString", "coordinates": [ [ -79.075217147700982, 35.896035353823571 ], [ -79.075264560427755, 35.896025055985703 ] ] } },
{ "type": "Feature", "properties": { "FEEDER_NAME": "RSDC", "SUBSTATION_NAME": "CARRBORO", "wmType": "SECONDARY UNDERGROUND", "WKT": "LINESTRING (-79.07526456042775 35.8960250559857, -79.0752580629122 35.89599450025661)" }, "geometry": { "type": "LineString", "coordinates": [ [ -79.075264560427755, 35.896025055985703 ], [ -79.075258062912198, 35.895994500256613 ] ] } },
{ "type": "Feature", "properties": { "FEEDER_NAME": "RSDC", "SUBSTATION_NAME": "CARRBORO", "wmType": "SECONDARY UNDERGROUND", "WKT": "LINESTRING (-79.0752580629122 35.89599450025661, -79.07520975641212 35.89600732140323)" }, "geometry": { "type": "LineString", "coordinates": [ [ -79.075258062912198, 35.895994500256613 ], [ -79.075209756412121, 35.896007321403232 ] ] } },
{ "type": "Feature", "properties": { "FEEDER_NAME": "RSDC", "SUBSTATION_NAME": "CARRBORO", "wmType": "SECONDARY UNDERGROUND", "WKT": "LINESTRING (-79.07520975641212 35.89600732140323, -79.07516646724575 35.896013554485826)" }, "geometry": { "type": "LineString", "coordinates": [ [ -79.075209756412121, 35.896007321403232 ], [ -79.075166467245751, 35.896013554485826 ] ] } },
{ "type": "Feature", "properties": { "FEEDER_NAME": "RSDC", "SUBSTATION_NAME": "CARRBORO", "wmType": "SECONDARY UNDERGROUND", "WKT": "LINESTRING (-79.07502722865569 35.8957522276123, -79.075316521406 35.89574627198298)" }, "geometry": { "type": "LineString", "coordinates": [ [ -79.075027228655685, 35.895752227612299 ], [ -79.075316521405995, 35.895746271982979 ] ] } },
{ "type": "Feature", "properties": { "FEEDER_NAME": "RSDC", "SUBSTATION_NAME": "CARRBORO", "wmType": "SECONDARY UNDERGROUND", "WKT": "LINESTRING (-79.07548232169833 35.895401918609025, -79.07541716729321 35.89552496308596)" }, "geometry": { "type": "LineString", "coordinates": [ [ -79.075482321698331, 35.895401918609025 ], [ -79.07541716729321, 35.895524963085961 ] ] } },
{ "type": "Feature", "properties": { "FEEDER_NAME": "RSDC", "SUBSTATION_NAME": "CARRBORO", "wmType": "SECONDARY UNDERGROUND", "WKT": "LINESTRING (-79.07541716729321 35.89552496308596, -79.07545117235125 35.895558898832306)" }, "geometry": { "type": "LineString", "coordinates": [ [ -79.07541716729321, 35.895524963085961 ], [ -79.075451172351251, 35.895558898832306 ] ] } },
{ "type": "Feature", "properties": { "FEEDER_NAME": "RSDC", "SUBSTATION_NAME": "CARRBORO", "wmType": "SECONDARY UNDERGROUND", "WKT": "LINESTRING (-79.07545117235125 35.895558898832306, -79.07548455216511 35.895599383858)" }, "geometry": { "type": "LineString", "coordinates": [ [ -79.075451172351251, 35.895558898832306 ], [ -79.075484552165108, 35.895599383857999 ] ] } },
{ "type": "Feature", "properties": { "FEEDER_NAME": "RSDC", "SUBSTATION_NAME": "CARRBORO", "wmType": "SECONDARY UNDERGROUND", "WKT": "LINESTRING (-79.07548232169833 35.895401918609025, -79.07547266643617 35.89549503058317)" }, "geometry": { "type": "LineString", "coordinates": [ [ -79.075482321698331, 35.895401918609025 ], [ -79.07547266643617, 35.89549503058317 ] ] } },
{ "type": "Feature", "properties": { "FEEDER_NAME": "RSDC", "SUBSTATION_NAME": "CARRBORO", "wmType": "SECONDARY UNDERGROUND", "WKT": "LINESTRING (-79.07547266643617 35.89549503058317, -79.07551463556666 35.89552859365163)" }, "geometry": { "type": "LineString", "coordinates": [ [ -79.07547266643617, 35.89549503058317 ], [ -79.075514635566662, 35.895528593651633 ] ] } },
{ "type": "Feature", "properties": { "FEEDER_NAME": "RSDC", "SUBSTATION_NAME": "CARRBORO", "wmType": "SECONDARY UNDERGROUND", "WKT": "LINESTRING (-79.07551463556666 35.89552859365163, -79.07555327107023 35.895561545880476)" }, "geometry": { "type": "LineString", "coordinates": [ [ -79.075514635566662, 35.895528593651633 ], [ -79.075553271070234, 35.895561545880476 ] ] } },
{ "type": "Feature", "properties": { "FEEDER_NAME": "RSDC", "SUBSTATION_NAME": "CARRBORO", "wmType": "SECONDARY UNDERGROUND", "WKT": "LINESTRING (-79.07548232169833 35.895401918609025, -79.07503327410419 35.895438151479354, -79.07457471573915 35.89541961963843)" }, "geometry": { "type": "LineString", "coordinates": [ [ -79.075482321698331, 35.895401918609025 ], [ -79.075033274104186, 35.895438151479354 ], [ -79.074574715739146, 35.895419619638432 ] ] } },
{ "type": "Feature", "properties": { "FEEDER_NAME": "RSDC", "SUBSTATION_NAME": "CARRBORO", "wmType": "SECONDARY UNDERGROUND", "WKT": "LINESTRING (-79.07457471573915 35.89541961963843, -79.07461396847381 35.89553124694781, -79.07464215390569 35.89559220498193, -79.07468470288781 35.89564941198652, -79.07474553310553 35.895722887196925)" }, "geometry": { "type": "LineString", "coordinates": [ [ -79.074574715739146, 35.895419619638432 ], [ -79.074613968473813, 35.895531246947812 ], [ -79.074642153905685, 35.895592204981931 ], [ -79.074684702887808, 35.895649411986518 ], [ -79.074745533105528, 35.895722887196925 ] ] } },
{ "type": "Feature", "properties": { "FEEDER_NAME": "RSDC", "SUBSTATION_NAME": "CARRBORO", "wmType": "SECONDARY UNDERGROUND", "WKT": "LINESTRING (-79.07474553310553 35.895722887196925, -79.07479776256153 35.89588900675807, -79.07479490663782 35.895970088344754, -79.07478386282476 35.896006069007214, -79.07479176718955 35.89606438958183)" }, "geometry": { "type": "LineString", "coordinates": [ [ -79.074745533105528, 35.895722887196925 ], [ -79.074797762561531, 35.895889006758068 ], [ -79.07479490663782, 35.895970088344754 ], [ -79.074783862824759, 35.896006069007214 ], [ -79.074791767189552, 35.896064389581831 ] ] } },
{ "type": "Feature", "properties": { "FEEDER_NAME": "RSDC", "SUBSTATION_NAME": "CARRBORO", "wmType": "SECONDARY UNDERGROUND", "WKT": "LINESTRING (-79.07548232169833 35.895401918609025, -79.07552374118012 35.895460165231974)" }, "geometry": { "type": "LineString", "coordinates": [ [ -79.075482321698331, 35.895401918609025 ], [ -79.07552374118012, 35.895460165231974 ] ] } },
{ "type": "Feature", "properties": { "FEEDER_NAME": "RSDC", "SUBSTATION_NAME": "CARRBORO", "wmType": "SECONDARY UNDERGROUND", "WKT": "LINESTRING (-79.07552374118012 35.895460165231974, -79.07556760887384 35.895491308898535)" }, "geometry": { "type": "LineString", "coordinates": [ [ -79.07552374118012, 35.895460165231974 ], [ -79.07556760887384, 35.895491308898535 ] ] } },
{ "type": "Feature", "properties": { "FEEDER_NAME": "RSDC", "SUBSTATION_NAME": "CARRBORO", "wmType": "SECONDARY UNDERGROUND", "WKT": "LINESTRING (-79.07556760887384 35.895491308898535, -79.07561575969747 35.8955232033877)" }, "geometry": { "type": "LineString", "coordinates": [ [ -79.07556760887384, 35.895491308898535 ], [ -79.07561575969747, 35.895523203387697 ] ] } },
{ "type": "Feature", "properties": { "FEEDER_NAME": "RSDC", "SUBSTATION_NAME": "CARRBORO", "wmType": "SECONDARY UNDERGROUND", "WKT": "LINESTRING (-79.07561575969747 35.8955232033877, -79.0756581481766 35.895553817968796)" }, "geometry": { "type": "LineString", "coordinates": [ [ -79.07561575969747, 35.895523203387697 ], [ -79.075658148176601, 35.895553817968796 ] ] } },
{ "type": "Feature", "properties": { "FEEDER_NAME": "RSDC", "SUBSTATION_NAME": "CARRBORO", "wmType": "SECONDARY UNDERGROUND", "WKT": "LINESTRING (-79.07548232169833 35.895401918609025, -79.07535399466371 35.89540608897298, -79.07535228974366 35.89539760331128)" }, "geometry": { "type": "LineString", "coordinates": [ [ -79.075482321698331, 35.895401918609025 ], [ -79.075353994663715, 35.895406088972983 ], [ -79.075352289743662, 35.895397603311281 ] ] } },
{ "type": "Feature", "properties": { "FEEDER_NAME": "RSDC", "SUBSTATION_NAME": "CARRBORO", "wmType": "SECONDARY UNDERGROUND", "WKT": "LINESTRING (-79.07548232169833 35.895401918609025, -79.0753667331129 35.89555075543163)" }, "geometry": { "type": "LineString", "coordinates": [ [ -79.075482321698331, 35.895401918609025 ], [ -79.075366733112901, 35.895550755431628 ] ] } },
{ "type": "Feature", "properties": { "FEEDER_NAME": "RSDC", "SUBSTATION_NAME": "CARRBORO", "wmType": "SECONDARY UNDERGROUND", "WKT": "LINESTRING (-79.0753667331129 35.89555075543163, -79.07540233106018 35.895594201708334)" }, "geometry": { "type": "LineString", "coordinates": [ [ -79.075366733112901, 35.895550755431628 ], [ -79.075402331060175, 35.895594201708334 ] ] } },
{ "type": "Feature", "properties": { "FEEDER_NAME": "RSDC", "SUBSTATION_NAME": "CARRBORO", "wmType": "SECONDARY UNDERGROUND", "WKT": "LINESTRING (-79.07540233106018 35.895594201708334, -79.07543567298745 35.89563445693682)" }, "geometry": { "type": "LineString", "coordinates": [ [ -79.075402331060175, 35.895594201708334 ], [ -79.075435672987453, 35.895634456936818 ] ] } },
{ "type": "Feature", "properties": { "FEEDER_NAME": "RSDC", "SUBSTATION_NAME": "CARRBORO", "wmType": "SECONDARY UNDERGROUND", "WKT": "LINESTRING (-79.0760152143388 35.89480304445784, -79.07605190094803 35.89488978240719, -79.07607391335775 35.894905326161165)" }, "geometry": { "type": "LineString", "coordinates": [ [ -79.076015214338796, 35.894803044457838 ], [ -79.07605190094803, 35.894889782407191 ], [ -79.076073913357746, 35.894905326161165 ] ] } },
{ "type": "Feature", "properties": { "FEEDER_NAME": "RSDC", "SUBSTATION_NAME": "CARRBORO", "wmType": "SECONDARY UNDERGROUND", "WKT": "LINESTRING (-79.07489642579985 35.89379296611928, -79.0748234105309 35.89381313713771, -79.07468526500182 35.89387931472659, -79.07461136103471 35.89393164213879, -79.07458108355327 35.89396520103825, -79.07454231825085 35.893996791251, -79.07449992437786 35.894038248486105, -79.07449996713956 35.89408461175811, -79.07454001531364 35.89412996456214, -79.0746099215345 35.894186405016434, -79.07465496265606 35.89418553834511)" }, "geometry": { "type": "LineString", "coordinates": [ [ -79.074896425799849, 35.893792966119278 ], [ -79.074823410530897, 35.893813137137712 ], [ -79.074685265001818, 35.89387931472659 ], [ -79.074611361034712, 35.893931642138789 ], [ -79.074581083553269, 35.893965201038249 ], [ -79.074542318250849, 35.893996791250999 ], [ -79.074499924377861, 35.894038248486105 ], [ -79.074499967139559, 35.89408461175811 ], [ -79.074540015313644, 35.89412996456214 ], [ -79.074609921534503, 35.894186405016434 ], [ -79.074654962656055, 35.894185538345113 ] ] } },
{ "type": "Feature", "properties": { "FEEDER_NAME": "RSDC", "SUBSTATION_NAME": "CARRBORO", "wmType": "SECONDARY UNDERGROUND", "WKT": "LINESTRING (-79.07465496265606 35.89418553834511, -79.07470955075074 35.89416051435546)" }, "geometry": { "type": "LineString", "coordinates": [ [ -79.074654962656055, 35.894185538345113 ], [ -79.07470955075074, 35.894160514355463 ] ] } },
{ "type": "Feature", "properties": { "FEEDER_NAME": "RSDC", "SUBSTATION_NAME": "CARRBORO", "wmType": "SECONDARY UNDERGROUND", "WKT": "LINESTRING (-79.07470955075074 35.89416051435546, -79.07473191702165 35.89417590491629)" }, "geometry": { "type": "LineString", "coordinates": [ [ -79.07470955075074, 35.894160514355463 ], [ -79.074731917021651, 35.894175904916288 ] ] } },
{ "type": "Feature", "properties": { "FEEDER_NAME": "RSDC", "SUBSTATION_NAME": "CARRBORO", "wmType": "SECONDARY UNDERGROUND", "WKT": "LINESTRING (-79.07473191702165 35.89417590491629, -79.07474924175118 35.8941907974346)" }, "geometry": { "type": "LineString", "coordinates": [ [ -79.074731917021651, 35.894175904916288 ], [ -79.074749241751178, 35.894190797434597 ] ] } },
{ "type": "Feature", "properties": { "FEEDER_NAME": "RSDC", "SUBSTATION_NAME": "CARRBORO", "wmType": "SECONDARY UNDERGROUND", "WKT": "LINESTRING (-79.07465496265606 35.89418553834511, -79.074682999281 35.89420103810835)" }, "geometry": { "type": "LineString", "coordinates": [ [ -79.074654962656055, 35.894185538345113 ], [ -79.074682999280995, 35.894201038108349 ] ] } },
{ "type": "Feature", "properties": { "FEEDER_NAME": "RSDC", "SUBSTATION_NAME": "CARRBORO", "wmType": "SECONDARY UNDERGROUND", "WKT": "LINESTRING (-79.074682999281 35.89420103810835, -79.07470123923568 35.89421862678735)" }, "geometry": { "type": "LineString", "coordinates": [ [ -79.074682999280995, 35.894201038108349 ], [ -79.074701239235679, 35.89421862678735 ] ] } },
{ "type": "Feature", "properties": { "FEEDER_NAME": "RSDC", "SUBSTATION_NAME": "CARRBORO", "wmType": "SECONDARY UNDERGROUND", "WKT": "LINESTRING (-79.07470123923568 35.89421862678735, -79.07472443176646 35.894233919502)" }, "geometry": { "type": "LineString", "coordinates": [ [ -79.074701239235679, 35.89421862678735 ], [ -79.074724431766455, 35.894233919502 ] ] } },
{ "type": "Feature", "properties": { "FEEDER_NAME": "RSDC", "SUBSTATION_NAME": "CARRBORO", "wmType": "SECONDARY UNDERGROUND", "WKT": "LINESTRING (-79.07465496265606 35.89418553834511, -79.07461291678659 35.89419127024915, -79.074602862927 35.894200343558325)" }, "geometry": { "type": "LineString", "coordinates": [ [ -79.074654962656055, 35.894185538345113 ], [ -79.074612916786592, 35.894191270249152 ], [ -79.074602862926994, 35.894200343558325 ] ] } },
{ "type": "Feature", "properties": { "FEEDER_NAME": "RSDC", "SUBSTATION_NAME": "CARRBORO", "wmType": "SECONDARY UNDERGROUND", "WKT": "LINESTRING (-79.07489642579985 35.89379296611928, -79.07483460840399 35.893814662493675, -79.07477623591218 35.893841190441925, -79.07468584153132 35.89388708004635, -79.07463729521828 35.89392201201961, -79.07451326253374 35.894041200236856, -79.07451208712405 35.89408065842877, -79.07452549829122 35.89410030596801, -79.07460692493417 35.89418007966511, -79.07463919711651 35.89416655922923)" }, "geometry": { "type": "LineString", "coordinates": [ [ -79.074896425799849, 35.893792966119278 ], [ -79.074834608403989, 35.893814662493675 ], [ -79.074776235912182, 35.893841190441925 ], [ -79.07468584153132, 35.893887080046348 ], [ -79.074637295218281, 35.893922012019608 ], [ -79.074513262533742, 35.894041200236856 ], [ -79.074512087124049, 35.89408065842877 ], [ -79.074525498291223, 35.89410030596801 ], [ -79.074606924934173, 35.894180079665112 ], [ -79.074639197116511, 35.894166559229227 ] ] } },
{ "type": "Feature", "properties": { "FEEDER_NAME": "RSDC", "SUBSTATION_NAME": "CARRBORO", "wmType": "SECONDARY UNDERGROUND", "WKT": "LINESTRING (-79.07463919711651 35.89416655922923, -79.0746175249155 35.894149460247704)" }, "geometry": { "type": "LineString", "coordinates": [ [ -79.074639197116511, 35.894166559229227 ], [ -79.074617524915496, 35.894149460247704 ] ] } },
{ "type": "Feature", "properties": { "FEEDER_NAME": "RSDC", "SUBSTATION_NAME": "CARRBORO", "wmType": "SECONDARY UNDERGROUND", "WKT": "LINESTRING (-79.0746175249155 35.894149460247704, -79.07466660886702 35.89412320304827)" }, "geometry": { "type": "LineString", "coordinates": [ [ -79.074617524915496, 35.894149460247704 ], [ -79.07466660886702, 35.894123203048267 ] ] } },
{ "type": "Feature", "properties": { "FEEDER_NAME": "RSDC", "SUBSTATION_NAME": "CARRBORO", "wmType": "SECONDARY UNDERGROUND", "WKT": "LINESTRING (-79.07466660886702 35.89412320304827, -79.07468858638104 35.8941422522654)" }, "geometry": { "type": "LineString", "coordinates": [ [ -79.07466660886702, 35.894123203048267 ], [ -79.074688586381043, 35.894142252265397 ] ] } },
{ "type": "Feature", "properties": { "FEEDER_NAME": "RSDC", "SUBSTATION_NAME": "CARRBORO", "wmType": "SECONDARY UNDERGROUND", "WKT": "LINESTRING (-79.0746175249155 35.894149460247704, -79.07459549718236 35.89412879139761)" }, "geometry": { "type": "LineString", "coordinates": [ [ -79.074617524915496, 35.894149460247704 ], [ -79.074595497182358, 35.894128791397613 ] ] } },
{ "type": "Feature", "properties": { "FEEDER_NAME": "RSDC", "SUBSTATION_NAME": "CARRBORO", "wmType": "SECONDARY UNDERGROUND", "WKT": "LINESTRING (-79.07489642579985 35.89379296611928, -79.07483311468715 35.893820036109105, -79.07473859492758 35.893865471320005, -79.07468043380538 35.89389904732358, -79.07471770081693 35.893925483313)" }, "geometry": { "type": "LineString", "coordinates": [ [ -79.074896425799849, 35.893792966119278 ], [ -79.074833114687152, 35.893820036109105 ], [ -79.074738594927581, 35.893865471320005 ], [ -79.074680433805383, 35.893899047323579 ], [ -79.074717700816933, 35.893925483312998 ] ] } },
{ "type": "Feature", "properties": { "FEEDER_NAME": "RSDC", "SUBSTATION_NAME": "CARRBORO", "wmType": "SECONDARY UNDERGROUND", "WKT": "LINESTRING (-79.07471770081693 35.893925483313, -79.0747337278552 35.893957754755334)" }, "geometry": { "type": "LineString", "coordinates": [ [ -79.074717700816933, 35.893925483312998 ], [ -79.074733727855204, 35.893957754755334 ] ] } },
{ "type": "Feature", "properties": { "FEEDER_NAME": "RSDC", "SUBSTATION_NAME": "CARRBORO", "wmType": "SECONDARY UNDERGROUND", "WKT": "LINESTRING (-79.0747337278552 35.893957754755334, -79.0747500996791 35.893983149902816)" }, "geometry": { "type": "LineString", "coordinates": [ [ -79.074733727855204, 35.893957754755334 ], [ -79.074750099679093, 35.893983149902816 ] ] } },
{ "type": "Feature", "properties": { "FEEDER_NAME": "RSDC", "SUBSTATION_NAME": "CARRBORO", "wmType": "SECONDARY UNDERGROUND", "WKT": "LINESTRING (-79.0747500996791 35.893983149902816, -79.07477052681814 35.89400383142409)" }, "geometry": { "type": "LineString", "coordinates": [ [ -79.074750099679093, 35.893983149902816 ], [ -79.074770526818142, 35.894003831424087 ] ] } },
{ "type": "Feature", "properties": { "FEEDER_NAME": "RSDC", "SUBSTATION_NAME": "CARRBORO", "wmType": "SECONDARY UNDERGROUND", "WKT": "LINESTRING (-79.07477052681814 35.89400383142409, -79.07479093824622 35.89402906726227)" }, "geometry": { "type": "LineString", "coordinates": [ [ -79.074770526818142, 35.894003831424087 ], [ -79.074790938246224, 35.894029067262267 ] ] } },
{ "type": "Feature", "properties": { "FEEDER_NAME": "RSDC", "SUBSTATION_NAME": "CARRBORO", "wmType": "SECONDARY UNDERGROUND", "WKT": "LINESTRING (-79.07479093824622 35.89402906726227, -79.0748058246459 35.89405799734206)" }, "geometry": { "type": "LineString", "coordinates": [ [ -79.074790938246224, 35.894029067262267 ], [ -79.074805824645907, 35.89405799734206 ] ] } },
{ "type": "Feature", "properties": { "FEEDER_NAME": "RSDC", "SUBSTATION_NAME": "CARRBORO", "wmType": "SECONDARY UNDERGROUND", "WKT": "LINESTRING (-79.0748058246459 35.89405799734206, -79.07487359864231 35.894030734453914)" }, "geometry": { "type": "LineString", "coordinates": [ [ -79.074805824645907, 35.89405799734206 ], [ -79.074873598642313, 35.894030734453914 ] ] } },
{ "type": "Feature", "properties": { "FEEDER_NAME": "RSDC", "SUBSTATION_NAME": "CARRBORO", "wmType": "SECONDARY UNDERGROUND", "WKT": "LINESTRING (-79.07487359864231 35.894030734453914, -79.07485294926884 35.8940045551058)" }, "geometry": { "type": "LineString", "coordinates": [ [ -79.074873598642313, 35.894030734453914 ], [ -79.074852949268845, 35.894004555105802 ] ] } },
{ "type": "Feature", "properties": { "FEEDER_NAME": "RSDC", "SUBSTATION_NAME": "CARRBORO", "wmType": "SECONDARY UNDERGROUND", "WKT": "LINESTRING (-79.07485294926884 35.8940045551058, -79.07483592132076 35.893978795344886)" }, "geometry": { "type": "LineString", "coordinates": [ [ -79.074852949268845, 35.894004555105802 ], [ -79.074835921320755, 35.893978795344886 ] ] } },
{ "type": "Feature", "properties": { "FEEDER_NAME": "RSDC", "SUBSTATION_NAME": "CARRBORO", "wmType": "SECONDARY UNDERGROUND", "WKT": "LINESTRING (-79.07483592132076 35.893978795344886, -79.07481615264328 35.893957465389896)" }, "geometry": { "type": "LineString", "coordinates": [ [ -79.074835921320755, 35.893978795344886 ], [ -79.07481615264328, 35.893957465389896 ] ] } },
{ "type": "Feature", "properties": { "FEEDER_NAME": "RSDC", "SUBSTATION_NAME": "CARRBORO", "wmType": "SECONDARY UNDERGROUND", "WKT": "LINESTRING (-79.07481615264328 35.893957465389896, -79.07479685655139 35.89393210809621)" }, "geometry": { "type": "LineString", "coordinates": [ [ -79.07481615264328, 35.893957465389896 ], [ -79.074796856551387, 35.893932108096209 ] ] } },
{ "type": "Feature", "properties": { "FEEDER_NAME": "RSDC", "SUBSTATION_NAME": "CARRBORO", "wmType": "SECONDARY UNDERGROUND", "WKT": "LINESTRING (-79.07524871181396 35.89373795159359, -79.07531176910389 35.893745377320194, -79.07536809292344 35.89375530379833, -79.07542442902671 35.89377718429596, -79.0754856786269 35.89381898514894, -79.0755052948186 35.89384885769164, -79.07552492220101 35.89389068337524, -79.07553719523658 35.89392255325034, -79.07553722318264 35.89395243701207, -79.07552592236257 35.893979450811095)" }, "geometry": { "type": "LineString", "coordinates": [ [ -79.075248711813956, 35.893737951593593 ], [ -79.075311769103891, 35.893745377320194 ], [ -79.075368092923441, 35.893755303798329 ], [ -79.075424429026711, 35.893777184295963 ], [ -79.075485678626904, 35.89381898514894 ], [ -79.075505294818598, 35.893848857691637 ], [ -79.075524922201012, 35.89389068337524 ], [ -79.075537195236578, 35.893922553250341 ], [ -79.075537223182636, 35.893952437012068 ], [ -79.075525922362573, 35.893979450811095 ] ] } },
{ "type": "Feature", "properties": { "FEEDER_NAME": "RSDC", "SUBSTATION_NAME": "CARRBORO", "wmType": "SECONDARY UNDERGROUND", "WKT": "LINESTRING (-79.07552592236257 35.893979450811095, -79.07518559939076 35.89427105578307)" }, "geometry": { "type": "LineString", "coordinates": [ [ -79.075525922362573, 35.893979450811095 ], [ -79.075185599390764, 35.894271055783072 ] ] } },
{ "type": "Feature", "properties": { "FEEDER_NAME": "RSDC", "SUBSTATION_NAME": "CARRBORO", "wmType": "SECONDARY UNDERGROUND", "WKT": "LINESTRING (-79.07518559939076 35.89427105578307, -79.07534365893578 35.894164216338574, -79.07547089391483 35.894236978724514)" }, "geometry": { "type": "LineString", "coordinates": [ [ -79.075185599390764, 35.894271055783072 ], [ -79.075343658935779, 35.894164216338574 ], [ -79.075470893914826, 35.894236978724514 ] ] } },
{ "type": "Feature", "properties": { "FEEDER_NAME": "RSDC", "SUBSTATION_NAME": "CARRBORO", "wmType": "SECONDARY UNDERGROUND", "WKT": "LINESTRING (-79.07489642579985 35.89379296611928, -79.07498618693022 35.89384195116977, -79.07502451158413 35.89382635660465)" }, "geometry": { "type": "LineString", "coordinates": [ [ -79.074896425799849, 35.893792966119278 ], [ -79.074986186930218, 35.893841951169769 ], [ -79.075024511584132, 35.893826356604649 ] ] } },
{ "type": "Feature", "properties": { "FEEDER_NAME": "RSDC", "SUBSTATION_NAME": "CARRBORO", "wmType": "SECONDARY UNDERGROUND", "WKT": "LINESTRING (-79.07502451158413 35.89382635660465, -79.0749905734412 35.89384800796966, -79.0750370116442 35.89390966766361, -79.07500348187416 35.893984643785856, -79.0749545677015 35.894044442304924, -79.07490495180552 35.89407266119446)" }, "geometry": { "type": "LineString", "coordinates": [ [ -79.075024511584132, 35.893826356604649 ], [ -79.074990573441198, 35.893848007969659 ], [ -79.075037011644199, 35.893909667663607 ], [ -79.075003481874163, 35.893984643785856 ], [ -79.074954567701496, 35.894044442304924 ], [ -79.074904951805522, 35.894072661194457 ] ] } },
{ "type": "Feature", "properties": { "FEEDER_NAME": "RSDC", "SUBSTATION_NAME": "CARRBORO", "wmType": "SECONDARY UNDERGROUND", "WKT": "LINESTRING (-79.07510304525306 35.89451975502462, -79.07500063883037 35.89447894459919, -79.07484547554827 35.89437017988713, -79.07487065425327 35.894350831377224)" }, "geometry": { "type": "LineString", "coordinates": [ [ -79.075103045253059, 35.894519755024618 ], [ -79.075000638830375, 35.894478944599193 ], [ -79.074845475548273, 35.894370179887133 ], [ -79.074870654253274, 35.894350831377224 ] ] } },
{ "type": "Feature", "properties": { "FEEDER_NAME": "RSDC", "SUBSTATION_NAME": "CARRBORO", "wmType": "SECONDARY UNDERGROUND", "WKT": "LINESTRING (-79.07487065425327 35.894350831377224, -79.07483240460807 35.894361604747345, -79.07470884435047 35.89427461770652)" }, "geometry": { "type": "LineString", "coordinates": [ [ -79.074870654253274, 35.894350831377224 ], [ -79.074832404608074, 35.894361604747345 ], [ -79.074708844350468, 35.894274617706522 ] ] } },
{ "type": "Feature", "properties": { "FEEDER_NAME": "RSDC", "SUBSTATION_NAME": "CARRBORO", "wmType": "SECONDARY UNDERGROUND", "WKT": "LINESTRING (-79.07487065425327 35.894350831377224, -79.07491185846096 35.89432492231493)" }, "geometry": { "type": "LineString", "coordinates": [ [ -79.074870654253274, 35.894350831377224 ], [ -79.074911858460965, 35.894324922314929 ] ] } },
{ "type": "Feature", "properties": { "FEEDER_NAME": "RSDC", "SUBSTATION_NAME": "CARRBORO", "wmType": "SECONDARY UNDERGROUND", "WKT": "LINESTRING (-79.07491185846096 35.89432492231493, -79.07488373265068 35.89430412206612)" }, "geometry": { "type": "LineString", "coordinates": [ [ -79.074911858460965, 35.894324922314929 ], [ -79.074883732650676, 35.894304122066117 ] ] } },
{ "type": "Feature", "properties": { "FEEDER_NAME": "RSDC", "SUBSTATION_NAME": "CARRBORO", "wmType": "SECONDARY UNDERGROUND", "WKT": "LINESTRING (-79.07488373265068 35.89430412206612, -79.07485874527153 35.894282485273564)" }, "geometry": { "type": "LineString", "coordinates": [ [ -79.074883732650676, 35.894304122066117 ], [ -79.074858745271527, 35.894282485273564 ] ] } },
{ "type": "Feature", "properties": { "FEEDER_NAME": "RSDC", "SUBSTATION_NAME": "CARRBORO", "wmType": "SECONDARY UNDERGROUND", "WKT": "LINESTRING (-79.07485874527153 35.894282485273564, -79.07483467240179 35.89426394390851)" }, "geometry": { "type": "LineString", "coordinates": [ [ -79.074858745271527, 35.894282485273564 ], [ -79.074834672401792, 35.894263943908513 ] ] } },
{ "type": "Feature", "properties": { "FEEDER_NAME": "RSDC", "SUBSTATION_NAME": "CARRBORO", "wmType": "SECONDARY UNDERGROUND", "WKT": "LINESTRING (-79.07487065425327 35.894350831377224, -79.07484652823166 35.89433113817569)" }, "geometry": { "type": "LineString", "coordinates": [ [ -79.074870654253274, 35.894350831377224 ], [ -79.07484652823166, 35.894331138175687 ] ] } },
{ "type": "Feature", "properties": { "FEEDER_NAME": "RSDC", "SUBSTATION_NAME": "CARRBORO", "wmType": "SECONDARY UNDERGROUND", "WKT": "LINESTRING (-79.07484652823166 35.89433113817569, -79.0748247412387 35.894309791436804)" }, "geometry": { "type": "LineString", "coordinates": [ [ -79.07484652823166, 35.894331138175687 ], [ -79.0748247412387, 35.894309791436804 ] ] } },
{ "type": "Feature", "properties": { "FEEDER_NAME": "RSDC", "SUBSTATION_NAME": "CARRBORO", "wmType": "SECONDARY UNDERGROUND", "WKT": "LINESTRING (-79.0748247412387 35.894309791436804, -79.07480374019303 35.8942890751277)" }, "geometry": { "type": "LineString", "coordinates": [ [ -79.0748247412387, 35.894309791436804 ], [ -79.074803740193033, 35.894289075127702 ] ] } },
{ "type": "Feature", "properties": { "FEEDER_NAME": "RSDC", "SUBSTATION_NAME": "CARRBORO", "wmType": "SECONDARY UNDERGROUND", "WKT": "LINESTRING (-79.07510304525306 35.89451975502462, -79.07508316984706 35.89445770768561)" }, "geometry": { "type": "LineString", "coordinates": [ [ -79.075103045253059, 35.894519755024618 ], [ -79.075083169847062, 35.894457707685611 ] ] } },
{ "type": "Feature", "properties": { "FEEDER_NAME": "RSDC", "SUBSTATION_NAME": "CARRBORO", "wmType": "SECONDARY UNDERGROUND", "WKT": "LINESTRING (-79.07510304525306 35.89451975502462, -79.07501193231215 35.8944700056922, -79.07500518609426 35.894450517248345)" }, "geometry": { "type": "LineString", "coordinates": [ [ -79.075103045253059, 35.894519755024618 ], [ -79.075011932312151, 35.894470005692199 ], [ -79.075005186094259, 35.894450517248345 ] ] } },
{ "type": "Feature", "properties": { "FEEDER_NAME": "RSDC", "SUBSTATION_NAME": "CARRBORO", "wmType": "SECONDARY UNDERGROUND", "WKT": "LINESTRING (-79.07500518609426 35.894450517248345, -79.07498002716453 35.894432696726)" }, "geometry": { "type": "LineString", "coordinates": [ [ -79.075005186094259, 35.894450517248345 ], [ -79.074980027164528, 35.894432696726 ] ] } },
{ "type": "Feature", "properties": { "FEEDER_NAME": "RSDC", "SUBSTATION_NAME": "CARRBORO", "wmType": "SECONDARY UNDERGROUND", "WKT": "LINESTRING (-79.07498002716453 35.894432696726, -79.07495587468973 35.894415587613494)" }, "geometry": { "type": "LineString", "coordinates": [ [ -79.074980027164528, 35.894432696726 ], [ -79.074955874689735, 35.894415587613494 ] ] } },
{ "type": "Feature", "properties": { "FEEDER_NAME": "RSDC", "SUBSTATION_NAME": "CARRBORO", "wmType": "SECONDARY UNDERGROUND", "WKT": "LINESTRING (-79.07495587468973 35.894415587613494, -79.07493100729498 35.89439797239993)" }, "geometry": { "type": "LineString", "coordinates": [ [ -79.074955874689735, 35.894415587613494 ], [ -79.074931007294978, 35.894397972399929 ] ] } },
{ "type": "Feature", "properties": { "FEEDER_NAME": "RSDC", "SUBSTATION_NAME": "CARRBORO", "wmType": "SECONDARY UNDERGROUND", "WKT": "LINESTRING (-79.07493100729498 35.89439797239993, -79.0749764166879 35.89436651318157)" }, "geometry": { "type": "LineString", "coordinates": [ [ -79.074931007294978, 35.894397972399929 ], [ -79.074976416687903, 35.894366513181573 ] ] } },
{ "type": "Feature", "properties": { "FEEDER_NAME": "RSDC", "SUBSTATION_NAME": "CARRBORO", "wmType": "SECONDARY UNDERGROUND", "WKT": "LINESTRING (-79.0749764166879 35.89436651318157, -79.0750028418338 35.89438568488893)" }, "geometry": { "type": "LineString", "coordinates": [ [ -79.074976416687903, 35.894366513181573 ], [ -79.075002841833793, 35.894385684888931 ] ] } },
{ "type": "Feature", "properties": { "FEEDER_NAME": "RSDC", "SUBSTATION_NAME": "CARRBORO", "wmType": "SECONDARY UNDERGROUND", "WKT": "LINESTRING (-79.0750028418338 35.89438568488893, -79.07502132199262 35.89440178350883)" }, "geometry": { "type": "LineString", "coordinates": [ [ -79.075002841833793, 35.894385684888931 ], [ -79.075021321992622, 35.894401783508833 ] ] } },
{ "type": "Feature", "properties": { "FEEDER_NAME": "RSDC", "SUBSTATION_NAME": "CARRBORO", "wmType": "SECONDARY UNDERGROUND", "WKT": "LINESTRING (-79.07502132199262 35.89440178350883, -79.07504464013584 35.89441981606131)" }, "geometry": { "type": "LineString", "coordinates": [ [ -79.075021321992622, 35.894401783508833 ], [ -79.075044640135843, 35.894419816061308 ] ] } },
{ "type": "Feature", "properties": { "FEEDER_NAME": "RSDC", "SUBSTATION_NAME": "CARRBORO", "wmType": "SECONDARY UNDERGROUND", "WKT": "LINESTRING (-79.07493100729498 35.89439797239993, -79.074902496539 35.89437777717017)" }, "geometry": { "type": "LineString", "coordinates": [ [ -79.074931007294978, 35.894397972399929 ], [ -79.074902496538996, 35.89437777717017 ] ] } },
{ "type": "Feature", "properties": { "FEEDER_NAME": "RSDC", "SUBSTATION_NAME": "CARRBORO", "wmType": "SECONDARY UNDERGROUND", "WKT": "LINESTRING (-79.07500518609426 35.894450517248345, -79.0748593478296 35.8944103462867)" }, "geometry": { "type": "LineString", "coordinates": [ [ -79.075005186094259, 35.894450517248345 ], [ -79.074859347829602, 35.894410346286698 ] ] } },
{ "type": "Feature", "properties": { "FEEDER_NAME": "RSDC", "SUBSTATION_NAME": "CARRBORO", "wmType": "SECONDARY UNDERGROUND", "WKT": "LINESTRING (-79.07510304525306 35.89451975502462, -79.07512316130408 35.894459391046084, -79.07511193047971 35.89441181159381, -79.0751162672776 35.89436079397933)" }, "geometry": { "type": "LineString", "coordinates": [ [ -79.075103045253059, 35.894519755024618 ], [ -79.075123161304077, 35.894459391046084 ], [ -79.075111930479707, 35.894411811593812 ], [ -79.075116267277593, 35.894360793979331 ] ] } },
{ "type": "Feature", "properties": { "FEEDER_NAME": "RSDC", "SUBSTATION_NAME": "CARRBORO", "wmType": "SECONDARY UNDERGROUND", "WKT": "LINESTRING (-79.0751162672776 35.89436079397933, -79.07508799438094 35.89427478151566, -79.07505145082328 35.89419991430082, -79.07500553100262 35.89414439401193, -79.07502569680346 35.894085141323764)" }, "geometry": { "type": "LineString", "coordinates": [ [ -79.075116267277593, 35.894360793979331 ], [ -79.075087994380937, 35.894274781515662 ], [ -79.075051450823281, 35.89419991430082 ], [ -79.075005531002617, 35.894144394011931 ], [ -79.075025696803465, 35.894085141323764 ] ] } },
{ "type": "Feature", "properties": { "FEEDER_NAME": "RSDC", "SUBSTATION_NAME": "CARRBORO", "wmType": "SECONDARY UNDERGROUND", "WKT": "LINESTRING (-79.07510304525306 35.89451975502462, -79.075350708116 35.89446210336061)" }, "geometry": { "type": "LineString", "coordinates": [ [ -79.075103045253059, 35.894519755024618 ], [ -79.075350708116005, 35.89446210336061 ] ] } },
{ "type": "Feature", "properties": { "FEEDER_NAME": "RSDC", "SUBSTATION_NAME": "CARRBORO", "wmType": "SECONDARY UNDERGROUND", "WKT": "LINESTRING (-79.07565763458959 35.89442484711151, -79.0756568550549 35.894454711539744, -79.07569933582691 35.8946222104306, -79.07584193287356 35.89458473560818)" }, "geometry": { "type": "LineString", "coordinates": [ [ -79.075657634589589, 35.894424847111509 ], [ -79.075656855054902, 35.894454711539744 ], [ -79.075699335826911, 35.894622210430597 ], [ -79.075841932873558, 35.894584735608177 ] ] } },
{ "type": "Feature", "properties": { "FEEDER_NAME": "RSDC", "SUBSTATION_NAME": "CARRBORO", "wmType": "SECONDARY UNDERGROUND", "WKT": "LINESTRING (-79.07584193287356 35.89458473560818, -79.07570361567778 35.894636095130274, -79.07585001344465 35.894788749782286)" }, "geometry": { "type": "LineString", "coordinates": [ [ -79.075841932873558, 35.894584735608177 ], [ -79.075703615677781, 35.894636095130274 ], [ -79.075850013444651, 35.894788749782286 ] ] } },
{ "type": "Feature", "properties": { "FEEDER_NAME": "RSDC", "SUBSTATION_NAME": "CARRBORO", "wmType": "SECONDARY UNDERGROUND", "WKT": "LINESTRING (-79.07610373892841 35.894668691662076, -79.07617293898755 35.89460542441611, -79.07622728268086 35.89454463329303, -79.07626775312245 35.89447517212159, -79.07629009925505 35.89440902105779)" }, "geometry": { "type": "LineString", "coordinates": [ [ -79.07610373892841, 35.894668691662076 ], [ -79.076172938987554, 35.894605424416113 ], [ -79.076227282680861, 35.89454463329303 ], [ -79.076267753122451, 35.894475172121588 ], [ -79.076290099255047, 35.89440902105779 ] ] } },
{ "type": "Feature", "properties": { "FEEDER_NAME": "RSDC", "SUBSTATION_NAME": "CARRBORO", "wmType": "SECONDARY UNDERGROUND", "WKT": "LINESTRING (-79.07565763458959 35.89442484711151, -79.07563912527084 35.894501953784506)" }, "geometry": { "type": "LineString", "coordinates": [ [ -79.075657634589589, 35.894424847111509 ], [ -79.07563912527084, 35.894501953784506 ] ] } },
{ "type": "Feature", "properties": { "FEEDER_NAME": "RSDC", "SUBSTATION_NAME": "CARRBORO", "wmType": "SECONDARY UNDERGROUND", "WKT": "LINESTRING (-79.07563912527084 35.894501953784506, -79.07568440434413 35.89462482447477, -79.07565804220226 35.89467199095652)" }, "geometry": { "type": "LineString", "coordinates": [ [ -79.07563912527084, 35.894501953784506 ], [ -79.07568440434413, 35.894624824474768 ], [ -79.075658042202264, 35.894671990956518 ] ] } },
{ "type": "Feature", "properties": { "FEEDER_NAME": "RSDC", "SUBSTATION_NAME": "CARRBORO", "wmType": "SECONDARY UNDERGROUND", "WKT": "LINESTRING (-79.07565804220226 35.89467199095652, -79.07569081842394 35.8946395758106, -79.07584580965779 35.89479456403009)" }, "geometry": { "type": "LineString", "coordinates": [ [ -79.075658042202264, 35.894671990956518 ], [ -79.075690818423936, 35.894639575810601 ], [ -79.075845809657793, 35.894794564030093 ] ] } },
{ "type": "Feature", "properties": { "FEEDER_NAME": "RSDC", "SUBSTATION_NAME": "CARRBORO", "wmType": "SECONDARY UNDERGROUND", "WKT": "LINESTRING (-79.07584580965779 35.89479456403009, -79.07589166762136 35.89494711434357)" }, "geometry": { "type": "LineString", "coordinates": [ [ -79.075845809657793, 35.894794564030093 ], [ -79.075891667621363, 35.894947114343573 ] ] } },
{ "type": "Feature", "properties": { "FEEDER_NAME": "RSDC", "SUBSTATION_NAME": "CARRBORO", "wmType": "SECONDARY UNDERGROUND", "WKT": "LINESTRING (-79.07550903360615 35.89364543007332, -79.07570896652545 35.893674838437484)" }, "geometry": { "type": "LineString", "coordinates": [ [ -79.075509033606153, 35.89364543007332 ], [ -79.075708966525454, 35.893674838437484 ] ] } },
{ "type": "Feature", "properties": { "FEEDER_NAME": "RSDC", "SUBSTATION_NAME": "CARRBORO", "wmType": "SECONDARY UNDERGROUND", "WKT": "LINESTRING (-79.07570896652545 35.893674838437484, -79.07587877158393 35.89372646263914)" }, "geometry": { "type": "LineString", "coordinates": [ [ -79.075708966525454, 35.893674838437484 ], [ -79.07587877158393, 35.893726462639137 ] ] } },
{ "type": "Feature", "properties": { "FEEDER_NAME": "RSDC", "SUBSTATION_NAME": "CARRBORO", "wmType": "SECONDARY UNDERGROUND", "WKT": "LINESTRING (-79.07587877158393 35.89372646263914, -79.07590109487096 35.893726648843455, -79.07605872786868 35.89375713116457, -79.07597177663818 35.89388744423023)" }, "geometry": { "type": "LineString", "coordinates": [ [ -79.07587877158393, 35.893726462639137 ], [ -79.075901094870957, 35.893726648843455 ], [ -79.076058727868684, 35.89375713116457 ], [ -79.075971776638184, 35.893887444230231 ] ] } },
{ "type": "Feature", "properties": { "FEEDER_NAME": "RSDC", "SUBSTATION_NAME": "CARRBORO", "wmType": "SECONDARY UNDERGROUND", "WKT": "LINESTRING (-79.07597177663818 35.89388744423023, -79.07590376912195 35.893991019849004, -79.0758771018122 35.89399596839648, -79.07585830576247 35.89399743119146, -79.0758300800437 35.89404969307451)" }, "geometry": { "type": "LineString", "coordinates": [ [ -79.075971776638184, 35.893887444230231 ], [ -79.07590376912195, 35.893991019849004 ], [ -79.075877101812196, 35.893995968396482 ], [ -79.075858305762466, 35.893997431191458 ], [ -79.075830080043701, 35.894049693074507 ] ] } },
{ "type": "Feature", "properties": { "FEEDER_NAME": "RSDC", "SUBSTATION_NAME": "CARRBORO", "wmType": "SECONDARY UNDERGROUND", "WKT": "LINESTRING (-79.0758300800437 35.89404969307451, -79.07567893369769 35.894135636540405)" }, "geometry": { "type": "LineString", "coordinates": [ [ -79.075830080043701, 35.894049693074507 ], [ -79.075678933697688, 35.894135636540405 ] ] } },
{ "type": "Feature", "properties": { "FEEDER_NAME": "RSDC", "SUBSTATION_NAME": "CARRBORO", "wmType": "SECONDARY UNDERGROUND", "WKT": "LINESTRING (-79.07567893369769 35.894135636540405, -79.07582422912904 35.894060189742184, -79.07621673387126 35.89422975705201)" }, "geometry": { "type": "LineString", "coordinates": [ [ -79.075678933697688, 35.894135636540405 ], [ -79.07582422912904, 35.894060189742184 ], [ -79.076216733871263, 35.89422975705201 ] ] } },
{ "type": "Feature", "properties": { "FEEDER_NAME": "RSDC", "SUBSTATION_NAME": "CARRBORO", "wmType": "SECONDARY UNDERGROUND", "WKT": "LINESTRING (-79.07273440660859 35.891287483986495, -79.07292037177055 35.89109714715689)" }, "geometry": { "type": "LineString", "coordinates": [ [ -79.072734406608589, 35.891287483986495 ], [ -79.07292037177055, 35.891097147156891 ] ] } },
{ "type": "Feature", "properties": { "FEEDER_NAME": "RSDC", "SUBSTATION_NAME": "CARRBORO", "wmType": "SECONDARY UNDERGROUND", "WKT": "LINESTRING (-79.07273440660859 35.891287483986495, -79.07278042307186 35.8915152696384, -79.07297509088967 35.89159527882559)" }, "geometry": { "type": "LineString", "coordinates": [ [ -79.072734406608589, 35.891287483986495 ], [ -79.072780423071862, 35.891515269638397 ], [ -79.07297509088967, 35.891595278825591 ] ] } },
{ "type": "Feature", "properties": { "FEEDER_NAME": "RSDC", "SUBSTATION_NAME": "CARRBORO", "wmType": "SECONDARY UNDERGROUND", "WKT": "LINESTRING (-79.07273440660859 35.891287483986495, -79.07285521593035 35.89129276207123)" }, "geometry": { "type": "LineString", "coordinates": [ [ -79.072734406608589, 35.891287483986495 ], [ -79.072855215930346, 35.891292762071231 ] ] } },
{ "type": "Feature", "properties": { "FEEDER_NAME": "RSDC", "SUBSTATION_NAME": "CARRBORO", "wmType": "SECONDARY UNDERGROUND", "WKT": "LINESTRING (-79.07273440660859 35.891287483986495, -79.07272705235529 35.891270851104736)" }, "geometry": { "type": "LineString", "coordinates": [ [ -79.072734406608589, 35.891287483986495 ], [ -79.07272705235529, 35.891270851104736 ] ] } },
{ "type": "Feature", "properties": { "FEEDER_NAME": "RSDC", "SUBSTATION_NAME": "CARRBORO", "wmType": "SECONDARY UNDERGROUND", "WKT": "LINESTRING (-79.07273440660859 35.891287483986495, -79.07273094750546 35.89124820969848, -79.0727213818491 35.8910402689421, -79.0728759952315 35.89090090817208)" }, "geometry": { "type": "LineString", "coordinates": [ [ -79.072734406608589, 35.891287483986495 ], [ -79.072730947505462, 35.891248209698482 ], [ -79.072721381849107, 35.891040268942099 ], [ -79.072875995231499, 35.890900908172078 ] ] } },
{ "type": "Feature", "properties": { "FEEDER_NAME": "RSDC", "SUBSTATION_NAME": "CARRBORO", "wmType": "SECONDARY UNDERGROUND", "WKT": "LINESTRING (-79.0725564218927 35.891275126668155, -79.07233937092755 35.89120265691193)" }, "geometry": { "type": "LineString", "coordinates": [ [ -79.072556421892699, 35.891275126668155 ], [ -79.072339370927551, 35.891202656911929 ] ] } },
{ "type": "Feature", "properties": { "FEEDER_NAME": "RSDC", "SUBSTATION_NAME": "CARRBORO", "wmType": "SECONDARY UNDERGROUND", "WKT": "LINESTRING (-79.0725564218927 35.891275126668155, -79.07253194366317 35.89123777204381, -79.07250336602507 35.89106710720287, -79.07232545297 35.89092266082789)" }, "geometry": { "type": "LineString", "coordinates": [ [ -79.072556421892699, 35.891275126668155 ], [ -79.072531943663165, 35.891237772043809 ], [ -79.072503366025074, 35.891067107202872 ], [ -79.072325452970006, 35.89092266082789 ] ] } },
{ "type": "Feature", "properties": { "FEEDER_NAME": "RSDC", "SUBSTATION_NAME": "CARRBORO", "wmType": "SECONDARY UNDERGROUND", "WKT": "LINESTRING (-79.0725564218927 35.891275126668155, -79.07237927654784 35.89135146011817)" }, "geometry": { "type": "LineString", "coordinates": [ [ -79.072556421892699, 35.891275126668155 ], [ -79.072379276547835, 35.891351460118173 ] ] } },
{ "type": "Feature", "properties": { "FEEDER_NAME": "RSDC", "SUBSTATION_NAME": "CARRBORO", "wmType": "SECONDARY UNDERGROUND", "WKT": "LINESTRING (-79.0725564218927 35.891275126668155, -79.07253518923038 35.891297158277446, -79.07256939672271 35.89149440926815, -79.07238897681394 35.8916166140952)" }, "geometry": { "type": "LineString", "coordinates": [ [ -79.072556421892699, 35.891275126668155 ], [ -79.072535189230379, 35.891297158277446 ], [ -79.072569396722713, 35.891494409268148 ], [ -79.07238897681394, 35.891616614095199 ] ] } },
{ "type": "Feature", "properties": { "FEEDER_NAME": "RSDC", "SUBSTATION_NAME": "CARRBORO", "wmType": "SECONDARY UNDERGROUND", "WKT": "LINESTRING (-79.0726883096425 35.892092541772726, -79.07276936996593 35.892259307697564, -79.07258910738767 35.89242873045807)" }, "geometry": { "type": "LineString", "coordinates": [ [ -79.072688309642501, 35.892092541772726 ], [ -79.072769369965926, 35.892259307697564 ], [ -79.072589107387671, 35.892428730458072 ] ] } },
{ "type": "Feature", "properties": { "FEEDER_NAME": "RSDC", "SUBSTATION_NAME": "CARRBORO", "wmType": "SECONDARY UNDERGROUND", "WKT": "LINESTRING (-79.0726883096425 35.892092541772726, -79.07284645732136 35.89194447865316, -79.07308703720815 35.89204122096761)" }, "geometry": { "type": "LineString", "coordinates": [ [ -79.072688309642501, 35.892092541772726 ], [ -79.072846457321361, 35.891944478653159 ], [ -79.073087037208154, 35.892041220967613 ] ] } },
{ "type": "Feature", "properties": { "FEEDER_NAME": "RSDC", "SUBSTATION_NAME": "CARRBORO", "wmType": "SECONDARY UNDERGROUND", "WKT": "LINESTRING (-79.0726883096425 35.892092541772726, -79.0724620563874 35.89206108188582)" }, "geometry": { "type": "LineString", "coordinates": [ [ -79.072688309642501, 35.892092541772726 ], [ -79.072462056387394, 35.892061081885821 ] ] } },
{ "type": "Feature", "properties": { "FEEDER_NAME": "RSDC", "SUBSTATION_NAME": "CARRBORO", "wmType": "SECONDARY UNDERGROUND", "WKT": "LINESTRING (-79.0726883096425 35.892092541772726, -79.07251232764574 35.89219451693704)" }, "geometry": { "type": "LineString", "coordinates": [ [ -79.072688309642501, 35.892092541772726 ], [ -79.07251232764574, 35.892194516937039 ] ] } },
{ "type": "Feature", "properties": { "FEEDER_NAME": "RSDC", "SUBSTATION_NAME": "CARRBORO", "wmType": "SECONDARY UNDERGROUND", "WKT": "LINESTRING (-79.0726883096425 35.892092541772726, -79.07282767212895 35.89191205806802, -79.07284314664278 35.89185739074872)" }, "geometry": { "type": "LineString", "coordinates": [ [ -79.072688309642501, 35.892092541772726 ], [ -79.072827672128952, 35.891912058068023 ], [ -79.072843146642782, 35.891857390748719 ] ] } },
{ "type": "Feature", "properties": { "FEEDER_NAME": "RSDC", "SUBSTATION_NAME": "CARRBORO", "wmType": "SECONDARY UNDERGROUND", "WKT": "LINESTRING (-79.0726883096425 35.892092541772726, -79.07265589835917 35.89206538120789, -79.07262370639835 35.89192362628113, -79.07244076045352 35.891843608681356)" }, "geometry": { "type": "LineString", "coordinates": [ [ -79.072688309642501, 35.892092541772726 ], [ -79.072655898359173, 35.892065381207892 ], [ -79.072623706398346, 35.891923626281127 ], [ -79.072440760453517, 35.891843608681356 ] ] } },
{ "type": "Feature", "properties": { "FEEDER_NAME": "RSDC", "SUBSTATION_NAME": "CARRBORO", "wmType": "SECONDARY UNDERGROUND", "WKT": "LINESTRING (-79.0726883096425 35.892092541772726, -79.0728253495804 35.89193686077341, -79.0729604350139 35.89185099978078)" }, "geometry": { "type": "LineString", "coordinates": [ [ -79.072688309642501, 35.892092541772726 ], [ -79.072825349580398, 35.891936860773413 ], [ -79.072960435013897, 35.891850999780779 ] ] } },
{ "type": "Feature", "properties": { "FEEDER_NAME": "RSDC", "SUBSTATION_NAME": "CARRBORO", "wmType": "SECONDARY UNDERGROUND", "WKT": "LINESTRING (-79.07309422205634 35.89249721224895, -79.07337709322562 35.892791213389835)" }, "geometry": { "type": "LineString", "coordinates": [ [ -79.073094222056341, 35.892497212248948 ], [ -79.073377093225616, 35.892791213389835 ] ] } },
{ "type": "Feature", "properties": { "FEEDER_NAME": "RSDC", "SUBSTATION_NAME": "CARRBORO", "wmType": "SECONDARY UNDERGROUND", "WKT": "LINESTRING (-79.07309422205634 35.89249721224895, -79.07310740574952 35.892722694673274)" }, "geometry": { "type": "LineString", "coordinates": [ [ -79.073094222056341, 35.892497212248948 ], [ -79.073107405749525, 35.892722694673274 ] ] } },
{ "type": "Feature", "properties": { "FEEDER_NAME": "RSDC", "SUBSTATION_NAME": "CARRBORO", "wmType": "SECONDARY UNDERGROUND", "WKT": "LINESTRING (-79.07309422205634 35.89249721224895, -79.07290328243288 35.892560656059075)" }, "geometry": { "type": "LineString", "coordinates": [ [ -79.073094222056341, 35.892497212248948 ], [ -79.072903282432875, 35.892560656059075 ] ] } },
{ "type": "Feature", "properties": { "FEEDER_NAME": "RSDC", "SUBSTATION_NAME": "CARRBORO", "wmType": "SECONDARY UNDERGROUND", "WKT": "LINESTRING (-79.07309422205634 35.89249721224895, -79.07326419939359 35.892400187146684, -79.0732359402158 35.89226284464686)" }, "geometry": { "type": "LineString", "coordinates": [ [ -79.073094222056341, 35.892497212248948 ], [ -79.073264199393591, 35.892400187146684 ], [ -79.073235940215795, 35.892262844646858 ] ] } },
{ "type": "Feature", "properties": { "FEEDER_NAME": "RSDC", "SUBSTATION_NAME": "CARRBORO", "wmType": "SECONDARY UNDERGROUND", "WKT": "LINESTRING (-79.07309422205634 35.89249721224895, -79.0733087566658 35.89241160700226, -79.07351259741542 35.89226267825442)" }, "geometry": { "type": "LineString", "coordinates": [ [ -79.073094222056341, 35.892497212248948 ], [ -79.073308756665796, 35.892411607002259 ], [ -79.073512597415416, 35.892262678254419 ] ] } },
{ "type": "Feature", "properties": { "FEEDER_NAME": "RSDC", "SUBSTATION_NAME": "CARRBORO", "wmType": "SECONDARY UNDERGROUND", "WKT": "LINESTRING (-79.07309422205634 35.89249721224895, -79.07329468068838 35.892402076908546, -79.07332038467251 35.89236374231862)" }, "geometry": { "type": "LineString", "coordinates": [ [ -79.073094222056341, 35.892497212248948 ], [ -79.073294680688377, 35.892402076908546 ], [ -79.073320384672513, 35.892363742318622 ] ] } },
{ "type": "Feature", "properties": { "FEEDER_NAME": "RSDC", "SUBSTATION_NAME": "CARRBORO", "wmType": "SECONDARY UNDERGROUND", "WKT": "LINESTRING (-79.07410167859514 35.892914780181776, -79.07390706059266 35.89289391306738, -79.07391649858818 35.89295877092782, -79.07392593025405 35.89301790638136, -79.0739151539443 35.89305205357989, -79.07387584583469 35.893080975145494)" }, "geometry": { "type": "LineString", "coordinates": [ [ -79.074101678595142, 35.892914780181776 ], [ -79.07390706059266, 35.892893913067383 ], [ -79.073916498588176, 35.89295877092782 ], [ -79.073925930254049, 35.89301790638136 ], [ -79.073915153944299, 35.893052053579893 ], [ -79.073875845834692, 35.893080975145494 ] ] } },
{ "type": "Feature", "properties": { "FEEDER_NAME": "RSDC", "SUBSTATION_NAME": "CARRBORO", "wmType": "SECONDARY UNDERGROUND", "WKT": "LINESTRING (-79.07410167859514 35.892914780181776, -79.07389295479146 35.892851950371195, -79.07384828731223 35.892720341282455, -79.07381301538064 35.8926058964188, -79.07375367909536 35.892583174258625)" }, "geometry": { "type": "LineString", "coordinates": [ [ -79.074101678595142, 35.892914780181776 ], [ -79.073892954791461, 35.892851950371195 ], [ -79.073848287312231, 35.892720341282455 ], [ -79.073813015380637, 35.8926058964188 ], [ -79.073753679095361, 35.892583174258625 ] ] } },
{ "type": "Feature", "properties": { "FEEDER_NAME": "RSDC", "SUBSTATION_NAME": "CARRBORO", "wmType": "SECONDARY UNDERGROUND", "WKT": "LINESTRING (-79.07410167859514 35.892914780181776, -79.0738671893541 35.89287867535535, -79.07370067385885 35.892823450131004)" }, "geometry": { "type": "LineString", "coordinates": [ [ -79.074101678595142, 35.892914780181776 ], [ -79.073867189354104, 35.892878675355348 ], [ -79.073700673858852, 35.892823450131004 ] ] } },
{ "type": "Feature", "properties": { "FEEDER_NAME": "RSDC", "SUBSTATION_NAME": "CARRBORO", "wmType": "SECONDARY UNDERGROUND", "WKT": "LINESTRING (-79.07410167859514 35.892914780181776, -79.07431047052359 35.8930501045492)" }, "geometry": { "type": "LineString", "coordinates": [ [ -79.074101678595142, 35.892914780181776 ], [ -79.074310470523585, 35.893050104549197 ] ] } },
{ "type": "Feature", "properties": { "FEEDER_NAME": "RSDC", "SUBSTATION_NAME": "CARRBORO", "wmType": "SECONDARY UNDERGROUND", "WKT": "LINESTRING (-79.07410167859514 35.892914780181776, -79.07426101877698 35.89281547985468)" }, "geometry": { "type": "LineString", "coordinates": [ [ -79.074101678595142, 35.892914780181776 ], [ -79.07426101877698, 35.892815479854683 ] ] } },
{ "type": "Feature", "properties": { "FEEDER_NAME": "RSDC", "SUBSTATION_NAME": "CARRBORO", "wmType": "SECONDARY UNDERGROUND", "WKT": "LINESTRING (-79.07247689518636 35.89043467235834, -79.07250843422703 35.89032012963024)" }, "geometry": { "type": "LineString", "coordinates": [ [ -79.072476895186355, 35.890434672358339 ], [ -79.072508434227032, 35.89032012963024 ] ] } },
{ "type": "Feature", "properties": { "FEEDER_NAME": "RSDC", "SUBSTATION_NAME": "CARRBORO", "wmType": "SECONDARY UNDERGROUND", "WKT": "LINESTRING (-79.07247689518636 35.89043467235834, -79.07231982945726 35.89032509152931)" }, "geometry": { "type": "LineString", "coordinates": [ [ -79.072476895186355, 35.890434672358339 ], [ -79.072319829457257, 35.890325091529313 ] ] } },
{ "type": "Feature", "properties": { "FEEDER_NAME": "RSDC", "SUBSTATION_NAME": "CARRBORO", "wmType": "SECONDARY UNDERGROUND", "WKT": "LINESTRING (-79.07247689518636 35.89043467235834, -79.0722120983728 35.89045488442253, -79.07207367869309 35.89035003853481)" }, "geometry": { "type": "LineString", "coordinates": [ [ -79.072476895186355, 35.890434672358339 ], [ -79.072212098372802, 35.890454884422532 ], [ -79.072073678693087, 35.890350038534812 ] ] } },
{ "type": "Feature", "properties": { "FEEDER_NAME": "RSDC", "SUBSTATION_NAME": "CARRBORO", "wmType": "SECONDARY UNDERGROUND", "WKT": "LINESTRING (-79.07247689518636 35.89043467235834, -79.07240448147415 35.8906054837504, -79.07225687797735 35.89071622321387)" }, "geometry": { "type": "LineString", "coordinates": [ [ -79.072476895186355, 35.890434672358339 ], [ -79.072404481474152, 35.890605483750399 ], [ -79.072256877977352, 35.890716223213872 ] ] } },
{ "type": "Feature", "properties": { "FEEDER_NAME": "RSDC", "SUBSTATION_NAME": "CARRBORO", "wmType": "SECONDARY UNDERGROUND", "WKT": "LINESTRING (-79.07300765918534 35.89036973379212, -79.07312427611105 35.890569839367224, -79.07287600146607 35.89065858664487)" }, "geometry": { "type": "LineString", "coordinates": [ [ -79.073007659185336, 35.89036973379212 ], [ -79.073124276111045, 35.890569839367224 ], [ -79.072876001466071, 35.890658586644868 ] ] } },
{ "type": "Feature", "properties": { "FEEDER_NAME": "RSDC", "SUBSTATION_NAME": "CARRBORO", "wmType": "SECONDARY UNDERGROUND", "WKT": "LINESTRING (-79.07300765918534 35.89036973379212, -79.07313116990575 35.89055010106519, -79.07323455641283 35.890710875904155)" }, "geometry": { "type": "LineString", "coordinates": [ [ -79.073007659185336, 35.89036973379212 ], [ -79.07313116990575, 35.890550101065188 ], [ -79.073234556412828, 35.890710875904155 ] ] } },
{ "type": "Feature", "properties": { "FEEDER_NAME": "RSDC", "SUBSTATION_NAME": "CARRBORO", "wmType": "SECONDARY UNDERGROUND", "WKT": "LINESTRING (-79.07300765918534 35.89036973379212, -79.07287059471521 35.890240722083064)" }, "geometry": { "type": "LineString", "coordinates": [ [ -79.073007659185336, 35.89036973379212 ], [ -79.072870594715212, 35.890240722083064 ] ] } },
{ "type": "Feature", "properties": { "FEEDER_NAME": "RSDC", "SUBSTATION_NAME": "CARRBORO", "wmType": "SECONDARY UNDERGROUND", "WKT": "LINESTRING (-79.07300765918534 35.89036973379212, -79.07307184858342 35.890264087124976)" }, "geometry": { "type": "LineString", "coordinates": [ [ -79.073007659185336, 35.89036973379212 ], [ -79.073071848583425, 35.890264087124976 ] ] } },
{ "type": "Feature", "properties": { "FEEDER_NAME": "RSDC", "SUBSTATION_NAME": "CARRBORO", "wmType": "SECONDARY UNDERGROUND", "WKT": "LINESTRING (-79.07300765918534 35.89036973379212, -79.07309608761264 35.890565940070815, -79.0729578116263 35.89057997601452, -79.0728380577025 35.89059297595533, -79.07270730288728 35.89060498728973, -79.07265704742787 35.890609056899606)" }, "geometry": { "type": "LineString", "coordinates": [ [ -79.073007659185336, 35.89036973379212 ], [ -79.07309608761264, 35.890565940070815 ], [ -79.072957811626296, 35.890579976014521 ], [ -79.072838057702498, 35.890592975955329 ], [ -79.072707302887281, 35.890604987289727 ], [ -79.072657047427867, 35.890609056899606 ] ] } },
{ "type": "Feature", "properties": { "FEEDER_NAME": "RSDC", "SUBSTATION_NAME": "CARRBORO", "wmType": "SECONDARY UNDERGROUND", "WKT": "LINESTRING (-79.07369625370983 35.8905403810844, -79.0738575190152 35.89048326852639)" }, "geometry": { "type": "LineString", "coordinates": [ [ -79.073696253709826, 35.890540381084399 ], [ -79.073857519015206, 35.890483268526388 ] ] } },
{ "type": "Feature", "properties": { "FEEDER_NAME": "RSDC", "SUBSTATION_NAME": "CARRBORO", "wmType": "SECONDARY UNDERGROUND", "WKT": "LINESTRING (-79.07369625370983 35.8905403810844, -79.07363736518903 35.890579446947335, -79.07351977001245 35.89051804496428, -79.0733877485226 35.89048033525411, -79.0732948525132 35.890462491095974, -79.07335454341968 35.89025063757576, -79.07341229019742 35.89024240452797)" }, "geometry": { "type": "LineString", "coordinates": [ [ -79.073696253709826, 35.890540381084399 ], [ -79.073637365189029, 35.890579446947335 ], [ -79.073519770012453, 35.890518044964281 ], [ -79.073387748522606, 35.890480335254111 ], [ -79.0732948525132, 35.890462491095974 ], [ -79.073354543419683, 35.890250637575761 ], [ -79.073412290197425, 35.890242404527967 ] ] } },
{ "type": "Feature", "properties": { "FEEDER_NAME": "RSDC", "SUBSTATION_NAME": "CARRBORO", "wmType": "SECONDARY UNDERGROUND", "WKT": "LINESTRING (-79.07369625370983 35.8905403810844, -79.07360413863323 35.890396318215906)" }, "geometry": { "type": "LineString", "coordinates": [ [ -79.073696253709826, 35.890540381084399 ], [ -79.073604138633229, 35.890396318215906 ] ] } },
{ "type": "Feature", "properties": { "FEEDER_NAME": "RSDC", "SUBSTATION_NAME": "CARRBORO", "wmType": "SECONDARY UNDERGROUND", "WKT": "LINESTRING (-79.07369625370983 35.8905403810844, -79.07347809422552 35.89041597244238, -79.07346408601862 35.890446498315846)" }, "geometry": { "type": "LineString", "coordinates": [ [ -79.073696253709826, 35.890540381084399 ], [ -79.073478094225521, 35.890415972442383 ], [ -79.073464086018618, 35.890446498315846 ] ] } },
{ "type": "Feature", "properties": { "FEEDER_NAME": "RSDC", "SUBSTATION_NAME": "CARRBORO", "wmType": "SECONDARY UNDERGROUND", "WKT": "LINESTRING (-79.07474518029423 35.89058937172817, -79.07465386093314 35.8905317573607)" }, "geometry": { "type": "LineString", "coordinates": [ [ -79.074745180294229, 35.890589371728169 ], [ -79.07465386093314, 35.890531757360698 ] ] } },
{ "type": "Feature", "properties": { "FEEDER_NAME": "RSDC", "SUBSTATION_NAME": "CARRBORO", "wmType": "SECONDARY UNDERGROUND", "WKT": "LINESTRING (-79.07474518029423 35.89058937172817, -79.07461836966922 35.89052900574501, -79.07454871200157 35.89053203166546, -79.07450968653659 35.89042870145072, -79.0743738444645 35.89025020789144)" }, "geometry": { "type": "LineString", "coordinates": [ [ -79.074745180294229, 35.890589371728169 ], [ -79.074618369669224, 35.890529005745009 ], [ -79.074548712001572, 35.890532031665458 ], [ -79.074509686536587, 35.890428701450723 ], [ -79.074373844464503, 35.890250207891441 ] ] } },
{ "type": "Feature", "properties": { "FEEDER_NAME": "RSDC", "SUBSTATION_NAME": "CARRBORO", "wmType": "SECONDARY UNDERGROUND", "WKT": "LINESTRING (-79.07474518029423 35.89058937172817, -79.07491100129812 35.890393190147655)" }, "geometry": { "type": "LineString", "coordinates": [ [ -79.074745180294229, 35.890589371728169 ], [ -79.074911001298119, 35.890393190147655 ] ] } },
{ "type": "Feature", "properties": { "FEEDER_NAME": "RSDC", "SUBSTATION_NAME": "CARRBORO", "wmType": "SECONDARY UNDERGROUND", "WKT": "LINESTRING (-79.07474518029423 35.89058937172817, -79.07465685733368 35.89052003219521, -79.0745606162611 35.89051934476926, -79.07462202144146 35.8902111468058)" }, "geometry": { "type": "LineString", "coordinates": [ [ -79.074745180294229, 35.890589371728169 ], [ -79.074656857333679, 35.890520032195212 ], [ -79.074560616261095, 35.89051934476926 ], [ -79.074622021441456, 35.890211146805797 ] ] } },
{ "type": "Feature", "properties": { "FEEDER_NAME": "RSDC", "SUBSTATION_NAME": "CARRBORO", "wmType": "SECONDARY UNDERGROUND", "WKT": "LINESTRING (-79.07474518029423 35.89058937172817, -79.07498480743149 35.89054462968798)" }, "geometry": { "type": "LineString", "coordinates": [ [ -79.074745180294229, 35.890589371728169 ], [ -79.074984807431491, 35.89054462968798 ] ] } },
{ "type": "Feature", "properties": { "FEEDER_NAME": "RSDC", "SUBSTATION_NAME": "CARRBORO", "wmType": "SECONDARY UNDERGROUND", "WKT": "LINESTRING (-79.07474518029423 35.89058937172817, -79.07475425184313 35.890606114301306, -79.07475512812553 35.890612249878835, -79.07476125374049 35.89065094744959, -79.07493441523513 35.89083098230832)" }, "geometry": { "type": "LineString", "coordinates": [ [ -79.074745180294229, 35.890589371728169 ], [ -79.074754251843132, 35.890606114301306 ], [ -79.074755128125531, 35.890612249878835 ], [ -79.07476125374049, 35.890650947449593 ], [ -79.074934415235134, 35.890830982308323 ] ] } },
{ "type": "Feature", "properties": { "FEEDER_NAME": "RSDC", "SUBSTATION_NAME": "CARRBORO", "wmType": "SECONDARY UNDERGROUND", "WKT": "LINESTRING (-79.07474518029423 35.89058937172817, -79.0747417964615 35.89062169746081, -79.07473688142726 35.890637983527654, -79.07474515122297 35.89068244636274, -79.07459224060985 35.89089138414616)" }, "geometry": { "type": "LineString", "coordinates": [ [ -79.074745180294229, 35.890589371728169 ], [ -79.074741796461495, 35.890621697460809 ], [ -79.074736881427256, 35.890637983527654 ], [ -79.07474515122297, 35.890682446362739 ], [ -79.074592240609846, 35.890891384146158 ] ] } },
{ "type": "Feature", "properties": { "FEEDER_NAME": "RSDC", "SUBSTATION_NAME": "CARRBORO", "wmType": "SECONDARY UNDERGROUND", "WKT": "LINESTRING (-79.07407049194279 35.89099515522753, -79.0743761888934 35.89114234952632)" }, "geometry": { "type": "LineString", "coordinates": [ [ -79.074070491942791, 35.890995155227529 ], [ -79.074376188893396, 35.891142349526319 ] ] } },
{ "type": "Feature", "properties": { "FEEDER_NAME": "RSDC", "SUBSTATION_NAME": "CARRBORO", "wmType": "SECONDARY UNDERGROUND", "WKT": "LINESTRING (-79.07407049194279 35.89099515522753, -79.07435111261456 35.890938681535445)" }, "geometry": { "type": "LineString", "coordinates": [ [ -79.074070491942791, 35.890995155227529 ], [ -79.074351112614565, 35.890938681535445 ] ] } },
{ "type": "Feature", "properties": { "FEEDER_NAME": "RSDC", "SUBSTATION_NAME": "CARRBORO", "wmType": "SECONDARY UNDERGROUND", "WKT": "LINESTRING (-79.07407049194279 35.89099515522753, -79.07385843044446 35.89099189126947, -79.07362709426697 35.89109007102019)" }, "geometry": { "type": "LineString", "coordinates": [ [ -79.074070491942791, 35.890995155227529 ], [ -79.07385843044446, 35.890991891269472 ], [ -79.073627094266968, 35.891090071020187 ] ] } },
{ "type": "Feature", "properties": { "FEEDER_NAME": "RSDC", "SUBSTATION_NAME": "CARRBORO", "wmType": "SECONDARY UNDERGROUND", "WKT": "LINESTRING (-79.07407049194279 35.89099515522753, -79.07384438667772 35.89101860826879, -79.07385151551144 35.891121623601336, -79.0738515713253 35.89118267194554, -79.07384693736286 35.8912437249299, -79.07381888855214 35.89133722208847, -79.07365015598565 35.891417450454064)" }, "geometry": { "type": "LineString", "coordinates": [ [ -79.074070491942791, 35.890995155227529 ], [ -79.07384438667772, 35.891018608268787 ], [ -79.073851515511436, 35.891121623601336 ], [ -79.073851571325307, 35.891182671945543 ], [ -79.073846937362859, 35.8912437249299 ], [ -79.07381888855214, 35.891337222088467 ], [ -79.073650155985646, 35.891417450454064 ] ] } },
{ "type": "Feature", "properties": { "FEEDER_NAME": "RSDC", "SUBSTATION_NAME": "CARRBORO", "wmType": "SECONDARY UNDERGROUND", "WKT": "LINESTRING (-79.07407049194279 35.89099515522753, -79.07403419479165 35.890977414256795, -79.073979125893 35.89083453065141)" }, "geometry": { "type": "LineString", "coordinates": [ [ -79.074070491942791, 35.890995155227529 ], [ -79.074034194791651, 35.890977414256795 ], [ -79.073979125893004, 35.890834530651411 ] ] } },
{ "type": "Feature", "properties": { "FEEDER_NAME": "RSDC", "SUBSTATION_NAME": "CARRBORO", "wmType": "SECONDARY UNDERGROUND", "WKT": "LINESTRING (-79.07407049194279 35.89099515522753, -79.07354187609485 35.89094247985104)" }, "geometry": { "type": "LineString", "coordinates": [ [ -79.074070491942791, 35.890995155227529 ], [ -79.073541876094851, 35.890942479851041 ] ] } },
{ "type": "Feature", "properties": { "FEEDER_NAME": "RSDC", "SUBSTATION_NAME": "CARRBORO", "wmType": "SECONDARY UNDERGROUND", "WKT": "LINESTRING (-79.0745185089123 35.891446934924716, -79.07481705931616 35.89129843726813)" }, "geometry": { "type": "LineString", "coordinates": [ [ -79.074518508912305, 35.891446934924716 ], [ -79.07481705931616, 35.891298437268127 ] ] } },
{ "type": "Feature", "properties": { "FEEDER_NAME": "RSDC", "SUBSTATION_NAME": "CARRBORO", "wmType": "SECONDARY UNDERGROUND", "WKT": "LINESTRING (-79.0745185089123 35.891446934924716, -79.07483461946397 35.89144374908069)" }, "geometry": { "type": "LineString", "coordinates": [ [ -79.074518508912305, 35.891446934924716 ], [ -79.074834619463971, 35.891443749080693 ] ] } },
{ "type": "Feature", "properties": { "FEEDER_NAME": "RSDC", "SUBSTATION_NAME": "CARRBORO", "wmType": "SECONDARY UNDERGROUND", "WKT": "LINESTRING (-79.07407049194279 35.89099515522753, -79.07386784613699 35.891033856837616, -79.07387733448344 35.89115404068028, -79.07386802408405 35.89122844939384, -79.07385167946602 35.89130095429153, -79.07384596056443 35.891338391827325)" }, "geometry": { "type": "LineString", "coordinates": [ [ -79.074070491942791, 35.890995155227529 ], [ -79.073867846136991, 35.891033856837616 ], [ -79.073877334483441, 35.891154040680277 ], [ -79.073868024084049, 35.891228449393843 ], [ -79.073851679466017, 35.89130095429153 ], [ -79.073845960564427, 35.891338391827325 ] ] } },
{ "type": "Feature", "properties": { "FEEDER_NAME": "RSDC", "SUBSTATION_NAME": "CARRBORO", "wmType": "SECONDARY UNDERGROUND", "WKT": "LINESTRING (-79.0745185089123 35.891446934924716, -79.07455953511682 35.8913160623009)" }, "geometry": { "type": "LineString", "coordinates": [ [ -79.074518508912305, 35.891446934924716 ], [ -79.074559535116819, 35.891316062300902 ] ] } },
{ "type": "Feature", "properties": { "FEEDER_NAME": "RSDC", "SUBSTATION_NAME": "CARRBORO", "wmType": "SECONDARY UNDERGROUND", "WKT": "LINESTRING (-79.0745185089123 35.891446934924716, -79.0742734517597 35.891368044059774)" }, "geometry": { "type": "LineString", "coordinates": [ [ -79.074518508912305, 35.891446934924716 ], [ -79.074273451759694, 35.891368044059774 ] ] } },
{ "type": "Feature", "properties": { "FEEDER_NAME": "RSDC", "SUBSTATION_NAME": "CARRBORO", "wmType": "SECONDARY UNDERGROUND", "WKT": "LINESTRING (-79.07460163393385 35.89160794715846, -79.07486714341601 35.8916074870772, -79.07495526553873 35.89182776247075)" }, "geometry": { "type": "LineString", "coordinates": [ [ -79.074601633933852, 35.891607947158462 ], [ -79.074867143416014, 35.891607487077202 ], [ -79.074955265538733, 35.891827762470747 ] ] } },
{ "type": "Feature", "properties": { "FEEDER_NAME": "RSDC", "SUBSTATION_NAME": "CARRBORO", "wmType": "SECONDARY UNDERGROUND", "WKT": "LINESTRING (-79.07460163393385 35.89160794715846, -79.07446695756909 35.891721888208366)" }, "geometry": { "type": "LineString", "coordinates": [ [ -79.074601633933852, 35.891607947158462 ], [ -79.074466957569086, 35.891721888208366 ] ] } },
{ "type": "Feature", "properties": { "FEEDER_NAME": "RSDC", "SUBSTATION_NAME": "CARRBORO", "wmType": "SECONDARY UNDERGROUND", "WKT": "LINESTRING (-79.07460163393385 35.89160794715846, -79.07472893827423 35.89173920890303)" }, "geometry": { "type": "LineString", "coordinates": [ [ -79.074601633933852, 35.891607947158462 ], [ -79.074728938274234, 35.891739208903033 ] ] } },
{ "type": "Feature", "properties": { "FEEDER_NAME": "RSDC", "SUBSTATION_NAME": "CARRBORO", "wmType": "SECONDARY UNDERGROUND", "WKT": "LINESTRING (-79.07390332045355 35.89185929121057, -79.07405317512735 35.89192438751236)" }, "geometry": { "type": "LineString", "coordinates": [ [ -79.073903320453553, 35.891859291210572 ], [ -79.074053175127347, 35.891924387512361 ] ] } },
{ "type": "Feature", "properties": { "FEEDER_NAME": "RSDC", "SUBSTATION_NAME": "CARRBORO", "wmType": "SECONDARY UNDERGROUND", "WKT": "LINESTRING (-79.07390332045355 35.89185929121057, -79.07402218758722 35.891753047647256)" }, "geometry": { "type": "LineString", "coordinates": [ [ -79.073903320453553, 35.891859291210572 ], [ -79.074022187587218, 35.891753047647256 ] ] } },
{ "type": "Feature", "properties": { "FEEDER_NAME": "RSDC", "SUBSTATION_NAME": "CARRBORO", "wmType": "SECONDARY UNDERGROUND", "WKT": "LINESTRING (-79.07390332045355 35.89185929121057, -79.07370915246139 35.89183712561647, -79.07348140296435 35.89186033201108)" }, "geometry": { "type": "LineString", "coordinates": [ [ -79.073903320453553, 35.891859291210572 ], [ -79.07370915246139, 35.891837125616469 ], [ -79.073481402964347, 35.891860332011078 ] ] } },
{ "type": "Feature", "properties": { "FEEDER_NAME": "RSDC", "SUBSTATION_NAME": "CARRBORO", "wmType": "SECONDARY UNDERGROUND", "WKT": "LINESTRING (-79.07390332045355 35.89185929121057, -79.07371783197414 35.89180426856004, -79.0735167628858 35.89168652751247)" }, "geometry": { "type": "LineString", "coordinates": [ [ -79.073903320453553, 35.891859291210572 ], [ -79.073717831974136, 35.891804268560037 ], [ -79.073516762885802, 35.891686527512469 ] ] } },
{ "type": "Feature", "properties": { "FEEDER_NAME": "RSDC", "SUBSTATION_NAME": "CARRBORO", "wmType": "SECONDARY UNDERGROUND", "WKT": "LINESTRING (-79.07390332045355 35.89185929121057, -79.07371732981069 35.891819613649396)" }, "geometry": { "type": "LineString", "coordinates": [ [ -79.073903320453553, 35.891859291210572 ], [ -79.073717329810691, 35.891819613649396 ] ] } },
{ "type": "Feature", "properties": { "FEEDER_NAME": "RSDC", "SUBSTATION_NAME": "CARRBORO", "wmType": "SECONDARY UNDERGROUND", "WKT": "LINESTRING (-79.07425624833955 35.89229527347216, -79.07443563565879 35.892020356870475)" }, "geometry": { "type": "LineString", "coordinates": [ [ -79.074256248339552, 35.892295273472158 ], [ -79.074435635658787, 35.892020356870475 ] ] } },
{ "type": "Feature", "properties": { "FEEDER_NAME": "RSDC", "SUBSTATION_NAME": "CARRBORO", "wmType": "SECONDARY UNDERGROUND", "WKT": "LINESTRING (-79.07425624833955 35.89229527347216, -79.07438267956273 35.89238356617899)" }, "geometry": { "type": "LineString", "coordinates": [ [ -79.074256248339552, 35.892295273472158 ], [ -79.074382679562731, 35.892383566178992 ] ] } },
{ "type": "Feature", "properties": { "FEEDER_NAME": "RSDC", "SUBSTATION_NAME": "CARRBORO", "wmType": "SECONDARY UNDERGROUND", "WKT": "LINESTRING (-79.07425624833955 35.89229527347216, -79.07423299170637 35.89224809509327)" }, "geometry": { "type": "LineString", "coordinates": [ [ -79.074256248339552, 35.892295273472158 ], [ -79.074232991706367, 35.892248095093272 ] ] } },
{ "type": "Feature", "properties": { "FEEDER_NAME": "RSDC", "SUBSTATION_NAME": "CARRBORO", "wmType": "SECONDARY UNDERGROUND", "WKT": "LINESTRING (-79.07469134299221 35.892495875356175, -79.0747110754498 35.89243295912951)" }, "geometry": { "type": "LineString", "coordinates": [ [ -79.07469134299221, 35.892495875356175 ], [ -79.074711075449798, 35.892432959129508 ] ] } },
{ "type": "Feature", "properties": { "FEEDER_NAME": "RSDC", "SUBSTATION_NAME": "CARRBORO", "wmType": "SECONDARY UNDERGROUND", "WKT": "LINESTRING (-79.07469134299221 35.892495875356175, -79.07465159470944 35.89284854303794)" }, "geometry": { "type": "LineString", "coordinates": [ [ -79.07469134299221, 35.892495875356175 ], [ -79.074651594709437, 35.892848543037942 ] ] } },
{ "type": "Feature", "properties": { "FEEDER_NAME": "RSDC", "SUBSTATION_NAME": "CARRBORO", "wmType": "SECONDARY UNDERGROUND", "WKT": "LINESTRING (-79.07469134299221 35.892495875356175, -79.07455918937013 35.89256271703637)" }, "geometry": { "type": "LineString", "coordinates": [ [ -79.07469134299221, 35.892495875356175 ], [ -79.074559189370135, 35.89256271703637 ] ] } },
{ "type": "Feature", "properties": { "FEEDER_NAME": "RSDC", "SUBSTATION_NAME": "CARRBORO", "wmType": "SECONDARY UNDERGROUND", "WKT": "LINESTRING (-79.0767692210987 35.890296022058294, -79.07658998289037 35.89009080017689)" }, "geometry": { "type": "LineString", "coordinates": [ [ -79.076769221098701, 35.890296022058294 ], [ -79.076589982890368, 35.890090800176893 ] ] } },
{ "type": "Feature", "properties": { "FEEDER_NAME": "RSDC", "SUBSTATION_NAME": "CARRBORO", "wmType": "SECONDARY UNDERGROUND", "WKT": "LINESTRING (-79.0767692210987 35.890296022058294, -79.07673999355279 35.89029095165358, -79.07625053041131 35.8902963302339)" }, "geometry": { "type": "LineString", "coordinates": [ [ -79.076769221098701, 35.890296022058294 ], [ -79.076739993552792, 35.890290951653583 ], [ -79.076250530411315, 35.890296330233902 ] ] } },
{ "type": "Feature", "properties": { "FEEDER_NAME": "RSDC", "SUBSTATION_NAME": "CARRBORO", "wmType": "SECONDARY UNDERGROUND", "WKT": "LINESTRING (-79.07625053041131 35.8902963302339, -79.07631830684906 35.8901629598355)" }, "geometry": { "type": "LineString", "coordinates": [ [ -79.076250530411315, 35.890296330233902 ], [ -79.07631830684906, 35.8901629598355 ] ] } },
{ "type": "Feature", "properties": { "FEEDER_NAME": "RSDC", "SUBSTATION_NAME": "CARRBORO", "wmType": "SECONDARY UNDERGROUND", "WKT": "LINESTRING (-79.07625053041131 35.8902963302339, -79.0760742909586 35.89010071458285)" }, "geometry": { "type": "LineString", "coordinates": [ [ -79.076250530411315, 35.890296330233902 ], [ -79.076074290958601, 35.89010071458285 ] ] } },
{ "type": "Feature", "properties": { "FEEDER_NAME": "RSDC", "SUBSTATION_NAME": "CARRBORO", "wmType": "SECONDARY UNDERGROUND", "WKT": "LINESTRING (-79.0767692210987 35.890296022058294, -79.07676788601137 35.89043314362001, -79.07667342703407 35.890434604559935, -79.07666535572228 35.890446314037376)" }, "geometry": { "type": "LineString", "coordinates": [ [ -79.076769221098701, 35.890296022058294 ], [ -79.076767886011368, 35.890433143620008 ], [ -79.076673427034066, 35.890434604559935 ], [ -79.076665355722284, 35.890446314037376 ] ] } },
{ "type": "Feature", "properties": { "FEEDER_NAME": "RSDC", "SUBSTATION_NAME": "CARRBORO", "wmType": "SECONDARY UNDERGROUND", "WKT": "LINESTRING (-79.07666535572228 35.890446314037376, -79.0769299337731 35.890439499422904)" }, "geometry": { "type": "LineString", "coordinates": [ [ -79.076665355722284, 35.890446314037376 ], [ -79.076929933773101, 35.890439499422904 ] ] } },
{ "type": "Feature", "properties": { "FEEDER_NAME": "RSDC", "SUBSTATION_NAME": "CARRBORO", "wmType": "SECONDARY UNDERGROUND", "WKT": "LINESTRING (-79.0769299337731 35.890439499422904, -79.07707429667778 35.89059988104329)" }, "geometry": { "type": "LineString", "coordinates": [ [ -79.076929933773101, 35.890439499422904 ], [ -79.077074296677779, 35.890599881043293 ] ] } },
{ "type": "Feature", "properties": { "FEEDER_NAME": "RSDC", "SUBSTATION_NAME": "CARRBORO", "wmType": "SECONDARY UNDERGROUND", "WKT": "LINESTRING (-79.0769299337731 35.890439499422904, -79.07704043539042 35.89043416424065, -79.07714154037629 35.89043290791799, -79.07719722231448 35.8904316802633, -79.07723975686282 35.890439990453174)" }, "geometry": { "type": "LineString", "coordinates": [ [ -79.076929933773101, 35.890439499422904 ], [ -79.077040435390415, 35.890434164240652 ], [ -79.077141540376289, 35.89043290791799 ], [ -79.077197222314481, 35.890431680263298 ], [ -79.077239756862824, 35.890439990453174 ] ] } },
{ "type": "Feature", "properties": { "FEEDER_NAME": "RSDC", "SUBSTATION_NAME": "CARRBORO", "wmType": "SECONDARY UNDERGROUND", "WKT": "LINESTRING (-79.07666535572228 35.890446314037376, -79.07641330323601 35.89045243343527)" }, "geometry": { "type": "LineString", "coordinates": [ [ -79.076665355722284, 35.890446314037376 ], [ -79.076413303236009, 35.890452433435271 ] ] } },
{ "type": "Feature", "properties": { "FEEDER_NAME": "RSDC", "SUBSTATION_NAME": "CARRBORO", "wmType": "SECONDARY UNDERGROUND", "WKT": "LINESTRING (-79.07666535572228 35.890446314037376, -79.07650700086899 35.89058384601651)" }, "geometry": { "type": "LineString", "coordinates": [ [ -79.076665355722284, 35.890446314037376 ], [ -79.076507000868986, 35.890583846016511 ] ] } },
{ "type": "Feature", "properties": { "FEEDER_NAME": "RSDC", "SUBSTATION_NAME": "CARRBORO", "wmType": "SECONDARY UNDERGROUND", "WKT": "LINESTRING (-79.07666535572228 35.890446314037376, -79.07677681328751 35.89057502844632)" }, "geometry": { "type": "LineString", "coordinates": [ [ -79.076665355722284, 35.890446314037376 ], [ -79.076776813287509, 35.890575028446321 ] ] } },
{ "type": "Feature", "properties": { "FEEDER_NAME": "RSDC", "SUBSTATION_NAME": "CARRBORO", "wmType": "SECONDARY UNDERGROUND", "WKT": "LINESTRING (-79.0767692210987 35.890296022058294, -79.07690824246161 35.89010396367087)" }, "geometry": { "type": "LineString", "coordinates": [ [ -79.076769221098701, 35.890296022058294 ], [ -79.076908242461613, 35.890103963670867 ] ] } },
{ "type": "Feature", "properties": { "FEEDER_NAME": "RSDC", "SUBSTATION_NAME": "CARRBORO", "wmType": "SECONDARY UNDERGROUND", "WKT": "LINESTRING (-79.07554672982594 35.89047336978117, -79.075557359868 35.89045684219545, -79.07555789898038 35.89043875167919, -79.07557454091533 35.89040527394731, -79.07559508326918 35.89038174245002, -79.07561063284608 35.89036816540181, -79.07565174376457 35.89034914481726, -79.07568008035028 35.89033962924227, -79.07572731682842 35.890332816674416, -79.07578401117951 35.89033639932503, -79.07581902954898 35.89034044878138, -79.07582903311481 35.890338632734334, -79.0758373300283 35.89032996599251)" }, "geometry": { "type": "LineString", "coordinates": [ [ -79.075546729825945, 35.890473369781169 ], [ -79.075557359868, 35.890456842195448 ], [ -79.075557898980378, 35.890438751679191 ], [ -79.075574540915326, 35.890405273947309 ], [ -79.075595083269178, 35.890381742450018 ], [ -79.075610632846079, 35.89036816540181 ], [ -79.075651743764567, 35.890349144817257 ], [ -79.075680080350281, 35.89033962924227 ], [ -79.07572731682842, 35.890332816674416 ], [ -79.075784011179508, 35.89033639932503 ], [ -79.075819029548981, 35.89034044878138 ], [ -79.075829033114815, 35.890338632734334 ], [ -79.075837330028307, 35.890329965992507 ] ] } },
{ "type": "Feature", "properties": { "FEEDER_NAME": "RSDC", "SUBSTATION_NAME": "CARRBORO", "wmType": "SECONDARY UNDERGROUND", "WKT": "LINESTRING (-79.0758373300283 35.89032996599251, -79.0758884422842 35.89016064304031)" }, "geometry": { "type": "LineString", "coordinates": [ [ -79.075837330028307, 35.890329965992507 ], [ -79.075888442284196, 35.890160643040311 ] ] } },
{ "type": "Feature", "properties": { "FEEDER_NAME": "RSDC", "SUBSTATION_NAME": "CARRBORO", "wmType": "SECONDARY UNDERGROUND", "WKT": "LINESTRING (-79.0758373300283 35.89032996599251, -79.07551499774846 35.89013280078477)" }, "geometry": { "type": "LineString", "coordinates": [ [ -79.075837330028307, 35.890329965992507 ], [ -79.075514997748456, 35.89013280078477 ] ] } },
{ "type": "Feature", "properties": { "FEEDER_NAME": "RSDC", "SUBSTATION_NAME": "CARRBORO", "wmType": "SECONDARY UNDERGROUND", "WKT": "LINESTRING (-79.07554672982594 35.89047336978117, -79.07533683624126 35.890564001863424)" }, "geometry": { "type": "LineString", "coordinates": [ [ -79.075546729825945, 35.890473369781169 ], [ -79.075336836241263, 35.890564001863424 ] ] } },
{ "type": "Feature", "properties": { "FEEDER_NAME": "RSDC", "SUBSTATION_NAME": "CARRBORO", "wmType": "SECONDARY UNDERGROUND", "WKT": "LINESTRING (-79.07554672982594 35.89047336978117, -79.07545211336807 35.89026598835135)" }, "geometry": { "type": "LineString", "coordinates": [ [ -79.075546729825945, 35.890473369781169 ], [ -79.075452113368073, 35.890265988351352 ] ] } },
{ "type": "Feature", "properties": { "FEEDER_NAME": "RSDC", "SUBSTATION_NAME": "CARRBORO", "wmType": "SECONDARY UNDERGROUND", "WKT": "LINESTRING (-79.07554672982594 35.89047336978117, -79.07558275511651 35.89053782534233, -79.07559355930726 35.89055707151895, -79.07560470229123 35.890566690598455, -79.07561936871643 35.8905810853343)" }, "geometry": { "type": "LineString", "coordinates": [ [ -79.075546729825945, 35.890473369781169 ], [ -79.075582755116514, 35.890537825342328 ], [ -79.075593559307265, 35.890557071518948 ], [ -79.07560470229123, 35.890566690598455 ], [ -79.075619368716431, 35.890581085334297 ] ] } },
{ "type": "Feature", "properties": { "FEEDER_NAME": "RSDC", "SUBSTATION_NAME": "CARRBORO", "wmType": "SECONDARY UNDERGROUND", "WKT": "LINESTRING (-79.07554672982594 35.89047336978117, -79.0755806884124 35.89056047652889, -79.07559636161328 35.890577171686694, -79.07562874140372 35.89059866947892, -79.07566006976717 35.89061393986643, -79.07568652201697 35.8906229825191, -79.0757112297086 35.89062608211314, -79.0757362817032 35.89062663258546, -79.07576446291424 35.890623784074045, -79.07578466978428 35.89062518477618)" }, "geometry": { "type": "LineString", "coordinates": [ [ -79.075546729825945, 35.890473369781169 ], [ -79.075580688412401, 35.89056047652889 ], [ -79.075596361613279, 35.890577171686694 ], [ -79.075628741403719, 35.890598669478919 ], [ -79.075660069767167, 35.890613939866427 ], [ -79.075686522016966, 35.890622982519098 ], [ -79.075711229708602, 35.890626082113137 ], [ -79.0757362817032, 35.890626632585459 ], [ -79.075764462914236, 35.890623784074045 ], [ -79.075784669784284, 35.890625184776177 ] ] } },
{ "type": "Feature", "properties": { "FEEDER_NAME": "RSDC", "SUBSTATION_NAME": "CARRBORO", "wmType": "SECONDARY UNDERGROUND", "WKT": "LINESTRING (-79.07578466978428 35.89062518477618, -79.07560471861284 35.89074507594264)" }, "geometry": { "type": "LineString", "coordinates": [ [ -79.075784669784284, 35.890625184776177 ], [ -79.075604718612837, 35.89074507594264 ] ] } },
{ "type": "Feature", "properties": { "FEEDER_NAME": "RSDC", "SUBSTATION_NAME": "CARRBORO", "wmType": "SECONDARY UNDERGROUND", "WKT": "LINESTRING (-79.07578466978428 35.89062518477618, -79.07602167618181 35.89057616110787)" }, "geometry": { "type": "LineString", "coordinates": [ [ -79.075784669784284, 35.890625184776177 ], [ -79.07602167618181, 35.890576161107873 ] ] } },
{ "type": "Feature", "properties": { "FEEDER_NAME": "RSDC", "SUBSTATION_NAME": "CARRBORO", "wmType": "SECONDARY UNDERGROUND", "WKT": "LINESTRING (-79.07591149881108 35.891223827675795, -79.0759288090131 35.891171858229015, -79.07603891049574 35.891074494221066, -79.0761138249473 35.89095807315323, -79.07630378716186 35.89099227093732)" }, "geometry": { "type": "LineString", "coordinates": [ [ -79.075911498811081, 35.891223827675795 ], [ -79.075928809013107, 35.891171858229015 ], [ -79.07603891049574, 35.891074494221066 ], [ -79.076113824947299, 35.890958073153229 ], [ -79.076303787161862, 35.890992270937318 ] ] } },
{ "type": "Feature", "properties": { "FEEDER_NAME": "RSDC", "SUBSTATION_NAME": "CARRBORO", "wmType": "SECONDARY UNDERGROUND", "WKT": "LINESTRING (-79.07630378716186 35.89099227093732, -79.07629442698824 35.8910198036785)" }, "geometry": { "type": "LineString", "coordinates": [ [ -79.076303787161862, 35.890992270937318 ], [ -79.076294426988241, 35.891019803678503 ] ] } },
{ "type": "Feature", "properties": { "FEEDER_NAME": "RSDC", "SUBSTATION_NAME": "CARRBORO", "wmType": "SECONDARY UNDERGROUND", "WKT": "LINESTRING (-79.07630378716186 35.89099227093732, -79.0765104657831 35.89114423202477)" }, "geometry": { "type": "LineString", "coordinates": [ [ -79.076303787161862, 35.890992270937318 ], [ -79.076510465783102, 35.891144232024772 ] ] } },
{ "type": "Feature", "properties": { "FEEDER_NAME": "RSDC", "SUBSTATION_NAME": "CARRBORO", "wmType": "SECONDARY UNDERGROUND", "WKT": "LINESTRING (-79.07630378716186 35.89099227093732, -79.07655784113061 35.89088148776996)" }, "geometry": { "type": "LineString", "coordinates": [ [ -79.076303787161862, 35.890992270937318 ], [ -79.076557841130608, 35.89088148776996 ] ] } },
{ "type": "Feature", "properties": { "FEEDER_NAME": "RSDC", "SUBSTATION_NAME": "CARRBORO", "wmType": "SECONDARY UNDERGROUND", "WKT": "LINESTRING (-79.07591149881108 35.891223827675795, -79.07577900449115 35.89101511995682)" }, "geometry": { "type": "LineString", "coordinates": [ [ -79.075911498811081, 35.891223827675795 ], [ -79.075779004491153, 35.891015119956819 ] ] } },
{ "type": "Feature", "properties": { "FEEDER_NAME": "RSDC", "SUBSTATION_NAME": "CARRBORO", "wmType": "SECONDARY UNDERGROUND", "WKT": "LINESTRING (-79.07591149881108 35.891223827675795, -79.07589224703267 35.891229981174575, -79.0758238028086 35.89127196796034, -79.07571561134225 35.89133135662325, -79.07559636358343 35.891379365801775, -79.07555011027542 35.891394682460394)" }, "geometry": { "type": "LineString", "coordinates": [ [ -79.075911498811081, 35.891223827675795 ], [ -79.07589224703267, 35.891229981174575 ], [ -79.0758238028086, 35.891271967960343 ], [ -79.075715611342247, 35.891331356623247 ], [ -79.075596363583429, 35.891379365801775 ], [ -79.075550110275415, 35.891394682460394 ] ] } },
{ "type": "Feature", "properties": { "FEEDER_NAME": "RSDC", "SUBSTATION_NAME": "CARRBORO", "wmType": "SECONDARY UNDERGROUND", "WKT": "LINESTRING (-79.07555011027542 35.891394682460394, -79.07558559180198 35.891152208307176)" }, "geometry": { "type": "LineString", "coordinates": [ [ -79.075550110275415, 35.891394682460394 ], [ -79.075585591801982, 35.891152208307176 ] ] } },
{ "type": "Feature", "properties": { "FEEDER_NAME": "RSDC", "SUBSTATION_NAME": "CARRBORO", "wmType": "SECONDARY UNDERGROUND", "WKT": "LINESTRING (-79.07555011027542 35.891394682460394, -79.07525147970628 35.8912943629463)" }, "geometry": { "type": "LineString", "coordinates": [ [ -79.075550110275415, 35.891394682460394 ], [ -79.075251479706282, 35.891294362946297 ] ] } },
{ "type": "Feature", "properties": { "FEEDER_NAME": "RSDC", "SUBSTATION_NAME": "CARRBORO", "wmType": "SECONDARY UNDERGROUND", "WKT": "LINESTRING (-79.07591149881108 35.891223827675795, -79.07597824531571 35.891368318264945)" }, "geometry": { "type": "LineString", "coordinates": [ [ -79.075911498811081, 35.891223827675795 ], [ -79.07597824531571, 35.891368318264945 ] ] } },
{ "type": "Feature", "properties": { "FEEDER_NAME": "RSDC", "SUBSTATION_NAME": "CARRBORO", "wmType": "SECONDARY UNDERGROUND", "WKT": "LINESTRING (-79.07597824531571 35.891368318264945, -79.07622677016413 35.891391067301505)" }, "geometry": { "type": "LineString", "coordinates": [ [ -79.07597824531571, 35.891368318264945 ], [ -79.076226770164126, 35.891391067301505 ] ] } },
{ "type": "Feature", "properties": { "FEEDER_NAME": "RSDC", "SUBSTATION_NAME": "CARRBORO", "wmType": "SECONDARY UNDERGROUND", "WKT": "LINESTRING (-79.07597824531571 35.891368318264945, -79.07593203157107 35.89161299388206)" }, "geometry": { "type": "LineString", "coordinates": [ [ -79.07597824531571, 35.891368318264945 ], [ -79.075932031571071, 35.891612993882063 ] ] } },
{ "type": "Feature", "properties": { "FEEDER_NAME": "RSDC", "SUBSTATION_NAME": "CARRBORO", "wmType": "SECONDARY UNDERGROUND", "WKT": "LINESTRING (-79.0756070280892 35.89239477841994, -79.07566971914466 35.89240253497182, -79.07573301425096 35.892392956243675, -79.07578925130676 35.892358581453394, -79.07582203637833 35.892316589832326, -79.07583370861454 35.89226316470457, -79.07582428596076 35.89221738406986, -79.07578672739277 35.892167805674724, -79.07574918923075 35.89214111959983, -79.0757374275179 35.89209915564941, -79.0757467088523 35.891978944114776)" }, "geometry": { "type": "LineString", "coordinates": [ [ -79.075607028089195, 35.892394778419941 ], [ -79.075669719144656, 35.892402534971822 ], [ -79.075733014250957, 35.892392956243675 ], [ -79.075789251306759, 35.892358581453394 ], [ -79.075822036378327, 35.892316589832326 ], [ -79.075833708614539, 35.892263164704573 ], [ -79.075824285960763, 35.892217384069859 ], [ -79.075786727392767, 35.892167805674724 ], [ -79.075749189230748, 35.892141119599827 ], [ -79.075737427517893, 35.892099155649412 ], [ -79.075746708852293, 35.891978944114776 ] ] } },
{ "type": "Feature", "properties": { "FEEDER_NAME": "RSDC", "SUBSTATION_NAME": "CARRBORO", "wmType": "SECONDARY UNDERGROUND", "WKT": "LINESTRING (-79.0757467088523 35.891978944114776, -79.07602913296294 35.89183788662744)" }, "geometry": { "type": "LineString", "coordinates": [ [ -79.075746708852293, 35.891978944114776 ], [ -79.076029132962944, 35.891837886627442 ] ] } },
{ "type": "Feature", "properties": { "FEEDER_NAME": "RSDC", "SUBSTATION_NAME": "CARRBORO", "wmType": "SECONDARY UNDERGROUND", "WKT": "LINESTRING (-79.0756070280892 35.89239477841994, -79.07568216146247 35.89256324413377)" }, "geometry": { "type": "LineString", "coordinates": [ [ -79.075607028089195, 35.892394778419941 ], [ -79.075682161462467, 35.892563244133768 ] ] } },
{ "type": "Feature", "properties": { "FEEDER_NAME": "RSDC", "SUBSTATION_NAME": "CARRBORO", "wmType": "SECONDARY UNDERGROUND", "WKT": "LINESTRING (-79.0756070280892 35.89239477841994, -79.07557124611556 35.89240068793955, -79.07552433222855 35.89237591567588, -79.07549382236311 35.89234350186205, -79.07547972653065 35.89231298685819, -79.07546330532018 35.89229389377543)" }, "geometry": { "type": "LineString", "coordinates": [ [ -79.075607028089195, 35.892394778419941 ], [ -79.075571246115558, 35.892400687939549 ], [ -79.075524332228554, 35.892375915675878 ], [ -79.075493822363114, 35.892343501862051 ], [ -79.075479726530645, 35.892312986858187 ], [ -79.075463305320184, 35.892293893775431 ] ] } },
{ "type": "Feature", "properties": { "FEEDER_NAME": "RSDC", "SUBSTATION_NAME": "CARRBORO", "wmType": "SECONDARY UNDERGROUND", "WKT": "LINESTRING (-79.07546330532018 35.89229389377543, -79.0753820829667 35.892452075921746)" }, "geometry": { "type": "LineString", "coordinates": [ [ -79.075463305320184, 35.892293893775431 ], [ -79.075382082966698, 35.892452075921746 ] ] } },
{ "type": "Feature", "properties": { "FEEDER_NAME": "RSDC", "SUBSTATION_NAME": "CARRBORO", "wmType": "SECONDARY UNDERGROUND", "WKT": "LINESTRING (-79.07546330532018 35.89229389377543, -79.07530130095991 35.89215378897087)" }, "geometry": { "type": "LineString", "coordinates": [ [ -79.075463305320184, 35.892293893775431 ], [ -79.075301300959907, 35.892153788970873 ] ] } },
{ "type": "Feature", "properties": { "FEEDER_NAME": "RSDC", "SUBSTATION_NAME": "CARRBORO", "wmType": "SECONDARY UNDERGROUND", "WKT": "LINESTRING (-79.07546330532018 35.89229389377543, -79.07547952152188 35.89221094530043, -79.07552646377275 35.89214888907089, -79.07555441809734 35.891956186329814, -79.075552583445 35.891837364295704)" }, "geometry": { "type": "LineString", "coordinates": [ [ -79.075463305320184, 35.892293893775431 ], [ -79.075479521521885, 35.892210945300427 ], [ -79.075526463772746, 35.892148889070889 ], [ -79.07555441809734, 35.891956186329814 ], [ -79.075552583445003, 35.891837364295704 ] ] } },
{ "type": "Feature", "properties": { "FEEDER_NAME": "RSDC", "SUBSTATION_NAME": "CARRBORO", "wmType": "SECONDARY UNDERGROUND", "WKT": "LINESTRING (-79.075552583445 35.891837364295704, -79.07546442036922 35.89177063727194)" }, "geometry": { "type": "LineString", "coordinates": [ [ -79.075552583445003, 35.891837364295704 ], [ -79.075464420369215, 35.891770637271939 ] ] } },
{ "type": "Feature", "properties": { "FEEDER_NAME": "RSDC", "SUBSTATION_NAME": "CARRBORO", "wmType": "SECONDARY UNDERGROUND", "WKT": "LINESTRING (-79.075552583445 35.891837364295704, -79.07538297439918 35.89198180393695)" }, "geometry": { "type": "LineString", "coordinates": [ [ -79.075552583445003, 35.891837364295704 ], [ -79.075382974399176, 35.89198180393695 ] ] } },
{ "type": "Feature", "properties": { "FEEDER_NAME": "RSDC", "SUBSTATION_NAME": "CARRBORO", "wmType": "SECONDARY UNDERGROUND", "WKT": "LINESTRING (-79.075552583445 35.891837364295704, -79.07555662738713 35.89181119498772, -79.07554475698615 35.8916528567595, -79.07552541868323 35.8915985946037)" }, "geometry": { "type": "LineString", "coordinates": [ [ -79.075552583445003, 35.891837364295704 ], [ -79.07555662738713, 35.891811194987717 ], [ -79.075544756986147, 35.891652856759499 ], [ -79.075525418683227, 35.8915985946037 ] ] } },
{ "type": "Feature", "properties": { "FEEDER_NAME": "RSDC", "SUBSTATION_NAME": "CARRBORO", "wmType": "SECONDARY UNDERGROUND", "WKT": "LINESTRING (-79.0756070280892 35.89239477841994, -79.07564167662183 35.89237435852032)" }, "geometry": { "type": "LineString", "coordinates": [ [ -79.075607028089195, 35.892394778419941 ], [ -79.075641676621828, 35.892374358520321 ] ] } },
{ "type": "Feature", "properties": { "FEEDER_NAME": "RSDC", "SUBSTATION_NAME": "CARRBORO", "wmType": "SECONDARY UNDERGROUND", "WKT": "LINESTRING (-79.07623150895519 35.893608470572666, -79.07582491640336 35.893372794742625)" }, "geometry": { "type": "LineString", "coordinates": [ [ -79.076231508955189, 35.893608470572666 ], [ -79.075824916403363, 35.893372794742625 ] ] } },
{ "type": "Feature", "properties": { "FEEDER_NAME": "RSDC", "SUBSTATION_NAME": "CARRBORO", "wmType": "SECONDARY UNDERGROUND", "WKT": "LINESTRING (-79.07623150895519 35.893608470572666, -79.07637355885826 35.893436134470676)" }, "geometry": { "type": "LineString", "coordinates": [ [ -79.076231508955189, 35.893608470572666 ], [ -79.076373558858265, 35.893436134470676 ] ] } },
{ "type": "Feature", "properties": { "FEEDER_NAME": "RSDC", "SUBSTATION_NAME": "CARRBORO", "wmType": "SECONDARY UNDERGROUND", "WKT": "LINESTRING (-79.07623150895519 35.893608470572666, -79.07636970992763 35.89339890833223, -79.07652851473131 35.89334089974707)" }, "geometry": { "type": "LineString", "coordinates": [ [ -79.076231508955189, 35.893608470572666 ], [ -79.076369709927633, 35.89339890833223 ], [ -79.076528514731308, 35.893340899747074 ] ] } }
]
}
