{
"type": "FeatureCollection",
"name": "Dixon_s_Store_MILLCREEK_underground",
"crs": { "type": "name", "properties": { "name": "urn:ogc:def:crs:OGC:1.3:CRS84" } },
"features": [
{ "type": "Feature", "properties": { "FEEDER_NAME": "MILLCREEK", "SUBSTATION_NAME": "Dixon's Store", "wmType": "SECONDARY UNDERGROUND", "WKT": "LINESTRING (-78.84425454810456 36.46340245476714, -78.84424201201885 36.46340909874828, -78.84417219380325 36.4637244019756, -78.84416215151619 36.463757721017046)" }, "geometry": { "type": "LineString", "coordinates": [ [ -78.844254548104558, 36.463402454767142 ], [ -78.844242012018853, 36.463409098748279 ], [ -78.844172193803246, 36.463724401975597 ], [ -78.844162151516187, 36.463757721017046 ] ] } },
{ "type": "Feature", "properties": { "FEEDER_NAME": "MILLCREEK", "SUBSTATION_NAME": "Dixon's Store", "wmType": "SECONDARY UNDERGROUND", "WKT": "LINESTRING (-78.8448813613624 36.47158605137364, -78.8446770996109 36.47163912709438, -78.84462200130683 36.47187805112828, -78.84458307681972 36.47187742432756)" }, "geometry": { "type": "LineString", "coordinates": [ [ -78.844881361362397, 36.471586051373642 ], [ -78.844677099610905, 36.471639127094377 ], [ -78.844622001306831, 36.471878051128279 ], [ -78.844583076819717, 36.471877424327559 ] ] } },
{ "type": "Feature", "properties": { "FEEDER_NAME": "MILLCREEK", "SUBSTATION_NAME": "Dixon's Store", "wmType": "SECONDARY UNDERGROUND", "WKT": "LINESTRING (-78.84425454810456 36.46340245476714, -78.84418166737026 36.46373459797028, -78.84434796224926 36.463788011942704)" }, "geometry": { "type": "LineString", "coordinates": [ [ -78.844254548104558, 36.463402454767142 ], [ -78.844181667370265, 36.46373459797028 ], [ -78.844347962249259, 36.463788011942704 ] ] } },
{ "type": "Feature", "properties": { "FEEDER_NAME": "MILLCREEK", "SUBSTATION_NAME": "Dixon's Store", "wmType": "SECONDARY UNDERGROUND", "WKT": "LINESTRING (-78.85729289896962 36.46894558202918, -78.85730430543933 36.46922061152899)" }, "geometry": { "type": "LineString", "coordinates": [ [ -78.857292898969618, 36.468945582029178 ], [ -78.857304305439328, 36.469220611528989 ] ] } },
{ "type": "Feature", "properties": { "FEEDER_NAME": "MILLCREEK", "SUBSTATION_NAME": "Dixon's Store", "wmType": "SECONDARY UNDERGROUND", "WKT": "LINESTRING (-78.88543103949087 36.458596615222156, -78.88546012402145 36.45892893805969, -78.88547857651857 36.458956215623225, -78.88552975529791 36.458957674396665)" }, "geometry": { "type": "LineString", "coordinates": [ [ -78.885431039490868, 36.458596615222156 ], [ -78.885460124021449, 36.458928938059692 ], [ -78.885478576518565, 36.458956215623225 ], [ -78.88552975529791, 36.458957674396665 ] ] } },
{ "type": "Feature", "properties": { "FEEDER_NAME": "MILLCREEK", "SUBSTATION_NAME": "Dixon's Store", "wmType": "SECONDARY UNDERGROUND", "WKT": "LINESTRING (-78.87578522978798 36.45942339476586, -78.87578617842675 36.45939644803657, -78.87617210460904 36.459380196369175, -78.87630872817286 36.45933248212145, -78.87632876356989 36.459307163924606)" }, "geometry": { "type": "LineString", "coordinates": [ [ -78.875785229787979, 36.459423394765857 ], [ -78.87578617842675, 36.459396448036571 ], [ -78.87617210460904, 36.459380196369175 ], [ -78.876308728172859, 36.459332482121447 ], [ -78.876328763569887, 36.459307163924606 ] ] } },
{ "type": "Feature", "properties": { "FEEDER_NAME": "MILLCREEK", "SUBSTATION_NAME": "Dixon's Store", "wmType": "SECONDARY UNDERGROUND", "WKT": "LINESTRING (-78.84349414699513 36.46395685558976, -78.84350098512002 36.46397698987157, -78.84359241592333 36.46398579625982, -78.84359801778812 36.46395515592882)" }, "geometry": { "type": "LineString", "coordinates": [ [ -78.843494146995127, 36.463956855589757 ], [ -78.843500985120016, 36.463976989871568 ], [ -78.843592415923325, 36.46398579625982 ], [ -78.843598017788125, 36.463955155928822 ] ] } },
{ "type": "Feature", "properties": { "FEEDER_NAME": "MILLCREEK", "SUBSTATION_NAME": "Dixon's Store", "wmType": "SECONDARY UNDERGROUND", "WKT": "LINESTRING (-78.89067308803055 36.45502153273804, -78.89069443073299 36.45495198281563, -78.89056104380215 36.45487276534487, -78.89058951264113 36.454835401211504)" }, "geometry": { "type": "LineString", "coordinates": [ [ -78.890673088030553, 36.455021532738037 ], [ -78.890694430732992, 36.454951982815629 ], [ -78.890561043802151, 36.454872765344867 ], [ -78.890589512641128, 36.454835401211504 ] ] } },
{ "type": "Feature", "properties": { "FEEDER_NAME": "MILLCREEK", "SUBSTATION_NAME": "Dixon's Store", "wmType": "SECONDARY UNDERGROUND", "WKT": "LINESTRING (-78.88282316382269 36.46382139133241, -78.88282580254896 36.4638707143212, -78.88287894497387 36.46404442150898, -78.88291730708124 36.46405113324231)" }, "geometry": { "type": "LineString", "coordinates": [ [ -78.882823163822692, 36.463821391332409 ], [ -78.882825802548965, 36.463870714321203 ], [ -78.882878944973868, 36.46404442150898 ], [ -78.882917307081243, 36.464051133242307 ] ] } },
{ "type": "Feature", "properties": { "FEEDER_NAME": "MILLCREEK", "SUBSTATION_NAME": "Dixon's Store", "wmType": "SECONDARY UNDERGROUND", "WKT": "LINESTRING (-78.87675769297734 36.47235662376611, -78.87662197479094 36.472410023079426, -78.87648899948688 36.472467294206545, -78.87639031700593 36.47251488250597, -78.8763480430292 36.47253430677214, -78.87635748848783 36.47255520315236, -78.87635949675385 36.47255662075864)" }, "geometry": { "type": "LineString", "coordinates": [ [ -78.876757692977336, 36.47235662376611 ], [ -78.876621974790936, 36.472410023079426 ], [ -78.876488999486881, 36.472467294206545 ], [ -78.876390317005928, 36.472514882505969 ], [ -78.876348043029196, 36.47253430677214 ], [ -78.876357488487827, 36.472555203152361 ], [ -78.876359496753849, 36.472556620758638 ] ] } },
{ "type": "Feature", "properties": { "FEEDER_NAME": "MILLCREEK", "SUBSTATION_NAME": "Dixon's Store", "wmType": "SECONDARY UNDERGROUND", "WKT": "LINESTRING (-78.87308616622968 36.46988870607085, -78.87301520781416 36.469764912529676, -78.87317794631224 36.46946716002185)" }, "geometry": { "type": "LineString", "coordinates": [ [ -78.873086166229683, 36.469888706070847 ], [ -78.873015207814163, 36.469764912529676 ], [ -78.873177946312239, 36.46946716002185 ] ] } },
{ "type": "Feature", "properties": { "FEEDER_NAME": "MILLCREEK", "SUBSTATION_NAME": "Dixon's Store", "wmType": "SECONDARY UNDERGROUND", "WKT": "LINESTRING (-78.88230318797542 36.46503539238023, -78.88245312125157 36.46478337670738, -78.88237690240886 36.46466837591843, -78.88232482848198 36.464683789452344)" }, "geometry": { "type": "LineString", "coordinates": [ [ -78.882303187975424, 36.46503539238023 ], [ -78.882453121251572, 36.464783376707381 ], [ -78.882376902408865, 36.464668375918428 ], [ -78.882324828481984, 36.464683789452344 ] ] } },
{ "type": "Feature", "properties": { "FEEDER_NAME": "MILLCREEK", "SUBSTATION_NAME": "Dixon's Store", "wmType": "SECONDARY UNDERGROUND", "WKT": "LINESTRING (-78.86199044830029 36.47023395465069, -78.86199147499552 36.47029600199491, -78.86198584264785 36.47035984400881, -78.86196363685421 36.47044664210387, -78.8619523217131 36.47045973372146, -78.86189614470625 36.470446549166276, -78.861867096574 36.47047697103814, -78.86189213878396 36.47048972685604)" }, "geometry": { "type": "LineString", "coordinates": [ [ -78.86199044830029, 36.470233954650688 ], [ -78.86199147499552, 36.47029600199491 ], [ -78.861985842647854, 36.470359844008811 ], [ -78.861963636854213, 36.470446642103873 ], [ -78.861952321713105, 36.470459733721462 ], [ -78.86189614470625, 36.470446549166276 ], [ -78.861867096574002, 36.470476971038138 ], [ -78.861892138783958, 36.470489726856037 ] ] } },
{ "type": "Feature", "properties": { "FEEDER_NAME": "MILLCREEK", "SUBSTATION_NAME": "Dixon's Store", "wmType": "SECONDARY UNDERGROUND", "WKT": "LINESTRING (-78.90196041727876 36.452072564636396, -78.90155983261509 36.45224810782509, -78.90134550116889 36.45216411900949, -78.90136020749584 36.452132498300415)" }, "geometry": { "type": "LineString", "coordinates": [ [ -78.901960417278758, 36.452072564636396 ], [ -78.901559832615092, 36.452248107825092 ], [ -78.90134550116889, 36.452164119009488 ], [ -78.901360207495841, 36.452132498300415 ] ] } },
{ "type": "Feature", "properties": { "FEEDER_NAME": "MILLCREEK", "SUBSTATION_NAME": "Dixon's Store", "wmType": "SECONDARY UNDERGROUND", "WKT": "LINESTRING (-78.9007848012607 36.451761231291435, -78.90079259388317 36.45175540307008, -78.90082642696599 36.45186273495679, -78.90054091534903 36.452098986216576, -78.90055854493643 36.45213072761437)" }, "geometry": { "type": "LineString", "coordinates": [ [ -78.900784801260698, 36.451761231291435 ], [ -78.900792593883168, 36.451755403070081 ], [ -78.900826426965992, 36.451862734956791 ], [ -78.900540915349026, 36.452098986216576 ], [ -78.90055854493643, 36.452130727614367 ] ] } },
{ "type": "Feature", "properties": { "FEEDER_NAME": "MILLCREEK", "SUBSTATION_NAME": "Dixon's Store", "wmType": "SECONDARY UNDERGROUND", "WKT": "LINESTRING (-78.9007848012607 36.451761231291435, -78.90078518573469 36.451859774947245, -78.90048483616886 36.45210841750251, -78.90029874053862 36.45233453847273, -78.90023680839244 36.452305644546094, -78.90025178632094 36.45225242343397)" }, "geometry": { "type": "LineString", "coordinates": [ [ -78.900784801260698, 36.451761231291435 ], [ -78.900785185734691, 36.451859774947245 ], [ -78.900484836168857, 36.452108417502508 ], [ -78.900298740538616, 36.452334538472734 ], [ -78.900236808392435, 36.452305644546094 ], [ -78.900251786320936, 36.452252423433968 ] ] } },
{ "type": "Feature", "properties": { "FEEDER_NAME": "MILLCREEK", "SUBSTATION_NAME": "Dixon's Store", "wmType": "SECONDARY UNDERGROUND", "WKT": "LINESTRING (-78.84491440080484 36.46347129988025, -78.8449190601899 36.463576996809195, -78.84497182106003 36.46361295781776, -78.8450369669401 36.46385726273893, -78.84498197563494 36.46385893607282, -78.84496405995519 36.46382595745056)" }, "geometry": { "type": "LineString", "coordinates": [ [ -78.844914400804839, 36.463471299880247 ], [ -78.844919060189895, 36.463576996809195 ], [ -78.844971821060028, 36.463612957817759 ], [ -78.8450369669401, 36.463857262738927 ], [ -78.844981975634937, 36.463858936072818 ], [ -78.844964059955188, 36.46382595745056 ] ] } },
{ "type": "Feature", "properties": { "FEEDER_NAME": "MILLCREEK", "SUBSTATION_NAME": "Dixon's Store", "wmType": "SECONDARY UNDERGROUND", "WKT": "LINESTRING (-78.85103741459788 36.46902609194686, -78.85115292443163 36.46905865888596, -78.85119692593089 36.469058692342564)" }, "geometry": { "type": "LineString", "coordinates": [ [ -78.851037414597883, 36.469026091946859 ], [ -78.851152924431631, 36.469058658885963 ], [ -78.851196925930893, 36.469058692342564 ] ] } },
{ "type": "Feature", "properties": { "FEEDER_NAME": "MILLCREEK", "SUBSTATION_NAME": "Dixon's Store", "wmType": "SECONDARY UNDERGROUND", "WKT": "LINESTRING (-78.85103741459788 36.46902609194686, -78.85117529649649 36.46907410427671, -78.85118479806775 36.46908025030195, -78.85119355466118 36.4691391533805, -78.85116414536182 36.469145844297195)" }, "geometry": { "type": "LineString", "coordinates": [ [ -78.851037414597883, 36.469026091946859 ], [ -78.851175296496493, 36.469074104276707 ], [ -78.851184798067749, 36.46908025030195 ], [ -78.85119355466118, 36.469139153380503 ], [ -78.851164145361821, 36.469145844297195 ] ] } },
{ "type": "Feature", "properties": { "FEEDER_NAME": "MILLCREEK", "SUBSTATION_NAME": "Dixon's Store", "wmType": "SECONDARY UNDERGROUND", "WKT": "LINESTRING (-78.8826289481947 36.46566837869909, -78.882944889628 36.46578939363247, -78.88290544602664 36.46586877063099, -78.88285321221979 36.46586868931663)" }, "geometry": { "type": "LineString", "coordinates": [ [ -78.882628948194693, 36.465668378699093 ], [ -78.882944889628007, 36.46578939363247 ], [ -78.882905446026641, 36.465868770630991 ], [ -78.882853212219786, 36.465868689316629 ] ] } },
{ "type": "Feature", "properties": { "FEEDER_NAME": "MILLCREEK", "SUBSTATION_NAME": "Dixon's Store", "wmType": "SECONDARY UNDERGROUND", "WKT": "LINESTRING (-78.84349414699513 36.46395685558976, -78.84349704751875 36.46398311128569, -78.84360839898817 36.46399243231319, -78.8437376682389 36.463980187999894, -78.84374278778776 36.46411344319364, -78.8437077276375 36.46411473671279)" }, "geometry": { "type": "LineString", "coordinates": [ [ -78.843494146995127, 36.463956855589757 ], [ -78.843497047518753, 36.463983111285692 ], [ -78.843608398988167, 36.463992432313191 ], [ -78.843737668238902, 36.463980187999894 ], [ -78.843742787787761, 36.464113443193639 ], [ -78.843707727637494, 36.464114736712787 ] ] } },
{ "type": "Feature", "properties": { "FEEDER_NAME": "MILLCREEK", "SUBSTATION_NAME": "Dixon's Store", "wmType": "SECONDARY UNDERGROUND", "WKT": "LINESTRING (-78.8689419564543 36.4604125000493, -78.86895119193815 36.46037894289355)" }, "geometry": { "type": "LineString", "coordinates": [ [ -78.868941956454293, 36.460412500049301 ], [ -78.868951191938152, 36.460378942893549 ] ] } },
{ "type": "Feature", "properties": { "FEEDER_NAME": "MILLCREEK", "SUBSTATION_NAME": "Dixon's Store", "wmType": "SECONDARY UNDERGROUND", "WKT": "LINESTRING (-78.88416303958049 36.45644162163751, -78.88398516019326 36.45655739862629)" }, "geometry": { "type": "LineString", "coordinates": [ [ -78.884163039580486, 36.456441621637509 ], [ -78.883985160193262, 36.456557398626288 ] ] } },
{ "type": "Feature", "properties": { "FEEDER_NAME": "MILLCREEK", "SUBSTATION_NAME": "Dixon's Store", "wmType": "SECONDARY UNDERGROUND", "WKT": "LINESTRING (-78.8690391282447 36.461432406104684, -78.86843485683241 36.461165267526766, -78.86822703228611 36.46108303767213, -78.8682467473137 36.461043377095464, -78.86828720113196 36.46104976225237)" }, "geometry": { "type": "LineString", "coordinates": [ [ -78.869039128244694, 36.461432406104684 ], [ -78.868434856832408, 36.461165267526766 ], [ -78.868227032286114, 36.461083037672132 ], [ -78.868246747313705, 36.461043377095464 ], [ -78.868287201131963, 36.461049762252372 ] ] } },
{ "type": "Feature", "properties": { "FEEDER_NAME": "MILLCREEK", "SUBSTATION_NAME": "Dixon's Store", "wmType": "SECONDARY UNDERGROUND", "WKT": "LINESTRING (-78.88393242721223 36.46675173801875, -78.88382842266765 36.46662597749322, -78.88365009949409 36.46654733589368, -78.88347982736649 36.466525874945546, -78.88344953741687 36.46654306939388)" }, "geometry": { "type": "LineString", "coordinates": [ [ -78.88393242721223, 36.46675173801875 ], [ -78.883828422667648, 36.466625977493223 ], [ -78.883650099494091, 36.466547335893679 ], [ -78.883479827366486, 36.466525874945546 ], [ -78.883449537416865, 36.466543069393879 ] ] } },
{ "type": "Feature", "properties": { "FEEDER_NAME": "MILLCREEK", "SUBSTATION_NAME": "Dixon's Store", "wmType": "SECONDARY UNDERGROUND", "WKT": "LINESTRING (-78.88098071171446 36.458682900953704, -78.88093806460688 36.458748933130884, -78.88064872678133 36.458910617070394, -78.88038515279801 36.459002402505256)" }, "geometry": { "type": "LineString", "coordinates": [ [ -78.880980711714457, 36.458682900953704 ], [ -78.88093806460688, 36.458748933130884 ], [ -78.880648726781331, 36.458910617070394 ], [ -78.880385152798013, 36.459002402505256 ] ] } },
{ "type": "Feature", "properties": { "FEEDER_NAME": "MILLCREEK", "SUBSTATION_NAME": "Dixon's Store", "wmType": "SECONDARY UNDERGROUND", "WKT": "LINESTRING (-78.84287455713608 36.46523574563186, -78.84264849240314 36.4653669424966, -78.84252267681687 36.46536952783285, -78.84228155866485 36.46521541557309, -78.84235307342855 36.46516057675454)" }, "geometry": { "type": "LineString", "coordinates": [ [ -78.842874557136085, 36.465235745631858 ], [ -78.842648492403143, 36.465366942496601 ], [ -78.84252267681687, 36.465369527832848 ], [ -78.842281558664851, 36.465215415573091 ], [ -78.842353073428555, 36.465160576754542 ] ] } },
{ "type": "Feature", "properties": { "FEEDER_NAME": "MILLCREEK", "SUBSTATION_NAME": "Dixon's Store", "wmType": "SECONDARY UNDERGROUND", "WKT": "LINESTRING (-78.90237162202104 36.445685872885974, -78.90224950872506 36.445466054974936, -78.90218163057936 36.44537536520664, -78.90201920012143 36.4452533773961)" }, "geometry": { "type": "LineString", "coordinates": [ [ -78.902371622021036, 36.445685872885974 ], [ -78.902249508725063, 36.445466054974936 ], [ -78.902181630579364, 36.445375365206637 ], [ -78.90201920012143, 36.445253377396099 ] ] } },
{ "type": "Feature", "properties": { "FEEDER_NAME": "MILLCREEK", "SUBSTATION_NAME": "Dixon's Store", "wmType": "SECONDARY UNDERGROUND", "WKT": "LINESTRING (-78.87597114329182 36.46156140718797, -78.87618704995647 36.46117916294324, -78.87649646324402 36.461176727790836, -78.87663223482072 36.46132792100212, -78.87661177501914 36.46136635129248)" }, "geometry": { "type": "LineString", "coordinates": [ [ -78.875971143291821, 36.461561407187972 ], [ -78.876187049956471, 36.461179162943239 ], [ -78.876496463244024, 36.461176727790836 ], [ -78.876632234820718, 36.461327921002123 ], [ -78.876611775019143, 36.461366351292483 ] ] } },
{ "type": "Feature", "properties": { "FEEDER_NAME": "MILLCREEK", "SUBSTATION_NAME": "Dixon's Store", "wmType": "SECONDARY UNDERGROUND", "WKT": "LINESTRING (-78.8420176672949 36.46457194703927, -78.84197607181235 36.46462140957818)" }, "geometry": { "type": "LineString", "coordinates": [ [ -78.842017667294897, 36.464571947039268 ], [ -78.841976071812354, 36.464621409578179 ] ] } },
{ "type": "Feature", "properties": { "FEEDER_NAME": "MILLCREEK", "SUBSTATION_NAME": "Dixon's Store", "wmType": "SECONDARY UNDERGROUND", "WKT": "LINESTRING (-78.88057496017828 36.45794696281281, -78.88058796112354 36.45794316027254, -78.88069180299891 36.457847133882254, -78.88067658492149 36.45779218924743, -78.88067832576668 36.457764726007504, -78.88069706842252 36.45773590602744, -78.8807362005681 36.45771397206657, -78.88078042037172 36.45770028160719, -78.88083652366444 36.45769758952925, -78.88087900470508 36.4577099908352, -78.88093334889439 36.457747121157745, -78.88097917082436 36.45779934891321, -78.88099615422958 36.457810400892164)" }, "geometry": { "type": "LineString", "coordinates": [ [ -78.880574960178279, 36.457946962812812 ], [ -78.880587961123538, 36.457943160272542 ], [ -78.880691802998911, 36.457847133882254 ], [ -78.880676584921488, 36.457792189247428 ], [ -78.880678325766681, 36.457764726007504 ], [ -78.880697068422521, 36.457735906027438 ], [ -78.880736200568094, 36.457713972066571 ], [ -78.880780420371721, 36.457700281607188 ], [ -78.880836523664442, 36.457697589529253 ], [ -78.880879004705079, 36.457709990835198 ], [ -78.880933348894388, 36.457747121157745 ], [ -78.880979170824361, 36.457799348913213 ], [ -78.880996154229578, 36.457810400892164 ] ] } },
{ "type": "Feature", "properties": { "FEEDER_NAME": "MILLCREEK", "SUBSTATION_NAME": "Dixon's Store", "wmType": "SECONDARY UNDERGROUND", "WKT": "LINESTRING (-78.87098337317305 36.46201270002328, -78.87095040227089 36.46216742652423)" }, "geometry": { "type": "LineString", "coordinates": [ [ -78.870983373173047, 36.46201270002328 ], [ -78.870950402270893, 36.462167426524232 ] ] } },
{ "type": "Feature", "properties": { "FEEDER_NAME": "MILLCREEK", "SUBSTATION_NAME": "Dixon's Store", "wmType": "SECONDARY UNDERGROUND", "WKT": "LINESTRING (-78.88512765851883 36.467859554951644, -78.88509696002792 36.467871353772125, -78.8851037175032 36.467901571346786, -78.88514780645075 36.46798263365157, -78.88516984603996 36.468026598790374, -78.88519358388436 36.46807193784823, -78.88520884436268 36.46810079011738, -78.88519690366117 36.468128243740495, -78.88518496098504 36.4681570705989, -78.88516453697564 36.46817215714409, -78.88520190791195 36.46819553711416, -78.88525114685436 36.468242273211686, -78.88525452760132 36.46825600875494, -78.88523069335086 36.468277958319916, -78.88520347244841 36.46829029204617, -78.88516267353153 36.46828613421642, -78.8851420066764 36.46828926236042)" }, "geometry": { "type": "LineString", "coordinates": [ [ -78.885127658518826, 36.467859554951644 ], [ -78.885096960027923, 36.467871353772125 ], [ -78.885103717503199, 36.467901571346786 ], [ -78.885147806450746, 36.467982633651573 ], [ -78.885169846039958, 36.468026598790374 ], [ -78.885193583884359, 36.468071937848229 ], [ -78.88520884436268, 36.468100790117383 ], [ -78.885196903661168, 36.468128243740495 ], [ -78.885184960985043, 36.468157070598899 ], [ -78.885164536975637, 36.468172157144089 ], [ -78.885201907911949, 36.468195537114163 ], [ -78.885251146854358, 36.468242273211686 ], [ -78.885254527601319, 36.468256008754942 ], [ -78.885230693350863, 36.468277958319916 ], [ -78.88520347244841, 36.46829029204617 ], [ -78.885162673531525, 36.46828613421642 ], [ -78.885142006676404, 36.468289262360422 ] ] } },
{ "type": "Feature", "properties": { "FEEDER_NAME": "MILLCREEK", "SUBSTATION_NAME": "Dixon's Store", "wmType": "SECONDARY UNDERGROUND", "WKT": "LINESTRING (-78.8915453508633 36.454182693857554, -78.89133617577684 36.454472395236714)" }, "geometry": { "type": "LineString", "coordinates": [ [ -78.891545350863296, 36.454182693857554 ], [ -78.891336175776843, 36.454472395236714 ] ] } },
{ "type": "Feature", "properties": { "FEEDER_NAME": "MILLCREEK", "SUBSTATION_NAME": "Dixon's Store", "wmType": "SECONDARY UNDERGROUND", "WKT": "LINESTRING (-78.89237664932713 36.454189500729896, -78.89220022673035 36.45385726310104)" }, "geometry": { "type": "LineString", "coordinates": [ [ -78.892376649327133, 36.454189500729896 ], [ -78.892200226730353, 36.453857263101042 ] ] } },
{ "type": "Feature", "properties": { "FEEDER_NAME": "MILLCREEK", "SUBSTATION_NAME": "Dixon's Store", "wmType": "SECONDARY UNDERGROUND", "WKT": "LINESTRING (-78.87740447154452 36.46991069353036, -78.87742559083712 36.4698988861885, -78.87743410460584 36.4698906552532, -78.87744091394032 36.46988516909287, -78.87744602303954 36.46987968123689, -78.87745113003916 36.469875566616174, -78.87745453680418 36.46987145030006, -78.87745794566766 36.469865960748294, -78.87745965429681 36.46986046950127, -78.87746107396237 36.469852796464615, -78.87745985211369 36.46984783212774, -78.87745903879853 36.469844190975564, -78.87745628321296 36.46984124081328, -78.87739677924193 36.46983843499623, -78.87738038210023 36.46984245815602)" }, "geometry": { "type": "LineString", "coordinates": [ [ -78.877404471544523, 36.469910693530359 ], [ -78.87742559083712, 36.469898886188503 ], [ -78.87743410460584, 36.469890655253202 ], [ -78.877440913940319, 36.469885169092869 ], [ -78.877446023039539, 36.46987968123689 ], [ -78.877451130039162, 36.469875566616174 ], [ -78.87745453680418, 36.469871450300062 ], [ -78.877457945667658, 36.469865960748294 ], [ -78.877459654296814, 36.46986046950127 ], [ -78.877461073962365, 36.469852796464615 ], [ -78.877459852113688, 36.469847832127741 ], [ -78.877459038798534, 36.469844190975564 ], [ -78.877456283212965, 36.469841240813281 ], [ -78.877396779241934, 36.469838434996227 ], [ -78.877380382100228, 36.469842458156023 ] ] } },
{ "type": "Feature", "properties": { "FEEDER_NAME": "MILLCREEK", "SUBSTATION_NAME": "Dixon's Store", "wmType": "SECONDARY UNDERGROUND", "WKT": "LINESTRING (-78.90821221265463 36.44774738349392, -78.90824337871602 36.447704210560175, -78.90840954798955 36.44763647202317, -78.90839656281275 36.447582217925905, -78.90855890219784 36.447532596246994, -78.90857198115532 36.447554571729974)" }, "geometry": { "type": "LineString", "coordinates": [ [ -78.908212212654632, 36.447747383493919 ], [ -78.908243378716023, 36.447704210560175 ], [ -78.90840954798955, 36.44763647202317 ], [ -78.908396562812754, 36.447582217925905 ], [ -78.908558902197839, 36.447532596246994 ], [ -78.908571981155319, 36.447554571729974 ] ] } },
{ "type": "Feature", "properties": { "FEEDER_NAME": "MILLCREEK", "SUBSTATION_NAME": "Dixon's Store", "wmType": "SECONDARY UNDERGROUND", "WKT": "LINESTRING (-78.84892554937974 36.466328964554215, -78.84893859288535 36.46636034616323, -78.84888541403002 36.46658155906303, -78.84869219568098 36.466577711628766)" }, "geometry": { "type": "LineString", "coordinates": [ [ -78.848925549379743, 36.466328964554215 ], [ -78.848938592885347, 36.466360346163228 ], [ -78.848885414030022, 36.46658155906303 ], [ -78.848692195680982, 36.466577711628766 ] ] } },
{ "type": "Feature", "properties": { "FEEDER_NAME": "MILLCREEK", "SUBSTATION_NAME": "Dixon's Store", "wmType": "SECONDARY UNDERGROUND", "WKT": "LINESTRING (-78.86754242419508 36.46591946016595, -78.86746578189874 36.46581712697041, -78.86718550995079 36.465742538751776, -78.86723407698135 36.465663650599545)" }, "geometry": { "type": "LineString", "coordinates": [ [ -78.867542424195079, 36.465919460165949 ], [ -78.867465781898744, 36.465817126970407 ], [ -78.867185509950787, 36.465742538751776 ], [ -78.867234076981347, 36.465663650599545 ] ] } },
{ "type": "Feature", "properties": { "FEEDER_NAME": "MILLCREEK", "SUBSTATION_NAME": "Dixon's Store", "wmType": "SECONDARY UNDERGROUND", "WKT": "LINESTRING (-78.84228943236259 36.46260981834976, -78.84226426070497 36.46259084447301, -78.84203007421355 36.462505359312495, -78.84208083862583 36.4620156098822, -78.84211887397588 36.46203932108088, -78.84212307247988 36.462034404782045)" }, "geometry": { "type": "LineString", "coordinates": [ [ -78.842289432362591, 36.462609818349762 ], [ -78.842264260704965, 36.462590844473013 ], [ -78.842030074213554, 36.462505359312495 ], [ -78.842080838625833, 36.462015609882201 ], [ -78.842118873975878, 36.46203932108088 ], [ -78.842123072479879, 36.462034404782045 ] ] } },
{ "type": "Feature", "properties": { "FEEDER_NAME": "MILLCREEK", "SUBSTATION_NAME": "Dixon's Store", "wmType": "SECONDARY UNDERGROUND", "WKT": "LINESTRING (-78.87721129902386 36.47197033252482, -78.876904235091 36.47206644025155, -78.87686941075661 36.4720125301852, -78.87685114299883 36.471972428528645)" }, "geometry": { "type": "LineString", "coordinates": [ [ -78.877211299023855, 36.471970332524819 ], [ -78.876904235091004, 36.472066440251552 ], [ -78.876869410756612, 36.472012530185197 ], [ -78.876851142998831, 36.471972428528645 ] ] } },
{ "type": "Feature", "properties": { "FEEDER_NAME": "MILLCREEK", "SUBSTATION_NAME": "Dixon's Store", "wmType": "SECONDARY UNDERGROUND", "WKT": "LINESTRING (-78.85792154745823 36.4821933016038, -78.85784106488254 36.482268249563134, -78.85767377684799 36.4822133845456, -78.85760184854686 36.482172986527836)" }, "geometry": { "type": "LineString", "coordinates": [ [ -78.857921547458233, 36.4821933016038 ], [ -78.857841064882535, 36.482268249563134 ], [ -78.857673776847989, 36.482213384545602 ], [ -78.857601848546864, 36.482172986527836 ] ] } },
{ "type": "Feature", "properties": { "FEEDER_NAME": "MILLCREEK", "SUBSTATION_NAME": "Dixon's Store", "wmType": "SECONDARY UNDERGROUND", "WKT": "LINESTRING (-78.87865349885301 36.468456431283315, -78.8787195172107 36.46826959451096)" }, "geometry": { "type": "LineString", "coordinates": [ [ -78.878653498853012, 36.468456431283315 ], [ -78.878719517210698, 36.468269594510957 ] ] } },
{ "type": "Feature", "properties": { "FEEDER_NAME": "MILLCREEK", "SUBSTATION_NAME": "Dixon's Store", "wmType": "SECONDARY UNDERGROUND", "WKT": "LINESTRING (-78.8906849667724 36.460574027889194, -78.89056238040135 36.46044368854693)" }, "geometry": { "type": "LineString", "coordinates": [ [ -78.890684966772398, 36.460574027889194 ], [ -78.890562380401349, 36.460443688546931 ] ] } },
{ "type": "Feature", "properties": { "FEEDER_NAME": "MILLCREEK", "SUBSTATION_NAME": "Dixon's Store", "wmType": "SECONDARY UNDERGROUND", "WKT": "LINESTRING (-78.91674123059008 36.445027378538576, -78.9164402297829 36.444761378086724)" }, "geometry": { "type": "LineString", "coordinates": [ [ -78.916741230590077, 36.445027378538576 ], [ -78.916440229782907, 36.444761378086724 ] ] } },
{ "type": "Feature", "properties": { "FEEDER_NAME": "MILLCREEK", "SUBSTATION_NAME": "Dixon's Store", "wmType": "SECONDARY UNDERGROUND", "WKT": "LINESTRING (-78.87441587775905 36.46236568110122, -78.8743942395684 36.462255380524454, -78.87445525981119 36.46222443586948)" }, "geometry": { "type": "LineString", "coordinates": [ [ -78.874415877759048, 36.462365681101218 ], [ -78.874394239568403, 36.462255380524454 ], [ -78.874455259811185, 36.46222443586948 ] ] } },
{ "type": "Feature", "properties": { "FEEDER_NAME": "MILLCREEK", "SUBSTATION_NAME": "Dixon's Store", "wmType": "SECONDARY UNDERGROUND", "WKT": "LINESTRING (-78.88663168372015 36.466818342021135, -78.8870310358238 36.466926622592375, -78.88703100598057 36.466947804155694, -78.88702303242697 36.466978938008445)" }, "geometry": { "type": "LineString", "coordinates": [ [ -78.886631683720154, 36.466818342021135 ], [ -78.887031035823796, 36.466926622592375 ], [ -78.887031005980575, 36.466947804155694 ], [ -78.887023032426967, 36.466978938008445 ] ] } },
{ "type": "Feature", "properties": { "FEEDER_NAME": "MILLCREEK", "SUBSTATION_NAME": "Dixon's Store", "wmType": "SECONDARY UNDERGROUND", "WKT": "LINESTRING (-78.86754242419508 36.46591946016595, -78.86746053528353 36.46582996255573, -78.86718033214433 36.46575623943366)" }, "geometry": { "type": "LineString", "coordinates": [ [ -78.867542424195079, 36.465919460165949 ], [ -78.867460535283527, 36.465829962555731 ], [ -78.867180332144329, 36.465756239433659 ] ] } },
{ "type": "Feature", "properties": { "FEEDER_NAME": "MILLCREEK", "SUBSTATION_NAME": "Dixon's Store", "wmType": "SECONDARY UNDERGROUND", "WKT": "LINESTRING (-78.90381969241896 36.45343330625621, -78.90375873329444 36.453543605959474, -78.90334854114487 36.45368889889279, -78.90338923875446 36.45374954038304)" }, "geometry": { "type": "LineString", "coordinates": [ [ -78.903819692418963, 36.453433306256208 ], [ -78.903758733294438, 36.453543605959474 ], [ -78.903348541144865, 36.453688898892793 ], [ -78.903389238754457, 36.453749540383043 ] ] } },
{ "type": "Feature", "properties": { "FEEDER_NAME": "MILLCREEK", "SUBSTATION_NAME": "Dixon's Store", "wmType": "SECONDARY UNDERGROUND", "WKT": "LINESTRING (-78.90381969241896 36.45343330625621, -78.9037465561391 36.45353075149489, -78.90334073307471 36.45367607756098, -78.90317215084677 36.45387242128539, -78.90313675177958 36.453855009711965, -78.9031452158382 36.453817844945924)" }, "geometry": { "type": "LineString", "coordinates": [ [ -78.903819692418963, 36.453433306256208 ], [ -78.903746556139097, 36.453530751494888 ], [ -78.903340733074714, 36.453676077560978 ], [ -78.903172150846771, 36.453872421285389 ], [ -78.903136751779584, 36.453855009711965 ], [ -78.903145215838194, 36.453817844945924 ] ] } },
{ "type": "Feature", "properties": { "FEEDER_NAME": "MILLCREEK", "SUBSTATION_NAME": "Dixon's Store", "wmType": "SECONDARY UNDERGROUND", "WKT": "LINESTRING (-78.88213886732888 36.46541715088773, -78.88203553133418 36.465550558865566)" }, "geometry": { "type": "LineString", "coordinates": [ [ -78.882138867328877, 36.465417150887731 ], [ -78.882035531334182, 36.465550558865566 ] ] } },
{ "type": "Feature", "properties": { "FEEDER_NAME": "MILLCREEK", "SUBSTATION_NAME": "Dixon's Store", "wmType": "SECONDARY UNDERGROUND", "WKT": "LINESTRING (-78.8863921639778 36.467409420308655, -78.88637882852535 36.46742244564487, -78.88640472066749 36.46747676028688, -78.88644737004957 36.46756440407075, -78.8864610401678 36.467619940976434, -78.88646245847728 36.46769767627107, -78.88645167023256 36.46769709412169)" }, "geometry": { "type": "LineString", "coordinates": [ [ -78.886392163977803, 36.467409420308655 ], [ -78.886378828525352, 36.467422445644871 ], [ -78.886404720667485, 36.467476760286878 ], [ -78.886447370049567, 36.46756440407075 ], [ -78.886461040167802, 36.467619940976434 ], [ -78.886462458477283, 36.467697676271072 ], [ -78.88645167023256, 36.467697094121689 ] ] } },
{ "type": "Feature", "properties": { "FEEDER_NAME": "MILLCREEK", "SUBSTATION_NAME": "Dixon's Store", "wmType": "SECONDARY UNDERGROUND", "WKT": "LINESTRING (-78.8803362457467 36.47347538639125, -78.88035730852842 36.473481600869434)" }, "geometry": { "type": "LineString", "coordinates": [ [ -78.880336245746705, 36.47347538639125 ], [ -78.880357308528417, 36.473481600869434 ] ] } },
{ "type": "Feature", "properties": { "FEEDER_NAME": "MILLCREEK", "SUBSTATION_NAME": "Dixon's Store", "wmType": "SECONDARY UNDERGROUND", "WKT": "LINESTRING (-78.91790239102217 36.445391072307544, -78.91759023235859 36.44505637927631)" }, "geometry": { "type": "LineString", "coordinates": [ [ -78.917902391022167, 36.445391072307544 ], [ -78.917590232358592, 36.445056379276309 ] ] } },
{ "type": "Feature", "properties": { "FEEDER_NAME": "MILLCREEK", "SUBSTATION_NAME": "Dixon's Store", "wmType": "SECONDARY UNDERGROUND", "WKT": "LINESTRING (-78.88258407347276 36.46340224768615, -78.88254569924536 36.463391855833436, -78.88188884043618 36.463428394867435, -78.88167385338734 36.4635359173019, -78.88168415406565 36.463538412390925)" }, "geometry": { "type": "LineString", "coordinates": [ [ -78.882584073472756, 36.463402247686147 ], [ -78.882545699245355, 36.463391855833436 ], [ -78.881888840436176, 36.463428394867435 ], [ -78.881673853387341, 36.463535917301897 ], [ -78.881684154065653, 36.463538412390925 ] ] } },
{ "type": "Feature", "properties": { "FEEDER_NAME": "MILLCREEK", "SUBSTATION_NAME": "Dixon's Store", "wmType": "SECONDARY UNDERGROUND", "WKT": "LINESTRING (-78.89771992240495 36.44967230345449, -78.8977604234255 36.45013244327319, -78.89780542803919 36.45016164609337, -78.89783582871458 36.45014481569798)" }, "geometry": { "type": "LineString", "coordinates": [ [ -78.897719922404946, 36.449672303454491 ], [ -78.897760423425495, 36.450132443273191 ], [ -78.897805428039192, 36.45016164609337 ], [ -78.897835828714577, 36.450144815697982 ] ] } },
{ "type": "Feature", "properties": { "FEEDER_NAME": "MILLCREEK", "SUBSTATION_NAME": "Dixon's Store", "wmType": "SECONDARY UNDERGROUND", "WKT": "LINESTRING (-78.8690391282447 36.461432406104684, -78.86845541828994 36.461142708500034)" }, "geometry": { "type": "LineString", "coordinates": [ [ -78.869039128244694, 36.461432406104684 ], [ -78.86845541828994, 36.461142708500034 ] ] } },
{ "type": "Feature", "properties": { "FEEDER_NAME": "MILLCREEK", "SUBSTATION_NAME": "Dixon's Store", "wmType": "SECONDARY UNDERGROUND", "WKT": "LINESTRING (-78.86895215818097 36.45959794502143, -78.8689352802955 36.459605697032025, -78.86880611276214 36.45958496052603, -78.8687228142362 36.45958349832677, -78.86859992626692 36.459660583209775, -78.86859812813174 36.45966940285658)" }, "geometry": { "type": "LineString", "coordinates": [ [ -78.868952158180974, 36.459597945021429 ], [ -78.868935280295503, 36.459605697032025 ], [ -78.868806112762144, 36.45958496052603 ], [ -78.868722814236193, 36.459583498326772 ], [ -78.868599926266924, 36.459660583209775 ], [ -78.868598128131737, 36.459669402856584 ] ] } },
{ "type": "Feature", "properties": { "FEEDER_NAME": "MILLCREEK", "SUBSTATION_NAME": "Dixon's Store", "wmType": "SECONDARY UNDERGROUND", "WKT": "LINESTRING (-78.90317331708559 36.45296193803987, -78.90319173530762 36.4530306997378, -78.90285775355537 36.45315142180236, -78.90281875376367 36.45317406400082, -78.90266419918652 36.45325239350991)" }, "geometry": { "type": "LineString", "coordinates": [ [ -78.903173317085589, 36.45296193803987 ], [ -78.903191735307615, 36.453030699737802 ], [ -78.902857753555367, 36.45315142180236 ], [ -78.902818753763668, 36.453174064000819 ], [ -78.902664199186518, 36.453252393509914 ] ] } },
{ "type": "Feature", "properties": { "FEEDER_NAME": "MILLCREEK", "SUBSTATION_NAME": "Dixon's Store", "wmType": "SECONDARY UNDERGROUND", "WKT": "LINESTRING (-78.85760184854686 36.482172986527836, -78.8575121139598 36.48211200363629)" }, "geometry": { "type": "LineString", "coordinates": [ [ -78.857601848546864, 36.482172986527836 ], [ -78.8575121139598, 36.482112003636288 ] ] } },
{ "type": "Feature", "properties": { "FEEDER_NAME": "MILLCREEK", "SUBSTATION_NAME": "Dixon's Store", "wmType": "SECONDARY UNDERGROUND", "WKT": "LINESTRING (-78.8562285142777 36.46114825801216, -78.85621655993747 36.461015364597166)" }, "geometry": { "type": "LineString", "coordinates": [ [ -78.856228514277703, 36.461148258012159 ], [ -78.856216559937465, 36.461015364597166 ] ] } },
{ "type": "Feature", "properties": { "FEEDER_NAME": "MILLCREEK", "SUBSTATION_NAME": "Dixon's Store", "wmType": "SECONDARY UNDERGROUND", "WKT": "LINESTRING (-78.8686147687535 36.46508695388667, -78.86869825798091 36.46524113898318, -78.86886138034062 36.46528993075106, -78.86878374373114 36.46543937077656)" }, "geometry": { "type": "LineString", "coordinates": [ [ -78.868614768753503, 36.465086953886669 ], [ -78.86869825798091, 36.465241138983181 ], [ -78.868861380340618, 36.465289930751062 ], [ -78.868783743731143, 36.465439370776558 ] ] } },
{ "type": "Feature", "properties": { "FEEDER_NAME": "MILLCREEK", "SUBSTATION_NAME": "Dixon's Store", "wmType": "SECONDARY UNDERGROUND", "WKT": "LINESTRING (-78.84591023013068 36.47154654490179, -78.84595378553232 36.471566944850935)" }, "geometry": { "type": "LineString", "coordinates": [ [ -78.845910230130684, 36.471546544901791 ], [ -78.845953785532316, 36.471566944850935 ] ] } },
{ "type": "Feature", "properties": { "FEEDER_NAME": "MILLCREEK", "SUBSTATION_NAME": "Dixon's Store", "wmType": "SECONDARY UNDERGROUND", "WKT": "LINESTRING (-78.8715578011367 36.45883595134368, -78.8716244189707 36.45841451461322)" }, "geometry": { "type": "LineString", "coordinates": [ [ -78.871557801136703, 36.45883595134368 ], [ -78.871624418970697, 36.458414514613217 ] ] } },
{ "type": "Feature", "properties": { "FEEDER_NAME": "MILLCREEK", "SUBSTATION_NAME": "Dixon's Store", "wmType": "SECONDARY UNDERGROUND", "WKT": "LINESTRING (-78.87050198586307 36.459809736807266, -78.87048421029846 36.45908596906009)" }, "geometry": { "type": "LineString", "coordinates": [ [ -78.870501985863072, 36.459809736807266 ], [ -78.870484210298457, 36.459085969060091 ] ] } },
{ "type": "Feature", "properties": { "FEEDER_NAME": "MILLCREEK", "SUBSTATION_NAME": "Dixon's Store", "wmType": "SECONDARY UNDERGROUND", "WKT": "LINESTRING (-78.87116173577895 36.459918584115826, -78.87184424423585 36.45943734092415)" }, "geometry": { "type": "LineString", "coordinates": [ [ -78.871161735778955, 36.459918584115826 ], [ -78.871844244235845, 36.459437340924147 ] ] } },
{ "type": "Feature", "properties": { "FEEDER_NAME": "MILLCREEK", "SUBSTATION_NAME": "Dixon's Store", "wmType": "SECONDARY UNDERGROUND", "WKT": "LINESTRING (-78.9042395846011 36.4519930373904, -78.90407514861205 36.45194493547849, -78.90390621087069 36.45191099124511, -78.90381062561043 36.45188928956589, -78.90379151078902 36.451883094974235, -78.90370742556881 36.45183977352195, -78.90358899941923 36.451729999931786)" }, "geometry": { "type": "LineString", "coordinates": [ [ -78.9042395846011, 36.451993037390402 ], [ -78.904075148612051, 36.451944935478487 ], [ -78.903906210870687, 36.451910991245107 ], [ -78.903810625610433, 36.451889289565891 ], [ -78.90379151078902, 36.451883094974235 ], [ -78.903707425568811, 36.451839773521947 ], [ -78.903588999419227, 36.451729999931786 ] ] } },
{ "type": "Feature", "properties": { "FEEDER_NAME": "MILLCREEK", "SUBSTATION_NAME": "Dixon's Store", "wmType": "SECONDARY UNDERGROUND", "WKT": "LINESTRING (-78.90437374511586 36.45247191240776, -78.90464427844185 36.452382697387)" }, "geometry": { "type": "LineString", "coordinates": [ [ -78.904373745115862, 36.452471912407759 ], [ -78.90464427844185, 36.452382697387002 ] ] } },
{ "type": "Feature", "properties": { "FEEDER_NAME": "MILLCREEK", "SUBSTATION_NAME": "Dixon's Store", "wmType": "SECONDARY UNDERGROUND", "WKT": "LINESTRING (-78.90416608711519 36.452587488396226, -78.90398289633497 36.45242700042673)" }, "geometry": { "type": "LineString", "coordinates": [ [ -78.904166087115186, 36.452587488396226 ], [ -78.903982896334966, 36.452427000426731 ] ] } },
{ "type": "Feature", "properties": { "FEEDER_NAME": "MILLCREEK", "SUBSTATION_NAME": "Dixon's Store", "wmType": "SECONDARY UNDERGROUND", "WKT": "LINESTRING (-78.9024959735702 36.452157582622505, -78.9024862780756 36.45210386317941, -78.90251020772794 36.45204605607127, -78.90243883181947 36.45187894494595, -78.90246676514927 36.45179865178713, -78.90247477758182 36.45175047002617, -78.9025027225469 36.45166053977899, -78.9025051874376 36.45163494466624, -78.90250440693063 36.4516035331896, -78.90249625640277 36.45157542193878, -78.90247623202875 36.45154961524539, -78.9024529206507 36.45153571014908, -78.90241650720934 36.45152609281087, -78.90237165939229 36.451525507526426)" }, "geometry": { "type": "LineString", "coordinates": [ [ -78.902495973570197, 36.452157582622505 ], [ -78.9024862780756, 36.45210386317941 ], [ -78.902510207727943, 36.452046056071268 ], [ -78.902438831819467, 36.451878944945953 ], [ -78.902466765149271, 36.451798651787129 ], [ -78.902474777581816, 36.45175047002617 ], [ -78.902502722546899, 36.451660539778992 ], [ -78.902505187437598, 36.451634944666239 ], [ -78.902504406930632, 36.451603533189598 ], [ -78.90249625640277, 36.451575421938777 ], [ -78.902476232028746, 36.451549615245391 ], [ -78.902452920650703, 36.451535710149081 ], [ -78.902416507209338, 36.451526092810873 ], [ -78.902371659392287, 36.451525507526426 ] ] } },
{ "type": "Feature", "properties": { "FEEDER_NAME": "MILLCREEK", "SUBSTATION_NAME": "Dixon's Store", "wmType": "SECONDARY UNDERGROUND", "WKT": "LINESTRING (-78.90237165939229 36.451525507526426, -78.90240055178568 36.45152045918203, -78.90242292060704 36.451522481857, -78.90247227418523 36.451535314617345, -78.90250205841686 36.45156826653564, -78.90251096209882 36.45160441604548, -78.90251133165523 36.45163164346698, -78.90249992976156 36.45164390717286)" }, "geometry": { "type": "LineString", "coordinates": [ [ -78.902371659392287, 36.451525507526426 ], [ -78.902400551785675, 36.451520459182028 ], [ -78.902422920607037, 36.451522481856998 ], [ -78.902472274185229, 36.451535314617345 ], [ -78.902502058416857, 36.451568266535638 ], [ -78.902510962098816, 36.451604416045477 ], [ -78.902511331655234, 36.451631643466982 ], [ -78.902499929761561, 36.451643907172858 ] ] } },
{ "type": "Feature", "properties": { "FEEDER_NAME": "MILLCREEK", "SUBSTATION_NAME": "Dixon's Store", "wmType": "SECONDARY UNDERGROUND", "WKT": "LINESTRING (-78.9024959735702 36.452157582622505, -78.90272830503434 36.45205146330112)" }, "geometry": { "type": "LineString", "coordinates": [ [ -78.902495973570197, 36.452157582622505 ], [ -78.902728305034344, 36.452051463301117 ] ] } },
{ "type": "Feature", "properties": { "FEEDER_NAME": "MILLCREEK", "SUBSTATION_NAME": "Dixon's Store", "wmType": "SECONDARY UNDERGROUND", "WKT": "LINESTRING (-78.89771992240495 36.44967230345449, -78.8974782985293 36.44983821604403)" }, "geometry": { "type": "LineString", "coordinates": [ [ -78.897719922404946, 36.449672303454491 ], [ -78.897478298529293, 36.449838216044029 ] ] } },
{ "type": "Feature", "properties": { "FEEDER_NAME": "MILLCREEK", "SUBSTATION_NAME": "Dixon's Store", "wmType": "SECONDARY UNDERGROUND", "WKT": "LINESTRING (-78.89852056658536 36.45027962567668, -78.89820108537403 36.450569317553125, -78.8979869709971 36.45047178419422, -78.89800419006457 36.45045338754523)" }, "geometry": { "type": "LineString", "coordinates": [ [ -78.898520566585361, 36.450279625676679 ], [ -78.898201085374026, 36.450569317553125 ], [ -78.897986970997096, 36.450471784194221 ], [ -78.898004190064569, 36.450453387545231 ] ] } },
{ "type": "Feature", "properties": { "FEEDER_NAME": "MILLCREEK", "SUBSTATION_NAME": "Dixon's Store", "wmType": "SECONDARY UNDERGROUND", "WKT": "LINESTRING (-78.90294305055237 36.45245598772027, -78.90318767490278 36.452357404000445)" }, "geometry": { "type": "LineString", "coordinates": [ [ -78.902943050552366, 36.452455987720271 ], [ -78.903187674902782, 36.452357404000445 ] ] } },
{ "type": "Feature", "properties": { "FEEDER_NAME": "MILLCREEK", "SUBSTATION_NAME": "Dixon's Store", "wmType": "SECONDARY UNDERGROUND", "WKT": "LINESTRING (-78.90335836221703 36.45279583758768, -78.90368764074543 36.4527239824728)" }, "geometry": { "type": "LineString", "coordinates": [ [ -78.903358362217034, 36.452795837587679 ], [ -78.903687640745432, 36.452723982472797 ] ] } },
{ "type": "Feature", "properties": { "FEEDER_NAME": "MILLCREEK", "SUBSTATION_NAME": "Dixon's Store", "wmType": "SECONDARY UNDERGROUND", "WKT": "LINESTRING (-78.90603721723491 36.450012695821144, -78.90539200043743 36.44991699941795)" }, "geometry": { "type": "LineString", "coordinates": [ [ -78.90603721723491, 36.450012695821144 ], [ -78.905392000437431, 36.449916999417951 ] ] } },
{ "type": "Feature", "properties": { "FEEDER_NAME": "MILLCREEK", "SUBSTATION_NAME": "Dixon's Store", "wmType": "SECONDARY UNDERGROUND", "WKT": "LINESTRING (-78.90594485107758 36.450453551580786, -78.90532204390436 36.45062735727539)" }, "geometry": { "type": "LineString", "coordinates": [ [ -78.905944851077578, 36.450453551580786 ], [ -78.905322043904363, 36.450627357275387 ] ] } },
{ "type": "Feature", "properties": { "FEEDER_NAME": "MILLCREEK", "SUBSTATION_NAME": "Dixon's Store", "wmType": "SECONDARY UNDERGROUND", "WKT": "LINESTRING (-78.90590121318479 36.4509090114084, -78.90531137726714 36.45115665629958)" }, "geometry": { "type": "LineString", "coordinates": [ [ -78.905901213184791, 36.450909011408399 ], [ -78.90531137726714, 36.451156656299581 ] ] } },
{ "type": "Feature", "properties": { "FEEDER_NAME": "MILLCREEK", "SUBSTATION_NAME": "Dixon's Store", "wmType": "SECONDARY UNDERGROUND", "WKT": "LINESTRING (-78.90590121318479 36.4509090114084, -78.90534727919052 36.450987437973446)" }, "geometry": { "type": "LineString", "coordinates": [ [ -78.905901213184791, 36.450909011408399 ], [ -78.905347279190522, 36.450987437973446 ] ] } },
{ "type": "Feature", "properties": { "FEEDER_NAME": "MILLCREEK", "SUBSTATION_NAME": "Dixon's Store", "wmType": "SECONDARY UNDERGROUND", "WKT": "LINESTRING (-78.90585808620473 36.451359240713295, -78.90525626868055 36.451743807393015)" }, "geometry": { "type": "LineString", "coordinates": [ [ -78.905858086204731, 36.451359240713295 ], [ -78.905256268680546, 36.451743807393015 ] ] } },
{ "type": "Feature", "properties": { "FEEDER_NAME": "MILLCREEK", "SUBSTATION_NAME": "Dixon's Store", "wmType": "SECONDARY UNDERGROUND", "WKT": "LINESTRING (-78.90580162700354 36.452393037895156, -78.9052663128996 36.45216953178034)" }, "geometry": { "type": "LineString", "coordinates": [ [ -78.905801627003541, 36.452393037895156 ], [ -78.905266312899599, 36.452169531780342 ] ] } },
{ "type": "Feature", "properties": { "FEEDER_NAME": "MILLCREEK", "SUBSTATION_NAME": "Dixon's Store", "wmType": "SECONDARY UNDERGROUND", "WKT": "LINESTRING (-78.90580162700354 36.452393037895156, -78.90548949070072 36.452742414688224)" }, "geometry": { "type": "LineString", "coordinates": [ [ -78.905801627003541, 36.452393037895156 ], [ -78.905489490700717, 36.452742414688224 ] ] } },
{ "type": "Feature", "properties": { "FEEDER_NAME": "MILLCREEK", "SUBSTATION_NAME": "Dixon's Store", "wmType": "SECONDARY UNDERGROUND", "WKT": "LINESTRING (-78.90575936507243 36.453466146972275, -78.90540725469894 36.453259361886126)" }, "geometry": { "type": "LineString", "coordinates": [ [ -78.905759365072427, 36.453466146972275 ], [ -78.905407254698943, 36.453259361886126 ] ] } },
{ "type": "Feature", "properties": { "FEEDER_NAME": "MILLCREEK", "SUBSTATION_NAME": "Dixon's Store", "wmType": "SECONDARY UNDERGROUND", "WKT": "LINESTRING (-78.90457071936918 36.45333482590547, -78.90498804154424 36.45309735094962)" }, "geometry": { "type": "LineString", "coordinates": [ [ -78.904570719369175, 36.453334825905472 ], [ -78.904988041544243, 36.453097350949619 ] ] } },
{ "type": "Feature", "properties": { "FEEDER_NAME": "MILLCREEK", "SUBSTATION_NAME": "Dixon's Store", "wmType": "SECONDARY UNDERGROUND", "WKT": "LINESTRING (-78.90457071936918 36.45333482590547, -78.90454630382523 36.45307833006738)" }, "geometry": { "type": "LineString", "coordinates": [ [ -78.904570719369175, 36.453334825905472 ], [ -78.904546303825228, 36.453078330067378 ] ] } },
{ "type": "Feature", "properties": { "FEEDER_NAME": "MILLCREEK", "SUBSTATION_NAME": "Dixon's Store", "wmType": "SECONDARY UNDERGROUND", "WKT": "LINESTRING (-78.88278721409019 36.46273225326564, -78.88278631960567 36.462718393833335)" }, "geometry": { "type": "LineString", "coordinates": [ [ -78.882787214090186, 36.462732253265642 ], [ -78.882786319605671, 36.462718393833335 ] ] } },
{ "type": "Feature", "properties": { "FEEDER_NAME": "MILLCREEK", "SUBSTATION_NAME": "Dixon's Store", "wmType": "SECONDARY UNDERGROUND", "WKT": "LINESTRING (-78.88278721409019 36.46273225326564, -78.88297846697644 36.46259925259129)" }, "geometry": { "type": "LineString", "coordinates": [ [ -78.882787214090186, 36.462732253265642 ], [ -78.882978466976439, 36.462599252591289 ] ] } },
{ "type": "Feature", "properties": { "FEEDER_NAME": "MILLCREEK", "SUBSTATION_NAME": "Dixon's Store", "wmType": "SECONDARY UNDERGROUND", "WKT": "LINESTRING (-78.88278721409019 36.46273225326564, -78.8826377267626 36.46302666215347)" }, "geometry": { "type": "LineString", "coordinates": [ [ -78.882787214090186, 36.462732253265642 ], [ -78.882637726762596, 36.463026662153467 ] ] } },
{ "type": "Feature", "properties": { "FEEDER_NAME": "MILLCREEK", "SUBSTATION_NAME": "Dixon's Store", "wmType": "SECONDARY UNDERGROUND", "WKT": "LINESTRING (-78.88360869551904 36.462434802407536, -78.88337295527798 36.46215055187066, -78.88325225401127 36.46220456683882)" }, "geometry": { "type": "LineString", "coordinates": [ [ -78.883608695519044, 36.462434802407536 ], [ -78.883372955277977, 36.462150551870657 ], [ -78.883252254011268, 36.462204566838821 ] ] } },
{ "type": "Feature", "properties": { "FEEDER_NAME": "MILLCREEK", "SUBSTATION_NAME": "Dixon's Store", "wmType": "SECONDARY UNDERGROUND", "WKT": "LINESTRING (-78.88360869551904 36.462434802407536, -78.8836436854948 36.462402492242695, -78.88359607702375 36.46232075361245, -78.88357510075969 36.462289067152575, -78.88356604359637 36.462266110814014, -78.88356491908117 36.46225693046512, -78.88357232480095 36.462244087205185, -78.88359000003982 36.46222900007604)" }, "geometry": { "type": "LineString", "coordinates": [ [ -78.883608695519044, 36.462434802407536 ], [ -78.883643685494803, 36.462402492242695 ], [ -78.883596077023753, 36.462320753612453 ], [ -78.883575100759685, 36.462289067152575 ], [ -78.883566043596375, 36.462266110814014 ], [ -78.883564919081167, 36.462256930465117 ], [ -78.883572324800951, 36.462244087205185 ], [ -78.883590000039817, 36.462229000076043 ] ] } },
{ "type": "Feature", "properties": { "FEEDER_NAME": "MILLCREEK", "SUBSTATION_NAME": "Dixon's Store", "wmType": "SECONDARY UNDERGROUND", "WKT": "LINESTRING (-78.88755274840766 36.46095403691046, -78.88753417088783 36.46096257565373)" }, "geometry": { "type": "LineString", "coordinates": [ [ -78.887552748407657, 36.460954036910458 ], [ -78.887534170887832, 36.460962575653731 ] ] } },
{ "type": "Feature", "properties": { "FEEDER_NAME": "MILLCREEK", "SUBSTATION_NAME": "Dixon's Store", "wmType": "SECONDARY UNDERGROUND", "WKT": "LINESTRING (-78.88755274840766 36.46095403691046, -78.88710821169727 36.460774944526655)" }, "geometry": { "type": "LineString", "coordinates": [ [ -78.887552748407657, 36.460954036910458 ], [ -78.887108211697267, 36.460774944526655 ] ] } },
{ "type": "Feature", "properties": { "FEEDER_NAME": "MILLCREEK", "SUBSTATION_NAME": "Dixon's Store", "wmType": "SECONDARY UNDERGROUND", "WKT": "LINESTRING (-78.88809400017017 36.46027000021193, -78.88806054392099 36.45974336732468)" }, "geometry": { "type": "LineString", "coordinates": [ [ -78.88809400017017, 36.460270000211928 ], [ -78.888060543920986, 36.459743367324677 ] ] } },
{ "type": "Feature", "properties": { "FEEDER_NAME": "MILLCREEK", "SUBSTATION_NAME": "Dixon's Store", "wmType": "SECONDARY UNDERGROUND", "WKT": "LINESTRING (-78.88930046950146 36.460153354292984, -78.88938399961737 36.46034099993501)" }, "geometry": { "type": "LineString", "coordinates": [ [ -78.889300469501464, 36.460153354292984 ], [ -78.889383999617365, 36.460340999935013 ] ] } },
{ "type": "Feature", "properties": { "FEEDER_NAME": "MILLCREEK", "SUBSTATION_NAME": "Dixon's Store", "wmType": "SECONDARY UNDERGROUND", "WKT": "LINESTRING (-78.88930046950146 36.460153354292984, -78.88931412837708 36.45965508327607)" }, "geometry": { "type": "LineString", "coordinates": [ [ -78.889300469501464, 36.460153354292984 ], [ -78.88931412837708, 36.459655083276068 ] ] } },
{ "type": "Feature", "properties": { "FEEDER_NAME": "MILLCREEK", "SUBSTATION_NAME": "Dixon's Store", "wmType": "SECONDARY UNDERGROUND", "WKT": "LINESTRING (-78.88930046950146 36.460153354292984, -78.88927630448354 36.46015726483268)" }, "geometry": { "type": "LineString", "coordinates": [ [ -78.889300469501464, 36.460153354292984 ], [ -78.889276304483545, 36.460157264832681 ] ] } },
{ "type": "Feature", "properties": { "FEEDER_NAME": "MILLCREEK", "SUBSTATION_NAME": "Dixon's Store", "wmType": "SECONDARY UNDERGROUND", "WKT": "LINESTRING (-78.88930046950146 36.460153354292984, -78.88935903591079 36.46013385001251)" }, "geometry": { "type": "LineString", "coordinates": [ [ -78.889300469501464, 36.460153354292984 ], [ -78.889359035910786, 36.460133850012511 ] ] } },
{ "type": "Feature", "properties": { "FEEDER_NAME": "MILLCREEK", "SUBSTATION_NAME": "Dixon's Store", "wmType": "SECONDARY UNDERGROUND", "WKT": "LINESTRING (-78.8906849667724 36.460574027889194, -78.89059772506826 36.460163427659914)" }, "geometry": { "type": "LineString", "coordinates": [ [ -78.890684966772398, 36.460574027889194 ], [ -78.890597725068261, 36.460163427659914 ] ] } },
{ "type": "Feature", "properties": { "FEEDER_NAME": "MILLCREEK", "SUBSTATION_NAME": "Dixon's Store", "wmType": "SECONDARY UNDERGROUND", "WKT": "LINESTRING (-78.89264873279001 36.46010422883778, -78.8926177867851 36.459340947966226)" }, "geometry": { "type": "LineString", "coordinates": [ [ -78.892648732790008, 36.460104228837778 ], [ -78.892617786785095, 36.459340947966226 ] ] } },
{ "type": "Feature", "properties": { "FEEDER_NAME": "MILLCREEK", "SUBSTATION_NAME": "Dixon's Store", "wmType": "SECONDARY UNDERGROUND", "WKT": "LINESTRING (-78.8914601218869 36.4595127985442, -78.89123737210492 36.459178608372724)" }, "geometry": { "type": "LineString", "coordinates": [ [ -78.891460121886894, 36.459512798544203 ], [ -78.891237372104925, 36.459178608372724 ] ] } },
{ "type": "Feature", "properties": { "FEEDER_NAME": "MILLCREEK", "SUBSTATION_NAME": "Dixon's Store", "wmType": "SECONDARY UNDERGROUND", "WKT": "LINESTRING (-78.8917490127913 36.45912719938911, -78.8919312441685 36.45880418754215)" }, "geometry": { "type": "LineString", "coordinates": [ [ -78.891749012791294, 36.459127199389108 ], [ -78.891931244168504, 36.45880418754215 ] ] } },
{ "type": "Feature", "properties": { "FEEDER_NAME": "MILLCREEK", "SUBSTATION_NAME": "Dixon's Store", "wmType": "SECONDARY UNDERGROUND", "WKT": "LINESTRING (-78.88901549567238 36.460059127321195, -78.88894457257221 36.460070734928934, -78.88891826075857 36.46007264306255, -78.88888719779273 36.46005136212713, -78.8888921523957 36.4599277169101, -78.88890891903894 36.459910343941175, -78.88900701368303 36.45988724870782, -78.88905485926466 36.459879563354214, -78.88907165370561 36.45984286944547, -78.88905100047911 36.459808000657794)" }, "geometry": { "type": "LineString", "coordinates": [ [ -78.889015495672382, 36.460059127321195 ], [ -78.888944572572214, 36.460070734928934 ], [ -78.888918260758572, 36.460072643062553 ], [ -78.888887197792727, 36.460051362127132 ], [ -78.888892152395698, 36.459927716910101 ], [ -78.88890891903894, 36.459910343941175 ], [ -78.889007013683027, 36.459887248707822 ], [ -78.889054859264661, 36.459879563354214 ], [ -78.889071653705614, 36.459842869445467 ], [ -78.889051000479114, 36.459808000657794 ] ] } },
{ "type": "Feature", "properties": { "FEEDER_NAME": "MILLCREEK", "SUBSTATION_NAME": "Dixon's Store", "wmType": "SECONDARY UNDERGROUND", "WKT": "LINESTRING (-78.88671967833186 36.46185816557037, -78.8864471817014 36.46154200320335)" }, "geometry": { "type": "LineString", "coordinates": [ [ -78.886719678331858, 36.461858165570369 ], [ -78.886447181701399, 36.461542003203348 ] ] } },
{ "type": "Feature", "properties": { "FEEDER_NAME": "MILLCREEK", "SUBSTATION_NAME": "Dixon's Store", "wmType": "SECONDARY UNDERGROUND", "WKT": "LINESTRING (-78.88671967833186 36.46185816557037, -78.8865341647596 36.461879409459456)" }, "geometry": { "type": "LineString", "coordinates": [ [ -78.886719678331858, 36.461858165570369 ], [ -78.886534164759595, 36.461879409459456 ] ] } },
{ "type": "Feature", "properties": { "FEEDER_NAME": "MILLCREEK", "SUBSTATION_NAME": "Dixon's Store", "wmType": "SECONDARY UNDERGROUND", "WKT": "LINESTRING (-78.87498936325848 36.4603425484076, -78.87510573259469 36.46030705427384, -78.87518238321461 36.460344567484725, -78.87523338390838 36.460433691852074, -78.87526043942562 36.460504718046224, -78.87527792748331 36.46056411781053, -78.87528428321312 36.46058736128834, -78.8751803607102 36.4606169454359)" }, "geometry": { "type": "LineString", "coordinates": [ [ -78.874989363258479, 36.460342548407603 ], [ -78.87510573259469, 36.460307054273841 ], [ -78.875182383214607, 36.460344567484725 ], [ -78.87523338390838, 36.460433691852074 ], [ -78.875260439425617, 36.460504718046224 ], [ -78.87527792748331, 36.460564117810527 ], [ -78.875284283213119, 36.46058736128834 ], [ -78.875180360710203, 36.460616945435902 ] ] } },
{ "type": "Feature", "properties": { "FEEDER_NAME": "MILLCREEK", "SUBSTATION_NAME": "Dixon's Store", "wmType": "SECONDARY UNDERGROUND", "WKT": "LINESTRING (-78.87512228377932 36.46162121538737, -78.87495747411862 36.46141279051271)" }, "geometry": { "type": "LineString", "coordinates": [ [ -78.875122283779319, 36.461621215387368 ], [ -78.874957474118617, 36.461412790512711 ] ] } },
{ "type": "Feature", "properties": { "FEEDER_NAME": "MILLCREEK", "SUBSTATION_NAME": "Dixon's Store", "wmType": "SECONDARY UNDERGROUND", "WKT": "LINESTRING (-78.87517973490024 36.46223653822098, -78.87553608346295 36.462275388289015, -78.87552921867206 36.4624656917604)" }, "geometry": { "type": "LineString", "coordinates": [ [ -78.875179734900243, 36.462236538220978 ], [ -78.875536083462947, 36.462275388289015 ], [ -78.875529218672057, 36.4624656917604 ] ] } },
{ "type": "Feature", "properties": { "FEEDER_NAME": "MILLCREEK", "SUBSTATION_NAME": "Dixon's Store", "wmType": "SECONDARY UNDERGROUND", "WKT": "LINESTRING (-78.87441587775905 36.46236568110122, -78.87469990631568 36.46272788905055)" }, "geometry": { "type": "LineString", "coordinates": [ [ -78.874415877759048, 36.462365681101218 ], [ -78.874699906315684, 36.462727889050548 ] ] } },
{ "type": "Feature", "properties": { "FEEDER_NAME": "MILLCREEK", "SUBSTATION_NAME": "Dixon's Store", "wmType": "SECONDARY UNDERGROUND", "WKT": "LINESTRING (-78.87291488940734 36.46141932669413, -78.87292180410927 36.461215465675245, -78.87281164168598 36.460999752375216)" }, "geometry": { "type": "LineString", "coordinates": [ [ -78.87291488940734, 36.461419326694127 ], [ -78.872921804109268, 36.461215465675245 ], [ -78.872811641685985, 36.460999752375216 ] ] } },
{ "type": "Feature", "properties": { "FEEDER_NAME": "MILLCREEK", "SUBSTATION_NAME": "Dixon's Store", "wmType": "SECONDARY UNDERGROUND", "WKT": "LINESTRING (-78.87372097110872 36.460609628133405, -78.87412297274501 36.46054134948859)" }, "geometry": { "type": "LineString", "coordinates": [ [ -78.873720971108725, 36.460609628133405 ], [ -78.874122972745013, 36.460541349488587 ] ] } },
{ "type": "Feature", "properties": { "FEEDER_NAME": "MILLCREEK", "SUBSTATION_NAME": "Dixon's Store", "wmType": "SECONDARY UNDERGROUND", "WKT": "LINESTRING (-78.87428820068916 36.46002362512056, -78.87431396762372 36.460025817670676, -78.87457189137378 36.46001850851505)" }, "geometry": { "type": "LineString", "coordinates": [ [ -78.874288200689165, 36.460023625120563 ], [ -78.874313967623721, 36.460025817670676 ], [ -78.874571891373776, 36.460018508515049 ] ] } },
{ "type": "Feature", "properties": { "FEEDER_NAME": "MILLCREEK", "SUBSTATION_NAME": "Dixon's Store", "wmType": "SECONDARY UNDERGROUND", "WKT": "LINESTRING (-78.87245579861904 36.45955551578356, -78.87205296440314 36.45966750671969)" }, "geometry": { "type": "LineString", "coordinates": [ [ -78.872455798619043, 36.459555515783563 ], [ -78.872052964403139, 36.45966750671969 ] ] } },
{ "type": "Feature", "properties": { "FEEDER_NAME": "MILLCREEK", "SUBSTATION_NAME": "Dixon's Store", "wmType": "SECONDARY UNDERGROUND", "WKT": "LINESTRING (-78.8715578011367 36.45883595134368, -78.87154565111119 36.45884926741924)" }, "geometry": { "type": "LineString", "coordinates": [ [ -78.871557801136703, 36.45883595134368 ], [ -78.871545651111191, 36.458849267419239 ] ] } },
{ "type": "Feature", "properties": { "FEEDER_NAME": "MILLCREEK", "SUBSTATION_NAME": "Dixon's Store", "wmType": "SECONDARY UNDERGROUND", "WKT": "LINESTRING (-78.87372097110872 36.460609628133405, -78.87374583925737 36.46063652656577, -78.8738458258496 36.46070751713575, -78.87389239417023 36.46074079312134, -78.87391705160871 36.46075632509005, -78.87392800302725 36.46076741238849, -78.87392524368188 36.46077848652208, -78.87385794721467 36.46084708959686)" }, "geometry": { "type": "LineString", "coordinates": [ [ -78.873720971108725, 36.460609628133405 ], [ -78.873745839257367, 36.460636526565771 ], [ -78.8738458258496, 36.460707517135752 ], [ -78.873892394170227, 36.460740793121339 ], [ -78.873917051608714, 36.460756325090053 ], [ -78.873928003027245, 36.460767412388492 ], [ -78.873925243681882, 36.460778486522081 ], [ -78.873857947214674, 36.460847089596861 ] ] } },
{ "type": "Feature", "properties": { "FEEDER_NAME": "MILLCREEK", "SUBSTATION_NAME": "Dixon's Store", "wmType": "SECONDARY UNDERGROUND", "WKT": "LINESTRING (-78.87566527269216 36.459950771718155, -78.87575574088854 36.460032976775686, -78.87595628765216 36.460070256976906, -78.8759915719613 36.46033944946898, -78.87601029030756 36.46032710915337)" }, "geometry": { "type": "LineString", "coordinates": [ [ -78.87566527269216, 36.459950771718155 ], [ -78.875755740888536, 36.460032976775686 ], [ -78.875956287652158, 36.460070256976906 ], [ -78.875991571961293, 36.460339449468982 ], [ -78.876010290307562, 36.460327109153368 ] ] } },
{ "type": "Feature", "properties": { "FEEDER_NAME": "MILLCREEK", "SUBSTATION_NAME": "Dixon's Store", "wmType": "SECONDARY UNDERGROUND", "WKT": "LINESTRING (-78.87021724363767 36.47291713541372, -78.87003364810178 36.4728894812156, -78.87002350419782 36.47285376546441, -78.86997593150974 36.47283174337992, -78.86985351014702 36.47283161381528, -78.86980592413903 36.472817831064084)" }, "geometry": { "type": "LineString", "coordinates": [ [ -78.870217243637669, 36.472917135413716 ], [ -78.870033648101781, 36.472889481215603 ], [ -78.870023504197817, 36.472853765464407 ], [ -78.869975931509742, 36.472831743379921 ], [ -78.869853510147024, 36.472831613815281 ], [ -78.86980592413903, 36.472817831064084 ] ] } },
{ "type": "Feature", "properties": { "FEEDER_NAME": "MILLCREEK", "SUBSTATION_NAME": "Dixon's Store", "wmType": "SECONDARY UNDERGROUND", "WKT": "LINESTRING (-78.8695136331938 36.47259785476728, -78.86952819514198 36.4725360863302, -78.86955545229215 36.47250453083723, -78.86960477409558 36.4724963437566, -78.86964554308828 36.47251973291044, -78.86969141074609 36.47254449979077, -78.86972710123125 36.47255414937289, -78.86975431480616 36.472548686170995, -78.86976283410523 36.472537709312064, -78.86976455224095 36.47252672524628, -78.86976969214855 36.47250338478263)" }, "geometry": { "type": "LineString", "coordinates": [ [ -78.869513633193804, 36.47259785476728 ], [ -78.869528195141982, 36.472536086330201 ], [ -78.869555452292147, 36.472504530837227 ], [ -78.869604774095578, 36.472496343756603 ], [ -78.869645543088282, 36.472519732910442 ], [ -78.869691410746086, 36.472544499790772 ], [ -78.869727101231248, 36.47255414937289 ], [ -78.869754314806158, 36.472548686170995 ], [ -78.869762834105231, 36.472537709312064 ], [ -78.869764552240952, 36.472526725246283 ], [ -78.869769692148552, 36.472503384782627 ] ] } },
{ "type": "Feature", "properties": { "FEEDER_NAME": "MILLCREEK", "SUBSTATION_NAME": "Dixon's Store", "wmType": "SECONDARY UNDERGROUND", "WKT": "LINESTRING (-78.86845187365363 36.47147333110488, -78.86879805546099 36.47107015064)" }, "geometry": { "type": "LineString", "coordinates": [ [ -78.868451873653626, 36.471473331104882 ], [ -78.868798055460985, 36.471070150640003 ] ] } },
{ "type": "Feature", "properties": { "FEEDER_NAME": "MILLCREEK", "SUBSTATION_NAME": "Dixon's Store", "wmType": "SECONDARY UNDERGROUND", "WKT": "LINESTRING (-78.86767289763048 36.471006129652835, -78.86791812514895 36.470662424567394)" }, "geometry": { "type": "LineString", "coordinates": [ [ -78.867672897630484, 36.471006129652835 ], [ -78.867918125148947, 36.470662424567394 ] ] } },
{ "type": "Feature", "properties": { "FEEDER_NAME": "MILLCREEK", "SUBSTATION_NAME": "Dixon's Store", "wmType": "SECONDARY UNDERGROUND", "WKT": "LINESTRING (-78.86532184484687 36.46984990246352, -78.86525704530656 36.46992744190609, -78.86512188701904 36.46992111408959)" }, "geometry": { "type": "LineString", "coordinates": [ [ -78.865321844846875, 36.469849902463523 ], [ -78.865257045306564, 36.469927441906087 ], [ -78.865121887019043, 36.469921114089587 ] ] } },
{ "type": "Feature", "properties": { "FEEDER_NAME": "MILLCREEK", "SUBSTATION_NAME": "Dixon's Store", "wmType": "SECONDARY UNDERGROUND", "WKT": "LINESTRING (-78.86454548239557 36.468681903971955, -78.86450910647291 36.46844415839829)" }, "geometry": { "type": "LineString", "coordinates": [ [ -78.86454548239557, 36.468681903971955 ], [ -78.864509106472909, 36.468444158398292 ] ] } },
{ "type": "Feature", "properties": { "FEEDER_NAME": "MILLCREEK", "SUBSTATION_NAME": "Dixon's Store", "wmType": "SECONDARY UNDERGROUND", "WKT": "LINESTRING (-78.86352327242152 36.46984465030332, -78.86295711492438 36.469542421590376)" }, "geometry": { "type": "LineString", "coordinates": [ [ -78.863523272421517, 36.469844650303322 ], [ -78.862957114924384, 36.469542421590376 ] ] } },
{ "type": "Feature", "properties": { "FEEDER_NAME": "MILLCREEK", "SUBSTATION_NAME": "Dixon's Store", "wmType": "SECONDARY UNDERGROUND", "WKT": "LINESTRING (-78.84733180256539 36.46588999274998, -78.84740272463439 36.46564096549548, -78.8479432599558 36.46528099016094)" }, "geometry": { "type": "LineString", "coordinates": [ [ -78.847331802565392, 36.465889992749979 ], [ -78.847402724634392, 36.465640965495481 ], [ -78.847943259955798, 36.465280990160942 ] ] } },
{ "type": "Feature", "properties": { "FEEDER_NAME": "MILLCREEK", "SUBSTATION_NAME": "Dixon's Store", "wmType": "SECONDARY UNDERGROUND", "WKT": "LINESTRING (-78.8479432599558 36.46528099016094, -78.84795544051308 36.46519591290802)" }, "geometry": { "type": "LineString", "coordinates": [ [ -78.847943259955798, 36.465280990160942 ], [ -78.847955440513076, 36.465195912908023 ] ] } },
{ "type": "Feature", "properties": { "FEEDER_NAME": "MILLCREEK", "SUBSTATION_NAME": "Dixon's Store", "wmType": "SECONDARY UNDERGROUND", "WKT": "LINESTRING (-78.84133807101581 36.46243140571442, -78.84077606009487 36.462308716061685)" }, "geometry": { "type": "LineString", "coordinates": [ [ -78.841338071015812, 36.462431405714419 ], [ -78.840776060094868, 36.462308716061685 ] ] } },
{ "type": "Feature", "properties": { "FEEDER_NAME": "MILLCREEK", "SUBSTATION_NAME": "Dixon's Store", "wmType": "SECONDARY UNDERGROUND", "WKT": "LINESTRING (-78.84133807101581 36.46243140571442, -78.84091807031886 36.46182840419297)" }, "geometry": { "type": "LineString", "coordinates": [ [ -78.841338071015812, 36.462431405714419 ], [ -78.840918070318864, 36.461828404192971 ] ] } },
{ "type": "Feature", "properties": { "FEEDER_NAME": "MILLCREEK", "SUBSTATION_NAME": "Dixon's Store", "wmType": "SECONDARY UNDERGROUND", "WKT": "LINESTRING (-78.84226463156696 36.4628418097242, -78.84185005962402 36.463043283387684)" }, "geometry": { "type": "LineString", "coordinates": [ [ -78.842264631566962, 36.462841809724203 ], [ -78.841850059624022, 36.463043283387684 ] ] } },
{ "type": "Feature", "properties": { "FEEDER_NAME": "MILLCREEK", "SUBSTATION_NAME": "Dixon's Store", "wmType": "SECONDARY UNDERGROUND", "WKT": "LINESTRING (-78.84226463156696 36.4628418097242, -78.84219503866846 36.463195936982146)" }, "geometry": { "type": "LineString", "coordinates": [ [ -78.842264631566962, 36.462841809724203 ], [ -78.842195038668464, 36.463195936982146 ] ] } },
{ "type": "Feature", "properties": { "FEEDER_NAME": "MILLCREEK", "SUBSTATION_NAME": "Dixon's Store", "wmType": "SECONDARY UNDERGROUND", "WKT": "LINESTRING (-78.84336396859402 36.46155859830819, -78.843039828261 36.46137327340896)" }, "geometry": { "type": "LineString", "coordinates": [ [ -78.843363968594019, 36.461558598308187 ], [ -78.843039828260999, 36.46137327340896 ] ] } },
{ "type": "Feature", "properties": { "FEEDER_NAME": "MILLCREEK", "SUBSTATION_NAME": "Dixon's Store", "wmType": "SECONDARY UNDERGROUND", "WKT": "LINESTRING (-78.84351107586684 36.46202240433376, -78.84344827036868 36.46221377474615, -78.84368362767118 36.46230099778781, -78.84368544949994 36.46232437859085, -78.84368758910324 36.46235184438731, -78.84367129465497 36.46237806397219, -78.84363675540116 36.462389501576034)" }, "geometry": { "type": "LineString", "coordinates": [ [ -78.843511075866843, 36.462022404333759 ], [ -78.843448270368683, 36.462213774746147 ], [ -78.843683627671183, 36.462300997787807 ], [ -78.843685449499944, 36.46232437859085 ], [ -78.84368758910324, 36.462351844387307 ], [ -78.843671294654968, 36.462378063972189 ], [ -78.843636755401164, 36.462389501576034 ] ] } },
{ "type": "Feature", "properties": { "FEEDER_NAME": "MILLCREEK", "SUBSTATION_NAME": "Dixon's Store", "wmType": "SECONDARY UNDERGROUND", "WKT": "LINESTRING (-78.84363675540116 36.462389501576034, -78.84367301762875 36.4623823417819, -78.84369395948085 36.46235837179359, -78.84369835972244 36.4622974194191)" }, "geometry": { "type": "LineString", "coordinates": [ [ -78.843636755401164, 36.462389501576034 ], [ -78.843673017628745, 36.462382341781897 ], [ -78.843693959480845, 36.462358371793592 ], [ -78.843698359722438, 36.462297419419102 ] ] } },
{ "type": "Feature", "properties": { "FEEDER_NAME": "MILLCREEK", "SUBSTATION_NAME": "Dixon's Store", "wmType": "SECONDARY UNDERGROUND", "WKT": "LINESTRING (-78.84626861647018 36.46261255265646, -78.84643304317235 36.46282663730087)" }, "geometry": { "type": "LineString", "coordinates": [ [ -78.846268616470184, 36.462612552656459 ], [ -78.846433043172354, 36.462826637300871 ] ] } },
{ "type": "Feature", "properties": { "FEEDER_NAME": "MILLCREEK", "SUBSTATION_NAME": "Dixon's Store", "wmType": "SECONDARY UNDERGROUND", "WKT": "LINESTRING (-78.84626861647018 36.46261255265646, -78.84667952586919 36.462394880622995)" }, "geometry": { "type": "LineString", "coordinates": [ [ -78.846268616470184, 36.462612552656459 ], [ -78.846679525869192, 36.462394880622995 ] ] } },
{ "type": "Feature", "properties": { "FEEDER_NAME": "MILLCREEK", "SUBSTATION_NAME": "Dixon's Store", "wmType": "SECONDARY UNDERGROUND", "WKT": "LINESTRING (-78.84563720967193 36.46326320209532, -78.8455205036176 36.4634505544943, -78.8455288612464 36.463524721020725, -78.84560011578735 36.46360308540595, -78.84568682905989 36.46367083733855, -78.84575152003242 36.46372480391145, -78.84582769161189 36.463726962958226)" }, "geometry": { "type": "LineString", "coordinates": [ [ -78.845637209671935, 36.46326320209532 ], [ -78.845520503617607, 36.463450554494301 ], [ -78.845528861246393, 36.463524721020725 ], [ -78.845600115787349, 36.46360308540595 ], [ -78.845686829059886, 36.463670837338547 ], [ -78.845751520032422, 36.463724803911447 ], [ -78.845827691611888, 36.463726962958226 ] ] } },
{ "type": "Feature", "properties": { "FEEDER_NAME": "MILLCREEK", "SUBSTATION_NAME": "Dixon's Store", "wmType": "SECONDARY UNDERGROUND", "WKT": "LINESTRING (-78.84563720967193 36.46326320209532, -78.84618097173346 36.463583744965106)" }, "geometry": { "type": "LineString", "coordinates": [ [ -78.845637209671935, 36.46326320209532 ], [ -78.84618097173346, 36.463583744965106 ] ] } },
{ "type": "Feature", "properties": { "FEEDER_NAME": "MILLCREEK", "SUBSTATION_NAME": "Dixon's Store", "wmType": "SECONDARY UNDERGROUND", "WKT": "LINESTRING (-78.84618097173346 36.463583744965106, -78.84612051854043 36.463633266422455)" }, "geometry": { "type": "LineString", "coordinates": [ [ -78.84618097173346, 36.463583744965106 ], [ -78.846120518540431, 36.463633266422455 ] ] } },
{ "type": "Feature", "properties": { "FEEDER_NAME": "MILLCREEK", "SUBSTATION_NAME": "Dixon's Store", "wmType": "SECONDARY UNDERGROUND", "WKT": "LINESTRING (-78.84563720967193 36.46326320209532, -78.8456074248113 36.463292009995406, -78.84550973222551 36.46344514710109, -78.84551842099393 36.463530982104345, -78.8455878455824 36.46360667790638, -78.84568409865489 36.46368740112973)" }, "geometry": { "type": "LineString", "coordinates": [ [ -78.845637209671935, 36.46326320209532 ], [ -78.845607424811305, 36.463292009995406 ], [ -78.845509732225509, 36.463445147101091 ], [ -78.845518420993926, 36.463530982104345 ], [ -78.845587845582401, 36.463606677906377 ], [ -78.845684098654885, 36.463687401129732 ] ] } },
{ "type": "Feature", "properties": { "FEEDER_NAME": "MILLCREEK", "SUBSTATION_NAME": "Dixon's Store", "wmType": "SECONDARY UNDERGROUND", "WKT": "LINESTRING (-78.84491440080484 36.46347129988025, -78.84487589646076 36.463302891145965)" }, "geometry": { "type": "LineString", "coordinates": [ [ -78.844914400804839, 36.463471299880247 ], [ -78.844875896460763, 36.463302891145965 ] ] } },
{ "type": "Feature", "properties": { "FEEDER_NAME": "MILLCREEK", "SUBSTATION_NAME": "Dixon's Store", "wmType": "SECONDARY UNDERGROUND", "WKT": "LINESTRING (-78.84487589646076 36.463302891145965, -78.84515391493609 36.462752374746096)" }, "geometry": { "type": "LineString", "coordinates": [ [ -78.844875896460763, 36.463302891145965 ], [ -78.845153914936091, 36.462752374746096 ] ] } },
{ "type": "Feature", "properties": { "FEEDER_NAME": "MILLCREEK", "SUBSTATION_NAME": "Dixon's Store", "wmType": "SECONDARY UNDERGROUND", "WKT": "LINESTRING (-78.84428040772049 36.46322092479033, -78.84424611361834 36.46296875332448)" }, "geometry": { "type": "LineString", "coordinates": [ [ -78.84428040772049, 36.463220924790328 ], [ -78.84424611361834, 36.462968753324482 ] ] } },
{ "type": "Feature", "properties": { "FEEDER_NAME": "MILLCREEK", "SUBSTATION_NAME": "Dixon's Store", "wmType": "SECONDARY UNDERGROUND", "WKT": "LINESTRING (-78.84428040772049 36.46322092479033, -78.84413494159998 36.462835095093446)" }, "geometry": { "type": "LineString", "coordinates": [ [ -78.84428040772049, 36.463220924790328 ], [ -78.844134941599975, 36.462835095093446 ] ] } },
{ "type": "Feature", "properties": { "FEEDER_NAME": "MILLCREEK", "SUBSTATION_NAME": "Dixon's Store", "wmType": "SECONDARY UNDERGROUND", "WKT": "LINESTRING (-78.84361096113811 36.4631763778471, -78.84336848264361 36.463227560265516)" }, "geometry": { "type": "LineString", "coordinates": [ [ -78.843610961138111, 36.463176377847098 ], [ -78.843368482643612, 36.463227560265516 ] ] } },
{ "type": "Feature", "properties": { "FEEDER_NAME": "MILLCREEK", "SUBSTATION_NAME": "Dixon's Store", "wmType": "SECONDARY UNDERGROUND", "WKT": "LINESTRING (-78.8425224411799 36.463755348858655, -78.842124402831 36.46363638697355)" }, "geometry": { "type": "LineString", "coordinates": [ [ -78.842522441179895, 36.463755348858655 ], [ -78.842124402831004, 36.463636386973548 ] ] } },
{ "type": "Feature", "properties": { "FEEDER_NAME": "MILLCREEK", "SUBSTATION_NAME": "Dixon's Store", "wmType": "SECONDARY UNDERGROUND", "WKT": "LINESTRING (-78.84389538186502 36.46532776333643, -78.84409504367906 36.46493412435749)" }, "geometry": { "type": "LineString", "coordinates": [ [ -78.843895381865025, 36.465327763336433 ], [ -78.844095043679062, 36.464934124357491 ] ] } },
{ "type": "Feature", "properties": { "FEEDER_NAME": "MILLCREEK", "SUBSTATION_NAME": "Dixon's Store", "wmType": "SECONDARY UNDERGROUND", "WKT": "LINESTRING (-78.84358368856498 36.465705586045836, -78.84340908442003 36.46598306120323)" }, "geometry": { "type": "LineString", "coordinates": [ [ -78.843583688564976, 36.465705586045836 ], [ -78.843409084420031, 36.465983061203232 ] ] } },
{ "type": "Feature", "properties": { "FEEDER_NAME": "MILLCREEK", "SUBSTATION_NAME": "Dixon's Store", "wmType": "SECONDARY UNDERGROUND", "WKT": "LINESTRING (-78.84358368856498 36.465705586045836, -78.843336551886 36.46619395050137)" }, "geometry": { "type": "LineString", "coordinates": [ [ -78.843583688564976, 36.465705586045836 ], [ -78.843336551885997, 36.466193950501371 ] ] } },
{ "type": "Feature", "properties": { "FEEDER_NAME": "MILLCREEK", "SUBSTATION_NAME": "Dixon's Store", "wmType": "SECONDARY UNDERGROUND", "WKT": "LINESTRING (-78.8451400580196 36.4659966792157, -78.8452078183582 36.46591831862657)" }, "geometry": { "type": "LineString", "coordinates": [ [ -78.845140058019595, 36.465996679215699 ], [ -78.845207818358205, 36.465918318626571 ] ] } },
{ "type": "Feature", "properties": { "FEEDER_NAME": "MILLCREEK", "SUBSTATION_NAME": "Dixon's Store", "wmType": "SECONDARY UNDERGROUND", "WKT": "LINESTRING (-78.84620257499984 36.466198947236144, -78.8462984745662 36.465859615347895, -78.84633113004767 36.4656756409519, -78.84632705298796 36.46555145122122, -78.84634501541174 36.465527348242524)" }, "geometry": { "type": "LineString", "coordinates": [ [ -78.846202574999836, 36.466198947236144 ], [ -78.846298474566197, 36.465859615347895 ], [ -78.846331130047673, 36.465675640951901 ], [ -78.846327052987959, 36.465551451221224 ], [ -78.846345015411742, 36.465527348242524 ] ] } },
{ "type": "Feature", "properties": { "FEEDER_NAME": "MILLCREEK", "SUBSTATION_NAME": "Dixon's Store", "wmType": "SECONDARY UNDERGROUND", "WKT": "LINESTRING (-78.84028051057432 36.47244068628435, -78.84060954024459 36.47256260427613)" }, "geometry": { "type": "LineString", "coordinates": [ [ -78.840280510574317, 36.472440686284351 ], [ -78.840609540244586, 36.472562604276128 ] ] } },
{ "type": "Feature", "properties": { "FEEDER_NAME": "MILLCREEK", "SUBSTATION_NAME": "Dixon's Store", "wmType": "SECONDARY UNDERGROUND", "WKT": "LINESTRING (-78.84621701247472 36.470851343910674, -78.84591023013068 36.47154654490179)" }, "geometry": { "type": "LineString", "coordinates": [ [ -78.846217012474725, 36.470851343910674 ], [ -78.845910230130684, 36.471546544901791 ] ] } },
{ "type": "Feature", "properties": { "FEEDER_NAME": "MILLCREEK", "SUBSTATION_NAME": "Dixon's Store", "wmType": "SECONDARY UNDERGROUND", "WKT": "LINESTRING (-78.84621701247472 36.470851343910674, -78.84636302214773 36.471430938929785)" }, "geometry": { "type": "LineString", "coordinates": [ [ -78.846217012474725, 36.470851343910674 ], [ -78.846363022147727, 36.471430938929785 ] ] } },
{ "type": "Feature", "properties": { "FEEDER_NAME": "MILLCREEK", "SUBSTATION_NAME": "Dixon's Store", "wmType": "SECONDARY UNDERGROUND", "WKT": "LINESTRING (-78.84950733862662 36.467401714108696, -78.84900737752011 36.467383742575386)" }, "geometry": { "type": "LineString", "coordinates": [ [ -78.849507338626623, 36.467401714108696 ], [ -78.84900737752011, 36.467383742575386 ] ] } },
{ "type": "Feature", "properties": { "FEEDER_NAME": "MILLCREEK", "SUBSTATION_NAME": "Dixon's Store", "wmType": "SECONDARY UNDERGROUND", "WKT": "LINESTRING (-78.85017286946852 36.46550443017977, -78.84991267024013 36.46543475860232)" }, "geometry": { "type": "LineString", "coordinates": [ [ -78.850172869468523, 36.46550443017977 ], [ -78.84991267024013, 36.465434758602321 ] ] } },
{ "type": "Feature", "properties": { "FEEDER_NAME": "MILLCREEK", "SUBSTATION_NAME": "Dixon's Store", "wmType": "SECONDARY UNDERGROUND", "WKT": "LINESTRING (-78.85497495767343 36.466432983183935, -78.85511962863366 36.4667881589954)" }, "geometry": { "type": "LineString", "coordinates": [ [ -78.854974957673434, 36.466432983183935 ], [ -78.855119628633659, 36.466788158995399 ] ] } },
{ "type": "Feature", "properties": { "FEEDER_NAME": "MILLCREEK", "SUBSTATION_NAME": "Dixon's Store", "wmType": "SECONDARY UNDERGROUND", "WKT": "LINESTRING (-78.85511962863366 36.4667881589954, -78.85531023015554 36.46673475056628)" }, "geometry": { "type": "LineString", "coordinates": [ [ -78.855119628633659, 36.466788158995399 ], [ -78.855310230155538, 36.466734750566282 ] ] } },
{ "type": "Feature", "properties": { "FEEDER_NAME": "MILLCREEK", "SUBSTATION_NAME": "Dixon's Store", "wmType": "SECONDARY UNDERGROUND", "WKT": "LINESTRING (-78.85483954216954 36.46615894379849, -78.8547682083996 36.46608421253279, -78.85473530079318 36.465972744694625, -78.85471232664625 36.46595782994825, -78.85463223882265 36.46597066930267)" }, "geometry": { "type": "LineString", "coordinates": [ [ -78.854839542169543, 36.46615894379849 ], [ -78.854768208399605, 36.466084212532792 ], [ -78.85473530079318, 36.465972744694625 ], [ -78.854712326646251, 36.465957829948252 ], [ -78.854632238822646, 36.465970669302671 ] ] } },
{ "type": "Feature", "properties": { "FEEDER_NAME": "MILLCREEK", "SUBSTATION_NAME": "Dixon's Store", "wmType": "SECONDARY UNDERGROUND", "WKT": "LINESTRING (-78.85599143292575 36.46388870496731, -78.8554295299623 36.463694913660085)" }, "geometry": { "type": "LineString", "coordinates": [ [ -78.855991432925748, 36.46388870496731 ], [ -78.855429529962294, 36.463694913660085 ] ] } },
{ "type": "Feature", "properties": { "FEEDER_NAME": "MILLCREEK", "SUBSTATION_NAME": "Dixon's Store", "wmType": "SECONDARY UNDERGROUND", "WKT": "LINESTRING (-78.8554295299623 36.463694913660085, -78.85557597037094 36.46386380183872)" }, "geometry": { "type": "LineString", "coordinates": [ [ -78.855429529962294, 36.463694913660085 ], [ -78.855575970370936, 36.46386380183872 ] ] } },
{ "type": "Feature", "properties": { "FEEDER_NAME": "MILLCREEK", "SUBSTATION_NAME": "Dixon's Store", "wmType": "SECONDARY UNDERGROUND", "WKT": "LINESTRING (-78.85810030340929 36.46778081617037, -78.85865859912059 36.46796565468321)" }, "geometry": { "type": "LineString", "coordinates": [ [ -78.858100303409287, 36.467780816170368 ], [ -78.858658599120588, 36.467965654683212 ] ] } },
{ "type": "Feature", "properties": { "FEEDER_NAME": "MILLCREEK", "SUBSTATION_NAME": "Dixon's Store", "wmType": "SECONDARY UNDERGROUND", "WKT": "LINESTRING (-78.85776313557554 36.46765741155802, -78.85767692820266 36.46765598447603, -78.85759700124163 36.467665504572636, -78.85749324346999 36.46769147586345, -78.85742352357684 36.467698261202415, -78.85737081531997 36.46769957328632, -78.85734020950025 36.46770091100463, -78.8573232345039 36.46768578566426, -78.85732496890128 36.46766656232294)" }, "geometry": { "type": "LineString", "coordinates": [ [ -78.857763135575539, 36.467657411558022 ], [ -78.857676928202665, 36.467655984476032 ], [ -78.857597001241629, 36.467665504572636 ], [ -78.857493243469989, 36.467691475863447 ], [ -78.857423523576841, 36.467698261202415 ], [ -78.857370815319968, 36.467699573286318 ], [ -78.857340209500251, 36.467700911004627 ], [ -78.857323234503895, 36.467685785664258 ], [ -78.857324968901281, 36.46766656232294 ] ] } },
{ "type": "Feature", "properties": { "FEEDER_NAME": "MILLCREEK", "SUBSTATION_NAME": "Dixon's Store", "wmType": "SECONDARY UNDERGROUND", "WKT": "LINESTRING (-78.85865859912059 36.46796565468321, -78.8583630538896 36.467721850083876)" }, "geometry": { "type": "LineString", "coordinates": [ [ -78.858658599120588, 36.467965654683212 ], [ -78.858363053889605, 36.467721850083876 ] ] } },
{ "type": "Feature", "properties": { "FEEDER_NAME": "MILLCREEK", "SUBSTATION_NAME": "Dixon's Store", "wmType": "SECONDARY UNDERGROUND", "WKT": "LINESTRING (-78.85790760333208 36.467895616763016, -78.85774453892567 36.4681494359663)" }, "geometry": { "type": "LineString", "coordinates": [ [ -78.85790760333208, 36.467895616763016 ], [ -78.857744538925672, 36.468149435966303 ] ] } },
{ "type": "Feature", "properties": { "FEEDER_NAME": "MILLCREEK", "SUBSTATION_NAME": "Dixon's Store", "wmType": "SECONDARY UNDERGROUND", "WKT": "LINESTRING (-78.85871900533489 36.4690735576444, -78.85826316160369 36.46892056277403)" }, "geometry": { "type": "LineString", "coordinates": [ [ -78.858719005334891, 36.4690735576444 ], [ -78.858263161603688, 36.468920562774031 ] ] } },
{ "type": "Feature", "properties": { "FEEDER_NAME": "MILLCREEK", "SUBSTATION_NAME": "Dixon's Store", "wmType": "SECONDARY UNDERGROUND", "WKT": "LINESTRING (-78.86170932990586 36.471396361503515, -78.86138652803137 36.47163870305489)" }, "geometry": { "type": "LineString", "coordinates": [ [ -78.861709329905864, 36.471396361503515 ], [ -78.861386528031375, 36.471638703054893 ] ] } },
{ "type": "Feature", "properties": { "FEEDER_NAME": "MILLCREEK", "SUBSTATION_NAME": "Dixon's Store", "wmType": "SECONDARY UNDERGROUND", "WKT": "LINESTRING (-78.86170932990586 36.471396361503515, -78.86149543031047 36.47149796003411)" }, "geometry": { "type": "LineString", "coordinates": [ [ -78.861709329905864, 36.471396361503515 ], [ -78.86149543031047, 36.471497960034107 ] ] } },
{ "type": "Feature", "properties": { "FEEDER_NAME": "MILLCREEK", "SUBSTATION_NAME": "Dixon's Store", "wmType": "SECONDARY UNDERGROUND", "WKT": "LINESTRING (-78.86001819645024 36.47895850925218, -78.86040513437523 36.47908423409255)" }, "geometry": { "type": "LineString", "coordinates": [ [ -78.860018196450241, 36.47895850925218 ], [ -78.860405134375227, 36.479084234092547 ] ] } },
{ "type": "Feature", "properties": { "FEEDER_NAME": "MILLCREEK", "SUBSTATION_NAME": "Dixon's Store", "wmType": "SECONDARY UNDERGROUND", "WKT": "LINESTRING (-78.86725207632111 36.467690892422084, -78.86697300843977 36.4675907632074)" }, "geometry": { "type": "LineString", "coordinates": [ [ -78.867252076321108, 36.467690892422084 ], [ -78.866973008439771, 36.467590763207397 ] ] } },
{ "type": "Feature", "properties": { "FEEDER_NAME": "MILLCREEK", "SUBSTATION_NAME": "Dixon's Store", "wmType": "SECONDARY UNDERGROUND", "WKT": "LINESTRING (-78.88543103949087 36.458596615222156, -78.88545152234079 36.458622931433126, -78.88551364379771 36.45867987089263, -78.88569195736292 36.45870417681257, -78.88587227827149 36.45861920316944, -78.88589716401819 36.458624402982295)" }, "geometry": { "type": "LineString", "coordinates": [ [ -78.885431039490868, 36.458596615222156 ], [ -78.885451522340787, 36.458622931433126 ], [ -78.885513643797708, 36.458679870892631 ], [ -78.885691957362923, 36.458704176812567 ], [ -78.885872278271492, 36.458619203169441 ], [ -78.885897164018189, 36.458624402982295 ] ] } },
{ "type": "Feature", "properties": { "FEEDER_NAME": "MILLCREEK", "SUBSTATION_NAME": "Dixon's Store", "wmType": "SECONDARY UNDERGROUND", "WKT": "LINESTRING (-78.88480016153285 36.45876540323748, -78.88515371166785 36.45905116919893)" }, "geometry": { "type": "LineString", "coordinates": [ [ -78.884800161532851, 36.458765403237479 ], [ -78.885153711667854, 36.459051169198929 ] ] } },
{ "type": "Feature", "properties": { "FEEDER_NAME": "MILLCREEK", "SUBSTATION_NAME": "Dixon's Store", "wmType": "SECONDARY UNDERGROUND", "WKT": "LINESTRING (-78.8839301598214 36.459405403667795, -78.88399459264392 36.45939874695873, -78.88424337660436 36.45957060385944, -78.88421542935228 36.45962825382639, -78.88417537444523 36.45962874591634)" }, "geometry": { "type": "LineString", "coordinates": [ [ -78.883930159821404, 36.459405403667795 ], [ -78.883994592643916, 36.459398746958733 ], [ -78.88424337660436, 36.45957060385944 ], [ -78.884215429352281, 36.459628253826388 ], [ -78.884175374445235, 36.459628745916341 ] ] } },
{ "type": "Feature", "properties": { "FEEDER_NAME": "MILLCREEK", "SUBSTATION_NAME": "Dixon's Store", "wmType": "SECONDARY UNDERGROUND", "WKT": "LINESTRING (-78.85792154745823 36.4821933016038, -78.85795055288416 36.482174480260184, -78.85797221789413 36.482072228577145, -78.85797214481336 36.48206687253956)" }, "geometry": { "type": "LineString", "coordinates": [ [ -78.857921547458233, 36.4821933016038 ], [ -78.857950552884162, 36.482174480260184 ], [ -78.85797221789413, 36.482072228577145 ], [ -78.85797214481336, 36.482066872539562 ] ] } },
{ "type": "Feature", "properties": { "FEEDER_NAME": "MILLCREEK", "SUBSTATION_NAME": "Dixon's Store", "wmType": "SECONDARY UNDERGROUND", "WKT": "LINESTRING (-78.85817950753786 36.47801550283923, -78.85862101874929 36.47819049388129)" }, "geometry": { "type": "LineString", "coordinates": [ [ -78.858179507537855, 36.478015502839227 ], [ -78.85862101874929, 36.478190493881293 ] ] } },
{ "type": "Feature", "properties": { "FEEDER_NAME": "MILLCREEK", "SUBSTATION_NAME": "Dixon's Store", "wmType": "SECONDARY UNDERGROUND", "WKT": "LINESTRING (-78.85313931781067 36.475099631344484, -78.8532029252235 36.47518463429007)" }, "geometry": { "type": "LineString", "coordinates": [ [ -78.853139317810673, 36.475099631344484 ], [ -78.853202925223499, 36.475184634290073 ] ] } },
{ "type": "Feature", "properties": { "FEEDER_NAME": "MILLCREEK", "SUBSTATION_NAME": "Dixon's Store", "wmType": "SECONDARY UNDERGROUND", "WKT": "LINESTRING (-78.85676410979796 36.47734143023585, -78.8567517710443 36.47745555003273)" }, "geometry": { "type": "LineString", "coordinates": [ [ -78.856764109797965, 36.477341430235853 ], [ -78.856751771044301, 36.47745555003273 ] ] } },
{ "type": "Feature", "properties": { "FEEDER_NAME": "MILLCREEK", "SUBSTATION_NAME": "Dixon's Store", "wmType": "SECONDARY UNDERGROUND", "WKT": "LINESTRING (-78.86606778483882 36.46823548369664, -78.86629378148534 36.468280810566256, -78.86634669371621 36.46817400236605)" }, "geometry": { "type": "LineString", "coordinates": [ [ -78.866067784838819, 36.468235483696638 ], [ -78.866293781485339, 36.468280810566256 ], [ -78.86634669371621, 36.468174002366048 ] ] } },
{ "type": "Feature", "properties": { "FEEDER_NAME": "MILLCREEK", "SUBSTATION_NAME": "Dixon's Store", "wmType": "SECONDARY UNDERGROUND", "WKT": "LINESTRING (-78.87072084079037 36.46952123355998, -78.87013794515124 36.46987065776393)" }, "geometry": { "type": "LineString", "coordinates": [ [ -78.870720840790369, 36.469521233559981 ], [ -78.870137945151242, 36.469870657763927 ] ] } },
{ "type": "Feature", "properties": { "FEEDER_NAME": "MILLCREEK", "SUBSTATION_NAME": "Dixon's Store", "wmType": "SECONDARY UNDERGROUND", "WKT": "LINESTRING (-78.87072084079037 36.46952123355998, -78.87024732576812 36.469887308003635)" }, "geometry": { "type": "LineString", "coordinates": [ [ -78.870720840790369, 36.469521233559981 ], [ -78.870247325768119, 36.469887308003635 ] ] } },
{ "type": "Feature", "properties": { "FEEDER_NAME": "MILLCREEK", "SUBSTATION_NAME": "Dixon's Store", "wmType": "SECONDARY UNDERGROUND", "WKT": "LINESTRING (-78.87255778261085 36.47283051699843, -78.87275400288905 36.47307886140909)" }, "geometry": { "type": "LineString", "coordinates": [ [ -78.872557782610855, 36.472830516998428 ], [ -78.872754002889053, 36.473078861409093 ] ] } },
{ "type": "Feature", "properties": { "FEEDER_NAME": "MILLCREEK", "SUBSTATION_NAME": "Dixon's Store", "wmType": "SECONDARY UNDERGROUND", "WKT": "LINESTRING (-78.87255778261085 36.47283051699843, -78.87236858559982 36.473125344633225)" }, "geometry": { "type": "LineString", "coordinates": [ [ -78.872557782610855, 36.472830516998428 ], [ -78.872368585599816, 36.473125344633225 ] ] } },
{ "type": "Feature", "properties": { "FEEDER_NAME": "MILLCREEK", "SUBSTATION_NAME": "Dixon's Store", "wmType": "SECONDARY UNDERGROUND", "WKT": "LINESTRING (-78.87206372126559 36.47228966161358, -78.87152510281517 36.472391164386416)" }, "geometry": { "type": "LineString", "coordinates": [ [ -78.87206372126559, 36.47228966161358 ], [ -78.87152510281517, 36.472391164386416 ] ] } },
{ "type": "Feature", "properties": { "FEEDER_NAME": "MILLCREEK", "SUBSTATION_NAME": "Dixon's Store", "wmType": "SECONDARY UNDERGROUND", "WKT": "LINESTRING (-78.87162008264328 36.47124842107242, -78.87203174556637 36.47137706056712)" }, "geometry": { "type": "LineString", "coordinates": [ [ -78.871620082643275, 36.471248421072417 ], [ -78.872031745566375, 36.471377060567121 ] ] } },
{ "type": "Feature", "properties": { "FEEDER_NAME": "MILLCREEK", "SUBSTATION_NAME": "Dixon's Store", "wmType": "SECONDARY UNDERGROUND", "WKT": "LINESTRING (-78.87556949773663 36.47186475518149, -78.87554131371803 36.47222482716234)" }, "geometry": { "type": "LineString", "coordinates": [ [ -78.875569497736635, 36.471864755181493 ], [ -78.875541313718031, 36.472224827162343 ] ] } },
{ "type": "Feature", "properties": { "FEEDER_NAME": "MILLCREEK", "SUBSTATION_NAME": "Dixon's Store", "wmType": "SECONDARY UNDERGROUND", "WKT": "LINESTRING (-78.87740447154452 36.46991069353036, -78.878055665035 36.46959214917574)" }, "geometry": { "type": "LineString", "coordinates": [ [ -78.877404471544523, 36.469910693530359 ], [ -78.878055665035006, 36.469592149175739 ] ] } },
{ "type": "Feature", "properties": { "FEEDER_NAME": "MILLCREEK", "SUBSTATION_NAME": "Dixon's Store", "wmType": "SECONDARY UNDERGROUND", "WKT": "LINESTRING (-78.87901942375257 36.475473783111504, -78.87941153331262 36.47563237138867)" }, "geometry": { "type": "LineString", "coordinates": [ [ -78.879019423752567, 36.475473783111504 ], [ -78.87941153331262, 36.47563237138867 ] ] } },
{ "type": "Feature", "properties": { "FEEDER_NAME": "MILLCREEK", "SUBSTATION_NAME": "Dixon's Store", "wmType": "SECONDARY UNDERGROUND", "WKT": "LINESTRING (-78.87740624219646 36.47288463445616, -78.87703960828627 36.47319192519407)" }, "geometry": { "type": "LineString", "coordinates": [ [ -78.877406242196457, 36.472884634456157 ], [ -78.877039608286267, 36.473191925194072 ] ] } },
{ "type": "Feature", "properties": { "FEEDER_NAME": "MILLCREEK", "SUBSTATION_NAME": "Dixon's Store", "wmType": "SECONDARY UNDERGROUND", "WKT": "LINESTRING (-78.87353538533382 36.470137999938956, -78.87342531848655 36.47039991727498)" }, "geometry": { "type": "LineString", "coordinates": [ [ -78.873535385333824, 36.470137999938956 ], [ -78.873425318486554, 36.470399917274982 ] ] } },
{ "type": "Feature", "properties": { "FEEDER_NAME": "MILLCREEK", "SUBSTATION_NAME": "Dixon's Store", "wmType": "SECONDARY UNDERGROUND", "WKT": "LINESTRING (-78.87222644755813 36.469254448977225, -78.87174358153229 36.46964028908751)" }, "geometry": { "type": "LineString", "coordinates": [ [ -78.872226447558134, 36.469254448977225 ], [ -78.871743581532286, 36.469640289087508 ] ] } },
{ "type": "Feature", "properties": { "FEEDER_NAME": "MILLCREEK", "SUBSTATION_NAME": "Dixon's Store", "wmType": "SECONDARY UNDERGROUND", "WKT": "LINESTRING (-78.87034302716295 36.46829398127215, -78.86995144141133 36.4683951692101, -78.8699190098416 36.46851786855856)" }, "geometry": { "type": "LineString", "coordinates": [ [ -78.870343027162946, 36.468293981272147 ], [ -78.869951441411331, 36.468395169210098 ], [ -78.869919009841595, 36.468517868558557 ] ] } },
{ "type": "Feature", "properties": { "FEEDER_NAME": "MILLCREEK", "SUBSTATION_NAME": "Dixon's Store", "wmType": "SECONDARY UNDERGROUND", "WKT": "LINESTRING (-78.8699190098416 36.46851786855856, -78.86993280423509 36.46852904117284)" }, "geometry": { "type": "LineString", "coordinates": [ [ -78.869919009841595, 36.468517868558557 ], [ -78.869932804235091, 36.468529041172843 ] ] } },
{ "type": "Feature", "properties": { "FEEDER_NAME": "MILLCREEK", "SUBSTATION_NAME": "Dixon's Store", "wmType": "SECONDARY UNDERGROUND", "WKT": "LINESTRING (-78.86930852389195 36.46900018731144, -78.8695013952488 36.46936327496715)" }, "geometry": { "type": "LineString", "coordinates": [ [ -78.869308523891945, 36.469000187311437 ], [ -78.869501395248804, 36.469363274967151 ] ] } },
{ "type": "Feature", "properties": { "FEEDER_NAME": "MILLCREEK", "SUBSTATION_NAME": "Dixon's Store", "wmType": "SECONDARY UNDERGROUND", "WKT": "LINESTRING (-78.88249417108727 36.456452218895635, -78.88236676362166 36.45648207776852, -78.88231275220615 36.456457750031134, -78.88225066998548 36.45641403138259, -78.88222354029405 36.45636061453014, -78.8824272235013 36.45623784895026, -78.88254173305495 36.456103346843506)" }, "geometry": { "type": "LineString", "coordinates": [ [ -78.882494171087274, 36.456452218895635 ], [ -78.882366763621661, 36.45648207776852 ], [ -78.882312752206147, 36.456457750031134 ], [ -78.882250669985481, 36.456414031382593 ], [ -78.882223540294049, 36.456360614530141 ], [ -78.882427223501296, 36.456237848950259 ], [ -78.88254173305495, 36.456103346843506 ] ] } },
{ "type": "Feature", "properties": { "FEEDER_NAME": "MILLCREEK", "SUBSTATION_NAME": "Dixon's Store", "wmType": "SECONDARY UNDERGROUND", "WKT": "LINESTRING (-78.86932631107489 36.46799691652426, -78.86965874611286 36.46779262353609)" }, "geometry": { "type": "LineString", "coordinates": [ [ -78.869326311074886, 36.467996916524257 ], [ -78.869658746112862, 36.467792623536091 ] ] } },
{ "type": "Feature", "properties": { "FEEDER_NAME": "MILLCREEK", "SUBSTATION_NAME": "Dixon's Store", "wmType": "SECONDARY UNDERGROUND", "WKT": "LINESTRING (-78.86754758447354 36.468421160834886, -78.86736546509964 36.468649695198046)" }, "geometry": { "type": "LineString", "coordinates": [ [ -78.867547584473542, 36.468421160834886 ], [ -78.867365465099638, 36.468649695198046 ] ] } },
{ "type": "Feature", "properties": { "FEEDER_NAME": "MILLCREEK", "SUBSTATION_NAME": "Dixon's Store", "wmType": "SECONDARY UNDERGROUND", "WKT": "LINESTRING (-78.86725207632111 36.467690892422084, -78.86707923758648 36.46759631883495)" }, "geometry": { "type": "LineString", "coordinates": [ [ -78.867252076321108, 36.467690892422084 ], [ -78.867079237586481, 36.46759631883495 ] ] } },
{ "type": "Feature", "properties": { "FEEDER_NAME": "MILLCREEK", "SUBSTATION_NAME": "Dixon's Store", "wmType": "SECONDARY UNDERGROUND", "WKT": "LINESTRING (-78.86862709986175 36.46508382501296, -78.86906531924168 36.46504658619135)" }, "geometry": { "type": "LineString", "coordinates": [ [ -78.868627099861754, 36.465083825012961 ], [ -78.869065319241685, 36.465046586191349 ] ] } },
{ "type": "Feature", "properties": { "FEEDER_NAME": "MILLCREEK", "SUBSTATION_NAME": "Dixon's Store", "wmType": "SECONDARY UNDERGROUND", "WKT": "LINESTRING (-78.86785244416706 36.46202409059611, -78.86760477064185 36.462380703336294)" }, "geometry": { "type": "LineString", "coordinates": [ [ -78.867852444167056, 36.46202409059611 ], [ -78.867604770641847, 36.462380703336294 ] ] } },
{ "type": "Feature", "properties": { "FEEDER_NAME": "MILLCREEK", "SUBSTATION_NAME": "Dixon's Store", "wmType": "SECONDARY UNDERGROUND", "WKT": "LINESTRING (-78.86785244416706 36.46202409059611, -78.8679150449575 36.4620508811778)" }, "geometry": { "type": "LineString", "coordinates": [ [ -78.867852444167056, 36.46202409059611 ], [ -78.867915044957499, 36.462050881177802 ] ] } },
{ "type": "Feature", "properties": { "FEEDER_NAME": "MILLCREEK", "SUBSTATION_NAME": "Dixon's Store", "wmType": "SECONDARY UNDERGROUND", "WKT": "LINESTRING (-78.86785244416706 36.46202409059611, -78.86739689664745 36.461696934601676)" }, "geometry": { "type": "LineString", "coordinates": [ [ -78.867852444167056, 36.46202409059611 ], [ -78.867396896647449, 36.461696934601676 ] ] } },
{ "type": "Feature", "properties": { "FEEDER_NAME": "MILLCREEK", "SUBSTATION_NAME": "Dixon's Store", "wmType": "SECONDARY UNDERGROUND", "WKT": "LINESTRING (-78.86785244416706 36.46202409059611, -78.86735668842326 36.46200184413284)" }, "geometry": { "type": "LineString", "coordinates": [ [ -78.867852444167056, 36.46202409059611 ], [ -78.867356688423257, 36.462001844132843 ] ] } },
{ "type": "Feature", "properties": { "FEEDER_NAME": "MILLCREEK", "SUBSTATION_NAME": "Dixon's Store", "wmType": "SECONDARY UNDERGROUND", "WKT": "LINESTRING (-78.8692367008089 36.462502991406176, -78.86955849426357 36.4629976305854)" }, "geometry": { "type": "LineString", "coordinates": [ [ -78.869236700808898, 36.462502991406176 ], [ -78.869558494263572, 36.462997630585399 ] ] } },
{ "type": "Feature", "properties": { "FEEDER_NAME": "MILLCREEK", "SUBSTATION_NAME": "Dixon's Store", "wmType": "SECONDARY UNDERGROUND", "WKT": "LINESTRING (-78.8692367008089 36.462502991406176, -78.86976242893826 36.462365313443385)" }, "geometry": { "type": "LineString", "coordinates": [ [ -78.869236700808898, 36.462502991406176 ], [ -78.869762428938259, 36.462365313443385 ] ] } },
{ "type": "Feature", "properties": { "FEEDER_NAME": "MILLCREEK", "SUBSTATION_NAME": "Dixon's Store", "wmType": "SECONDARY UNDERGROUND", "WKT": "LINESTRING (-78.8692367008089 36.462502991406176, -78.86911527434994 36.46264862055672)" }, "geometry": { "type": "LineString", "coordinates": [ [ -78.869236700808898, 36.462502991406176 ], [ -78.869115274349937, 36.46264862055672 ] ] } },
{ "type": "Feature", "properties": { "FEEDER_NAME": "MILLCREEK", "SUBSTATION_NAME": "Dixon's Store", "wmType": "SECONDARY UNDERGROUND", "WKT": "LINESTRING (-78.8692367008089 36.462502991406176, -78.86894893957711 36.462117513550425)" }, "geometry": { "type": "LineString", "coordinates": [ [ -78.869236700808898, 36.462502991406176 ], [ -78.868948939577109, 36.462117513550425 ] ] } },
{ "type": "Feature", "properties": { "FEEDER_NAME": "MILLCREEK", "SUBSTATION_NAME": "Dixon's Store", "wmType": "SECONDARY UNDERGROUND", "WKT": "LINESTRING (-78.8692367008089 36.462502991406176, -78.86919124970876 36.46213895244962)" }, "geometry": { "type": "LineString", "coordinates": [ [ -78.869236700808898, 36.462502991406176 ], [ -78.869191249708763, 36.462138952449621 ] ] } },
{ "type": "Feature", "properties": { "FEEDER_NAME": "MILLCREEK", "SUBSTATION_NAME": "Dixon's Store", "wmType": "SECONDARY UNDERGROUND", "WKT": "LINESTRING (-78.87175427324902 36.46346367764487, -78.87219353631004 36.46359173144233)" }, "geometry": { "type": "LineString", "coordinates": [ [ -78.871754273249024, 36.463463677644867 ], [ -78.872193536310036, 36.463591731442328 ] ] } },
{ "type": "Feature", "properties": { "FEEDER_NAME": "MILLCREEK", "SUBSTATION_NAME": "Dixon's Store", "wmType": "SECONDARY UNDERGROUND", "WKT": "LINESTRING (-78.8706594831051 36.46189854074837, -78.87041787367563 36.461668058855324)" }, "geometry": { "type": "LineString", "coordinates": [ [ -78.870659483105101, 36.461898540748372 ], [ -78.870417873675635, 36.461668058855324 ] ] } },
{ "type": "Feature", "properties": { "FEEDER_NAME": "MILLCREEK", "SUBSTATION_NAME": "Dixon's Store", "wmType": "SECONDARY UNDERGROUND", "WKT": "LINESTRING (-78.87041082561521 36.461156676619694, -78.87041469618794 36.46086555200705, -78.87031275023816 36.460829740113084, -78.87029911436147 36.46085169763365)" }, "geometry": { "type": "LineString", "coordinates": [ [ -78.87041082561521, 36.461156676619694 ], [ -78.870414696187936, 36.46086555200705 ], [ -78.870312750238156, 36.460829740113084 ], [ -78.870299114361472, 36.46085169763365 ] ] } },
{ "type": "Feature", "properties": { "FEEDER_NAME": "MILLCREEK", "SUBSTATION_NAME": "Dixon's Store", "wmType": "SECONDARY UNDERGROUND", "WKT": "LINESTRING (-78.87133670036941 36.46100158798423, -78.87103024777727 36.46118736748896, -78.87091443247948 36.46111792679783, -78.87099200026219 36.46107900054352)" }, "geometry": { "type": "LineString", "coordinates": [ [ -78.871336700369412, 36.461001587984228 ], [ -78.87103024777727, 36.461187367488961 ], [ -78.870914432479481, 36.461117926797833 ], [ -78.870992000262191, 36.461079000543521 ] ] } },
{ "type": "Feature", "properties": { "FEEDER_NAME": "MILLCREEK", "SUBSTATION_NAME": "Dixon's Store", "wmType": "SECONDARY UNDERGROUND", "WKT": "LINESTRING (-78.86992733509415 36.45912437423499, -78.86997887990586 36.45877683809388)" }, "geometry": { "type": "LineString", "coordinates": [ [ -78.869927335094147, 36.459124374234989 ], [ -78.869978879905858, 36.458776838093883 ] ] } },
{ "type": "Feature", "properties": { "FEEDER_NAME": "MILLCREEK", "SUBSTATION_NAME": "Dixon's Store", "wmType": "SECONDARY UNDERGROUND", "WKT": "LINESTRING (-78.86978185053273 36.45906869291761, -78.86928640911837 36.45859966931129)" }, "geometry": { "type": "LineString", "coordinates": [ [ -78.869781850532732, 36.459068692917612 ], [ -78.869286409118374, 36.45859966931129 ] ] } },
{ "type": "Feature", "properties": { "FEEDER_NAME": "MILLCREEK", "SUBSTATION_NAME": "Dixon's Store", "wmType": "SECONDARY UNDERGROUND", "WKT": "LINESTRING (-78.86978185053273 36.45906869291761, -78.86945937646433 36.458441153128206)" }, "geometry": { "type": "LineString", "coordinates": [ [ -78.869781850532732, 36.459068692917612 ], [ -78.869459376464334, 36.458441153128206 ] ] } },
{ "type": "Feature", "properties": { "FEEDER_NAME": "MILLCREEK", "SUBSTATION_NAME": "Dixon's Store", "wmType": "SECONDARY UNDERGROUND", "WKT": "LINESTRING (-78.86973118270274 36.45947863592958, -78.86935466679685 36.45921582829352, -78.86928037342334 36.45922704793002, -78.86919617504005 36.459200294486344, -78.8691873632219 36.45916643694371)" }, "geometry": { "type": "LineString", "coordinates": [ [ -78.869731182702736, 36.459478635929578 ], [ -78.869354666796852, 36.459215828293523 ], [ -78.869280373423337, 36.459227047930021 ], [ -78.869196175040045, 36.459200294486344 ], [ -78.869187363221897, 36.459166436943711 ] ] } },
{ "type": "Feature", "properties": { "FEEDER_NAME": "MILLCREEK", "SUBSTATION_NAME": "Dixon's Store", "wmType": "SECONDARY UNDERGROUND", "WKT": "LINESTRING (-78.86973118270274 36.45947863592958, -78.86931879523479 36.459588598376804)" }, "geometry": { "type": "LineString", "coordinates": [ [ -78.869731182702736, 36.459478635929578 ], [ -78.86931879523479, 36.459588598376804 ] ] } },
{ "type": "Feature", "properties": { "FEEDER_NAME": "MILLCREEK", "SUBSTATION_NAME": "Dixon's Store", "wmType": "SECONDARY UNDERGROUND", "WKT": "LINESTRING (-78.87197000476218 36.46021315367687, -78.87164637413127 36.460095988452665)" }, "geometry": { "type": "LineString", "coordinates": [ [ -78.871970004762176, 36.460213153676868 ], [ -78.871646374131274, 36.460095988452665 ] ] } },
{ "type": "Feature", "properties": { "FEEDER_NAME": "MILLCREEK", "SUBSTATION_NAME": "Dixon's Store", "wmType": "SECONDARY UNDERGROUND", "WKT": "LINESTRING (-78.87434615015137 36.45884252303709, -78.8743060000783 36.45858227079623, -78.87424154241911 36.45849157061103, -78.87415328934459 36.458398099529525, -78.87414654110702 36.45836513471047, -78.87419758820455 36.458334975561435, -78.87423498797178 36.45833501384182)" }, "geometry": { "type": "LineString", "coordinates": [ [ -78.874346150151368, 36.458842523037092 ], [ -78.874306000078306, 36.458582270796228 ], [ -78.874241542419114, 36.458491570611031 ], [ -78.874153289344591, 36.458398099529525 ], [ -78.874146541107024, 36.458365134710469 ], [ -78.874197588204552, 36.458334975561435 ], [ -78.874234987971775, 36.458335013841818 ] ] } },
{ "type": "Feature", "properties": { "FEEDER_NAME": "MILLCREEK", "SUBSTATION_NAME": "Dixon's Store", "wmType": "SECONDARY UNDERGROUND", "WKT": "LINESTRING (-78.87588497411932 36.458438868433205, -78.87556506347521 36.45801146893225)" }, "geometry": { "type": "LineString", "coordinates": [ [ -78.875884974119316, 36.458438868433205 ], [ -78.875565063475207, 36.458011468932249 ] ] } },
{ "type": "Feature", "properties": { "FEEDER_NAME": "MILLCREEK", "SUBSTATION_NAME": "Dixon's Store", "wmType": "SECONDARY UNDERGROUND", "WKT": "LINESTRING (-78.88543288944237 36.45769371209909, -78.88536616336947 36.45790340155032)" }, "geometry": { "type": "LineString", "coordinates": [ [ -78.88543288944237, 36.457693712099093 ], [ -78.885366163369468, 36.457903401550318 ] ] } },
{ "type": "Feature", "properties": { "FEEDER_NAME": "MILLCREEK", "SUBSTATION_NAME": "Dixon's Store", "wmType": "SECONDARY UNDERGROUND", "WKT": "LINESTRING (-78.8847267666133 36.45715162221869, -78.88417610126696 36.45743421585291)" }, "geometry": { "type": "LineString", "coordinates": [ [ -78.884726766613298, 36.457151622218689 ], [ -78.884176101266959, 36.457434215852913 ] ] } },
{ "type": "Feature", "properties": { "FEEDER_NAME": "MILLCREEK", "SUBSTATION_NAME": "Dixon's Store", "wmType": "SECONDARY UNDERGROUND", "WKT": "LINESTRING (-78.8821115505262 36.45819796280185, -78.88272574762857 36.45856470795979)" }, "geometry": { "type": "LineString", "coordinates": [ [ -78.882111550526204, 36.458197962801847 ], [ -78.882725747628569, 36.458564707959788 ] ] } },
{ "type": "Feature", "properties": { "FEEDER_NAME": "MILLCREEK", "SUBSTATION_NAME": "Dixon's Store", "wmType": "SECONDARY UNDERGROUND", "WKT": "LINESTRING (-78.88524082259484 36.46182678220708, -78.88541141334939 36.46175757096385)" }, "geometry": { "type": "LineString", "coordinates": [ [ -78.885240822594838, 36.461826782207083 ], [ -78.885411413349388, 36.461757570963847 ] ] } },
{ "type": "Feature", "properties": { "FEEDER_NAME": "MILLCREEK", "SUBSTATION_NAME": "Dixon's Store", "wmType": "SECONDARY UNDERGROUND", "WKT": "LINESTRING (-78.88524082259484 36.46182678220708, -78.88528816264201 36.46143040864235)" }, "geometry": { "type": "LineString", "coordinates": [ [ -78.885240822594838, 36.461826782207083 ], [ -78.885288162642013, 36.46143040864235 ] ] } },
{ "type": "Feature", "properties": { "FEEDER_NAME": "MILLCREEK", "SUBSTATION_NAME": "Dixon's Store", "wmType": "SECONDARY UNDERGROUND", "WKT": "LINESTRING (-78.88524082259484 36.46182678220708, -78.88490498853001 36.46149389991114)" }, "geometry": { "type": "LineString", "coordinates": [ [ -78.885240822594838, 36.461826782207083 ], [ -78.88490498853001, 36.46149389991114 ] ] } },
{ "type": "Feature", "properties": { "FEEDER_NAME": "MILLCREEK", "SUBSTATION_NAME": "Dixon's Store", "wmType": "SECONDARY UNDERGROUND", "WKT": "LINESTRING (-78.88594121757387 36.46232858602523, -78.8858630044475 36.46187529628694)" }, "geometry": { "type": "LineString", "coordinates": [ [ -78.885941217573873, 36.46232858602523 ], [ -78.885863004447501, 36.461875296286941 ] ] } },
{ "type": "Feature", "properties": { "FEEDER_NAME": "MILLCREEK", "SUBSTATION_NAME": "Dixon's Store", "wmType": "SECONDARY UNDERGROUND", "WKT": "LINESTRING (-78.8826289481947 36.46566837869909, -78.88255957001263 36.46573700869585, -78.88248794650124 36.46588525021371, -78.8824504051944 36.46597859466454, -78.88243335535378 36.46601153612603, -78.8823891352786 36.46602247974098)" }, "geometry": { "type": "LineString", "coordinates": [ [ -78.882628948194693, 36.465668378699093 ], [ -78.882559570012631, 36.465737008695847 ], [ -78.882487946501243, 36.465885250213709 ], [ -78.882450405194405, 36.465978594664541 ], [ -78.882433355353783, 36.466011536126032 ], [ -78.882389135278601, 36.466022479740978 ] ] } },
{ "type": "Feature", "properties": { "FEEDER_NAME": "MILLCREEK", "SUBSTATION_NAME": "Dixon's Store", "wmType": "SECONDARY UNDERGROUND", "WKT": "LINESTRING (-78.88346872913544 36.46484886459278, -78.88346413183822 36.464860398523726, -78.88350372516922 36.46496364450759)" }, "geometry": { "type": "LineString", "coordinates": [ [ -78.883468729135444, 36.464848864592781 ], [ -78.883464131838224, 36.464860398523726 ], [ -78.88350372516922, 36.464963644507591 ] ] } },
{ "type": "Feature", "properties": { "FEEDER_NAME": "MILLCREEK", "SUBSTATION_NAME": "Dixon's Store", "wmType": "SECONDARY UNDERGROUND", "WKT": "LINESTRING (-78.8845534985129 36.46397994073635, -78.88454904657705 36.463983634575726, -78.88454925612467 36.46404264182136, -78.88455176244106 36.46404443191315)" }, "geometry": { "type": "LineString", "coordinates": [ [ -78.884553498512901, 36.463979940736351 ], [ -78.88454904657705, 36.463983634575726 ], [ -78.884549256124672, 36.464042641821358 ], [ -78.884551762441063, 36.464044431913152 ] ] } },
{ "type": "Feature", "properties": { "FEEDER_NAME": "MILLCREEK", "SUBSTATION_NAME": "Dixon's Store", "wmType": "SECONDARY UNDERGROUND", "WKT": "LINESTRING (-78.88386215750268 36.46709941936203, -78.88370043661799 36.467081619768734, -78.88341295451883 36.467155547389396, -78.88337044427041 36.4672316110174, -78.88329027597139 36.467286708686004, -78.8832477932414 36.46734374607872, -78.88321947064453 36.46738177069699, -78.8831982597238 36.46738936102652, -78.88316291242849 36.46739884098655, -78.88311580155167 36.46739879619241, -78.88308282427259 36.46739876482607)" }, "geometry": { "type": "LineString", "coordinates": [ [ -78.883862157502676, 36.467099419362029 ], [ -78.883700436617985, 36.467081619768734 ], [ -78.883412954518832, 36.467155547389396 ], [ -78.883370444270412, 36.467231611017397 ], [ -78.88329027597139, 36.467286708686004 ], [ -78.883247793241395, 36.467343746078718 ], [ -78.883219470644534, 36.467381770696988 ], [ -78.883198259723798, 36.46738936102652 ], [ -78.883162912428489, 36.467398840986547 ], [ -78.883115801551668, 36.467398796192413 ], [ -78.883082824272591, 36.467398764826072 ] ] } },
{ "type": "Feature", "properties": { "FEEDER_NAME": "MILLCREEK", "SUBSTATION_NAME": "Dixon's Store", "wmType": "SECONDARY UNDERGROUND", "WKT": "LINESTRING (-78.88410706172809 36.46752355711132, -78.88381393405251 36.46757319454023, -78.88364347088715 36.46764417589867, -78.88341245141875 36.46774015399485, -78.88336808377238 36.46766485046572)" }, "geometry": { "type": "LineString", "coordinates": [ [ -78.884107061728088, 36.467523557111321 ], [ -78.883813934052512, 36.467573194540229 ], [ -78.883643470887151, 36.46764417589867 ], [ -78.883412451418749, 36.467740153994853 ], [ -78.883368083772382, 36.467664850465717 ] ] } },
{ "type": "Feature", "properties": { "FEEDER_NAME": "MILLCREEK", "SUBSTATION_NAME": "Dixon's Store", "wmType": "SECONDARY UNDERGROUND", "WKT": "LINESTRING (-78.88512765851883 36.467859554951644, -78.88514112267738 36.4678394266964, -78.88502824943436 36.46732595947552)" }, "geometry": { "type": "LineString", "coordinates": [ [ -78.885127658518826, 36.467859554951644 ], [ -78.885141122677382, 36.467839426696401 ], [ -78.885028249434356, 36.467325959475517 ] ] } },
{ "type": "Feature", "properties": { "FEEDER_NAME": "MILLCREEK", "SUBSTATION_NAME": "Dixon's Store", "wmType": "SECONDARY UNDERGROUND", "WKT": "LINESTRING (-78.88591009180185 36.466295847622014, -78.8858854113153 36.46625370660434)" }, "geometry": { "type": "LineString", "coordinates": [ [ -78.885910091801847, 36.466295847622014 ], [ -78.8858854113153, 36.466253706604341 ] ] } },
{ "type": "Feature", "properties": { "FEEDER_NAME": "MILLCREEK", "SUBSTATION_NAME": "Dixon's Store", "wmType": "SECONDARY UNDERGROUND", "WKT": "LINESTRING (-78.8867076167562 36.464939327140456, -78.8866945118667 36.464911093332056)" }, "geometry": { "type": "LineString", "coordinates": [ [ -78.886707616756198, 36.464939327140456 ], [ -78.886694511866693, 36.464911093332056 ] ] } },
{ "type": "Feature", "properties": { "FEEDER_NAME": "MILLCREEK", "SUBSTATION_NAME": "Dixon's Store", "wmType": "SECONDARY UNDERGROUND", "WKT": "LINESTRING (-78.88410706172809 36.46752355711132, -78.884148205737 36.46770164933754, -78.88410052900699 36.46775104099545, -78.88402393396316 36.467810018022384, -78.8839354405677 36.46786761052529, -78.88385547386953 36.46790735891419, -78.88379933965099 36.46792653210167, -78.88373301308881 36.46793882762509, -78.88365309802859 36.46794287171732, -78.88360894483118 36.46790712569921, -78.88355630467433 36.46786175895098, -78.88348660879181 36.4678534534654)" }, "geometry": { "type": "LineString", "coordinates": [ [ -78.884107061728088, 36.467523557111321 ], [ -78.884148205737006, 36.467701649337542 ], [ -78.884100529006986, 36.467751040995452 ], [ -78.884023933963164, 36.467810018022384 ], [ -78.883935440567697, 36.467867610525289 ], [ -78.883855473869531, 36.467907358914189 ], [ -78.883799339650992, 36.467926532101671 ], [ -78.883733013088815, 36.46793882762509 ], [ -78.883653098028589, 36.46794287171732 ], [ -78.883608944831181, 36.467907125699213 ], [ -78.883556304674329, 36.467861758950981 ], [ -78.883486608791813, 36.467853453465402 ] ] } },
{ "type": "Feature", "properties": { "FEEDER_NAME": "MILLCREEK", "SUBSTATION_NAME": "Dixon's Store", "wmType": "SECONDARY UNDERGROUND", "WKT": "LINESTRING (-78.88583955846079 36.46776663256239, -78.8856874640702 36.46780791723968, -78.8856189601264 36.467838266605135, -78.88557952057019 36.46788937854126, -78.88556919414957 36.46792945867402, -78.88563052460844 36.46812996448062, -78.8856664644074 36.46813138016851)" }, "geometry": { "type": "LineString", "coordinates": [ [ -78.885839558460788, 36.467766632562387 ], [ -78.885687464070202, 36.467807917239682 ], [ -78.885618960126394, 36.467838266605135 ], [ -78.88557952057019, 36.467889378541258 ], [ -78.885569194149568, 36.467929458674021 ], [ -78.885630524608445, 36.468129964480617 ], [ -78.885666464407393, 36.468131380168508 ] ] } },
{ "type": "Feature", "properties": { "FEEDER_NAME": "MILLCREEK", "SUBSTATION_NAME": "Dixon's Store", "wmType": "SECONDARY UNDERGROUND", "WKT": "LINESTRING (-78.8867076167562 36.464939327140456, -78.8867180310647 36.46487900243508, -78.88684161282377 36.46481505241847, -78.88705662120053 36.46470415011211, -78.88723847500773 36.464608625425406, -78.88738217032542 36.464518742290494, -78.88740608465532 36.464500515589165)" }, "geometry": { "type": "LineString", "coordinates": [ [ -78.886707616756198, 36.464939327140456 ], [ -78.886718031064703, 36.464879002435083 ], [ -78.886841612823773, 36.464815052418473 ], [ -78.887056621200529, 36.464704150112112 ], [ -78.887238475007734, 36.464608625425406 ], [ -78.887382170325424, 36.464518742290494 ], [ -78.887406084655325, 36.464500515589165 ] ] } },
{ "type": "Feature", "properties": { "FEEDER_NAME": "MILLCREEK", "SUBSTATION_NAME": "Dixon's Store", "wmType": "SECONDARY UNDERGROUND", "WKT": "LINESTRING (-78.88740608465532 36.464500515589165, -78.88743704991009 36.464481889856486, -78.88753230047523 36.46440379330299, -78.88761018645891 36.46431899660393, -78.887671524586 36.46423618962509, -78.88772624472469 36.464152041170045, -78.88777130202477 36.46407647653619, -78.88779907593343 36.464010443019134, -78.88782181386637 36.46394542131211, -78.88783826967175 36.46387429627506, -78.88785095294733 36.463802151375326, -78.88786166913172 36.46375817145581)" }, "geometry": { "type": "LineString", "coordinates": [ [ -78.887406084655325, 36.464500515589165 ], [ -78.887437049910091, 36.464481889856486 ], [ -78.887532300475229, 36.464403793302992 ], [ -78.887610186458915, 36.464318996603929 ], [ -78.887671524585997, 36.46423618962509 ], [ -78.887726244724689, 36.464152041170045 ], [ -78.887771302024774, 36.464076476536192 ], [ -78.88779907593343, 36.464010443019134 ], [ -78.887821813866367, 36.463945421312111 ], [ -78.887838269671747, 36.463874296275058 ], [ -78.887850952947332, 36.463802151375326 ], [ -78.887861669131723, 36.463758171455808 ] ] } },
{ "type": "Feature", "properties": { "FEEDER_NAME": "MILLCREEK", "SUBSTATION_NAME": "Dixon's Store", "wmType": "SECONDARY UNDERGROUND", "WKT": "LINESTRING (-78.88793047498068 36.46315991150889, -78.88798358761358 36.46325631487019, -78.88799570407011 36.4633038874947, -78.88798754622415 36.46333012124243, -78.88797816822546 36.463331412048646)" }, "geometry": { "type": "LineString", "coordinates": [ [ -78.887930474980678, 36.463159911508889 ], [ -78.887983587613576, 36.463256314870193 ], [ -78.887995704070107, 36.463303887494703 ], [ -78.887987546224153, 36.463330121242429 ], [ -78.887978168225459, 36.463331412048646 ] ] } },
{ "type": "Feature", "properties": { "FEEDER_NAME": "MILLCREEK", "SUBSTATION_NAME": "Dixon's Store", "wmType": "SECONDARY UNDERGROUND", "WKT": "LINESTRING (-78.88841946446077 36.46273951165796, -78.88817350252113 36.4626000003715)" }, "geometry": { "type": "LineString", "coordinates": [ [ -78.888419464460767, 36.462739511657958 ], [ -78.888173502521127, 36.462600000371502 ] ] } },
{ "type": "Feature", "properties": { "FEEDER_NAME": "MILLCREEK", "SUBSTATION_NAME": "Dixon's Store", "wmType": "SECONDARY UNDERGROUND", "WKT": "LINESTRING (-78.8915453508633 36.454182693857554, -78.89151811951328 36.454060234397126, -78.89137808226685 36.453952825154005, -78.89123800386146 36.45387521810001, -78.89113217568932 36.45382639386334)" }, "geometry": { "type": "LineString", "coordinates": [ [ -78.891545350863296, 36.454182693857554 ], [ -78.891518119513279, 36.454060234397126 ], [ -78.891378082266854, 36.453952825154005 ], [ -78.89123800386146, 36.453875218100009 ], [ -78.891132175689322, 36.453826393863338 ] ] } },
{ "type": "Feature", "properties": { "FEEDER_NAME": "MILLCREEK", "SUBSTATION_NAME": "Dixon's Store", "wmType": "SECONDARY UNDERGROUND", "WKT": "LINESTRING (-78.8905064420877 36.456594219863796, -78.88986654471292 36.45659697123061)" }, "geometry": { "type": "LineString", "coordinates": [ [ -78.890506442087698, 36.456594219863796 ], [ -78.889866544712916, 36.45659697123061 ] ] } },
{ "type": "Feature", "properties": { "FEEDER_NAME": "MILLCREEK", "SUBSTATION_NAME": "Dixon's Store", "wmType": "SECONDARY UNDERGROUND", "WKT": "LINESTRING (-78.89098982291706 36.457283341973564, -78.89093813671538 36.457289895627355, -78.89086673883077 36.45728845809416, -78.89076812948711 36.45729661086414, -78.89065760349843 36.45731711037064, -78.89059297847798 36.45733627830595, -78.89054364752306 36.45735958047143, -78.89050959452771 36.457398000141, -78.8904840304537 36.457446041894165, -78.89045675664389 36.45749957420195, -78.8904328849761 36.45755310863443, -78.8904209483935 36.45757919057613, -78.89039371426676 36.45760525797205, -78.89035458182288 36.457628568253185)" }, "geometry": { "type": "LineString", "coordinates": [ [ -78.890989822917064, 36.457283341973564 ], [ -78.890938136715377, 36.457289895627355 ], [ -78.890866738830766, 36.457288458094162 ], [ -78.890768129487114, 36.457296610864141 ], [ -78.890657603498425, 36.457317110370639 ], [ -78.890592978477983, 36.457336278305952 ], [ -78.89054364752306, 36.457359580471433 ], [ -78.890509594527714, 36.457398000140998 ], [ -78.890484030453706, 36.457446041894165 ], [ -78.890456756643886, 36.457499574201947 ], [ -78.890432884976093, 36.457553108634428 ], [ -78.890420948393498, 36.457579190576133 ], [ -78.890393714266764, 36.457605257972048 ], [ -78.890354581822876, 36.457628568253185 ] ] } },
{ "type": "Feature", "properties": { "FEEDER_NAME": "MILLCREEK", "SUBSTATION_NAME": "Dixon's Store", "wmType": "SECONDARY UNDERGROUND", "WKT": "LINESTRING (-78.89096412826268 36.457535947897824, -78.89090386996688 36.458274360294986)" }, "geometry": { "type": "LineString", "coordinates": [ [ -78.890964128262681, 36.457535947897824 ], [ -78.890903869966877, 36.458274360294986 ] ] } },
{ "type": "Feature", "properties": { "FEEDER_NAME": "MILLCREEK", "SUBSTATION_NAME": "Dixon's Store", "wmType": "SECONDARY UNDERGROUND", "WKT": "LINESTRING (-78.89096412826268 36.457535947897824, -78.89079674582736 36.457552861227306, -78.89076355994865 36.45754925624574, -78.89066835316241 36.45759207111518, -78.89043362308426 36.457722347501516, -78.89035611243672 36.45776875248728, -78.89035828398391 36.45779914155518, -78.89037317525637 36.457826279158546)" }, "geometry": { "type": "LineString", "coordinates": [ [ -78.890964128262681, 36.457535947897824 ], [ -78.890796745827359, 36.457552861227306 ], [ -78.890763559948653, 36.457549256245741 ], [ -78.890668353162411, 36.45759207111518 ], [ -78.890433623084263, 36.457722347501516 ], [ -78.89035611243672, 36.457768752487283 ], [ -78.890358283983915, 36.457799141555178 ], [ -78.890373175256371, 36.457826279158546 ] ] } },
{ "type": "Feature", "properties": { "FEEDER_NAME": "MILLCREEK", "SUBSTATION_NAME": "Dixon's Store", "wmType": "SECONDARY UNDERGROUND", "WKT": "LINESTRING (-78.89719680333637 36.45757886884097, -78.89687129187035 36.457211653632406)" }, "geometry": { "type": "LineString", "coordinates": [ [ -78.897196803336371, 36.457578868840969 ], [ -78.896871291870355, 36.457211653632406 ] ] } },
{ "type": "Feature", "properties": { "FEEDER_NAME": "MILLCREEK", "SUBSTATION_NAME": "Dixon's Store", "wmType": "SECONDARY UNDERGROUND", "WKT": "LINESTRING (-78.90534714997544 36.45521634104819, -78.90541212950636 36.455155067086075)" }, "geometry": { "type": "LineString", "coordinates": [ [ -78.905347149975441, 36.455216341048192 ], [ -78.90541212950636, 36.455155067086075 ] ] } },
{ "type": "Feature", "properties": { "FEEDER_NAME": "MILLCREEK", "SUBSTATION_NAME": "Dixon's Store", "wmType": "SECONDARY UNDERGROUND", "WKT": "LINESTRING (-78.91185425572654 36.45674774089118, -78.91178485035664 36.45694690828213)" }, "geometry": { "type": "LineString", "coordinates": [ [ -78.911854255726539, 36.456747740891181 ], [ -78.911784850356639, 36.456946908282127 ] ] } },
{ "type": "Feature", "properties": { "FEEDER_NAME": "MILLCREEK", "SUBSTATION_NAME": "Dixon's Store", "wmType": "SECONDARY UNDERGROUND", "WKT": "LINESTRING (-78.85760184854686 36.482172986527836, -78.85756385028199 36.48216001847568)" }, "geometry": { "type": "LineString", "coordinates": [ [ -78.857601848546864, 36.482172986527836 ], [ -78.857563850281991, 36.482160018475682 ] ] } },
{ "type": "Feature", "properties": { "FEEDER_NAME": "MILLCREEK", "SUBSTATION_NAME": "Dixon's Store", "wmType": "SECONDARY UNDERGROUND", "WKT": "LINESTRING (-78.90728248882161 36.44283215260822, -78.90713885908846 36.4429230530541, -78.9071278282008 36.443034602923156, -78.90720913643611 36.44308211650979)" }, "geometry": { "type": "LineString", "coordinates": [ [ -78.907282488821608, 36.442832152608219 ], [ -78.907138859088462, 36.442923053054102 ], [ -78.9071278282008, 36.443034602923156 ], [ -78.907209136436109, 36.443082116509792 ] ] } },
{ "type": "Feature", "properties": { "FEEDER_NAME": "MILLCREEK", "SUBSTATION_NAME": "Dixon's Store", "wmType": "SECONDARY UNDERGROUND", "WKT": "LINESTRING (-78.92044585126746 36.445342771214214, -78.92054382976605 36.44518795143683)" }, "geometry": { "type": "LineString", "coordinates": [ [ -78.920445851267459, 36.445342771214214 ], [ -78.920543829766046, 36.445187951436829 ] ] } },
{ "type": "Feature", "properties": { "FEEDER_NAME": "MILLCREEK", "SUBSTATION_NAME": "Dixon's Store", "wmType": "SECONDARY UNDERGROUND", "WKT": "LINESTRING (-78.91930501503869 36.44451697379199, -78.91935900044436 36.44416099986867)" }, "geometry": { "type": "LineString", "coordinates": [ [ -78.919305015038688, 36.444516973791991 ], [ -78.919359000444359, 36.444160999868672 ] ] } },
{ "type": "Feature", "properties": { "FEEDER_NAME": "MILLCREEK", "SUBSTATION_NAME": "Dixon's Store", "wmType": "SECONDARY UNDERGROUND", "WKT": "LINESTRING (-78.91884071188771 36.445167208111826, -78.9188778542692 36.44488306159642)" }, "geometry": { "type": "LineString", "coordinates": [ [ -78.918840711887711, 36.445167208111826 ], [ -78.918877854269198, 36.444883061596421 ] ] } },
{ "type": "Feature", "properties": { "FEEDER_NAME": "MILLCREEK", "SUBSTATION_NAME": "Dixon's Store", "wmType": "SECONDARY UNDERGROUND", "WKT": "LINESTRING (-78.91760821881022 36.445461253819346, -78.91762081318144 36.44563134764183)" }, "geometry": { "type": "LineString", "coordinates": [ [ -78.917608218810216, 36.445461253819346 ], [ -78.917620813181443, 36.445631347641829 ] ] } },
{ "type": "Feature", "properties": { "FEEDER_NAME": "MILLCREEK", "SUBSTATION_NAME": "Dixon's Store", "wmType": "SECONDARY UNDERGROUND", "WKT": "LINESTRING (-78.92037344118226 36.44722820710828, -78.92045879158681 36.44753059083736)" }, "geometry": { "type": "LineString", "coordinates": [ [ -78.920373441182264, 36.447228207108282 ], [ -78.92045879158681, 36.44753059083736 ] ] } },
{ "type": "Feature", "properties": { "FEEDER_NAME": "MILLCREEK", "SUBSTATION_NAME": "Dixon's Store", "wmType": "SECONDARY UNDERGROUND", "WKT": "LINESTRING (-78.92037344118226 36.44722820710828, -78.92025800064357 36.44713499968836)" }, "geometry": { "type": "LineString", "coordinates": [ [ -78.920373441182264, 36.447228207108282 ], [ -78.920258000643571, 36.447134999688359 ] ] } },
{ "type": "Feature", "properties": { "FEEDER_NAME": "MILLCREEK", "SUBSTATION_NAME": "Dixon's Store", "wmType": "SECONDARY UNDERGROUND", "WKT": "LINESTRING (-78.92037344118226 36.44722820710828, -78.9203042770315 36.447409510143146)" }, "geometry": { "type": "LineString", "coordinates": [ [ -78.920373441182264, 36.447228207108282 ], [ -78.920304277031505, 36.447409510143146 ] ] } },
{ "type": "Feature", "properties": { "FEEDER_NAME": "MILLCREEK", "SUBSTATION_NAME": "Dixon's Store", "wmType": "SECONDARY UNDERGROUND", "WKT": "LINESTRING (-78.8906849667724 36.460574027889194, -78.89064017318486 36.46047440709805)" }, "geometry": { "type": "LineString", "coordinates": [ [ -78.890684966772398, 36.460574027889194 ], [ -78.890640173184863, 36.460474407098047 ] ] } },
{ "type": "Feature", "properties": { "FEEDER_NAME": "MILLCREEK", "SUBSTATION_NAME": "Dixon's Store", "wmType": "SECONDARY UNDERGROUND", "WKT": "LINESTRING (-78.87050198586307 36.459809736807266, -78.87054705740843 36.45978848457531, -78.87066153464653 36.45943156042219, -78.87071088814984 36.45939865446326, -78.87073307685286 36.4593437479846, -78.87074673006211 36.45931080445232, -78.87074713229374 36.459301402108025)" }, "geometry": { "type": "LineString", "coordinates": [ [ -78.870501985863072, 36.459809736807266 ], [ -78.87054705740843, 36.459788484575313 ], [ -78.87066153464653, 36.459431560422189 ], [ -78.870710888149844, 36.459398654463257 ], [ -78.870733076852858, 36.459343747984597 ], [ -78.870746730062109, 36.459310804452322 ], [ -78.870747132293744, 36.459301402108025 ] ] } },
{ "type": "Feature", "properties": { "FEEDER_NAME": "MILLCREEK", "SUBSTATION_NAME": "Dixon's Store", "wmType": "SECONDARY UNDERGROUND", "WKT": "LINESTRING (-78.8914601218869 36.4595127985442, -78.89145726273843 36.4595013577165)" }, "geometry": { "type": "LineString", "coordinates": [ [ -78.891460121886894, 36.459512798544203 ], [ -78.891457262738427, 36.459501357716498 ] ] } },
{ "type": "Feature", "properties": { "FEEDER_NAME": "MILLCREEK", "SUBSTATION_NAME": "Dixon's Store", "wmType": "SECONDARY UNDERGROUND", "WKT": "LINESTRING (-78.87445525981119 36.46222443586948, -78.87444343408842 36.462220123842656, -78.8742515714791 36.46206337792924, -78.87423811307946 36.461972730087076, -78.87424613933091 36.461946407887226)" }, "geometry": { "type": "LineString", "coordinates": [ [ -78.874455259811185, 36.46222443586948 ], [ -78.87444343408842, 36.462220123842656 ], [ -78.874251571479107, 36.46206337792924 ], [ -78.874238113079457, 36.461972730087076 ], [ -78.874246139330907, 36.461946407887226 ] ] } },
{ "type": "Feature", "properties": { "FEEDER_NAME": "MILLCREEK", "SUBSTATION_NAME": "Dixon's Store", "wmType": "SECONDARY UNDERGROUND", "WKT": "LINESTRING (-78.88213886732888 36.46541715088773, -78.88214031343652 36.46538429991989, -78.88208937590495 36.465338934111976, -78.8820145152716 36.46537593977259, -78.88197537973645 36.465397874050176, -78.88195324648389 36.465418451406045, -78.88193962919021 36.46542942425264, -78.88191411697834 36.465436265946906, -78.88189115699535 36.46544173684777, -78.8818759884188 36.46542965234783)" }, "geometry": { "type": "LineString", "coordinates": [ [ -78.882138867328877, 36.465417150887731 ], [ -78.882140313436523, 36.46538429991989 ], [ -78.882089375904954, 36.465338934111976 ], [ -78.882014515271607, 36.465375939772592 ], [ -78.881975379736446, 36.465397874050176 ], [ -78.881953246483889, 36.465418451406045 ], [ -78.881939629190214, 36.46542942425264 ], [ -78.881914116978336, 36.465436265946906 ], [ -78.881891156995351, 36.465441736847772 ], [ -78.881875988418798, 36.465429652347829 ] ] } },
{ "type": "Feature", "properties": { "FEEDER_NAME": "MILLCREEK", "SUBSTATION_NAME": "Dixon's Store", "wmType": "SECONDARY UNDERGROUND", "WKT": "LINESTRING (-78.88355875112066 36.45608224725023, -78.88357999788948 36.45606785729056, -78.8840904340276 36.455755239301126, -78.88419922589775 36.45575808836446, -78.88428080296171 36.45577189769032, -78.88432158556145 36.455782922071066, -78.88435016167129 36.45579639670526)" }, "geometry": { "type": "LineString", "coordinates": [ [ -78.88355875112066, 36.456082247250229 ], [ -78.883579997889484, 36.456067857290563 ], [ -78.884090434027598, 36.455755239301126 ], [ -78.884199225897746, 36.455758088364462 ], [ -78.884280802961712, 36.455771897690319 ], [ -78.884321585561452, 36.455782922071066 ], [ -78.884350161671293, 36.45579639670526 ] ] } },
{ "type": "Feature", "properties": { "FEEDER_NAME": "MILLCREEK", "SUBSTATION_NAME": "Dixon's Store", "wmType": "SECONDARY UNDERGROUND", "WKT": "LINESTRING (-78.85511962863366 36.4667881589954, -78.85504190771911 36.4667693213603)" }, "geometry": { "type": "LineString", "coordinates": [ [ -78.855119628633659, 36.466788158995399 ], [ -78.855041907719112, 36.466769321360303 ] ] } },
{ "type": "Feature", "properties": { "FEEDER_NAME": "MILLCREEK", "SUBSTATION_NAME": "Dixon's Store", "wmType": "SECONDARY UNDERGROUND", "WKT": "LINESTRING (-78.88386215750268 36.46709941936203, -78.88374646522111 36.467062396511444, -78.88340359176777 36.46706390630361, -78.88339707848583 36.467032728305945)" }, "geometry": { "type": "LineString", "coordinates": [ [ -78.883862157502676, 36.467099419362029 ], [ -78.883746465221108, 36.467062396511444 ], [ -78.883403591767774, 36.467063906303608 ], [ -78.883397078485828, 36.467032728305945 ] ] } },
{ "type": "Feature", "properties": { "FEEDER_NAME": "MILLCREEK", "SUBSTATION_NAME": "Dixon's Store", "wmType": "SECONDARY UNDERGROUND", "WKT": "LINESTRING (-78.88448841657743 36.467757533474405, -78.88421206077057 36.46826888511544, -78.88416772704265 36.46825741590476)" }, "geometry": { "type": "LineString", "coordinates": [ [ -78.884488416577426, 36.467757533474405 ], [ -78.884212060770565, 36.468268885115442 ], [ -78.884167727042652, 36.468257415904759 ] ] } },
{ "type": "Feature", "properties": { "FEEDER_NAME": "MILLCREEK", "SUBSTATION_NAME": "Dixon's Store", "wmType": "SECONDARY UNDERGROUND", "WKT": "LINESTRING (-78.8917490127913 36.45912719938911, -78.89163322130439 36.45910502629325, -78.89161001303212 36.458899893958716)" }, "geometry": { "type": "LineString", "coordinates": [ [ -78.891749012791294, 36.459127199389108 ], [ -78.891633221304389, 36.459105026293251 ], [ -78.891610013032121, 36.458899893958716 ] ] } },
{ "type": "Feature", "properties": { "FEEDER_NAME": "MILLCREEK", "SUBSTATION_NAME": "Dixon's Store", "wmType": "SECONDARY UNDERGROUND", "WKT": "LINESTRING (-78.90196041727876 36.452072564636396, -78.90199096644757 36.45217961693039, -78.90200447665396 36.45224306393897, -78.90198378201376 36.45227284894632, -78.90192326114001 36.45229068174431, -78.90157187203522 36.45250724184654, -78.90158910395654 36.452616216370274)" }, "geometry": { "type": "LineString", "coordinates": [ [ -78.901960417278758, 36.452072564636396 ], [ -78.90199096644757, 36.452179616930387 ], [ -78.902004476653957, 36.452243063938973 ], [ -78.901983782013758, 36.452272848946322 ], [ -78.901923261140013, 36.452290681744309 ], [ -78.90157187203522, 36.45250724184654 ], [ -78.901589103956539, 36.452616216370274 ] ] } },
{ "type": "Feature", "properties": { "FEEDER_NAME": "MILLCREEK", "SUBSTATION_NAME": "Dixon's Store", "wmType": "SECONDARY UNDERGROUND", "WKT": "LINESTRING (-78.88410706172809 36.46752355711132, -78.88417977141732 36.46755913163495)" }, "geometry": { "type": "LineString", "coordinates": [ [ -78.884107061728088, 36.467523557111321 ], [ -78.884179771417323, 36.46755913163495 ] ] } }
]
}
