{
"type": "FeatureCollection",
"name": "New_Sharon_Schley_Rd__West_underground",
"crs": { "type": "name", "properties": { "name": "urn:ogc:def:crs:OGC:1.3:CRS84" } },
"features": [
{ "type": "Feature", "properties": { "FEEDER_NAME": "Schley Rd. West", "SUBSTATION_NAME": "New Sharon ", "wmType": "PRIMARY UNDERGROUND", "WKT": "LINESTRING (-79.00284029782605 36.146229562746115, -79.00287129050474 36.146207910288496)" }, "geometry": { "type": "LineString", "coordinates": [ [ -79.002840297826054, 36.146229562746115 ], [ -79.002871290504743, 36.146207910288496 ] ] } },
{ "type": "Feature", "properties": { "FEEDER_NAME": "Schley Rd. West", "SUBSTATION_NAME": "New Sharon ", "wmType": "PRIMARY UNDERGROUND", "WKT": "LINESTRING (-79.01601628912199 36.13699629068825, -79.01599987801491 36.13702366470355)" }, "geometry": { "type": "LineString", "coordinates": [ [ -79.016016289121993, 36.136996290688252 ], [ -79.01599987801491, 36.137023664703548 ] ] } },
{ "type": "Feature", "properties": { "FEEDER_NAME": "Schley Rd. West", "SUBSTATION_NAME": "New Sharon ", "wmType": "PRIMARY UNDERGROUND", "WKT": "LINESTRING (-79.01391813735866 36.14394964564891, -79.01424748252657 36.1436437876024, -79.0145104833033 36.14351378756584, -79.01472748311721 36.14318378699064)" }, "geometry": { "type": "LineString", "coordinates": [ [ -79.013918137358658, 36.14394964564891 ], [ -79.014247482526571, 36.1436437876024 ], [ -79.014510483303297, 36.143513787565837 ], [ -79.014727483117213, 36.14318378699064 ] ] } },
{ "type": "Feature", "properties": { "FEEDER_NAME": "Schley Rd. West", "SUBSTATION_NAME": "New Sharon ", "wmType": "PRIMARY UNDERGROUND", "WKT": "LINESTRING (-79.00562725104308 36.150672524061555, -79.0057477692004 36.150688967438946, -79.00582565807247 36.15012573040899, -79.00636446487101 36.14989279979701)" }, "geometry": { "type": "LineString", "coordinates": [ [ -79.00562725104308, 36.150672524061555 ], [ -79.005747769200397, 36.150688967438946 ], [ -79.005825658072467, 36.150125730408988 ], [ -79.006364464871012, 36.149892799797009 ] ] } },
{ "type": "Feature", "properties": { "FEEDER_NAME": "Schley Rd. West", "SUBSTATION_NAME": "New Sharon ", "wmType": "PRIMARY UNDERGROUND", "WKT": "LINESTRING (-79.00275339536891 36.14463383900923, -79.0028372212191 36.14424818628254, -79.00283720984943 36.14392552962515, -79.00239267724835 36.1437786081819, -79.00190645737638 36.14345678641414)" }, "geometry": { "type": "LineString", "coordinates": [ [ -79.002753395368913, 36.144633839009231 ], [ -79.002837221219096, 36.144248186282539 ], [ -79.002837209849432, 36.14392552962515 ], [ -79.002392677248352, 36.143778608181897 ], [ -79.001906457376379, 36.143456786414141 ] ] } },
{ "type": "Feature", "properties": { "FEEDER_NAME": "Schley Rd. West", "SUBSTATION_NAME": "New Sharon ", "wmType": "PRIMARY UNDERGROUND", "WKT": "LINESTRING (-79.01586072639464 36.14155414342872, -79.01595887052432 36.14152243120392, -79.01601935529624 36.141524209517456, -79.01607762593969 36.14146057493378, -79.01614038858932 36.14140786430199, -79.01626363140892 36.14133515027373, -79.01626448667076 36.14131178335941)" }, "geometry": { "type": "LineString", "coordinates": [ [ -79.015860726394635, 36.141554143428721 ], [ -79.015958870524315, 36.141522431203917 ], [ -79.016019355296237, 36.141524209517456 ], [ -79.016077625939687, 36.141460574933781 ], [ -79.016140388589321, 36.141407864301989 ], [ -79.016263631408918, 36.141335150273733 ], [ -79.016264486670764, 36.141311783359413 ] ] } },
{ "type": "Feature", "properties": { "FEEDER_NAME": "Schley Rd. West", "SUBSTATION_NAME": "New Sharon ", "wmType": "PRIMARY UNDERGROUND", "WKT": "LINESTRING (-79.01586072639464 36.14155414342872, -79.01580689672429 36.14157341304119, -79.01589010590523 36.14170641943662, -79.01596737074998 36.14186055110693, -79.01606597718315 36.14201138145863, -79.0161290018244 36.14209957181845, -79.0160014269581 36.14213470634459)" }, "geometry": { "type": "LineString", "coordinates": [ [ -79.015860726394635, 36.141554143428721 ], [ -79.015806896724285, 36.141573413041193 ], [ -79.015890105905228, 36.141706419436623 ], [ -79.015967370749976, 36.14186055110693 ], [ -79.016065977183146, 36.14201138145863 ], [ -79.016129001824396, 36.142099571818449 ], [ -79.016001426958098, 36.142134706344592 ] ] } },
{ "type": "Feature", "properties": { "FEEDER_NAME": "Schley Rd. West", "SUBSTATION_NAME": "New Sharon ", "wmType": "PRIMARY UNDERGROUND", "WKT": "LINESTRING (-78.97771441083538 36.122731742089975, -78.97782898730885 36.12273646640362, -78.97814877664845 36.12267928976449, -78.97817399693776 36.12267929426584, -78.97819160137523 36.122687501266164, -78.97820420653234 36.12270593809226, -78.9782041993494 36.12273248010091, -78.97819158368192 36.12275284285901, -78.97821430020001 36.12277330834279, -78.9783552604125 36.122814158900404, -78.97838796949347 36.12283665297603, -78.9784206659987 36.12290615048447, -78.97843326250673 36.12295720986296, -78.97847841246816 36.12298174287598)" }, "geometry": { "type": "LineString", "coordinates": [ [ -78.977714410835375, 36.122731742089975 ], [ -78.977828987308854, 36.122736466403623 ], [ -78.978148776648453, 36.122679289764491 ], [ -78.978173996937755, 36.122679294265843 ], [ -78.978191601375229, 36.122687501266164 ], [ -78.97820420653234, 36.12270593809226 ], [ -78.978204199349406, 36.122732480100908 ], [ -78.978191583681919, 36.122752842859008 ], [ -78.978214300200008, 36.122773308342794 ], [ -78.978355260412499, 36.122814158900404 ], [ -78.978387969493468, 36.122836652976027 ], [ -78.978420665998698, 36.122906150484468 ], [ -78.978433262506726, 36.12295720986296 ], [ -78.978478412468164, 36.122981742875979 ] ] } },
{ "type": "Feature", "properties": { "FEEDER_NAME": "Schley Rd. West", "SUBSTATION_NAME": "New Sharon ", "wmType": "PRIMARY UNDERGROUND", "WKT": "LINESTRING (-78.97771441083538 36.122731742089975, -78.97774084636669 36.12269967767225, -78.97772076574167 36.12261184412407, -78.97773088778814 36.12257507413729, -78.97781585862397 36.12232832482474, -78.97779717284496 36.122322385959386, -78.97777148908717 36.12231565814827)" }, "geometry": { "type": "LineString", "coordinates": [ [ -78.977714410835375, 36.122731742089975 ], [ -78.977740846366686, 36.122699677672252 ], [ -78.977720765741665, 36.122611844124073 ], [ -78.977730887788141, 36.122575074137288 ], [ -78.97781585862397, 36.122328324824743 ], [ -78.977797172844959, 36.122322385959386 ], [ -78.977771489087175, 36.122315658148267 ] ] } },
{ "type": "Feature", "properties": { "FEEDER_NAME": "Schley Rd. West", "SUBSTATION_NAME": "New Sharon ", "wmType": "PRIMARY UNDERGROUND", "WKT": "LINESTRING (-79.01129847496131 36.15037580070334, -79.0113262341448 36.15039150451606, -79.01128111206086 36.15050914159421, -79.01105208540129 36.15054260928519, -79.01089038129759 36.15054977672361, -79.01079336035902 36.15056886133772, -79.0107316214139 36.15059509573072, -79.01069908626717 36.150621155411, -79.010672831087 36.15067617327897, -79.01067579207161 36.150840701541426, -79.01071109563411 36.15100045773654, -79.01076109604746 36.1511411366036, -79.01081405839575 36.15144157532934, -79.01081113730073 36.15158464342675, -79.01077820480775 36.15174984438824, -79.01075747349427 36.15175680358904)" }, "geometry": { "type": "LineString", "coordinates": [ [ -79.011298474961308, 36.150375800703337 ], [ -79.011326234144803, 36.150391504516058 ], [ -79.011281112060857, 36.150509141594213 ], [ -79.011052085401289, 36.150542609285189 ], [ -79.010890381297585, 36.150549776723608 ], [ -79.010793360359017, 36.150568861337717 ], [ -79.010731621413896, 36.150595095730722 ], [ -79.010699086267167, 36.150621155411002 ], [ -79.010672831087007, 36.150676173278967 ], [ -79.010675792071609, 36.150840701541426 ], [ -79.010711095634107, 36.151000457736536 ], [ -79.01076109604746, 36.151141136603599 ], [ -79.010814058395752, 36.151441575329343 ], [ -79.010811137300735, 36.151584643426752 ], [ -79.01077820480775, 36.151749844388242 ], [ -79.010757473494266, 36.151756803589038 ] ] } },
{ "type": "Feature", "properties": { "FEEDER_NAME": "Schley Rd. West", "SUBSTATION_NAME": "New Sharon ", "wmType": "PRIMARY UNDERGROUND", "WKT": "LINESTRING (-79.02167738466215 36.148825215863425, -79.02167546269989 36.14882256753049, -79.02158231899526 36.14880884946053, -79.02154842600788 36.14871958008925, -79.02150889376327 36.14865091439267, -79.02152015651735 36.14855019252282, -79.0215088405599 36.14845176370578, -79.02149753196466 36.14838080394593, -79.02144106426832 36.14830756301315, -79.02138742576767 36.14825950063292, -79.02133379157718 36.148227462750185, -79.02126039526622 36.14817940465597, -79.021218042339 36.148115317516925, -79.02121238306435 36.14806038036358, -79.0212236642093 36.148028331162344, -79.02121101369987 36.147970325676624)" }, "geometry": { "type": "LineString", "coordinates": [ [ -79.021677384662155, 36.148825215863425 ], [ -79.021675462699889, 36.148822567530488 ], [ -79.021582318995257, 36.148808849460529 ], [ -79.021548426007882, 36.148719580089249 ], [ -79.021508893763269, 36.148650914392668 ], [ -79.021520156517354, 36.148550192522819 ], [ -79.021508840559903, 36.148451763705779 ], [ -79.021497531964656, 36.148380803945933 ], [ -79.021441064268316, 36.148307563013148 ], [ -79.021387425767671, 36.148259500632918 ], [ -79.021333791577177, 36.148227462750185 ], [ -79.021260395266225, 36.14817940465597 ], [ -79.021218042339001, 36.148115317516925 ], [ -79.021212383064352, 36.148060380363582 ], [ -79.021223664209302, 36.148028331162344 ], [ -79.021211013699869, 36.147970325676624 ] ] } },
{ "type": "Feature", "properties": { "FEEDER_NAME": "Schley Rd. West", "SUBSTATION_NAME": "New Sharon ", "wmType": "PRIMARY UNDERGROUND", "WKT": "LINESTRING (-79.01129847496131 36.15037580070334, -79.01132853083341 36.150382272255165, -79.01141340567557 36.15041667997571, -79.01141830618526 36.150448447353305, -79.0114637080549 36.15061172076044, -79.01151075707578 36.15065940594365, -79.01157838554738 36.150704704547834, -79.01172245940245 36.15076668722018, -79.0118214905414 36.15080050750563, -79.01191063305478 36.1508119740347, -79.01201059995213 36.15083819322805, -79.01194228992749 36.150950071332645)" }, "geometry": { "type": "LineString", "coordinates": [ [ -79.011298474961308, 36.150375800703337 ], [ -79.01132853083341, 36.150382272255165 ], [ -79.011413405675569, 36.150416679975713 ], [ -79.011418306185263, 36.150448447353305 ], [ -79.011463708054904, 36.150611720760438 ], [ -79.011510757075783, 36.150659405943649 ], [ -79.011578385547381, 36.150704704547834 ], [ -79.011722459402449, 36.150766687220177 ], [ -79.011821490541394, 36.150800507505629 ], [ -79.011910633054782, 36.150811974034703 ], [ -79.012010599952134, 36.150838193228047 ], [ -79.011942289927489, 36.150950071332645 ] ] } },
{ "type": "Feature", "properties": { "FEEDER_NAME": "Schley Rd. West", "SUBSTATION_NAME": "New Sharon ", "wmType": "PRIMARY UNDERGROUND", "WKT": "LINESTRING (-79.01129847496131 36.15037580070334, -79.00972347197052 36.150076800082225)" }, "geometry": { "type": "LineString", "coordinates": [ [ -79.011298474961308, 36.150375800703337 ], [ -79.009723471970517, 36.150076800082225 ] ] } },
{ "type": "Feature", "properties": { "FEEDER_NAME": "Schley Rd. West", "SUBSTATION_NAME": "New Sharon ", "wmType": "PRIMARY UNDERGROUND", "WKT": "LINESTRING (-79.02147749643918 36.1504728018976, -79.02147837776985 36.15046915452516, -79.02145584497791 36.150524858980994, -79.02155149669167 36.15060180234408, -79.02171449639879 36.150642802254914, -79.02206449771236 36.15059180208398, -79.02215649737774 36.150942803320135)" }, "geometry": { "type": "LineString", "coordinates": [ [ -79.021477496439175, 36.1504728018976 ], [ -79.021478377769853, 36.150469154525162 ], [ -79.021455844977908, 36.150524858980994 ], [ -79.021551496691671, 36.150601802344077 ], [ -79.021714496398786, 36.150642802254914 ], [ -79.022064497712364, 36.15059180208398 ], [ -79.022156497377736, 36.150942803320135 ] ] } },
{ "type": "Feature", "properties": { "FEEDER_NAME": "Schley Rd. West", "SUBSTATION_NAME": "New Sharon ", "wmType": "PRIMARY UNDERGROUND", "WKT": "LINESTRING (-79.00360208825191 36.13880844888439, -79.00358052024693 36.13877786392061)" }, "geometry": { "type": "LineString", "coordinates": [ [ -79.00360208825191, 36.13880844888439 ], [ -79.003580520246928, 36.138777863920609 ] ] } },
{ "type": "Feature", "properties": { "FEEDER_NAME": "Schley Rd. West", "SUBSTATION_NAME": "New Sharon ", "wmType": "PRIMARY UNDERGROUND", "WKT": "LINESTRING (-79.00360208825191 36.13880844888439, -79.00354110526075 36.13881918959879, -79.00314645318119 36.138862394943175)" }, "geometry": { "type": "LineString", "coordinates": [ [ -79.00360208825191, 36.13880844888439 ], [ -79.003541105260751, 36.138819189598792 ], [ -79.003146453181188, 36.138862394943175 ] ] } },
{ "type": "Feature", "properties": { "FEEDER_NAME": "Schley Rd. West", "SUBSTATION_NAME": "New Sharon ", "wmType": "PRIMARY UNDERGROUND", "WKT": "LINESTRING (-79.04117653781496 36.14605179589727, -79.04098075827712 36.14607368547579, -79.04069618102245 36.14646531861252, -79.0405702648745 36.14644834003378, -79.04048037874759 36.14654319402448, -79.0404444025198 36.14653834385323, -79.0404259376152 36.146543455346404)" }, "geometry": { "type": "LineString", "coordinates": [ [ -79.041176537814962, 36.146051795897272 ], [ -79.040980758277115, 36.146073685475791 ], [ -79.040696181022454, 36.14646531861252 ], [ -79.040570264874503, 36.146448340033778 ], [ -79.040480378747588, 36.146543194024481 ], [ -79.040444402519796, 36.14653834385323 ], [ -79.040425937615197, 36.146543455346404 ] ] } },
{ "type": "Feature", "properties": { "FEEDER_NAME": "Schley Rd. West", "SUBSTATION_NAME": "New Sharon ", "wmType": "PRIMARY UNDERGROUND", "WKT": "LINESTRING (-79.02330523664854 36.15331445230373, -79.02227799980423 36.15333799943442)" }, "geometry": { "type": "LineString", "coordinates": [ [ -79.02330523664854, 36.153314452303732 ], [ -79.022277999804231, 36.15333799943442 ] ] } },
{ "type": "Feature", "properties": { "FEEDER_NAME": "Schley Rd. West", "SUBSTATION_NAME": "New Sharon ", "wmType": "PRIMARY UNDERGROUND", "WKT": "LINESTRING (-78.98635942446968 36.14788879350091, -78.98748820419124 36.14724859540069)" }, "geometry": { "type": "LineString", "coordinates": [ [ -78.986359424469683, 36.147888793500911 ], [ -78.987488204191237, 36.14724859540069 ] ] } },
{ "type": "Feature", "properties": { "FEEDER_NAME": "Schley Rd. West", "SUBSTATION_NAME": "New Sharon ", "wmType": "PRIMARY UNDERGROUND", "WKT": "LINESTRING (-78.99714005719247 36.14295118723663, -78.9971208687587 36.143063328059576, -78.99841945246555 36.14453705820234)" }, "geometry": { "type": "LineString", "coordinates": [ [ -78.997140057192468, 36.142951187236633 ], [ -78.997120868758699, 36.143063328059576 ], [ -78.998419452465555, 36.144537058202339 ] ] } },
{ "type": "Feature", "properties": { "FEEDER_NAME": "Schley Rd. West", "SUBSTATION_NAME": "New Sharon ", "wmType": "PRIMARY UNDERGROUND", "WKT": "LINESTRING (-79.01194228992749 36.150950071332645, -79.01218057620746 36.15091023217477, -79.01230171708185 36.15093296672572, -79.01243145848125 36.15103234230594, -79.01276747825759 36.15110780249131)" }, "geometry": { "type": "LineString", "coordinates": [ [ -79.011942289927489, 36.150950071332645 ], [ -79.012180576207456, 36.150910232174773 ], [ -79.012301717081854, 36.150932966725719 ], [ -79.012431458481245, 36.151032342305939 ], [ -79.012767478257587, 36.15110780249131 ] ] } },
{ "type": "Feature", "properties": { "FEEDER_NAME": "Schley Rd. West", "SUBSTATION_NAME": "New Sharon ", "wmType": "PRIMARY UNDERGROUND", "WKT": "LINESTRING (-79.01164270973923 36.14794042234042, -79.01149064750341 36.14795071417946, -79.01149699592021 36.14803807296949, -79.0114970260062 36.14824876196483, -79.01141342955592 36.14851577575124, -79.01134291623117 36.14884960798236, -79.01131341081393 36.14915833838502, -79.01119303285523 36.14921487550114, -79.01130075749313 36.14929194747724, -79.01133883601895 36.1497338766213, -79.01140861666627 36.15032482676741, -79.01131991736355 36.150371083564295, -79.01129847496131 36.15037580070334)" }, "geometry": { "type": "LineString", "coordinates": [ [ -79.011642709739235, 36.147940422340419 ], [ -79.011490647503408, 36.147950714179458 ], [ -79.011496995920211, 36.148038072969491 ], [ -79.011497026006197, 36.14824876196483 ], [ -79.011413429555915, 36.148515775751243 ], [ -79.011342916231172, 36.148849607982363 ], [ -79.011313410813926, 36.149158338385021 ], [ -79.011193032855232, 36.149214875501137 ], [ -79.011300757493132, 36.149291947477238 ], [ -79.01133883601895, 36.149733876621298 ], [ -79.011408616666273, 36.15032482676741 ], [ -79.011319917363551, 36.150371083564295 ], [ -79.011298474961308, 36.150375800703337 ] ] } },
{ "type": "Feature", "properties": { "FEEDER_NAME": "Schley Rd. West", "SUBSTATION_NAME": "New Sharon ", "wmType": "PRIMARY UNDERGROUND", "WKT": "LINESTRING (-78.99541398616465 36.16135874674354, -78.99538024239453 36.16130999898218, -78.99533186318772 36.161221937132545, -78.99528263288731 36.16124590565152, -78.99515705887491 36.161283839020754, -78.99500180961846 36.16127788749271, -78.99500426094346 36.16115803465997, -78.99468899242389 36.1611380145067, -78.99423325745876 36.161080048729616, -78.99389820379194 36.161076068962245, -78.99351143640392 36.161112820280664)" }, "geometry": { "type": "LineString", "coordinates": [ [ -78.99541398616465, 36.161358746743538 ], [ -78.995380242394532, 36.161309998982183 ], [ -78.995331863187715, 36.161221937132545 ], [ -78.99528263288731, 36.161245905651519 ], [ -78.995157058874909, 36.161283839020754 ], [ -78.995001809618458, 36.161277887492709 ], [ -78.99500426094346, 36.161158034659969 ], [ -78.994688992423889, 36.161138014506697 ], [ -78.99423325745876, 36.161080048729616 ], [ -78.993898203791943, 36.161076068962245 ], [ -78.993511436403921, 36.161112820280664 ] ] } },
{ "type": "Feature", "properties": { "FEEDER_NAME": "Schley Rd. West", "SUBSTATION_NAME": "New Sharon ", "wmType": "PRIMARY UNDERGROUND", "WKT": "LINESTRING (-78.9951492181971 36.15307685632589, -78.99645901886973 36.15336423710222)" }, "geometry": { "type": "LineString", "coordinates": [ [ -78.995149218197099, 36.153076856325889 ], [ -78.996459018869729, 36.153364237102217 ] ] } },
{ "type": "Feature", "properties": { "FEEDER_NAME": "Schley Rd. West", "SUBSTATION_NAME": "New Sharon ", "wmType": "PRIMARY UNDERGROUND", "WKT": "LINESTRING (-79.00287129050474 36.146207910288496, -79.00301656020008 36.146106422566234, -79.00317662712185 36.14547948240134)" }, "geometry": { "type": "LineString", "coordinates": [ [ -79.002871290504743, 36.146207910288496 ], [ -79.003016560200081, 36.146106422566234 ], [ -79.003176627121846, 36.145479482401342 ] ] } },
{ "type": "Feature", "properties": { "FEEDER_NAME": "Schley Rd. West", "SUBSTATION_NAME": "New Sharon ", "wmType": "PRIMARY UNDERGROUND", "WKT": "LINESTRING (-79.00624678232997 36.139219340101484, -79.00609344169956 36.1389681049154, -79.00574195316115 36.138801815326715, -79.00539046703327 36.13868304063066, -79.00496378555299 36.13869925450165)" }, "geometry": { "type": "LineString", "coordinates": [ [ -79.006246782329967, 36.139219340101484 ], [ -79.006093441699562, 36.138968104915399 ], [ -79.005741953161149, 36.138801815326715 ], [ -79.005390467033266, 36.13868304063066 ], [ -79.004963785552988, 36.138699254501653 ] ] } },
{ "type": "Feature", "properties": { "FEEDER_NAME": "Schley Rd. West", "SUBSTATION_NAME": "New Sharon ", "wmType": "PRIMARY UNDERGROUND", "WKT": "LINESTRING (-79.00496378555299 36.13869925450165, -79.0043213919935 36.13867120407101, -79.00373412023843 36.13878519345699, -79.00360208825191 36.13880844888439)" }, "geometry": { "type": "LineString", "coordinates": [ [ -79.004963785552988, 36.138699254501653 ], [ -79.0043213919935, 36.138671204071009 ], [ -79.003734120238434, 36.138785193456989 ], [ -79.00360208825191, 36.13880844888439 ] ] } },
{ "type": "Feature", "properties": { "FEEDER_NAME": "Schley Rd. West", "SUBSTATION_NAME": "New Sharon ", "wmType": "PRIMARY UNDERGROUND", "WKT": "LINESTRING (-79.00314645318119 36.138862394943175, -79.00315699542165 36.13893347927927, -79.00306975086531 36.13898876321679, -79.00393218101127 36.13976602057477, -79.00393395438402 36.13976830150402)" }, "geometry": { "type": "LineString", "coordinates": [ [ -79.003146453181188, 36.138862394943175 ], [ -79.003156995421648, 36.138933479279267 ], [ -79.003069750865308, 36.138988763216787 ], [ -79.003932181011265, 36.139766020574768 ], [ -79.003933954384024, 36.13976830150402 ] ] } },
{ "type": "Feature", "properties": { "FEEDER_NAME": "Schley Rd. West", "SUBSTATION_NAME": "New Sharon ", "wmType": "PRIMARY UNDERGROUND", "WKT": "LINESTRING (-79.00393395438402 36.13976830150402, -79.00303710716983 36.13902401523937, -79.00216862770246 36.139787892064234, -79.00228973403293 36.140026098350134)" }, "geometry": { "type": "LineString", "coordinates": [ [ -79.003933954384024, 36.13976830150402 ], [ -79.003037107169831, 36.139024015239372 ], [ -79.00216862770246, 36.139787892064234 ], [ -79.002289734032928, 36.140026098350134 ] ] } },
{ "type": "Feature", "properties": { "FEEDER_NAME": "Schley Rd. West", "SUBSTATION_NAME": "New Sharon ", "wmType": "PRIMARY UNDERGROUND", "WKT": "LINESTRING (-79.00228973403293 36.140026098350134, -79.00211333079392 36.13982064334362, -79.00147055504236 36.14035053543527)" }, "geometry": { "type": "LineString", "coordinates": [ [ -79.002289734032928, 36.140026098350134 ], [ -79.002113330793918, 36.139820643343619 ], [ -79.00147055504236, 36.140350535435267 ] ] } },
{ "type": "Feature", "properties": { "FEEDER_NAME": "Schley Rd. West", "SUBSTATION_NAME": "New Sharon ", "wmType": "PRIMARY UNDERGROUND", "WKT": "LINESTRING (-79.00652718113201 36.14182203268946, -79.00545858286594 36.14265858873519)" }, "geometry": { "type": "LineString", "coordinates": [ [ -79.006527181132014, 36.141822032689461 ], [ -79.005458582865941, 36.142658588735188 ] ] } },
{ "type": "Feature", "properties": { "FEEDER_NAME": "Schley Rd. West", "SUBSTATION_NAME": "New Sharon ", "wmType": "PRIMARY UNDERGROUND", "WKT": "LINESTRING (-79.00545858286594 36.14265858873519, -79.0037061154979 36.14408147744438, -79.00323280997924 36.144373589011764, -79.00275339536891 36.14463383900923)" }, "geometry": { "type": "LineString", "coordinates": [ [ -79.005458582865941, 36.142658588735188 ], [ -79.003706115497906, 36.144081477444381 ], [ -79.003232809979238, 36.144373589011764 ], [ -79.002753395368913, 36.144633839009231 ] ] } },
{ "type": "Feature", "properties": { "FEEDER_NAME": "Schley Rd. West", "SUBSTATION_NAME": "New Sharon ", "wmType": "PRIMARY UNDERGROUND", "WKT": "LINESTRING (-79.00652718113201 36.14182203268946, -79.00616842978923 36.141458244648156, -79.00580975633706 36.14114351153968, -79.00535986145589 36.140894509967964)" }, "geometry": { "type": "LineString", "coordinates": [ [ -79.006527181132014, 36.141822032689461 ], [ -79.006168429789227, 36.141458244648156 ], [ -79.005809756337058, 36.141143511539681 ], [ -79.005359861455887, 36.140894509967964 ] ] } },
{ "type": "Feature", "properties": { "FEEDER_NAME": "Schley Rd. West", "SUBSTATION_NAME": "New Sharon ", "wmType": "PRIMARY UNDERGROUND", "WKT": "LINESTRING (-79.01125364262649 36.138757800963255, -79.0117432226729 36.139683128162524)" }, "geometry": { "type": "LineString", "coordinates": [ [ -79.011253642626485, 36.138757800963255 ], [ -79.011743222672905, 36.139683128162524 ] ] } },
{ "type": "Feature", "properties": { "FEEDER_NAME": "Schley Rd. West", "SUBSTATION_NAME": "New Sharon ", "wmType": "PRIMARY UNDERGROUND", "WKT": "LINESTRING (-78.9967192832666 36.142731392999984, -78.99642238710804 36.14244529294038)" }, "geometry": { "type": "LineString", "coordinates": [ [ -78.9967192832666, 36.142731392999984 ], [ -78.996422387108041, 36.14244529294038 ] ] } },
{ "type": "Feature", "properties": { "FEEDER_NAME": "Schley Rd. West", "SUBSTATION_NAME": "New Sharon ", "wmType": "PRIMARY UNDERGROUND", "WKT": "LINESTRING (-78.99642238710804 36.14244529294038, -78.99703855624651 36.1429798696944, -78.99714005719247 36.14295118723663)" }, "geometry": { "type": "LineString", "coordinates": [ [ -78.996422387108041, 36.14244529294038 ], [ -78.997038556246508, 36.1429798696944 ], [ -78.997140057192468, 36.142951187236633 ] ] } },
{ "type": "Feature", "properties": { "FEEDER_NAME": "Schley Rd. West", "SUBSTATION_NAME": "New Sharon ", "wmType": "PRIMARY UNDERGROUND", "WKT": "LINESTRING (-78.99841945246555 36.14453705820234, -78.99859950065463 36.14445064985687, -78.99870033832853 36.144291366171394, -78.99872836956195 36.144100198378275, -78.99886801570047 36.14387367416957, -78.99905910720373 36.143724645907234, -78.99942414351173 36.14405489581174)" }, "geometry": { "type": "LineString", "coordinates": [ [ -78.998419452465555, 36.144537058202339 ], [ -78.998599500654635, 36.144450649856871 ], [ -78.998700338328533, 36.144291366171394 ], [ -78.998728369561945, 36.144100198378275 ], [ -78.998868015700467, 36.143873674169569 ], [ -78.999059107203735, 36.143724645907234 ], [ -78.999424143511732, 36.144054895811742 ] ] } },
{ "type": "Feature", "properties": { "FEEDER_NAME": "Schley Rd. West", "SUBSTATION_NAME": "New Sharon ", "wmType": "PRIMARY UNDERGROUND", "WKT": "LINESTRING (-78.99942414351173 36.14405489581174, -78.99910320562331 36.14370080091581, -78.99930164622451 36.1435636954298, -78.999420520805 36.143498306383194, -78.99954418441067 36.14337889913447, -78.9994191323346 36.143285181848405)" }, "geometry": { "type": "LineString", "coordinates": [ [ -78.999424143511732, 36.144054895811742 ], [ -78.999103205623314, 36.143700800915809 ], [ -78.999301646224509, 36.143563695429798 ], [ -78.999420520805003, 36.143498306383194 ], [ -78.999544184410667, 36.143378899134468 ], [ -78.999419132334594, 36.143285181848405 ] ] } },
{ "type": "Feature", "properties": { "FEEDER_NAME": "Schley Rd. West", "SUBSTATION_NAME": "New Sharon ", "wmType": "PRIMARY UNDERGROUND", "WKT": "LINESTRING (-78.9994191323346 36.143285181848405, -78.99958828150805 36.14333121044063, -78.99974262402021 36.14306891766308, -78.99986756677129 36.14277682044548, -78.99999250862032 36.14243703239167, -79.0002776038104 36.14133654329005)" }, "geometry": { "type": "LineString", "coordinates": [ [ -78.999419132334594, 36.143285181848405 ], [ -78.999588281508053, 36.143331210440628 ], [ -78.999742624020215, 36.143068917663079 ], [ -78.999867566771286, 36.142776820445476 ], [ -78.999992508620323, 36.142437032391669 ], [ -79.000277603810403, 36.141336543290052 ] ] } },
{ "type": "Feature", "properties": { "FEEDER_NAME": "Schley Rd. West", "SUBSTATION_NAME": "New Sharon ", "wmType": "PRIMARY UNDERGROUND", "WKT": "LINESTRING (-79.0002776038104 36.14133654329005, -79.00053107079451 36.14135428745015)" }, "geometry": { "type": "LineString", "coordinates": [ [ -79.000277603810403, 36.141336543290052 ], [ -79.000531070794509, 36.141354287450149 ] ] } },
{ "type": "Feature", "properties": { "FEEDER_NAME": "Schley Rd. West", "SUBSTATION_NAME": "New Sharon ", "wmType": "PRIMARY UNDERGROUND", "WKT": "LINESTRING (-79.0002776038104 36.14133654329005, -79.00143150802897 36.14038272924873)" }, "geometry": { "type": "LineString", "coordinates": [ [ -79.000277603810403, 36.141336543290052 ], [ -79.001431508028972, 36.140382729248728 ] ] } },
{ "type": "Feature", "properties": { "FEEDER_NAME": "Schley Rd. West", "SUBSTATION_NAME": "New Sharon ", "wmType": "PRIMARY UNDERGROUND", "WKT": "LINESTRING (-79.00143150802897 36.14038272924873, -79.00138244136753 36.14015936984644, -79.00131571472583 36.13987893276851, -79.00119439902336 36.13962309404834, -79.00107308455075 36.13940169618516, -79.00094570496024 36.13913601860325, -79.00078799948926 36.139044999238706)" }, "geometry": { "type": "LineString", "coordinates": [ [ -79.001431508028972, 36.140382729248728 ], [ -79.001382441367525, 36.140159369846437 ], [ -79.001315714725834, 36.139878932768511 ], [ -79.001194399023362, 36.139623094048339 ], [ -79.001073084550754, 36.139401696185161 ], [ -79.000945704960245, 36.139136018603253 ], [ -79.000787999489262, 36.139044999238706 ] ] } },
{ "type": "Feature", "properties": { "FEEDER_NAME": "Schley Rd. West", "SUBSTATION_NAME": "New Sharon ", "wmType": "PRIMARY UNDERGROUND", "WKT": "LINESTRING (-79.00143150802897 36.14038272924873, -79.00147055504236 36.14035053543527)" }, "geometry": { "type": "LineString", "coordinates": [ [ -79.001431508028972, 36.140382729248728 ], [ -79.00147055504236, 36.140350535435267 ] ] } },
{ "type": "Feature", "properties": { "FEEDER_NAME": "Schley Rd. West", "SUBSTATION_NAME": "New Sharon ", "wmType": "PRIMARY UNDERGROUND", "WKT": "LINESTRING (-78.99841945246555 36.14453705820234, -78.99876219616907 36.14492814725225)" }, "geometry": { "type": "LineString", "coordinates": [ [ -78.998419452465555, 36.144537058202339 ], [ -78.998762196169068, 36.144928147252251 ] ] } },
{ "type": "Feature", "properties": { "FEEDER_NAME": "Schley Rd. West", "SUBSTATION_NAME": "New Sharon ", "wmType": "PRIMARY UNDERGROUND", "WKT": "LINESTRING (-78.99876219616907 36.14492814725225, -78.99923720578464 36.145559527698026)" }, "geometry": { "type": "LineString", "coordinates": [ [ -78.998762196169068, 36.144928147252251 ], [ -78.999237205784638, 36.145559527698026 ] ] } },
{ "type": "Feature", "properties": { "FEEDER_NAME": "Schley Rd. West", "SUBSTATION_NAME": "New Sharon ", "wmType": "PRIMARY UNDERGROUND", "WKT": "LINESTRING (-78.99355672958356 36.141566994066295, -78.99362375038162 36.141625644381136)" }, "geometry": { "type": "LineString", "coordinates": [ [ -78.99355672958356, 36.141566994066295 ], [ -78.993623750381616, 36.141625644381136 ] ] } },
{ "type": "Feature", "properties": { "FEEDER_NAME": "Schley Rd. West", "SUBSTATION_NAME": "New Sharon ", "wmType": "PRIMARY UNDERGROUND", "WKT": "LINESTRING (-78.99362375038162 36.141625644381136, -78.99363196248953 36.14169551358635, -78.99368765712366 36.141737944942946, -78.99374133750747 36.141764743632635, -78.99376517473907 36.14282876383585)" }, "geometry": { "type": "LineString", "coordinates": [ [ -78.993623750381616, 36.141625644381136 ], [ -78.99363196248953, 36.141695513586349 ], [ -78.993687657123658, 36.141737944942946 ], [ -78.993741337507473, 36.141764743632635 ], [ -78.993765174739067, 36.142828763835851 ] ] } },
{ "type": "Feature", "properties": { "FEEDER_NAME": "Schley Rd. West", "SUBSTATION_NAME": "New Sharon ", "wmType": "PRIMARY UNDERGROUND", "WKT": "LINESTRING (-78.99349707729537 36.15514617813855, -78.99348559591094 36.15571874258796, -78.9934883144161 36.155756259330595, -78.99347742646424 36.155778325853326, -78.99344224187205 36.15579363558284)" }, "geometry": { "type": "LineString", "coordinates": [ [ -78.993497077295373, 36.155146178138551 ], [ -78.99348559591094, 36.155718742587958 ], [ -78.993488314416098, 36.155756259330595 ], [ -78.993477426464239, 36.155778325853326 ], [ -78.993442241872046, 36.155793635582839 ] ] } },
{ "type": "Feature", "properties": { "FEEDER_NAME": "Schley Rd. West", "SUBSTATION_NAME": "New Sharon ", "wmType": "PRIMARY UNDERGROUND", "WKT": "LINESTRING (-78.98453285726158 36.14644522496256, -78.98452864480231 36.14613327273471, -78.98453683522831 36.14595334040522, -78.98457274084228 36.145855440329434, -78.98456295992112 36.14582368651775, -78.98451240117637 36.145773403937085, -78.98445205141377 36.14574428967925, -78.98444002799535 36.14573688825826)" }, "geometry": { "type": "LineString", "coordinates": [ [ -78.984532857261584, 36.146445224962562 ], [ -78.98452864480231, 36.146133272734708 ], [ -78.984536835228312, 36.145953340405221 ], [ -78.984572740842282, 36.145855440329434 ], [ -78.984562959921121, 36.145823686517751 ], [ -78.984512401176374, 36.145773403937085 ], [ -78.984452051413768, 36.14574428967925 ], [ -78.984440027995348, 36.145736888258263 ] ] } },
{ "type": "Feature", "properties": { "FEEDER_NAME": "Schley Rd. West", "SUBSTATION_NAME": "New Sharon ", "wmType": "PRIMARY UNDERGROUND", "WKT": "LINESTRING (-78.99247018151507 36.15583784182418, -78.9924620359438 36.156168361169776, -78.99249239569568 36.15648628207735, -78.99257138728858 36.156720411142274, -78.99274763258873 36.15689540025225, -78.99341791305255 36.15734948971133)" }, "geometry": { "type": "LineString", "coordinates": [ [ -78.992470181515074, 36.15583784182418 ], [ -78.992462035943802, 36.156168361169776 ], [ -78.992492395695677, 36.156486282077353 ], [ -78.992571387288578, 36.156720411142274 ], [ -78.992747632588731, 36.156895400252253 ], [ -78.993417913052554, 36.157349489711329 ] ] } },
{ "type": "Feature", "properties": { "FEEDER_NAME": "Schley Rd. West", "SUBSTATION_NAME": "New Sharon ", "wmType": "PRIMARY UNDERGROUND", "WKT": "LINESTRING (-78.99341791305255 36.15734948971133, -78.99412689498016 36.157740733939676, -78.99463114647122 36.15803285348257, -78.99510453001241 36.158291587885316, -78.99558820380908 36.1586170852808, -78.99585209660688 36.15888533029863, -78.99436697071829 36.159015919637405)" }, "geometry": { "type": "LineString", "coordinates": [ [ -78.993417913052554, 36.157349489711329 ], [ -78.994126894980155, 36.157740733939676 ], [ -78.994631146471221, 36.158032853482567 ], [ -78.995104530012412, 36.158291587885316 ], [ -78.995588203809078, 36.158617085280802 ], [ -78.995852096606882, 36.158885330298631 ], [ -78.994366970718289, 36.159015919637405 ] ] } },
{ "type": "Feature", "properties": { "FEEDER_NAME": "Schley Rd. West", "SUBSTATION_NAME": "New Sharon ", "wmType": "PRIMARY UNDERGROUND", "WKT": "LINESTRING (-78.99436697071829 36.159015919637405, -78.99588361331226 36.15894070902381, -78.9960779552439 36.15932410077084, -78.99615673176719 36.159707487669124, -78.99607266122614 36.160159025241775, -78.99594133645726 36.16051521837959, -78.99564945309952 36.16086479623797, -78.99550217493118 36.16098421398615, -78.99546201262669 36.160945128787176, -78.99540310458957 36.16093427060201, -78.99534172079916 36.1609560090949)" }, "geometry": { "type": "LineString", "coordinates": [ [ -78.994366970718289, 36.159015919637405 ], [ -78.995883613312259, 36.15894070902381 ], [ -78.996077955243905, 36.159324100770839 ], [ -78.996156731767186, 36.159707487669124 ], [ -78.996072661226137, 36.160159025241775 ], [ -78.995941336457264, 36.160515218379587 ], [ -78.995649453099517, 36.160864796237973 ], [ -78.995502174931175, 36.160984213986147 ], [ -78.995462012626689, 36.160945128787176 ], [ -78.99540310458957, 36.160934270602013 ], [ -78.995341720799161, 36.160956009094903 ] ] } },
{ "type": "Feature", "properties": { "FEEDER_NAME": "Schley Rd. West", "SUBSTATION_NAME": "New Sharon ", "wmType": "PRIMARY UNDERGROUND", "WKT": "LINESTRING (-78.99534172079916 36.1609560090949, -78.99382851357785 36.16067221930441)" }, "geometry": { "type": "LineString", "coordinates": [ [ -78.995341720799161, 36.160956009094903 ], [ -78.993828513577853, 36.160672219304409 ] ] } },
{ "type": "Feature", "properties": { "FEEDER_NAME": "Schley Rd. West", "SUBSTATION_NAME": "New Sharon ", "wmType": "PRIMARY UNDERGROUND", "WKT": "LINESTRING (-78.99541398616465 36.16135874674354, -78.99623937576216 36.16105881766182)" }, "geometry": { "type": "LineString", "coordinates": [ [ -78.99541398616465, 36.161358746743538 ], [ -78.996239375762158, 36.161058817661818 ] ] } },
{ "type": "Feature", "properties": { "FEEDER_NAME": "Schley Rd. West", "SUBSTATION_NAME": "New Sharon ", "wmType": "PRIMARY UNDERGROUND", "WKT": "LINESTRING (-78.99534172079916 36.1609560090949, -78.99529331463314 36.16101026284617, -78.99528527829531 36.16106888901135, -78.99528795289243 36.161114486781265, -78.99533347246114 36.16114488817068, -78.99538381140995 36.16116687692106, -78.99540230441484 36.16128446490531)" }, "geometry": { "type": "LineString", "coordinates": [ [ -78.995341720799161, 36.160956009094903 ], [ -78.995293314633145, 36.161010262846169 ], [ -78.995285278295313, 36.161068889011347 ], [ -78.995287952892426, 36.161114486781265 ], [ -78.995333472461141, 36.161144888170682 ], [ -78.995383811409951, 36.161166876921058 ], [ -78.995402304414839, 36.161284464905307 ] ] } },
{ "type": "Feature", "properties": { "FEEDER_NAME": "Schley Rd. West", "SUBSTATION_NAME": "New Sharon ", "wmType": "PRIMARY UNDERGROUND", "WKT": "LINESTRING (-78.99496115301064 36.157134957243244, -78.99463116428188 36.157765794573244, -78.99508944120628 36.15806117348909, -78.99562938606887 36.15833333566855, -78.99602043982453 36.15865882800824, -78.99624180266935 36.15906569247783)" }, "geometry": { "type": "LineString", "coordinates": [ [ -78.994961153010635, 36.157134957243244 ], [ -78.994631164281884, 36.157765794573244 ], [ -78.995089441206275, 36.158061173489088 ], [ -78.99562938606887, 36.158333335668551 ], [ -78.996020439824534, 36.158658828008242 ], [ -78.996241802669346, 36.159065692477832 ] ] } },
{ "type": "Feature", "properties": { "FEEDER_NAME": "Schley Rd. West", "SUBSTATION_NAME": "New Sharon ", "wmType": "PRIMARY UNDERGROUND", "WKT": "LINESTRING (-78.99624180266935 36.15906569247783, -78.99637578958266 36.15947997269148, -78.99639782719274 36.15980783678385, -78.99631891003685 36.16001799152218, -78.99754030685658 36.1602611356168)" }, "geometry": { "type": "LineString", "coordinates": [ [ -78.996241802669346, 36.159065692477832 ], [ -78.996375789582657, 36.159479972691479 ], [ -78.996397827192737, 36.159807836783848 ], [ -78.996318910036848, 36.160017991522182 ], [ -78.997540306856578, 36.1602611356168 ] ] } },
{ "type": "Feature", "properties": { "FEEDER_NAME": "Schley Rd. West", "SUBSTATION_NAME": "New Sharon ", "wmType": "PRIMARY UNDERGROUND", "WKT": "LINESTRING (-78.99754030685658 36.1602611356168, -78.99630551845381 36.16006358880699, -78.99619572189977 36.16034586103279, -78.99606718239015 36.16058904880107, -78.99589847833585 36.16081920536019, -78.99567621934786 36.161045017749274, -78.99560392092627 36.16108627080766, -78.9955610747565 36.161144896635165, -78.99548766793819 36.16117025672917, -78.99541398616465 36.16135874674354)" }, "geometry": { "type": "LineString", "coordinates": [ [ -78.997540306856578, 36.1602611356168 ], [ -78.996305518453809, 36.160063588806992 ], [ -78.996195721899767, 36.160345861032788 ], [ -78.996067182390149, 36.160589048801071 ], [ -78.995898478335846, 36.160819205360191 ], [ -78.995676219347857, 36.161045017749274 ], [ -78.995603920926271, 36.161086270807658 ], [ -78.995561074756495, 36.161144896635165 ], [ -78.995487667938193, 36.161170256729172 ], [ -78.99541398616465, 36.161358746743538 ] ] } },
{ "type": "Feature", "properties": { "FEEDER_NAME": "Schley Rd. West", "SUBSTATION_NAME": "New Sharon ", "wmType": "PRIMARY UNDERGROUND", "WKT": "LINESTRING (-79.02265706187903 36.13089885239152, -79.02188121420136 36.130358487785706)" }, "geometry": { "type": "LineString", "coordinates": [ [ -79.02265706187903, 36.130898852391518 ], [ -79.021881214201358, 36.130358487785706 ] ] } },
{ "type": "Feature", "properties": { "FEEDER_NAME": "Schley Rd. West", "SUBSTATION_NAME": "New Sharon ", "wmType": "PRIMARY UNDERGROUND", "WKT": "LINESTRING (-79.02324474370724 36.15112181980336, -79.02324092116936 36.15323922847922, -79.02330523664854 36.15331445230373)" }, "geometry": { "type": "LineString", "coordinates": [ [ -79.023244743707238, 36.151121819803357 ], [ -79.023240921169361, 36.153239228479222 ], [ -79.02330523664854, 36.153314452303732 ] ] } },
{ "type": "Feature", "properties": { "FEEDER_NAME": "Schley Rd. West", "SUBSTATION_NAME": "New Sharon ", "wmType": "PRIMARY UNDERGROUND", "WKT": "LINESTRING (-79.01599987801491 36.13702366470355, -79.01594528457042 36.13711473024332, -79.01661318599587 36.137478190093056, -79.01651543809189 36.137748029567575, -79.01643146972948 36.13793048207735, -79.0163949043967 36.13801841091629, -79.01633124755408 36.138140413983045, -79.01614161350226 36.13841739846349, -79.01601294013936 36.138642720339256)" }, "geometry": { "type": "LineString", "coordinates": [ [ -79.01599987801491, 36.137023664703548 ], [ -79.015945284570421, 36.137114730243319 ], [ -79.016613185995865, 36.137478190093056 ], [ -79.016515438091886, 36.137748029567575 ], [ -79.016431469729483, 36.137930482077351 ], [ -79.016394904396705, 36.138018410916288 ], [ -79.016331247554078, 36.138140413983045 ], [ -79.016141613502256, 36.138417398463488 ], [ -79.016012940139362, 36.138642720339256 ] ] } },
{ "type": "Feature", "properties": { "FEEDER_NAME": "Schley Rd. West", "SUBSTATION_NAME": "New Sharon ", "wmType": "PRIMARY UNDERGROUND", "WKT": "LINESTRING (-79.01601294013936 36.138642720339256, -79.01589530692267 36.138610793739005, -79.01584395709403 36.13861426018065)" }, "geometry": { "type": "LineString", "coordinates": [ [ -79.016012940139362, 36.138642720339256 ], [ -79.015895306922673, 36.138610793739005 ], [ -79.015843957094035, 36.138614260180653 ] ] } },
{ "type": "Feature", "properties": { "FEEDER_NAME": "Schley Rd. West", "SUBSTATION_NAME": "New Sharon ", "wmType": "PRIMARY UNDERGROUND", "WKT": "LINESTRING (-79.01508526827902 36.14110250284868, -79.0145604276909 36.141570228665245)" }, "geometry": { "type": "LineString", "coordinates": [ [ -79.015085268279023, 36.141102502848682 ], [ -79.014560427690895, 36.141570228665245 ] ] } },
{ "type": "Feature", "properties": { "FEEDER_NAME": "Schley Rd. West", "SUBSTATION_NAME": "New Sharon ", "wmType": "PRIMARY UNDERGROUND", "WKT": "LINESTRING (-79.01520307530416 36.14682156738164, -79.01498897442958 36.147414077840764)" }, "geometry": { "type": "LineString", "coordinates": [ [ -79.015203075304157, 36.146821567381643 ], [ -79.014988974429585, 36.147414077840764 ] ] } },
{ "type": "Feature", "properties": { "FEEDER_NAME": "Schley Rd. West", "SUBSTATION_NAME": "New Sharon ", "wmType": "PRIMARY UNDERGROUND", "WKT": "LINESTRING (-79.01601294013936 36.138642720339256, -79.0159831441812 36.13871086456436, -79.01587344500577 36.13896695683359, -79.01582333466267 36.1390823636032, -79.01575290715138 36.13923074408305, -79.01569196317965 36.13937802380922, -79.0156377848095 36.13948243973048, -79.0156079984949 36.13959784378715, -79.01534876865223 36.13962219147388)" }, "geometry": { "type": "LineString", "coordinates": [ [ -79.016012940139362, 36.138642720339256 ], [ -79.015983144181206, 36.138710864564359 ], [ -79.015873445005766, 36.138966956833592 ], [ -79.01582333466267, 36.139082363603201 ], [ -79.015752907151381, 36.139230744083051 ], [ -79.015691963179648, 36.139378023809222 ], [ -79.015637784809499, 36.139482439730479 ], [ -79.0156079984949, 36.139597843787151 ], [ -79.015348768652231, 36.139622191473883 ] ] } },
{ "type": "Feature", "properties": { "FEEDER_NAME": "Schley Rd. West", "SUBSTATION_NAME": "New Sharon ", "wmType": "PRIMARY UNDERGROUND", "WKT": "LINESTRING (-79.01534876865223 36.13962219147388, -79.01560664730363 36.139614329967145, -79.01559718493044 36.13973192859405, -79.01566088924646 36.13984182506482, -79.0157869232861 36.1399616052562, -79.0158370681661 36.140018748699, -79.01583302137905 36.14010777256459, -79.0157476905275 36.14026934334364, -79.0154537105331 36.14051776492696, -79.01518410746641 36.140710131438254, -79.01510146872992 36.14078707512517, -79.0150283200579 36.14089039446529, -79.01501884972019 36.14097062574265, -79.01502698976677 36.14102557656665, -79.01505680909179 36.141079426137786, -79.01508526827902 36.14110250284868)" }, "geometry": { "type": "LineString", "coordinates": [ [ -79.015348768652231, 36.139622191473883 ], [ -79.015606647303628, 36.139614329967145 ], [ -79.015597184930442, 36.139731928594053 ], [ -79.015660889246462, 36.139841825064821 ], [ -79.0157869232861, 36.139961605256197 ], [ -79.015837068166107, 36.140018748698999 ], [ -79.015833021379052, 36.140107772564591 ], [ -79.015747690527505, 36.14026934334364 ], [ -79.015453710533095, 36.140517764926962 ], [ -79.015184107466411, 36.140710131438254 ], [ -79.015101468729924, 36.140787075125168 ], [ -79.015028320057894, 36.140890394465288 ], [ -79.015018849720192, 36.140970625742654 ], [ -79.015026989766767, 36.141025576566648 ], [ -79.015056809091789, 36.141079426137786 ], [ -79.015085268279023, 36.141102502848682 ] ] } },
{ "type": "Feature", "properties": { "FEEDER_NAME": "Schley Rd. West", "SUBSTATION_NAME": "New Sharon ", "wmType": "PRIMARY UNDERGROUND", "WKT": "LINESTRING (-79.01508526827902 36.14110250284868, -79.01518962993735 36.14125415876319, -79.01527367555805 36.14132288516225, -79.01530617685073 36.14135085943887, -79.01560023508178 36.141488203194214, -79.01572356680718 36.14163436057707, -79.01585910581821 36.14183876560765, -79.01597045817833 36.142055081428396, -79.01599536385903 36.142096391833824)" }, "geometry": { "type": "LineString", "coordinates": [ [ -79.015085268279023, 36.141102502848682 ], [ -79.015189629937353, 36.141254158763189 ], [ -79.015273675558049, 36.141322885162253 ], [ -79.015306176850729, 36.141350859438873 ], [ -79.015600235081777, 36.141488203194214 ], [ -79.015723566807182, 36.141634360577072 ], [ -79.015859105818208, 36.141838765607652 ], [ -79.01597045817833, 36.142055081428396 ], [ -79.015995363859034, 36.142096391833824 ] ] } },
{ "type": "Feature", "properties": { "FEEDER_NAME": "Schley Rd. West", "SUBSTATION_NAME": "New Sharon ", "wmType": "PRIMARY UNDERGROUND", "WKT": "LINESTRING (-79.0160014269581 36.14213470634459, -79.01604554063435 36.1422169655915, -79.01620324667734 36.14239300684028, -79.01629676383878 36.142503448644774, -79.01638418193865 36.14260070276082, -79.0164908751943 36.14253804294541, -79.01658360431584 36.142617486326365, -79.0166403051492 36.14273585004274, -79.01664641943431 36.14281580529103)" }, "geometry": { "type": "LineString", "coordinates": [ [ -79.016001426958098, 36.142134706344592 ], [ -79.016045540634352, 36.142216965591501 ], [ -79.016203246677335, 36.14239300684028 ], [ -79.016296763838781, 36.142503448644774 ], [ -79.016384181938648, 36.142600702760816 ], [ -79.016490875194293, 36.142538042945411 ], [ -79.016583604315841, 36.142617486326365 ], [ -79.016640305149195, 36.14273585004274 ], [ -79.016646419434309, 36.142815805291029 ] ] } },
{ "type": "Feature", "properties": { "FEEDER_NAME": "Schley Rd. West", "SUBSTATION_NAME": "New Sharon ", "wmType": "PRIMARY UNDERGROUND", "WKT": "LINESTRING (-79.01664641943431 36.14281580529103, -79.01708564408719 36.142974312297014, -79.01737473704425 36.14308173374722, -79.01756264181671 36.14312859910697, -79.01772645529746 36.14316374552567, -79.01794085244573 36.14317934501157, -79.01806098766414 36.143196704628735, -79.01920467519308 36.143814998524796)" }, "geometry": { "type": "LineString", "coordinates": [ [ -79.016646419434309, 36.142815805291029 ], [ -79.017085644087189, 36.142974312297014 ], [ -79.01737473704425, 36.143081733747223 ], [ -79.01756264181671, 36.143128599106973 ], [ -79.017726455297463, 36.143163745525669 ], [ -79.017940852445733, 36.143179345011568 ], [ -79.018060987664143, 36.143196704628735 ], [ -79.01920467519308, 36.143814998524796 ] ] } },
{ "type": "Feature", "properties": { "FEEDER_NAME": "Schley Rd. West", "SUBSTATION_NAME": "New Sharon ", "wmType": "PRIMARY UNDERGROUND", "WKT": "LINESTRING (-79.01664641943431 36.14281580529103, -79.01664101347467 36.143018070923, -79.01660136110497 36.14318975835263, -79.01653966070012 36.14336144873789, -79.01641181660474 36.1435510326358, -79.01628359152646 36.14371677291474, -79.01628460992454 36.14373078491419)" }, "geometry": { "type": "LineString", "coordinates": [ [ -79.016646419434309, 36.142815805291029 ], [ -79.016641013474668, 36.143018070922999 ], [ -79.016601361104975, 36.143189758352626 ], [ -79.016539660700118, 36.143361448737892 ], [ -79.016411816604744, 36.143551032635798 ], [ -79.016283591526459, 36.143716772914743 ], [ -79.01628460992454, 36.14373078491419 ] ] } },
{ "type": "Feature", "properties": { "FEEDER_NAME": "Schley Rd. West", "SUBSTATION_NAME": "New Sharon ", "wmType": "PRIMARY UNDERGROUND", "WKT": "LINESTRING (-79.01628460992454 36.14373078491419, -79.01625616205877 36.14376458436446, -79.01611203159979 36.14394093389249, -79.01592245585401 36.1441698689001, -79.01577151176397 36.14432433641741, -79.01567313449125 36.14442063514085, -79.01556810755321 36.14436535524239)" }, "geometry": { "type": "LineString", "coordinates": [ [ -79.01628460992454, 36.14373078491419 ], [ -79.016256162058767, 36.143764584364462 ], [ -79.016112031599789, 36.143940933892488 ], [ -79.01592245585401, 36.1441698689001 ], [ -79.015771511763973, 36.144324336417412 ], [ -79.015673134491252, 36.144420635140847 ], [ -79.015568107553207, 36.144365355242392 ] ] } },
{ "type": "Feature", "properties": { "FEEDER_NAME": "Schley Rd. West", "SUBSTATION_NAME": "New Sharon ", "wmType": "PRIMARY UNDERGROUND", "WKT": "LINESTRING (-79.01556810755321 36.14436535524239, -79.01566604661737 36.14443218875616, -79.01553091035748 36.144578928698024, -79.01542981312876 36.14469626467916, -79.01533769943099 36.144850142008266, -79.01527590970198 36.1450287448799, -79.01525235953645 36.14518931770073, -79.01525564127452 36.14533290733101, -79.01526482055075 36.145503532730864, -79.01527704494455 36.145653550507674, -79.01522115008734 36.145660976290536)" }, "geometry": { "type": "LineString", "coordinates": [ [ -79.015568107553207, 36.144365355242392 ], [ -79.015666046617369, 36.144432188756163 ], [ -79.015530910357484, 36.144578928698024 ], [ -79.015429813128762, 36.144696264679162 ], [ -79.015337699430987, 36.144850142008266 ], [ -79.015275909701984, 36.145028744879902 ], [ -79.015252359536447, 36.145189317700734 ], [ -79.015255641274521, 36.14533290733101 ], [ -79.015264820550755, 36.145503532730864 ], [ -79.015277044944554, 36.145653550507674 ], [ -79.015221150087342, 36.145660976290536 ] ] } },
{ "type": "Feature", "properties": { "FEEDER_NAME": "Schley Rd. West", "SUBSTATION_NAME": "New Sharon ", "wmType": "PRIMARY UNDERGROUND", "WKT": "LINESTRING (-79.01522115008734 36.145660976290536, -79.01527704494455 36.145653550507674, -79.01529434971496 36.14580439225218, -79.01531266766172 36.14593050446428, -79.01533505638572 36.14608876436609, -79.01535744236753 36.14623218661906, -79.01536967191265 36.14641352702816, -79.01536869816708 36.14663278596995, -79.01535042916196 36.14676467411032, -79.01530572140874 36.146816608711994, -79.01520307530416 36.14682156738164)" }, "geometry": { "type": "LineString", "coordinates": [ [ -79.015221150087342, 36.145660976290536 ], [ -79.015277044944554, 36.145653550507674 ], [ -79.015294349714964, 36.145804392252181 ], [ -79.015312667661718, 36.145930504464282 ], [ -79.015335056385723, 36.146088764366091 ], [ -79.015357442367531, 36.146232186619059 ], [ -79.015369671912651, 36.146413527028159 ], [ -79.01536869816708, 36.146632785969949 ], [ -79.015350429161956, 36.146764674110322 ], [ -79.015305721408737, 36.146816608711994 ], [ -79.015203075304157, 36.146821567381643 ] ] } },
{ "type": "Feature", "properties": { "FEEDER_NAME": "Schley Rd. West", "SUBSTATION_NAME": "New Sharon ", "wmType": "PRIMARY UNDERGROUND", "WKT": "LINESTRING (-79.01556810755321 36.14436535524239, -79.01550494192473 36.1443011488035, -79.01541955566685 36.144200047479075, -79.01535855952527 36.14409674496251, -79.01523387598186 36.143986856144394, -79.01509158424975 36.14391543604431, -79.0150035042535 36.14389676282679, -79.01489510442677 36.14390996448784, -79.01473657409058 36.143953945981536, -79.01456042435542 36.14397265020905, -79.01421488267337 36.143916639591254, -79.01409834836696 36.14390566271984, -79.0140062096688 36.14391886171935, -79.01391813735866 36.14394964564891)" }, "geometry": { "type": "LineString", "coordinates": [ [ -79.015568107553207, 36.144365355242392 ], [ -79.015504941924732, 36.1443011488035 ], [ -79.015419555666853, 36.144200047479075 ], [ -79.015358559525268, 36.144096744962511 ], [ -79.015233875981863, 36.143986856144394 ], [ -79.015091584249745, 36.14391543604431 ], [ -79.0150035042535, 36.143896762826792 ], [ -79.01489510442677, 36.14390996448784 ], [ -79.014736574090577, 36.143953945981536 ], [ -79.014560424355423, 36.143972650209051 ], [ -79.014214882673372, 36.143916639591254 ], [ -79.014098348366957, 36.143905662719838 ], [ -79.014006209668807, 36.143918861719349 ], [ -79.013918137358658, 36.14394964564891 ] ] } },
{ "type": "Feature", "properties": { "FEEDER_NAME": "Schley Rd. West", "SUBSTATION_NAME": "New Sharon ", "wmType": "PRIMARY UNDERGROUND", "WKT": "LINESTRING (-79.03807376834361 36.14331722856476, -79.03808330996911 36.14330180034793, -79.03805413582054 36.14323680636538, -79.03808326245392 36.14320134158367, -79.03815243141055 36.143109725639384, -79.03823619739144 36.143068334487054, -79.03836730364124 36.14299738110631, -79.03840371871462 36.1429707774404, -79.03864386358198 36.14238863378724, -79.03862925998641 36.14232068112019, -79.0386292146261 36.14222613250281, -79.03865103135816 36.1421433955589, -79.03872750238979 36.14208723177921, -79.03876025657593 36.14202517341428, -79.0387675118541 36.14196016982521)" }, "geometry": { "type": "LineString", "coordinates": [ [ -79.038073768343608, 36.143317228564761 ], [ -79.03808330996911, 36.143301800347928 ], [ -79.038054135820545, 36.14323680636538 ], [ -79.038083262453924, 36.143201341583669 ], [ -79.038152431410552, 36.143109725639384 ], [ -79.038236197391441, 36.143068334487054 ], [ -79.038367303641238, 36.142997381106312 ], [ -79.038403718714619, 36.142970777440397 ], [ -79.038643863581981, 36.142388633787242 ], [ -79.038629259986408, 36.142320681120189 ], [ -79.038629214626098, 36.142226132502813 ], [ -79.038651031358157, 36.142143395558897 ], [ -79.03872750238979, 36.142087231779207 ], [ -79.038760256575927, 36.142025173414282 ], [ -79.038767511854104, 36.141960169825211 ] ] } },
{ "type": "Feature", "properties": { "FEEDER_NAME": "Schley Rd. West", "SUBSTATION_NAME": "New Sharon ", "wmType": "PRIMARY UNDERGROUND", "WKT": "LINESTRING (-79.02330523664854 36.15331445230373, -79.02339975053734 36.15344306995582, -79.02352767325962 36.15352888606537, -79.02377763234806 36.153705201724726, -79.02407026570948 36.15394725472646, -79.02411440485588 36.15406170018709, -79.024158562298 36.15424410254138, -79.0241806711931 36.154433663957256, -79.02418073242796 36.1546375355739, -79.02415872544235 36.15478776139216, -79.0241190650915 36.15489864640267, -79.02399940501698 36.15498736824477)" }, "geometry": { "type": "LineString", "coordinates": [ [ -79.02330523664854, 36.153314452303732 ], [ -79.023399750537337, 36.15344306995582 ], [ -79.023527673259622, 36.153528886065367 ], [ -79.023777632348057, 36.153705201724726 ], [ -79.024070265709483, 36.153947254726461 ], [ -79.024114404855879, 36.154061700187093 ], [ -79.024158562297998, 36.154244102541377 ], [ -79.024180671193093, 36.154433663957256 ], [ -79.024180732427965, 36.154637535573897 ], [ -79.024158725442348, 36.154787761392157 ], [ -79.024119065091497, 36.154898646402671 ], [ -79.02399940501698, 36.154987368244768 ] ] } },
{ "type": "Feature", "properties": { "FEEDER_NAME": "Schley Rd. West", "SUBSTATION_NAME": "New Sharon ", "wmType": "PRIMARY UNDERGROUND", "WKT": "LINESTRING (-79.02399940501698 36.15498736824477, -79.02385022519753 36.154860178513886)" }, "geometry": { "type": "LineString", "coordinates": [ [ -79.02399940501698, 36.154987368244768 ], [ -79.023850225197535, 36.154860178513886 ] ] } },
{ "type": "Feature", "properties": { "FEEDER_NAME": "Schley Rd. West", "SUBSTATION_NAME": "New Sharon ", "wmType": "PRIMARY UNDERGROUND", "WKT": "LINESTRING (-79.02324474370724 36.15112181980336, -79.02447891817152 36.15111620436133)" }, "geometry": { "type": "LineString", "coordinates": [ [ -79.023244743707238, 36.151121819803357 ], [ -79.024478918171525, 36.15111620436133 ] ] } },
{ "type": "Feature", "properties": { "FEEDER_NAME": "Schley Rd. West", "SUBSTATION_NAME": "New Sharon ", "wmType": "PRIMARY UNDERGROUND", "WKT": "LINESTRING (-79.01851006404192 36.14006443222883, -79.0184647280771 36.140060196136844, -79.01828165305173 36.14010123901175, -79.01813169661217 36.14009277543933, -79.01800265565926 36.1400475361578, -79.01790150922928 36.13998673491334, -79.01777072000277 36.13991745110899, -79.01769922415599 36.13989341783855, -79.0176294783016 36.13989484281965)" }, "geometry": { "type": "LineString", "coordinates": [ [ -79.018510064041919, 36.140064432228833 ], [ -79.018464728077106, 36.140060196136844 ], [ -79.01828165305173, 36.140101239011749 ], [ -79.018131696612173, 36.140092775439328 ], [ -79.018002655659259, 36.140047536157802 ], [ -79.017901509229276, 36.139986734913343 ], [ -79.017770720002773, 36.139917451108992 ], [ -79.01769922415599, 36.13989341783855 ], [ -79.0176294783016, 36.13989484281965 ] ] } },
{ "type": "Feature", "properties": { "FEEDER_NAME": "Schley Rd. West", "SUBSTATION_NAME": "New Sharon ", "wmType": "PRIMARY UNDERGROUND", "WKT": "LINESTRING (-78.97797755175358 36.13031002170702, -78.97796425482959 36.130391720596144)" }, "geometry": { "type": "LineString", "coordinates": [ [ -78.977977551753582, 36.130310021707018 ], [ -78.977964254829587, 36.130391720596144 ] ] } },
{ "type": "Feature", "properties": { "FEEDER_NAME": "Schley Rd. West", "SUBSTATION_NAME": "New Sharon ", "wmType": "PRIMARY UNDERGROUND", "WKT": "LINESTRING (-78.97796425482959 36.130391720596144, -78.97796030770114 36.13041596819395, -78.97772254787009 36.13041350265317, -78.9769189396297 36.130513481403995, -78.97649146387278 36.13057442274197, -78.97630784635462 36.13069654810832, -78.97630480485437 36.130884460615015, -78.97635140642441 36.13103675827215)" }, "geometry": { "type": "LineString", "coordinates": [ [ -78.977964254829587, 36.130391720596144 ], [ -78.977960307701139, 36.130415968193951 ], [ -78.977722547870087, 36.13041350265317 ], [ -78.976918939629698, 36.130513481403995 ], [ -78.976491463872776, 36.130574422741972 ], [ -78.976307846354615, 36.130696548108318 ], [ -78.976304804854365, 36.130884460615015 ], [ -78.976351406424413, 36.131036758272153 ] ] } },
{ "type": "Feature", "properties": { "FEEDER_NAME": "Schley Rd. West", "SUBSTATION_NAME": "New Sharon ", "wmType": "PRIMARY UNDERGROUND", "WKT": "LINESTRING (-79.01744346373128 36.13180851673867, -79.01742224760034 36.131807589699456, -79.0173419406254 36.13180574819289)" }, "geometry": { "type": "LineString", "coordinates": [ [ -79.017443463731283, 36.131808516738673 ], [ -79.017422247600337, 36.131807589699456 ], [ -79.0173419406254, 36.131805748192889 ] ] } },
{ "type": "Feature", "properties": { "FEEDER_NAME": "Schley Rd. West", "SUBSTATION_NAME": "New Sharon ", "wmType": "PRIMARY UNDERGROUND", "WKT": "LINESTRING (-79.0173419406254 36.13180574819289, -79.0172216712553 36.1318029903135, -79.0166580267471 36.13184149196061, -79.0165964543525 36.131853027863954, -79.01649698280018 36.13183767186524, -79.01645908086982 36.1317915686217, -79.01636430827534 36.13158793567014, -79.01627426903525 36.13136893254574, -79.01621739269066 36.131180663850664, -79.01615578604986 36.13101929273426, -79.0159994049185 36.13063891880219, -79.01595201639567 36.13051981124399, -79.01575781772465 36.13053131348071, -79.01574648749177 36.13050976128899)" }, "geometry": { "type": "LineString", "coordinates": [ [ -79.0173419406254, 36.131805748192889 ], [ -79.017221671255299, 36.131802990313503 ], [ -79.016658026747095, 36.131841491960607 ], [ -79.016596454352495, 36.131853027863954 ], [ -79.016496982800177, 36.131837671865242 ], [ -79.016459080869822, 36.131791568621701 ], [ -79.016364308275342, 36.13158793567014 ], [ -79.01627426903525, 36.13136893254574 ], [ -79.016217392690663, 36.131180663850664 ], [ -79.016155786049865, 36.131019292734258 ], [ -79.015999404918503, 36.130638918802191 ], [ -79.015952016395673, 36.130519811243992 ], [ -79.015757817724648, 36.130531313480709 ], [ -79.015746487491768, 36.130509761288991 ] ] } },
{ "type": "Feature", "properties": { "FEEDER_NAME": "Schley Rd. West", "SUBSTATION_NAME": "New Sharon ", "wmType": "PRIMARY UNDERGROUND", "WKT": "LINESTRING (-78.97746085115442 36.12699580063245, -78.97753533750455 36.126939768984265)" }, "geometry": { "type": "LineString", "coordinates": [ [ -78.977460851154419, 36.12699580063245 ], [ -78.977535337504548, 36.126939768984265 ] ] } },
{ "type": "Feature", "properties": { "FEEDER_NAME": "Schley Rd. West", "SUBSTATION_NAME": "New Sharon ", "wmType": "PRIMARY UNDERGROUND", "WKT": "LINESTRING (-78.97753533750455 36.126939768984265, -78.97755182877748 36.12692736395242, -78.97839982557404 36.126986171873384, -78.97858604947633 36.126957260880346, -78.97861580932485 36.12696474084022)" }, "geometry": { "type": "LineString", "coordinates": [ [ -78.977535337504548, 36.126939768984265 ], [ -78.977551828777479, 36.126927363952419 ], [ -78.978399825574044, 36.126986171873384 ], [ -78.978586049476334, 36.126957260880346 ], [ -78.97861580932485, 36.126964740840222 ] ] } },
{ "type": "Feature", "properties": { "FEEDER_NAME": "Schley Rd. West", "SUBSTATION_NAME": "New Sharon ", "wmType": "PRIMARY UNDERGROUND", "WKT": "LINESTRING (-78.97795457658927 36.14569829226103, -78.97785309210833 36.14569430317738)" }, "geometry": { "type": "LineString", "coordinates": [ [ -78.977954576589269, 36.145698292261031 ], [ -78.977853092108333, 36.145694303177379 ] ] } },
{ "type": "Feature", "properties": { "FEEDER_NAME": "Schley Rd. West", "SUBSTATION_NAME": "New Sharon ", "wmType": "PRIMARY UNDERGROUND", "WKT": "LINESTRING (-78.97785309210833 36.14569430317738, -78.97775566328274 36.14569047336094, -78.9776798127945 36.14550284327407, -78.97756779899761 36.14538849438606, -78.97750279121804 36.14520672856952, -78.97730408653696 36.14490474623098, -78.97728668696001 36.14471668956971)" }, "geometry": { "type": "LineString", "coordinates": [ [ -78.977853092108333, 36.145694303177379 ], [ -78.977755663282736, 36.145690473360943 ], [ -78.977679812794506, 36.145502843274073 ], [ -78.977567798997612, 36.145388494386061 ], [ -78.977502791218043, 36.145206728569519 ], [ -78.977304086536961, 36.144904746230978 ], [ -78.977286686960014, 36.144716689569712 ] ] } },
{ "type": "Feature", "properties": { "FEEDER_NAME": "Schley Rd. West", "SUBSTATION_NAME": "New Sharon ", "wmType": "PRIMARY UNDERGROUND", "WKT": "LINESTRING (-78.98555669233008 36.14851682376605, -78.98562982085132 36.14845961146961)" }, "geometry": { "type": "LineString", "coordinates": [ [ -78.985556692330078, 36.148516823766052 ], [ -78.985629820851315, 36.148459611469612 ] ] } },
{ "type": "Feature", "properties": { "FEEDER_NAME": "Schley Rd. West", "SUBSTATION_NAME": "New Sharon ", "wmType": "PRIMARY UNDERGROUND", "WKT": "LINESTRING (-78.98562982085132 36.14845961146961, -78.98635942446968 36.14788879350091)" }, "geometry": { "type": "LineString", "coordinates": [ [ -78.985629820851315, 36.148459611469612 ], [ -78.986359424469683, 36.147888793500911 ] ] } },
{ "type": "Feature", "properties": { "FEEDER_NAME": "Schley Rd. West", "SUBSTATION_NAME": "New Sharon ", "wmType": "PRIMARY UNDERGROUND", "WKT": "LINESTRING (-78.99089777377856 36.13772321350604, -78.99090579310065 36.137714692164, -78.99096124236823 36.137658870185774)" }, "geometry": { "type": "LineString", "coordinates": [ [ -78.990897773778556, 36.137723213506042 ], [ -78.990905793100652, 36.137714692164003 ], [ -78.990961242368229, 36.137658870185774 ] ] } },
{ "type": "Feature", "properties": { "FEEDER_NAME": "Schley Rd. West", "SUBSTATION_NAME": "New Sharon ", "wmType": "PRIMARY UNDERGROUND", "WKT": "LINESTRING (-78.99096124236823 36.137658870185774, -78.99132875210748 36.13728889357461, -78.99166402864408 36.13709113864524, -78.99179610923615 36.137000499211375, -78.99183336479095 36.13695105714204, -78.99183717875734 36.13684332910001, -78.99183743808828 36.13683877164502)" }, "geometry": { "type": "LineString", "coordinates": [ [ -78.990961242368229, 36.137658870185774 ], [ -78.991328752107478, 36.137288893574613 ], [ -78.991664028644081, 36.137091138645239 ], [ -78.991796109236148, 36.137000499211375 ], [ -78.991833364790949, 36.136951057142042 ], [ -78.991837178757336, 36.13684332910001 ], [ -78.991837438088282, 36.136838771645017 ] ] } },
{ "type": "Feature", "properties": { "FEEDER_NAME": "Schley Rd. West", "SUBSTATION_NAME": "New Sharon ", "wmType": "PRIMARY UNDERGROUND", "WKT": "LINESTRING (-79.00481714856336 36.150447863166384, -79.00491329237214 36.15047452630119)" }, "geometry": { "type": "LineString", "coordinates": [ [ -79.004817148563362, 36.150447863166384 ], [ -79.004913292372137, 36.150474526301188 ] ] } },
{ "type": "Feature", "properties": { "FEEDER_NAME": "Schley Rd. West", "SUBSTATION_NAME": "New Sharon ", "wmType": "PRIMARY UNDERGROUND", "WKT": "LINESTRING (-79.00491329237214 36.15047452630119, -79.00562725104308 36.150672524061555)" }, "geometry": { "type": "LineString", "coordinates": [ [ -79.004913292372137, 36.150474526301188 ], [ -79.00562725104308, 36.150672524061555 ] ] } },
{ "type": "Feature", "properties": { "FEEDER_NAME": "Schley Rd. West", "SUBSTATION_NAME": "New Sharon ", "wmType": "PRIMARY UNDERGROUND", "WKT": "LINESTRING (-79.00957754176788 36.14634320237225, -79.00966061350856 36.14638484737965, -79.00966397496047 36.146386522476234)" }, "geometry": { "type": "LineString", "coordinates": [ [ -79.009577541767882, 36.14634320237225 ], [ -79.009660613508558, 36.14638484737965 ], [ -79.009663974960475, 36.146386522476234 ] ] } },
{ "type": "Feature", "properties": { "FEEDER_NAME": "Schley Rd. West", "SUBSTATION_NAME": "New Sharon ", "wmType": "PRIMARY UNDERGROUND", "WKT": "LINESTRING (-79.00966397496047 36.146386522476234, -79.00977658534715 36.146442637708105, -79.00999201912366 36.14656081218045, -79.01008705983395 36.14658649807279, -79.01019477097708 36.14660190536123, -79.0103721774818 36.14661730666849, -79.0104798867141 36.1466172974935, -79.01056859156958 36.14663270607869, -79.0106382919029 36.146678948677284, -79.01069532267275 36.14674060855478, -79.01083473869348 36.14693586920085, -79.01089810914081 36.147023222999934, -79.01096147482829 36.147074604707, -79.01101217346759 36.14715168120207, -79.011094547687 36.14720820076304, -79.01116424882058 36.14725444305039, -79.01118326718912 36.147331522354094, -79.01129734250246 36.14753192347082, -79.01140507843587 36.14771177011434, -79.01146846182431 36.14788134334333, -79.01148747843256 36.14794300637515, -79.01164270973923 36.14794042234042)" }, "geometry": { "type": "LineString", "coordinates": [ [ -79.009663974960475, 36.146386522476234 ], [ -79.009776585347154, 36.146442637708105 ], [ -79.009992019123658, 36.146560812180446 ], [ -79.01008705983395, 36.146586498072793 ], [ -79.01019477097708, 36.14660190536123 ], [ -79.010372177481798, 36.146617306668489 ], [ -79.010479886714094, 36.146617297493499 ], [ -79.01056859156958, 36.146632706078691 ], [ -79.010638291902893, 36.146678948677284 ], [ -79.010695322672746, 36.146740608554779 ], [ -79.010834738693475, 36.146935869200853 ], [ -79.010898109140811, 36.147023222999934 ], [ -79.010961474828292, 36.147074604707001 ], [ -79.011012173467591, 36.147151681202068 ], [ -79.011094547686994, 36.147208200763039 ], [ -79.011164248820577, 36.147254443050393 ], [ -79.011183267189125, 36.147331522354094 ], [ -79.011297342502459, 36.147531923470822 ], [ -79.011405078435871, 36.147711770114341 ], [ -79.011468461824307, 36.147881343343329 ], [ -79.011487478432556, 36.147943006375151 ], [ -79.011642709739235, 36.147940422340419 ] ] } },
{ "type": "Feature", "properties": { "FEEDER_NAME": "Schley Rd. West", "SUBSTATION_NAME": "New Sharon ", "wmType": "PRIMARY UNDERGROUND", "WKT": "LINESTRING (-79.02063541981958 36.14992238263114, -79.02071453211182 36.14997409452451)" }, "geometry": { "type": "LineString", "coordinates": [ [ -79.020635419819584, 36.149922382631139 ], [ -79.020714532111825, 36.149974094524509 ] ] } },
{ "type": "Feature", "properties": { "FEEDER_NAME": "Schley Rd. West", "SUBSTATION_NAME": "New Sharon ", "wmType": "PRIMARY UNDERGROUND", "WKT": "LINESTRING (-79.02071453211182 36.14997409452451, -79.02147749643918 36.1504728018976)" }, "geometry": { "type": "LineString", "coordinates": [ [ -79.020714532111825, 36.149974094524509 ], [ -79.021477496439175, 36.1504728018976 ] ] } },
{ "type": "Feature", "properties": { "FEEDER_NAME": "Schley Rd. West", "SUBSTATION_NAME": "New Sharon ", "wmType": "PRIMARY UNDERGROUND", "WKT": "LINESTRING (-79.00953306928007 36.144883000760416, -79.00953626445187 36.1448979048443, -79.00961642979479 36.14488061412407)" }, "geometry": { "type": "LineString", "coordinates": [ [ -79.009533069280067, 36.144883000760416 ], [ -79.009536264451867, 36.144897904844299 ], [ -79.009616429794789, 36.144880614124069 ] ] } },
{ "type": "Feature", "properties": { "FEEDER_NAME": "Schley Rd. West", "SUBSTATION_NAME": "New Sharon ", "wmType": "PRIMARY UNDERGROUND", "WKT": "LINESTRING (-79.00961642979479 36.14488061412407, -79.00981876243839 36.14483697373111, -79.01029793312078 36.14472381804923, -79.0106626721007 36.14461647074396, -79.01088437599063 36.14455554244469, -79.01086447514062 36.14454378963298)" }, "geometry": { "type": "LineString", "coordinates": [ [ -79.009616429794789, 36.144880614124069 ], [ -79.009818762438385, 36.14483697373111 ], [ -79.010297933120782, 36.144723818049229 ], [ -79.010662672100693, 36.144616470743962 ], [ -79.010884375990628, 36.144555542444692 ], [ -79.010864475140622, 36.144543789632984 ] ] } },
{ "type": "Feature", "properties": { "FEEDER_NAME": "Schley Rd. West", "SUBSTATION_NAME": "New Sharon ", "wmType": "PRIMARY UNDERGROUND", "WKT": "LINESTRING (-78.9943641391101 36.152776519209894, -78.99445604002737 36.15281167706988)" }, "geometry": { "type": "LineString", "coordinates": [ [ -78.994364139110104, 36.152776519209894 ], [ -78.994456040027373, 36.152811677069877 ] ] } },
{ "type": "Feature", "properties": { "FEEDER_NAME": "Schley Rd. West", "SUBSTATION_NAME": "New Sharon ", "wmType": "PRIMARY UNDERGROUND", "WKT": "LINESTRING (-78.99445604002737 36.15281167706988, -78.9951492181971 36.15307685632589)" }, "geometry": { "type": "LineString", "coordinates": [ [ -78.994456040027373, 36.152811677069877 ], [ -78.995149218197099, 36.153076856325889 ] ] } },
{ "type": "Feature", "properties": { "FEEDER_NAME": "Schley Rd. West", "SUBSTATION_NAME": "New Sharon ", "wmType": "PRIMARY UNDERGROUND", "WKT": "LINESTRING (-79.00740618675631 36.14116978148966, -79.0074226588779 36.14108846441585)" }, "geometry": { "type": "LineString", "coordinates": [ [ -79.007406186756313, 36.141169781489658 ], [ -79.0074226588779, 36.141088464415851 ] ] } },
{ "type": "Feature", "properties": { "FEEDER_NAME": "Schley Rd. West", "SUBSTATION_NAME": "New Sharon ", "wmType": "PRIMARY UNDERGROUND", "WKT": "LINESTRING (-79.0074226588779 36.14108846441585, -79.00775973257018 36.13942439993753, -79.00624678232997 36.139219340101484)" }, "geometry": { "type": "LineString", "coordinates": [ [ -79.0074226588779, 36.141088464415851 ], [ -79.007759732570179, 36.139424399937532 ], [ -79.006246782329967, 36.139219340101484 ] ] } },
{ "type": "Feature", "properties": { "FEEDER_NAME": "Schley Rd. West", "SUBSTATION_NAME": "New Sharon ", "wmType": "PRIMARY UNDERGROUND", "WKT": "LINESTRING (-79.00740618675631 36.14116978148966, -79.00733122578201 36.141225405623956)" }, "geometry": { "type": "LineString", "coordinates": [ [ -79.007406186756313, 36.141169781489658 ], [ -79.007331225782011, 36.141225405623956 ] ] } },
{ "type": "Feature", "properties": { "FEEDER_NAME": "Schley Rd. West", "SUBSTATION_NAME": "New Sharon ", "wmType": "PRIMARY UNDERGROUND", "WKT": "LINESTRING (-79.00733122578201 36.141225405623956, -79.00652718113201 36.14182203268946)" }, "geometry": { "type": "LineString", "coordinates": [ [ -79.007331225782011, 36.141225405623956 ], [ -79.006527181132014, 36.141822032689461 ] ] } },
{ "type": "Feature", "properties": { "FEEDER_NAME": "Schley Rd. West", "SUBSTATION_NAME": "New Sharon ", "wmType": "PRIMARY UNDERGROUND", "WKT": "LINESTRING (-79.00957754176788 36.14634320237225, -79.00954101493586 36.14642010064514)" }, "geometry": { "type": "LineString", "coordinates": [ [ -79.009577541767882, 36.14634320237225 ], [ -79.009541014935863, 36.146420100645138 ] ] } },
{ "type": "Feature", "properties": { "FEEDER_NAME": "Schley Rd. West", "SUBSTATION_NAME": "New Sharon ", "wmType": "PRIMARY UNDERGROUND", "WKT": "LINESTRING (-79.00954101493586 36.14642010064514, -79.00911737590278 36.147311941717774)" }, "geometry": { "type": "LineString", "coordinates": [ [ -79.009541014935863, 36.146420100645138 ], [ -79.009117375902775, 36.147311941717774 ] ] } },
{ "type": "Feature", "properties": { "FEEDER_NAME": "Schley Rd. West", "SUBSTATION_NAME": "New Sharon ", "wmType": "PRIMARY UNDERGROUND", "WKT": "LINESTRING (-78.98608841932509 36.1333287759729, -78.98605778551278 36.13325020395708)" }, "geometry": { "type": "LineString", "coordinates": [ [ -78.986088419325085, 36.133328775972899 ], [ -78.986057785512784, 36.133250203957083 ] ] } },
{ "type": "Feature", "properties": { "FEEDER_NAME": "Schley Rd. West", "SUBSTATION_NAME": "New Sharon ", "wmType": "PRIMARY UNDERGROUND", "WKT": "LINESTRING (-78.98605778551278 36.13325020395708, -78.98577114694369 36.13251499091749)" }, "geometry": { "type": "LineString", "coordinates": [ [ -78.986057785512784, 36.133250203957083 ], [ -78.985771146943691, 36.132514990917493 ] ] } },
{ "type": "Feature", "properties": { "FEEDER_NAME": "Schley Rd. West", "SUBSTATION_NAME": "New Sharon ", "wmType": "PRIMARY UNDERGROUND", "WKT": "LINESTRING (-78.98918932099599 36.13107781408022, -78.98918499380864 36.13099548068375)" }, "geometry": { "type": "LineString", "coordinates": [ [ -78.98918932099599, 36.131077814080221 ], [ -78.989184993808635, 36.130995480683751 ] ] } },
{ "type": "Feature", "properties": { "FEEDER_NAME": "Schley Rd. West", "SUBSTATION_NAME": "New Sharon ", "wmType": "PRIMARY UNDERGROUND", "WKT": "LINESTRING (-78.98918499380864 36.13099548068375, -78.98914990899966 36.13032801021119)" }, "geometry": { "type": "LineString", "coordinates": [ [ -78.989184993808635, 36.130995480683751 ], [ -78.989149908999664, 36.130328010211187 ] ] } },
{ "type": "Feature", "properties": { "FEEDER_NAME": "Schley Rd. West", "SUBSTATION_NAME": "New Sharon ", "wmType": "PRIMARY UNDERGROUND", "WKT": "LINESTRING (-78.9825310159678 36.13414840013579, -78.98249001076456 36.13422379678331)" }, "geometry": { "type": "LineString", "coordinates": [ [ -78.982531015967794, 36.134148400135793 ], [ -78.982490010764565, 36.13422379678331 ] ] } },
{ "type": "Feature", "properties": { "FEEDER_NAME": "Schley Rd. West", "SUBSTATION_NAME": "New Sharon ", "wmType": "PRIMARY UNDERGROUND", "WKT": "LINESTRING (-78.98249001076456 36.13422379678331, -78.98232094434782 36.1345346560512)" }, "geometry": { "type": "LineString", "coordinates": [ [ -78.982490010764565, 36.13422379678331 ], [ -78.982320944347819, 36.134534656051201 ] ] } },
{ "type": "Feature", "properties": { "FEEDER_NAME": "Schley Rd. West", "SUBSTATION_NAME": "New Sharon ", "wmType": "PRIMARY UNDERGROUND", "WKT": "LINESTRING (-78.97742166216139 36.12946485683358, -78.97739826581652 36.12954504968558)" }, "geometry": { "type": "LineString", "coordinates": [ [ -78.97742166216139, 36.129464856833579 ], [ -78.977398265816518, 36.129545049685582 ] ] } },
{ "type": "Feature", "properties": { "FEEDER_NAME": "Schley Rd. West", "SUBSTATION_NAME": "New Sharon ", "wmType": "PRIMARY UNDERGROUND", "WKT": "LINESTRING (-78.97739826581652 36.12954504968558, -78.97738728041622 36.12958270167199, -78.9772213405015 36.12965683797659, -78.97658450099532 36.12992348709179)" }, "geometry": { "type": "LineString", "coordinates": [ [ -78.977398265816518, 36.129545049685582 ], [ -78.977387280416224, 36.129582701671993 ], [ -78.977221340501501, 36.12965683797659 ], [ -78.976584500995315, 36.129923487091787 ] ] } },
{ "type": "Feature", "properties": { "FEEDER_NAME": "Schley Rd. West", "SUBSTATION_NAME": "New Sharon ", "wmType": "PRIMARY UNDERGROUND", "WKT": "LINESTRING (-78.98151522867367 36.133705451855015, -78.98144447435666 36.133764585629)" }, "geometry": { "type": "LineString", "coordinates": [ [ -78.981515228673672, 36.133705451855015 ], [ -78.981444474356664, 36.133764585629002 ] ] } },
{ "type": "Feature", "properties": { "FEEDER_NAME": "Schley Rd. West", "SUBSTATION_NAME": "New Sharon ", "wmType": "PRIMARY UNDERGROUND", "WKT": "LINESTRING (-78.98144447435666 36.133764585629, -78.98122433235922 36.13394856981351)" }, "geometry": { "type": "LineString", "coordinates": [ [ -78.981444474356664, 36.133764585629002 ], [ -78.981224332359218, 36.133948569813512 ] ] } },
{ "type": "Feature", "properties": { "FEEDER_NAME": "Schley Rd. West", "SUBSTATION_NAME": "New Sharon ", "wmType": "PRIMARY UNDERGROUND", "WKT": "LINESTRING (-78.99506920515549 36.141551096554394, -78.9949684204434 36.14154959372575, -78.99496790048362 36.141549104342616)" }, "geometry": { "type": "LineString", "coordinates": [ [ -78.995069205155488, 36.141551096554394 ], [ -78.994968420443399, 36.141549593725749 ], [ -78.994967900483616, 36.141549104342616 ] ] } },
{ "type": "Feature", "properties": { "FEEDER_NAME": "Schley Rd. West", "SUBSTATION_NAME": "New Sharon ", "wmType": "PRIMARY UNDERGROUND", "WKT": "LINESTRING (-78.99496790048362 36.141549104342616, -78.9945177265688 36.14112503093284, -78.99388982712445 36.1415631575383, -78.99379916883602 36.14153363356056, -78.99369593318697 36.14151688093952, -78.99355672958356 36.141566994066295)" }, "geometry": { "type": "LineString", "coordinates": [ [ -78.994967900483616, 36.141549104342616 ], [ -78.994517726568802, 36.141125030932841 ], [ -78.993889827124448, 36.1415631575383 ], [ -78.99379916883602, 36.141533633560563 ], [ -78.99369593318697, 36.14151688093952 ], [ -78.99355672958356, 36.141566994066295 ] ] } },
{ "type": "Feature", "properties": { "FEEDER_NAME": "Schley Rd. West", "SUBSTATION_NAME": "New Sharon ", "wmType": "PRIMARY UNDERGROUND", "WKT": "LINESTRING (-78.99363152857698 36.15344700279552, -78.99362778379772 36.15352935372859)" }, "geometry": { "type": "LineString", "coordinates": [ [ -78.993631528576984, 36.153447002795517 ], [ -78.99362778379772, 36.153529353728587 ] ] } },
{ "type": "Feature", "properties": { "FEEDER_NAME": "Schley Rd. West", "SUBSTATION_NAME": "New Sharon ", "wmType": "PRIMARY UNDERGROUND", "WKT": "LINESTRING (-78.99362778379772 36.15352935372859, -78.99362326422485 36.15362876189353, -78.993679258778 36.153749511233876, -78.99370343686736 36.153900326105294, -78.99369061809918 36.15400433092051, -78.99364899638634 36.15412321327669, -78.99357007196558 36.15425120402743, -78.993521081774 36.15434830270597, -78.99350474506541 36.15447188435698, -78.99349707729537 36.15514617813855)" }, "geometry": { "type": "LineString", "coordinates": [ [ -78.99362778379772, 36.153529353728587 ], [ -78.993623264224851, 36.153628761893529 ], [ -78.993679258778002, 36.153749511233876 ], [ -78.993703436867364, 36.153900326105294 ], [ -78.99369061809918, 36.154004330920507 ], [ -78.993648996386341, 36.154123213276691 ], [ -78.993570071965578, 36.154251204027432 ], [ -78.993521081774006, 36.154348302705969 ], [ -78.993504745065408, 36.15447188435698 ], [ -78.993497077295373, 36.155146178138551 ] ] } },
{ "type": "Feature", "properties": { "FEEDER_NAME": "Schley Rd. West", "SUBSTATION_NAME": "New Sharon ", "wmType": "PRIMARY UNDERGROUND", "WKT": "LINESTRING (-78.97908243222939 36.145743154528795, -78.97904701669408 36.14566591507032)" }, "geometry": { "type": "LineString", "coordinates": [ [ -78.97908243222939, 36.145743154528795 ], [ -78.979047016694082, 36.145665915070317 ] ] } },
{ "type": "Feature", "properties": { "FEEDER_NAME": "Schley Rd. West", "SUBSTATION_NAME": "New Sharon ", "wmType": "PRIMARY UNDERGROUND", "WKT": "LINESTRING (-78.97904701669408 36.14566591507032, -78.97889030895774 36.14532414119508)" }, "geometry": { "type": "LineString", "coordinates": [ [ -78.979047016694082, 36.145665915070317 ], [ -78.978890308957745, 36.145324141195083 ] ] } },
{ "type": "Feature", "properties": { "FEEDER_NAME": "Schley Rd. West", "SUBSTATION_NAME": "New Sharon ", "wmType": "PRIMARY UNDERGROUND", "WKT": "LINESTRING (-78.97785820420893 36.14736408567728, -78.97777658336734 36.14731500686076)" }, "geometry": { "type": "LineString", "coordinates": [ [ -78.977858204208928, 36.147364085677282 ], [ -78.977776583367344, 36.147315006860758 ] ] } },
{ "type": "Feature", "properties": { "FEEDER_NAME": "Schley Rd. West", "SUBSTATION_NAME": "New Sharon ", "wmType": "PRIMARY UNDERGROUND", "WKT": "LINESTRING (-78.97777658336734 36.14731500686076, -78.97727013575341 36.14701047121388)" }, "geometry": { "type": "LineString", "coordinates": [ [ -78.977776583367344, 36.147315006860758 ], [ -78.977270135753415, 36.147010471213882 ] ] } },
{ "type": "Feature", "properties": { "FEEDER_NAME": "Schley Rd. West", "SUBSTATION_NAME": "New Sharon ", "wmType": "PRIMARY UNDERGROUND", "WKT": "LINESTRING (-78.97692490710253 36.14836142714633, -78.9768663583234 36.148428778385245)" }, "geometry": { "type": "LineString", "coordinates": [ [ -78.976924907102529, 36.148361427146327 ], [ -78.976866358323406, 36.148428778385245 ] ] } },
{ "type": "Feature", "properties": { "FEEDER_NAME": "Schley Rd. West", "SUBSTATION_NAME": "New Sharon ", "wmType": "PRIMARY UNDERGROUND", "WKT": "LINESTRING (-78.9768663583234 36.148428778385245, -78.97676057722764 36.148550463055706)" }, "geometry": { "type": "LineString", "coordinates": [ [ -78.976866358323406, 36.148428778385245 ], [ -78.976760577227637, 36.148550463055706 ] ] } },
{ "type": "Feature", "properties": { "FEEDER_NAME": "Schley Rd. West", "SUBSTATION_NAME": "New Sharon ", "wmType": "PRIMARY UNDERGROUND", "WKT": "LINESTRING (-78.98442535117832 36.148061522278965, -78.98443082409794 36.14797923473277)" }, "geometry": { "type": "LineString", "coordinates": [ [ -78.984425351178317, 36.148061522278965 ], [ -78.984430824097942, 36.147979234732773 ] ] } },
{ "type": "Feature", "properties": { "FEEDER_NAME": "Schley Rd. West", "SUBSTATION_NAME": "New Sharon ", "wmType": "PRIMARY UNDERGROUND", "WKT": "LINESTRING (-78.98443082409794 36.14797923473277, -78.98453285726158 36.14644522496256)" }, "geometry": { "type": "LineString", "coordinates": [ [ -78.984430824097942, 36.147979234732773 ], [ -78.984532857261584, 36.146445224962562 ] ] } },
{ "type": "Feature", "properties": { "FEEDER_NAME": "Schley Rd. West", "SUBSTATION_NAME": "New Sharon ", "wmType": "PRIMARY UNDERGROUND", "WKT": "LINESTRING (-78.99279343630153 36.15414880632746, -78.99276692883033 36.1542283603017)" }, "geometry": { "type": "LineString", "coordinates": [ [ -78.992793436301525, 36.154148806327463 ], [ -78.992766928830335, 36.154228360301701 ] ] } },
{ "type": "Feature", "properties": { "FEEDER_NAME": "Schley Rd. West", "SUBSTATION_NAME": "New Sharon ", "wmType": "PRIMARY UNDERGROUND", "WKT": "LINESTRING (-78.99276692883033 36.1542283603017, -78.99273509356274 36.154323903283284, -78.99252175885012 36.15451923658912, -78.99247018151507 36.15583784182418)" }, "geometry": { "type": "LineString", "coordinates": [ [ -78.992766928830335, 36.154228360301701 ], [ -78.992735093562743, 36.154323903283284 ], [ -78.992521758850117, 36.154519236589117 ], [ -78.992470181515074, 36.15583784182418 ] ] } },
{ "type": "Feature", "properties": { "FEEDER_NAME": "Schley Rd. West", "SUBSTATION_NAME": "New Sharon ", "wmType": "PRIMARY UNDERGROUND", "WKT": "LINESTRING (-78.99279343630153 36.15414880632746, -78.99282391905737 36.154227418282815)" }, "geometry": { "type": "LineString", "coordinates": [ [ -78.992793436301525, 36.154148806327463 ], [ -78.992823919057372, 36.154227418282815 ] ] } },
{ "type": "Feature", "properties": { "FEEDER_NAME": "Schley Rd. West", "SUBSTATION_NAME": "New Sharon ", "wmType": "PRIMARY UNDERGROUND", "WKT": "LINESTRING (-78.99282391905737 36.154227418282815, -78.99285223539918 36.154300439873325, -78.99273786783819 36.15450255732387, -78.99261239016722 36.15577196460765, -78.99261969597094 36.15626674086385, -78.99273727474689 36.15664230127875, -78.99358991770822 36.15725634772064, -78.99448709138876 36.15769902276127, -78.99496115301064 36.157134957243244)" }, "geometry": { "type": "LineString", "coordinates": [ [ -78.992823919057372, 36.154227418282815 ], [ -78.992852235399184, 36.154300439873325 ], [ -78.992737867838187, 36.154502557323873 ], [ -78.992612390167224, 36.155771964607652 ], [ -78.992619695970944, 36.156266740863849 ], [ -78.992737274746887, 36.156642301278751 ], [ -78.993589917708221, 36.15725634772064 ], [ -78.994487091388763, 36.157699022761271 ], [ -78.994961153010635, 36.157134957243244 ] ] } },
{ "type": "Feature", "properties": { "FEEDER_NAME": "Schley Rd. West", "SUBSTATION_NAME": "New Sharon ", "wmType": "PRIMARY UNDERGROUND", "WKT": "LINESTRING (-78.99077697304102 36.15757766931013, -78.99067536034772 36.15757679734946)" }, "geometry": { "type": "LineString", "coordinates": [ [ -78.990776973041022, 36.157577669310129 ], [ -78.990675360347723, 36.157576797349464 ] ] } },
{ "type": "Feature", "properties": { "FEEDER_NAME": "Schley Rd. West", "SUBSTATION_NAME": "New Sharon ", "wmType": "PRIMARY UNDERGROUND", "WKT": "LINESTRING (-78.99067536034772 36.15757679734946, -78.99026336860189 36.157573261359815)" }, "geometry": { "type": "LineString", "coordinates": [ [ -78.990675360347723, 36.157576797349464 ], [ -78.990263368601887, 36.157573261359815 ] ] } },
{ "type": "Feature", "properties": { "FEEDER_NAME": "Schley Rd. West", "SUBSTATION_NAME": "New Sharon ", "wmType": "PRIMARY UNDERGROUND", "WKT": "LINESTRING (-79.01596268293294 36.13703446077478, -79.0160461727329 36.13708141335621)" }, "geometry": { "type": "LineString", "coordinates": [ [ -79.015962682932937, 36.137034460774778 ], [ -79.016046172732899, 36.137081413356213 ] ] } },
{ "type": "Feature", "properties": { "FEEDER_NAME": "Schley Rd. West", "SUBSTATION_NAME": "New Sharon ", "wmType": "PRIMARY UNDERGROUND", "WKT": "LINESTRING (-79.0160461727329 36.13708141335621, -79.01672654634166 36.13746403901145, -79.01660285078373 36.13773504287279, -79.01643591956243 36.13809978558762, -79.0162561171067 36.138357719843505, -79.01617796663153 36.138471002730405, -79.01603806927854 36.13873453512703, -79.01584519530387 36.13924352317912, -79.01574706244814 36.13943253600833, -79.01569297883486 36.139584004608366, -79.01569910347087 36.1397231025381, -79.0157516974883 36.13981717857932, -79.01585468952621 36.139899226710675, -79.01590528806787 36.139963697882635, -79.01591794583923 36.14002231244215, -79.0159233847621 36.140119026982894, -79.0158872724 36.14021867858641, -79.01578983401774 36.140345520675126, -79.0156382684732 36.14047967849452, -79.01542852631144 36.14063078818685, -79.01528690062436 36.140742409319344, -79.01515452566761 36.140843619156996, -79.01511044922835 36.14095092643897, -79.0151325150224 36.14104391778858, -79.01516780001138 36.14108683397015, -79.01520302252933 36.141151764221505, -79.01527214069249 36.14122676496109, -79.0153697143886 36.1413100055373, -79.01549878605842 36.14135614968606, -79.01559736737134 36.141390756579945, -79.01571628437519 36.141478940040386, -79.01580509175578 36.141570576237854, -79.01586072639464 36.14155414342872)" }, "geometry": { "type": "LineString", "coordinates": [ [ -79.016046172732899, 36.137081413356213 ], [ -79.016726546341658, 36.137464039011448 ], [ -79.016602850783727, 36.137735042872791 ], [ -79.016435919562426, 36.13809978558762 ], [ -79.016256117106707, 36.138357719843505 ], [ -79.016177966631531, 36.138471002730405 ], [ -79.016038069278537, 36.138734535127028 ], [ -79.015845195303868, 36.139243523179118 ], [ -79.015747062448142, 36.139432536008329 ], [ -79.015692978834863, 36.139584004608366 ], [ -79.015699103470865, 36.139723102538099 ], [ -79.015751697488298, 36.139817178579321 ], [ -79.015854689526208, 36.139899226710675 ], [ -79.01590528806787, 36.139963697882635 ], [ -79.015917945839234, 36.140022312442149 ], [ -79.015923384762104, 36.140119026982894 ], [ -79.015887272399993, 36.140218678586407 ], [ -79.015789834017738, 36.140345520675126 ], [ -79.015638268473197, 36.140479678494522 ], [ -79.015428526311439, 36.140630788186847 ], [ -79.015286900624361, 36.140742409319344 ], [ -79.015154525667612, 36.140843619156996 ], [ -79.015110449228345, 36.140950926438968 ], [ -79.015132515022401, 36.141043917788579 ], [ -79.015167800011383, 36.141086833970149 ], [ -79.015203022529334, 36.141151764221505 ], [ -79.015272140692488, 36.14122676496109 ], [ -79.015369714388598, 36.141310005537299 ], [ -79.015498786058416, 36.141356149686061 ], [ -79.015597367371342, 36.141390756579945 ], [ -79.015716284375188, 36.141478940040386 ], [ -79.01580509175578, 36.141570576237854 ], [ -79.015860726394635, 36.141554143428721 ] ] } },
{ "type": "Feature", "properties": { "FEEDER_NAME": "Schley Rd. West", "SUBSTATION_NAME": "New Sharon ", "wmType": "PRIMARY UNDERGROUND", "WKT": "LINESTRING (-79.01879150636213 36.13867633547664, -79.01884570862981 36.13874603559406)" }, "geometry": { "type": "LineString", "coordinates": [ [ -79.018791506362135, 36.138676335476639 ], [ -79.018845708629811, 36.13874603559406 ] ] } },
{ "type": "Feature", "properties": { "FEEDER_NAME": "Schley Rd. West", "SUBSTATION_NAME": "New Sharon ", "wmType": "PRIMARY UNDERGROUND", "WKT": "LINESTRING (-79.01884570862981 36.13874603559406, -79.01891953700358 36.13884097221388, -79.01883587953311 36.13899939070918, -79.01873479314663 36.13918892641358, -79.01866681740083 36.13930349803498, -79.01861104888677 36.139423724712096, -79.01859886204252 36.13950717228285, -79.0186232928206 36.13959202829605, -79.01865130909654 36.139725025094435, -79.01863729754709 36.13983104848164, -79.01857281235257 36.13996117633493, -79.01849087909233 36.1400446344399, -79.01851006404192 36.14006443222883)" }, "geometry": { "type": "LineString", "coordinates": [ [ -79.018845708629811, 36.13874603559406 ], [ -79.018919537003583, 36.138840972213877 ], [ -79.018835879533114, 36.138999390709181 ], [ -79.018734793146635, 36.139188926413581 ], [ -79.018666817400828, 36.139303498034977 ], [ -79.018611048886768, 36.139423724712096 ], [ -79.018598862042523, 36.139507172282848 ], [ -79.018623292820607, 36.13959202829605 ], [ -79.018651309096541, 36.139725025094435 ], [ -79.018637297547087, 36.139831048481639 ], [ -79.018572812352573, 36.139961176334928 ], [ -79.018490879092326, 36.140044634439903 ], [ -79.018510064041919, 36.140064432228833 ] ] } },
{ "type": "Feature", "properties": { "FEEDER_NAME": "Schley Rd. West", "SUBSTATION_NAME": "New Sharon ", "wmType": "PRIMARY UNDERGROUND", "WKT": "LINESTRING (-79.03217393374275 36.147745740926716, -79.03226938842371 36.14777397794015)" }, "geometry": { "type": "LineString", "coordinates": [ [ -79.032173933742754, 36.147745740926716 ], [ -79.032269388423714, 36.147773977940147 ] ] } },
{ "type": "Feature", "properties": { "FEEDER_NAME": "Schley Rd. West", "SUBSTATION_NAME": "New Sharon ", "wmType": "PRIMARY UNDERGROUND", "WKT": "LINESTRING (-79.03226938842371 36.14777397794015, -79.03273561083377 36.14791189342683)" }, "geometry": { "type": "LineString", "coordinates": [ [ -79.032269388423714, 36.147773977940147 ], [ -79.032735610833768, 36.14791189342683 ] ] } },
{ "type": "Feature", "properties": { "FEEDER_NAME": "Schley Rd. West", "SUBSTATION_NAME": "New Sharon ", "wmType": "PRIMARY UNDERGROUND", "WKT": "LINESTRING (-79.02586173621114 36.140895059071255, -79.02596261003059 36.14090488082748)" }, "geometry": { "type": "LineString", "coordinates": [ [ -79.025861736211141, 36.140895059071255 ], [ -79.025962610030589, 36.140904880827478 ] ] } },
{ "type": "Feature", "properties": { "FEEDER_NAME": "Schley Rd. West", "SUBSTATION_NAME": "New Sharon ", "wmType": "PRIMARY UNDERGROUND", "WKT": "LINESTRING (-79.02596261003059 36.14090488082748, -79.02720963474007 36.14102629612314)" }, "geometry": { "type": "LineString", "coordinates": [ [ -79.025962610030589, 36.140904880827478 ], [ -79.027209634740075, 36.141026296123137 ] ] } },
{ "type": "Feature", "properties": { "FEEDER_NAME": "Schley Rd. West", "SUBSTATION_NAME": "New Sharon ", "wmType": "PRIMARY UNDERGROUND", "WKT": "LINESTRING (-79.02395382611076 36.14785783180015, -79.0240538588975 36.14784338551324)" }, "geometry": { "type": "LineString", "coordinates": [ [ -79.023953826110755, 36.147857831800152 ], [ -79.024053858897503, 36.147843385513241 ] ] } },
{ "type": "Feature", "properties": { "FEEDER_NAME": "Schley Rd. West", "SUBSTATION_NAME": "New Sharon ", "wmType": "PRIMARY UNDERGROUND", "WKT": "LINESTRING (-79.0240538588975 36.14784338551324, -79.02453587980119 36.147773770917404, -79.024579988888 36.1478059526102, -79.02541842034806 36.149493986751104, -79.02530818053226 36.14952977703757, -79.02518911207812 36.14954410839573, -79.0250965079572 36.14956916408682, -79.02494216097826 36.14959065538042, -79.0247525387697 36.14962646221649, -79.02442621160688 36.14969090790463, -79.02416162466449 36.14975176452612, -79.0239720016827 36.149791145272104, -79.02376032993361 36.14983410692971, -79.02336344164509 36.1499057182042, -79.02323555979304 36.149948662929845, -79.02324474370724 36.15112181980336)" }, "geometry": { "type": "LineString", "coordinates": [ [ -79.024053858897503, 36.147843385513241 ], [ -79.024535879801192, 36.147773770917404 ], [ -79.024579988887993, 36.147805952610199 ], [ -79.025418420348061, 36.149493986751104 ], [ -79.025308180532264, 36.149529777037571 ], [ -79.025189112078124, 36.14954410839573 ], [ -79.025096507957201, 36.14956916408682 ], [ -79.024942160978256, 36.149590655380422 ], [ -79.024752538769704, 36.149626462216489 ], [ -79.02442621160688, 36.149690907904628 ], [ -79.024161624664487, 36.149751764526123 ], [ -79.023972001682694, 36.149791145272104 ], [ -79.023760329933609, 36.14983410692971 ], [ -79.023363441645088, 36.149905718204202 ], [ -79.023235559793036, 36.149948662929845 ], [ -79.023244743707238, 36.151121819803357 ] ] } },
{ "type": "Feature", "properties": { "FEEDER_NAME": "Schley Rd. West", "SUBSTATION_NAME": "New Sharon ", "wmType": "PRIMARY UNDERGROUND", "WKT": "LINESTRING (-79.02521251817556 36.147293665410686, -79.02529682818559 36.147247675161196)" }, "geometry": { "type": "LineString", "coordinates": [ [ -79.025212518175564, 36.147293665410686 ], [ -79.025296828185589, 36.147247675161196 ] ] } },
{ "type": "Feature", "properties": { "FEEDER_NAME": "Schley Rd. West", "SUBSTATION_NAME": "New Sharon ", "wmType": "PRIMARY UNDERGROUND", "WKT": "LINESTRING (-79.02529682818559 36.147247675161196, -79.02566489455573 36.14704689672117)" }, "geometry": { "type": "LineString", "coordinates": [ [ -79.025296828185589, 36.147247675161196 ], [ -79.025664894555732, 36.147046896721172 ] ] } },
{ "type": "Feature", "properties": { "FEEDER_NAME": "Schley Rd. West", "SUBSTATION_NAME": "New Sharon ", "wmType": "SECONDARY UNDERGROUND", "WKT": "LINESTRING (-78.99333443647376 36.16126282092498, -78.99333422417763 36.16127655446536)" }, "geometry": { "type": "LineString", "coordinates": [ [ -78.993334436473759, 36.161262820924982 ], [ -78.99333422417763, 36.16127655446536 ] ] } },
{ "type": "Feature", "properties": { "FEEDER_NAME": "Schley Rd. West", "SUBSTATION_NAME": "New Sharon ", "wmType": "SECONDARY UNDERGROUND", "WKT": "LINESTRING (-78.9843182169217 36.13382084805415, -78.98431800316023 36.13383458174482)" }, "geometry": { "type": "LineString", "coordinates": [ [ -78.984318216921693, 36.13382084805415 ], [ -78.984318003160226, 36.133834581744821 ] ] } },
{ "type": "Feature", "properties": { "FEEDER_NAME": "Schley Rd. West", "SUBSTATION_NAME": "New Sharon ", "wmType": "SECONDARY UNDERGROUND", "WKT": "LINESTRING (-79.01004747330522 36.145746791618, -79.01004726390079 36.14576052528147)" }, "geometry": { "type": "LineString", "coordinates": [ [ -79.010047473305221, 36.145746791618002 ], [ -79.010047263900788, 36.145760525281467 ] ] } },
{ "type": "Feature", "properties": { "FEEDER_NAME": "Schley Rd. West", "SUBSTATION_NAME": "New Sharon ", "wmType": "SECONDARY UNDERGROUND", "WKT": "LINESTRING (-78.99704209279234 36.15792443043884, -78.99704188113753 36.15793816400597)" }, "geometry": { "type": "LineString", "coordinates": [ [ -78.997042092792341, 36.15792443043884 ], [ -78.997041881137534, 36.157938164005969 ] ] } },
{ "type": "Feature", "properties": { "FEEDER_NAME": "Schley Rd. West", "SUBSTATION_NAME": "New Sharon ", "wmType": "SECONDARY UNDERGROUND", "WKT": "LINESTRING (-79.00241693648691 36.13878572673514, -79.00241672579914 36.13879946042743)" }, "geometry": { "type": "LineString", "coordinates": [ [ -79.00241693648691, 36.138785726735136 ], [ -79.002416725799137, 36.138799460427428 ] ] } },
{ "type": "Feature", "properties": { "FEEDER_NAME": "Schley Rd. West", "SUBSTATION_NAME": "New Sharon ", "wmType": "SECONDARY UNDERGROUND", "WKT": "LINESTRING (-78.99153070105831 36.158964474615054, -78.99153048846054 36.15897820816627)" }, "geometry": { "type": "LineString", "coordinates": [ [ -78.991530701058309, 36.158964474615054 ], [ -78.99153048846054, 36.158978208166268 ] ] } },
{ "type": "Feature", "properties": { "FEEDER_NAME": "Schley Rd. West", "SUBSTATION_NAME": "New Sharon ", "wmType": "SECONDARY UNDERGROUND", "WKT": "LINESTRING (-79.01297747918741 36.15105880207987, -79.01297727026899 36.15107253571611)" }, "geometry": { "type": "LineString", "coordinates": [ [ -79.012977479187413, 36.151058802079874 ], [ -79.012977270268991, 36.151072535716111 ] ] } },
{ "type": "Feature", "properties": { "FEEDER_NAME": "Schley Rd. West", "SUBSTATION_NAME": "New Sharon ", "wmType": "SECONDARY UNDERGROUND", "WKT": "LINESTRING (-79.02470623762649 36.15038103575993, -79.0247990254988 36.15050176721382, -79.0250955031953 36.150605802543524)" }, "geometry": { "type": "LineString", "coordinates": [ [ -79.024706237626489, 36.150381035759928 ], [ -79.024799025498794, 36.150501767213818 ], [ -79.025095503195303, 36.150605802543524 ] ] } },
{ "type": "Feature", "properties": { "FEEDER_NAME": "Schley Rd. West", "SUBSTATION_NAME": "New Sharon ", "wmType": "SECONDARY UNDERGROUND", "WKT": "LINESTRING (-79.00562725104308 36.150672524061555, -79.00574709631145 36.15069608887194, -79.00601068316287 36.15066039710763)" }, "geometry": { "type": "LineString", "coordinates": [ [ -79.00562725104308, 36.150672524061555 ], [ -79.005747096311453, 36.150696088871939 ], [ -79.00601068316287, 36.150660397107629 ] ] } },
{ "type": "Feature", "properties": { "FEEDER_NAME": "Schley Rd. West", "SUBSTATION_NAME": "New Sharon ", "wmType": "SECONDARY UNDERGROUND", "WKT": "LINESTRING (-79.00636446487101 36.14989279979701, -79.00635213703285 36.15003209498549, -79.00631756342919 36.15015189532446, -79.00626672910276 36.150196845147796, -79.00621846542568 36.150204799932716)" }, "geometry": { "type": "LineString", "coordinates": [ [ -79.006364464871012, 36.149892799797009 ], [ -79.006352137032849, 36.150032094985491 ], [ -79.006317563429192, 36.150151895324463 ], [ -79.006266729102762, 36.150196845147796 ], [ -79.006218465425675, 36.150204799932716 ] ] } },
{ "type": "Feature", "properties": { "FEEDER_NAME": "Schley Rd. West", "SUBSTATION_NAME": "New Sharon ", "wmType": "SECONDARY UNDERGROUND", "WKT": "LINESTRING (-78.97730194719793 36.1264284206692, -78.97713718089983 36.12619071360918, -78.97678440860875 36.12616174851451)" }, "geometry": { "type": "LineString", "coordinates": [ [ -78.97730194719793, 36.1264284206692 ], [ -78.977137180899831, 36.126190713609184 ], [ -78.976784408608751, 36.126161748514512 ] ] } },
{ "type": "Feature", "properties": { "FEEDER_NAME": "Schley Rd. West", "SUBSTATION_NAME": "New Sharon ", "wmType": "SECONDARY UNDERGROUND", "WKT": "LINESTRING (-78.97734312704839 36.12583410661375, -78.97735484901408 36.125632529100685, -78.97687340815654 36.12558774730881)" }, "geometry": { "type": "LineString", "coordinates": [ [ -78.977343127048385, 36.125834106613752 ], [ -78.977354849014077, 36.125632529100685 ], [ -78.976873408156536, 36.125587747308813 ] ] } },
{ "type": "Feature", "properties": { "FEEDER_NAME": "Schley Rd. West", "SUBSTATION_NAME": "New Sharon ", "wmType": "SECONDARY UNDERGROUND", "WKT": "LINESTRING (-79.01626448667076 36.14131178335941, -79.01640050632787 36.14137349959521, -79.01642693025873 36.14136276523958, -79.0164999245899 36.14133166247143, -79.01653686867313 36.141274202984604, -79.01660083277484 36.14114999195082, -79.01664152776665 36.14111424588645, -79.01670848787907 36.14111178274429)" }, "geometry": { "type": "LineString", "coordinates": [ [ -79.016264486670764, 36.141311783359413 ], [ -79.016400506327869, 36.141373499595211 ], [ -79.016426930258731, 36.141362765239577 ], [ -79.016499924589894, 36.14133166247143 ], [ -79.016536868673128, 36.141274202984604 ], [ -79.016600832774841, 36.141149991950819 ], [ -79.016641527766652, 36.141114245886449 ], [ -79.016708487879072, 36.141111782744289 ] ] } },
{ "type": "Feature", "properties": { "FEEDER_NAME": "Schley Rd. West", "SUBSTATION_NAME": "New Sharon ", "wmType": "SECONDARY UNDERGROUND", "WKT": "LINESTRING (-78.98561390209318 36.15985185720951, -78.98545269403745 36.15997454980461, -78.98491107880548 36.15983917276111, -78.98491731365856 36.15984393733301)" }, "geometry": { "type": "LineString", "coordinates": [ [ -78.985613902093178, 36.15985185720951 ], [ -78.985452694037448, 36.159974549804609 ], [ -78.984911078805482, 36.15983917276111 ], [ -78.984917313658556, 36.159843937333008 ] ] } },
{ "type": "Feature", "properties": { "FEEDER_NAME": "Schley Rd. West", "SUBSTATION_NAME": "New Sharon ", "wmType": "SECONDARY UNDERGROUND", "WKT": "LINESTRING (-78.99150991619753 36.13823387889745, -78.99159257133198 36.13826517496169, -78.9915936134386 36.13826569053111, -78.99173991142057 36.13822250952465, -78.99196110596952 36.138222524254054, -78.99202156925567 36.13816408499417, -78.99210843778773 36.138204774401686)" }, "geometry": { "type": "LineString", "coordinates": [ [ -78.991509916197529, 36.138233878897452 ], [ -78.991592571331978, 36.138265174961688 ], [ -78.991593613438596, 36.138265690531107 ], [ -78.991739911420567, 36.138222509524653 ], [ -78.991961105969523, 36.138222524254054 ], [ -78.99202156925567, 36.138164084994173 ], [ -78.992108437787735, 36.138204774401686 ] ] } },
{ "type": "Feature", "properties": { "FEEDER_NAME": "Schley Rd. West", "SUBSTATION_NAME": "New Sharon ", "wmType": "SECONDARY UNDERGROUND", "WKT": "LINESTRING (-79.00990171728726 36.144057193076065, -79.00984647294588 36.14417278861296)" }, "geometry": { "type": "LineString", "coordinates": [ [ -79.009901717287264, 36.144057193076065 ], [ -79.009846472945881, 36.144172788612963 ] ] } },
{ "type": "Feature", "properties": { "FEEDER_NAME": "Schley Rd. West", "SUBSTATION_NAME": "New Sharon ", "wmType": "SECONDARY UNDERGROUND", "WKT": "LINESTRING (-78.98816381789094 36.131318789968915, -78.98816303861572 36.13132218930565, -78.9880118741188 36.1317314585434, -78.98788892499536 36.13184779066155, -78.98789243027704 36.1318537616076)" }, "geometry": { "type": "LineString", "coordinates": [ [ -78.988163817890936, 36.131318789968915 ], [ -78.988163038615724, 36.131322189305649 ], [ -78.988011874118797, 36.131731458543399 ], [ -78.98788892499536, 36.131847790661553 ], [ -78.987892430277043, 36.131853761607601 ] ] } },
{ "type": "Feature", "properties": { "FEEDER_NAME": "Schley Rd. West", "SUBSTATION_NAME": "New Sharon ", "wmType": "SECONDARY UNDERGROUND", "WKT": "LINESTRING (-79.00190645737638 36.14345678641414, -79.0018164572465 36.14327478591356)" }, "geometry": { "type": "LineString", "coordinates": [ [ -79.001906457376379, 36.143456786414141 ], [ -79.001816457246505, 36.143274785913562 ] ] } },
{ "type": "Feature", "properties": { "FEEDER_NAME": "Schley Rd. West", "SUBSTATION_NAME": "New Sharon ", "wmType": "SECONDARY UNDERGROUND", "WKT": "LINESTRING (-79.01276747825759 36.15110780249131, -79.01292962527589 36.1510848910074, -79.01297747918741 36.15105880207987)" }, "geometry": { "type": "LineString", "coordinates": [ [ -79.012767478257587, 36.15110780249131 ], [ -79.012929625275888, 36.1510848910074 ], [ -79.012977479187413, 36.151058802079874 ] ] } },
{ "type": "Feature", "properties": { "FEEDER_NAME": "Schley Rd. West", "SUBSTATION_NAME": "New Sharon ", "wmType": "SECONDARY UNDERGROUND", "WKT": "LINESTRING (-79.02534881765999 36.14270925366233, -79.02553010983947 36.14301279853837, -79.02573063219884 36.14302730851509, -79.02573806447543 36.14296838981634, -79.02570650600846 36.142941787982735)" }, "geometry": { "type": "LineString", "coordinates": [ [ -79.025348817659989, 36.142709253662332 ], [ -79.025530109839465, 36.143012798538372 ], [ -79.025730632198844, 36.143027308515087 ], [ -79.025738064475433, 36.142968389816339 ], [ -79.025706506008461, 36.142941787982735 ] ] } },
{ "type": "Feature", "properties": { "FEEDER_NAME": "Schley Rd. West", "SUBSTATION_NAME": "New Sharon ", "wmType": "SECONDARY UNDERGROUND", "WKT": "LINESTRING (-79.01472748311721 36.14318378699064, -79.01483148332936 36.14297278666007)" }, "geometry": { "type": "LineString", "coordinates": [ [ -79.014727483117213, 36.14318378699064 ], [ -79.01483148332936, 36.142972786660067 ] ] } },
{ "type": "Feature", "properties": { "FEEDER_NAME": "Schley Rd. West", "SUBSTATION_NAME": "New Sharon ", "wmType": "SECONDARY UNDERGROUND", "WKT": "LINESTRING (-78.99875868647118 36.145551855324044, -78.99885160027425 36.14548862233243)" }, "geometry": { "type": "LineString", "coordinates": [ [ -78.998758686471177, 36.145551855324044 ], [ -78.99885160027425, 36.145488622332429 ] ] } },
{ "type": "Feature", "properties": { "FEEDER_NAME": "Schley Rd. West", "SUBSTATION_NAME": "New Sharon ", "wmType": "SECONDARY UNDERGROUND", "WKT": "LINESTRING (-79.0095511071366 36.145620161697295, -79.00954494832006 36.14563181130963, -79.00963013978509 36.14556536871518, -79.00969076206091 36.14555923114797, -79.00975377868897 36.145560963688865, -79.00985385590471 36.145603373257515, -79.0100139308892 36.14569177146196, -79.01004747330522 36.145746791618)" }, "geometry": { "type": "LineString", "coordinates": [ [ -79.009551107136602, 36.145620161697295 ], [ -79.009544948320055, 36.145631811309627 ], [ -79.009630139785088, 36.145565368715182 ], [ -79.009690762060913, 36.145559231147971 ], [ -79.009753778688975, 36.145560963688865 ], [ -79.009853855904709, 36.145603373257515 ], [ -79.010013930889201, 36.145691771461962 ], [ -79.010047473305221, 36.145746791618002 ] ] } },
{ "type": "Feature", "properties": { "FEEDER_NAME": "Schley Rd. West", "SUBSTATION_NAME": "New Sharon ", "wmType": "SECONDARY UNDERGROUND", "WKT": "LINESTRING (-78.9798122410864 36.129293517593936, -78.97980194000596 36.12927825727849, -78.97980684565921 36.12923465148578, -78.97982153687033 36.12921090306366, -78.97990906826534 36.129176250099306, -78.97994399335937 36.12909151737917, -78.9799782757839 36.12902214319402, -78.98006621101501 36.128970609360316, -78.98011541509827 36.129004754816336)" }, "geometry": { "type": "LineString", "coordinates": [ [ -78.979812241086407, 36.129293517593936 ], [ -78.979801940005956, 36.129278257278493 ], [ -78.979806845659212, 36.129234651485781 ], [ -78.979821536870332, 36.129210903063658 ], [ -78.979909068265343, 36.129176250099306 ], [ -78.97994399335937, 36.129091517379173 ], [ -78.979978275783907, 36.129022143194021 ], [ -78.980066211015014, 36.128970609360316 ], [ -78.980115415098268, 36.129004754816336 ] ] } },
{ "type": "Feature", "properties": { "FEEDER_NAME": "Schley Rd. West", "SUBSTATION_NAME": "New Sharon ", "wmType": "SECONDARY UNDERGROUND", "WKT": "LINESTRING (-79.04908556250838 36.14246129584094, -79.0494927585765 36.14212334254121, -79.04950144039239 36.141998136335644, -79.04945855528892 36.1419997884841)" }, "geometry": { "type": "LineString", "coordinates": [ [ -79.049085562508381, 36.142461295840938 ], [ -79.049492758576505, 36.142123342541211 ], [ -79.04950144039239, 36.141998136335644 ], [ -79.049458555288922, 36.1419997884841 ] ] } },
{ "type": "Feature", "properties": { "FEEDER_NAME": "Schley Rd. West", "SUBSTATION_NAME": "New Sharon ", "wmType": "SECONDARY UNDERGROUND", "WKT": "LINESTRING (-78.98188541580913 36.14657578963833, -78.9818628452428 36.14634206564384, -78.98181205556915 36.14628711993014, -78.98174541531262 36.14630578953028)" }, "geometry": { "type": "LineString", "coordinates": [ [ -78.981885415809131, 36.146575789638327 ], [ -78.981862845242802, 36.146342065643843 ], [ -78.981812055569151, 36.146287119930143 ], [ -78.981745415312616, 36.146305789530281 ] ] } },
{ "type": "Feature", "properties": { "FEEDER_NAME": "Schley Rd. West", "SUBSTATION_NAME": "New Sharon ", "wmType": "SECONDARY UNDERGROUND", "WKT": "LINESTRING (-79.02463717200153 36.14158107435528, -79.02462952662724 36.14158121558295, -79.02460398872189 36.14157201657303, -79.02452452774125 36.14149839303887, -79.02453017923293 36.14142705413402, -79.02458690637857 36.14137411417262, -79.02466349332435 36.1413257727076, -79.02467687463393 36.141327347143125)" }, "geometry": { "type": "LineString", "coordinates": [ [ -79.024637172001533, 36.14158107435528 ], [ -79.024629526627237, 36.141581215582953 ], [ -79.024603988721893, 36.141572016573029 ], [ -79.024524527741249, 36.141498393038873 ], [ -79.024530179232926, 36.14142705413402 ], [ -79.024586906378573, 36.141374114172621 ], [ -79.024663493324354, 36.141325772707603 ], [ -79.024676874633926, 36.141327347143125 ] ] } },
{ "type": "Feature", "properties": { "FEEDER_NAME": "Schley Rd. West", "SUBSTATION_NAME": "New Sharon ", "wmType": "SECONDARY UNDERGROUND", "WKT": "LINESTRING (-78.98061541261183 36.146361789524974, -78.9805704129046 36.14606278927871)" }, "geometry": { "type": "LineString", "coordinates": [ [ -78.980615412611826, 36.146361789524974 ], [ -78.980570412904598, 36.146062789278709 ] ] } },
{ "type": "Feature", "properties": { "FEEDER_NAME": "Schley Rd. West", "SUBSTATION_NAME": "New Sharon ", "wmType": "SECONDARY UNDERGROUND", "WKT": "LINESTRING (-79.01075747349427 36.15175680358904, -79.01073178446816 36.15181832816174, -79.0106406485938 36.15188271708684, -79.01027647272686 36.15198480444446)" }, "geometry": { "type": "LineString", "coordinates": [ [ -79.010757473494266, 36.151756803589038 ], [ -79.010731784468163, 36.151818328161738 ], [ -79.010640648593807, 36.151882717086842 ], [ -79.010276472726858, 36.15198480444446 ] ] } },
{ "type": "Feature", "properties": { "FEEDER_NAME": "Schley Rd. West", "SUBSTATION_NAME": "New Sharon ", "wmType": "SECONDARY UNDERGROUND", "WKT": "LINESTRING (-79.02121101369987 36.147970325676624, -79.02120344429738 36.14794904026236, -79.02119281026287 36.14790662726589, -79.02118847987575 36.14788504028299, -79.02112916497458 36.14782493220605, -79.0210402025294 36.14777204343481, -79.02091270323415 36.14774801813255, -79.0208029995309 36.147745632382325, -79.02081486657333 36.14777448730889)" }, "geometry": { "type": "LineString", "coordinates": [ [ -79.021211013699869, 36.147970325676624 ], [ -79.021203444297385, 36.147949040262361 ], [ -79.021192810262875, 36.14790662726589 ], [ -79.021188479875747, 36.147885040282993 ], [ -79.021129164974582, 36.147824932206049 ], [ -79.021040202529406, 36.147772043434813 ], [ -79.020912703234146, 36.147748018132553 ], [ -79.0208029995309, 36.147745632382325 ], [ -79.020814866573332, 36.147774487308887 ] ] } },
{ "type": "Feature", "properties": { "FEEDER_NAME": "Schley Rd. West", "SUBSTATION_NAME": "New Sharon ", "wmType": "SECONDARY UNDERGROUND", "WKT": "LINESTRING (-79.00545858286594 36.14265858873519, -79.00540579464577 36.14264829826456, -79.00529800117974 36.14260458848529, -79.00525145490265 36.14258968794603, -79.00516241478071 36.14256273088809, -79.00512394869747 36.142585793779105, -79.00512946403036 36.14258278438026)" }, "geometry": { "type": "LineString", "coordinates": [ [ -79.005458582865941, 36.142658588735188 ], [ -79.005405794645768, 36.142648298264561 ], [ -79.005298001179739, 36.142604588485291 ], [ -79.005251454902648, 36.142589687946028 ], [ -79.005162414780713, 36.142562730888088 ], [ -79.005123948697474, 36.142585793779105 ], [ -79.005129464030361, 36.142582784380259 ] ] } },
{ "type": "Feature", "properties": { "FEEDER_NAME": "Schley Rd. West", "SUBSTATION_NAME": "New Sharon ", "wmType": "SECONDARY UNDERGROUND", "WKT": "LINESTRING (-79.0108774760339 36.142212784604304, -79.01092087704198 36.14221530144723, -79.01094446255654 36.142216771030064, -79.01097019837962 36.142220659285904, -79.011031159266 36.142231641461585, -79.0110955068022 36.142242623299836, -79.01111582887678 36.1422591029381, -79.01114631504626 36.14230579769807, -79.01115647647626 36.14231678442679)" }, "geometry": { "type": "LineString", "coordinates": [ [ -79.010877476033897, 36.142212784604304 ], [ -79.010920877041983, 36.14221530144723 ], [ -79.010944462556537, 36.142216771030064 ], [ -79.010970198379624, 36.142220659285904 ], [ -79.011031159265997, 36.142231641461585 ], [ -79.011095506802207, 36.142242623299836 ], [ -79.011115828876783, 36.142259102938098 ], [ -79.011146315046261, 36.142305797698072 ], [ -79.011156476476259, 36.142316784426789 ] ] } },
{ "type": "Feature", "properties": { "FEEDER_NAME": "Schley Rd. West", "SUBSTATION_NAME": "New Sharon ", "wmType": "SECONDARY UNDERGROUND", "WKT": "LINESTRING (-79.0511025580038 36.143113790474295, -79.05111926446392 36.1431204371914, -79.0514111833229 36.14307809554763, -79.05160182080573 36.1430341025615, -79.05173363844439 36.14303213813368, -79.05173602478415 36.14308177712519, -79.05173455958432 36.14308579086917)" }, "geometry": { "type": "LineString", "coordinates": [ [ -79.051102558003805, 36.143113790474295 ], [ -79.051119264463921, 36.143120437191399 ], [ -79.051411183322898, 36.143078095547629 ], [ -79.051601820805729, 36.143034102561501 ], [ -79.051733638444389, 36.143032138133677 ], [ -79.051736024784148, 36.14308177712519 ], [ -79.051734559584318, 36.143085790869172 ] ] } },
{ "type": "Feature", "properties": { "FEEDER_NAME": "Schley Rd. West", "SUBSTATION_NAME": "New Sharon ", "wmType": "SECONDARY UNDERGROUND", "WKT": "LINESTRING (-79.0314621331785 36.141552452875395, -79.0314712110092 36.141553015605595, -79.03133575539931 36.141575025679494, -79.03131206839232 36.141624476205195, -79.03127484345518 36.14169590550166, -79.03125455151735 36.141767330461455, -79.03125457710743 36.14183325640013, -79.03124105302574 36.14189094505351, -79.03122751827134 36.14192116456449, -79.0311293487353 36.1420338139553, -79.03113951816911 36.14205853359509, -79.03113356829073 36.14205578819473)" }, "geometry": { "type": "LineString", "coordinates": [ [ -79.031462133178493, 36.141552452875395 ], [ -79.031471211009205, 36.141553015605595 ], [ -79.031335755399311, 36.141575025679494 ], [ -79.031312068392324, 36.141624476205195 ], [ -79.031274843455179, 36.141695905501663 ], [ -79.03125455151735, 36.141767330461455 ], [ -79.031254577107433, 36.141833256400133 ], [ -79.031241053025738, 36.141890945053511 ], [ -79.031227518271336, 36.141921164564494 ], [ -79.031129348735305, 36.142033813955301 ], [ -79.031139518169113, 36.14205853359509 ], [ -79.031133568290727, 36.142055788194732 ] ] } },
{ "type": "Feature", "properties": { "FEEDER_NAME": "Schley Rd. West", "SUBSTATION_NAME": "New Sharon ", "wmType": "SECONDARY UNDERGROUND", "WKT": "LINESTRING (-79.01628460992454 36.14373078491419, -79.01628138432552 36.14377466654039, -79.01636908377981 36.14398117971031, -79.01636493723466 36.14411322037486, -79.01632323083332 36.14429266468621, -79.01622727495842 36.14454660090099, -79.01632747125208 36.14461768552504, -79.016385920511 36.14466846221958, -79.01638848720299 36.14467378987354)" }, "geometry": { "type": "LineString", "coordinates": [ [ -79.01628460992454, 36.14373078491419 ], [ -79.016281384325524, 36.143774666540388 ], [ -79.016369083779807, 36.143981179710309 ], [ -79.016364937234655, 36.144113220374862 ], [ -79.016323230833322, 36.144292664686212 ], [ -79.016227274958425, 36.144546600900988 ], [ -79.016327471252083, 36.144617685525041 ], [ -79.016385920510999, 36.144668462219578 ], [ -79.016388487202988, 36.144673789873544 ] ] } },
{ "type": "Feature", "properties": { "FEEDER_NAME": "Schley Rd. West", "SUBSTATION_NAME": "New Sharon ", "wmType": "SECONDARY UNDERGROUND", "WKT": "LINESTRING (-78.99714005719247 36.14295118723663, -78.99700652429908 36.14279377818064)" }, "geometry": { "type": "LineString", "coordinates": [ [ -78.997140057192468, 36.142951187236633 ], [ -78.997006524299081, 36.142793778180639 ] ] } },
{ "type": "Feature", "properties": { "FEEDER_NAME": "Schley Rd. West", "SUBSTATION_NAME": "New Sharon ", "wmType": "SECONDARY UNDERGROUND", "WKT": "LINESTRING (-79.04006809558821 36.144922945844584, -79.0400507815985 36.144893405098074, -79.04009217134238 36.144839644741104, -79.04011964646925 36.14483754581473, -79.04028797718478 36.144644896737674, -79.04036248153864 36.14455529296821, -79.04043452487834 36.14447515004409)" }, "geometry": { "type": "LineString", "coordinates": [ [ -79.040068095588211, 36.144922945844584 ], [ -79.040050781598495, 36.144893405098074 ], [ -79.04009217134238, 36.144839644741104 ], [ -79.04011964646925, 36.144837545814731 ], [ -79.040287977184775, 36.144644896737674 ], [ -79.040362481538637, 36.144555292968207 ], [ -79.040434524878336, 36.144475150044087 ] ] } },
{ "type": "Feature", "properties": { "FEEDER_NAME": "Schley Rd. West", "SUBSTATION_NAME": "New Sharon ", "wmType": "SECONDARY UNDERGROUND", "WKT": "LINESTRING (-79.04090253764657 36.14420379200461, -79.04092253740578 36.14381579123504)" }, "geometry": { "type": "LineString", "coordinates": [ [ -79.040902537646573, 36.14420379200461 ], [ -79.040922537405777, 36.143815791235042 ] ] } },
{ "type": "Feature", "properties": { "FEEDER_NAME": "Schley Rd. West", "SUBSTATION_NAME": "New Sharon ", "wmType": "SECONDARY UNDERGROUND", "WKT": "LINESTRING (-78.97777148908717 36.12231565814827, -78.97772807358207 36.121954172878226, -78.97772178870379 36.12180507193227, -78.97781441070137 36.121777740143145)" }, "geometry": { "type": "LineString", "coordinates": [ [ -78.977771489087175, 36.122315658148267 ], [ -78.977728073582071, 36.121954172878226 ], [ -78.977721788703789, 36.121805071932272 ], [ -78.97781441070137, 36.121777740143145 ] ] } },
{ "type": "Feature", "properties": { "FEEDER_NAME": "Schley Rd. West", "SUBSTATION_NAME": "New Sharon ", "wmType": "SECONDARY UNDERGROUND", "WKT": "LINESTRING (-78.98698566282064 36.153047547008015, -78.98731616530162 36.15299639994797)" }, "geometry": { "type": "LineString", "coordinates": [ [ -78.986985662820643, 36.153047547008015 ], [ -78.987316165301621, 36.152996399947973 ] ] } },
{ "type": "Feature", "properties": { "FEEDER_NAME": "Schley Rd. West", "SUBSTATION_NAME": "New Sharon ", "wmType": "SECONDARY UNDERGROUND", "WKT": "LINESTRING (-79.00911737590278 36.147311941717774, -79.00910688180505 36.14731993268367, -79.00909589827035 36.14738233552562, -79.00900064511242 36.147429887137946, -79.00899332357336 36.147489318388075, -79.00898966501423 36.14753389101391, -79.00890540979391 36.147649786378786, -79.0088724419048 36.147706248169285, -79.00883580976894 36.147756766693036, -79.00876620521232 36.14783403116145, -79.00872224713159 36.14789643631292, -79.00872591100797 36.14789940736152)" }, "geometry": { "type": "LineString", "coordinates": [ [ -79.009117375902775, 36.147311941717774 ], [ -79.009106881805053, 36.147319932683672 ], [ -79.009095898270346, 36.14738233552562 ], [ -79.009000645112422, 36.147429887137946 ], [ -79.008993323573364, 36.147489318388075 ], [ -79.008989665014226, 36.147533891013907 ], [ -79.008905409793911, 36.147649786378786 ], [ -79.008872441904799, 36.147706248169285 ], [ -79.008835809768939, 36.147756766693036 ], [ -79.008766205212325, 36.147834031161452 ], [ -79.008722247131587, 36.147896436312919 ], [ -79.008725911007971, 36.147899407361521 ] ] } },
{ "type": "Feature", "properties": { "FEEDER_NAME": "Schley Rd. West", "SUBSTATION_NAME": "New Sharon ", "wmType": "SECONDARY UNDERGROUND", "WKT": "LINESTRING (-78.99030634729161 36.13729838331611, -78.9905106930422 36.137418269748096, -78.99062283285244 36.1373145389186, -78.9907448502734 36.13730019356914, -78.99091643532569 36.137294772066255)" }, "geometry": { "type": "LineString", "coordinates": [ [ -78.990306347291607, 36.137298383316107 ], [ -78.990510693042197, 36.137418269748096 ], [ -78.990622832852438, 36.137314538918602 ], [ -78.990744850273401, 36.137300193569139 ], [ -78.990916435325687, 36.137294772066255 ] ] } },
{ "type": "Feature", "properties": { "FEEDER_NAME": "Schley Rd. West", "SUBSTATION_NAME": "New Sharon ", "wmType": "SECONDARY UNDERGROUND", "WKT": "LINESTRING (-78.99714005719247 36.14295118723663, -78.99715484311665 36.142940305372306, -78.99727124886651 36.142995989784744, -78.99736974596053 36.14301536001952, -78.99747421542799 36.14299599414168, -78.99754585079455 36.14296452325991, -78.99762345727993 36.14293063177997, -78.99769509183704 36.142923370233014, -78.99778463662058 36.14290642447944, -78.99783537856013 36.14287253237502, -78.99787418315613 36.14282169263448, -78.99786523001944 36.14277327363016, -78.99783239783673 36.14273453779327, -78.99783239809744 36.1427248533023)" }, "geometry": { "type": "LineString", "coordinates": [ [ -78.997140057192468, 36.142951187236633 ], [ -78.997154843116647, 36.142940305372306 ], [ -78.997271248866511, 36.142995989784744 ], [ -78.997369745960526, 36.143015360019518 ], [ -78.997474215427985, 36.142995994141678 ], [ -78.997545850794552, 36.142964523259913 ], [ -78.997623457279929, 36.142930631779969 ], [ -78.997695091837045, 36.142923370233014 ], [ -78.99778463662058, 36.142906424479442 ], [ -78.997835378560126, 36.142872532375023 ], [ -78.997874183156128, 36.142821692634477 ], [ -78.997865230019443, 36.142773273630162 ], [ -78.997832397836731, 36.142734537793267 ], [ -78.997832398097444, 36.142724853302298 ] ] } },
{ "type": "Feature", "properties": { "FEEDER_NAME": "Schley Rd. West", "SUBSTATION_NAME": "New Sharon ", "wmType": "SECONDARY UNDERGROUND", "WKT": "LINESTRING (-78.99164884541273 36.154862728129146, -78.99163041325907 36.15483602571951, -78.99160837528119 36.15479629962448, -78.99157408894752 36.154766504054365, -78.99139776086389 36.1546433454764, -78.99112836908856 36.15447846996293, -78.99103285859438 36.15441093056491, -78.99094468903294 36.154404966151205, -78.99094959152146 36.15436921446948, -78.9909495918885 36.15436594937259)" }, "geometry": { "type": "LineString", "coordinates": [ [ -78.991648845412726, 36.154862728129146 ], [ -78.991630413259074, 36.154836025719511 ], [ -78.991608375281189, 36.154796299624479 ], [ -78.991574088947516, 36.154766504054365 ], [ -78.99139776086389, 36.154643345476401 ], [ -78.991128369088557, 36.154478469962932 ], [ -78.99103285859438, 36.154410930564907 ], [ -78.990944689032943, 36.154404966151205 ], [ -78.990949591521456, 36.154369214469483 ], [ -78.990949591888494, 36.15436594937259 ] ] } },
{ "type": "Feature", "properties": { "FEEDER_NAME": "Schley Rd. West", "SUBSTATION_NAME": "New Sharon ", "wmType": "SECONDARY UNDERGROUND", "WKT": "LINESTRING (-79.02147749643918 36.1504728018976, -79.02122836417608 36.15076642879677)" }, "geometry": { "type": "LineString", "coordinates": [ [ -79.021477496439175, 36.1504728018976 ], [ -79.021228364176082, 36.150766428796771 ] ] } },
{ "type": "Feature", "properties": { "FEEDER_NAME": "Schley Rd. West", "SUBSTATION_NAME": "New Sharon ", "wmType": "SECONDARY UNDERGROUND", "WKT": "LINESTRING (-79.00314645318119 36.138862394943175, -79.0031148224768 36.13883050969625, -79.00315222088194 36.138726160105335, -79.00313174669897 36.138618995680886, -79.00296241922197 36.13852560468017, -79.00281002843286 36.13854483670135, -79.00269488588485 36.13850912935449, -79.00269646002802 36.13850277662085)" }, "geometry": { "type": "LineString", "coordinates": [ [ -79.003146453181188, 36.138862394943175 ], [ -79.003114822476803, 36.138830509696248 ], [ -79.003152220881944, 36.138726160105335 ], [ -79.003131746698969, 36.138618995680886 ], [ -79.002962419221973, 36.138525604680169 ], [ -79.002810028432862, 36.13854483670135 ], [ -79.00269488588485, 36.138509129354489 ], [ -79.002696460028019, 36.138502776620847 ] ] } },
{ "type": "Feature", "properties": { "FEEDER_NAME": "Schley Rd. West", "SUBSTATION_NAME": "New Sharon ", "wmType": "SECONDARY UNDERGROUND", "WKT": "LINESTRING (-79.00911737590278 36.147311941717774, -79.00871414679396 36.14697384728703, -79.00872847038784 36.14688779360356)" }, "geometry": { "type": "LineString", "coordinates": [ [ -79.009117375902775, 36.147311941717774 ], [ -79.008714146793963, 36.146973847287029 ], [ -79.008728470387837, 36.146887793603561 ] ] } },
{ "type": "Feature", "properties": { "FEEDER_NAME": "Schley Rd. West", "SUBSTATION_NAME": "New Sharon ", "wmType": "SECONDARY UNDERGROUND", "WKT": "LINESTRING (-79.01086447514062 36.14454378963298, -79.0108868052812 36.144541739181385, -79.01091745336899 36.14447424517263, -79.011047741901 36.144454696887756, -79.01119336174666 36.14445113105718, -79.0111954765979 36.14445378945553)" }, "geometry": { "type": "LineString", "coordinates": [ [ -79.010864475140622, 36.144543789632984 ], [ -79.010886805281203, 36.144541739181385 ], [ -79.01091745336899, 36.144474245172631 ], [ -79.011047741900995, 36.144454696887756 ], [ -79.011193361746663, 36.144451131057181 ], [ -79.011195476597905, 36.144453789455532 ] ] } },
{ "type": "Feature", "properties": { "FEEDER_NAME": "Schley Rd. West", "SUBSTATION_NAME": "New Sharon ", "wmType": "SECONDARY UNDERGROUND", "WKT": "LINESTRING (-79.04678879898184 36.14227633895266, -79.04665469999539 36.14214936519657, -79.04660410654179 36.14210405047543, -79.04645698774338 36.141945293667234, -79.04629846852572 36.14195453805541, -79.04623283429478 36.1420114369707, -79.0461356801581 36.14209127563688, -79.04613654828944 36.142095788612224)" }, "geometry": { "type": "LineString", "coordinates": [ [ -79.046788798981837, 36.142276338952662 ], [ -79.046654699995386, 36.142149365196573 ], [ -79.046604106541793, 36.142104050475432 ], [ -79.046456987743383, 36.141945293667234 ], [ -79.04629846852572, 36.141954538055408 ], [ -79.046232834294784, 36.142011436970698 ], [ -79.046135680158102, 36.142091275636879 ], [ -79.046136548289439, 36.142095788612224 ] ] } },
{ "type": "Feature", "properties": { "FEEDER_NAME": "Schley Rd. West", "SUBSTATION_NAME": "New Sharon ", "wmType": "SECONDARY UNDERGROUND", "WKT": "LINESTRING (-79.02330523664854 36.15331445230373, -79.0232988242792 36.15329757378539, -79.02330921649974 36.15267889278648, -79.02340034426274 36.1526221718967, -79.02358257607649 36.15270982327227, -79.02366741352883 36.1527836587035, -79.0237351574616 36.15273902286344, -79.02395555463737 36.15269253855447, -79.02398844859792 36.15267767199005)" }, "geometry": { "type": "LineString", "coordinates": [ [ -79.02330523664854, 36.153314452303732 ], [ -79.023298824279195, 36.153297573785387 ], [ -79.02330921649974, 36.152678892786483 ], [ -79.02340034426274, 36.152622171896702 ], [ -79.023582576076493, 36.152709823272268 ], [ -79.023667413528827, 36.152783658703498 ], [ -79.023735157461601, 36.152739022863443 ], [ -79.023955554637368, 36.152692538554469 ], [ -79.023988448597919, 36.152677671990048 ] ] } },
{ "type": "Feature", "properties": { "FEEDER_NAME": "Schley Rd. West", "SUBSTATION_NAME": "New Sharon ", "wmType": "SECONDARY UNDERGROUND", "WKT": "LINESTRING (-78.97635140642441 36.13103675827215, -78.97629340598957 36.131331758726134)" }, "geometry": { "type": "LineString", "coordinates": [ [ -78.976351406424413, 36.131036758272153 ], [ -78.976293405989566, 36.131331758726134 ] ] } },
{ "type": "Feature", "properties": { "FEEDER_NAME": "Schley Rd. West", "SUBSTATION_NAME": "New Sharon ", "wmType": "SECONDARY UNDERGROUND", "WKT": "LINESTRING (-78.97885219240007 36.124797774115805, -78.97899348514753 36.12466882950667, -78.97903502171751 36.12453039489588, -78.97905506395642 36.12426060838003, -78.9791817190027 36.12415694670229, -78.97933440747636 36.12416193833801, -78.97937419349067 36.1242191656621)" }, "geometry": { "type": "LineString", "coordinates": [ [ -78.978852192400069, 36.124797774115805 ], [ -78.978993485147527, 36.124668829506668 ], [ -78.979035021717507, 36.124530394895878 ], [ -78.979055063956423, 36.124260608380027 ], [ -78.979181719002696, 36.124156946702293 ], [ -78.979334407476358, 36.124161938338013 ], [ -78.979374193490671, 36.124219165662097 ] ] } },
{ "type": "Feature", "properties": { "FEEDER_NAME": "Schley Rd. West", "SUBSTATION_NAME": "New Sharon ", "wmType": "SECONDARY UNDERGROUND", "WKT": "LINESTRING (-79.0404259376152 36.146543455346404, -79.04043870928713 36.14654125035604, -79.04050567665888 36.14666495175467, -79.04030502505071 36.146795252820105, -79.04023010997096 36.14683434791314, -79.04018195503578 36.14686909301673, -79.04016323705376 36.14690165741403, -79.04017128907024 36.14694723740747, -79.04018201028245 36.146979792140755, -79.04018202653135 36.14701235038756, -79.04018204928038 36.14705793301378, -79.04013923153234 36.14706228822334, -79.04014253539891 36.1470607974288)" }, "geometry": { "type": "LineString", "coordinates": [ [ -79.040425937615197, 36.146543455346404 ], [ -79.04043870928713, 36.146541250356037 ], [ -79.040505676658881, 36.146664951754673 ], [ -79.040305025050714, 36.146795252820105 ], [ -79.040230109970963, 36.146834347913142 ], [ -79.040181955035777, 36.146869093016733 ], [ -79.040163237053761, 36.146901657414027 ], [ -79.040171289070244, 36.146947237407467 ], [ -79.04018201028245, 36.146979792140755 ], [ -79.040182026531355, 36.147012350387563 ], [ -79.040182049280375, 36.147057933013777 ], [ -79.040139231532336, 36.147062288223339 ], [ -79.040142535398914, 36.1470607974288 ] ] } },
{ "type": "Feature", "properties": { "FEEDER_NAME": "Schley Rd. West", "SUBSTATION_NAME": "New Sharon ", "wmType": "SECONDARY UNDERGROUND", "WKT": "LINESTRING (-79.02215649737774 36.150942803320135, -79.0220611447322 36.151076815886086)" }, "geometry": { "type": "LineString", "coordinates": [ [ -79.022156497377736, 36.150942803320135 ], [ -79.022061144732206, 36.151076815886086 ] ] } },
{ "type": "Feature", "properties": { "FEEDER_NAME": "Schley Rd. West", "SUBSTATION_NAME": "New Sharon ", "wmType": "SECONDARY UNDERGROUND", "WKT": "LINESTRING (-79.01574648749177 36.13050976128899, -79.01564768523941 36.13048768318354)" }, "geometry": { "type": "LineString", "coordinates": [ [ -79.015746487491768, 36.130509761288991 ], [ -79.015647685239415, 36.130487683183539 ] ] } },
{ "type": "Feature", "properties": { "FEEDER_NAME": "Schley Rd. West", "SUBSTATION_NAME": "New Sharon ", "wmType": "SECONDARY UNDERGROUND", "WKT": "LINESTRING (-79.02236678673897 36.13336675918746, -79.02232050059015 36.13295176751796)" }, "geometry": { "type": "LineString", "coordinates": [ [ -79.022366786738971, 36.13336675918746 ], [ -79.022320500590155, 36.132951767517959 ] ] } },
{ "type": "Feature", "properties": { "FEEDER_NAME": "Schley Rd. West", "SUBSTATION_NAME": "New Sharon ", "wmType": "SECONDARY UNDERGROUND", "WKT": "LINESTRING (-78.97847841246816 36.12298174287598, -78.9785052283652 36.123105283140134)" }, "geometry": { "type": "LineString", "coordinates": [ [ -78.978478412468164, 36.122981742875979 ], [ -78.978505228365194, 36.123105283140134 ] ] } },
{ "type": "Feature", "properties": { "FEEDER_NAME": "Schley Rd. West", "SUBSTATION_NAME": "New Sharon ", "wmType": "SECONDARY UNDERGROUND", "WKT": "LINESTRING (-79.04043452487834 36.14447515004409, -79.04043698910128 36.14447240862722, -79.04056671290247 36.14437830831978, -79.04090071753419 36.14420799769471, -79.04090253764657 36.14420379200461)" }, "geometry": { "type": "LineString", "coordinates": [ [ -79.040434524878336, 36.144475150044087 ], [ -79.040436989101281, 36.144472408627223 ], [ -79.040566712902475, 36.14437830831978 ], [ -79.040900717534186, 36.144207997694707 ], [ -79.040902537646573, 36.14420379200461 ] ] } },
{ "type": "Feature", "properties": { "FEEDER_NAME": "Schley Rd. West", "SUBSTATION_NAME": "New Sharon ", "wmType": "SECONDARY UNDERGROUND", "WKT": "LINESTRING (-79.04043452487834 36.14447515004409, -79.04049853671562 36.144542792296384)" }, "geometry": { "type": "LineString", "coordinates": [ [ -79.040434524878336, 36.144475150044087 ], [ -79.040498536715617, 36.144542792296384 ] ] } },
{ "type": "Feature", "properties": { "FEEDER_NAME": "Schley Rd. West", "SUBSTATION_NAME": "New Sharon ", "wmType": "SECONDARY UNDERGROUND", "WKT": "LINESTRING (-79.00972347197052 36.150076800082225, -79.01003753952207 36.149988418678355, -79.01004347334607 36.14993479948293)" }, "geometry": { "type": "LineString", "coordinates": [ [ -79.009723471970517, 36.150076800082225 ], [ -79.010037539522074, 36.149988418678355 ], [ -79.010043473346073, 36.149934799482928 ] ] } },
{ "type": "Feature", "properties": { "FEEDER_NAME": "Schley Rd. West", "SUBSTATION_NAME": "New Sharon ", "wmType": "SECONDARY UNDERGROUND", "WKT": "LINESTRING (-78.97658450099532 36.12992348709179, -78.97657937098462 36.129922575874524, -78.97647907693771 36.12994289634615, -78.97632585742708 36.12995416633702, -78.97623392547838 36.12995866815168, -78.97616428123756 36.129958654605865, -78.976111350948 36.1299586442844, -78.976005496631 36.129945063768574, -78.97587457044182 36.12992921885392, -78.97578262082665 36.12999247828103, -78.97577440591652 36.129994755848614)" }, "geometry": { "type": "LineString", "coordinates": [ [ -78.976584500995315, 36.129923487091787 ], [ -78.976579370984624, 36.129922575874524 ], [ -78.976479076937707, 36.129942896346151 ], [ -78.976325857427085, 36.129954166337022 ], [ -78.976233925478383, 36.12995866815168 ], [ -78.976164281237558, 36.129958654605865 ], [ -78.976111350948003, 36.1299586442844 ], [ -78.976005496631004, 36.129945063768574 ], [ -78.975874570441817, 36.129929218853917 ], [ -78.975782620826649, 36.129992478281032 ], [ -78.975774405916525, 36.129994755848614 ] ] } },
{ "type": "Feature", "properties": { "FEEDER_NAME": "Schley Rd. West", "SUBSTATION_NAME": "New Sharon ", "wmType": "SECONDARY UNDERGROUND", "WKT": "LINESTRING (-78.98635942446968 36.14788879350091, -78.98626781783987 36.147374107650506)" }, "geometry": { "type": "LineString", "coordinates": [ [ -78.986359424469683, 36.147888793500911 ], [ -78.986267817839874, 36.147374107650506 ] ] } },
{ "type": "Feature", "properties": { "FEEDER_NAME": "Schley Rd. West", "SUBSTATION_NAME": "New Sharon ", "wmType": "SECONDARY UNDERGROUND", "WKT": "LINESTRING (-79.02330523664854 36.15331445230373, -79.02380452941493 36.15346524558416, -79.02436893417038 36.15358081614854, -79.02439377885078 36.15370655126816)" }, "geometry": { "type": "LineString", "coordinates": [ [ -79.02330523664854, 36.153314452303732 ], [ -79.023804529414932, 36.153465245584158 ], [ -79.024368934170383, 36.153580816148541 ], [ -79.024393778850779, 36.153706551268158 ] ] } },
{ "type": "Feature", "properties": { "FEEDER_NAME": "Schley Rd. West", "SUBSTATION_NAME": "New Sharon ", "wmType": "SECONDARY UNDERGROUND", "WKT": "LINESTRING (-79.00393395438402 36.13976830150402, -79.00417444120943 36.13980968834613)" }, "geometry": { "type": "LineString", "coordinates": [ [ -79.003933954384024, 36.13976830150402 ], [ -79.004174441209429, 36.139809688346133 ] ] } },
{ "type": "Feature", "properties": { "FEEDER_NAME": "Schley Rd. West", "SUBSTATION_NAME": "New Sharon ", "wmType": "SECONDARY UNDERGROUND", "WKT": "LINESTRING (-78.97635140642441 36.13103675827215, -78.97633709146477 36.131015523595686, -78.9760614832214 36.130718216932166, -78.9759864058669 36.13076275778461)" }, "geometry": { "type": "LineString", "coordinates": [ [ -78.976351406424413, 36.131036758272153 ], [ -78.976337091464771, 36.131015523595686 ], [ -78.9760614832214, 36.130718216932166 ], [ -78.975986405866905, 36.130762757784609 ] ] } },
{ "type": "Feature", "properties": { "FEEDER_NAME": "Schley Rd. West", "SUBSTATION_NAME": "New Sharon ", "wmType": "SECONDARY UNDERGROUND", "WKT": "LINESTRING (-78.97797755175358 36.13031002170702, -78.97796840951 36.1307417581723)" }, "geometry": { "type": "LineString", "coordinates": [ [ -78.977977551753582, 36.130310021707018 ], [ -78.977968409509998, 36.130741758172299 ] ] } },
{ "type": "Feature", "properties": { "FEEDER_NAME": "Schley Rd. West", "SUBSTATION_NAME": "New Sharon ", "wmType": "SECONDARY UNDERGROUND", "WKT": "LINESTRING (-79.00297860016047 36.14863741128703, -79.00297913345956 36.148635482672056, -79.00303810416538 36.148604427125676, -79.00306143237626 36.14857339948358, -79.0030796551568 36.148526190633426, -79.00307965381651 36.14849115135824, -79.00304807412992 36.148438528347356, -79.00298810406768 36.148395543627075, -79.0029841948139 36.148392717509175)" }, "geometry": { "type": "LineString", "coordinates": [ [ -79.002978600160475, 36.148637411287027 ], [ -79.002979133459561, 36.148635482672056 ], [ -79.003038104165384, 36.148604427125676 ], [ -79.003061432376256, 36.148573399483581 ], [ -79.003079655156796, 36.148526190633426 ], [ -79.003079653816513, 36.148491151358243 ], [ -79.003048074129921, 36.148438528347356 ], [ -79.002988104067683, 36.148395543627075 ], [ -79.002984194813905, 36.148392717509175 ] ] } },
{ "type": "Feature", "properties": { "FEEDER_NAME": "Schley Rd. West", "SUBSTATION_NAME": "New Sharon ", "wmType": "SECONDARY UNDERGROUND", "WKT": "LINESTRING (-79.01744346373128 36.13180851673867, -79.01747076895931 36.131757984900176, -79.0174467883537 36.131724304226935, -79.017500925831 36.13168123518053, -79.01753191752326 36.13161212409418, -79.0175766453202 36.131402055294224, -79.01753474116697 36.13134497605718)" }, "geometry": { "type": "LineString", "coordinates": [ [ -79.017443463731283, 36.131808516738673 ], [ -79.017470768959313, 36.131757984900176 ], [ -79.017446788353695, 36.131724304226935 ], [ -79.017500925831001, 36.13168123518053 ], [ -79.017531917523257, 36.131612124094183 ], [ -79.017576645320204, 36.131402055294224 ], [ -79.017534741166969, 36.131344976057179 ] ] } },
{ "type": "Feature", "properties": { "FEEDER_NAME": "Schley Rd. West", "SUBSTATION_NAME": "New Sharon ", "wmType": "SECONDARY UNDERGROUND", "WKT": "LINESTRING (-79.01753474116697 36.13134497605718, -79.01741292629914 36.13117388549737, -79.01731028604547 36.131159218239155, -79.01722139971447 36.13120338348701)" }, "geometry": { "type": "LineString", "coordinates": [ [ -79.017534741166969, 36.131344976057179 ], [ -79.017412926299144, 36.131173885497368 ], [ -79.017310286045472, 36.131159218239155 ], [ -79.017221399714472, 36.131203383487012 ] ] } },
{ "type": "Feature", "properties": { "FEEDER_NAME": "Schley Rd. West", "SUBSTATION_NAME": "New Sharon ", "wmType": "SECONDARY UNDERGROUND", "WKT": "LINESTRING (-79.0029560044216 36.147343555660576, -79.0026659346639 36.14711465875526)" }, "geometry": { "type": "LineString", "coordinates": [ [ -79.002956004421605, 36.147343555660576 ], [ -79.002665934663895, 36.147114658755257 ] ] } },
{ "type": "Feature", "properties": { "FEEDER_NAME": "Schley Rd. West", "SUBSTATION_NAME": "New Sharon ", "wmType": "SECONDARY UNDERGROUND", "WKT": "LINESTRING (-79.0029560044216 36.147343555660576, -79.00303345896792 36.14732479404505)" }, "geometry": { "type": "LineString", "coordinates": [ [ -79.002956004421605, 36.147343555660576 ], [ -79.00303345896792, 36.147324794045048 ] ] } },
{ "type": "Feature", "properties": { "FEEDER_NAME": "Schley Rd. West", "SUBSTATION_NAME": "New Sharon ", "wmType": "SECONDARY UNDERGROUND", "WKT": "LINESTRING (-78.99183743808828 36.13683877164502, -78.99216343842463 36.13694277217386, -78.99231243795431 36.13701577237305)" }, "geometry": { "type": "LineString", "coordinates": [ [ -78.991837438088282, 36.136838771645017 ], [ -78.992163438424626, 36.13694277217386 ], [ -78.992312437954311, 36.137015772373047 ] ] } },
{ "type": "Feature", "properties": { "FEEDER_NAME": "Schley Rd. West", "SUBSTATION_NAME": "New Sharon ", "wmType": "SECONDARY UNDERGROUND", "WKT": "LINESTRING (-79.01520307530416 36.14682156738164, -79.0146404827765 36.14660479333048)" }, "geometry": { "type": "LineString", "coordinates": [ [ -79.015203075304157, 36.146821567381643 ], [ -79.0146404827765, 36.146604793330482 ] ] } },
{ "type": "Feature", "properties": { "FEEDER_NAME": "Schley Rd. West", "SUBSTATION_NAME": "New Sharon ", "wmType": "SECONDARY UNDERGROUND", "WKT": "LINESTRING (-78.99351143640392 36.161112820280664, -78.99336178348165 36.161131607911514, -78.99329378433222 36.16116471379203, -78.99328349346956 36.16120056069265, -78.99333443647376 36.16126282092498)" }, "geometry": { "type": "LineString", "coordinates": [ [ -78.993511436403921, 36.161112820280664 ], [ -78.993361783481646, 36.161131607911514 ], [ -78.993293784332224, 36.161164713792033 ], [ -78.993283493469562, 36.161200560692649 ], [ -78.993334436473759, 36.161262820924982 ] ] } },
{ "type": "Feature", "properties": { "FEEDER_NAME": "Schley Rd. West", "SUBSTATION_NAME": "New Sharon ", "wmType": "SECONDARY UNDERGROUND", "WKT": "LINESTRING (-78.99638858050194 36.14284584831269, -78.99586744507846 36.14327878510549)" }, "geometry": { "type": "LineString", "coordinates": [ [ -78.996388580501943, 36.142845848312689 ], [ -78.99586744507846, 36.143278785105487 ] ] } },
{ "type": "Feature", "properties": { "FEEDER_NAME": "Schley Rd. West", "SUBSTATION_NAME": "New Sharon ", "wmType": "SECONDARY UNDERGROUND", "WKT": "LINESTRING (-78.97861580932485 36.12696474084022, -78.97862659649941 36.126912858331984, -78.97898341221693 36.126791750504566)" }, "geometry": { "type": "LineString", "coordinates": [ [ -78.97861580932485, 36.126964740840222 ], [ -78.97862659649941, 36.126912858331984 ], [ -78.978983412216934, 36.126791750504566 ] ] } },
{ "type": "Feature", "properties": { "FEEDER_NAME": "Schley Rd. West", "SUBSTATION_NAME": "New Sharon ", "wmType": "SECONDARY UNDERGROUND", "WKT": "LINESTRING (-78.97861580932485 36.12696474084022, -78.9784643293269 36.12698638241335, -78.97846428382282 36.12715654799177, -78.97862093586018 36.12717898530652, -78.97861441181625 36.12737475171819)" }, "geometry": { "type": "LineString", "coordinates": [ [ -78.97861580932485, 36.126964740840222 ], [ -78.978464329326897, 36.126986382413349 ], [ -78.978464283822817, 36.127156547991767 ], [ -78.978620935860178, 36.127178985306521 ], [ -78.978614411816253, 36.127374751718193 ] ] } },
{ "type": "Feature", "properties": { "FEEDER_NAME": "Schley Rd. West", "SUBSTATION_NAME": "New Sharon ", "wmType": "SECONDARY UNDERGROUND", "WKT": "LINESTRING (-78.9795570959798 36.13288554393136, -78.97946958146736 36.13288550224388, -78.97936436008408 36.132873290109394, -78.97925913605121 36.13286717555283, -78.97921028189937 36.13286411842843, -78.97916142333989 36.13288240132249, -78.97912382908974 36.13293422059362, -78.97911629281107 36.133013480888884, -78.97912441180135 36.13301776307896)" }, "geometry": { "type": "LineString", "coordinates": [ [ -78.9795570959798, 36.132885543931359 ], [ -78.979469581467356, 36.13288550224388 ], [ -78.979364360084077, 36.132873290109394 ], [ -78.979259136051212, 36.132867175552832 ], [ -78.97921028189937, 36.132864118428429 ], [ -78.979161423339889, 36.13288240132249 ], [ -78.979123829089744, 36.132934220593619 ], [ -78.979116292811071, 36.133013480888884 ], [ -78.979124411801351, 36.133017763078961 ] ] } },
{ "type": "Feature", "properties": { "FEEDER_NAME": "Schley Rd. West", "SUBSTATION_NAME": "New Sharon ", "wmType": "SECONDARY UNDERGROUND", "WKT": "LINESTRING (-78.98232094434782 36.1345346560512, -78.98231994534294 36.134545785090715, -78.9820298988606 36.134975734487774, -78.98193121993972 36.13503475265537, -78.98181660974583 36.135115566213926, -78.98182141745681 36.13511376718941)" }, "geometry": { "type": "LineString", "coordinates": [ [ -78.982320944347819, 36.134534656051201 ], [ -78.982319945342937, 36.134545785090715 ], [ -78.982029898860603, 36.134975734487774 ], [ -78.981931219939725, 36.135034752655372 ], [ -78.981816609745835, 36.135115566213926 ], [ -78.981821417456814, 36.135113767189409 ] ] } },
{ "type": "Feature", "properties": { "FEEDER_NAME": "Schley Rd. West", "SUBSTATION_NAME": "New Sharon ", "wmType": "SECONDARY UNDERGROUND", "WKT": "LINESTRING (-79.02236678673897 36.13336675918746, -79.02233375007482 36.13330840208806, -79.02229215287812 36.133268270147546, -79.02221687603661 36.13298084898469, -79.02204962784515 36.13280163606801, -79.02200432566973 36.132752277074545, -79.02200421207992 36.13271469342636)" }, "geometry": { "type": "LineString", "coordinates": [ [ -79.022366786738971, 36.13336675918746 ], [ -79.022333750074822, 36.133308402088062 ], [ -79.022292152878123, 36.133268270147546 ], [ -79.022216876036609, 36.132980848984687 ], [ -79.022049627845149, 36.13280163606801 ], [ -79.022004325669727, 36.132752277074545 ], [ -79.022004212079921, 36.132714693426358 ] ] } },
{ "type": "Feature", "properties": { "FEEDER_NAME": "Schley Rd. West", "SUBSTATION_NAME": "New Sharon ", "wmType": "SECONDARY UNDERGROUND", "WKT": "LINESTRING (-79.0047308205536 36.14766686626016, -79.00469745500033 36.147928329293094)" }, "geometry": { "type": "LineString", "coordinates": [ [ -79.004730820553604, 36.14766686626016 ], [ -79.004697455000326, 36.147928329293094 ] ] } },
{ "type": "Feature", "properties": { "FEEDER_NAME": "Schley Rd. West", "SUBSTATION_NAME": "New Sharon ", "wmType": "SECONDARY UNDERGROUND", "WKT": "LINESTRING (-79.00572644765778 36.14752431349524, -79.005456382899 36.147299049679454)" }, "geometry": { "type": "LineString", "coordinates": [ [ -79.005726447657779, 36.147524313495239 ], [ -79.005456382898998, 36.147299049679454 ] ] } },
{ "type": "Feature", "properties": { "FEEDER_NAME": "Schley Rd. West", "SUBSTATION_NAME": "New Sharon ", "wmType": "SECONDARY UNDERGROUND", "WKT": "LINESTRING (-79.03630772572981 36.14244317348547, -79.03645016243406 36.142207479649194, -79.03650501909343 36.14208126477018, -79.03645252908457 36.1420577874503)" }, "geometry": { "type": "LineString", "coordinates": [ [ -79.036307725729813, 36.142443173485468 ], [ -79.036450162434065, 36.142207479649194 ], [ -79.036505019093426, 36.142081264770177 ], [ -79.036452529084571, 36.142057787450298 ] ] } },
{ "type": "Feature", "properties": { "FEEDER_NAME": "Schley Rd. West", "SUBSTATION_NAME": "New Sharon ", "wmType": "SECONDARY UNDERGROUND", "WKT": "LINESTRING (-79.00228973403293 36.140026098350134, -79.00265891322042 36.140756108131754)" }, "geometry": { "type": "LineString", "coordinates": [ [ -79.002289734032928, 36.140026098350134 ], [ -79.002658913220415, 36.140756108131754 ] ] } },
{ "type": "Feature", "properties": { "FEEDER_NAME": "Schley Rd. West", "SUBSTATION_NAME": "New Sharon ", "wmType": "SECONDARY UNDERGROUND", "WKT": "LINESTRING (-79.00358052024693 36.13877786392061, -79.0036685299125 36.138750783264456, -79.0037413635181 36.13869662315684, -79.00372920638735 36.138312598413115, -79.00372246230063 36.138311775804596)" }, "geometry": { "type": "LineString", "coordinates": [ [ -79.003580520246928, 36.138777863920609 ], [ -79.003668529912503, 36.138750783264456 ], [ -79.003741363518103, 36.138696623156839 ], [ -79.003729206387348, 36.138312598413115 ], [ -79.00372246230063, 36.138311775804596 ] ] } },
{ "type": "Feature", "properties": { "FEEDER_NAME": "Schley Rd. West", "SUBSTATION_NAME": "New Sharon ", "wmType": "SECONDARY UNDERGROUND", "WKT": "LINESTRING (-79.02447891817152 36.15111620436133, -79.0244829434722 36.151139616218494, -79.02448640439324 36.151163421117815, -79.02453303062634 36.15118301681028, -79.02462631021822 36.151205313060636, -79.02469362247781 36.15121939359903, -79.02473680242312 36.151262795499186, -79.0247523618425 36.15132440751158, -79.02473857057463 36.15139722935831, -79.02473850265913 36.151396803998665)" }, "geometry": { "type": "LineString", "coordinates": [ [ -79.024478918171525, 36.15111620436133 ], [ -79.024482943472194, 36.151139616218494 ], [ -79.024486404393244, 36.151163421117815 ], [ -79.024533030626344, 36.151183016810279 ], [ -79.024626310218224, 36.151205313060636 ], [ -79.024693622477812, 36.151219393599028 ], [ -79.024736802423121, 36.151262795499186 ], [ -79.024752361842502, 36.151324407511581 ], [ -79.024738570574627, 36.151397229358309 ], [ -79.024738502659133, 36.151396803998665 ] ] } },
{ "type": "Feature", "properties": { "FEEDER_NAME": "Schley Rd. West", "SUBSTATION_NAME": "New Sharon ", "wmType": "SECONDARY UNDERGROUND", "WKT": "LINESTRING (-78.98083168405576 36.147266027735064, -78.98082626368274 36.147275730283404, -78.98052339977332 36.14742348285579, -78.98049121549133 36.14752563420877, -78.98050460039045 36.147586495479665, -78.98072698612559 36.147782149604026, -78.98079665837932 36.14780389518671, -78.98088241051529 36.14782564414337, -78.98099496464103 36.147836529437996, -78.98105392370944 36.14783653857855, -78.98105393598482 36.14778437348202, -78.9810584130123 36.14776979249627)" }, "geometry": { "type": "LineString", "coordinates": [ [ -78.980831684055758, 36.147266027735064 ], [ -78.980826263682744, 36.147275730283404 ], [ -78.980523399773318, 36.147423482855793 ], [ -78.980491215491327, 36.147525634208769 ], [ -78.980504600390447, 36.147586495479665 ], [ -78.980726986125589, 36.147782149604026 ], [ -78.980796658379319, 36.147803895186712 ], [ -78.980882410515292, 36.147825644143367 ], [ -78.980994964641027, 36.147836529437996 ], [ -78.981053923709439, 36.147836538578552 ], [ -78.981053935984818, 36.147784373482018 ], [ -78.981058413012306, 36.14776979249627 ] ] } },
{ "type": "Feature", "properties": { "FEEDER_NAME": "Schley Rd. West", "SUBSTATION_NAME": "New Sharon ", "wmType": "SECONDARY UNDERGROUND", "WKT": "LINESTRING (-79.0175485229133 36.132743761436636, -79.0175434438892 36.13274016088108, -79.0176077571003 36.132624780783964, -79.01777366462237 36.13253960211356, -79.01805469667136 36.13242968305286, -79.01823078186935 36.132432403872535, -79.01822402621269 36.132506572768605, -79.01822749310735 36.13249976622168)" }, "geometry": { "type": "LineString", "coordinates": [ [ -79.017548522913302, 36.132743761436636 ], [ -79.017543443889195, 36.132740160881077 ], [ -79.017607757100293, 36.132624780783964 ], [ -79.017773664622368, 36.13253960211356 ], [ -79.018054696671356, 36.132429683052862 ], [ -79.018230781869349, 36.132432403872535 ], [ -79.018224026212692, 36.132506572768605 ], [ -79.018227493107347, 36.132499766221677 ] ] } },
{ "type": "Feature", "properties": { "FEEDER_NAME": "Schley Rd. West", "SUBSTATION_NAME": "New Sharon ", "wmType": "SECONDARY UNDERGROUND", "WKT": "LINESTRING (-78.98633305445239 36.157600327565454, -78.9864769107745 36.15700312178034)" }, "geometry": { "type": "LineString", "coordinates": [ [ -78.986333054452388, 36.157600327565454 ], [ -78.986476910774499, 36.157003121780342 ] ] } },
{ "type": "Feature", "properties": { "FEEDER_NAME": "Schley Rd. West", "SUBSTATION_NAME": "New Sharon ", "wmType": "SECONDARY UNDERGROUND", "WKT": "LINESTRING (-78.98633305445239 36.157600327565454, -78.98591330587688 36.15755834116597)" }, "geometry": { "type": "LineString", "coordinates": [ [ -78.986333054452388, 36.157600327565454 ], [ -78.985913305876878, 36.157558341165966 ] ] } },
{ "type": "Feature", "properties": { "FEEDER_NAME": "Schley Rd. West", "SUBSTATION_NAME": "New Sharon ", "wmType": "SECONDARY UNDERGROUND", "WKT": "LINESTRING (-78.99012700238873 36.15496751157479, -78.99006578593261 36.15466714931272)" }, "geometry": { "type": "LineString", "coordinates": [ [ -78.990127002388732, 36.154967511574789 ], [ -78.990065785932615, 36.154667149312722 ] ] } },
{ "type": "Feature", "properties": { "FEEDER_NAME": "Schley Rd. West", "SUBSTATION_NAME": "New Sharon ", "wmType": "SECONDARY UNDERGROUND", "WKT": "LINESTRING (-78.99645901886973 36.15336423710222, -78.99741807789106 36.153834869580095)" }, "geometry": { "type": "LineString", "coordinates": [ [ -78.996459018869729, 36.153364237102217 ], [ -78.997418077891055, 36.153834869580095 ] ] } },
{ "type": "Feature", "properties": { "FEEDER_NAME": "Schley Rd. West", "SUBSTATION_NAME": "New Sharon ", "wmType": "SECONDARY UNDERGROUND", "WKT": "LINESTRING (-78.9951492181971 36.15307685632589, -78.99499761816277 36.15271951159207)" }, "geometry": { "type": "LineString", "coordinates": [ [ -78.995149218197099, 36.153076856325889 ], [ -78.99499761816277, 36.152719511592068 ] ] } },
{ "type": "Feature", "properties": { "FEEDER_NAME": "Schley Rd. West", "SUBSTATION_NAME": "New Sharon ", "wmType": "SECONDARY UNDERGROUND", "WKT": "LINESTRING (-78.9951492181971 36.15307685632589, -78.99539781585494 36.15264927673968)" }, "geometry": { "type": "LineString", "coordinates": [ [ -78.995149218197099, 36.153076856325889 ], [ -78.995397815854943, 36.15264927673968 ] ] } },
{ "type": "Feature", "properties": { "FEEDER_NAME": "Schley Rd. West", "SUBSTATION_NAME": "New Sharon ", "wmType": "SECONDARY UNDERGROUND", "WKT": "LINESTRING (-79.00317662712185 36.14547948240134, -79.0028159471723 36.14512650428115)" }, "geometry": { "type": "LineString", "coordinates": [ [ -79.003176627121846, 36.145479482401342 ], [ -79.002815947172294, 36.145126504281151 ] ] } },
{ "type": "Feature", "properties": { "FEEDER_NAME": "Schley Rd. West", "SUBSTATION_NAME": "New Sharon ", "wmType": "SECONDARY UNDERGROUND", "WKT": "LINESTRING (-79.00317662712185 36.14547948240134, -79.00287017030617 36.1458607029825)" }, "geometry": { "type": "LineString", "coordinates": [ [ -79.003176627121846, 36.145479482401342 ], [ -79.002870170306167, 36.145860702982503 ] ] } },
{ "type": "Feature", "properties": { "FEEDER_NAME": "Schley Rd. West", "SUBSTATION_NAME": "New Sharon ", "wmType": "SECONDARY UNDERGROUND", "WKT": "LINESTRING (-79.00400062285455 36.144488135405524, -79.00358220548588 36.14476665250192)" }, "geometry": { "type": "LineString", "coordinates": [ [ -79.004000622854548, 36.144488135405524 ], [ -79.003582205485884, 36.144766652501922 ] ] } },
{ "type": "Feature", "properties": { "FEEDER_NAME": "Schley Rd. West", "SUBSTATION_NAME": "New Sharon ", "wmType": "SECONDARY UNDERGROUND", "WKT": "LINESTRING (-79.00393395438402 36.13976830150402, -79.00394124189258 36.13981424633473, -79.00394646972458 36.1399102999272, -79.00394473034187 36.13994420024949, -79.00392731655774 36.13996680158748, -79.00392383556 36.14001200415565, -79.00394299448543 36.1400501413376, -79.00397782437943 36.14007415409922, -79.00401787987039 36.140102403311, -79.00407361015785 36.14017020379725, -79.00413108093757 36.140225291599265, -79.00417113721602 36.140266254258165, -79.00416696094501 36.14029259162994)" }, "geometry": { "type": "LineString", "coordinates": [ [ -79.003933954384024, 36.13976830150402 ], [ -79.003941241892576, 36.13981424633473 ], [ -79.003946469724582, 36.139910299927202 ], [ -79.003944730341871, 36.139944200249488 ], [ -79.003927316557736, 36.139966801587477 ], [ -79.003923835560002, 36.140012004155651 ], [ -79.003942994485428, 36.140050141337603 ], [ -79.003977824379433, 36.140074154099217 ], [ -79.004017879870389, 36.140102403310998 ], [ -79.004073610157846, 36.140170203797247 ], [ -79.004131080937569, 36.140225291599265 ], [ -79.004171137216019, 36.140266254258165 ], [ -79.004166960945014, 36.140292591629937 ] ] } },
{ "type": "Feature", "properties": { "FEEDER_NAME": "Schley Rd. West", "SUBSTATION_NAME": "New Sharon ", "wmType": "SECONDARY UNDERGROUND", "WKT": "LINESTRING (-79.00314645318119 36.138862394943175, -79.00241693648691 36.13878572673514)" }, "geometry": { "type": "LineString", "coordinates": [ [ -79.003146453181188, 36.138862394943175 ], [ -79.00241693648691, 36.138785726735136 ] ] } },
{ "type": "Feature", "properties": { "FEEDER_NAME": "Schley Rd. West", "SUBSTATION_NAME": "New Sharon ", "wmType": "SECONDARY UNDERGROUND", "WKT": "LINESTRING (-79.00496378555299 36.13869925450165, -79.0053624865197 36.1381020578134)" }, "geometry": { "type": "LineString", "coordinates": [ [ -79.004963785552988, 36.138699254501653 ], [ -79.005362486519701, 36.138102057813398 ] ] } },
{ "type": "Feature", "properties": { "FEEDER_NAME": "Schley Rd. West", "SUBSTATION_NAME": "New Sharon ", "wmType": "SECONDARY UNDERGROUND", "WKT": "LINESTRING (-79.00624678232997 36.139219340101484, -79.00619037308493 36.13984471358656)" }, "geometry": { "type": "LineString", "coordinates": [ [ -79.006246782329967, 36.139219340101484 ], [ -79.006190373084934, 36.139844713586562 ] ] } },
{ "type": "Feature", "properties": { "FEEDER_NAME": "Schley Rd. West", "SUBSTATION_NAME": "New Sharon ", "wmType": "SECONDARY UNDERGROUND", "WKT": "LINESTRING (-79.00624678232997 36.139219340101484, -79.00632367286178 36.13907447230606, -79.00637721186256 36.138926783052, -79.00639326659645 36.13880081602669, -79.00647894240062 36.13873565513301, -79.00662887505335 36.13863574238091, -79.00671456135768 36.13870089319936, -79.00669314248346 36.13871392510983)" }, "geometry": { "type": "LineString", "coordinates": [ [ -79.006246782329967, 36.139219340101484 ], [ -79.006323672861782, 36.139074472306064 ], [ -79.006377211862556, 36.138926783052 ], [ -79.006393266596447, 36.138800816026688 ], [ -79.006478942400619, 36.138735655133011 ], [ -79.006628875053352, 36.138635742380913 ], [ -79.006714561357683, 36.138700893199363 ], [ -79.006693142483456, 36.138713925109833 ] ] } },
{ "type": "Feature", "properties": { "FEEDER_NAME": "Schley Rd. West", "SUBSTATION_NAME": "New Sharon ", "wmType": "SECONDARY UNDERGROUND", "WKT": "LINESTRING (-79.00545858286594 36.14265858873519, -79.00476046315445 36.142344783925076)" }, "geometry": { "type": "LineString", "coordinates": [ [ -79.005458582865941, 36.142658588735188 ], [ -79.004760463154454, 36.142344783925076 ] ] } },
{ "type": "Feature", "properties": { "FEEDER_NAME": "Schley Rd. West", "SUBSTATION_NAME": "New Sharon ", "wmType": "SECONDARY UNDERGROUND", "WKT": "LINESTRING (-79.00535986145589 36.140894509967964, -79.00540699920832 36.14097899987266)" }, "geometry": { "type": "LineString", "coordinates": [ [ -79.005359861455887, 36.140894509967964 ], [ -79.005406999208319, 36.140978999872658 ] ] } },
{ "type": "Feature", "properties": { "FEEDER_NAME": "Schley Rd. West", "SUBSTATION_NAME": "New Sharon ", "wmType": "SECONDARY UNDERGROUND", "WKT": "LINESTRING (-79.00535986145589 36.140894509967964, -79.00502446441803 36.14035378014925)" }, "geometry": { "type": "LineString", "coordinates": [ [ -79.005359861455887, 36.140894509967964 ], [ -79.005024464418028, 36.140353780149248 ] ] } },
{ "type": "Feature", "properties": { "FEEDER_NAME": "Schley Rd. West", "SUBSTATION_NAME": "New Sharon ", "wmType": "SECONDARY UNDERGROUND", "WKT": "LINESTRING (-79.00831399197303 36.14013295269024, -79.00824889967919 36.14013102578202, -79.0081319626085 36.140305262713426)" }, "geometry": { "type": "LineString", "coordinates": [ [ -79.008313991973026, 36.140132952690237 ], [ -79.008248899679188, 36.140131025782019 ], [ -79.008131962608502, 36.140305262713426 ] ] } },
{ "type": "Feature", "properties": { "FEEDER_NAME": "Schley Rd. West", "SUBSTATION_NAME": "New Sharon ", "wmType": "SECONDARY UNDERGROUND", "WKT": "LINESTRING (-79.00831399197303 36.14013295269024, -79.00826177733836 36.14011274277963, -79.00861019167675 36.13995994587272)" }, "geometry": { "type": "LineString", "coordinates": [ [ -79.008313991973026, 36.140132952690237 ], [ -79.008261777338362, 36.140112742779628 ], [ -79.008610191676752, 36.139959945872718 ] ] } },
{ "type": "Feature", "properties": { "FEEDER_NAME": "Schley Rd. West", "SUBSTATION_NAME": "New Sharon ", "wmType": "SECONDARY UNDERGROUND", "WKT": "LINESTRING (-79.00975327946603 36.14211856774669, -79.0102405891685 36.142290990508364)" }, "geometry": { "type": "LineString", "coordinates": [ [ -79.009753279466025, 36.142118567746692 ], [ -79.010240589168504, 36.142290990508364 ] ] } },
{ "type": "Feature", "properties": { "FEEDER_NAME": "Schley Rd. West", "SUBSTATION_NAME": "New Sharon ", "wmType": "SECONDARY UNDERGROUND", "WKT": "LINESTRING (-79.01031181573904 36.14115017783723, -79.01038848178334 36.14065118084299)" }, "geometry": { "type": "LineString", "coordinates": [ [ -79.010311815739044, 36.141150177837233 ], [ -79.010388481783338, 36.140651180842987 ] ] } },
{ "type": "Feature", "properties": { "FEEDER_NAME": "Schley Rd. West", "SUBSTATION_NAME": "New Sharon ", "wmType": "SECONDARY UNDERGROUND", "WKT": "LINESTRING (-79.01031181573904 36.14115017783723, -79.01031787199595 36.1408446100441)" }, "geometry": { "type": "LineString", "coordinates": [ [ -79.010311815739044, 36.141150177837233 ], [ -79.010317871995952, 36.140844610044098 ] ] } },
{ "type": "Feature", "properties": { "FEEDER_NAME": "Schley Rd. West", "SUBSTATION_NAME": "New Sharon ", "wmType": "SECONDARY UNDERGROUND", "WKT": "LINESTRING (-79.00936096178755 36.13853521216952, -79.00924071770469 36.13838296380915)" }, "geometry": { "type": "LineString", "coordinates": [ [ -79.00936096178755, 36.138535212169522 ], [ -79.009240717704685, 36.13838296380915 ] ] } },
{ "type": "Feature", "properties": { "FEEDER_NAME": "Schley Rd. West", "SUBSTATION_NAME": "New Sharon ", "wmType": "SECONDARY UNDERGROUND", "WKT": "LINESTRING (-79.0104203546073 36.13826776794349, -79.01001781751894 36.13822454840345)" }, "geometry": { "type": "LineString", "coordinates": [ [ -79.010420354607305, 36.138267767943489 ], [ -79.010017817518943, 36.13822454840345 ] ] } },
{ "type": "Feature", "properties": { "FEEDER_NAME": "Schley Rd. West", "SUBSTATION_NAME": "New Sharon ", "wmType": "SECONDARY UNDERGROUND", "WKT": "LINESTRING (-79.01327071313393 36.137018080875905, -79.01311662034546 36.136677888534045)" }, "geometry": { "type": "LineString", "coordinates": [ [ -79.013270713133934, 36.137018080875905 ], [ -79.013116620345457, 36.136677888534045 ] ] } },
{ "type": "Feature", "properties": { "FEEDER_NAME": "Schley Rd. West", "SUBSTATION_NAME": "New Sharon ", "wmType": "SECONDARY UNDERGROUND", "WKT": "LINESTRING (-79.01223074012613 36.13789091475382, -79.01166424817995 36.137604537046315)" }, "geometry": { "type": "LineString", "coordinates": [ [ -79.012230740126128, 36.137890914753818 ], [ -79.011664248179954, 36.137604537046315 ] ] } },
{ "type": "Feature", "properties": { "FEEDER_NAME": "Schley Rd. West", "SUBSTATION_NAME": "New Sharon ", "wmType": "SECONDARY UNDERGROUND", "WKT": "LINESTRING (-79.01223074012613 36.13789091475382, -79.01213383836149 36.137683271555176)" }, "geometry": { "type": "LineString", "coordinates": [ [ -79.012230740126128, 36.137890914753818 ], [ -79.012133838361493, 36.137683271555176 ] ] } },
{ "type": "Feature", "properties": { "FEEDER_NAME": "Schley Rd. West", "SUBSTATION_NAME": "New Sharon ", "wmType": "SECONDARY UNDERGROUND", "WKT": "LINESTRING (-79.01223074012613 36.13789091475382, -79.01218903621549 36.13764930178345)" }, "geometry": { "type": "LineString", "coordinates": [ [ -79.012230740126128, 36.137890914753818 ], [ -79.012189036215489, 36.137649301783448 ] ] } },
{ "type": "Feature", "properties": { "FEEDER_NAME": "Schley Rd. West", "SUBSTATION_NAME": "New Sharon ", "wmType": "SECONDARY UNDERGROUND", "WKT": "LINESTRING (-79.0117432226729 36.139683128162524, -79.01149966642424 36.1397472739528)" }, "geometry": { "type": "LineString", "coordinates": [ [ -79.011743222672905, 36.139683128162524 ], [ -79.011499666424243, 36.1397472739528 ] ] } },
{ "type": "Feature", "properties": { "FEEDER_NAME": "Schley Rd. West", "SUBSTATION_NAME": "New Sharon ", "wmType": "SECONDARY UNDERGROUND", "WKT": "LINESTRING (-79.0117432226729 36.139683128162524, -79.01138028557716 36.139706768990926)" }, "geometry": { "type": "LineString", "coordinates": [ [ -79.011743222672905, 36.139683128162524 ], [ -79.011380285577161, 36.139706768990926 ] ] } },
{ "type": "Feature", "properties": { "FEEDER_NAME": "Schley Rd. West", "SUBSTATION_NAME": "New Sharon ", "wmType": "SECONDARY UNDERGROUND", "WKT": "LINESTRING (-79.0117432226729 36.139683128162524, -79.0119999238857 36.14015069460589)" }, "geometry": { "type": "LineString", "coordinates": [ [ -79.011743222672905, 36.139683128162524 ], [ -79.011999923885696, 36.140150694605893 ] ] } },
{ "type": "Feature", "properties": { "FEEDER_NAME": "Schley Rd. West", "SUBSTATION_NAME": "New Sharon ", "wmType": "SECONDARY UNDERGROUND", "WKT": "LINESTRING (-79.01085162932087 36.13957229919099, -79.01067651863903 36.13966115860858)" }, "geometry": { "type": "LineString", "coordinates": [ [ -79.010851629320868, 36.139572299190988 ], [ -79.010676518639031, 36.139661158608583 ] ] } },
{ "type": "Feature", "properties": { "FEEDER_NAME": "Schley Rd. West", "SUBSTATION_NAME": "New Sharon ", "wmType": "SECONDARY UNDERGROUND", "WKT": "LINESTRING (-79.00911737590278 36.147311941717774, -79.00887476462303 36.14738694345681)" }, "geometry": { "type": "LineString", "coordinates": [ [ -79.009117375902775, 36.147311941717774 ], [ -79.00887476462303, 36.147386943456809 ] ] } },
{ "type": "Feature", "properties": { "FEEDER_NAME": "Schley Rd. West", "SUBSTATION_NAME": "New Sharon ", "wmType": "SECONDARY UNDERGROUND", "WKT": "LINESTRING (-79.00911737590278 36.147311941717774, -79.0091669598424 36.148260324789)" }, "geometry": { "type": "LineString", "coordinates": [ [ -79.009117375902775, 36.147311941717774 ], [ -79.009166959842403, 36.148260324789 ] ] } },
{ "type": "Feature", "properties": { "FEEDER_NAME": "Schley Rd. West", "SUBSTATION_NAME": "New Sharon ", "wmType": "SECONDARY UNDERGROUND", "WKT": "LINESTRING (-79.0091669598424 36.148260324789, -79.00935711339946 36.14825172000863)" }, "geometry": { "type": "LineString", "coordinates": [ [ -79.009166959842403, 36.148260324789 ], [ -79.00935711339946, 36.148251720008631 ] ] } },
{ "type": "Feature", "properties": { "FEEDER_NAME": "Schley Rd. West", "SUBSTATION_NAME": "New Sharon ", "wmType": "SECONDARY UNDERGROUND", "WKT": "LINESTRING (-79.00800031319244 36.1457568216921, -79.0080304252817 36.1462577602449)" }, "geometry": { "type": "LineString", "coordinates": [ [ -79.00800031319244, 36.145756821692103 ], [ -79.008030425281703, 36.1462577602449 ] ] } },
{ "type": "Feature", "properties": { "FEEDER_NAME": "Schley Rd. West", "SUBSTATION_NAME": "New Sharon ", "wmType": "SECONDARY UNDERGROUND", "WKT": "LINESTRING (-79.00800031319244 36.1457568216921, -79.00832985863043 36.145551439375744)" }, "geometry": { "type": "LineString", "coordinates": [ [ -79.00800031319244, 36.145756821692103 ], [ -79.008329858630432, 36.145551439375744 ] ] } },
{ "type": "Feature", "properties": { "FEEDER_NAME": "Schley Rd. West", "SUBSTATION_NAME": "New Sharon ", "wmType": "SECONDARY UNDERGROUND", "WKT": "LINESTRING (-79.00769122100314 36.14377269871614, -79.00749475109255 36.14298122433918)" }, "geometry": { "type": "LineString", "coordinates": [ [ -79.007691221003142, 36.143772698716141 ], [ -79.007494751092551, 36.142981224339181 ] ] } },
{ "type": "Feature", "properties": { "FEEDER_NAME": "Schley Rd. West", "SUBSTATION_NAME": "New Sharon ", "wmType": "SECONDARY UNDERGROUND", "WKT": "LINESTRING (-79.00769122100314 36.14377269871614, -79.00772769339933 36.14483613138034)" }, "geometry": { "type": "LineString", "coordinates": [ [ -79.007691221003142, 36.143772698716141 ], [ -79.007727693399332, 36.144836131380337 ] ] } },
{ "type": "Feature", "properties": { "FEEDER_NAME": "Schley Rd. West", "SUBSTATION_NAME": "New Sharon ", "wmType": "SECONDARY UNDERGROUND", "WKT": "LINESTRING (-79.00447201260893 36.14509101821113, -79.00460067789702 36.14520392244684, -79.00462777464327 36.14525061889723, -79.00468535259601 36.14530280799766, -79.00474292819625 36.14531379342014, -79.00481743664035 36.145308296690146, -79.00486485059615 36.14527807880435, -79.0048750081045 36.145250609299474)" }, "geometry": { "type": "LineString", "coordinates": [ [ -79.004472012608929, 36.145091018211133 ], [ -79.004600677897017, 36.145203922446839 ], [ -79.004627774643268, 36.145250618897229 ], [ -79.004685352596013, 36.145302807997659 ], [ -79.004742928196251, 36.145313793420137 ], [ -79.004817436640352, 36.145308296690146 ], [ -79.004864850596149, 36.145278078804353 ], [ -79.004875008104506, 36.145250609299474 ] ] } },
{ "type": "Feature", "properties": { "FEEDER_NAME": "Schley Rd. West", "SUBSTATION_NAME": "New Sharon ", "wmType": "SECONDARY UNDERGROUND", "WKT": "LINESTRING (-79.00220928455741 36.14969473561123, -79.00238483724723 36.14955810714843)" }, "geometry": { "type": "LineString", "coordinates": [ [ -79.002209284557409, 36.149694735611227 ], [ -79.002384837247234, 36.14955810714843 ] ] } },
{ "type": "Feature", "properties": { "FEEDER_NAME": "Schley Rd. West", "SUBSTATION_NAME": "New Sharon ", "wmType": "SECONDARY UNDERGROUND", "WKT": "LINESTRING (-79.00053107079451 36.14135428745015, -79.00119197071778 36.14175709870966)" }, "geometry": { "type": "LineString", "coordinates": [ [ -79.000531070794509, 36.141354287450149 ], [ -79.001191970717784, 36.141757098709661 ] ] } },
{ "type": "Feature", "properties": { "FEEDER_NAME": "Schley Rd. West", "SUBSTATION_NAME": "New Sharon ", "wmType": "SECONDARY UNDERGROUND", "WKT": "LINESTRING (-79.00078799948926 36.139044999238706, -79.00073500000109 36.138448000036)" }, "geometry": { "type": "LineString", "coordinates": [ [ -79.000787999489262, 36.139044999238706 ], [ -79.000735000001086, 36.138448000036 ] ] } },
{ "type": "Feature", "properties": { "FEEDER_NAME": "Schley Rd. West", "SUBSTATION_NAME": "New Sharon ", "wmType": "SECONDARY UNDERGROUND", "WKT": "LINESTRING (-79.00078799948926 36.139044999238706, -79.0006330140483 36.13892999909792)" }, "geometry": { "type": "LineString", "coordinates": [ [ -79.000787999489262, 36.139044999238706 ], [ -79.000633014048304, 36.138929999097918 ] ] } },
{ "type": "Feature", "properties": { "FEEDER_NAME": "Schley Rd. West", "SUBSTATION_NAME": "New Sharon ", "wmType": "SECONDARY UNDERGROUND", "WKT": "LINESTRING (-79.0002776038104 36.14133654329005, -78.99980585564961 36.1410208753335)" }, "geometry": { "type": "LineString", "coordinates": [ [ -79.000277603810403, 36.141336543290052 ], [ -78.999805855649612, 36.141020875333503 ] ] } },
{ "type": "Feature", "properties": { "FEEDER_NAME": "Schley Rd. West", "SUBSTATION_NAME": "New Sharon ", "wmType": "SECONDARY UNDERGROUND", "WKT": "LINESTRING (-79.0002776038104 36.14133654329005, -78.99999662754327 36.140890068067414)" }, "geometry": { "type": "LineString", "coordinates": [ [ -79.000277603810403, 36.141336543290052 ], [ -78.999996627543268, 36.140890068067414 ] ] } },
{ "type": "Feature", "properties": { "FEEDER_NAME": "Schley Rd. West", "SUBSTATION_NAME": "New Sharon ", "wmType": "SECONDARY UNDERGROUND", "WKT": "LINESTRING (-78.9994191323346 36.143285181848405, -78.99885909955321 36.14288950171784)" }, "geometry": { "type": "LineString", "coordinates": [ [ -78.999419132334594, 36.143285181848405 ], [ -78.998859099553215, 36.142889501717839 ] ] } },
{ "type": "Feature", "properties": { "FEEDER_NAME": "Schley Rd. West", "SUBSTATION_NAME": "New Sharon ", "wmType": "SECONDARY UNDERGROUND", "WKT": "LINESTRING (-78.99885909955321 36.14288950171784, -78.9987580518418 36.14275318607695)" }, "geometry": { "type": "LineString", "coordinates": [ [ -78.998859099553215, 36.142889501717839 ], [ -78.998758051841804, 36.142753186076952 ] ] } },
{ "type": "Feature", "properties": { "FEEDER_NAME": "Schley Rd. West", "SUBSTATION_NAME": "New Sharon ", "wmType": "SECONDARY UNDERGROUND", "WKT": "LINESTRING (-78.99942414351173 36.14405489581174, -78.99941112661833 36.14406341586184)" }, "geometry": { "type": "LineString", "coordinates": [ [ -78.999424143511732, 36.144054895811742 ], [ -78.999411126618327, 36.144063415861837 ] ] } },
{ "type": "Feature", "properties": { "FEEDER_NAME": "Schley Rd. West", "SUBSTATION_NAME": "New Sharon ", "wmType": "SECONDARY UNDERGROUND", "WKT": "LINESTRING (-78.99942414351173 36.14405489581174, -78.99974964876304 36.144403237348754)" }, "geometry": { "type": "LineString", "coordinates": [ [ -78.999424143511732, 36.144054895811742 ], [ -78.999749648763043, 36.144403237348754 ] ] } },
{ "type": "Feature", "properties": { "FEEDER_NAME": "Schley Rd. West", "SUBSTATION_NAME": "New Sharon ", "wmType": "SECONDARY UNDERGROUND", "WKT": "LINESTRING (-78.99923720578464 36.145559527698026, -78.99974216383711 36.14555490295484)" }, "geometry": { "type": "LineString", "coordinates": [ [ -78.999237205784638, 36.145559527698026 ], [ -78.999742163837112, 36.145554902954842 ] ] } },
{ "type": "Feature", "properties": { "FEEDER_NAME": "Schley Rd. West", "SUBSTATION_NAME": "New Sharon ", "wmType": "SECONDARY UNDERGROUND", "WKT": "LINESTRING (-78.99876219616907 36.14492814725225, -78.99909687776248 36.14479322892644)" }, "geometry": { "type": "LineString", "coordinates": [ [ -78.998762196169068, 36.144928147252251 ], [ -78.999096877762483, 36.144793228926439 ] ] } },
{ "type": "Feature", "properties": { "FEEDER_NAME": "Schley Rd. West", "SUBSTATION_NAME": "New Sharon ", "wmType": "SECONDARY UNDERGROUND", "WKT": "LINESTRING (-78.99714005719247 36.14295118723663, -78.99769990305616 36.14268597503337)" }, "geometry": { "type": "LineString", "coordinates": [ [ -78.997140057192468, 36.142951187236633 ], [ -78.997699903056159, 36.142685975033373 ] ] } },
{ "type": "Feature", "properties": { "FEEDER_NAME": "Schley Rd. West", "SUBSTATION_NAME": "New Sharon ", "wmType": "SECONDARY UNDERGROUND", "WKT": "LINESTRING (-78.9957178086754 36.144727848825006, -78.99558006436466 36.14513828173909)" }, "geometry": { "type": "LineString", "coordinates": [ [ -78.995717808675394, 36.144727848825006 ], [ -78.99558006436466, 36.145138281739086 ] ] } },
{ "type": "Feature", "properties": { "FEEDER_NAME": "Schley Rd. West", "SUBSTATION_NAME": "New Sharon ", "wmType": "SECONDARY UNDERGROUND", "WKT": "LINESTRING (-78.98449026601436 36.13563839378925, -78.98419857188004 36.135535591138606)" }, "geometry": { "type": "LineString", "coordinates": [ [ -78.984490266014362, 36.13563839378925 ], [ -78.984198571880043, 36.135535591138606 ] ] } },
{ "type": "Feature", "properties": { "FEEDER_NAME": "Schley Rd. West", "SUBSTATION_NAME": "New Sharon ", "wmType": "SECONDARY UNDERGROUND", "WKT": "LINESTRING (-78.98246280808652 36.141432535845695, -78.98255873077404 36.14148824937691)" }, "geometry": { "type": "LineString", "coordinates": [ [ -78.982462808086524, 36.141432535845695 ], [ -78.982558730774045, 36.141488249376913 ] ] } },
{ "type": "Feature", "properties": { "FEEDER_NAME": "Schley Rd. West", "SUBSTATION_NAME": "New Sharon ", "wmType": "SECONDARY UNDERGROUND", "WKT": "LINESTRING (-78.98353546669932 36.13951994820164, -78.98343047521205 36.13919310315256)" }, "geometry": { "type": "LineString", "coordinates": [ [ -78.983535466699323, 36.139519948201638 ], [ -78.983430475212046, 36.139193103152557 ] ] } },
{ "type": "Feature", "properties": { "FEEDER_NAME": "Schley Rd. West", "SUBSTATION_NAME": "New Sharon ", "wmType": "SECONDARY UNDERGROUND", "WKT": "LINESTRING (-78.98520332959606 36.13731204711413, -78.98455941352496 36.13725797365118)" }, "geometry": { "type": "LineString", "coordinates": [ [ -78.985203329596061, 36.137312047114129 ], [ -78.984559413524963, 36.137257973651181 ] ] } },
{ "type": "Feature", "properties": { "FEEDER_NAME": "Schley Rd. West", "SUBSTATION_NAME": "New Sharon ", "wmType": "SECONDARY UNDERGROUND", "WKT": "LINESTRING (-78.98577114694369 36.13251499091749, -78.98553497416201 36.132393023348456)" }, "geometry": { "type": "LineString", "coordinates": [ [ -78.985771146943691, 36.132514990917493 ], [ -78.985534974162007, 36.132393023348456 ] ] } },
{ "type": "Feature", "properties": { "FEEDER_NAME": "Schley Rd. West", "SUBSTATION_NAME": "New Sharon ", "wmType": "SECONDARY UNDERGROUND", "WKT": "LINESTRING (-78.98302103358147 36.14041584132444, -78.98319573512978 36.140567513577146, -78.98331763317601 36.14065543245785, -78.98340565389911 36.14080103094985, -78.98351062302228 36.14087246493913, -78.9836054398668 36.14090818757721, -78.98371719802071 36.14090820249696, -78.98385942433582 36.140952171981986, -78.98396097302161 36.14120215551251)" }, "geometry": { "type": "LineString", "coordinates": [ [ -78.983021033581466, 36.14041584132444 ], [ -78.983195735129783, 36.140567513577146 ], [ -78.983317633176014, 36.140655432457848 ], [ -78.983405653899112, 36.140801030949852 ], [ -78.983510623022283, 36.140872464939129 ], [ -78.983605439866807, 36.14090818757721 ], [ -78.983717198020713, 36.140908202496959 ], [ -78.983859424335819, 36.140952171981986 ], [ -78.98396097302161, 36.141202155512509 ] ] } },
{ "type": "Feature", "properties": { "FEEDER_NAME": "Schley Rd. West", "SUBSTATION_NAME": "New Sharon ", "wmType": "SECONDARY UNDERGROUND", "WKT": "LINESTRING (-78.98914990899966 36.13032801021119, -78.98906852911158 36.12983254289382)" }, "geometry": { "type": "LineString", "coordinates": [ [ -78.989149908999664, 36.130328010211187 ], [ -78.989068529111577, 36.129832542893823 ] ] } },
{ "type": "Feature", "properties": { "FEEDER_NAME": "Schley Rd. West", "SUBSTATION_NAME": "New Sharon ", "wmType": "SECONDARY UNDERGROUND", "WKT": "LINESTRING (-78.98906852911158 36.12983254289382, -78.988921927957 36.129506901485286)" }, "geometry": { "type": "LineString", "coordinates": [ [ -78.989068529111577, 36.129832542893823 ], [ -78.988921927956994, 36.129506901485286 ] ] } },
{ "type": "Feature", "properties": { "FEEDER_NAME": "Schley Rd. West", "SUBSTATION_NAME": "New Sharon ", "wmType": "SECONDARY UNDERGROUND", "WKT": "LINESTRING (-78.98914990899966 36.13032801021119, -78.98916443862024 36.13031378749424)" }, "geometry": { "type": "LineString", "coordinates": [ [ -78.989149908999664, 36.130328010211187 ], [ -78.989164438620236, 36.130313787494238 ] ] } },
{ "type": "Feature", "properties": { "FEEDER_NAME": "Schley Rd. West", "SUBSTATION_NAME": "New Sharon ", "wmType": "SECONDARY UNDERGROUND", "WKT": "LINESTRING (-78.98914990899966 36.13032801021119, -78.98867843134722 36.13001875782917)" }, "geometry": { "type": "LineString", "coordinates": [ [ -78.989149908999664, 36.130328010211187 ], [ -78.988678431347225, 36.13001875782917 ] ] } },
{ "type": "Feature", "properties": { "FEEDER_NAME": "Schley Rd. West", "SUBSTATION_NAME": "New Sharon ", "wmType": "SECONDARY UNDERGROUND", "WKT": "LINESTRING (-78.98735796466279 36.131378647890806, -78.98736218539608 36.130704645401046)" }, "geometry": { "type": "LineString", "coordinates": [ [ -78.987357964662792, 36.131378647890806 ], [ -78.98736218539608, 36.130704645401046 ] ] } },
{ "type": "Feature", "properties": { "FEEDER_NAME": "Schley Rd. West", "SUBSTATION_NAME": "New Sharon ", "wmType": "SECONDARY UNDERGROUND", "WKT": "LINESTRING (-78.98668536153868 36.132436666736425, -78.98658983374366 36.13209865556661)" }, "geometry": { "type": "LineString", "coordinates": [ [ -78.986685361538676, 36.132436666736425 ], [ -78.986589833743665, 36.132098655566608 ] ] } },
{ "type": "Feature", "properties": { "FEEDER_NAME": "Schley Rd. West", "SUBSTATION_NAME": "New Sharon ", "wmType": "SECONDARY UNDERGROUND", "WKT": "LINESTRING (-78.98564092655673 36.13426366885116, -78.9859304258014 36.134411765966036, -78.98600813592674 36.13429920059067, -78.98602047965323 36.13428282139833, -78.98604179700608 36.134271902828765, -78.9860575033889 36.13427008505288, -78.98610910888014 36.13427009092149)" }, "geometry": { "type": "LineString", "coordinates": [ [ -78.985640926556727, 36.134263668851162 ], [ -78.985930425801399, 36.134411765966036 ], [ -78.986008135926738, 36.134299200590668 ], [ -78.986020479653234, 36.13428282139833 ], [ -78.986041797006081, 36.134271902828765 ], [ -78.986057503388906, 36.134270085052883 ], [ -78.986109108880143, 36.13427009092149 ] ] } },
{ "type": "Feature", "properties": { "FEEDER_NAME": "Schley Rd. West", "SUBSTATION_NAME": "New Sharon ", "wmType": "SECONDARY UNDERGROUND", "WKT": "LINESTRING (-78.98610910888014 36.13427009092149, -78.98629551876077 36.134347388081736)" }, "geometry": { "type": "LineString", "coordinates": [ [ -78.986109108880143, 36.13427009092149 ], [ -78.98629551876077, 36.134347388081736 ] ] } },
{ "type": "Feature", "properties": { "FEEDER_NAME": "Schley Rd. West", "SUBSTATION_NAME": "New Sharon ", "wmType": "SECONDARY UNDERGROUND", "WKT": "LINESTRING (-78.98232094434782 36.1345346560512, -78.98209389257468 36.13479532566679)" }, "geometry": { "type": "LineString", "coordinates": [ [ -78.982320944347819, 36.134534656051201 ], [ -78.982093892574682, 36.134795325666794 ] ] } },
{ "type": "Feature", "properties": { "FEEDER_NAME": "Schley Rd. West", "SUBSTATION_NAME": "New Sharon ", "wmType": "SECONDARY UNDERGROUND", "WKT": "LINESTRING (-78.97729046448356 36.12815619352721, -78.97812979663944 36.12820309020042)" }, "geometry": { "type": "LineString", "coordinates": [ [ -78.977290464483559, 36.128156193527211 ], [ -78.978129796639436, 36.128203090200422 ] ] } },
{ "type": "Feature", "properties": { "FEEDER_NAME": "Schley Rd. West", "SUBSTATION_NAME": "New Sharon ", "wmType": "SECONDARY UNDERGROUND", "WKT": "LINESTRING (-78.97812979663944 36.12820309020042, -78.978139872255 36.128089625197966)" }, "geometry": { "type": "LineString", "coordinates": [ [ -78.978129796639436, 36.128203090200422 ], [ -78.978139872254999, 36.128089625197966 ] ] } },
{ "type": "Feature", "properties": { "FEEDER_NAME": "Schley Rd. West", "SUBSTATION_NAME": "New Sharon ", "wmType": "SECONDARY UNDERGROUND", "WKT": "LINESTRING (-78.97703391981548 36.12859587531503, -78.97616566085816 36.12853656466296)" }, "geometry": { "type": "LineString", "coordinates": [ [ -78.977033919815483, 36.128595875315028 ], [ -78.976165660858157, 36.128536564662959 ] ] } },
{ "type": "Feature", "properties": { "FEEDER_NAME": "Schley Rd. West", "SUBSTATION_NAME": "New Sharon ", "wmType": "SECONDARY UNDERGROUND", "WKT": "LINESTRING (-78.97715603451601 36.12888591918515, -78.9766739311555 36.12918996417486)" }, "geometry": { "type": "LineString", "coordinates": [ [ -78.977156034516014, 36.128885919185151 ], [ -78.976673931155503, 36.129189964174863 ] ] } },
{ "type": "Feature", "properties": { "FEEDER_NAME": "Schley Rd. West", "SUBSTATION_NAME": "New Sharon ", "wmType": "SECONDARY UNDERGROUND", "WKT": "LINESTRING (-78.9766739311555 36.12918996417486, -78.9766558631382 36.129281987370405)" }, "geometry": { "type": "LineString", "coordinates": [ [ -78.976673931155503, 36.129189964174863 ], [ -78.976655863138205, 36.129281987370405 ] ] } },
{ "type": "Feature", "properties": { "FEEDER_NAME": "Schley Rd. West", "SUBSTATION_NAME": "New Sharon ", "wmType": "SECONDARY UNDERGROUND", "WKT": "LINESTRING (-78.9780807013679 36.12914545416589, -78.97764719298894 36.128856672355255)" }, "geometry": { "type": "LineString", "coordinates": [ [ -78.978080701367901, 36.129145454165887 ], [ -78.97764719298894, 36.128856672355255 ] ] } },
{ "type": "Feature", "properties": { "FEEDER_NAME": "Schley Rd. West", "SUBSTATION_NAME": "New Sharon ", "wmType": "SECONDARY UNDERGROUND", "WKT": "LINESTRING (-78.9780807013679 36.12914545416589, -78.97785368315778 36.128756172085595)" }, "geometry": { "type": "LineString", "coordinates": [ [ -78.978080701367901, 36.129145454165887 ], [ -78.977853683157775, 36.128756172085595 ] ] } },
{ "type": "Feature", "properties": { "FEEDER_NAME": "Schley Rd. West", "SUBSTATION_NAME": "New Sharon ", "wmType": "SECONDARY UNDERGROUND", "WKT": "LINESTRING (-78.9780807013679 36.12914545416589, -78.9781539807488 36.12926495239172)" }, "geometry": { "type": "LineString", "coordinates": [ [ -78.978080701367901, 36.129145454165887 ], [ -78.9781539807488, 36.129264952391722 ] ] } },
{ "type": "Feature", "properties": { "FEEDER_NAME": "Schley Rd. West", "SUBSTATION_NAME": "New Sharon ", "wmType": "SECONDARY UNDERGROUND", "WKT": "LINESTRING (-78.98122433235922 36.13394856981351, -78.9811930654282 36.13438342516825)" }, "geometry": { "type": "LineString", "coordinates": [ [ -78.981224332359218, 36.133948569813512 ], [ -78.981193065428201, 36.134383425168252 ] ] } },
{ "type": "Feature", "properties": { "FEEDER_NAME": "Schley Rd. West", "SUBSTATION_NAME": "New Sharon ", "wmType": "SECONDARY UNDERGROUND", "WKT": "LINESTRING (-78.98122433235922 36.13394856981351, -78.98094223577311 36.13413907961401)" }, "geometry": { "type": "LineString", "coordinates": [ [ -78.981224332359218, 36.133948569813512 ], [ -78.980942235773114, 36.134139079614009 ] ] } },
{ "type": "Feature", "properties": { "FEEDER_NAME": "Schley Rd. West", "SUBSTATION_NAME": "New Sharon ", "wmType": "SECONDARY UNDERGROUND", "WKT": "LINESTRING (-78.98122166383293 36.13295734518495, -78.9811443709855 36.132821031566166)" }, "geometry": { "type": "LineString", "coordinates": [ [ -78.981221663832926, 36.132957345184948 ], [ -78.981144370985504, 36.132821031566166 ] ] } },
{ "type": "Feature", "properties": { "FEEDER_NAME": "Schley Rd. West", "SUBSTATION_NAME": "New Sharon ", "wmType": "SECONDARY UNDERGROUND", "WKT": "LINESTRING (-78.98394235533154 36.13392753640817, -78.9843182169217 36.13382084805415)" }, "geometry": { "type": "LineString", "coordinates": [ [ -78.983942355331536, 36.133927536408173 ], [ -78.984318216921693, 36.13382084805415 ] ] } },
{ "type": "Feature", "properties": { "FEEDER_NAME": "Schley Rd. West", "SUBSTATION_NAME": "New Sharon ", "wmType": "SECONDARY UNDERGROUND", "WKT": "LINESTRING (-78.98181556440504 36.148615049730104, -78.98237206087863 36.148989973839484)" }, "geometry": { "type": "LineString", "coordinates": [ [ -78.981815564405039, 36.148615049730104 ], [ -78.982372060878632, 36.148989973839484 ] ] } },
{ "type": "Feature", "properties": { "FEEDER_NAME": "Schley Rd. West", "SUBSTATION_NAME": "New Sharon ", "wmType": "SECONDARY UNDERGROUND", "WKT": "LINESTRING (-78.99183743808828 36.13683877164502, -78.99183881277065 36.13683538044377, -78.9920625815136 36.136504217314446, -78.99206912560066 36.1363783694773, -78.99206843764317 36.136380771185955)" }, "geometry": { "type": "LineString", "coordinates": [ [ -78.991837438088282, 36.136838771645017 ], [ -78.991838812770652, 36.13683538044377 ], [ -78.992062581513593, 36.136504217314446 ], [ -78.992069125600665, 36.136378369477299 ], [ -78.992068437643169, 36.136380771185955 ] ] } },
{ "type": "Feature", "properties": { "FEEDER_NAME": "Schley Rd. West", "SUBSTATION_NAME": "New Sharon ", "wmType": "SECONDARY UNDERGROUND", "WKT": "LINESTRING (-78.98606562429579 36.127685226372336, -78.98557069924733 36.127464935053865)" }, "geometry": { "type": "LineString", "coordinates": [ [ -78.98606562429579, 36.127685226372336 ], [ -78.985570699247333, 36.127464935053865 ] ] } },
{ "type": "Feature", "properties": { "FEEDER_NAME": "Schley Rd. West", "SUBSTATION_NAME": "New Sharon ", "wmType": "SECONDARY UNDERGROUND", "WKT": "LINESTRING (-78.99041677504249 36.13021216551488, -78.99044148015894 36.13017335627171, -78.99046602541027 36.130048969559056)" }, "geometry": { "type": "LineString", "coordinates": [ [ -78.99041677504249, 36.130212165514877 ], [ -78.990441480158935, 36.130173356271712 ], [ -78.990466025410271, 36.130048969559056 ] ] } },
{ "type": "Feature", "properties": { "FEEDER_NAME": "Schley Rd. West", "SUBSTATION_NAME": "New Sharon ", "wmType": "SECONDARY UNDERGROUND", "WKT": "LINESTRING (-78.99016847182621 36.130753511403086, -78.99003377211787 36.130594014682366)" }, "geometry": { "type": "LineString", "coordinates": [ [ -78.990168471826209, 36.130753511403086 ], [ -78.990033772117869, 36.130594014682366 ] ] } },
{ "type": "Feature", "properties": { "FEEDER_NAME": "Schley Rd. West", "SUBSTATION_NAME": "New Sharon ", "wmType": "SECONDARY UNDERGROUND", "WKT": "LINESTRING (-78.99221585394926 36.1323967362988, -78.99242186176205 36.131552237995436)" }, "geometry": { "type": "LineString", "coordinates": [ [ -78.992215853949261, 36.132396736298801 ], [ -78.992421861762054, 36.131552237995436 ] ] } },
{ "type": "Feature", "properties": { "FEEDER_NAME": "Schley Rd. West", "SUBSTATION_NAME": "New Sharon ", "wmType": "SECONDARY UNDERGROUND", "WKT": "LINESTRING (-78.9940538908188 36.1338592496572, -78.9941372197312 36.133743733272496)" }, "geometry": { "type": "LineString", "coordinates": [ [ -78.994053890818805, 36.133859249657199 ], [ -78.994137219731201, 36.133743733272496 ] ] } },
{ "type": "Feature", "properties": { "FEEDER_NAME": "Schley Rd. West", "SUBSTATION_NAME": "New Sharon ", "wmType": "SECONDARY UNDERGROUND", "WKT": "LINESTRING (-78.9940538908188 36.1338592496572, -78.99440126622706 36.134042927811755)" }, "geometry": { "type": "LineString", "coordinates": [ [ -78.994053890818805, 36.133859249657199 ], [ -78.994401266227058, 36.134042927811755 ] ] } },
{ "type": "Feature", "properties": { "FEEDER_NAME": "Schley Rd. West", "SUBSTATION_NAME": "New Sharon ", "wmType": "SECONDARY UNDERGROUND", "WKT": "LINESTRING (-78.99645487481095 36.136839209705926, -78.99601975728744 36.13681488590358)" }, "geometry": { "type": "LineString", "coordinates": [ [ -78.996454874810951, 36.136839209705926 ], [ -78.996019757287442, 36.136814885903583 ] ] } },
{ "type": "Feature", "properties": { "FEEDER_NAME": "Schley Rd. West", "SUBSTATION_NAME": "New Sharon ", "wmType": "SECONDARY UNDERGROUND", "WKT": "LINESTRING (-78.99350550962527 36.137293924779215, -78.99415432916192 36.137382119371324)" }, "geometry": { "type": "LineString", "coordinates": [ [ -78.993505509625265, 36.137293924779215 ], [ -78.994154329161915, 36.137382119371324 ] ] } },
{ "type": "Feature", "properties": { "FEEDER_NAME": "Schley Rd. West", "SUBSTATION_NAME": "New Sharon ", "wmType": "SECONDARY UNDERGROUND", "WKT": "LINESTRING (-78.99376517473907 36.14282876383585, -78.99341140373502 36.143626225019645, -78.99327271730756 36.1436245240869)" }, "geometry": { "type": "LineString", "coordinates": [ [ -78.993765174739067, 36.142828763835851 ], [ -78.993411403735024, 36.143626225019645 ], [ -78.993272717307562, 36.143624524086903 ] ] } },
{ "type": "Feature", "properties": { "FEEDER_NAME": "Schley Rd. West", "SUBSTATION_NAME": "New Sharon ", "wmType": "SECONDARY UNDERGROUND", "WKT": "LINESTRING (-78.99376517473907 36.14282876383585, -78.99380930009288 36.1426420318588, -78.99376957747916 36.14239114688938, -78.99386779316164 36.14234994904752, -78.99398336584574 36.14221160424149)" }, "geometry": { "type": "LineString", "coordinates": [ [ -78.993765174739067, 36.142828763835851 ], [ -78.993809300092877, 36.142642031858799 ], [ -78.993769577479156, 36.142391146889381 ], [ -78.993867793161641, 36.142349949047521 ], [ -78.993983365845736, 36.142211604241488 ] ] } },
{ "type": "Feature", "properties": { "FEEDER_NAME": "Schley Rd. West", "SUBSTATION_NAME": "New Sharon ", "wmType": "SECONDARY UNDERGROUND", "WKT": "LINESTRING (-78.99355672958356 36.141566994066295, -78.99350051861053 36.14168811938744, -78.99346197513212 36.14173891271964, -78.99342343282238 36.141788404679005, -78.99339773694061 36.14183789641759, -78.9933816751199 36.14188999319273, -78.99336561317111 36.14194339312652, -78.99335597473736 36.141979860411205, -78.99336721237474 36.142020237412325, -78.99328209819899 36.142123126686265, -78.99322589879141 36.14208405036073)" }, "geometry": { "type": "LineString", "coordinates": [ [ -78.99355672958356, 36.141566994066295 ], [ -78.993500518610531, 36.141688119387439 ], [ -78.993461975132121, 36.141738912719639 ], [ -78.993423432822382, 36.141788404679005 ], [ -78.993397736940608, 36.141837896417591 ], [ -78.993381675119906, 36.141889993192727 ], [ -78.993365613171107, 36.141943393126517 ], [ -78.993355974737355, 36.141979860411205 ], [ -78.993367212374736, 36.142020237412325 ], [ -78.993282098198989, 36.142123126686265 ], [ -78.993225898791408, 36.142084050360729 ] ] } },
{ "type": "Feature", "properties": { "FEEDER_NAME": "Schley Rd. West", "SUBSTATION_NAME": "New Sharon ", "wmType": "SECONDARY UNDERGROUND", "WKT": "LINESTRING (-78.99344224187205 36.15579363558284, -78.99328768378565 36.15599676151348)" }, "geometry": { "type": "LineString", "coordinates": [ [ -78.993442241872046, 36.155793635582839 ], [ -78.993287683785653, 36.155996761513478 ] ] } },
{ "type": "Feature", "properties": { "FEEDER_NAME": "Schley Rd. West", "SUBSTATION_NAME": "New Sharon ", "wmType": "SECONDARY UNDERGROUND", "WKT": "LINESTRING (-78.99344224187205 36.15579363558284, -78.99369362379869 36.156107279013874)" }, "geometry": { "type": "LineString", "coordinates": [ [ -78.993442241872046, 36.155793635582839 ], [ -78.993693623798691, 36.156107279013874 ] ] } },
{ "type": "Feature", "properties": { "FEEDER_NAME": "Schley Rd. West", "SUBSTATION_NAME": "New Sharon ", "wmType": "SECONDARY UNDERGROUND", "WKT": "LINESTRING (-78.99349707729537 36.15514617813855, -78.99386139829879 36.15534156556294)" }, "geometry": { "type": "LineString", "coordinates": [ [ -78.993497077295373, 36.155146178138551 ], [ -78.99386139829879, 36.155341565562942 ] ] } },
{ "type": "Feature", "properties": { "FEEDER_NAME": "Schley Rd. West", "SUBSTATION_NAME": "New Sharon ", "wmType": "SECONDARY UNDERGROUND", "WKT": "LINESTRING (-78.99349707729537 36.15514617813855, -78.99333196549983 36.15516319858191)" }, "geometry": { "type": "LineString", "coordinates": [ [ -78.993497077295373, 36.155146178138551 ], [ -78.993331965499834, 36.15516319858191 ] ] } },
{ "type": "Feature", "properties": { "FEEDER_NAME": "Schley Rd. West", "SUBSTATION_NAME": "New Sharon ", "wmType": "SECONDARY UNDERGROUND", "WKT": "LINESTRING (-78.99333196549983 36.15516319858191, -78.99299709819404 36.15484622224915)" }, "geometry": { "type": "LineString", "coordinates": [ [ -78.993331965499834, 36.15516319858191 ], [ -78.992997098194039, 36.154846222249148 ] ] } },
{ "type": "Feature", "properties": { "FEEDER_NAME": "Schley Rd. West", "SUBSTATION_NAME": "New Sharon ", "wmType": "SECONDARY UNDERGROUND", "WKT": "LINESTRING (-78.99333196549983 36.15516319858191, -78.9929854192679 36.155388162591414)" }, "geometry": { "type": "LineString", "coordinates": [ [ -78.993331965499834, 36.15516319858191 ], [ -78.992985419267896, 36.155388162591414 ] ] } },
{ "type": "Feature", "properties": { "FEEDER_NAME": "Schley Rd. West", "SUBSTATION_NAME": "New Sharon ", "wmType": "SECONDARY UNDERGROUND", "WKT": "LINESTRING (-78.99363152857698 36.15344700279552, -78.99367209930502 36.15346206418487, -78.99371332797602 36.15346206630926, -78.99375081043901 36.15344990995106, -78.99379578930028 36.1534103967102, -78.99387075807603 36.15333440922205, -78.9939794578859 36.153255384455356, -78.99405442232559 36.153203714308425, -78.99409940022929 36.1531885175097, -78.99415000005204 36.153187000491485)" }, "geometry": { "type": "LineString", "coordinates": [ [ -78.993631528576984, 36.153447002795517 ], [ -78.993672099305016, 36.153462064184872 ], [ -78.993713327976025, 36.15346206630926 ], [ -78.99375081043901, 36.153449909951057 ], [ -78.993795789300279, 36.1534103967102 ], [ -78.993870758076028, 36.153334409222047 ], [ -78.993979457885899, 36.153255384455356 ], [ -78.99405442232559, 36.153203714308425 ], [ -78.994099400229288, 36.153188517509697 ], [ -78.994150000052045, 36.153187000491485 ] ] } },
{ "type": "Feature", "properties": { "FEEDER_NAME": "Schley Rd. West", "SUBSTATION_NAME": "New Sharon ", "wmType": "SECONDARY UNDERGROUND", "WKT": "LINESTRING (-78.97986733580957 36.15312651458539, -78.97967017071053 36.15376614836009)" }, "geometry": { "type": "LineString", "coordinates": [ [ -78.979867335809573, 36.153126514585388 ], [ -78.979670170710534, 36.153766148360091 ] ] } },
{ "type": "Feature", "properties": { "FEEDER_NAME": "Schley Rd. West", "SUBSTATION_NAME": "New Sharon ", "wmType": "SECONDARY UNDERGROUND", "WKT": "LINESTRING (-78.97986733580957 36.15312651458539, -78.9797349172909 36.152935498420526)" }, "geometry": { "type": "LineString", "coordinates": [ [ -78.979867335809573, 36.153126514585388 ], [ -78.979734917290898, 36.152935498420526 ] ] } },
{ "type": "Feature", "properties": { "FEEDER_NAME": "Schley Rd. West", "SUBSTATION_NAME": "New Sharon ", "wmType": "SECONDARY UNDERGROUND", "WKT": "LINESTRING (-78.98060255920234 36.15431123657697, -78.98029124652277 36.15442552201708)" }, "geometry": { "type": "LineString", "coordinates": [ [ -78.980602559202339, 36.154311236576973 ], [ -78.980291246522768, 36.154425522017078 ] ] } },
{ "type": "Feature", "properties": { "FEEDER_NAME": "Schley Rd. West", "SUBSTATION_NAME": "New Sharon ", "wmType": "SECONDARY UNDERGROUND", "WKT": "LINESTRING (-78.98175182861011 36.151425430716095, -78.98198509889087 36.15167682036715)" }, "geometry": { "type": "LineString", "coordinates": [ [ -78.981751828610115, 36.151425430716095 ], [ -78.981985098890874, 36.15167682036715 ] ] } },
{ "type": "Feature", "properties": { "FEEDER_NAME": "Schley Rd. West", "SUBSTATION_NAME": "New Sharon ", "wmType": "SECONDARY UNDERGROUND", "WKT": "LINESTRING (-78.98202886156862 36.15108848133651, -78.98261477802438 36.15126305467706)" }, "geometry": { "type": "LineString", "coordinates": [ [ -78.982028861568622, 36.151088481336508 ], [ -78.982614778024384, 36.151263054677059 ] ] } },
{ "type": "Feature", "properties": { "FEEDER_NAME": "Schley Rd. West", "SUBSTATION_NAME": "New Sharon ", "wmType": "SECONDARY UNDERGROUND", "WKT": "LINESTRING (-78.97728668696001 36.14471668956971, -78.97705413740918 36.14444464613174)" }, "geometry": { "type": "LineString", "coordinates": [ [ -78.977286686960014, 36.144716689569712 ], [ -78.977054137409183, 36.144444646131738 ] ] } },
{ "type": "Feature", "properties": { "FEEDER_NAME": "Schley Rd. West", "SUBSTATION_NAME": "New Sharon ", "wmType": "SECONDARY UNDERGROUND", "WKT": "LINESTRING (-78.97647809156699 36.1448218882587, -78.97616345960141 36.14494756974354)" }, "geometry": { "type": "LineString", "coordinates": [ [ -78.976478091566989, 36.144821888258697 ], [ -78.976163459601409, 36.144947569743543 ] ] } },
{ "type": "Feature", "properties": { "FEEDER_NAME": "Schley Rd. West", "SUBSTATION_NAME": "New Sharon ", "wmType": "SECONDARY UNDERGROUND", "WKT": "LINESTRING (-78.97647809156699 36.1448218882587, -78.97613427337427 36.14472257873444)" }, "geometry": { "type": "LineString", "coordinates": [ [ -78.976478091566989, 36.144821888258697 ], [ -78.976134273374271, 36.144722578734438 ] ] } },
{ "type": "Feature", "properties": { "FEEDER_NAME": "Schley Rd. West", "SUBSTATION_NAME": "New Sharon ", "wmType": "SECONDARY UNDERGROUND", "WKT": "LINESTRING (-78.97889030895774 36.14532414119508, -78.97850315222021 36.145166666303666)" }, "geometry": { "type": "LineString", "coordinates": [ [ -78.978890308957745, 36.145324141195083 ], [ -78.978503152220213, 36.145166666303666 ] ] } },
{ "type": "Feature", "properties": { "FEEDER_NAME": "Schley Rd. West", "SUBSTATION_NAME": "New Sharon ", "wmType": "SECONDARY UNDERGROUND", "WKT": "LINESTRING (-78.97727013575341 36.14701047121388, -78.97697774828822 36.14670242128497)" }, "geometry": { "type": "LineString", "coordinates": [ [ -78.977270135753415, 36.147010471213882 ], [ -78.97697774828822, 36.146702421284971 ] ] } },
{ "type": "Feature", "properties": { "FEEDER_NAME": "Schley Rd. West", "SUBSTATION_NAME": "New Sharon ", "wmType": "SECONDARY UNDERGROUND", "WKT": "LINESTRING (-78.97727013575341 36.14701047121388, -78.97742711889107 36.14696350903256)" }, "geometry": { "type": "LineString", "coordinates": [ [ -78.977270135753415, 36.147010471213882 ], [ -78.977427118891072, 36.14696350903256 ] ] } },
{ "type": "Feature", "properties": { "FEEDER_NAME": "Schley Rd. West", "SUBSTATION_NAME": "New Sharon ", "wmType": "SECONDARY UNDERGROUND", "WKT": "LINESTRING (-78.97710237534807 36.14814319045308, -78.97646722231447 36.147696372268285)" }, "geometry": { "type": "LineString", "coordinates": [ [ -78.977102375348068, 36.148143190453077 ], [ -78.976467222314469, 36.147696372268285 ] ] } },
{ "type": "Feature", "properties": { "FEEDER_NAME": "Schley Rd. West", "SUBSTATION_NAME": "New Sharon ", "wmType": "SECONDARY UNDERGROUND", "WKT": "LINESTRING (-78.97676057722764 36.148550463055706, -78.97664251001267 36.14867385398968)" }, "geometry": { "type": "LineString", "coordinates": [ [ -78.976760577227637, 36.148550463055706 ], [ -78.976642510012667, 36.148673853989678 ] ] } },
{ "type": "Feature", "properties": { "FEEDER_NAME": "Schley Rd. West", "SUBSTATION_NAME": "New Sharon ", "wmType": "SECONDARY UNDERGROUND", "WKT": "LINESTRING (-78.97931999397082 36.1467494999344, -78.9790696230595 36.147358285914066)" }, "geometry": { "type": "LineString", "coordinates": [ [ -78.979319993970819, 36.146749499934401 ], [ -78.979069623059502, 36.147358285914066 ] ] } },
{ "type": "Feature", "properties": { "FEEDER_NAME": "Schley Rd. West", "SUBSTATION_NAME": "New Sharon ", "wmType": "SECONDARY UNDERGROUND", "WKT": "LINESTRING (-78.98534761159249 36.14855869013533, -78.98507975127606 36.149078866580304)" }, "geometry": { "type": "LineString", "coordinates": [ [ -78.985347611592488, 36.148558690135332 ], [ -78.985079751276061, 36.149078866580304 ] ] } },
{ "type": "Feature", "properties": { "FEEDER_NAME": "Schley Rd. West", "SUBSTATION_NAME": "New Sharon ", "wmType": "SECONDARY UNDERGROUND", "WKT": "LINESTRING (-78.98444002799535 36.14573688825826, -78.9843991435014 36.14542613618835)" }, "geometry": { "type": "LineString", "coordinates": [ [ -78.984440027995348, 36.145736888258263 ], [ -78.984399143501406, 36.145426136188348 ] ] } },
{ "type": "Feature", "properties": { "FEEDER_NAME": "Schley Rd. West", "SUBSTATION_NAME": "New Sharon ", "wmType": "SECONDARY UNDERGROUND", "WKT": "LINESTRING (-78.98194094644805 36.1478619472761, -78.98246925057646 36.14804964647391)" }, "geometry": { "type": "LineString", "coordinates": [ [ -78.981940946448049, 36.147861947276098 ], [ -78.982469250576457, 36.148049646473908 ] ] } },
{ "type": "Feature", "properties": { "FEEDER_NAME": "Schley Rd. West", "SUBSTATION_NAME": "New Sharon ", "wmType": "SECONDARY UNDERGROUND", "WKT": "LINESTRING (-78.98116484481197 36.14930879373527, -78.98015284022192 36.1489624985031)" }, "geometry": { "type": "LineString", "coordinates": [ [ -78.981164844811971, 36.149308793735273 ], [ -78.980152840221919, 36.148962498503103 ] ] } },
{ "type": "Feature", "properties": { "FEEDER_NAME": "Schley Rd. West", "SUBSTATION_NAME": "New Sharon ", "wmType": "SECONDARY UNDERGROUND", "WKT": "LINESTRING (-78.98213381537018 36.149911858486774, -78.98245366084623 36.15003245402495)" }, "geometry": { "type": "LineString", "coordinates": [ [ -78.982133815370176, 36.149911858486774 ], [ -78.982453660846232, 36.150032454024952 ] ] } },
{ "type": "Feature", "properties": { "FEEDER_NAME": "Schley Rd. West", "SUBSTATION_NAME": "New Sharon ", "wmType": "SECONDARY UNDERGROUND", "WKT": "LINESTRING (-78.98124837494014 36.14999935211269, -78.98057117058848 36.15057129376567)" }, "geometry": { "type": "LineString", "coordinates": [ [ -78.981248374940137, 36.149999352112687 ], [ -78.980571170588476, 36.150571293765672 ] ] } },
{ "type": "Feature", "properties": { "FEEDER_NAME": "Schley Rd. West", "SUBSTATION_NAME": "New Sharon ", "wmType": "SECONDARY UNDERGROUND", "WKT": "LINESTRING (-78.98045331678175 36.15181850501993, -78.9806247678183 36.151674893082294)" }, "geometry": { "type": "LineString", "coordinates": [ [ -78.980453316781748, 36.151818505019932 ], [ -78.980624767818298, 36.151674893082294 ] ] } },
{ "type": "Feature", "properties": { "FEEDER_NAME": "Schley Rd. West", "SUBSTATION_NAME": "New Sharon ", "wmType": "SECONDARY UNDERGROUND", "WKT": "LINESTRING (-78.9868029343083 36.152466003632426, -78.98680826690392 36.15244719045618)" }, "geometry": { "type": "LineString", "coordinates": [ [ -78.986802934308301, 36.152466003632426 ], [ -78.986808266903921, 36.152447190456179 ] ] } },
{ "type": "Feature", "properties": { "FEEDER_NAME": "Schley Rd. West", "SUBSTATION_NAME": "New Sharon ", "wmType": "SECONDARY UNDERGROUND", "WKT": "LINESTRING (-78.98785693865896 36.152585137010156, -78.98790138813452 36.152978643989194)" }, "geometry": { "type": "LineString", "coordinates": [ [ -78.987856938658965, 36.152585137010156 ], [ -78.987901388134517, 36.152978643989194 ] ] } },
{ "type": "Feature", "properties": { "FEEDER_NAME": "Schley Rd. West", "SUBSTATION_NAME": "New Sharon ", "wmType": "SECONDARY UNDERGROUND", "WKT": "LINESTRING (-78.99214375015804 36.15194916583688, -78.99199628856124 36.151801038962105)" }, "geometry": { "type": "LineString", "coordinates": [ [ -78.992143750158036, 36.151949165836882 ], [ -78.991996288561239, 36.151801038962105 ] ] } },
{ "type": "Feature", "properties": { "FEEDER_NAME": "Schley Rd. West", "SUBSTATION_NAME": "New Sharon ", "wmType": "SECONDARY UNDERGROUND", "WKT": "LINESTRING (-78.99382851357785 36.16067221930441, -78.99395638712348 36.160509605744764)" }, "geometry": { "type": "LineString", "coordinates": [ [ -78.993828513577853, 36.160672219304409 ], [ -78.993956387123475, 36.160509605744764 ] ] } },
{ "type": "Feature", "properties": { "FEEDER_NAME": "Schley Rd. West", "SUBSTATION_NAME": "New Sharon ", "wmType": "SECONDARY UNDERGROUND", "WKT": "LINESTRING (-78.99436697071829 36.159015919637405, -78.9937272662043 36.15946960803917)" }, "geometry": { "type": "LineString", "coordinates": [ [ -78.994366970718289, 36.159015919637405 ], [ -78.993727266204303, 36.159469608039167 ] ] } },
{ "type": "Feature", "properties": { "FEEDER_NAME": "Schley Rd. West", "SUBSTATION_NAME": "New Sharon ", "wmType": "SECONDARY UNDERGROUND", "WKT": "LINESTRING (-78.99341791305255 36.15734948971133, -78.99302618290835 36.157958363989444)" }, "geometry": { "type": "LineString", "coordinates": [ [ -78.993417913052554, 36.157349489711329 ], [ -78.993026182908352, 36.157958363989444 ] ] } },
{ "type": "Feature", "properties": { "FEEDER_NAME": "Schley Rd. West", "SUBSTATION_NAME": "New Sharon ", "wmType": "SECONDARY UNDERGROUND", "WKT": "LINESTRING (-78.99247018151507 36.15583784182418, -78.99184952461808 36.15593009168985)" }, "geometry": { "type": "LineString", "coordinates": [ [ -78.992470181515074, 36.15583784182418 ], [ -78.991849524618075, 36.155930091689847 ] ] } },
{ "type": "Feature", "properties": { "FEEDER_NAME": "Schley Rd. West", "SUBSTATION_NAME": "New Sharon ", "wmType": "SECONDARY UNDERGROUND", "WKT": "LINESTRING (-78.99623937576216 36.16105881766182, -78.99679534641687 36.16098631754073)" }, "geometry": { "type": "LineString", "coordinates": [ [ -78.996239375762158, 36.161058817661818 ], [ -78.996795346416874, 36.160986317540733 ] ] } },
{ "type": "Feature", "properties": { "FEEDER_NAME": "Schley Rd. West", "SUBSTATION_NAME": "New Sharon ", "wmType": "SECONDARY UNDERGROUND", "WKT": "LINESTRING (-78.99754030685658 36.1602611356168, -78.99803417842475 36.159836453214105)" }, "geometry": { "type": "LineString", "coordinates": [ [ -78.997540306856578, 36.1602611356168 ], [ -78.998034178424746, 36.159836453214105 ] ] } },
{ "type": "Feature", "properties": { "FEEDER_NAME": "Schley Rd. West", "SUBSTATION_NAME": "New Sharon ", "wmType": "SECONDARY UNDERGROUND", "WKT": "LINESTRING (-78.99624180266935 36.15906569247783, -78.99704209279234 36.15792443043884)" }, "geometry": { "type": "LineString", "coordinates": [ [ -78.996241802669346, 36.159065692477832 ], [ -78.997042092792341, 36.15792443043884 ] ] } },
{ "type": "Feature", "properties": { "FEEDER_NAME": "Schley Rd. West", "SUBSTATION_NAME": "New Sharon ", "wmType": "SECONDARY UNDERGROUND", "WKT": "LINESTRING (-78.99496115301064 36.157134957243244, -78.99420784373676 36.15674329839062)" }, "geometry": { "type": "LineString", "coordinates": [ [ -78.994961153010635, 36.157134957243244 ], [ -78.99420784373676, 36.156743298390623 ] ] } },
{ "type": "Feature", "properties": { "FEEDER_NAME": "Schley Rd. West", "SUBSTATION_NAME": "New Sharon ", "wmType": "SECONDARY UNDERGROUND", "WKT": "LINESTRING (-78.99496115301064 36.157134957243244, -78.99571169253977 36.156794711406704)" }, "geometry": { "type": "LineString", "coordinates": [ [ -78.994961153010635, 36.157134957243244 ], [ -78.995711692539771, 36.156794711406704 ] ] } },
{ "type": "Feature", "properties": { "FEEDER_NAME": "Schley Rd. West", "SUBSTATION_NAME": "New Sharon ", "wmType": "SECONDARY UNDERGROUND", "WKT": "LINESTRING (-78.99075161027663 36.15574325889616, -78.99077907500522 36.15594356006524)" }, "geometry": { "type": "LineString", "coordinates": [ [ -78.990751610276632, 36.155743258896159 ], [ -78.990779075005221, 36.155943560065239 ] ] } },
{ "type": "Feature", "properties": { "FEEDER_NAME": "Schley Rd. West", "SUBSTATION_NAME": "New Sharon ", "wmType": "SECONDARY UNDERGROUND", "WKT": "LINESTRING (-78.98752532466101 36.159923177898946, -78.98719299937154 36.160125999946835)" }, "geometry": { "type": "LineString", "coordinates": [ [ -78.987525324661007, 36.159923177898946 ], [ -78.987192999371544, 36.160125999946835 ] ] } },
{ "type": "Feature", "properties": { "FEEDER_NAME": "Schley Rd. West", "SUBSTATION_NAME": "New Sharon ", "wmType": "SECONDARY UNDERGROUND", "WKT": "LINESTRING (-78.98752532466101 36.159923177898946, -78.98749379706295 36.160001061874276, -78.98741938330733 36.16010964841197, -78.9873322192898 36.16018720667896, -78.98724930739805 36.16026304220826, -78.987160150395 36.16032669715444)" }, "geometry": { "type": "LineString", "coordinates": [ [ -78.987525324661007, 36.159923177898946 ], [ -78.987493797062953, 36.160001061874276 ], [ -78.987419383307326, 36.160109648411968 ], [ -78.987332219289797, 36.160187206678962 ], [ -78.987249307398045, 36.160263042208257 ], [ -78.987160150394999, 36.160326697154439 ] ] } },
{ "type": "Feature", "properties": { "FEEDER_NAME": "Schley Rd. West", "SUBSTATION_NAME": "New Sharon ", "wmType": "SECONDARY UNDERGROUND", "WKT": "LINESTRING (-78.98928684079185 36.1580689961143, -78.98939989923011 36.15806394655168)" }, "geometry": { "type": "LineString", "coordinates": [ [ -78.989286840791848, 36.158068996114302 ], [ -78.989399899230108, 36.158063946551678 ] ] } },
{ "type": "Feature", "properties": { "FEEDER_NAME": "Schley Rd. West", "SUBSTATION_NAME": "New Sharon ", "wmType": "SECONDARY UNDERGROUND", "WKT": "LINESTRING (-78.9893882841444 36.15709127249948, -78.98978368819495 36.15709538142075)" }, "geometry": { "type": "LineString", "coordinates": [ [ -78.989388284144397, 36.157091272499478 ], [ -78.989783688194947, 36.157095381420753 ] ] } },
{ "type": "Feature", "properties": { "FEEDER_NAME": "Schley Rd. West", "SUBSTATION_NAME": "New Sharon ", "wmType": "SECONDARY UNDERGROUND", "WKT": "LINESTRING (-78.99056511036154 36.156610276336814, -78.99089109713506 36.15640756601219)" }, "geometry": { "type": "LineString", "coordinates": [ [ -78.990565110361544, 36.156610276336814 ], [ -78.990891097135062, 36.156407566012192 ] ] } },
{ "type": "Feature", "properties": { "FEEDER_NAME": "Schley Rd. West", "SUBSTATION_NAME": "New Sharon ", "wmType": "SECONDARY UNDERGROUND", "WKT": "LINESTRING (-78.99073377814604 36.15970544173885, -78.99012898660779 36.159666513499054)" }, "geometry": { "type": "LineString", "coordinates": [ [ -78.990733778146037, 36.159705441738851 ], [ -78.990128986607786, 36.159666513499054 ] ] } },
{ "type": "Feature", "properties": { "FEEDER_NAME": "Schley Rd. West", "SUBSTATION_NAME": "New Sharon ", "wmType": "SECONDARY UNDERGROUND", "WKT": "LINESTRING (-78.99073377814604 36.15970544173885, -78.9901459943916 36.159840427950336)" }, "geometry": { "type": "LineString", "coordinates": [ [ -78.990733778146037, 36.159705441738851 ], [ -78.990145994391597, 36.159840427950336 ] ] } },
{ "type": "Feature", "properties": { "FEEDER_NAME": "Schley Rd. West", "SUBSTATION_NAME": "New Sharon ", "wmType": "SECONDARY UNDERGROUND", "WKT": "LINESTRING (-78.9909562216616 36.15914434962791, -78.99151837568304 36.159287699644615)" }, "geometry": { "type": "LineString", "coordinates": [ [ -78.990956221661605, 36.159144349627908 ], [ -78.991518375683043, 36.159287699644615 ] ] } },
{ "type": "Feature", "properties": { "FEEDER_NAME": "Schley Rd. West", "SUBSTATION_NAME": "New Sharon ", "wmType": "SECONDARY UNDERGROUND", "WKT": "LINESTRING (-78.9909562216616 36.15914434962791, -78.99153070105831 36.158964474615054)" }, "geometry": { "type": "LineString", "coordinates": [ [ -78.990956221661605, 36.159144349627908 ], [ -78.991530701058309, 36.158964474615054 ] ] } },
{ "type": "Feature", "properties": { "FEEDER_NAME": "Schley Rd. West", "SUBSTATION_NAME": "New Sharon ", "wmType": "SECONDARY UNDERGROUND", "WKT": "LINESTRING (-78.99075155825344 36.1591464765169, -78.99020201957853 36.15921820446123)" }, "geometry": { "type": "LineString", "coordinates": [ [ -78.990751558253436, 36.159146476516902 ], [ -78.990202019578533, 36.159218204461233 ] ] } },
{ "type": "Feature", "properties": { "FEEDER_NAME": "Schley Rd. West", "SUBSTATION_NAME": "New Sharon ", "wmType": "SECONDARY UNDERGROUND", "WKT": "LINESTRING (-78.991003148381 36.15874064085442, -78.99152623470574 36.158752499376725)" }, "geometry": { "type": "LineString", "coordinates": [ [ -78.991003148380997, 36.158740640854418 ], [ -78.991526234705745, 36.158752499376725 ] ] } },
{ "type": "Feature", "properties": { "FEEDER_NAME": "Schley Rd. West", "SUBSTATION_NAME": "New Sharon ", "wmType": "SECONDARY UNDERGROUND", "WKT": "LINESTRING (-78.99012665822501 36.15860737598607, -78.9901253305579 36.15877651802641)" }, "geometry": { "type": "LineString", "coordinates": [ [ -78.990126658225009, 36.158607375986072 ], [ -78.990125330557902, 36.158776518026407 ] ] } },
{ "type": "Feature", "properties": { "FEEDER_NAME": "Schley Rd. West", "SUBSTATION_NAME": "New Sharon ", "wmType": "SECONDARY UNDERGROUND", "WKT": "LINESTRING (-78.99084111522127 36.15858828617988, -78.99021241500897 36.15849603904048)" }, "geometry": { "type": "LineString", "coordinates": [ [ -78.990841115221272, 36.158588286179878 ], [ -78.990212415008969, 36.158496039040479 ] ] } },
{ "type": "Feature", "properties": { "FEEDER_NAME": "Schley Rd. West", "SUBSTATION_NAME": "New Sharon ", "wmType": "SECONDARY UNDERGROUND", "WKT": "LINESTRING (-78.9911474849688 36.15809795926468, -78.99160052999801 36.15822300823007)" }, "geometry": { "type": "LineString", "coordinates": [ [ -78.991147484968806, 36.15809795926468 ], [ -78.99160052999801, 36.158223008230067 ] ] } },
{ "type": "Feature", "properties": { "FEEDER_NAME": "Schley Rd. West", "SUBSTATION_NAME": "New Sharon ", "wmType": "SECONDARY UNDERGROUND", "WKT": "LINESTRING (-78.9911474849688 36.15809795926468, -78.99159220037092 36.15788517657781)" }, "geometry": { "type": "LineString", "coordinates": [ [ -78.991147484968806, 36.15809795926468 ], [ -78.991592200370917, 36.157885176577807 ] ] } },
{ "type": "Feature", "properties": { "FEEDER_NAME": "Schley Rd. West", "SUBSTATION_NAME": "New Sharon ", "wmType": "SECONDARY UNDERGROUND", "WKT": "LINESTRING (-78.99108933016755 36.15744064959087, -78.99146399680849 36.15753856867931)" }, "geometry": { "type": "LineString", "coordinates": [ [ -78.991089330167554, 36.157440649590868 ], [ -78.991463996808491, 36.157538568679307 ] ] } },
{ "type": "Feature", "properties": { "FEEDER_NAME": "Schley Rd. West", "SUBSTATION_NAME": "New Sharon ", "wmType": "SECONDARY UNDERGROUND", "WKT": "LINESTRING (-78.99026336860189 36.157573261359815, -78.99026890670481 36.15764319857855)" }, "geometry": { "type": "LineString", "coordinates": [ [ -78.990263368601887, 36.157573261359815 ], [ -78.990268906704813, 36.157643198578548 ] ] } },
{ "type": "Feature", "properties": { "FEEDER_NAME": "Schley Rd. West", "SUBSTATION_NAME": "New Sharon ", "wmType": "SECONDARY UNDERGROUND", "WKT": "LINESTRING (-78.99026336860189 36.157573261359815, -78.99014949102819 36.15768509539855, -78.99011899469359 36.157772992678034, -78.99011898087005 36.15788561536503, -78.99018671855256 36.15794330650447)" }, "geometry": { "type": "LineString", "coordinates": [ [ -78.990263368601887, 36.157573261359815 ], [ -78.990149491028191, 36.157685095398548 ], [ -78.990118994693589, 36.157772992678034 ], [ -78.990118980870051, 36.157885615365032 ], [ -78.990186718552565, 36.157943306504471 ] ] } },
{ "type": "Feature", "properties": { "FEEDER_NAME": "Schley Rd. West", "SUBSTATION_NAME": "New Sharon ", "wmType": "SECONDARY UNDERGROUND", "WKT": "LINESTRING (-78.98561390209318 36.15985185720951, -78.98543257097907 36.15913283566895)" }, "geometry": { "type": "LineString", "coordinates": [ [ -78.985613902093178, 36.15985185720951 ], [ -78.985432570979071, 36.159132835668949 ] ] } },
{ "type": "Feature", "properties": { "FEEDER_NAME": "Schley Rd. West", "SUBSTATION_NAME": "New Sharon ", "wmType": "SECONDARY UNDERGROUND", "WKT": "LINESTRING (-79.02190590181507 36.14481328773712, -79.02191122704464 36.144807574867876, -79.02193681975429 36.14465232296116, -79.02198122710942 36.14455389843823, -79.0220564058808 36.14449150894442, -79.02215381223154 36.14446376809781, -79.02223755600973 36.14447207024778, -79.02224099605608 36.144552465436476, -79.02224649902435 36.1445547904788)" }, "geometry": { "type": "LineString", "coordinates": [ [ -79.021905901815074, 36.144813287737122 ], [ -79.02191122704464, 36.144807574867876 ], [ -79.021936819754288, 36.144652322961157 ], [ -79.021981227109421, 36.144553898438232 ], [ -79.022056405880804, 36.144491508944419 ], [ -79.022153812231537, 36.144463768097808 ], [ -79.022237556009728, 36.14447207024778 ], [ -79.022240996056084, 36.144552465436476 ], [ -79.022246499024348, 36.1445547904788 ] ] } },
{ "type": "Feature", "properties": { "FEEDER_NAME": "Schley Rd. West", "SUBSTATION_NAME": "New Sharon ", "wmType": "SECONDARY UNDERGROUND", "WKT": "LINESTRING (-79.01584395709403 36.13861426018065, -79.01580969836598 36.138639449199765, -79.0156118682613 36.138588918865764, -79.01551024975102 36.1386021202381, -79.01545550490941 36.13872905586658, -79.01540732168961 36.13884392330506, -79.01523795072671 36.138827458497424)" }, "geometry": { "type": "LineString", "coordinates": [ [ -79.015843957094035, 36.138614260180653 ], [ -79.015809698365985, 36.138639449199765 ], [ -79.015611868261303, 36.138588918865764 ], [ -79.015510249751017, 36.138602120238097 ], [ -79.015455504909411, 36.138729055866577 ], [ -79.015407321689608, 36.13884392330506 ], [ -79.015237950726714, 36.138827458497424 ] ] } },
{ "type": "Feature", "properties": { "FEEDER_NAME": "Schley Rd. West", "SUBSTATION_NAME": "New Sharon ", "wmType": "SECONDARY UNDERGROUND", "WKT": "LINESTRING (-79.0145604276909 36.141570228665245, -79.01404527843609 36.14163536226363)" }, "geometry": { "type": "LineString", "coordinates": [ [ -79.014560427690895, 36.141570228665245 ], [ -79.014045278436086, 36.141635362263628 ] ] } },
{ "type": "Feature", "properties": { "FEEDER_NAME": "Schley Rd. West", "SUBSTATION_NAME": "New Sharon ", "wmType": "SECONDARY UNDERGROUND", "WKT": "LINESTRING (-79.01534876865223 36.13962219147388, -79.01508179231936 36.14005587971049)" }, "geometry": { "type": "LineString", "coordinates": [ [ -79.015348768652231, 36.139622191473883 ], [ -79.015081792319364, 36.140055879710488 ] ] } },
{ "type": "Feature", "properties": { "FEEDER_NAME": "Schley Rd. West", "SUBSTATION_NAME": "New Sharon ", "wmType": "SECONDARY UNDERGROUND", "WKT": "LINESTRING (-79.01920467519308 36.143814998524796, -79.01961054945427 36.144067286852575)" }, "geometry": { "type": "LineString", "coordinates": [ [ -79.01920467519308, 36.143814998524796 ], [ -79.019610549454271, 36.144067286852575 ] ] } },
{ "type": "Feature", "properties": { "FEEDER_NAME": "Schley Rd. West", "SUBSTATION_NAME": "New Sharon ", "wmType": "SECONDARY UNDERGROUND", "WKT": "LINESTRING (-79.01498897442958 36.147414077840764, -79.0148942147674 36.14780415023977, -79.01484340963668 36.147798663498705)" }, "geometry": { "type": "LineString", "coordinates": [ [ -79.014988974429585, 36.147414077840764 ], [ -79.014894214767395, 36.147804150239772 ], [ -79.014843409636683, 36.147798663498705 ] ] } },
{ "type": "Feature", "properties": { "FEEDER_NAME": "Schley Rd. West", "SUBSTATION_NAME": "New Sharon ", "wmType": "SECONDARY UNDERGROUND", "WKT": "LINESTRING (-79.01628460992454 36.14373078491419, -79.01692198936482 36.14369139994356)" }, "geometry": { "type": "LineString", "coordinates": [ [ -79.01628460992454, 36.14373078491419 ], [ -79.016921989364818, 36.143691399943563 ] ] } },
{ "type": "Feature", "properties": { "FEEDER_NAME": "Schley Rd. West", "SUBSTATION_NAME": "New Sharon ", "wmType": "SECONDARY UNDERGROUND", "WKT": "LINESTRING (-79.01851006404192 36.14006443222883, -79.01851183118292 36.140163435404126, -79.01876119361287 36.14024542820892, -79.0188938580597 36.14032659052687)" }, "geometry": { "type": "LineString", "coordinates": [ [ -79.018510064041919, 36.140064432228833 ], [ -79.01851183118292, 36.140163435404126 ], [ -79.018761193612875, 36.140245428208921 ], [ -79.018893858059698, 36.140326590526868 ] ] } },
{ "type": "Feature", "properties": { "FEEDER_NAME": "Schley Rd. West", "SUBSTATION_NAME": "New Sharon ", "wmType": "SECONDARY UNDERGROUND", "WKT": "LINESTRING (-79.0156992646061 36.13691953606434, -79.01572085781176 36.13697281074544)" }, "geometry": { "type": "LineString", "coordinates": [ [ -79.015699264606098, 36.13691953606434 ], [ -79.015720857811758, 36.136972810745441 ] ] } },
{ "type": "Feature", "properties": { "FEEDER_NAME": "Schley Rd. West", "SUBSTATION_NAME": "New Sharon ", "wmType": "SECONDARY UNDERGROUND", "WKT": "LINESTRING (-79.01491258605776 36.13702462213523, -79.01491223543299 36.13700910856854)" }, "geometry": { "type": "LineString", "coordinates": [ [ -79.014912586057761, 36.137024622135229 ], [ -79.014912235432988, 36.137009108568542 ] ] } },
{ "type": "Feature", "properties": { "FEEDER_NAME": "Schley Rd. West", "SUBSTATION_NAME": "New Sharon ", "wmType": "SECONDARY UNDERGROUND", "WKT": "LINESTRING (-79.01520307530416 36.14682156738164, -79.01530877310513 36.14683062134737, -79.01536872428574 36.146769616790095, -79.01544798166117 36.1466962459753, -79.01569901537017 36.1467308342717, -79.0158199769011 36.14684044809402, -79.01588299526937 36.146873410941616, -79.01600292563967 36.14690801555476, -79.01602934154515 36.14686432472309, -79.01604965693232 36.146814041384275)" }, "geometry": { "type": "LineString", "coordinates": [ [ -79.015203075304157, 36.146821567381643 ], [ -79.015308773105133, 36.14683062134737 ], [ -79.015368724285736, 36.146769616790095 ], [ -79.015447981661168, 36.146696245975299 ], [ -79.015699015370174, 36.1467308342717 ], [ -79.015819976901099, 36.146840448094018 ], [ -79.015882995269365, 36.146873410941616 ], [ -79.016002925639668, 36.146908015554757 ], [ -79.016029341545149, 36.14686432472309 ], [ -79.016049656932324, 36.146814041384275 ] ] } },
{ "type": "Feature", "properties": { "FEEDER_NAME": "Schley Rd. West", "SUBSTATION_NAME": "New Sharon ", "wmType": "SECONDARY UNDERGROUND", "WKT": "LINESTRING (-79.01391813735866 36.14394964564891, -79.01386394734274 36.14401119776061, -79.01383414887918 36.14408044078747, -79.01380841429953 36.14414638669234, -79.01379894328613 36.1442255191762, -79.01380030415523 36.14426288620924, -79.01382876863775 36.14431234001636, -79.0138707750473 36.14431343474843)" }, "geometry": { "type": "LineString", "coordinates": [ [ -79.013918137358658, 36.14394964564891 ], [ -79.013863947342742, 36.144011197760612 ], [ -79.013834148879184, 36.144080440787469 ], [ -79.013808414299533, 36.144146386692341 ], [ -79.013798943286133, 36.144225519176203 ], [ -79.013800304155225, 36.144262886209241 ], [ -79.013828768637751, 36.144312340016363 ], [ -79.013870775047295, 36.144313434748433 ] ] } },
{ "type": "Feature", "properties": { "FEEDER_NAME": "Schley Rd. West", "SUBSTATION_NAME": "New Sharon ", "wmType": "SECONDARY UNDERGROUND", "WKT": "LINESTRING (-79.0176294783016 36.13989484281965, -79.01752311990965 36.139918901725224, -79.01742199745317 36.1399613455684, -79.01732958533852 36.13997125948421, -79.01725633327564 36.139886409219365, -79.0172249311975 36.139808625794316, -79.0172964041461 36.13973224187593)" }, "geometry": { "type": "LineString", "coordinates": [ [ -79.0176294783016, 36.13989484281965 ], [ -79.017523119909654, 36.139918901725224 ], [ -79.01742199745317, 36.139961345568402 ], [ -79.017329585338516, 36.139971259484213 ], [ -79.01725633327564, 36.139886409219365 ], [ -79.017224931197504, 36.139808625794316 ], [ -79.017296404146094, 36.139732241875933 ] ] } },
{ "type": "Feature", "properties": { "FEEDER_NAME": "Schley Rd. West", "SUBSTATION_NAME": "New Sharon ", "wmType": "SECONDARY UNDERGROUND", "WKT": "LINESTRING (-79.01966861691554 36.134692880012494, -79.02010250416215 36.1346972642457)" }, "geometry": { "type": "LineString", "coordinates": [ [ -79.019668616915538, 36.134692880012494 ], [ -79.020102504162153, 36.134697264245702 ] ] } },
{ "type": "Feature", "properties": { "FEEDER_NAME": "Schley Rd. West", "SUBSTATION_NAME": "New Sharon ", "wmType": "SECONDARY UNDERGROUND", "WKT": "LINESTRING (-79.02188121420136 36.130358487785706, -79.02161304766142 36.129539364042664)" }, "geometry": { "type": "LineString", "coordinates": [ [ -79.021881214201358, 36.130358487785706 ], [ -79.021613047661418, 36.129539364042664 ] ] } },
{ "type": "Feature", "properties": { "FEEDER_NAME": "Schley Rd. West", "SUBSTATION_NAME": "New Sharon ", "wmType": "SECONDARY UNDERGROUND", "WKT": "LINESTRING (-79.02188121420136 36.130358487785706, -79.02148648201997 36.129730186139184)" }, "geometry": { "type": "LineString", "coordinates": [ [ -79.021881214201358, 36.130358487785706 ], [ -79.021486482019967, 36.129730186139184 ] ] } },
{ "type": "Feature", "properties": { "FEEDER_NAME": "Schley Rd. West", "SUBSTATION_NAME": "New Sharon ", "wmType": "SECONDARY UNDERGROUND", "WKT": "LINESTRING (-79.03106499962543 36.144309169855, -79.03100260755242 36.14451412255638)" }, "geometry": { "type": "LineString", "coordinates": [ [ -79.031064999625428, 36.144309169854999 ], [ -79.031002607552423, 36.14451412255638 ] ] } },
{ "type": "Feature", "properties": { "FEEDER_NAME": "Schley Rd. West", "SUBSTATION_NAME": "New Sharon ", "wmType": "SECONDARY UNDERGROUND", "WKT": "LINESTRING (-79.03273561083377 36.14791189342683, -79.03320684894516 36.148209872567705)" }, "geometry": { "type": "LineString", "coordinates": [ [ -79.032735610833768, 36.14791189342683 ], [ -79.033206848945156, 36.148209872567705 ] ] } },
{ "type": "Feature", "properties": { "FEEDER_NAME": "Schley Rd. West", "SUBSTATION_NAME": "New Sharon ", "wmType": "SECONDARY UNDERGROUND", "WKT": "LINESTRING (-79.03217393374275 36.147745740926716, -79.03213025293047 36.148613279244586)" }, "geometry": { "type": "LineString", "coordinates": [ [ -79.032173933742754, 36.147745740926716 ], [ -79.032130252930472, 36.148613279244586 ] ] } },
{ "type": "Feature", "properties": { "FEEDER_NAME": "Schley Rd. West", "SUBSTATION_NAME": "New Sharon ", "wmType": "SECONDARY UNDERGROUND", "WKT": "LINESTRING (-79.03217393374275 36.147745740926716, -79.03204681572645 36.14857341510373)" }, "geometry": { "type": "LineString", "coordinates": [ [ -79.032173933742754, 36.147745740926716 ], [ -79.032046815726446, 36.148573415103733 ] ] } },
{ "type": "Feature", "properties": { "FEEDER_NAME": "Schley Rd. West", "SUBSTATION_NAME": "New Sharon ", "wmType": "SECONDARY UNDERGROUND", "WKT": "LINESTRING (-79.03176941178964 36.14707425381657, -79.03149662572706 36.147028420852386)" }, "geometry": { "type": "LineString", "coordinates": [ [ -79.031769411789639, 36.147074253816569 ], [ -79.031496625727058, 36.147028420852386 ] ] } },
{ "type": "Feature", "properties": { "FEEDER_NAME": "Schley Rd. West", "SUBSTATION_NAME": "New Sharon ", "wmType": "SECONDARY UNDERGROUND", "WKT": "LINESTRING (-79.03209242401847 36.146417519649205, -79.0315728778177 36.14587650916655)" }, "geometry": { "type": "LineString", "coordinates": [ [ -79.032092424018472, 36.146417519649205 ], [ -79.031572877817695, 36.145876509166548 ] ] } },
{ "type": "Feature", "properties": { "FEEDER_NAME": "Schley Rd. West", "SUBSTATION_NAME": "New Sharon ", "wmType": "SECONDARY UNDERGROUND", "WKT": "LINESTRING (-79.03209242401847 36.146417519649205, -79.03165548792497 36.14618872075108)" }, "geometry": { "type": "LineString", "coordinates": [ [ -79.032092424018472, 36.146417519649205 ], [ -79.031655487924965, 36.146188720751077 ] ] } },
{ "type": "Feature", "properties": { "FEEDER_NAME": "Schley Rd. West", "SUBSTATION_NAME": "New Sharon ", "wmType": "SECONDARY UNDERGROUND", "WKT": "LINESTRING (-79.03230733450103 36.14519439892621, -79.03276679070427 36.1448762741303)" }, "geometry": { "type": "LineString", "coordinates": [ [ -79.032307334501027, 36.145194398926208 ], [ -79.032766790704272, 36.144876274130297 ] ] } },
{ "type": "Feature", "properties": { "FEEDER_NAME": "Schley Rd. West", "SUBSTATION_NAME": "New Sharon ", "wmType": "SECONDARY UNDERGROUND", "WKT": "LINESTRING (-79.03135624593831 36.1427129169264, -79.03079451649124 36.14297578809401)" }, "geometry": { "type": "LineString", "coordinates": [ [ -79.031356245938312, 36.142712916926399 ], [ -79.030794516491241, 36.142975788094013 ] ] } },
{ "type": "Feature", "properties": { "FEEDER_NAME": "Schley Rd. West", "SUBSTATION_NAME": "New Sharon ", "wmType": "SECONDARY UNDERGROUND", "WKT": "LINESTRING (-79.03337455426133 36.141800762874524, -79.0338471967362 36.14172870411073)" }, "geometry": { "type": "LineString", "coordinates": [ [ -79.033374554261329, 36.141800762874524 ], [ -79.033847196736204, 36.141728704110733 ] ] } },
{ "type": "Feature", "properties": { "FEEDER_NAME": "Schley Rd. West", "SUBSTATION_NAME": "New Sharon ", "wmType": "SECONDARY UNDERGROUND", "WKT": "LINESTRING (-79.03337455426133 36.141800762874524, -79.03334618715061 36.14151962191779, -79.03329469708751 36.14141233412596, -79.03308426661609 36.141265670965275)" }, "geometry": { "type": "LineString", "coordinates": [ [ -79.033374554261329, 36.141800762874524 ], [ -79.033346187150613, 36.141519621917787 ], [ -79.033294697087513, 36.14141233412596 ], [ -79.033084266616086, 36.141265670965275 ] ] } },
{ "type": "Feature", "properties": { "FEEDER_NAME": "Schley Rd. West", "SUBSTATION_NAME": "New Sharon ", "wmType": "SECONDARY UNDERGROUND", "WKT": "LINESTRING (-79.0387675118541 36.14196016982521, -79.03885880074897 36.14183377109914, -79.03886488479692 36.14177789090718, -79.03898169547722 36.14177616757755, -79.0390850384477 36.14182451834424)" }, "geometry": { "type": "LineString", "coordinates": [ [ -79.038767511854104, 36.141960169825211 ], [ -79.038858800748969, 36.141833771099137 ], [ -79.038864884796922, 36.141777890907179 ], [ -79.038981695477219, 36.141776167577547 ], [ -79.039085038447695, 36.141824518344237 ] ] } },
{ "type": "Feature", "properties": { "FEEDER_NAME": "Schley Rd. West", "SUBSTATION_NAME": "New Sharon ", "wmType": "SECONDARY UNDERGROUND", "WKT": "LINESTRING (-79.03940674365413 36.14396090348693, -79.03992360458926 36.14389249126127)" }, "geometry": { "type": "LineString", "coordinates": [ [ -79.039406743654126, 36.143960903486928 ], [ -79.039923604589262, 36.143892491261269 ] ] } },
{ "type": "Feature", "properties": { "FEEDER_NAME": "Schley Rd. West", "SUBSTATION_NAME": "New Sharon ", "wmType": "SECONDARY UNDERGROUND", "WKT": "LINESTRING (-79.03940674365413 36.14396090348693, -79.03974708910737 36.14357459633661)" }, "geometry": { "type": "LineString", "coordinates": [ [ -79.039406743654126, 36.143960903486928 ], [ -79.039747089107365, 36.143574596336613 ] ] } },
{ "type": "Feature", "properties": { "FEEDER_NAME": "Schley Rd. West", "SUBSTATION_NAME": "New Sharon ", "wmType": "SECONDARY UNDERGROUND", "WKT": "LINESTRING (-79.04256354825706 36.14507979217505, -79.0427371339156 36.144858139446754)" }, "geometry": { "type": "LineString", "coordinates": [ [ -79.042563548257064, 36.145079792175054 ], [ -79.042737133915594, 36.144858139446754 ] ] } },
{ "type": "Feature", "properties": { "FEEDER_NAME": "Schley Rd. West", "SUBSTATION_NAME": "New Sharon ", "wmType": "SECONDARY UNDERGROUND", "WKT": "LINESTRING (-79.04908556250838 36.14246129584094, -79.0501599995122 36.14197100017095)" }, "geometry": { "type": "LineString", "coordinates": [ [ -79.049085562508381, 36.142461295840938 ], [ -79.050159999512204, 36.141971000170948 ] ] } },
{ "type": "Feature", "properties": { "FEEDER_NAME": "Schley Rd. West", "SUBSTATION_NAME": "New Sharon ", "wmType": "SECONDARY UNDERGROUND", "WKT": "LINESTRING (-79.04371093953776 36.14082029086571, -79.04312842680734 36.14118155198775)" }, "geometry": { "type": "LineString", "coordinates": [ [ -79.04371093953776, 36.140820290865712 ], [ -79.043128426807343, 36.141181551987749 ] ] } },
{ "type": "Feature", "properties": { "FEEDER_NAME": "Schley Rd. West", "SUBSTATION_NAME": "New Sharon ", "wmType": "SECONDARY UNDERGROUND", "WKT": "LINESTRING (-79.0432176067578 36.14080230830588, -79.04309699952942 36.140384000401525)" }, "geometry": { "type": "LineString", "coordinates": [ [ -79.043217606757807, 36.140802308305879 ], [ -79.043096999529425, 36.140384000401525 ] ] } },
{ "type": "Feature", "properties": { "FEEDER_NAME": "Schley Rd. West", "SUBSTATION_NAME": "New Sharon ", "wmType": "SECONDARY UNDERGROUND", "WKT": "LINESTRING (-79.04799563565086 36.144220772428405, -79.04809799701411 36.1436308851623)" }, "geometry": { "type": "LineString", "coordinates": [ [ -79.047995635650864, 36.144220772428405 ], [ -79.048097997014111, 36.143630885162302 ] ] } },
{ "type": "Feature", "properties": { "FEEDER_NAME": "Schley Rd. West", "SUBSTATION_NAME": "New Sharon ", "wmType": "SECONDARY UNDERGROUND", "WKT": "LINESTRING (-79.04075687084614 36.145461102041594, -79.04105647967617 36.14512946930326)" }, "geometry": { "type": "LineString", "coordinates": [ [ -79.040756870846138, 36.145461102041594 ], [ -79.041056479676172, 36.145129469303257 ] ] } },
{ "type": "Feature", "properties": { "FEEDER_NAME": "Schley Rd. West", "SUBSTATION_NAME": "New Sharon ", "wmType": "SECONDARY UNDERGROUND", "WKT": "LINESTRING (-79.04075687084614 36.145461102041594, -79.04097205908035 36.145246166483425)" }, "geometry": { "type": "LineString", "coordinates": [ [ -79.040756870846138, 36.145461102041594 ], [ -79.040972059080346, 36.145246166483425 ] ] } },
{ "type": "Feature", "properties": { "FEEDER_NAME": "Schley Rd. West", "SUBSTATION_NAME": "New Sharon ", "wmType": "SECONDARY UNDERGROUND", "WKT": "LINESTRING (-79.03953606542177 36.14461542518772, -79.04030650730122 36.14416939469816, -79.0405166800066 36.14397455502161, -79.0406799048121 36.14406824915711, -79.04060174662932 36.14412893607678)" }, "geometry": { "type": "LineString", "coordinates": [ [ -79.039536065421771, 36.144615425187723 ], [ -79.040306507301224, 36.14416939469816 ], [ -79.040516680006604, 36.143974555021607 ], [ -79.040679904812094, 36.144068249157108 ], [ -79.040601746629321, 36.144128936076783 ] ] } },
{ "type": "Feature", "properties": { "FEEDER_NAME": "Schley Rd. West", "SUBSTATION_NAME": "New Sharon ", "wmType": "SECONDARY UNDERGROUND", "WKT": "LINESTRING (-79.03899197768848 36.14487853444143, -79.03850915994018 36.14480185581408)" }, "geometry": { "type": "LineString", "coordinates": [ [ -79.038991977688482, 36.144878534441432 ], [ -79.038509159940176, 36.14480185581408 ] ] } },
{ "type": "Feature", "properties": { "FEEDER_NAME": "Schley Rd. West", "SUBSTATION_NAME": "New Sharon ", "wmType": "SECONDARY UNDERGROUND", "WKT": "LINESTRING (-79.03899197768848 36.14487853444143, -79.03861384926167 36.144753937541005)" }, "geometry": { "type": "LineString", "coordinates": [ [ -79.038991977688482, 36.144878534441432 ], [ -79.038613849261665, 36.144753937541005 ] ] } },
{ "type": "Feature", "properties": { "FEEDER_NAME": "Schley Rd. West", "SUBSTATION_NAME": "New Sharon ", "wmType": "SECONDARY UNDERGROUND", "WKT": "LINESTRING (-79.03911918196277 36.14431644682328, -79.03940413052408 36.144143014303225)" }, "geometry": { "type": "LineString", "coordinates": [ [ -79.039119181962775, 36.144316446823282 ], [ -79.039404130524076, 36.144143014303225 ] ] } },
{ "type": "Feature", "properties": { "FEEDER_NAME": "Schley Rd. West", "SUBSTATION_NAME": "New Sharon ", "wmType": "SECONDARY UNDERGROUND", "WKT": "LINESTRING (-79.03748936394075 36.14230277961172, -79.037748192584 36.14241864631229)" }, "geometry": { "type": "LineString", "coordinates": [ [ -79.03748936394075, 36.142302779611718 ], [ -79.037748192584004, 36.142418646312287 ] ] } },
{ "type": "Feature", "properties": { "FEEDER_NAME": "Schley Rd. West", "SUBSTATION_NAME": "New Sharon ", "wmType": "SECONDARY UNDERGROUND", "WKT": "LINESTRING (-79.03475155323773 36.14226941611769, -79.03512402780395 36.142163170585405)" }, "geometry": { "type": "LineString", "coordinates": [ [ -79.034751553237726, 36.142269416117692 ], [ -79.035124027803946, 36.142163170585405 ] ] } },
{ "type": "Feature", "properties": { "FEEDER_NAME": "Schley Rd. West", "SUBSTATION_NAME": "New Sharon ", "wmType": "SECONDARY UNDERGROUND", "WKT": "LINESTRING (-79.03492581595818 36.142627866680044, -79.03505533339742 36.14299608454803)" }, "geometry": { "type": "LineString", "coordinates": [ [ -79.034925815958175, 36.142627866680044 ], [ -79.035055333397423, 36.142996084548031 ] ] } },
{ "type": "Feature", "properties": { "FEEDER_NAME": "Schley Rd. West", "SUBSTATION_NAME": "New Sharon ", "wmType": "SECONDARY UNDERGROUND", "WKT": "LINESTRING (-79.03336001547711 36.14218665420596, -79.03281496569274 36.14257661727106)" }, "geometry": { "type": "LineString", "coordinates": [ [ -79.033360015477115, 36.142186654205958 ], [ -79.032814965692737, 36.142576617271061 ] ] } },
{ "type": "Feature", "properties": { "FEEDER_NAME": "Schley Rd. West", "SUBSTATION_NAME": "New Sharon ", "wmType": "SECONDARY UNDERGROUND", "WKT": "LINESTRING (-79.03281496569274 36.14257661727106, -79.03300504316098 36.14247006738526)" }, "geometry": { "type": "LineString", "coordinates": [ [ -79.032814965692737, 36.142576617271061 ], [ -79.033005043160983, 36.142470067385261 ] ] } },
{ "type": "Feature", "properties": { "FEEDER_NAME": "Schley Rd. West", "SUBSTATION_NAME": "New Sharon ", "wmType": "SECONDARY UNDERGROUND", "WKT": "LINESTRING (-79.03281496569274 36.14257661727106, -79.03278986225652 36.14290342376552)" }, "geometry": { "type": "LineString", "coordinates": [ [ -79.032814965692737, 36.142576617271061 ], [ -79.032789862256521, 36.142903423765517 ] ] } },
{ "type": "Feature", "properties": { "FEEDER_NAME": "Schley Rd. West", "SUBSTATION_NAME": "New Sharon ", "wmType": "SECONDARY UNDERGROUND", "WKT": "LINESTRING (-79.02720963474007 36.14102629612314, -79.02749413961361 36.1411426988612)" }, "geometry": { "type": "LineString", "coordinates": [ [ -79.027209634740075, 36.141026296123137 ], [ -79.027494139613609, 36.141142698861202 ] ] } },
{ "type": "Feature", "properties": { "FEEDER_NAME": "Schley Rd. West", "SUBSTATION_NAME": "New Sharon ", "wmType": "SECONDARY UNDERGROUND", "WKT": "LINESTRING (-79.02720963474007 36.14102629612314, -79.02724048284024 36.1408357535479, -79.02728455607942 36.1407701701336, -79.02739477896802 36.140722456604635, -79.02747337623289 36.14065267111281)" }, "geometry": { "type": "LineString", "coordinates": [ [ -79.027209634740075, 36.141026296123137 ], [ -79.027240482840241, 36.140835753547897 ], [ -79.027284556079422, 36.140770170133599 ], [ -79.027394778968016, 36.140722456604635 ], [ -79.027473376232891, 36.140652671112811 ] ] } },
{ "type": "Feature", "properties": { "FEEDER_NAME": "Schley Rd. West", "SUBSTATION_NAME": "New Sharon ", "wmType": "SECONDARY UNDERGROUND", "WKT": "LINESTRING (-79.02079860563553 36.143240843367764, -79.02082196910132 36.14297903193619)" }, "geometry": { "type": "LineString", "coordinates": [ [ -79.020798605635534, 36.143240843367764 ], [ -79.02082196910132, 36.142979031936193 ] ] } },
{ "type": "Feature", "properties": { "FEEDER_NAME": "Schley Rd. West", "SUBSTATION_NAME": "New Sharon ", "wmType": "SECONDARY UNDERGROUND", "WKT": "LINESTRING (-79.02246500629415 36.146704603038074, -79.02218918493254 36.14666463122136)" }, "geometry": { "type": "LineString", "coordinates": [ [ -79.022465006294155, 36.146704603038074 ], [ -79.022189184932543, 36.146664631221363 ] ] } },
{ "type": "Feature", "properties": { "FEEDER_NAME": "Schley Rd. West", "SUBSTATION_NAME": "New Sharon ", "wmType": "SECONDARY UNDERGROUND", "WKT": "LINESTRING (-79.0186505720571 36.15086156732241, -79.01834888010198 36.15129369590692)" }, "geometry": { "type": "LineString", "coordinates": [ [ -79.018650572057098, 36.150861567322409 ], [ -79.018348880101982, 36.151293695906922 ] ] } },
{ "type": "Feature", "properties": { "FEEDER_NAME": "Schley Rd. West", "SUBSTATION_NAME": "New Sharon ", "wmType": "SECONDARY UNDERGROUND", "WKT": "LINESTRING (-78.9798122410864 36.129293517593936, -78.97967711939502 36.129285937567055)" }, "geometry": { "type": "LineString", "coordinates": [ [ -78.979812241086407, 36.129293517593936 ], [ -78.979677119395021, 36.129285937567055 ] ] } },
{ "type": "Feature", "properties": { "FEEDER_NAME": "Schley Rd. West", "SUBSTATION_NAME": "New Sharon ", "wmType": "SECONDARY UNDERGROUND", "WKT": "LINESTRING (-79.00636446487101 36.14989279979701, -79.00638308195052 36.14984998208454, -79.00641365411919 36.14978893846325, -79.00645598763705 36.14974696933889, -79.00647950399713 36.149705001196736, -79.0064818518068 36.149647773890486, -79.00645265445844 36.14962758370036)" }, "geometry": { "type": "LineString", "coordinates": [ [ -79.006364464871012, 36.149892799797009 ], [ -79.006383081950517, 36.14984998208454 ], [ -79.006413654119186, 36.149788938463253 ], [ -79.006455987637054, 36.149746969338892 ], [ -79.006479503997127, 36.149705001196736 ], [ -79.006481851806797, 36.149647773890486 ], [ -79.006452654458442, 36.149627583700358 ] ] } },
{ "type": "Feature", "properties": { "FEEDER_NAME": "Schley Rd. West", "SUBSTATION_NAME": "New Sharon ", "wmType": "SECONDARY UNDERGROUND", "WKT": "LINESTRING (-79.05287956274285 36.14276279064742, -79.05289836675281 36.14257111229982, -79.05282728284993 36.14228850737416, -79.05287544031287 36.142215944794756)" }, "geometry": { "type": "LineString", "coordinates": [ [ -79.052879562742845, 36.142762790647417 ], [ -79.052898366752814, 36.142571112299819 ], [ -79.052827282849933, 36.142288507374161 ], [ -79.052875440312874, 36.142215944794756 ] ] } },
{ "type": "Feature", "properties": { "FEEDER_NAME": "Schley Rd. West", "SUBSTATION_NAME": "New Sharon ", "wmType": "SECONDARY UNDERGROUND", "WKT": "LINESTRING (-79.01298917554384 36.13854869747112, -79.01260988895804 36.1385490120112)" }, "geometry": { "type": "LineString", "coordinates": [ [ -79.012989175543836, 36.138548697471123 ], [ -79.012609888958039, 36.138549012011197 ] ] } },
{ "type": "Feature", "properties": { "FEEDER_NAME": "Schley Rd. West", "SUBSTATION_NAME": "New Sharon ", "wmType": "SECONDARY UNDERGROUND", "WKT": "LINESTRING (-79.01606976501043 36.153174142554576, -79.01589530810831 36.15295214222152)" }, "geometry": { "type": "LineString", "coordinates": [ [ -79.016069765010428, 36.153174142554576 ], [ -79.015895308108313, 36.152952142221523 ] ] } },
{ "type": "Feature", "properties": { "FEEDER_NAME": "Schley Rd. West", "SUBSTATION_NAME": "New Sharon ", "wmType": "SECONDARY UNDERGROUND", "WKT": "LINESTRING (-79.01963222989657 36.14948166853304, -79.01976073352127 36.1493413385012)" }, "geometry": { "type": "LineString", "coordinates": [ [ -79.019632229896573, 36.149481668533042 ], [ -79.019760733521267, 36.149341338501202 ] ] } },
{ "type": "Feature", "properties": { "FEEDER_NAME": "Schley Rd. West", "SUBSTATION_NAME": "New Sharon ", "wmType": "SECONDARY UNDERGROUND", "WKT": "LINESTRING (-79.02267731137128 36.149536630084725, -79.02240545298686 36.14964527391684)" }, "geometry": { "type": "LineString", "coordinates": [ [ -79.022677311371282, 36.149536630084725 ], [ -79.02240545298686, 36.149645273916839 ] ] } },
{ "type": "Feature", "properties": { "FEEDER_NAME": "Schley Rd. West", "SUBSTATION_NAME": "New Sharon ", "wmType": "SECONDARY UNDERGROUND", "WKT": "LINESTRING (-79.0229019239821 36.14843123091148, -79.02326695403097 36.14852746780674)" }, "geometry": { "type": "LineString", "coordinates": [ [ -79.022901923982104, 36.148431230911477 ], [ -79.023266954030973, 36.148527467806737 ] ] } },
{ "type": "Feature", "properties": { "FEEDER_NAME": "Schley Rd. West", "SUBSTATION_NAME": "New Sharon ", "wmType": "SECONDARY UNDERGROUND", "WKT": "LINESTRING (-79.02227799980423 36.15333799943442, -79.02223383554 36.15366492192766, -79.02220363667243 36.153683485205725, -79.02214139672105 36.15368126867899)" }, "geometry": { "type": "LineString", "coordinates": [ [ -79.022277999804231, 36.15333799943442 ], [ -79.022233835540007, 36.153664921927657 ], [ -79.02220363667243, 36.153683485205725 ], [ -79.022141396721054, 36.153681268678987 ] ] } },
{ "type": "Feature", "properties": { "FEEDER_NAME": "Schley Rd. West", "SUBSTATION_NAME": "New Sharon ", "wmType": "SECONDARY UNDERGROUND", "WKT": "LINESTRING (-79.02385022519753 36.154860178513886, -79.0235434945091 36.155042279392376)" }, "geometry": { "type": "LineString", "coordinates": [ [ -79.023850225197535, 36.154860178513886 ], [ -79.023543494509099, 36.155042279392376 ] ] } },
{ "type": "Feature", "properties": { "FEEDER_NAME": "Schley Rd. West", "SUBSTATION_NAME": "New Sharon ", "wmType": "SECONDARY UNDERGROUND", "WKT": "LINESTRING (-79.02447891817152 36.15111620436133, -79.02470623762649 36.15038103575993)" }, "geometry": { "type": "LineString", "coordinates": [ [ -79.024478918171525, 36.15111620436133 ], [ -79.024706237626489, 36.150381035759928 ] ] } },
{ "type": "Feature", "properties": { "FEEDER_NAME": "Schley Rd. West", "SUBSTATION_NAME": "New Sharon ", "wmType": "SECONDARY UNDERGROUND", "WKT": "LINESTRING (-79.02330523664854 36.15331445230373, -79.02337217496316 36.15324092931299, -79.02349010561099 36.15320714816056, -79.02365659839623 36.153167731238696, -79.02381613600595 36.15306923815356, -79.0239444811561 36.15306640042521, -79.02406586969506 36.15299604586709)" }, "geometry": { "type": "LineString", "coordinates": [ [ -79.02330523664854, 36.153314452303732 ], [ -79.023372174963157, 36.153240929312993 ], [ -79.023490105610989, 36.153207148160561 ], [ -79.023656598396229, 36.153167731238696 ], [ -79.023816136005948, 36.153069238153563 ], [ -79.023944481156093, 36.15306640042521 ], [ -79.024065869695065, 36.152996045867091 ] ] } },
{ "type": "Feature", "properties": { "FEEDER_NAME": "Schley Rd. West", "SUBSTATION_NAME": "New Sharon ", "wmType": "SECONDARY UNDERGROUND", "WKT": "LINESTRING (-79.02566489455573 36.14704689672117, -79.02588300667 36.146739691842185)" }, "geometry": { "type": "LineString", "coordinates": [ [ -79.025664894555732, 36.147046896721172 ], [ -79.02588300667, 36.146739691842185 ] ] } },
{ "type": "Feature", "properties": { "FEEDER_NAME": "Schley Rd. West", "SUBSTATION_NAME": "New Sharon ", "wmType": "SECONDARY UNDERGROUND", "WKT": "LINESTRING (-79.02521251817556 36.147293665410686, -79.02589853134423 36.1479610431813)" }, "geometry": { "type": "LineString", "coordinates": [ [ -79.025212518175564, 36.147293665410686 ], [ -79.025898531344225, 36.147961043181297 ] ] } },
{ "type": "Feature", "properties": { "FEEDER_NAME": "Schley Rd. West", "SUBSTATION_NAME": "New Sharon ", "wmType": "SECONDARY UNDERGROUND", "WKT": "LINESTRING (-79.02449343045144 36.14252807207624, -79.02429920315205 36.14264341987155)" }, "geometry": { "type": "LineString", "coordinates": [ [ -79.024493430451443, 36.142528072076239 ], [ -79.024299203152054, 36.142643419871547 ] ] } },
{ "type": "Feature", "properties": { "FEEDER_NAME": "Schley Rd. West", "SUBSTATION_NAME": "New Sharon ", "wmType": "SECONDARY UNDERGROUND", "WKT": "LINESTRING (-79.02449343045144 36.14252807207624, -79.02463717200153 36.14158107435528)" }, "geometry": { "type": "LineString", "coordinates": [ [ -79.024493430451443, 36.142528072076239 ], [ -79.024637172001533, 36.14158107435528 ] ] } },
{ "type": "Feature", "properties": { "FEEDER_NAME": "Schley Rd. West", "SUBSTATION_NAME": "New Sharon ", "wmType": "SECONDARY UNDERGROUND", "WKT": "LINESTRING (-79.02449343045144 36.14252807207624, -79.02419827671376 36.142202587275136)" }, "geometry": { "type": "LineString", "coordinates": [ [ -79.024493430451443, 36.142528072076239 ], [ -79.024198276713761, 36.142202587275136 ] ] } },
{ "type": "Feature", "properties": { "FEEDER_NAME": "Schley Rd. West", "SUBSTATION_NAME": "New Sharon ", "wmType": "SECONDARY UNDERGROUND", "WKT": "LINESTRING (-79.02540612088424 36.14249836120517, -79.02603542832964 36.142451888305224)" }, "geometry": { "type": "LineString", "coordinates": [ [ -79.025406120884242, 36.14249836120517 ], [ -79.026035428329635, 36.142451888305224 ] ] } },
{ "type": "Feature", "properties": { "FEEDER_NAME": "Schley Rd. West", "SUBSTATION_NAME": "New Sharon ", "wmType": "SECONDARY UNDERGROUND", "WKT": "LINESTRING (-79.02564111205456 36.14162072633954, -79.0261684330493 36.14188134358598)" }, "geometry": { "type": "LineString", "coordinates": [ [ -79.025641112054558, 36.141620726339539 ], [ -79.026168433049307, 36.141881343585979 ] ] } },
{ "type": "Feature", "properties": { "FEEDER_NAME": "Schley Rd. West", "SUBSTATION_NAME": "New Sharon ", "wmType": "SECONDARY UNDERGROUND", "WKT": "LINESTRING (-79.02593077477256 36.14047882545436, -79.02617108788665 36.14069647278638)" }, "geometry": { "type": "LineString", "coordinates": [ [ -79.025930774772561, 36.140478825454359 ], [ -79.026171087886652, 36.140696472786381 ] ] } },
{ "type": "Feature", "properties": { "FEEDER_NAME": "Schley Rd. West", "SUBSTATION_NAME": "New Sharon ", "wmType": "SECONDARY UNDERGROUND", "WKT": "LINESTRING (-79.02590996277104 36.133267819894506, -79.02577623998813 36.13315292340319)" }, "geometry": { "type": "LineString", "coordinates": [ [ -79.025909962771038, 36.133267819894506 ], [ -79.025776239988133, 36.133152923403188 ] ] } },
{ "type": "Feature", "properties": { "FEEDER_NAME": "Schley Rd. West", "SUBSTATION_NAME": "New Sharon ", "wmType": "SECONDARY UNDERGROUND", "WKT": "LINESTRING (-79.02700867491333 36.13207162350315, -79.02719799485993 36.13226290568369)" }, "geometry": { "type": "LineString", "coordinates": [ [ -79.027008674913333, 36.132071623503151 ], [ -79.027197994859932, 36.132262905683689 ] ] } },
{ "type": "Feature", "properties": { "FEEDER_NAME": "Schley Rd. West", "SUBSTATION_NAME": "New Sharon ", "wmType": "SECONDARY UNDERGROUND", "WKT": "LINESTRING (-79.02719799485993 36.13226290568369, -79.02744617843169 36.13198615155348)" }, "geometry": { "type": "LineString", "coordinates": [ [ -79.027197994859932, 36.132262905683689 ], [ -79.027446178431688, 36.131986151553477 ] ] } },
{ "type": "Feature", "properties": { "FEEDER_NAME": "Schley Rd. West", "SUBSTATION_NAME": "New Sharon ", "wmType": "SECONDARY UNDERGROUND", "WKT": "LINESTRING (-79.02700867491333 36.13207162350315, -79.02724932176353 36.132060639226665)" }, "geometry": { "type": "LineString", "coordinates": [ [ -79.027008674913333, 36.132071623503151 ], [ -79.027249321763534, 36.132060639226665 ] ] } },
{ "type": "Feature", "properties": { "FEEDER_NAME": "Schley Rd. West", "SUBSTATION_NAME": "New Sharon ", "wmType": "SECONDARY UNDERGROUND", "WKT": "LINESTRING (-79.02571902495986 36.132673423990994, -79.0256250615398 36.13248852281096, -79.02557917037048 36.13246941838846, -79.02550848090841 36.13245937279946, -79.02543158958197 36.13245134088803)" }, "geometry": { "type": "LineString", "coordinates": [ [ -79.025719024959855, 36.132673423990994 ], [ -79.025625061539799, 36.132488522810959 ], [ -79.025579170370477, 36.13246941838846 ], [ -79.025508480908414, 36.13245937279946 ], [ -79.02543158958197, 36.132451340888032 ] ] } },
{ "type": "Feature", "properties": { "FEEDER_NAME": "Schley Rd. West", "SUBSTATION_NAME": "New Sharon ", "wmType": "SECONDARY UNDERGROUND", "WKT": "LINESTRING (-79.02571902495986 36.132673423990994, -79.02582594639357 36.13224274158322)" }, "geometry": { "type": "LineString", "coordinates": [ [ -79.025719024959855, 36.132673423990994 ], [ -79.025825946393567, 36.132242741583219 ] ] } },
{ "type": "Feature", "properties": { "FEEDER_NAME": "Schley Rd. West", "SUBSTATION_NAME": "New Sharon ", "wmType": "SECONDARY UNDERGROUND", "WKT": "LINESTRING (-79.02571902495986 36.132673423990994, -79.02577990822188 36.132597032596316, -79.02584496474228 36.13253631164156, -79.02593604886057 36.13247558513697, -79.02597182950501 36.132443904991916, -79.02595880349017 36.13240959461757)" }, "geometry": { "type": "LineString", "coordinates": [ [ -79.025719024959855, 36.132673423990994 ], [ -79.025779908221878, 36.132597032596316 ], [ -79.025844964742276, 36.132536311641559 ], [ -79.025936048860572, 36.132475585136973 ], [ -79.025971829505011, 36.132443904991916 ], [ -79.02595880349017, 36.13240959461757 ] ] } },
{ "type": "Feature", "properties": { "FEEDER_NAME": "Schley Rd. West", "SUBSTATION_NAME": "New Sharon ", "wmType": "SECONDARY UNDERGROUND", "WKT": "LINESTRING (-79.02194150343107 36.13377474450961, -79.02217149521252 36.13386517580745)" }, "geometry": { "type": "LineString", "coordinates": [ [ -79.021941503431066, 36.133774744509608 ], [ -79.022171495212518, 36.13386517580745 ] ] } },
{ "type": "Feature", "properties": { "FEEDER_NAME": "Schley Rd. West", "SUBSTATION_NAME": "New Sharon ", "wmType": "SECONDARY UNDERGROUND", "WKT": "LINESTRING (-79.02158894603627 36.13386114335687, -79.02175631098297 36.1341186251966)" }, "geometry": { "type": "LineString", "coordinates": [ [ -79.021588946036275, 36.133861143356867 ], [ -79.021756310982965, 36.134118625196599 ] ] } },
{ "type": "Feature", "properties": { "FEEDER_NAME": "Schley Rd. West", "SUBSTATION_NAME": "New Sharon ", "wmType": "SECONDARY UNDERGROUND", "WKT": "LINESTRING (-79.02065667034054 36.13426941619142, -79.02084290516177 36.13452518733157)" }, "geometry": { "type": "LineString", "coordinates": [ [ -79.020656670340543, 36.134269416191422 ], [ -79.020842905161771, 36.134525187331569 ] ] } },
{ "type": "Feature", "properties": { "FEEDER_NAME": "Schley Rd. West", "SUBSTATION_NAME": "New Sharon ", "wmType": "SECONDARY UNDERGROUND", "WKT": "LINESTRING (-79.01685113231757 36.13564906262953, -79.01672205412139 36.135541872881916, -79.01666786366037 36.1354938091424, -79.01660519894278 36.13541553038663, -79.01655947084363 36.135355104298846, -79.01658655847983 36.135339992559224, -79.01667459855969 36.13531663175743, -79.0167389667994 36.135311127323405)" }, "geometry": { "type": "LineString", "coordinates": [ [ -79.016851132317569, 36.135649062629533 ], [ -79.016722054121388, 36.135541872881916 ], [ -79.016667863660373, 36.135493809142403 ], [ -79.016605198942784, 36.135415530386631 ], [ -79.016559470843632, 36.135355104298846 ], [ -79.01658655847983, 36.135339992559224 ], [ -79.016674598559689, 36.135316631757433 ], [ -79.016738966799394, 36.135311127323405 ] ] } },
{ "type": "Feature", "properties": { "FEEDER_NAME": "Schley Rd. West", "SUBSTATION_NAME": "New Sharon ", "wmType": "SECONDARY UNDERGROUND", "WKT": "LINESTRING (-79.0167389667994 36.135311127323405, -79.01669237583015 36.13530632747484, -79.01663396259879 36.13531732401804, -79.01658147712719 36.135331065751124, -79.01655608209984 36.13534343033863, -79.01655100569043 36.13535853819532, -79.0165637097058 36.13538394640636, -79.01659504160276 36.1354237716291, -79.01663484193085 36.13547046479944, -79.01650132046464 36.1355159431714)" }, "geometry": { "type": "LineString", "coordinates": [ [ -79.016738966799394, 36.135311127323405 ], [ -79.016692375830146, 36.135306327474837 ], [ -79.016633962598789, 36.13531732401804 ], [ -79.01658147712719, 36.135331065751124 ], [ -79.016556082099839, 36.135343430338629 ], [ -79.016551005690431, 36.13535853819532 ], [ -79.016563709705807, 36.135383946406357 ], [ -79.016595041602756, 36.1354237716291 ], [ -79.016634841930852, 36.13547046479944 ], [ -79.016501320464641, 36.135515943171399 ] ] } },
{ "type": "Feature", "properties": { "FEEDER_NAME": "Schley Rd. West", "SUBSTATION_NAME": "New Sharon ", "wmType": "SECONDARY UNDERGROUND", "WKT": "LINESTRING (-79.0150158385371 36.134850966515835, -79.01509250721209 36.13415636947285)" }, "geometry": { "type": "LineString", "coordinates": [ [ -79.015015838537096, 36.134850966515835 ], [ -79.015092507212088, 36.134156369472848 ] ] } },
{ "type": "Feature", "properties": { "FEEDER_NAME": "Schley Rd. West", "SUBSTATION_NAME": "New Sharon ", "wmType": "SECONDARY UNDERGROUND", "WKT": "LINESTRING (-79.0149755833816 36.1363485133307, -79.0149781678983 36.13633213693212)" }, "geometry": { "type": "LineString", "coordinates": [ [ -79.014975583381599, 36.136348513330702 ], [ -79.014978167898306, 36.136332136932118 ] ] } },
{ "type": "Feature", "properties": { "FEEDER_NAME": "Schley Rd. West", "SUBSTATION_NAME": "New Sharon ", "wmType": "SECONDARY UNDERGROUND", "WKT": "LINESTRING (-79.01316066599423 36.1405541223071, -79.01312141901812 36.140926614758335, -79.0129894804605 36.140934782160386)" }, "geometry": { "type": "LineString", "coordinates": [ [ -79.013160665994235, 36.140554122307101 ], [ -79.01312141901812, 36.140926614758335 ], [ -79.012989480460504, 36.140934782160386 ] ] } },
{ "type": "Feature", "properties": { "FEEDER_NAME": "Schley Rd. West", "SUBSTATION_NAME": "New Sharon ", "wmType": "PRIMARY UNDERGROUND", "WKT": "LINESTRING (-78.97763041000736 36.12427474518904, -78.97764654143876 36.12435610716849)" }, "geometry": { "type": "LineString", "coordinates": [ [ -78.977630410007365, 36.124274745189041 ], [ -78.977646541438759, 36.124356107168488 ] ] } },
{ "type": "Feature", "properties": { "FEEDER_NAME": "Schley Rd. West", "SUBSTATION_NAME": "New Sharon ", "wmType": "PRIMARY UNDERGROUND", "WKT": "LINESTRING (-79.05328500226739 36.14388562990106, -79.05321636897898 36.14385654591829, -79.0532184183143 36.14383701653646)" }, "geometry": { "type": "LineString", "coordinates": [ [ -79.053285002267387, 36.143885629901057 ], [ -79.05321636897898, 36.14385654591829 ], [ -79.053218418314302, 36.143837016536459 ] ] } },
{ "type": "Feature", "properties": { "FEEDER_NAME": "Schley Rd. West", "SUBSTATION_NAME": "New Sharon ", "wmType": "PRIMARY UNDERGROUND", "WKT": "LINESTRING (-78.97764654143876 36.12435610716849, -78.97774270062153 36.12484110110533, -78.97798152602525 36.12483121191033, -78.97859379348776 36.12480904947454, -78.97863910355476 36.12482039390564, -78.97868032478925 36.12483926103614, -78.97873164978023 36.12482693129278, -78.9787762481554 36.12480326294717, -78.97885219240007 36.124797774115805)" }, "geometry": { "type": "LineString", "coordinates": [ [ -78.977646541438759, 36.124356107168488 ], [ -78.977742700621533, 36.124841101105332 ], [ -78.977981526025246, 36.124831211910333 ], [ -78.978593793487761, 36.124809049474543 ], [ -78.978639103554755, 36.124820393905637 ], [ -78.978680324789252, 36.124839261036144 ], [ -78.978731649780229, 36.12482693129278 ], [ -78.978776248155398, 36.124803262947168 ], [ -78.978852192400069, 36.124797774115805 ] ] } },
{ "type": "Feature", "properties": { "FEEDER_NAME": "Schley Rd. West", "SUBSTATION_NAME": "New Sharon ", "wmType": "PRIMARY UNDERGROUND", "WKT": "LINESTRING (-79.0532184183143 36.14383701653646, -79.05325540561654 36.14348463413175, -79.05316319020453 36.1434099199865, -79.05329543426167 36.14304075956586, -79.05298415822622 36.14270916888204, -79.05287956274285 36.14276279064742)" }, "geometry": { "type": "LineString", "coordinates": [ [ -79.053218418314302, 36.143837016536459 ], [ -79.05325540561654, 36.143484634131752 ], [ -79.053163190204529, 36.143409919986503 ], [ -79.05329543426167, 36.143040759565856 ], [ -79.052984158226224, 36.142709168882043 ], [ -79.052879562742845, 36.142762790647417 ] ] } },
{ "type": "Feature", "properties": { "FEEDER_NAME": "Schley Rd. West", "SUBSTATION_NAME": "New Sharon ", "wmType": "PRIMARY UNDERGROUND", "WKT": "LINESTRING (-78.97714541024247 36.12248774100421, -78.97715425358142 36.12256983624949)" }, "geometry": { "type": "LineString", "coordinates": [ [ -78.977145410242471, 36.122487741004207 ], [ -78.977154253581418, 36.12256983624949 ] ] } },
{ "type": "Feature", "properties": { "FEEDER_NAME": "Schley Rd. West", "SUBSTATION_NAME": "New Sharon ", "wmType": "PRIMARY UNDERGROUND", "WKT": "LINESTRING (-78.97715425358142 36.12256983624949, -78.97718429359601 36.12284869202707, -78.97770311610465 36.12276713568705, -78.97771441083538 36.122731742089975)" }, "geometry": { "type": "LineString", "coordinates": [ [ -78.977154253581418, 36.12256983624949 ], [ -78.977184293596011, 36.12284869202707 ], [ -78.977703116104649, 36.122767135687049 ], [ -78.977714410835375, 36.122731742089975 ] ] } },
{ "type": "Feature", "properties": { "FEEDER_NAME": "Schley Rd. West", "SUBSTATION_NAME": "New Sharon ", "wmType": "PRIMARY UNDERGROUND", "WKT": "LINESTRING (-79.01302195467213 36.13937216637884, -79.01307527252533 36.139442313425356)" }, "geometry": { "type": "LineString", "coordinates": [ [ -79.013021954672126, 36.139372166378841 ], [ -79.013075272525327, 36.139442313425356 ] ] } },
{ "type": "Feature", "properties": { "FEEDER_NAME": "Schley Rd. West", "SUBSTATION_NAME": "New Sharon ", "wmType": "PRIMARY UNDERGROUND", "WKT": "LINESTRING (-79.01307527252533 36.139442313425356, -79.01313656183349 36.13952294708244, -79.01316066599423 36.1405541223071)" }, "geometry": { "type": "LineString", "coordinates": [ [ -79.013075272525327, 36.139442313425356 ], [ -79.013136561833491, 36.13952294708244 ], [ -79.013160665994235, 36.140554122307101 ] ] } },
{ "type": "Feature", "properties": { "FEEDER_NAME": "Schley Rd. West", "SUBSTATION_NAME": "New Sharon ", "wmType": "PRIMARY UNDERGROUND", "WKT": "LINESTRING (-78.9780807013679 36.12914545416589, -78.97817931416131 36.129125672809124)" }, "geometry": { "type": "LineString", "coordinates": [ [ -78.978080701367901, 36.129145454165887 ], [ -78.978179314161309, 36.129125672809124 ] ] } },
{ "type": "Feature", "properties": { "FEEDER_NAME": "Schley Rd. West", "SUBSTATION_NAME": "New Sharon ", "wmType": "PRIMARY UNDERGROUND", "WKT": "LINESTRING (-78.97817931416131 36.129125672809124, -78.97822577087771 36.12911635432148, -78.9784611005125 36.129098554446145, -78.97859962475664 36.129218117947644, -78.97897123354555 36.12950186500037, -78.97941112160312 36.12939845771999, -78.97950569497229 36.1293877688631, -78.9798122410864 36.129293517593936)" }, "geometry": { "type": "LineString", "coordinates": [ [ -78.978179314161309, 36.129125672809124 ], [ -78.978225770877714, 36.129116354321482 ], [ -78.978461100512504, 36.129098554446145 ], [ -78.97859962475664, 36.129218117947644 ], [ -78.97897123354555, 36.129501865000371 ], [ -78.979411121603121, 36.129398457719986 ], [ -78.979505694972289, 36.129387768863097 ], [ -78.979812241086407, 36.129293517593936 ] ] } },
{ "type": "Feature", "properties": { "FEEDER_NAME": "Schley Rd. West", "SUBSTATION_NAME": "New Sharon ", "wmType": "PRIMARY UNDERGROUND", "WKT": "LINESTRING (-78.98220868422759 36.147225537605266, -78.98212910333469 36.14722091809195, -78.98210742265326 36.147218914223934)" }, "geometry": { "type": "LineString", "coordinates": [ [ -78.982208684227587, 36.147225537605266 ], [ -78.982129103334685, 36.147220918091953 ], [ -78.982107422653257, 36.147218914223934 ] ] } },
{ "type": "Feature", "properties": { "FEEDER_NAME": "Schley Rd. West", "SUBSTATION_NAME": "New Sharon ", "wmType": "PRIMARY UNDERGROUND", "WKT": "LINESTRING (-78.98210742265326 36.147218914223934, -78.98189313375387 36.14719910731779, -78.98184236644029 36.14704252514726, -78.98185262415073 36.146611261176226, -78.98188541580913 36.14657578963833)" }, "geometry": { "type": "LineString", "coordinates": [ [ -78.982107422653257, 36.147218914223934 ], [ -78.981893133753871, 36.147199107317789 ], [ -78.98184236644029, 36.147042525147263 ], [ -78.981852624150733, 36.146611261176226 ], [ -78.981885415809131, 36.146575789638327 ] ] } },
{ "type": "Feature", "properties": { "FEEDER_NAME": "Schley Rd. West", "SUBSTATION_NAME": "New Sharon ", "wmType": "PRIMARY UNDERGROUND", "WKT": "LINESTRING (-78.98006604938864 36.14700572693906, -78.98006016493096 36.14700012221607, -78.9800200897429 36.14693248027943)" }, "geometry": { "type": "LineString", "coordinates": [ [ -78.98006604938864, 36.147005726939057 ], [ -78.980060164930961, 36.14700012221607 ], [ -78.980020089742894, 36.146932480279432 ] ] } },
{ "type": "Feature", "properties": { "FEEDER_NAME": "Schley Rd. West", "SUBSTATION_NAME": "New Sharon ", "wmType": "PRIMARY UNDERGROUND", "WKT": "LINESTRING (-78.9800200897429 36.14693248027943, -78.97997552962462 36.14685726917698, -78.98005344774784 36.14677212774419, -78.98022282671747 36.14661832836031, -78.98037525625665 36.14652495710396, -78.98059543002276 36.14640138131814, -78.98060898651701 36.14636292674389, -78.98061541261183 36.146361789524974)" }, "geometry": { "type": "LineString", "coordinates": [ [ -78.980020089742894, 36.146932480279432 ], [ -78.979975529624625, 36.146857269176977 ], [ -78.980053447747835, 36.146772127744192 ], [ -78.980222826717466, 36.146618328360312 ], [ -78.98037525625665, 36.146524957103964 ], [ -78.98059543002276, 36.146401381318142 ], [ -78.980608986517012, 36.14636292674389 ], [ -78.980615412611826, 36.146361789524974 ] ] } },
{ "type": "Feature", "properties": { "FEEDER_NAME": "Schley Rd. West", "SUBSTATION_NAME": "New Sharon ", "wmType": "PRIMARY UNDERGROUND", "WKT": "LINESTRING (-79.00975327946603 36.14211856774669, -79.00985434046068 36.14212703831458)" }, "geometry": { "type": "LineString", "coordinates": [ [ -79.009753279466025, 36.142118567746692 ], [ -79.009854340460677, 36.142127038314577 ] ] } },
{ "type": "Feature", "properties": { "FEEDER_NAME": "Schley Rd. West", "SUBSTATION_NAME": "New Sharon ", "wmType": "PRIMARY UNDERGROUND", "WKT": "LINESTRING (-79.00985434046068 36.14212703831458, -79.0108774760339 36.142212784604304)" }, "geometry": { "type": "LineString", "coordinates": [ [ -79.009854340460677, 36.142127038314577 ], [ -79.010877476033897, 36.142212784604304 ] ] } },
{ "type": "Feature", "properties": { "FEEDER_NAME": "Schley Rd. West", "SUBSTATION_NAME": "New Sharon ", "wmType": "PRIMARY UNDERGROUND", "WKT": "LINESTRING (-79.05080702297673 36.14389871490137, -79.05081077815238 36.14389980922343, -79.05082516988251 36.143853016521525, -79.05082015491361 36.14382234024554)" }, "geometry": { "type": "LineString", "coordinates": [ [ -79.050807022976727, 36.143898714901368 ], [ -79.050810778152382, 36.143899809223427 ], [ -79.050825169882515, 36.143853016521525 ], [ -79.050820154913609, 36.143822340245542 ] ] } },
{ "type": "Feature", "properties": { "FEEDER_NAME": "Schley Rd. West", "SUBSTATION_NAME": "New Sharon ", "wmType": "PRIMARY UNDERGROUND", "WKT": "LINESTRING (-79.05082015491361 36.14382234024554, -79.0508049025597 36.14372904078275, -79.05081350318352 36.14364716065977, -79.05089128135569 36.14349741170055, -79.0510410946244 36.143240022713236, -79.05111600943636 36.14312302504711, -79.0511025580038 36.143113790474295)" }, "geometry": { "type": "LineString", "coordinates": [ [ -79.050820154913609, 36.143822340245542 ], [ -79.050804902559705, 36.143729040782752 ], [ -79.05081350318352, 36.143647160659768 ], [ -79.050891281355689, 36.143497411700551 ], [ -79.051041094624395, 36.143240022713236 ], [ -79.051116009436356, 36.14312302504711 ], [ -79.051102558003805, 36.143113790474295 ] ] } },
{ "type": "Feature", "properties": { "FEEDER_NAME": "Schley Rd. West", "SUBSTATION_NAME": "New Sharon ", "wmType": "PRIMARY UNDERGROUND", "WKT": "LINESTRING (-78.99541398616465 36.16135874674354, -78.99540230441484 36.16128446490531)" }, "geometry": { "type": "LineString", "coordinates": [ [ -78.99541398616465, 36.161358746743538 ], [ -78.995402304414839, 36.161284464905307 ] ] } },
{ "type": "Feature", "properties": { "FEEDER_NAME": "Schley Rd. West", "SUBSTATION_NAME": "New Sharon ", "wmType": "PRIMARY UNDERGROUND", "WKT": "LINESTRING (-79.0160014269581 36.14213470634459, -79.01599536385903 36.142096391833824)" }, "geometry": { "type": "LineString", "coordinates": [ [ -79.016001426958098, 36.142134706344592 ], [ -79.015995363859034, 36.142096391833824 ] ] } },
{ "type": "Feature", "properties": { "FEEDER_NAME": "Schley Rd. West", "SUBSTATION_NAME": "New Sharon ", "wmType": "PRIMARY UNDERGROUND", "WKT": "LINESTRING (-79.01123916513205 36.138730438556934, -79.01125364262649 36.138757800963255)" }, "geometry": { "type": "LineString", "coordinates": [ [ -79.011239165132054, 36.138730438556934 ], [ -79.011253642626485, 36.138757800963255 ] ] } }
]
}
