{
"type": "FeatureCollection",
"crs": { "type": "name", "properties": { "name": "urn:ogc:def:crs:OGC:1.3:CRS84" } },
"features": [
{ "type": "Feature", "properties": { "wmUplineSo": "CROMWELL", "wmType": "Overhead" }, "geometry": { "type": "LineString", "coordinates": [ [ -92.924437582926004, 46.636512714544899 ], [ -92.924446049370005, 46.636148528809699 ], [ -92.924446054389804, 46.636148312880998 ] ] } },
{ "type": "Feature", "properties": { "wmUplineSo": "CROMWELL", "wmType": "Overhead" }, "geometry": { "type": "LineString", "coordinates": [ [ -92.924437582926004, 46.636512714544899 ], [ -92.924443503657699, 46.636514972518398 ], [ -92.924524680792203, 46.636545930773003 ] ] } },
{ "type": "Feature", "properties": { "wmUplineSo": "CROMWELL", "wmType": "Overhead" }, "geometry": { "type": "LineString", "coordinates": [ [ -92.916291242550898, 46.664656686260997 ], [ -92.916376858948595, 46.664621639074703 ] ] } },
{ "type": "Feature", "properties": { "wmUplineSo": "CROMWELL", "wmType": "Overhead" }, "geometry": { "type": "LineString", "coordinates": [ [ -92.916696008828097, 46.679211960326001 ], [ -92.917991203383707, 46.679265496104897 ] ] } },
{ "type": "Feature", "properties": { "wmUplineSo": "CROMWELL", "wmType": "Overhead" }, "geometry": { "type": "LineString", "coordinates": [ [ -92.897194278440693, 46.650187250583301 ], [ -92.897497443031895, 46.650340736423601 ] ] } },
{ "type": "Feature", "properties": { "wmUplineSo": "CROMWELL", "wmType": "Overhead" }, "geometry": { "type": "LineString", "coordinates": [ [ -92.929584245975406, 46.639927838604798 ], [ -92.929463304245402, 46.640229400826001 ] ] } },
{ "type": "Feature", "properties": { "wmUplineSo": "CROMWELL", "wmType": "Overhead" }, "geometry": { "type": "LineString", "coordinates": [ [ -92.924868747537701, 46.644500293697497 ], [ -92.925381039668906, 46.644628342058397 ] ] } },
{ "type": "Feature", "properties": { "wmUplineSo": "CROMWELL", "wmType": "Overhead" }, "geometry": { "type": "LineString", "coordinates": [ [ -92.951242168602604, 46.679513094197503 ], [ -92.951160625279499, 46.680167375141899 ] ] } },
{ "type": "Feature", "properties": { "wmUplineSo": "CROMWELL", "wmType": "Overhead" }, "geometry": { "type": "LineString", "coordinates": [ [ -92.935352983777193, 46.678764894765997 ], [ -92.936454481978501, 46.679084051149601 ], [ -92.936454481978501, 46.679084051149601 ] ] } },
{ "type": "Feature", "properties": { "wmUplineSo": "CROMWELL", "wmType": "Overhead" }, "geometry": { "type": "LineString", "coordinates": [ [ -92.950064863341396, 46.679199068029902 ], [ -92.951236085917699, 46.679202260176602 ] ] } },
{ "type": "Feature", "properties": { "wmUplineSo": "CROMWELL", "wmType": "Overhead" }, "geometry": { "type": "LineString", "coordinates": [ [ -92.934375061319201, 46.6781251657547 ], [ -92.934684761058307, 46.677166109002997 ], [ -92.935693548102805, 46.676618875432602 ], [ -92.935737099541299, 46.676595249768702 ], [ -92.9367686903839, 46.675998177641901 ], [ -92.938131970754895, 46.675734624848999 ] ] } },
{ "type": "Feature", "properties": { "wmUplineSo": "CROMWELL", "wmType": "Overhead" }, "geometry": { "type": "LineString", "coordinates": [ [ -92.975277459937203, 46.679313633370903 ], [ -92.976548490010899, 46.6793335200936 ], [ -92.977765970798401, 46.679352555724002 ] ] } },
{ "type": "Feature", "properties": { "wmUplineSo": "CROMWELL", "wmType": "Overhead" }, "geometry": { "type": "LineString", "coordinates": [ [ -92.977765970798401, 46.679352555724002 ], [ -92.979337999932895, 46.679368114528202 ] ] } },
{ "type": "Feature", "properties": { "wmUplineSo": "CROMWELL", "wmType": "Overhead" }, "geometry": { "type": "LineString", "coordinates": [ [ -92.979337999932895, 46.679368114528202 ], [ -92.980825873422802, 46.679400212365799 ] ] } },
{ "type": "Feature", "properties": { "wmUplineSo": "CROMWELL", "wmType": "Overhead" }, "geometry": { "type": "LineString", "coordinates": [ [ -92.932004327405494, 46.636644501195804 ], [ -92.932337737840697, 46.637358213795203 ] ] } },
{ "type": "Feature", "properties": { "wmUplineSo": "CROMWELL", "wmType": "Overhead" }, "geometry": { "type": "LineString", "coordinates": [ [ -92.927783952888504, 46.635903184573699 ], [ -92.928818414306605, 46.635872630884698 ] ] } },
{ "type": "Feature", "properties": { "wmUplineSo": "CROMWELL", "wmType": "Overhead" }, "geometry": { "type": "LineString", "coordinates": [ [ -92.928818414306605, 46.635872630884698 ], [ -92.928697, 46.636088000008399 ] ] } },
{ "type": "Feature", "properties": { "wmUplineSo": "CROMWELL", "wmType": "Overhead" }, "geometry": { "type": "LineString", "coordinates": [ [ -92.928818414306605, 46.635872630884698 ], [ -92.929432393608295, 46.635862367351301 ] ] } },
{ "type": "Feature", "properties": { "wmUplineSo": "CROMWELL", "wmType": "Overhead" }, "geometry": { "type": "LineString", "coordinates": [ [ -92.954511623417403, 46.679190174097002 ], [ -92.954532240285502, 46.679190308422903 ], [ -92.954532240285502, 46.679190308422903 ], [ -92.955173194114707, 46.679194482600998 ], [ -92.956268452070304, 46.679201607099898 ], [ -92.956268452070304, 46.679201607099898 ] ] } },
{ "type": "Feature", "properties": { "wmUplineSo": "CROMWELL", "wmType": "Overhead" }, "geometry": { "type": "LineString", "coordinates": [ [ -92.959571532190793, 46.686727128953002 ], [ -92.959542561899298, 46.687546229809698 ], [ -92.959508963478498, 46.688496154107902 ], [ -92.959474901004597, 46.689459164036201 ], [ -92.959439255007197, 46.690466905952597 ], [ -92.959406084538401, 46.691404628465598 ] ] } },
{ "type": "Feature", "properties": { "wmUplineSo": "CROMWELL", "wmType": "Overhead" }, "geometry": { "type": "LineString", "coordinates": [ [ -92.9166998, 46.6805370000084 ], [ -92.916701016296201, 46.680929003432198 ] ] } },
{ "type": "Feature", "properties": { "wmUplineSo": "CROMWELL", "wmType": "Overhead" }, "geometry": { "type": "LineString", "coordinates": [ [ -92.916716813333593, 46.683350792829202 ], [ -92.916705006818404, 46.683886967734999 ] ] } },
{ "type": "Feature", "properties": { "wmUplineSo": "CROMWELL", "wmType": "Overhead" }, "geometry": { "type": "LineString", "coordinates": [ [ -92.923803073355202, 46.638524530393497 ], [ -92.924183384566604, 46.639103277033001 ] ] } },
{ "type": "Feature", "properties": { "wmUplineSo": "CROMWELL", "wmType": "Overhead" }, "geometry": { "type": "LineString", "coordinates": [ [ -92.924183384566604, 46.639103277033001 ], [ -92.9243061, 46.6392066000084 ] ] } },
{ "type": "Feature", "properties": { "wmUplineSo": "CROMWELL", "wmType": "Overhead" }, "geometry": { "type": "LineString", "coordinates": [ [ -92.919009706463598, 46.6387863647399 ], [ -92.919345180492599, 46.638686596405499 ] ] } },
{ "type": "Feature", "properties": { "wmUplineSo": "CROMWELL", "wmType": "Overhead" }, "geometry": { "type": "LineString", "coordinates": [ [ -92.915536090412402, 46.679202920020302 ], [ -92.916696008828097, 46.679211960326001 ] ] } },
{ "type": "Feature", "properties": { "wmUplineSo": "CROMWELL", "wmType": "Overhead" }, "geometry": { "type": "LineString", "coordinates": [ [ -92.916696008828097, 46.679211960326001 ], [ -92.916633686562093, 46.679265463480903 ] ] } },
{ "type": "Feature", "properties": { "wmUplineSo": "CROMWELL", "wmType": "Overhead" }, "geometry": { "type": "LineString", "coordinates": [ [ -92.893635397586095, 46.650188710100899 ], [ -92.893600657484001, 46.650252976724602 ] ] } },
{ "type": "Feature", "properties": { "wmUplineSo": "CROMWELL", "wmType": "Overhead" }, "geometry": { "type": "LineString", "coordinates": [ [ -92.914458931985905, 46.655833670483901 ], [ -92.913181482819198, 46.655908662880798 ] ] } },
{ "type": "Feature", "properties": { "wmUplineSo": "CROMWELL", "wmType": "Overhead" }, "geometry": { "type": "LineString", "coordinates": [ [ -92.913181482819198, 46.655908662880798 ], [ -92.9132081, 46.655897600008402 ] ] } },
{ "type": "Feature", "properties": { "wmUplineSo": "CROMWELL", "wmType": "Overhead" }, "geometry": { "type": "LineString", "coordinates": [ [ -92.892274677852399, 46.657521346939703 ], [ -92.891920230094598, 46.657823828866398 ] ] } },
{ "type": "Feature", "properties": { "wmUplineSo": "CROMWELL", "wmType": "Overhead" }, "geometry": { "type": "LineString", "coordinates": [ [ -92.891920230094598, 46.657823828866398 ], [ -92.891933, 46.657816300008399 ] ] } },
{ "type": "Feature", "properties": { "wmUplineSo": "CROMWELL", "wmType": "Overhead" }, "geometry": { "type": "LineString", "coordinates": [ [ -92.959965613601895, 46.679211021427797 ], [ -92.9599591, 46.679227500008402 ] ] } },
{ "type": "Feature", "properties": { "wmUplineSo": "CROMWELL", "wmType": "Overhead" }, "geometry": { "type": "LineString", "coordinates": [ [ -92.916284951603899, 46.665012483482599 ], [ -92.915036528895996, 46.664845699150298 ] ] } },
{ "type": "Feature", "properties": { "wmUplineSo": "CROMWELL", "wmType": "Overhead" }, "geometry": { "type": "LineString", "coordinates": [ [ -92.897576886836305, 46.664945283317998 ], [ -92.897220736328094, 46.664947559506999 ] ] } },
{ "type": "Feature", "properties": { "wmUplineSo": "CROMWELL", "wmType": "Overhead" }, "geometry": { "type": "LineString", "coordinates": [ [ -92.893597947216094, 46.6517428163394 ], [ -92.893615728290598, 46.651204589256203 ], [ -92.893631358295906, 46.650988090232303 ] ] } },
{ "type": "Feature", "properties": { "wmUplineSo": "CROMWELL", "wmType": "Overhead" }, "geometry": { "type": "LineString", "coordinates": [ [ -92.896031018142295, 46.664983182799602 ], [ -92.894784466559202, 46.665019141972103 ] ] } },
{ "type": "Feature", "properties": { "wmUplineSo": "CROMWELL", "wmType": "Overhead" }, "geometry": { "type": "LineString", "coordinates": [ [ -92.907078519238695, 46.664813816831597 ], [ -92.906133101325693, 46.664819264244798 ], [ -92.906066532058503, 46.664819647516502 ] ] } },
{ "type": "Feature", "properties": { "wmUplineSo": "CROMWELL", "wmType": "Overhead" }, "geometry": { "type": "LineString", "coordinates": [ [ -92.894080474467003, 46.660627210890297 ], [ -92.893955944775399, 46.6598494964067 ] ] } },
{ "type": "Feature", "properties": { "wmUplineSo": "CROMWELL", "wmType": "Overhead" }, "geometry": { "type": "LineString", "coordinates": [ [ -92.909298864408697, 46.6648134360263 ], [ -92.908761024603194, 46.664813913303597 ], [ -92.908195000137795, 46.664814412861602 ] ] } },
{ "type": "Feature", "properties": { "wmUplineSo": "CROMWELL", "wmType": "Overhead" }, "geometry": { "type": "LineString", "coordinates": [ [ -92.913766482497095, 46.664833130264 ], [ -92.912636840180895, 46.664819426953699 ] ] } },
{ "type": "Feature", "properties": { "wmUplineSo": "CROMWELL", "wmType": "Overhead" }, "geometry": { "type": "LineString", "coordinates": [ [ -92.910416000132102, 46.6648129850592 ], [ -92.910041034951007, 46.664813137641801 ], [ -92.909298864408697, 46.6648134360263 ] ] } },
{ "type": "Feature", "properties": { "wmUplineSo": "CROMWELL", "wmType": "Overhead" }, "geometry": { "type": "LineString", "coordinates": [ [ -92.893618496390403, 46.653246690554901 ], [ -92.893619755260104, 46.653034921630898 ], [ -92.893622934600003, 46.652500079885002 ] ] } },
{ "type": "Feature", "properties": { "wmUplineSo": "CROMWELL", "wmType": "Overhead" }, "geometry": { "type": "LineString", "coordinates": [ [ -92.906066532058503, 46.664819647516502 ], [ -92.904876602630196, 46.664815704775201 ] ] } },
{ "type": "Feature", "properties": { "wmUplineSo": "CROMWELL", "wmType": "Overhead" }, "geometry": { "type": "LineString", "coordinates": [ [ -92.911523000109, 46.664811457331901 ], [ -92.911286375540598, 46.664811784788199 ], [ -92.910416000132102, 46.6648129850592 ] ] } },
{ "type": "Feature", "properties": { "wmUplineSo": "CROMWELL", "wmType": "Overhead" }, "geometry": { "type": "LineString", "coordinates": [ [ -92.893622934600003, 46.652500079885002 ], [ -92.893611503415102, 46.652153650842898 ], [ -92.893597947216094, 46.6517428163394 ] ] } },
{ "type": "Feature", "properties": { "wmUplineSo": "CROMWELL", "wmType": "Overhead" }, "geometry": { "type": "LineString", "coordinates": [ [ -92.893635397586095, 46.650188710100899 ], [ -92.894568891833401, 46.6501869736095 ] ] } },
{ "type": "Feature", "properties": { "wmUplineSo": "CROMWELL", "wmType": "Overhead" }, "geometry": { "type": "LineString", "coordinates": [ [ -92.897179703392297, 46.650183073105502 ], [ -92.897194278440693, 46.650187250583301 ] ] } },
{ "type": "Feature", "properties": { "wmUplineSo": "CROMWELL", "wmType": "Overhead" }, "geometry": { "type": "LineString", "coordinates": [ [ -92.894568891833401, 46.6501869736095 ], [ -92.895279572103604, 46.650184694153701 ] ] } },
{ "type": "Feature", "properties": { "wmUplineSo": "CROMWELL", "wmType": "Overhead" }, "geometry": { "type": "LineString", "coordinates": [ [ -92.893596751199595, 46.656900003334698 ], [ -92.893597230789496, 46.656575526976901 ], [ -92.893597744264497, 46.656228118133697 ] ] } },
{ "type": "Feature", "properties": { "wmUplineSo": "CROMWELL", "wmType": "Overhead" }, "geometry": { "type": "LineString", "coordinates": [ [ -92.915036528895996, 46.664845699150298 ], [ -92.913766482497095, 46.664833130264 ] ] } },
{ "type": "Feature", "properties": { "wmUplineSo": "CROMWELL", "wmType": "Overhead" }, "geometry": { "type": "LineString", "coordinates": [ [ -92.904876602630196, 46.664815704775201 ], [ -92.904717845426006, 46.664816179162599 ], [ -92.903737638826101, 46.664819103270403 ] ] } },
{ "type": "Feature", "properties": { "wmUplineSo": "CROMWELL", "wmType": "Overhead" }, "geometry": { "type": "LineString", "coordinates": [ [ -92.894326044140797, 46.662177806045598 ], [ -92.894201999373706, 46.661405695184101 ] ] } },
{ "type": "Feature", "properties": { "wmUplineSo": "CROMWELL", "wmType": "Overhead" }, "geometry": { "type": "LineString", "coordinates": [ [ -92.908195000137795, 46.664814412861602 ], [ -92.907417100592497, 46.664813998733202 ], [ -92.907078519238695, 46.664813816831597 ] ] } },
{ "type": "Feature", "properties": { "wmUplineSo": "CROMWELL", "wmType": "Overhead" }, "geometry": { "type": "LineString", "coordinates": [ [ -92.897179703392297, 46.650183073105502 ], [ -92.898440648854205, 46.650272277157903 ] ] } },
{ "type": "Feature", "properties": { "wmUplineSo": "CROMWELL", "wmType": "Overhead" }, "geometry": { "type": "LineString", "coordinates": [ [ -92.893609877277797, 46.654065890506502 ], [ -92.893613539206001, 46.653717847362302 ], [ -92.893618496390403, 46.653246690554901 ] ] } },
{ "type": "Feature", "properties": { "wmUplineSo": "CROMWELL", "wmType": "Overhead" }, "geometry": { "type": "LineString", "coordinates": [ [ -92.893707752871705, 46.658325874060502 ], [ -92.893593261144801, 46.657582278373198 ] ] } },
{ "type": "Feature", "properties": { "wmUplineSo": "CROMWELL", "wmType": "Overhead" }, "geometry": { "type": "LineString", "coordinates": [ [ -92.894784466559202, 46.665019141972103 ], [ -92.894696200967701, 46.664501436117597 ] ] } },
{ "type": "Feature", "properties": { "wmUplineSo": "CROMWELL", "wmType": "Overhead" }, "geometry": { "type": "LineString", "coordinates": [ [ -92.894696200967701, 46.664501436117597 ], [ -92.894575730114298, 46.663726929558898 ] ] } },
{ "type": "Feature", "properties": { "wmUplineSo": "CROMWELL", "wmType": "Overhead" }, "geometry": { "type": "LineString", "coordinates": [ [ -92.893607766202294, 46.654840433456002 ], [ -92.893608377480405, 46.654616161590098 ], [ -92.893609877277797, 46.654065890506502 ] ] } },
{ "type": "Feature", "properties": { "wmUplineSo": "CROMWELL", "wmType": "Overhead" }, "geometry": { "type": "LineString", "coordinates": [ [ -92.894450029535804, 46.6629523970078 ], [ -92.894326044140797, 46.662177806045598 ] ] } },
{ "type": "Feature", "properties": { "wmUplineSo": "CROMWELL", "wmType": "Overhead" }, "geometry": { "type": "LineString", "coordinates": [ [ -92.899526186679296, 46.664892368944699 ], [ -92.898569420685305, 46.664915562739999 ] ] } },
{ "type": "Feature", "properties": { "wmUplineSo": "CROMWELL", "wmType": "Overhead" }, "geometry": { "type": "LineString", "coordinates": [ [ -92.895279572103604, 46.650184694153701 ], [ -92.895965710667497, 46.6501861480399 ] ] } },
{ "type": "Feature", "properties": { "wmUplineSo": "CROMWELL", "wmType": "Overhead" }, "geometry": { "type": "LineString", "coordinates": [ [ -92.893631358295906, 46.650988090232303 ], [ -92.893635397586095, 46.650188710100899 ] ] } },
{ "type": "Feature", "properties": { "wmUplineSo": "CROMWELL", "wmType": "Overhead" }, "geometry": { "type": "LineString", "coordinates": [ [ -92.894575730114298, 46.663726929558898 ], [ -92.894450029535804, 46.6629523970078 ] ] } },
{ "type": "Feature", "properties": { "wmUplineSo": "CROMWELL", "wmType": "Overhead" }, "geometry": { "type": "LineString", "coordinates": [ [ -92.893594545296395, 46.655540983347997 ], [ -92.893607766202294, 46.654840433456002 ] ] } },
{ "type": "Feature", "properties": { "wmUplineSo": "CROMWELL", "wmType": "Overhead" }, "geometry": { "type": "LineString", "coordinates": [ [ -92.916317317608005, 46.665829905547298 ], [ -92.916284951603899, 46.665012483482599 ] ] } },
{ "type": "Feature", "properties": { "wmUplineSo": "CROMWELL", "wmType": "Overhead" }, "geometry": { "type": "LineString", "coordinates": [ [ -92.898096104708003, 46.6498965760115 ], [ -92.8977435, 46.649635800008397 ] ] } },
{ "type": "Feature", "properties": { "wmUplineSo": "CROMWELL", "wmType": "Overhead" }, "geometry": { "type": "LineString", "coordinates": [ [ -92.898569420685305, 46.664915562739999 ], [ -92.897576886836305, 46.664945283317998 ] ] } },
{ "type": "Feature", "properties": { "wmUplineSo": "CROMWELL", "wmType": "Overhead" }, "geometry": { "type": "LineString", "coordinates": [ [ -92.893955944775399, 46.6598494964067 ], [ -92.893830515093995, 46.659077555784201 ] ] } },
{ "type": "Feature", "properties": { "wmUplineSo": "CROMWELL", "wmType": "Overhead" }, "geometry": { "type": "LineString", "coordinates": [ [ -92.893597744264497, 46.656228118133697 ], [ -92.893599941910196, 46.655954621933503 ], [ -92.893594545296395, 46.655540983347997 ] ] } },
{ "type": "Feature", "properties": { "wmUplineSo": "CROMWELL", "wmType": "Overhead" }, "geometry": { "type": "LineString", "coordinates": [ [ -92.902596310834795, 46.664816924693199 ], [ -92.901434824770504, 46.664841703961599 ] ] } },
{ "type": "Feature", "properties": { "wmUplineSo": "CROMWELL", "wmType": "Overhead" }, "geometry": { "type": "LineString", "coordinates": [ [ -92.894201999373706, 46.661405695184101 ], [ -92.894080474467003, 46.660627210890297 ] ] } },
{ "type": "Feature", "properties": { "wmUplineSo": "CROMWELL", "wmType": "Overhead" }, "geometry": { "type": "LineString", "coordinates": [ [ -92.893593261144801, 46.657582278373198 ], [ -92.893596751199595, 46.656900003334698 ] ] } },
{ "type": "Feature", "properties": { "wmUplineSo": "CROMWELL", "wmType": "Overhead" }, "geometry": { "type": "LineString", "coordinates": [ [ -92.897220736328094, 46.664947559506999 ], [ -92.896031018142295, 46.664983182799602 ] ] } },
{ "type": "Feature", "properties": { "wmUplineSo": "CROMWELL", "wmType": "Overhead" }, "geometry": { "type": "LineString", "coordinates": [ [ -92.915598729334405, 46.640047706350501 ], [ -92.916055149591898, 46.639863618739099 ], [ -92.916924020559193, 46.6394981644995 ] ] } },
{ "type": "Feature", "properties": { "wmUplineSo": "CROMWELL", "wmType": "Overhead" }, "geometry": { "type": "LineString", "coordinates": [ [ -92.900018661854602, 46.651176273462198 ], [ -92.900389074557296, 46.651111577857698 ] ] } },
{ "type": "Feature", "properties": { "wmUplineSo": "CROMWELL", "wmType": "Overhead" }, "geometry": { "type": "LineString", "coordinates": [ [ -92.916055666625894, 46.660445984020498 ], [ -92.915986813044498, 46.659637871897203 ] ] } },
{ "type": "Feature", "properties": { "wmUplineSo": "CROMWELL", "wmType": "Overhead" }, "geometry": { "type": "LineString", "coordinates": [ [ -92.915956929887599, 46.656911168802097 ], [ -92.915998029464305, 46.655800945829597 ] ] } },
{ "type": "Feature", "properties": { "wmUplineSo": "CROMWELL", "wmType": "Overhead" }, "geometry": { "type": "LineString", "coordinates": [ [ -92.915911303563007, 46.657880788701704 ], [ -92.915956929887599, 46.656911168802097 ] ] } },
{ "type": "Feature", "properties": { "wmUplineSo": "CROMWELL", "wmType": "Overhead" }, "geometry": { "type": "LineString", "coordinates": [ [ -92.915937008991406, 46.658743078558601 ], [ -92.915911303563007, 46.657880788701704 ] ] } },
{ "type": "Feature", "properties": { "wmUplineSo": "CROMWELL", "wmType": "Overhead" }, "geometry": { "type": "LineString", "coordinates": [ [ -92.915844117039498, 46.655783734109299 ], [ -92.914458931985905, 46.655833670483901 ] ] } },
{ "type": "Feature", "properties": { "wmUplineSo": "CROMWELL", "wmType": "Overhead" }, "geometry": { "type": "LineString", "coordinates": [ [ -92.9161386552084, 46.653674591150804 ], [ -92.916220498516395, 46.652811489685902 ] ] } },
{ "type": "Feature", "properties": { "wmUplineSo": "CROMWELL", "wmType": "Overhead" }, "geometry": { "type": "LineString", "coordinates": [ [ -92.916102816877697, 46.654814186440902 ], [ -92.9161386552084, 46.653674591150804 ] ] } },
{ "type": "Feature", "properties": { "wmUplineSo": "CROMWELL", "wmType": "Overhead" }, "geometry": { "type": "LineString", "coordinates": [ [ -92.9162820497843, 46.652004545278203 ], [ -92.916331966743897, 46.651097003434003 ] ] } },
{ "type": "Feature", "properties": { "wmUplineSo": "CROMWELL", "wmType": "Overhead" }, "geometry": { "type": "LineString", "coordinates": [ [ -92.915472274901603, 46.647298320316501 ], [ -92.915832163376507, 46.647166647222498 ] ] } },
{ "type": "Feature", "properties": { "wmUplineSo": "CROMWELL", "wmType": "Overhead" }, "geometry": { "type": "LineString", "coordinates": [ [ -92.915722921306397, 46.646941450586702 ], [ -92.916742244555095, 46.646823347471702 ] ] } },
{ "type": "Feature", "properties": { "wmUplineSo": "CROMWELL", "wmType": "Overhead" }, "geometry": { "type": "LineString", "coordinates": [ [ -92.917423827544994, 46.646634132934103 ], [ -92.918218017463602, 46.646562430399399 ] ] } },
{ "type": "Feature", "properties": { "wmUplineSo": "CROMWELL", "wmType": "Overhead" }, "geometry": { "type": "LineString", "coordinates": [ [ -92.8980468092021, 46.649609123828903 ], [ -92.8982581, 46.649566600008399 ] ] } },
{ "type": "Feature", "properties": { "wmUplineSo": "CROMWELL", "wmType": "Overhead" }, "geometry": { "type": "LineString", "coordinates": [ [ -92.902226754960097, 46.652369302120697 ], [ -92.9024815, 46.651942800008399 ] ] } },
{ "type": "Feature", "properties": { "wmUplineSo": "CROMWELL", "wmType": "Overhead" }, "geometry": { "type": "LineString", "coordinates": [ [ -92.893621609555396, 46.649281910206398 ], [ -92.892601825557193, 46.649174404785199 ] ] } },
{ "type": "Feature", "properties": { "wmUplineSo": "CROMWELL", "wmType": "Overhead" }, "geometry": { "type": "LineString", "coordinates": [ [ -92.890830364180104, 46.6575772020893 ], [ -92.889355722885497, 46.657615644678401 ] ] } },
{ "type": "Feature", "properties": { "wmUplineSo": "CROMWELL", "wmType": "Overhead" }, "geometry": { "type": "LineString", "coordinates": [ [ -92.880886875423201, 46.657422930895301 ], [ -92.879885336445597, 46.657059624223002 ] ] } },
{ "type": "Feature", "properties": { "wmUplineSo": "CROMWELL", "wmType": "Overhead" }, "geometry": { "type": "LineString", "coordinates": [ [ -92.881803985896298, 46.6577213905585 ], [ -92.880886875423201, 46.657422930895301 ] ] } },
{ "type": "Feature", "properties": { "wmUplineSo": "CROMWELL", "wmType": "Overhead" }, "geometry": { "type": "LineString", "coordinates": [ [ -92.883195213482395, 46.657698869698997 ], [ -92.881803985896298, 46.6577213905585 ] ] } },
{ "type": "Feature", "properties": { "wmUplineSo": "CROMWELL", "wmType": "Overhead" }, "geometry": { "type": "LineString", "coordinates": [ [ -92.884410387096906, 46.6575572068772 ], [ -92.883195213482395, 46.657698869698997 ] ] } },
{ "type": "Feature", "properties": { "wmUplineSo": "CROMWELL", "wmType": "Overhead" }, "geometry": { "type": "LineString", "coordinates": [ [ -92.885816560008394, 46.657549211148499 ], [ -92.884410387096906, 46.6575572068772 ] ] } },
{ "type": "Feature", "properties": { "wmUplineSo": "CROMWELL", "wmType": "Overhead" }, "geometry": { "type": "LineString", "coordinates": [ [ -92.887033208010195, 46.6575944879853 ], [ -92.885816560008394, 46.657549211148499 ] ] } },
{ "type": "Feature", "properties": { "wmUplineSo": "CROMWELL", "wmType": "Overhead" }, "geometry": { "type": "LineString", "coordinates": [ [ -92.888158740147105, 46.6576201609641 ], [ -92.887033208010195, 46.6575944879853 ] ] } },
{ "type": "Feature", "properties": { "wmUplineSo": "CROMWELL", "wmType": "Overhead" }, "geometry": { "type": "LineString", "coordinates": [ [ -92.908296342919897, 46.652894081753999 ], [ -92.9083007391243, 46.652890390605499 ] ] } },
{ "type": "Feature", "properties": { "wmUplineSo": "CROMWELL", "wmType": "Overhead" }, "geometry": { "type": "LineString", "coordinates": [ [ -92.9100937021758, 46.650959328215997 ], [ -92.9091198921505, 46.651625247483899 ] ] } },
{ "type": "Feature", "properties": { "wmUplineSo": "CROMWELL", "wmType": "Overhead" }, "geometry": { "type": "LineString", "coordinates": [ [ -92.898440648854205, 46.650272277157903 ], [ -92.898096104708003, 46.6498965760115 ] ] } },
{ "type": "Feature", "properties": { "wmUplineSo": "CROMWELL", "wmType": "Overhead" }, "geometry": { "type": "LineString", "coordinates": [ [ -92.903101197606901, 46.652654393019603 ], [ -92.904273225335999, 46.652969912429299 ], [ -92.9042897111391, 46.652974350429901 ] ] } },
{ "type": "Feature", "properties": { "wmUplineSo": "CROMWELL", "wmType": "Overhead" }, "geometry": { "type": "LineString", "coordinates": [ [ -92.9042897111391, 46.652974350429901 ], [ -92.905454987261905, 46.6532608947822 ] ] } },
{ "type": "Feature", "properties": { "wmUplineSo": "CROMWELL", "wmType": "Overhead" }, "geometry": { "type": "LineString", "coordinates": [ [ -92.9053167725571, 46.653001888164802 ], [ -92.9052085067256, 46.652790124009101 ] ] } },
{ "type": "Feature", "properties": { "wmUplineSo": "CROMWELL", "wmType": "Overhead" }, "geometry": { "type": "LineString", "coordinates": [ [ -92.902778176069901, 46.647257091137398 ], [ -92.903430573568798, 46.646760286073203 ] ] } },
{ "type": "Feature", "properties": { "wmUplineSo": "CROMWELL", "wmType": "Overhead" }, "geometry": { "type": "LineString", "coordinates": [ [ -92.901179343620996, 46.6496481682425 ], [ -92.9014386, 46.650050300008402 ] ] } },
{ "type": "Feature", "properties": { "wmUplineSo": "CROMWELL", "wmType": "Overhead" }, "geometry": { "type": "LineString", "coordinates": [ [ -92.905012380271799, 46.6448261495661 ], [ -92.905518355934404, 46.644169242344702 ] ] } },
{ "type": "Feature", "properties": { "wmUplineSo": "CROMWELL", "wmType": "Overhead" }, "geometry": { "type": "LineString", "coordinates": [ [ -92.905518355934404, 46.644169242344702 ], [ -92.9063021, 46.644322400008399 ] ] } },
{ "type": "Feature", "properties": { "wmUplineSo": "CROMWELL", "wmType": "Overhead" }, "geometry": { "type": "LineString", "coordinates": [ [ -92.908376558805699, 46.642025323684202 ], [ -92.909414277681805, 46.641685655879698 ], [ -92.909414277681805, 46.641685655879698 ] ] } },
{ "type": "Feature", "properties": { "wmUplineSo": "CROMWELL", "wmType": "Overhead" }, "geometry": { "type": "LineString", "coordinates": [ [ -92.910554474110995, 46.641506271912498 ], [ -92.9112631, 46.641986600008401 ] ] } },
{ "type": "Feature", "properties": { "wmUplineSo": "CROMWELL", "wmType": "Overhead" }, "geometry": { "type": "LineString", "coordinates": [ [ -92.9091198921505, 46.651625247483899 ], [ -92.908753999994502, 46.651789003466199 ] ] } },
{ "type": "Feature", "properties": { "wmUplineSo": "CROMWELL", "wmType": "Overhead" }, "geometry": { "type": "LineString", "coordinates": [ [ -92.914485900387703, 46.647973916416703 ], [ -92.914290103142605, 46.647845946339203 ] ] } },
{ "type": "Feature", "properties": { "wmUplineSo": "CROMWELL", "wmType": "Overhead" }, "geometry": { "type": "LineString", "coordinates": [ [ -92.900822922367198, 46.6522883932372 ], [ -92.901690106739494, 46.652329073735203 ] ] } },
{ "type": "Feature", "properties": { "wmUplineSo": "CROMWELL", "wmType": "Overhead" }, "geometry": { "type": "LineString", "coordinates": [ [ -92.898906366664406, 46.650731407147099 ], [ -92.899526549251505, 46.651420362562099 ] ] } },
{ "type": "Feature", "properties": { "wmUplineSo": "CROMWELL", "wmType": "Overhead" }, "geometry": { "type": "LineString", "coordinates": [ [ -92.916405732335605, 46.669769641926301 ], [ -92.917520843634904, 46.6693342210447 ] ] } },
{ "type": "Feature", "properties": { "wmUplineSo": "CROMWELL", "wmType": "Overhead" }, "geometry": { "type": "LineString", "coordinates": [ [ -92.896593615528502, 46.679335801132297 ], [ -92.897808185899606, 46.679341007414699 ] ] } },
{ "type": "Feature", "properties": { "wmUplineSo": "CROMWELL", "wmType": "Overhead" }, "geometry": { "type": "LineString", "coordinates": [ [ -92.898660000490693, 46.649738735402103 ], [ -92.898605872492098, 46.649681175663801 ] ] } },
{ "type": "Feature", "properties": { "wmUplineSo": "CROMWELL", "wmType": "Overhead" }, "geometry": { "type": "LineString", "coordinates": [ [ -92.912687046893893, 46.6415315981898 ], [ -92.912767045578704, 46.641490773066799 ] ] } },
{ "type": "Feature", "properties": { "wmUplineSo": "CROMWELL", "wmType": "Overhead" }, "geometry": { "type": "LineString", "coordinates": [ [ -92.916742244555095, 46.646823347471702 ], [ -92.916688100267706, 46.646765796247699 ] ] } },
{ "type": "Feature", "properties": { "wmUplineSo": "CROMWELL", "wmType": "Overhead" }, "geometry": { "type": "LineString", "coordinates": [ [ -92.925077486683307, 46.637282263691397 ], [ -92.926113055115906, 46.637073046928201 ] ] } },
{ "type": "Feature", "properties": { "wmUplineSo": "CROMWELL", "wmType": "Overhead" }, "geometry": { "type": "LineString", "coordinates": [ [ -92.9251253, 46.637491500008402 ], [ -92.9252188449518, 46.637514971456298 ] ] } },
{ "type": "Feature", "properties": { "wmUplineSo": "CROMWELL", "wmType": "Overhead" }, "geometry": { "type": "LineString", "coordinates": [ [ -92.9251253, 46.637491500008402 ], [ -92.925067253708605, 46.637547213443398 ] ] } },
{ "type": "Feature", "properties": { "wmUplineSo": "CROMWELL", "wmType": "Overhead" }, "geometry": { "type": "LineString", "coordinates": [ [ -92.929980066054597, 46.639645006785202 ], [ -92.930123081014003, 46.640097098946299 ] ] } },
{ "type": "Feature", "properties": { "wmUplineSo": "CROMWELL", "wmType": "Overhead" }, "geometry": { "type": "LineString", "coordinates": [ [ -92.930123081014003, 46.640097098946299 ], [ -92.929840961554206, 46.640304612665702 ] ] } },
{ "type": "Feature", "properties": { "wmUplineSo": "CROMWELL", "wmType": "Overhead" }, "geometry": { "type": "LineString", "coordinates": [ [ -92.9309461280763, 46.640650822642499 ], [ -92.9310054, 46.640724600008397 ] ] } },
{ "type": "Feature", "properties": { "wmUplineSo": "CROMWELL", "wmType": "Overhead" }, "geometry": { "type": "LineString", "coordinates": [ [ -92.931143524899895, 46.640334776342698 ], [ -92.931382, 46.640522547478497 ] ] } },
{ "type": "Feature", "properties": { "wmUplineSo": "CROMWELL", "wmType": "Overhead" }, "geometry": { "type": "LineString", "coordinates": [ [ -92.901434824770504, 46.664841703961599 ], [ -92.900474706535405, 46.664855705311503 ] ] } },
{ "type": "Feature", "properties": { "wmUplineSo": "CROMWELL", "wmType": "Overhead" }, "geometry": { "type": "LineString", "coordinates": [ [ -92.912636840180895, 46.664819426953699 ], [ -92.911523000109, 46.664811457331901 ], [ -92.911523000109, 46.664811457331901 ] ] } },
{ "type": "Feature", "properties": { "wmUplineSo": "CROMWELL", "wmType": "Overhead" }, "geometry": { "type": "LineString", "coordinates": [ [ -92.895965710667497, 46.6501861480399 ], [ -92.897179703392297, 46.650183073105502 ] ] } },
{ "type": "Feature", "properties": { "wmUplineSo": "CROMWELL", "wmType": "Overhead" }, "geometry": { "type": "LineString", "coordinates": [ [ -92.921795263156895, 46.645279420131601 ], [ -92.9219341, 46.645031100008403 ] ] } },
{ "type": "Feature", "properties": { "wmUplineSo": "CROMWELL", "wmType": "Overhead" }, "geometry": { "type": "LineString", "coordinates": [ [ -92.921795263156895, 46.645279420131601 ], [ -92.922933922519206, 46.645026149116497 ] ] } },
{ "type": "Feature", "properties": { "wmUplineSo": "CROMWELL", "wmType": "Overhead" }, "geometry": { "type": "LineString", "coordinates": [ [ -92.931526634381896, 46.635854798605799 ], [ -92.932004327405494, 46.636644501195804 ] ] } },
{ "type": "Feature", "properties": { "wmUplineSo": "CROMWELL", "wmType": "Overhead" }, "geometry": { "type": "LineString", "coordinates": [ [ -92.914162573126902, 46.6655724799651 ], [ -92.914247451463396, 46.665888334082197 ] ] } },
{ "type": "Feature", "properties": { "wmUplineSo": "CROMWELL", "wmType": "Overhead" }, "geometry": { "type": "LineString", "coordinates": [ [ -92.915956409545601, 46.647733649189 ], [ -92.915869026698104, 46.6471546586939 ] ] } },
{ "type": "Feature", "properties": { "wmUplineSo": "CROMWELL", "wmType": "Overhead" }, "geometry": { "type": "LineString", "coordinates": [ [ -92.916104916492401, 46.648540803377301 ], [ -92.915956409545601, 46.647733649189 ] ] } },
{ "type": "Feature", "properties": { "wmUplineSo": "CROMWELL", "wmType": "Overhead" }, "geometry": { "type": "LineString", "coordinates": [ [ -92.931582113866497, 46.636760320123798 ], [ -92.931343572443595, 46.6370068472649 ] ] } },
{ "type": "Feature", "properties": { "wmUplineSo": "CROMWELL", "wmType": "Overhead" }, "geometry": { "type": "LineString", "coordinates": [ [ -92.908753999994502, 46.651789003466199 ], [ -92.908606, 46.651771900008399 ] ] } },
{ "type": "Feature", "properties": { "wmUplineSo": "CROMWELL", "wmType": "Overhead" }, "geometry": { "type": "LineString", "coordinates": [ [ -92.926765337665103, 46.644872969783499 ], [ -92.9266899, 46.644687800008398 ] ] } },
{ "type": "Feature", "properties": { "wmUplineSo": "CROMWELL", "wmType": "Overhead" }, "geometry": { "type": "LineString", "coordinates": [ [ -92.932337737840697, 46.637358213795203 ], [ -92.932718001647601, 46.6381057365546 ] ] } },
{ "type": "Feature", "properties": { "wmUplineSo": "CROMWELL", "wmType": "Overhead" }, "geometry": { "type": "LineString", "coordinates": [ [ -92.908753999994502, 46.651789003466199 ], [ -92.908646723563706, 46.652054257844497 ] ] } },
{ "type": "Feature", "properties": { "wmUplineSo": "CROMWELL", "wmType": "Overhead" }, "geometry": { "type": "LineString", "coordinates": [ [ -92.916252383633207, 46.649431418642799 ], [ -92.916104916492401, 46.648540803377301 ] ] } },
{ "type": "Feature", "properties": { "wmUplineSo": "CROMWELL", "wmType": "Overhead" }, "geometry": { "type": "LineString", "coordinates": [ [ -92.977765970798401, 46.679352555724002 ], [ -92.977771925005001, 46.679421007740203 ] ] } },
{ "type": "Feature", "properties": { "wmUplineSo": "CROMWELL", "wmType": "Overhead" }, "geometry": { "type": "LineString", "coordinates": [ [ -92.916222145149604, 46.695539628305703 ], [ -92.916197394093999, 46.696132163089104 ], [ -92.916164070007696, 46.696929913407999 ], [ -92.916129310574505, 46.697761999131302 ], [ -92.916092011739295, 46.698654845067097 ], [ -92.916056183135197, 46.699512468828203 ], [ -92.916022587274597, 46.700316622545898 ], [ -92.915986082509704, 46.701190376416498 ], [ -92.916233965518799, 46.701272511984399 ], [ -92.917076835644806, 46.701250534533699 ], [ -92.917736273774295, 46.701233335646499 ], [ -92.917736276468602, 46.701233335576198 ], [ -92.918686028572097, 46.701208558276903 ], [ -92.918957030454095, 46.701201486882603 ], [ -92.918686028572097, 46.701208558276903 ], [ -92.919001241577902, 46.701200333197399 ], [ -92.919935820548503, 46.701175941438201 ], [ -92.919935820548503, 46.701175941438201 ], [ -92.920999631592593, 46.701148167509601 ], [ -92.921494650355896, 46.701135240201502 ], [ -92.922326203098507, 46.7011135195471 ], [ -92.922075488055597, 46.701120069011999 ], [ -92.922326203098507, 46.7011135195471 ], [ -92.922698301896901, 46.701103798141503 ], [ -92.923263746188795, 46.701081667176602 ] ] } },
{ "type": "Feature", "properties": { "wmUplineSo": "CROMWELL", "wmType": "Overhead" }, "geometry": { "type": "LineString", "coordinates": [ [ -92.915971568099494, 46.694978723988903 ], [ -92.915902236296603, 46.695027986066499 ] ] } },
{ "type": "Feature", "properties": { "wmUplineSo": "CROMWELL", "wmType": "Overhead" }, "geometry": { "type": "LineString", "coordinates": [ [ -92.9245686, 46.644060100008403 ], [ -92.924582271304601, 46.644048689108203 ] ] } },
{ "type": "Feature", "properties": { "wmUplineSo": "CROMWELL", "wmType": "Overhead" }, "geometry": { "type": "LineString", "coordinates": [ [ -92.906342937958897, 46.653260120216501 ], [ -92.9065538, 46.653002600008399 ] ] } },
{ "type": "Feature", "properties": { "wmUplineSo": "CROMWELL", "wmType": "Overhead" }, "geometry": { "type": "LineString", "coordinates": [ [ -92.907145034714205, 46.653264273427503 ], [ -92.9071098, 46.652925000008402 ] ] } },
{ "type": "Feature", "properties": { "wmUplineSo": "CROMWELL", "wmType": "Overhead" }, "geometry": { "type": "LineString", "coordinates": [ [ -92.908266726477507, 46.652904358555404 ], [ -92.9081538, 46.652804900008398 ] ] } },
{ "type": "Feature", "properties": { "wmUplineSo": "CROMWELL", "wmType": "Overhead" }, "geometry": { "type": "LineString", "coordinates": [ [ -92.9091198921505, 46.651625247483899 ], [ -92.9090668, 46.651607500008403 ] ] } },
{ "type": "Feature", "properties": { "wmUplineSo": "CROMWELL", "wmType": "Overhead" }, "geometry": { "type": "LineString", "coordinates": [ [ -92.910284536911803, 46.650747248222501 ], [ -92.9097285, 46.650711300008403 ] ] } },
{ "type": "Feature", "properties": { "wmUplineSo": "CROMWELL", "wmType": "Overhead" }, "geometry": { "type": "LineString", "coordinates": [ [ -92.915722921306397, 46.646941450586702 ], [ -92.915526355505193, 46.646960161186399 ] ] } },
{ "type": "Feature", "properties": { "wmUplineSo": "CROMWELL", "wmType": "Overhead" }, "geometry": { "type": "LineString", "coordinates": [ [ -92.915722921306397, 46.646941450586702 ], [ -92.9157106, 46.646960400008403 ] ] } },
{ "type": "Feature", "properties": { "wmUplineSo": "CROMWELL", "wmType": "Overhead" }, "geometry": { "type": "LineString", "coordinates": [ [ -92.913972383181701, 46.648369077439 ], [ -92.9137366, 46.6483245000084 ] ] } },
{ "type": "Feature", "properties": { "wmUplineSo": "CROMWELL", "wmType": "Overhead" }, "geometry": { "type": "LineString", "coordinates": [ [ -92.913301345653906, 46.648665599144501 ], [ -92.9132196, 46.648679500008399 ] ] } },
{ "type": "Feature", "properties": { "wmUplineSo": "CROMWELL", "wmType": "Overhead" }, "geometry": { "type": "LineString", "coordinates": [ [ -92.912331382667602, 46.649042552264604 ], [ -92.9127126, 46.648670400008399 ] ] } },
{ "type": "Feature", "properties": { "wmUplineSo": "CROMWELL", "wmType": "Overhead" }, "geometry": { "type": "LineString", "coordinates": [ [ -92.912331382667602, 46.649042552264604 ], [ -92.912268, 46.6490128000084 ] ] } },
{ "type": "Feature", "properties": { "wmUplineSo": "CROMWELL", "wmType": "Overhead" }, "geometry": { "type": "LineString", "coordinates": [ [ -92.9602748, 46.691786800008401 ], [ -92.960122335807398, 46.692492723166303 ] ] } },
{ "type": "Feature", "properties": { "wmUplineSo": "CROMWELL", "wmType": "Overhead" }, "geometry": { "type": "LineString", "coordinates": [ [ -92.959406084538401, 46.691404628465598 ], [ -92.960009308961503, 46.691670004559001 ], [ -92.9602748, 46.691786800008401 ] ] } },
{ "type": "Feature", "properties": { "wmUplineSo": "CROMWELL", "wmType": "Overhead" }, "geometry": { "type": "LineString", "coordinates": [ [ -92.957499392848604, 46.669100524244598 ], [ -92.9575713, 46.668960600008397 ] ] } },
{ "type": "Feature", "properties": { "wmUplineSo": "CROMWELL", "wmType": "Overhead" }, "geometry": { "type": "LineString", "coordinates": [ [ -92.959756548471503, 46.674254927301497 ], [ -92.9591823, 46.674321900008401 ] ] } },
{ "type": "Feature", "properties": { "wmUplineSo": "CROMWELL", "wmType": "Overhead" }, "geometry": { "type": "LineString", "coordinates": [ [ -92.956268452070304, 46.679201607099898 ], [ -92.9563413, 46.679973600008402 ] ] } },
{ "type": "Feature", "properties": { "wmUplineSo": "CROMWELL", "wmType": "Overhead" }, "geometry": { "type": "LineString", "coordinates": [ [ -92.951160625279499, 46.680167375141899 ], [ -92.9511358, 46.680189000008397 ] ] } },
{ "type": "Feature", "properties": { "wmUplineSo": "CROMWELL", "wmType": "Overhead" }, "geometry": { "type": "LineString", "coordinates": [ [ -92.923164542962397, 46.679741214897099 ], [ -92.923243033441906, 46.679698975436203 ] ] } },
{ "type": "Feature", "properties": { "wmUplineSo": "CROMWELL", "wmType": "Overhead" }, "geometry": { "type": "LineString", "coordinates": [ [ -92.923159789700705, 46.679253177451599 ], [ -92.923166321516206, 46.679468191538703 ] ] } },
{ "type": "Feature", "properties": { "wmUplineSo": "CROMWELL", "wmType": "Overhead" }, "geometry": { "type": "LineString", "coordinates": [ [ -92.928299345975304, 46.6788572052712 ], [ -92.928054251020598, 46.678704319209899 ] ] } },
{ "type": "Feature", "properties": { "wmUplineSo": "CROMWELL", "wmType": "Overhead" }, "geometry": { "type": "LineString", "coordinates": [ [ -92.934363582783604, 46.678176590116998 ], [ -92.934223545200595, 46.678084042046798 ] ] } },
{ "type": "Feature", "properties": { "wmUplineSo": "CROMWELL", "wmType": "Overhead" }, "geometry": { "type": "LineString", "coordinates": [ [ -92.938131970754895, 46.675734624848999 ], [ -92.9378288, 46.675384100008401 ] ] } },
{ "type": "Feature", "properties": { "wmUplineSo": "CROMWELL", "wmType": "Overhead" }, "geometry": { "type": "LineString", "coordinates": [ [ -92.9386578682428, 46.675663476086697 ], [ -92.938658635988901, 46.675665350357299 ], [ -92.9392745, 46.676260100008399 ] ] } },
{ "type": "Feature", "properties": { "wmUplineSo": "CROMWELL", "wmType": "Overhead" }, "geometry": { "type": "LineString", "coordinates": [ [ -92.944437704779403, 46.674642571306897 ], [ -92.9444401, 46.674646000008401 ] ] } },
{ "type": "Feature", "properties": { "wmUplineSo": "CROMWELL", "wmType": "Overhead" }, "geometry": { "type": "LineString", "coordinates": [ [ -92.923155516193106, 46.700286239140802 ], [ -92.9231021, 46.700172300008397 ] ] } },
{ "type": "Feature", "properties": { "wmUplineSo": "CROMWELL", "wmType": "Overhead" }, "geometry": { "type": "LineString", "coordinates": [ [ -92.923155516193106, 46.700286239140802 ], [ -92.9232769, 46.7000801000084 ] ] } },
{ "type": "Feature", "properties": { "wmUplineSo": "CROMWELL", "wmType": "Overhead" }, "geometry": { "type": "LineString", "coordinates": [ [ -92.916257018507196, 46.694704745381003 ], [ -92.916827264150101, 46.694747290178597 ], [ -92.916839, 46.694776800008398 ] ] } },
{ "type": "Feature", "properties": { "wmUplineSo": "CROMWELL", "wmType": "Overhead" }, "geometry": { "type": "LineString", "coordinates": [ [ -92.916297907229804, 46.686738817936302 ], [ -92.9160571, 46.6866343000084 ] ] } },
{ "type": "Feature", "properties": { "wmUplineSo": "CROMWELL", "wmType": "Overhead" }, "geometry": { "type": "LineString", "coordinates": [ [ -92.9166998, 46.6805370000084 ], [ -92.916670063948999, 46.680538688597899 ] ] } },
{ "type": "Feature", "properties": { "wmUplineSo": "CROMWELL", "wmType": "Overhead" }, "geometry": { "type": "LineString", "coordinates": [ [ -92.916706017877203, 46.684756418238997 ], [ -92.9171681, 46.684702300008396 ] ] } },
{ "type": "Feature", "properties": { "wmUplineSo": "CROMWELL", "wmType": "Overhead" }, "geometry": { "type": "LineString", "coordinates": [ [ -92.916432629599697, 46.691998240388699 ], [ -92.916236786517899, 46.6919625030947 ], [ -92.9159978, 46.692004900008399 ] ] } },
{ "type": "Feature", "properties": { "wmUplineSo": "CROMWELL", "wmType": "Overhead" }, "geometry": { "type": "LineString", "coordinates": [ [ -92.908618806930704, 46.679297462755301 ], [ -92.9082761, 46.678950400008397 ] ] } },
{ "type": "Feature", "properties": { "wmUplineSo": "CROMWELL", "wmType": "Overhead" }, "geometry": { "type": "LineString", "coordinates": [ [ -92.902341095353293, 46.674593552381999 ], [ -92.9017663, 46.674604100008402 ] ] } },
{ "type": "Feature", "properties": { "wmUplineSo": "CROMWELL", "wmType": "Overhead" }, "geometry": { "type": "LineString", "coordinates": [ [ -92.903069663219796, 46.679311945106598 ], [ -92.9026249, 46.679798800008399 ] ] } },
{ "type": "Feature", "properties": { "wmUplineSo": "CROMWELL", "wmType": "Overhead" }, "geometry": { "type": "LineString", "coordinates": [ [ -92.905972917260996, 46.679312462782299 ], [ -92.9059531, 46.6789920000084 ] ] } },
{ "type": "Feature", "properties": { "wmUplineSo": "CROMWELL", "wmType": "Overhead" }, "geometry": { "type": "LineString", "coordinates": [ [ -92.9041379708829, 46.679312845086699 ], [ -92.904383729375894, 46.679631160576299 ], [ -92.9045786, 46.679910000008398 ] ] } },
{ "type": "Feature", "properties": { "wmUplineSo": "CROMWELL", "wmType": "Overhead" }, "geometry": { "type": "LineString", "coordinates": [ [ -92.980764841890803, 46.683126731143197 ], [ -92.9803634, 46.683158900008401 ] ] } },
{ "type": "Feature", "properties": { "wmUplineSo": "CROMWELL", "wmType": "Overhead" }, "geometry": { "type": "LineString", "coordinates": [ [ -92.983933938493195, 46.680827673070802 ], [ -92.9839736, 46.680848600008403 ] ] } },
{ "type": "Feature", "properties": { "wmUplineSo": "CROMWELL", "wmType": "Overhead" }, "geometry": { "type": "LineString", "coordinates": [ [ -92.982017083152201, 46.679377559580402 ], [ -92.9824696, 46.679139600008398 ] ] } },
{ "type": "Feature", "properties": { "wmUplineSo": "CROMWELL", "wmType": "Overhead" }, "geometry": { "type": "LineString", "coordinates": [ [ -92.996847387266399, 46.679477336432399 ], [ -92.996876, 46.679867800008402 ] ] } },
{ "type": "Feature", "properties": { "wmUplineSo": "CROMWELL", "wmType": "Overhead" }, "geometry": { "type": "LineString", "coordinates": [ [ -92.996847387266399, 46.679477336432399 ], [ -92.997074529199807, 46.679313058964503 ], [ -92.99634932, 46.679057290008402 ] ] } },
{ "type": "Feature", "properties": { "wmUplineSo": "CROMWELL", "wmType": "Overhead" }, "geometry": { "type": "LineString", "coordinates": [ [ -92.993068403721495, 46.679120774668498 ], [ -92.9931129, 46.679128300008401 ] ] } },
{ "type": "Feature", "properties": { "wmUplineSo": "CROMWELL", "wmType": "Overhead" }, "geometry": { "type": "LineString", "coordinates": [ [ -92.991760647979405, 46.679451655558999 ], [ -92.991762689293395, 46.679448278605399 ], [ -92.99232107, 46.678524530008403 ] ] } },
{ "type": "Feature", "properties": { "wmUplineSo": "CROMWELL", "wmType": "Overhead" }, "geometry": { "type": "LineString", "coordinates": [ [ -92.978595990434997, 46.688937789030099 ], [ -92.9782073, 46.6888846000084 ] ] } },
{ "type": "Feature", "properties": { "wmUplineSo": "CROMWELL", "wmType": "Overhead" }, "geometry": { "type": "LineString", "coordinates": [ [ -92.973521396341795, 46.680028518327298 ], [ -92.973562, 46.6800439000084 ] ] } },
{ "type": "Feature", "properties": { "wmUplineSo": "CROMWELL", "wmType": "Overhead" }, "geometry": { "type": "LineString", "coordinates": [ [ -92.965558970338904, 46.679214722527803 ], [ -92.9652463, 46.679738600008399 ] ] } },
{ "type": "Feature", "properties": { "wmUplineSo": "CROMWELL", "wmType": "Overhead" }, "geometry": { "type": "LineString", "coordinates": [ [ -92.963434579428693, 46.677505413174202 ], [ -92.9634808, 46.677319500008402 ] ] } },
{ "type": "Feature", "properties": { "wmUplineSo": "CROMWELL", "wmType": "Overhead" }, "geometry": { "type": "LineString", "coordinates": [ [ -92.916376934287698, 46.6505274451861 ], [ -92.9157796, 46.650525500008399 ] ] } },
{ "type": "Feature", "properties": { "wmUplineSo": "CROMWELL", "wmType": "Overhead" }, "geometry": { "type": "LineString", "coordinates": [ [ -92.918218017463602, 46.646562430399399 ], [ -92.9181696, 46.646611000008399 ] ] } },
{ "type": "Feature", "properties": { "wmUplineSo": "CROMWELL", "wmType": "Overhead" }, "geometry": { "type": "LineString", "coordinates": [ [ -92.919601234685103, 46.646133868416698 ], [ -92.9194561, 46.646404800008398 ] ] } },
{ "type": "Feature", "properties": { "wmUplineSo": "CROMWELL", "wmType": "Overhead" }, "geometry": { "type": "LineString", "coordinates": [ [ -92.903737638826101, 46.664819103270403 ], [ -92.903481546754804, 46.6648186154302 ], [ -92.902596310834795, 46.664816924693199 ] ] } },
{ "type": "Feature", "properties": { "wmUplineSo": "CROMWELL", "wmType": "Overhead" }, "geometry": { "type": "LineString", "coordinates": [ [ -92.920976603505693, 46.645794875622997 ], [ -92.920959744437098, 46.645862460513598 ] ] } },
{ "type": "Feature", "properties": { "wmUplineSo": "CROMWELL", "wmType": "Overhead" }, "geometry": { "type": "LineString", "coordinates": [ [ -92.923729152696694, 46.644559669713502 ], [ -92.9235275, 46.644341600008403 ] ] } },
{ "type": "Feature", "properties": { "wmUplineSo": "CROMWELL", "wmType": "Overhead" }, "geometry": { "type": "LineString", "coordinates": [ [ -92.923729152696694, 46.644559669713502 ], [ -92.9235275, 46.644341600008403 ] ] } },
{ "type": "Feature", "properties": { "wmUplineSo": "CROMWELL", "wmType": "Overhead" }, "geometry": { "type": "LineString", "coordinates": [ [ -92.924093082475906, 46.644372064733702 ], [ -92.9245686, 46.644060100008403 ] ] } },
{ "type": "Feature", "properties": { "wmUplineSo": "CROMWELL", "wmType": "Overhead" }, "geometry": { "type": "LineString", "coordinates": [ [ -92.924868747537701, 46.644500293697497 ], [ -92.9249366, 46.6442550000084 ] ] } },
{ "type": "Feature", "properties": { "wmUplineSo": "CROMWELL", "wmType": "Overhead" }, "geometry": { "type": "LineString", "coordinates": [ [ -92.925664601993702, 46.6446848633096 ], [ -92.9259891, 46.644435400008398 ] ] } },
{ "type": "Feature", "properties": { "wmUplineSo": "CROMWELL", "wmType": "Overhead" }, "geometry": { "type": "LineString", "coordinates": [ [ -92.925664601993702, 46.6446848633096 ], [ -92.925630722065307, 46.644667599743897 ], [ -92.925403103948398, 46.644617529483298 ], [ -92.925381039668906, 46.644628342058397 ], [ -92.9252133, 46.644454900008398 ] ] } },
{ "type": "Feature", "properties": { "wmUplineSo": "CROMWELL", "wmType": "Overhead" }, "geometry": { "type": "LineString", "coordinates": [ [ -92.925664601993702, 46.6446848633096 ], [ -92.9259838, 46.644491800008403 ] ] } },
{ "type": "Feature", "properties": { "wmUplineSo": "CROMWELL", "wmType": "Overhead" }, "geometry": { "type": "LineString", "coordinates": [ [ -92.926765337665103, 46.644872969783499 ], [ -92.9271576, 46.644748600008398 ] ] } },
{ "type": "Feature", "properties": { "wmUplineSo": "CROMWELL", "wmType": "Overhead" }, "geometry": { "type": "LineString", "coordinates": [ [ -92.928952045397196, 46.645727919727101 ], [ -92.9290254, 46.645604300008401 ] ] } },
{ "type": "Feature", "properties": { "wmUplineSo": "CROMWELL", "wmType": "Overhead" }, "geometry": { "type": "LineString", "coordinates": [ [ -92.931127282068999, 46.645355059192497 ], [ -92.9309968, 46.645343300008399 ] ] } },
{ "type": "Feature", "properties": { "wmUplineSo": "CROMWELL", "wmType": "Overhead" }, "geometry": { "type": "LineString", "coordinates": [ [ -92.931127282068999, 46.645355059192497 ], [ -92.9311963, 46.645307800008403 ] ] } },
{ "type": "Feature", "properties": { "wmUplineSo": "CROMWELL", "wmType": "Overhead" }, "geometry": { "type": "LineString", "coordinates": [ [ -92.9321008745749, 46.645849752513897 ], [ -92.9321023, 46.6457921000084 ] ] } },
{ "type": "Feature", "properties": { "wmUplineSo": "CROMWELL", "wmType": "Overhead" }, "geometry": { "type": "LineString", "coordinates": [ [ -92.919269121906694, 46.677898690847996 ], [ -92.9193624, 46.677895500008397 ] ] } },
{ "type": "Feature", "properties": { "wmUplineSo": "CROMWELL", "wmType": "Overhead" }, "geometry": { "type": "LineString", "coordinates": [ [ -92.918969527876499, 46.678170358566398 ], [ -92.919437801024898, 46.678310414366202 ] ] } },
{ "type": "Feature", "properties": { "wmUplineSo": "CROMWELL", "wmType": "Overhead" }, "geometry": { "type": "LineString", "coordinates": [ [ -92.916606324269395, 46.676629457701203 ], [ -92.9154739, 46.676683300008399 ] ] } },
{ "type": "Feature", "properties": { "wmUplineSo": "CROMWELL", "wmType": "Overhead" }, "geometry": { "type": "LineString", "coordinates": [ [ -92.918041811356105, 46.673412476944897 ], [ -92.9185211, 46.673389900008402 ] ] } },
{ "type": "Feature", "properties": { "wmUplineSo": "CROMWELL", "wmType": "Overhead" }, "geometry": { "type": "LineString", "coordinates": [ [ -92.914247451463396, 46.665888334082197 ], [ -92.9144693, 46.666231600008402 ] ] } },
{ "type": "Feature", "properties": { "wmUplineSo": "CROMWELL", "wmType": "Overhead" }, "geometry": { "type": "LineString", "coordinates": [ [ -92.916321901546596, 46.667643661147601 ], [ -92.9173231, 46.667612600008397 ] ] } },
{ "type": "Feature", "properties": { "wmUplineSo": "CROMWELL", "wmType": "Overhead" }, "geometry": { "type": "LineString", "coordinates": [ [ -92.9164507585796, 46.671704659771699 ], [ -92.916456388391694, 46.671708788016502 ], [ -92.9168673, 46.6720101000084 ] ] } },
{ "type": "Feature", "properties": { "wmUplineSo": "CROMWELL", "wmType": "Overhead" }, "geometry": { "type": "LineString", "coordinates": [ [ -92.915444249118394, 46.662643492007703 ], [ -92.915027862815904, 46.662674461108502 ] ] } },
{ "type": "Feature", "properties": { "wmUplineSo": "CROMWELL", "wmType": "Overhead" }, "geometry": { "type": "LineString", "coordinates": [ [ -92.916837911562297, 46.663392243211 ], [ -92.9169936, 46.663398300008403 ] ] } },
{ "type": "Feature", "properties": { "wmUplineSo": "CROMWELL", "wmType": "Overhead" }, "geometry": { "type": "LineString", "coordinates": [ [ -92.916153660969002, 46.662028078698697 ], [ -92.9167259, 46.661911300008398 ] ] } },
{ "type": "Feature", "properties": { "wmUplineSo": "CROMWELL", "wmType": "Overhead" }, "geometry": { "type": "LineString", "coordinates": [ [ -92.933059396470796, 46.640826441498902 ], [ -92.9326771, 46.641087300008401 ] ] } },
{ "type": "Feature", "properties": { "wmUplineSo": "CROMWELL", "wmType": "Overhead" }, "geometry": { "type": "LineString", "coordinates": [ [ -92.932088290296804, 46.640567913401902 ], [ -92.9319054, 46.640863400008399 ] ] } },
{ "type": "Feature", "properties": { "wmUplineSo": "CROMWELL", "wmType": "Overhead" }, "geometry": { "type": "LineString", "coordinates": [ [ -92.932088290296804, 46.640567913401902 ], [ -92.9320756, 46.641075100008401 ] ] } },
{ "type": "Feature", "properties": { "wmUplineSo": "CROMWELL", "wmType": "Overhead" }, "geometry": { "type": "LineString", "coordinates": [ [ -92.916083655998193, 46.660825795846499 ], [ -92.9164226, 46.660847300008399 ] ] } },
{ "type": "Feature", "properties": { "wmUplineSo": "CROMWELL", "wmType": "Overhead" }, "geometry": { "type": "LineString", "coordinates": [ [ -92.914962842511102, 46.652777529035603 ], [ -92.914743416185303, 46.652996608079 ] ] } },
{ "type": "Feature", "properties": { "wmUplineSo": "CROMWELL", "wmType": "Overhead" }, "geometry": { "type": "LineString", "coordinates": [ [ -92.898096104708003, 46.6498965760115 ], [ -92.8980468092021, 46.649609123828903 ] ] } },
{ "type": "Feature", "properties": { "wmUplineSo": "CROMWELL", "wmType": "Overhead" }, "geometry": { "type": "LineString", "coordinates": [ [ -92.901179343620996, 46.6496481682425 ], [ -92.9013916, 46.649482500008403 ] ] } },
{ "type": "Feature", "properties": { "wmUplineSo": "CROMWELL", "wmType": "Overhead" }, "geometry": { "type": "LineString", "coordinates": [ [ -92.901281639219604, 46.648313573874198 ], [ -92.9023188, 46.648668600008399 ] ] } },
{ "type": "Feature", "properties": { "wmUplineSo": "CROMWELL", "wmType": "Overhead" }, "geometry": { "type": "LineString", "coordinates": [ [ -92.904582739166997, 46.647109897513502 ], [ -92.9049318, 46.647392600008402 ] ] } },
{ "type": "Feature", "properties": { "wmUplineSo": "CROMWELL", "wmType": "Overhead" }, "geometry": { "type": "LineString", "coordinates": [ [ -92.9043455962574, 46.645572352926102 ], [ -92.9045101, 46.645651800008402 ] ] } },
{ "type": "Feature", "properties": { "wmUplineSo": "CROMWELL", "wmType": "Overhead" }, "geometry": { "type": "LineString", "coordinates": [ [ -92.905518355934404, 46.644169242344702 ], [ -92.905518355934404, 46.644169242344702 ] ] } },
{ "type": "Feature", "properties": { "wmUplineSo": "CROMWELL", "wmType": "Overhead" }, "geometry": { "type": "LineString", "coordinates": [ [ -92.906354565479305, 46.643482082003302 ], [ -92.906941047614893, 46.643378681631297 ] ] } },
{ "type": "Feature", "properties": { "wmUplineSo": "CROMWELL", "wmType": "Overhead" }, "geometry": { "type": "LineString", "coordinates": [ [ -92.907553030783205, 46.642448493028503 ], [ -92.9079571, 46.642572900008403 ] ] } },
{ "type": "Feature", "properties": { "wmUplineSo": "CROMWELL", "wmType": "Overhead" }, "geometry": { "type": "LineString", "coordinates": [ [ -92.908376558805699, 46.642025323684202 ], [ -92.9084426, 46.642025800008398 ] ] } },
{ "type": "Feature", "properties": { "wmUplineSo": "CROMWELL", "wmType": "Overhead" }, "geometry": { "type": "LineString", "coordinates": [ [ -92.9096750188599, 46.641850156371198 ], [ -92.9097913, 46.642060300008403 ] ] } },
{ "type": "Feature", "properties": { "wmUplineSo": "CROMWELL", "wmType": "Overhead" }, "geometry": { "type": "LineString", "coordinates": [ [ -92.9096750188599, 46.641850156371198 ], [ -92.9100863, 46.642035600008398 ] ] } },
{ "type": "Feature", "properties": { "wmUplineSo": "CROMWELL", "wmType": "Overhead" }, "geometry": { "type": "LineString", "coordinates": [ [ -92.924512048154099, 46.6376637195225 ], [ -92.9234208, 46.637814600008397 ] ] } },
{ "type": "Feature", "properties": { "wmUplineSo": "CROMWELL", "wmType": "Overhead" }, "geometry": { "type": "LineString", "coordinates": [ [ -92.924528725133698, 46.638100658553498 ], [ -92.9245051, 46.638087600008397 ] ] } },
{ "type": "Feature", "properties": { "wmUplineSo": "CROMWELL", "wmType": "Overhead" }, "geometry": { "type": "LineString", "coordinates": [ [ -92.922765499040807, 46.638928254779401 ], [ -92.9229763, 46.638992100008402 ] ] } },
{ "type": "Feature", "properties": { "wmUplineSo": "CROMWELL", "wmType": "Overhead" }, "geometry": { "type": "LineString", "coordinates": [ [ -92.922110969924205, 46.638532551992 ], [ -92.922315, 46.639116100008401 ] ] } },
{ "type": "Feature", "properties": { "wmUplineSo": "CROMWELL", "wmType": "Overhead" }, "geometry": { "type": "LineString", "coordinates": [ [ -92.922765499040807, 46.638928254779401 ], [ -92.9223955, 46.638872600008398 ] ] } },
{ "type": "Feature", "properties": { "wmUplineSo": "CROMWELL", "wmType": "Overhead" }, "geometry": { "type": "LineString", "coordinates": [ [ -92.922110969924205, 46.638532551992 ], [ -92.9221688, 46.6390388000084 ] ] } },
{ "type": "Feature", "properties": { "wmUplineSo": "CROMWELL", "wmType": "Overhead" }, "geometry": { "type": "LineString", "coordinates": [ [ -92.924442785211497, 46.637020501164301 ], [ -92.9241831, 46.637094400008301 ] ] } },
{ "type": "Feature", "properties": { "wmUplineSo": "CROMWELL", "wmType": "Overhead" }, "geometry": { "type": "LineString", "coordinates": [ [ -92.922864301438395, 46.636136737276999 ], [ -92.9228966, 46.6360838000084 ] ] } },
{ "type": "Feature", "properties": { "wmUplineSo": "CROMWELL", "wmType": "Overhead" }, "geometry": { "type": "LineString", "coordinates": [ [ -92.935354592084195, 46.641482531561898 ], [ -92.9352414, 46.641670000008403 ] ] } },
{ "type": "Feature", "properties": { "wmUplineSo": "CROMWELL", "wmType": "Overhead" }, "geometry": { "type": "LineString", "coordinates": [ [ -92.934877715851798, 46.6413084424617 ], [ -92.9348193, 46.641434600008303 ] ] } },
{ "type": "Feature", "properties": { "wmUplineSo": "CROMWELL", "wmType": "Overhead" }, "geometry": { "type": "LineString", "coordinates": [ [ -92.934075192628299, 46.641106128121599 ], [ -92.9342624, 46.641369800008398 ] ] } },
{ "type": "Feature", "properties": { "wmUplineSo": "CROMWELL", "wmType": "Overhead" }, "geometry": { "type": "LineString", "coordinates": [ [ -92.934075192628299, 46.641106128121599 ], [ -92.9337903, 46.641519300008397 ] ] } },
{ "type": "Feature", "properties": { "wmUplineSo": "CROMWELL", "wmType": "Overhead" }, "geometry": { "type": "LineString", "coordinates": [ [ -92.930123081014003, 46.640097098946299 ], [ -92.930281179532003, 46.640369770795999 ] ] } },
{ "type": "Feature", "properties": { "wmUplineSo": "CROMWELL", "wmType": "Overhead" }, "geometry": { "type": "LineString", "coordinates": [ [ -92.929980066054597, 46.639645006785202 ], [ -92.929805003389703, 46.639056514416602 ] ] } },
{ "type": "Feature", "properties": { "wmUplineSo": "CROMWELL", "wmType": "Overhead" }, "geometry": { "type": "LineString", "coordinates": [ [ -92.931209300202497, 46.639330865956701 ], [ -92.9310155, 46.639130100008401 ] ] } },
{ "type": "Feature", "properties": { "wmUplineSo": "CROMWELL", "wmType": "Overhead" }, "geometry": { "type": "LineString", "coordinates": [ [ -92.929980066054597, 46.639645006785202 ], [ -92.9303809, 46.639198000008399 ] ] } },
{ "type": "Feature", "properties": { "wmUplineSo": "CROMWELL", "wmType": "Overhead" }, "geometry": { "type": "LineString", "coordinates": [ [ -92.929980066054597, 46.639645006785202 ], [ -92.9302853, 46.6392060000084 ] ] } },
{ "type": "Feature", "properties": { "wmUplineSo": "CROMWELL", "wmType": "Overhead" }, "geometry": { "type": "LineString", "coordinates": [ [ -92.929980066054597, 46.639645006785202 ], [ -92.9296503, 46.639050600008403 ] ] } },
{ "type": "Feature", "properties": { "wmUplineSo": "CROMWELL", "wmType": "Overhead" }, "geometry": { "type": "LineString", "coordinates": [ [ -92.929980066054597, 46.639645006785202 ], [ -92.9291191, 46.639157400008401 ] ] } },
{ "type": "Feature", "properties": { "wmUplineSo": "CROMWELL", "wmType": "Overhead" }, "geometry": { "type": "LineString", "coordinates": [ [ -92.928918474718202, 46.639904565368496 ], [ -92.9283278, 46.6392218000084 ] ] } },
{ "type": "Feature", "properties": { "wmUplineSo": "CROMWELL", "wmType": "Overhead" }, "geometry": { "type": "LineString", "coordinates": [ [ -92.928497680036699, 46.6401169871924 ], [ -92.9287786, 46.640077800008399 ] ] } },
{ "type": "Feature", "properties": { "wmUplineSo": "CROMWELL", "wmType": "Overhead" }, "geometry": { "type": "LineString", "coordinates": [ [ -92.929463304245402, 46.640229400826001 ], [ -92.9294139, 46.6402433000084 ] ] } },
{ "type": "Feature", "properties": { "wmUplineSo": "CROMWELL", "wmType": "Overhead" }, "geometry": { "type": "LineString", "coordinates": [ [ -92.931143524899895, 46.640334776342698 ], [ -92.9309461280763, 46.640650822642499 ] ] } },
{ "type": "Feature", "properties": { "wmUplineSo": "CROMWELL", "wmType": "Overhead" }, "geometry": { "type": "LineString", "coordinates": [ [ -92.931143524899895, 46.640334776342698 ], [ -92.930686581981703, 46.640341317898802 ] ] } },
{ "type": "Feature", "properties": { "wmUplineSo": "CROMWELL", "wmType": "Overhead" }, "geometry": { "type": "LineString", "coordinates": [ [ -92.931847362931606, 46.639166593085399 ], [ -92.9312668, 46.639128600008398 ] ] } },
{ "type": "Feature", "properties": { "wmUplineSo": "CROMWELL", "wmType": "Overhead" }, "geometry": { "type": "LineString", "coordinates": [ [ -92.932718001647601, 46.6381057365546 ], [ -92.9323563, 46.638236600008398 ] ] } },
{ "type": "Feature", "properties": { "wmUplineSo": "CROMWELL", "wmType": "Overhead" }, "geometry": { "type": "LineString", "coordinates": [ [ -92.932542795691703, 46.638825549527603 ], [ -92.93243773, 46.638761100008402 ] ] } },
{ "type": "Feature", "properties": { "wmUplineSo": "CROMWELL", "wmType": "Overhead" }, "geometry": { "type": "LineString", "coordinates": [ [ -92.929432393608295, 46.635862367351301 ], [ -92.9293938, 46.635822100008298 ] ] } },
{ "type": "Feature", "properties": { "wmUplineSo": "CROMWELL", "wmType": "Overhead" }, "geometry": { "type": "LineString", "coordinates": [ [ -92.932004327405494, 46.636644501195804 ], [ -92.931582113866497, 46.636760320123798 ] ] } },
{ "type": "Feature", "properties": { "wmUplineSo": "CROMWELL", "wmType": "Overhead" }, "geometry": { "type": "LineString", "coordinates": [ [ -92.930625209663503, 46.6368881623129 ], [ -92.9304071, 46.636949300008403 ] ] } },
{ "type": "Feature", "properties": { "wmUplineSo": "CROMWELL", "wmType": "Overhead" }, "geometry": { "type": "LineString", "coordinates": [ [ -92.930782728412495, 46.636653824652399 ], [ -92.930625209663503, 46.6368881623129 ] ] } },
{ "type": "Feature", "properties": { "wmUplineSo": "CROMWELL", "wmType": "Overhead" }, "geometry": { "type": "LineString", "coordinates": [ [ -92.929624454395096, 46.636248468570301 ], [ -92.9294366, 46.636811300008297 ] ] } },
{ "type": "Feature", "properties": { "wmUplineSo": "CROMWELL", "wmType": "Overhead" }, "geometry": { "type": "LineString", "coordinates": [ [ -92.929624454395096, 46.636248468570301 ], [ -92.9298541, 46.636883900008399 ] ] } },
{ "type": "Feature", "properties": { "wmUplineSo": "CROMWELL", "wmType": "Overhead" }, "geometry": { "type": "LineString", "coordinates": [ [ -92.925077486683307, 46.637282263691397 ], [ -92.9251253, 46.637491500008402 ] ] } },
{ "type": "Feature", "properties": { "wmUplineSo": "CROMWELL", "wmType": "Overhead" }, "geometry": { "type": "LineString", "coordinates": [ [ -92.925077486683307, 46.637282263691397 ], [ -92.9251253, 46.637491500008402 ] ] } },
{ "type": "Feature", "properties": { "wmUplineSo": "CROMWELL", "wmType": "Overhead" }, "geometry": { "type": "LineString", "coordinates": [ [ -92.926113055115906, 46.637073046928201 ], [ -92.926030292677595, 46.6371111622882 ] ] } },
{ "type": "Feature", "properties": { "wmUplineSo": "CROMWELL", "wmType": "Overhead" }, "geometry": { "type": "LineString", "coordinates": [ [ -92.924446054389804, 46.636148312880998 ], [ -92.9247355, 46.6361099000084 ] ] } },
{ "type": "Feature", "properties": { "wmUplineSo": "CROMWELL", "wmType": "Overhead" }, "geometry": { "type": "LineString", "coordinates": [ [ -92.925193684893202, 46.636077371738303 ], [ -92.9251918, 46.636569400008298 ] ] } },
{ "type": "Feature", "properties": { "wmUplineSo": "CROMWELL", "wmType": "Overhead" }, "geometry": { "type": "LineString", "coordinates": [ [ -92.926855591845495, 46.6360379678896 ], [ -92.9269133, 46.635432100008401 ] ] } },
{ "type": "Feature", "properties": { "wmUplineSo": "CROMWELL", "wmType": "Overhead" }, "geometry": { "type": "LineString", "coordinates": [ [ -92.926855591845495, 46.6360379678896 ], [ -92.9268871, 46.636587600008397 ] ] } },
{ "type": "Feature", "properties": { "wmUplineSo": "CROMWELL", "wmType": "Overhead" }, "geometry": { "type": "LineString", "coordinates": [ [ -92.920536299106502, 46.638552898901303 ], [ -92.9205628, 46.638916800008303 ] ] } },
{ "type": "Feature", "properties": { "wmUplineSo": "CROMWELL", "wmType": "Overhead" }, "geometry": { "type": "LineString", "coordinates": [ [ -92.920536299106502, 46.638552898901303 ], [ -92.9204428, 46.638854300008397 ] ] } },
{ "type": "Feature", "properties": { "wmUplineSo": "CROMWELL", "wmType": "Overhead" }, "geometry": { "type": "LineString", "coordinates": [ [ -92.919009706463598, 46.6387863647399 ], [ -92.919240939913706, 46.639117654075399 ] ] } },
{ "type": "Feature", "properties": { "wmUplineSo": "CROMWELL", "wmType": "Overhead" }, "geometry": { "type": "LineString", "coordinates": [ [ -92.919009706463598, 46.6387863647399 ], [ -92.918770112109996, 46.6387239767651 ] ] } },
{ "type": "Feature", "properties": { "wmUplineSo": "CROMWELL", "wmType": "Overhead" }, "geometry": { "type": "LineString", "coordinates": [ [ -92.917806096226201, 46.639599759292302 ], [ -92.917572070149802, 46.6396812726843 ] ] } },
{ "type": "Feature", "properties": { "wmUplineSo": "CROMWELL", "wmType": "Overhead" }, "geometry": { "type": "LineString", "coordinates": [ [ -92.917593376978104, 46.639248473223198 ], [ -92.917806096226201, 46.639599759292302 ] ] } },
{ "type": "Feature", "properties": { "wmUplineSo": "CROMWELL", "wmType": "Overhead" }, "geometry": { "type": "LineString", "coordinates": [ [ -92.917593376978104, 46.639248473223198 ], [ -92.917806096226201, 46.639599759292302 ] ] } },
{ "type": "Feature", "properties": { "wmUplineSo": "CROMWELL", "wmType": "Overhead" }, "geometry": { "type": "LineString", "coordinates": [ [ -92.911620877132506, 46.641686515597002 ], [ -92.911865, 46.641940600008397 ] ] } },
{ "type": "Feature", "properties": { "wmUplineSo": "CROMWELL", "wmType": "Overhead" }, "geometry": { "type": "LineString", "coordinates": [ [ -92.911620877132506, 46.641686515597002 ], [ -92.91177719, 46.641916780008401 ] ] } },
{ "type": "Feature", "properties": { "wmUplineSo": "CROMWELL", "wmType": "Overhead" }, "geometry": { "type": "LineString", "coordinates": [ [ -92.900389074557296, 46.651111577857698 ], [ -92.9004668, 46.651349700008403 ] ] } },
{ "type": "Feature", "properties": { "wmUplineSo": "CROMWELL", "wmType": "Overhead" }, "geometry": { "type": "LineString", "coordinates": [ [ -92.900389074557296, 46.651111577857698 ], [ -92.9001578, 46.651332200008397 ] ] } },
{ "type": "Feature", "properties": { "wmUplineSo": "CROMWELL", "wmType": "Overhead" }, "geometry": { "type": "LineString", "coordinates": [ [ -92.900358303308906, 46.652153874305299 ], [ -92.900763242391307, 46.652123699253899 ], [ -92.9007686, 46.652123300008398 ] ] } },
{ "type": "Feature", "properties": { "wmUplineSo": "CROMWELL", "wmType": "Overhead" }, "geometry": { "type": "LineString", "coordinates": [ [ -92.901690106739494, 46.652329073735203 ], [ -92.9018469, 46.652089600008402 ] ] } },
{ "type": "Feature", "properties": { "wmUplineSo": "CROMWELL", "wmType": "Overhead" }, "geometry": { "type": "LineString", "coordinates": [ [ -92.902268106559305, 46.652468686970799 ], [ -92.903101197606901, 46.652654393019603 ] ] } },
{ "type": "Feature", "properties": { "wmUplineSo": "CROMWELL", "wmType": "Overhead" }, "geometry": { "type": "LineString", "coordinates": [ [ -92.902268106559305, 46.652468686970799 ], [ -92.902226754960097, 46.652369302120697 ] ] } },
{ "type": "Feature", "properties": { "wmUplineSo": "CROMWELL", "wmType": "Overhead" }, "geometry": { "type": "LineString", "coordinates": [ [ -92.911917405150902, 46.649400429124903 ], [ -92.9117299, 46.649167900008401 ] ] } },
{ "type": "Feature", "properties": { "wmUplineSo": "CROMWELL", "wmType": "Overhead" }, "geometry": { "type": "LineString", "coordinates": [ [ -92.911917405150902, 46.649400429124903 ], [ -92.9114656, 46.649263500008402 ] ] } },
{ "type": "Feature", "properties": { "wmUplineSo": "CROMWELL", "wmType": "Overhead" }, "geometry": { "type": "LineString", "coordinates": [ [ -92.911338507861899, 46.6497844952656 ], [ -92.9110391, 46.649665900008401 ] ] } },
{ "type": "Feature", "properties": { "wmUplineSo": "CROMWELL", "wmType": "Overhead" }, "geometry": { "type": "LineString", "coordinates": [ [ -92.910993960120805, 46.650030906593699 ], [ -92.9106527, 46.649893400008402 ] ] } },
{ "type": "Feature", "properties": { "wmUplineSo": "CROMWELL", "wmType": "Overhead" }, "geometry": { "type": "LineString", "coordinates": [ [ -92.910655455722505, 46.650274301674699 ], [ -92.9101689, 46.650312400008403 ] ] } },
{ "type": "Feature", "properties": { "wmUplineSo": "CROMWELL", "wmType": "Overhead" }, "geometry": { "type": "LineString", "coordinates": [ [ -92.910655455722505, 46.650274301674699 ], [ -92.9106297, 46.6503286000084 ] ] } },
{ "type": "Feature", "properties": { "wmUplineSo": "CROMWELL", "wmType": "Overhead" }, "geometry": { "type": "LineString", "coordinates": [ [ -92.889355722885497, 46.657615644678401 ], [ -92.8893564, 46.657077300008403 ] ] } },
{ "type": "Feature", "properties": { "wmUplineSo": "CROMWELL", "wmType": "Overhead" }, "geometry": { "type": "LineString", "coordinates": [ [ -92.894696200967701, 46.664501436117597 ], [ -92.8951981, 46.664360000008401 ] ] } },
{ "type": "Feature", "properties": { "wmUplineSo": "CROMWELL", "wmType": "Overhead" }, "geometry": { "type": "LineString", "coordinates": [ [ -92.893707752871705, 46.658325874060502 ], [ -92.8940828, 46.658045400008398 ] ] } },
{ "type": "Feature", "properties": { "wmUplineSo": "CROMWELL", "wmType": "Overhead" }, "geometry": { "type": "LineString", "coordinates": [ [ -92.897220736328094, 46.664947559506999 ], [ -92.8972878, 46.665234100008398 ] ] } },
{ "type": "Feature", "properties": { "wmUplineSo": "CROMWELL", "wmType": "Overhead" }, "geometry": { "type": "LineString", "coordinates": [ [ -92.897220736328094, 46.664947559506999 ], [ -92.8969709, 46.664439900008396 ] ] } },
{ "type": "Feature", "properties": { "wmUplineSo": "CROMWELL", "wmType": "Overhead" }, "geometry": { "type": "LineString", "coordinates": [ [ -92.924093082475906, 46.644372064733702 ], [ -92.924868747537701, 46.644500293697497 ] ] } },
{ "type": "Feature", "properties": { "wmUplineSo": "CROMWELL", "wmType": "Overhead" }, "geometry": { "type": "LineString", "coordinates": [ [ -92.892171879414306, 46.650207047741603 ], [ -92.8918868, 46.649979500008399 ] ] } },
{ "type": "Feature", "properties": { "wmUplineSo": "CROMWELL", "wmType": "Overhead" }, "geometry": { "type": "LineString", "coordinates": [ [ -92.895965710667497, 46.6501861480399 ], [ -92.8962549, 46.650421800008402 ] ] } },
{ "type": "Feature", "properties": { "wmUplineSo": "CROMWELL", "wmType": "Overhead" }, "geometry": { "type": "LineString", "coordinates": [ [ -92.895965710667497, 46.6501861480399 ], [ -92.8959683, 46.650190300008397 ] ] } },
{ "type": "Feature", "properties": { "wmUplineSo": "CROMWELL", "wmType": "Overhead" }, "geometry": { "type": "LineString", "coordinates": [ [ -92.892601825557193, 46.649174404785199 ], [ -92.8925885, 46.649155800008401 ] ] } },
{ "type": "Feature", "properties": { "wmUplineSo": "CROMWELL", "wmType": "Overhead" }, "geometry": { "type": "LineString", "coordinates": [ [ -92.894568891833401, 46.6501869736095 ], [ -92.8943986, 46.649953600008402 ] ] } },
{ "type": "Feature", "properties": { "wmUplineSo": "CROMWELL", "wmType": "Overhead" }, "geometry": { "type": "LineString", "coordinates": [ [ -92.8943986, 46.649953600008402 ], [ -92.8943795, 46.6500033000084 ] ] } },
{ "type": "Feature", "properties": { "wmUplineSo": "CROMWELL", "wmType": "Overhead" }, "geometry": { "type": "LineString", "coordinates": [ [ -92.895279572103604, 46.650184694153701 ], [ -92.8951456, 46.6504873000084 ] ] } },
{ "type": "Feature", "properties": { "wmUplineSo": "CROMWELL", "wmType": "Overhead" }, "geometry": { "type": "LineString", "coordinates": [ [ -92.911846218216496, 46.641300954847097 ], [ -92.912687046893893, 46.6415315981898 ], [ -92.912687046893893, 46.6415315981898 ] ] } },
{ "type": "Feature", "properties": { "wmUplineSo": "CROMWELL", "wmType": "Overhead" }, "geometry": { "type": "LineString", "coordinates": [ [ -92.913924862873998, 46.640726316635799 ], [ -92.9146207, 46.641271300008299 ] ] } },
{ "type": "Feature", "properties": { "wmUplineSo": "CROMWELL", "wmType": "Overhead" }, "geometry": { "type": "LineString", "coordinates": [ [ -92.913924862873998, 46.640726316635799 ], [ -92.9145318, 46.641431000008303 ] ] } },
{ "type": "Feature", "properties": { "wmUplineSo": "CROMWELL", "wmType": "Overhead" }, "geometry": { "type": "LineString", "coordinates": [ [ -92.921238082109596, 46.6385379071369 ], [ -92.9211346, 46.638940100008398 ] ] } },
{ "type": "Feature", "properties": { "wmUplineSo": "CROMWELL", "wmType": "Overhead" }, "geometry": { "type": "LineString", "coordinates": [ [ -92.921238082109596, 46.6385379071369 ], [ -92.9211346, 46.638940100008398 ] ] } },
{ "type": "Feature", "properties": { "wmUplineSo": "CROMWELL", "wmType": "Overhead" }, "geometry": { "type": "LineString", "coordinates": [ [ -92.921238082109596, 46.6385379071369 ], [ -92.9212634, 46.638541600008402 ] ] } },
{ "type": "Feature", "properties": { "wmUplineSo": "CROMWELL", "wmType": "Overhead" }, "geometry": { "type": "LineString", "coordinates": [ [ -92.9281791765641, 46.636315011654403 ], [ -92.9279311, 46.636515800008397 ] ] } },
{ "type": "Feature", "properties": { "wmUplineSo": "CROMWELL", "wmType": "Overhead" }, "geometry": { "type": "LineString", "coordinates": [ [ -92.9281791765641, 46.636315011654403 ], [ -92.9282388, 46.636729600008401 ] ] } },
{ "type": "Feature", "properties": { "wmUplineSo": "CROMWELL", "wmType": "Overhead" }, "geometry": { "type": "LineString", "coordinates": [ [ -92.916257018507196, 46.694704745381003 ], [ -92.915971568099494, 46.694978723988903 ] ] } },
{ "type": "Feature", "properties": { "wmUplineSo": "CROMWELL", "wmType": "Overhead" }, "geometry": { "type": "LineString", "coordinates": [ [ -92.928411875113198, 46.645712551099599 ], [ -92.9281471, 46.6451008000084 ] ] } },
{ "type": "Feature", "properties": { "wmUplineSo": "CROMWELL", "wmType": "Overhead" }, "geometry": { "type": "LineString", "coordinates": [ [ -92.912513989518999, 46.679297156305402 ], [ -92.912924005349893, 46.6796043991584 ] ] } },
{ "type": "Feature", "properties": { "wmUplineSo": "CROMWELL", "wmType": "Overhead" }, "geometry": { "type": "LineString", "coordinates": [ [ -92.916584937192098, 46.688890699238797 ], [ -92.916528996357897, 46.689855546696101 ] ] } },
{ "type": "Feature", "properties": { "wmUplineSo": "CROMWELL", "wmType": "Overhead" }, "geometry": { "type": "LineString", "coordinates": [ [ -92.912924005349893, 46.6796043991584 ], [ -92.9128511, 46.679934100008403 ] ] } },
{ "type": "Feature", "properties": { "wmUplineSo": "CROMWELL", "wmType": "Overhead" }, "geometry": { "type": "LineString", "coordinates": [ [ -92.919563955764104, 46.639118144504302 ], [ -92.9195713, 46.639132800008397 ] ] } },
{ "type": "Feature", "properties": { "wmUplineSo": "CROMWELL", "wmType": "Overhead" }, "geometry": { "type": "LineString", "coordinates": [ [ -92.916528996357897, 46.689855546696101 ], [ -92.916432629599697, 46.691998240388699 ], [ -92.916432629599697, 46.691998240388699 ] ] } },
{ "type": "Feature", "properties": { "wmUplineSo": "CROMWELL", "wmType": "Overhead" }, "geometry": { "type": "LineString", "coordinates": [ [ -92.897576886836305, 46.664945283317998 ], [ -92.8978268, 46.6646883000084 ] ] } },
{ "type": "Feature", "properties": { "wmUplineSo": "CROMWELL", "wmType": "Overhead" }, "geometry": { "type": "LineString", "coordinates": [ [ -92.9235275, 46.644341600008403 ], [ -92.923516749067105, 46.644330792576099 ] ] } },
{ "type": "Feature", "properties": { "wmUplineSo": "CROMWELL", "wmType": "Overhead" }, "geometry": { "type": "LineString", "coordinates": [ [ -92.916701016296201, 46.680929003432198 ], [ -92.916702010210102, 46.681872521929897 ] ] } },
{ "type": "Feature", "properties": { "wmUplineSo": "CROMWELL", "wmType": "Overhead" }, "geometry": { "type": "LineString", "coordinates": [ [ -92.902596310834795, 46.664816924693199 ], [ -92.9024574, 46.664983600008398 ] ] } },
{ "type": "Feature", "properties": { "wmUplineSo": "CROMWELL", "wmType": "Overhead" }, "geometry": { "type": "LineString", "coordinates": [ [ -92.879885336445597, 46.657059624223002 ], [ -92.8800043, 46.656867400008402 ] ] } },
{ "type": "Feature", "properties": { "wmUplineSo": "CROMWELL", "wmType": "Overhead" }, "geometry": { "type": "LineString", "coordinates": [ [ -92.9148015873632, 46.640318163358998 ], [ -92.915127742650398, 46.640592689599202 ] ] } },
{ "type": "Feature", "properties": { "wmUplineSo": "CROMWELL", "wmType": "Overhead" }, "geometry": { "type": "LineString", "coordinates": [ [ -92.915127742650398, 46.640592689599202 ], [ -92.915359, 46.640627300008397 ] ] } },
{ "type": "Feature", "properties": { "wmUplineSo": "CROMWELL", "wmType": "Overhead" }, "geometry": { "type": "LineString", "coordinates": [ [ -92.915127742650398, 46.640592689599202 ], [ -92.9156193, 46.640829100008403 ] ] } },
{ "type": "Feature", "properties": { "wmUplineSo": "CROMWELL", "wmType": "Overhead" }, "geometry": { "type": "LineString", "coordinates": [ [ -92.9037803, 46.652422100008401 ], [ -92.904798, 46.652600000008398 ] ] } },
{ "type": "Feature", "properties": { "wmUplineSo": "CROMWELL", "wmType": "Overhead" }, "geometry": { "type": "LineString", "coordinates": [ [ -92.903064944817402, 46.652294104245897 ], [ -92.9037803, 46.652422100008401 ] ] } },
{ "type": "Feature", "properties": { "wmUplineSo": "CROMWELL", "wmType": "Overhead" }, "geometry": { "type": "LineString", "coordinates": [ [ -92.903064944817402, 46.652294104245897 ], [ -92.903299310498198, 46.652076593718903 ] ] } },
{ "type": "Feature", "properties": { "wmUplineSo": "CROMWELL", "wmType": "Overhead" }, "geometry": { "type": "LineString", "coordinates": [ [ -92.916924020559193, 46.6394981644995 ], [ -92.9170058, 46.639785800008397 ] ] } },
{ "type": "Feature", "properties": { "wmUplineSo": "CROMWELL", "wmType": "Overhead" }, "geometry": { "type": "LineString", "coordinates": [ [ -92.916924020559193, 46.6394981644995 ], [ -92.9170058, 46.639785800008397 ] ] } },
{ "type": "Feature", "properties": { "wmUplineSo": "CROMWELL", "wmType": "Overhead" }, "geometry": { "type": "LineString", "coordinates": [ [ -92.920472975252594, 46.636151222368397 ], [ -92.9204254, 46.636156000008398 ] ] } },
{ "type": "Feature", "properties": { "wmUplineSo": "CROMWELL", "wmType": "Overhead" }, "geometry": { "type": "LineString", "coordinates": [ [ -92.921471669924102, 46.636122354715503 ], [ -92.9217296, 46.636102100008401 ] ] } },
{ "type": "Feature", "properties": { "wmUplineSo": "CROMWELL", "wmType": "Overhead" }, "geometry": { "type": "LineString", "coordinates": [ [ -92.916663554193605, 46.678661924698602 ], [ -92.9167098, 46.678650100008397 ] ] } },
{ "type": "Feature", "properties": { "wmUplineSo": "CROMWELL", "wmType": "Overhead" }, "geometry": { "type": "LineString", "coordinates": [ [ -92.916660521850901, 46.678094960836503 ], [ -92.9160214, 46.678057000008401 ] ] } },
{ "type": "Feature", "properties": { "wmUplineSo": "CROMWELL", "wmType": "Overhead" }, "geometry": { "type": "LineString", "coordinates": [ [ -92.920301560764997, 46.635995254658297 ], [ -92.9202173, 46.635949100008297 ] ] } },
{ "type": "Feature", "properties": { "wmUplineSo": "CROMWELL", "wmType": "Overhead" }, "geometry": { "type": "LineString", "coordinates": [ [ -92.9184281, 46.639403300008397 ], [ -92.9184446, 46.639453900008398 ] ] } },
{ "type": "Feature", "properties": { "wmUplineSo": "CROMWELL", "wmType": "Overhead" }, "geometry": { "type": "LineString", "coordinates": [ [ -92.918250268891001, 46.639019725969497 ], [ -92.918744453035302, 46.639398199520897 ] ] } },
{ "type": "Feature", "properties": { "wmUplineSo": "CROMWELL", "wmType": "Overhead" }, "geometry": { "type": "LineString", "coordinates": [ [ -92.918250268891001, 46.639019725969497 ], [ -92.9182274, 46.638841300008401 ] ] } },
{ "type": "Feature", "properties": { "wmUplineSo": "CROMWELL", "wmType": "Overhead" }, "geometry": { "type": "LineString", "coordinates": [ [ -92.914638920622906, 46.648074537133297 ], [ -92.914485900387703, 46.647973916416703 ] ] } },
{ "type": "Feature", "properties": { "wmUplineSo": "CROMWELL", "wmType": "Overhead" }, "geometry": { "type": "LineString", "coordinates": [ [ -92.914290103142605, 46.647845946339203 ], [ -92.9141146, 46.647992800008403 ] ] } },
{ "type": "Feature", "properties": { "wmUplineSo": "CROMWELL", "wmType": "Overhead" }, "geometry": { "type": "LineString", "coordinates": [ [ -92.980780968868899, 46.682130726381899 ], [ -92.980780968868899, 46.682130726381899 ] ] } },
{ "type": "Feature", "properties": { "wmUplineSo": "CROMWELL", "wmType": "Overhead" }, "geometry": { "type": "LineString", "coordinates": [ [ -92.990064314554004, 46.678634326446598 ], [ -92.9896366, 46.678583600008402 ] ] } },
{ "type": "Feature", "properties": { "wmUplineSo": "CROMWELL", "wmType": "Overhead" }, "geometry": { "type": "LineString", "coordinates": [ [ -92.918250268891001, 46.639019725969497 ], [ -92.9184281, 46.639403300008397 ] ] } },
{ "type": "Feature", "properties": { "wmUplineSo": "CROMWELL", "wmType": "Overhead" }, "geometry": { "type": "LineString", "coordinates": [ [ -92.900474706535405, 46.664855705311503 ], [ -92.899526186679296, 46.664892368944699 ] ] } },
{ "type": "Feature", "properties": { "wmUplineSo": "CROMWELL", "wmType": "Overhead" }, "geometry": { "type": "LineString", "coordinates": [ [ -92.897808185899606, 46.679341007414699 ], [ -92.899087000168294, 46.679327916986999 ] ] } },
{ "type": "Feature", "properties": { "wmUplineSo": "CROMWELL", "wmType": "Overhead" }, "geometry": { "type": "LineString", "coordinates": [ [ -92.919240939913706, 46.639117654075399 ], [ -92.919558517272804, 46.639078984126101 ] ] } },
{ "type": "Feature", "properties": { "wmUplineSo": "CROMWELL", "wmType": "Overhead" }, "geometry": { "type": "LineString", "coordinates": [ [ -92.919269121906694, 46.677898690847996 ], [ -92.918969527876499, 46.678170358566398 ] ] } },
{ "type": "Feature", "properties": { "wmUplineSo": "CROMWELL", "wmType": "Overhead" }, "geometry": { "type": "LineString", "coordinates": [ [ -92.916405732335605, 46.669769641926301 ], [ -92.916387499277903, 46.6689860318751 ], [ -92.916387499278002, 46.668986031875001 ] ] } },
{ "type": "Feature", "properties": { "wmUplineSo": "CROMWELL", "wmType": "Overhead" }, "geometry": { "type": "LineString", "coordinates": [ [ -92.916153660969002, 46.662028078698697 ], [ -92.916110242711397, 46.6611865688769 ] ] } },
{ "type": "Feature", "properties": { "wmUplineSo": "CROMWELL", "wmType": "Overhead" }, "geometry": { "type": "LineString", "coordinates": [ [ -92.916083655998193, 46.660825795846499 ], [ -92.916055666625894, 46.660445984020498 ] ] } },
{ "type": "Feature", "properties": { "wmUplineSo": "CROMWELL", "wmType": "Overhead" }, "geometry": { "type": "LineString", "coordinates": [ [ -92.898660000490693, 46.649738735402103 ], [ -92.899439958549095, 46.649601321238599 ] ] } },
{ "type": "Feature", "properties": { "wmUplineSo": "CROMWELL", "wmType": "Overhead" }, "geometry": { "type": "LineString", "coordinates": [ [ -92.911209944045495, 46.641400468117297 ], [ -92.911620877132506, 46.641686515597002 ] ] } },
{ "type": "Feature", "properties": { "wmUplineSo": "CROMWELL", "wmType": "Overhead" }, "geometry": { "type": "LineString", "coordinates": [ [ -92.909414277681805, 46.641685655879698 ], [ -92.9096750188599, 46.641850156371198 ] ] } },
{ "type": "Feature", "properties": { "wmUplineSo": "CROMWELL", "wmType": "Overhead" }, "geometry": { "type": "LineString", "coordinates": [ [ -92.924442785211497, 46.637020501164301 ], [ -92.925077486683307, 46.637282263691397 ] ] } },
{ "type": "Feature", "properties": { "wmUplineSo": "CROMWELL", "wmType": "Overhead" }, "geometry": { "type": "LineString", "coordinates": [ [ -92.913301345653906, 46.648665599144501 ], [ -92.913972383181701, 46.648369077439 ] ] } },
{ "type": "Feature", "properties": { "wmUplineSo": "CROMWELL", "wmType": "Overhead" }, "geometry": { "type": "LineString", "coordinates": [ [ -92.933144198022504, 46.646044576203799 ], [ -92.933166335959996, 46.645923628329399 ] ] } },
{ "type": "Feature", "properties": { "wmUplineSo": "CROMWELL", "wmType": "Overhead" }, "geometry": { "type": "LineString", "coordinates": [ [ -92.9599632745837, 46.679142071831301 ], [ -92.959909242213797, 46.678273024799303 ] ] } },
{ "type": "Feature", "properties": { "wmUplineSo": "CROMWELL", "wmType": "Overhead" }, "geometry": { "type": "LineString", "coordinates": [ [ -92.899439958549095, 46.649601321238599 ], [ -92.899515, 46.649630800008403 ] ] } },
{ "type": "Feature", "properties": { "wmUplineSo": "CROMWELL", "wmType": "Overhead" }, "geometry": { "type": "LineString", "coordinates": [ [ -92.905454987261905, 46.6532608947822 ], [ -92.9053167725571, 46.653001888164802 ] ] } },
{ "type": "Feature", "properties": { "wmUplineSo": "CROMWELL", "wmType": "Overhead" }, "geometry": { "type": "LineString", "coordinates": [ [ -92.898438578590302, 46.650280910150499 ], [ -92.898906366664406, 46.650731407147099 ] ] } },
{ "type": "Feature", "properties": { "wmUplineSo": "CROMWELL", "wmType": "Overhead" }, "geometry": { "type": "LineString", "coordinates": [ [ -92.9231651666163, 46.679589092142102 ], [ -92.923164542962397, 46.679741214897099 ] ] } },
{ "type": "Feature", "properties": { "wmUplineSo": "CROMWELL", "wmType": "Overhead" }, "geometry": { "type": "LineString", "coordinates": [ [ -92.893594545296395, 46.655540983347997 ], [ -92.8941406, 46.655480600008403 ] ] } },
{ "type": "Feature", "properties": { "wmUplineSo": "CROMWELL", "wmType": "Overhead" }, "geometry": { "type": "LineString", "coordinates": [ [ -92.923164542962397, 46.679741214897099 ], [ -92.923239520517697, 46.679786376313203 ], [ -92.923239520517697, 46.679786376313203 ] ] } },
{ "type": "Feature", "properties": { "wmUplineSo": "CROMWELL", "wmType": "Overhead" }, "geometry": { "type": "LineString", "coordinates": [ [ -92.923166321516206, 46.679468191538703 ], [ -92.9231651666163, 46.679589092142102 ] ] } },
{ "type": "Feature", "properties": { "wmUplineSo": "CROMWELL", "wmType": "Overhead" }, "geometry": { "type": "LineString", "coordinates": [ [ -92.959752818084894, 46.671028335476997 ], [ -92.959760689373596, 46.670412067683998 ], [ -92.959770812626701, 46.6696194653288 ] ] } },
{ "type": "Feature", "properties": { "wmUplineSo": "CROMWELL", "wmType": "Overhead" }, "geometry": { "type": "LineString", "coordinates": [ [ -92.901434824770504, 46.664841703961599 ], [ -92.901357559886506, 46.6645865340423 ] ] } },
{ "type": "Feature", "properties": { "wmUplineSo": "CROMWELL", "wmType": "Overhead" }, "geometry": { "type": "LineString", "coordinates": [ [ -92.908266726477507, 46.652904358555404 ], [ -92.908296342919897, 46.652894081753999 ] ] } },
{ "type": "Feature", "properties": { "wmUplineSo": "CROMWELL", "wmType": "Overhead" }, "geometry": { "type": "LineString", "coordinates": [ [ -92.980780968868899, 46.682130726381899 ], [ -92.980873838223303, 46.682155573583501 ] ] } },
{ "type": "Feature", "properties": { "wmUplineSo": "CROMWELL", "wmType": "Overhead" }, "geometry": { "type": "LineString", "coordinates": [ [ -92.934075192628299, 46.641106128121599 ], [ -92.934877715851798, 46.6413084424617 ] ] } },
{ "type": "Feature", "properties": { "wmUplineSo": "CROMWELL", "wmType": "Overhead" }, "geometry": { "type": "LineString", "coordinates": [ [ -92.934877715851798, 46.6413084424617 ], [ -92.935354592084195, 46.641482531561898 ] ] } },
{ "type": "Feature", "properties": { "wmUplineSo": "CROMWELL", "wmType": "Overhead" }, "geometry": { "type": "LineString", "coordinates": [ [ -92.916331966743897, 46.651097003434003 ], [ -92.916376934287698, 46.6505274451861 ] ] } },
{ "type": "Feature", "properties": { "wmUplineSo": "CROMWELL", "wmType": "Overhead" }, "geometry": { "type": "LineString", "coordinates": [ [ -92.919601234685103, 46.646133868416698 ], [ -92.9196146, 46.646040900008401 ] ] } },
{ "type": "Feature", "properties": { "wmUplineSo": "CROMWELL", "wmType": "Overhead" }, "geometry": { "type": "LineString", "coordinates": [ [ -92.930739999968907, 46.635807694789399 ], [ -92.930782728412495, 46.636653824652399 ] ] } },
{ "type": "Feature", "properties": { "wmUplineSo": "CROMWELL", "wmType": "Overhead" }, "geometry": { "type": "LineString", "coordinates": [ [ -92.916705006818404, 46.683886967734999 ], [ -92.916706017877203, 46.684756418238997 ] ] } },
{ "type": "Feature", "properties": { "wmUplineSo": "CROMWELL", "wmType": "Overhead" }, "geometry": { "type": "LineString", "coordinates": [ [ -92.916209713725195, 46.663104363007797 ], [ -92.916837911562297, 46.663392243211 ] ] } },
{ "type": "Feature", "properties": { "wmUplineSo": "CROMWELL", "wmType": "Overhead" }, "geometry": { "type": "LineString", "coordinates": [ [ -92.930739999968907, 46.635807694789399 ], [ -92.931526634381896, 46.635854798605799 ] ] } },
{ "type": "Feature", "properties": { "wmUplineSo": "CROMWELL", "wmType": "Overhead" }, "geometry": { "type": "LineString", "coordinates": [ [ -92.917593376978104, 46.639248473223198 ], [ -92.918250268891001, 46.639019725969497 ] ] } },
{ "type": "Feature", "properties": { "wmUplineSo": "CROMWELL", "wmType": "Overhead" }, "geometry": { "type": "LineString", "coordinates": [ [ -92.917593376978104, 46.639248473223198 ], [ -92.917495907617607, 46.6392624572456 ] ] } },
{ "type": "Feature", "properties": { "wmUplineSo": "CROMWELL", "wmType": "Overhead" }, "geometry": { "type": "LineString", "coordinates": [ [ -92.917806096226201, 46.639599759292302 ], [ -92.9180429, 46.6397021000084 ] ] } },
{ "type": "Feature", "properties": { "wmUplineSo": "CROMWELL", "wmType": "Overhead" }, "geometry": { "type": "LineString", "coordinates": [ [ -92.893635397586095, 46.650188710100899 ], [ -92.893215459243095, 46.650194247665198 ] ] } },
{ "type": "Feature", "properties": { "wmUplineSo": "CROMWELL", "wmType": "Overhead" }, "geometry": { "type": "LineString", "coordinates": [ [ -92.951236085917699, 46.679202260176602 ], [ -92.951242168602604, 46.679513094197503 ] ] } },
{ "type": "Feature", "properties": { "wmUplineSo": "CROMWELL", "wmType": "Overhead" }, "geometry": { "type": "LineString", "coordinates": [ [ -92.909414277681805, 46.641685655879698 ], [ -92.910554474110995, 46.641506271912498 ] ] } },
{ "type": "Feature", "properties": { "wmUplineSo": "CROMWELL", "wmType": "Overhead" }, "geometry": { "type": "LineString", "coordinates": [ [ -92.916488053783695, 46.673475842076797 ], [ -92.918041811356105, 46.673412476944897 ] ] } },
{ "type": "Feature", "properties": { "wmUplineSo": "CROMWELL", "wmType": "Overhead" }, "geometry": { "type": "LineString", "coordinates": [ [ -92.916488053783695, 46.673475842076797 ], [ -92.916469021745598, 46.672572007773198 ], [ -92.9164507585796, 46.671704659771699 ], [ -92.9164507585796, 46.671704659771699 ] ] } },
{ "type": "Feature", "properties": { "wmUplineSo": "CROMWELL", "wmType": "Overhead" }, "geometry": { "type": "LineString", "coordinates": [ [ -92.916577900664393, 46.6759721527064 ], [ -92.916557038318899, 46.675184583532499 ], [ -92.916555763893498, 46.675136472291904 ] ] } },
{ "type": "Feature", "properties": { "wmUplineSo": "CROMWELL", "wmType": "Overhead" }, "geometry": { "type": "LineString", "coordinates": [ [ -92.916555763893498, 46.675136472291904 ], [ -92.916527407596604, 46.674441029691202 ], [ -92.916488053783695, 46.673475842076797 ], [ -92.916488053783695, 46.673475842076797 ] ] } },
{ "type": "Feature", "properties": { "wmUplineSo": "CROMWELL", "wmType": "Overhead" }, "geometry": { "type": "LineString", "coordinates": [ [ -92.916376934287698, 46.6505274451861 ], [ -92.916252383633207, 46.649431418642799 ] ] } },
{ "type": "Feature", "properties": { "wmUplineSo": "CROMWELL", "wmType": "Overhead" }, "geometry": { "type": "LineString", "coordinates": [ [ -92.915869026698104, 46.6471546586939 ], [ -92.915722921306397, 46.646941450586702 ] ] } },
{ "type": "Feature", "properties": { "wmUplineSo": "CROMWELL", "wmType": "Overhead" }, "geometry": { "type": "LineString", "coordinates": [ [ -92.916742244555095, 46.646823347471702 ], [ -92.917423827544994, 46.646634132934103 ] ] } },
{ "type": "Feature", "properties": { "wmUplineSo": "CROMWELL", "wmType": "Overhead" }, "geometry": { "type": "LineString", "coordinates": [ [ -92.918218017463602, 46.646562430399399 ], [ -92.919601234685103, 46.646133868416698 ] ] } },
{ "type": "Feature", "properties": { "wmUplineSo": "CROMWELL", "wmType": "Overhead" }, "geometry": { "type": "LineString", "coordinates": [ [ -92.959790862086294, 46.668703238171801 ], [ -92.958318991387998, 46.668958431364203 ], [ -92.957499392848604, 46.669100524244598 ] ] } },
{ "type": "Feature", "properties": { "wmUplineSo": "CROMWELL", "wmType": "Overhead" }, "geometry": { "type": "LineString", "coordinates": [ [ -92.959756548471503, 46.674254927301497 ], [ -92.959755285516394, 46.673162567252398 ], [ -92.959754201504097, 46.672224953814002 ], [ -92.959752818084894, 46.671028335476997 ] ] } },
{ "type": "Feature", "properties": { "wmUplineSo": "CROMWELL", "wmType": "Overhead" }, "geometry": { "type": "LineString", "coordinates": [ [ -92.959770812626701, 46.6696194653288 ], [ -92.959790862086294, 46.668703238171801 ] ] } },
{ "type": "Feature", "properties": { "wmUplineSo": "CROMWELL", "wmType": "Overhead" }, "geometry": { "type": "LineString", "coordinates": [ [ -92.948622750834701, 46.679340511612601 ], [ -92.950064863341396, 46.679199068029902 ] ] } },
{ "type": "Feature", "properties": { "wmUplineSo": "CROMWELL", "wmType": "Overhead" }, "geometry": { "type": "LineString", "coordinates": [ [ -92.951236085917699, 46.679202260176602 ], [ -92.951265763728301, 46.679202151092298 ], [ -92.951265763728301, 46.679202151092298 ], [ -92.952422314323201, 46.679197894060898 ], [ -92.953824964404504, 46.679192715500001 ], [ -92.954511623417403, 46.679190174097002 ], [ -92.954511623417403, 46.679190174097002 ] ] } },
{ "type": "Feature", "properties": { "wmUplineSo": "CROMWELL", "wmType": "Overhead" }, "geometry": { "type": "LineString", "coordinates": [ [ -92.956268452070304, 46.679201607099898 ], [ -92.956268452070304, 46.679201607099898 ], [ -92.957906886356398, 46.679205793893601 ], [ -92.959084737592406, 46.679208789235297 ], [ -92.959965613601895, 46.679211021427797 ], [ -92.959965613601895, 46.679211021427797 ] ] } },
{ "type": "Feature", "properties": { "wmUplineSo": "CROMWELL", "wmType": "Overhead" }, "geometry": { "type": "LineString", "coordinates": [ [ -92.923729152696694, 46.644559669713502 ], [ -92.924093082475906, 46.644372064733702 ] ] } },
{ "type": "Feature", "properties": { "wmUplineSo": "CROMWELL", "wmType": "Overhead" }, "geometry": { "type": "LineString", "coordinates": [ [ -92.979573366108397, 46.689106780689698 ], [ -92.978595990434997, 46.688937789030099 ] ] } },
{ "type": "Feature", "properties": { "wmUplineSo": "CROMWELL", "wmType": "Overhead" }, "geometry": { "type": "LineString", "coordinates": [ [ -92.925664601993702, 46.6446848633096 ], [ -92.926765337665103, 46.644872969783499 ] ] } },
{ "type": "Feature", "properties": { "wmUplineSo": "CROMWELL", "wmType": "Overhead" }, "geometry": { "type": "LineString", "coordinates": [ [ -92.928952045397196, 46.645727919727101 ], [ -92.929593980636099, 46.645791208691698 ] ] } },
{ "type": "Feature", "properties": { "wmUplineSo": "CROMWELL", "wmType": "Overhead" }, "geometry": { "type": "LineString", "coordinates": [ [ -92.929593980636099, 46.645791208691698 ], [ -92.929667114816397, 46.645592323796699 ] ] } },
{ "type": "Feature", "properties": { "wmUplineSo": "CROMWELL", "wmType": "Overhead" }, "geometry": { "type": "LineString", "coordinates": [ [ -92.929593980636099, 46.645791208691698 ], [ -92.930743898139099, 46.645871849868797 ] ] } },
{ "type": "Feature", "properties": { "wmUplineSo": "CROMWELL", "wmType": "Overhead" }, "geometry": { "type": "LineString", "coordinates": [ [ -92.930743898139099, 46.645871849868797 ], [ -92.931127282068999, 46.645355059192497 ] ] } },
{ "type": "Feature", "properties": { "wmUplineSo": "CROMWELL", "wmType": "Overhead" }, "geometry": { "type": "LineString", "coordinates": [ [ -92.930743898139099, 46.645871849868797 ], [ -92.9319503817769, 46.645961917774798 ] ] } },
{ "type": "Feature", "properties": { "wmUplineSo": "CROMWELL", "wmType": "Overhead" }, "geometry": { "type": "LineString", "coordinates": [ [ -92.9319503817769, 46.645961917774798 ], [ -92.9321008745749, 46.645849752513897 ] ] } },
{ "type": "Feature", "properties": { "wmUplineSo": "CROMWELL", "wmType": "Overhead" }, "geometry": { "type": "LineString", "coordinates": [ [ -92.9319503817769, 46.645961917774798 ], [ -92.933144198022504, 46.646044576203799 ] ] } },
{ "type": "Feature", "properties": { "wmUplineSo": "CROMWELL", "wmType": "Overhead" }, "geometry": { "type": "LineString", "coordinates": [ [ -92.984069160758906, 46.679394671149801 ], [ -92.984069160758906, 46.679394671149801 ], [ -92.984002870566499, 46.680097183147097 ], [ -92.983933938493195, 46.680827673070802 ] ] } },
{ "type": "Feature", "properties": { "wmUplineSo": "CROMWELL", "wmType": "Overhead" }, "geometry": { "type": "LineString", "coordinates": [ [ -92.924528725133698, 46.638100658553498 ], [ -92.924512061226295, 46.637664062017002 ], [ -92.924512048154099, 46.6376637195225 ] ] } },
{ "type": "Feature", "properties": { "wmUplineSo": "CROMWELL", "wmType": "Overhead" }, "geometry": { "type": "LineString", "coordinates": [ [ -92.922110969924205, 46.638532551992 ], [ -92.922765499040807, 46.638928254779401 ] ] } },
{ "type": "Feature", "properties": { "wmUplineSo": "CROMWELL", "wmType": "Overhead" }, "geometry": { "type": "LineString", "coordinates": [ [ -92.931209300202497, 46.639330865956701 ], [ -92.930403107860698, 46.6395460137526 ], [ -92.929980066054597, 46.639645006785202 ] ] } },
{ "type": "Feature", "properties": { "wmUplineSo": "CROMWELL", "wmType": "Overhead" }, "geometry": { "type": "LineString", "coordinates": [ [ -92.928918474718202, 46.639904565368496 ], [ -92.928497680036699, 46.6401169871924 ] ] } },
{ "type": "Feature", "properties": { "wmUplineSo": "CROMWELL", "wmType": "Overhead" }, "geometry": { "type": "LineString", "coordinates": [ [ -92.930123081014003, 46.640097098946299 ], [ -92.929584245975406, 46.639927838604798 ] ] } },
{ "type": "Feature", "properties": { "wmUplineSo": "CROMWELL", "wmType": "Overhead" }, "geometry": { "type": "LineString", "coordinates": [ [ -92.929980066054597, 46.639645006785202 ], [ -92.928918474718202, 46.639904565368496 ], [ -92.928918474718202, 46.639904565368496 ] ] } },
{ "type": "Feature", "properties": { "wmUplineSo": "CROMWELL", "wmType": "Overhead" }, "geometry": { "type": "LineString", "coordinates": [ [ -92.930123081014003, 46.640097098946299 ], [ -92.931143524899895, 46.640334776342698 ] ] } },
{ "type": "Feature", "properties": { "wmUplineSo": "CROMWELL", "wmType": "Overhead" }, "geometry": { "type": "LineString", "coordinates": [ [ -92.931847362931606, 46.639166593085399 ], [ -92.931209300202497, 46.639330865956701 ] ] } },
{ "type": "Feature", "properties": { "wmUplineSo": "CROMWELL", "wmType": "Overhead" }, "geometry": { "type": "LineString", "coordinates": [ [ -92.932542795691703, 46.638825549527603 ], [ -92.932190764449402, 46.639058259222601 ], [ -92.931847362931606, 46.639166593085399 ] ] } },
{ "type": "Feature", "properties": { "wmUplineSo": "CROMWELL", "wmType": "Overhead" }, "geometry": { "type": "LineString", "coordinates": [ [ -92.932718001647601, 46.6381057365546 ], [ -92.932739693614906, 46.638385415430598 ], [ -92.932687020872393, 46.638689252316198 ], [ -92.932542795691703, 46.638825549527603 ] ] } },
{ "type": "Feature", "properties": { "wmUplineSo": "CROMWELL", "wmType": "Overhead" }, "geometry": { "type": "LineString", "coordinates": [ [ -92.929432393608295, 46.635862367351301 ], [ -92.930739999968907, 46.635807694789399 ] ] } },
{ "type": "Feature", "properties": { "wmUplineSo": "CROMWELL", "wmType": "Overhead" }, "geometry": { "type": "LineString", "coordinates": [ [ -92.929432393608295, 46.635862367351301 ], [ -92.929624454395096, 46.636248468570301 ] ] } },
{ "type": "Feature", "properties": { "wmUplineSo": "CROMWELL", "wmType": "Overhead" }, "geometry": { "type": "LineString", "coordinates": [ [ -92.926855591845495, 46.6360379678896 ], [ -92.927783952888504, 46.635903184573699 ] ] } },
{ "type": "Feature", "properties": { "wmUplineSo": "CROMWELL", "wmType": "Overhead" }, "geometry": { "type": "LineString", "coordinates": [ [ -92.924512048154099, 46.6376637195225 ], [ -92.924442785211497, 46.637020501164301 ] ] } },
{ "type": "Feature", "properties": { "wmUplineSo": "CROMWELL", "wmType": "Overhead" }, "geometry": { "type": "LineString", "coordinates": [ [ -92.924442785211497, 46.637020501164301 ], [ -92.924437582926004, 46.636512714544899 ] ] } },
{ "type": "Feature", "properties": { "wmUplineSo": "CROMWELL", "wmType": "Overhead" }, "geometry": { "type": "LineString", "coordinates": [ [ -92.924446054389804, 46.636148312880998 ], [ -92.925193684893202, 46.636077371738303 ] ] } },
{ "type": "Feature", "properties": { "wmUplineSo": "CROMWELL", "wmType": "Overhead" }, "geometry": { "type": "LineString", "coordinates": [ [ -92.925193684893202, 46.636077371738303 ], [ -92.926015858535393, 46.636057881008398 ], [ -92.926855591845495, 46.6360379678896 ] ] } },
{ "type": "Feature", "properties": { "wmUplineSo": "CROMWELL", "wmType": "Overhead" }, "geometry": { "type": "LineString", "coordinates": [ [ -92.920536299106502, 46.638552898901303 ], [ -92.921238082109596, 46.6385379071369 ] ] } },
{ "type": "Feature", "properties": { "wmUplineSo": "CROMWELL", "wmType": "Overhead" }, "geometry": { "type": "LineString", "coordinates": [ [ -92.919722159585604, 46.6385713792018 ], [ -92.920536299106502, 46.638552898901303 ] ] } },
{ "type": "Feature", "properties": { "wmUplineSo": "CROMWELL", "wmType": "Overhead" }, "geometry": { "type": "LineString", "coordinates": [ [ -92.980825873422802, 46.679400212365799 ], [ -92.982017083152201, 46.679377559580402 ] ] } },
{ "type": "Feature", "properties": { "wmUplineSo": "CROMWELL", "wmType": "Overhead" }, "geometry": { "type": "LineString", "coordinates": [ [ -92.998226887689995, 46.679462484488802 ], [ -92.999982377293705, 46.679421465126303 ] ] } },
{ "type": "Feature", "properties": { "wmUplineSo": "CROMWELL", "wmType": "Overhead" }, "geometry": { "type": "LineString", "coordinates": [ [ -92.996847387266399, 46.679477336432399 ], [ -92.998226887689995, 46.679462484488802 ] ] } },
{ "type": "Feature", "properties": { "wmUplineSo": "CROMWELL", "wmType": "Overhead" }, "geometry": { "type": "LineString", "coordinates": [ [ -92.992964031642003, 46.679465258235098 ], [ -92.993068403721495, 46.679120774668498 ] ] } },
{ "type": "Feature", "properties": { "wmUplineSo": "CROMWELL", "wmType": "Overhead" }, "geometry": { "type": "LineString", "coordinates": [ [ -92.991760647979405, 46.679451655558999 ], [ -92.992964031642003, 46.679465258235098 ] ] } },
{ "type": "Feature", "properties": { "wmUplineSo": "CROMWELL", "wmType": "Overhead" }, "geometry": { "type": "LineString", "coordinates": [ [ -92.992964031642003, 46.679465258235098 ], [ -92.994209308608802, 46.6794691457102 ], [ -92.995652008792106, 46.679473632550298 ], [ -92.996847387266399, 46.679477336432399 ] ] } },
{ "type": "Feature", "properties": { "wmUplineSo": "CROMWELL", "wmType": "Overhead" }, "geometry": { "type": "LineString", "coordinates": [ [ -92.984069160758906, 46.679394671149801 ], [ -92.985692125493998, 46.679406915631297 ], [ -92.986910355698399, 46.679416091459203 ], [ -92.988073909739001, 46.679424843348201 ], [ -92.989327671836605, 46.679434260507598 ], [ -92.990442701613304, 46.6794426240875 ] ] } },
{ "type": "Feature", "properties": { "wmUplineSo": "CROMWELL", "wmType": "Overhead" }, "geometry": { "type": "LineString", "coordinates": [ [ -92.982017083152201, 46.679377559580402 ], [ -92.982913923567295, 46.679385042552703 ], [ -92.984069160758906, 46.679394671149801 ] ] } },
{ "type": "Feature", "properties": { "wmUplineSo": "CROMWELL", "wmType": "Overhead" }, "geometry": { "type": "LineString", "coordinates": [ [ -92.910554474110995, 46.641506271912498 ], [ -92.911209944045495, 46.641400468117297 ] ] } },
{ "type": "Feature", "properties": { "wmUplineSo": "CROMWELL", "wmType": "Overhead" }, "geometry": { "type": "LineString", "coordinates": [ [ -92.980764841890803, 46.683126731143197 ], [ -92.980595786003207, 46.683980710076 ], [ -92.980536035862002, 46.6850498496065 ], [ -92.980476197227105, 46.686120529967297 ], [ -92.980415579269007, 46.687205111101498 ], [ -92.980351898591906, 46.688344443484198 ], [ -92.980301658754996, 46.689243267188701 ] ] } },
{ "type": "Feature", "properties": { "wmUplineSo": "CROMWELL", "wmType": "Overhead" }, "geometry": { "type": "LineString", "coordinates": [ [ -92.980301658754996, 46.689243267188701 ], [ -92.979573366108397, 46.689106780689698 ], [ -92.979573366108397, 46.689106780689698 ] ] } },
{ "type": "Feature", "properties": { "wmUplineSo": "CROMWELL", "wmType": "Overhead" }, "geometry": { "type": "LineString", "coordinates": [ [ -92.973906813302506, 46.679292172194899 ], [ -92.975277459937203, 46.679313633370903 ] ] } },
{ "type": "Feature", "properties": { "wmUplineSo": "CROMWELL", "wmType": "Overhead" }, "geometry": { "type": "LineString", "coordinates": [ [ -92.973906813302506, 46.679292172194899 ], [ -92.974157163205902, 46.679683435689 ], [ -92.973521396341795, 46.680028518327298 ] ] } },
{ "type": "Feature", "properties": { "wmUplineSo": "CROMWELL", "wmType": "Overhead" }, "geometry": { "type": "LineString", "coordinates": [ [ -92.959965613601895, 46.679211021427797 ], [ -92.9599632745837, 46.679142071831301 ] ] } },
{ "type": "Feature", "properties": { "wmUplineSo": "CROMWELL", "wmType": "Overhead" }, "geometry": { "type": "LineString", "coordinates": [ [ -92.965558970338904, 46.679214722527803 ], [ -92.967113582564394, 46.679272185991699 ], [ -92.973906813302506, 46.679292172194899 ] ] } },
{ "type": "Feature", "properties": { "wmUplineSo": "CROMWELL", "wmType": "Overhead" }, "geometry": { "type": "LineString", "coordinates": [ [ -92.959965613601895, 46.679211021427797 ], [ -92.961361774643905, 46.6792164897264 ], [ -92.962579637135605, 46.6792212457771 ], [ -92.963357655874304, 46.679224277344701 ] ] } },
{ "type": "Feature", "properties": { "wmUplineSo": "CROMWELL", "wmType": "Overhead" }, "geometry": { "type": "LineString", "coordinates": [ [ -92.963357655874304, 46.679224277344701 ], [ -92.964770908459002, 46.679218147981501 ], [ -92.965558970338904, 46.679214722527803 ] ] } },
{ "type": "Feature", "properties": { "wmUplineSo": "CROMWELL", "wmType": "Overhead" }, "geometry": { "type": "LineString", "coordinates": [ [ -92.963357655874304, 46.679224277344701 ], [ -92.963434579428693, 46.677505413174202 ] ] } },
{ "type": "Feature", "properties": { "wmUplineSo": "CROMWELL", "wmType": "Overhead" }, "geometry": { "type": "LineString", "coordinates": [ [ -92.936454481978501, 46.679084051149601 ], [ -92.937874056922993, 46.679076075353102 ], [ -92.939367750870701, 46.679074868629698 ], [ -92.941520265517894, 46.6790825368859 ], [ -92.943617446833997, 46.679072279434003 ], [ -92.946409984212295, 46.679071716515097 ], [ -92.947602730128907, 46.679177035631 ], [ -92.948622750834701, 46.679340511612601 ] ] } },
{ "type": "Feature", "properties": { "wmUplineSo": "CROMWELL", "wmType": "Overhead" }, "geometry": { "type": "LineString", "coordinates": [ [ -92.928488915147199, 46.679132430882497 ], [ -92.928299345975304, 46.6788572052712 ] ] } },
{ "type": "Feature", "properties": { "wmUplineSo": "CROMWELL", "wmType": "Overhead" }, "geometry": { "type": "LineString", "coordinates": [ [ -92.923159789700705, 46.679253177451599 ], [ -92.924664158768806, 46.679192455828698 ], [ -92.925955117425801, 46.679195671637302 ], [ -92.928488915147199, 46.679132430882497 ] ] } },
{ "type": "Feature", "properties": { "wmUplineSo": "CROMWELL", "wmType": "Overhead" }, "geometry": { "type": "LineString", "coordinates": [ [ -92.934363582783604, 46.678176590116998 ], [ -92.934375061319201, 46.6781251657547 ] ] } },
{ "type": "Feature", "properties": { "wmUplineSo": "CROMWELL", "wmType": "Overhead" }, "geometry": { "type": "LineString", "coordinates": [ [ -92.928488915147199, 46.679132430882497 ], [ -92.929504842194902, 46.679098165023497 ], [ -92.930766895918097, 46.678937303946803 ], [ -92.931918196141893, 46.678659976144999 ], [ -92.933236924676606, 46.678379069466999 ], [ -92.934363582783604, 46.678176590116998 ] ] } },
{ "type": "Feature", "properties": { "wmUplineSo": "CROMWELL", "wmType": "Overhead" }, "geometry": { "type": "LineString", "coordinates": [ [ -92.9386578682428, 46.675663476086697 ], [ -92.939792768386695, 46.675443830505202 ], [ -92.940935847317306, 46.675246899476399 ], [ -92.940970882291694, 46.6752408634053 ], [ -92.942086712788793, 46.675044995853298 ], [ -92.943228490932398, 46.674838415503999 ], [ -92.944437704779403, 46.674642571306897 ] ] } },
{ "type": "Feature", "properties": { "wmUplineSo": "CROMWELL", "wmType": "Overhead" }, "geometry": { "type": "LineString", "coordinates": [ [ -92.938131970754895, 46.675734624848999 ], [ -92.9386578682428, 46.675663476086697 ] ] } },
{ "type": "Feature", "properties": { "wmUplineSo": "CROMWELL", "wmType": "Overhead" }, "geometry": { "type": "LineString", "coordinates": [ [ -92.9148015873632, 46.640318163358998 ], [ -92.915083407844506, 46.640204540964 ] ] } },
{ "type": "Feature", "properties": { "wmUplineSo": "CROMWELL", "wmType": "Overhead" }, "geometry": { "type": "LineString", "coordinates": [ [ -92.899526549251505, 46.651420362562099 ], [ -92.900018661854602, 46.651176273462198 ] ] } },
{ "type": "Feature", "properties": { "wmUplineSo": "CROMWELL", "wmType": "Overhead" }, "geometry": { "type": "LineString", "coordinates": [ [ -92.899526549251505, 46.651420362562099 ], [ -92.900358303308906, 46.652153874305299 ] ] } },
{ "type": "Feature", "properties": { "wmUplineSo": "CROMWELL", "wmType": "Overhead" }, "geometry": { "type": "LineString", "coordinates": [ [ -92.900358303308906, 46.652153874305299 ], [ -92.900822922367198, 46.6522883932372 ] ] } },
{ "type": "Feature", "properties": { "wmUplineSo": "CROMWELL", "wmType": "Overhead" }, "geometry": { "type": "LineString", "coordinates": [ [ -92.901690106739494, 46.652329073735203 ], [ -92.902268106559305, 46.652468686970799 ] ] } },
{ "type": "Feature", "properties": { "wmUplineSo": "CROMWELL", "wmType": "Overhead" }, "geometry": { "type": "LineString", "coordinates": [ [ -92.905454987261905, 46.6532608947822 ], [ -92.906342937958897, 46.653260120216501 ] ] } },
{ "type": "Feature", "properties": { "wmUplineSo": "CROMWELL", "wmType": "Overhead" }, "geometry": { "type": "LineString", "coordinates": [ [ -92.906342937958897, 46.653260120216501 ], [ -92.907145034714205, 46.653264273427503 ] ] } },
{ "type": "Feature", "properties": { "wmUplineSo": "CROMWELL", "wmType": "Overhead" }, "geometry": { "type": "LineString", "coordinates": [ [ -92.9100937021758, 46.650959328215997 ], [ -92.910284536911803, 46.650747248222501 ] ] } },
{ "type": "Feature", "properties": { "wmUplineSo": "CROMWELL", "wmType": "Overhead" }, "geometry": { "type": "LineString", "coordinates": [ [ -92.910284536911803, 46.650747248222501 ], [ -92.910655455722505, 46.650274301674699 ] ] } },
{ "type": "Feature", "properties": { "wmUplineSo": "CROMWELL", "wmType": "Overhead" }, "geometry": { "type": "LineString", "coordinates": [ [ -92.915869026698104, 46.6471546586939 ], [ -92.915832163376507, 46.647166647222498 ] ] } },
{ "type": "Feature", "properties": { "wmUplineSo": "CROMWELL", "wmType": "Overhead" }, "geometry": { "type": "LineString", "coordinates": [ [ -92.915003211907703, 46.647762568633397 ], [ -92.915472274901603, 46.647298320316501 ] ] } },
{ "type": "Feature", "properties": { "wmUplineSo": "CROMWELL", "wmType": "Overhead" }, "geometry": { "type": "LineString", "coordinates": [ [ -92.913972383181701, 46.648369077439 ], [ -92.914638920622906, 46.648074537133297 ] ] } },
{ "type": "Feature", "properties": { "wmUplineSo": "CROMWELL", "wmType": "Overhead" }, "geometry": { "type": "LineString", "coordinates": [ [ -92.912331382667602, 46.649042552264604 ], [ -92.913301345653906, 46.648665599144501 ] ] } },
{ "type": "Feature", "properties": { "wmUplineSo": "CROMWELL", "wmType": "Overhead" }, "geometry": { "type": "LineString", "coordinates": [ [ -92.911917405150902, 46.649400429124903 ], [ -92.912331382667602, 46.649042552264604 ] ] } },
{ "type": "Feature", "properties": { "wmUplineSo": "CROMWELL", "wmType": "Overhead" }, "geometry": { "type": "LineString", "coordinates": [ [ -92.911338507861899, 46.6497844952656 ], [ -92.911917405150902, 46.649400429124903 ] ] } },
{ "type": "Feature", "properties": { "wmUplineSo": "CROMWELL", "wmType": "Overhead" }, "geometry": { "type": "LineString", "coordinates": [ [ -92.910993960120805, 46.650030906593699 ], [ -92.911338507861899, 46.6497844952656 ] ] } },
{ "type": "Feature", "properties": { "wmUplineSo": "CROMWELL", "wmType": "Overhead" }, "geometry": { "type": "LineString", "coordinates": [ [ -92.910655455722505, 46.650274301674699 ], [ -92.910993960120805, 46.650030906593699 ] ] } },
{ "type": "Feature", "properties": { "wmUplineSo": "CROMWELL", "wmType": "Overhead" }, "geometry": { "type": "LineString", "coordinates": [ [ -92.913766482497095, 46.664833130264 ], [ -92.914162573126902, 46.6655724799651 ] ] } },
{ "type": "Feature", "properties": { "wmUplineSo": "CROMWELL", "wmType": "Overhead" }, "geometry": { "type": "LineString", "coordinates": [ [ -92.916335723202295, 46.666624575308298 ], [ -92.916317317608005, 46.665829905547298 ] ] } },
{ "type": "Feature", "properties": { "wmUplineSo": "CROMWELL", "wmType": "Overhead" }, "geometry": { "type": "LineString", "coordinates": [ [ -92.916321901546596, 46.667643661147601 ], [ -92.916335723202295, 46.666624575308298 ] ] } },
{ "type": "Feature", "properties": { "wmUplineSo": "CROMWELL", "wmType": "Overhead" }, "geometry": { "type": "LineString", "coordinates": [ [ -92.9164507585796, 46.671704659771699 ], [ -92.916435056671503, 46.671029880331197 ], [ -92.916420244541101, 46.670393323504499 ], [ -92.916405732335605, 46.669769641926301 ] ] } },
{ "type": "Feature", "properties": { "wmUplineSo": "CROMWELL", "wmType": "Overhead" }, "geometry": { "type": "LineString", "coordinates": [ [ -92.916387499278002, 46.668986031875001 ], [ -92.916356451868694, 46.6683506959589 ], [ -92.916321901546596, 46.667643661147601 ] ] } },
{ "type": "Feature", "properties": { "wmUplineSo": "CROMWELL", "wmType": "Overhead" }, "geometry": { "type": "LineString", "coordinates": [ [ -92.916284951603899, 46.665012483482599 ], [ -92.916284954730799, 46.665012306638197 ], [ -92.916291242550898, 46.664656686260997 ] ] } },
{ "type": "Feature", "properties": { "wmUplineSo": "CROMWELL", "wmType": "Overhead" }, "geometry": { "type": "LineString", "coordinates": [ [ -92.916291242550898, 46.664656686260997 ], [ -92.916271412280906, 46.664207216466799 ] ] } },
{ "type": "Feature", "properties": { "wmUplineSo": "CROMWELL", "wmType": "Overhead" }, "geometry": { "type": "LineString", "coordinates": [ [ -92.916271412280906, 46.664207216466799 ], [ -92.9162279610306, 46.663884772053301 ] ] } },
{ "type": "Feature", "properties": { "wmUplineSo": "CROMWELL", "wmType": "Overhead" }, "geometry": { "type": "LineString", "coordinates": [ [ -92.9162279610306, 46.663884772053301 ], [ -92.916225690982699, 46.663458810422199 ] ] } },
{ "type": "Feature", "properties": { "wmUplineSo": "CROMWELL", "wmType": "Overhead" }, "geometry": { "type": "LineString", "coordinates": [ [ -92.916209713725195, 46.663104363007797 ], [ -92.915444249118394, 46.662643492007703 ] ] } },
{ "type": "Feature", "properties": { "wmUplineSo": "CROMWELL", "wmType": "Overhead" }, "geometry": { "type": "LineString", "coordinates": [ [ -92.916225690982699, 46.663458810422199 ], [ -92.916209713725195, 46.663104363007797 ] ] } },
{ "type": "Feature", "properties": { "wmUplineSo": "CROMWELL", "wmType": "Overhead" }, "geometry": { "type": "LineString", "coordinates": [ [ -92.916209713725195, 46.663104363007797 ], [ -92.916153660969002, 46.662028078698697 ] ] } },
{ "type": "Feature", "properties": { "wmUplineSo": "CROMWELL", "wmType": "Overhead" }, "geometry": { "type": "LineString", "coordinates": [ [ -92.916110242711397, 46.6611865688769 ], [ -92.916083655998193, 46.660825795846499 ] ] } },
{ "type": "Feature", "properties": { "wmUplineSo": "CROMWELL", "wmType": "Overhead" }, "geometry": { "type": "LineString", "coordinates": [ [ -92.915986813044498, 46.659637871897203 ], [ -92.915937008991406, 46.658743078558601 ] ] } },
{ "type": "Feature", "properties": { "wmUplineSo": "CROMWELL", "wmType": "Overhead" }, "geometry": { "type": "LineString", "coordinates": [ [ -92.915998029464305, 46.655800945829597 ], [ -92.915844117039498, 46.655783734109299 ] ] } },
{ "type": "Feature", "properties": { "wmUplineSo": "CROMWELL", "wmType": "Overhead" }, "geometry": { "type": "LineString", "coordinates": [ [ -92.916220498516395, 46.652811489685902 ], [ -92.9162820497843, 46.652004545278203 ] ] } },
{ "type": "Feature", "properties": { "wmUplineSo": "CROMWELL", "wmType": "Overhead" }, "geometry": { "type": "LineString", "coordinates": [ [ -92.915998029464305, 46.655800945829597 ], [ -92.916102816877697, 46.654814186440902 ] ] } },
{ "type": "Feature", "properties": { "wmUplineSo": "CROMWELL", "wmType": "Overhead" }, "geometry": { "type": "LineString", "coordinates": [ [ -92.916220498516395, 46.652811489685902 ], [ -92.914962842511102, 46.652777529035603 ] ] } },
{ "type": "Feature", "properties": { "wmUplineSo": "CROMWELL", "wmType": "Overhead" }, "geometry": { "type": "LineString", "coordinates": [ [ -92.898096104708003, 46.6498965760115 ], [ -92.898660000490693, 46.649738735402103 ] ] } },
{ "type": "Feature", "properties": { "wmUplineSo": "CROMWELL", "wmType": "Overhead" }, "geometry": { "type": "LineString", "coordinates": [ [ -92.899439958549095, 46.649601321238599 ], [ -92.900372253321905, 46.648894313864702 ], [ -92.900352058970299, 46.648906014665997 ] ] } },
{ "type": "Feature", "properties": { "wmUplineSo": "CROMWELL", "wmType": "Overhead" }, "geometry": { "type": "LineString", "coordinates": [ [ -92.900352058970299, 46.648906014665997 ], [ -92.901179343620996, 46.6496481682425 ] ] } },
{ "type": "Feature", "properties": { "wmUplineSo": "CROMWELL", "wmType": "Overhead" }, "geometry": { "type": "LineString", "coordinates": [ [ -92.900352058970299, 46.648906014665997 ], [ -92.901281639219604, 46.648313573874198 ] ] } },
{ "type": "Feature", "properties": { "wmUplineSo": "CROMWELL", "wmType": "Overhead" }, "geometry": { "type": "LineString", "coordinates": [ [ -92.901281639219604, 46.648313573874198 ], [ -92.902110143168102, 46.647701257914498 ] ] } },
{ "type": "Feature", "properties": { "wmUplineSo": "CROMWELL", "wmType": "Overhead" }, "geometry": { "type": "LineString", "coordinates": [ [ -92.902110143168102, 46.647701257914498 ], [ -92.902778176069901, 46.647257091137398 ] ] } },
{ "type": "Feature", "properties": { "wmUplineSo": "CROMWELL", "wmType": "Overhead" }, "geometry": { "type": "LineString", "coordinates": [ [ -92.903430573568798, 46.646760286073203 ], [ -92.904582739166997, 46.647109897513502 ] ] } },
{ "type": "Feature", "properties": { "wmUplineSo": "CROMWELL", "wmType": "Overhead" }, "geometry": { "type": "LineString", "coordinates": [ [ -92.903430573568798, 46.646760286073203 ], [ -92.903898200852296, 46.646117744383098 ] ] } },
{ "type": "Feature", "properties": { "wmUplineSo": "CROMWELL", "wmType": "Overhead" }, "geometry": { "type": "LineString", "coordinates": [ [ -92.9043455962574, 46.645572352926102 ], [ -92.905012380271799, 46.6448261495661 ] ] } },
{ "type": "Feature", "properties": { "wmUplineSo": "CROMWELL", "wmType": "Overhead" }, "geometry": { "type": "LineString", "coordinates": [ [ -92.905518355934404, 46.644169242344702 ], [ -92.906354565479305, 46.643482082003302 ], [ -92.906354565479305, 46.643482082003302 ] ] } },
{ "type": "Feature", "properties": { "wmUplineSo": "CROMWELL", "wmType": "Overhead" }, "geometry": { "type": "LineString", "coordinates": [ [ -92.906354565479305, 46.643482082003302 ], [ -92.907553030783205, 46.642448493028503 ] ] } },
{ "type": "Feature", "properties": { "wmUplineSo": "CROMWELL", "wmType": "Overhead" }, "geometry": { "type": "LineString", "coordinates": [ [ -92.907553030783205, 46.642448493028503 ], [ -92.908376558805699, 46.642025323684202 ] ] } },
{ "type": "Feature", "properties": { "wmUplineSo": "CROMWELL", "wmType": "Overhead" }, "geometry": { "type": "LineString", "coordinates": [ [ -92.923803073355202, 46.638524530393497 ], [ -92.924528725133698, 46.638100658553498 ] ] } },
{ "type": "Feature", "properties": { "wmUplineSo": "CROMWELL", "wmType": "Overhead" }, "geometry": { "type": "LineString", "coordinates": [ [ -92.919345180492599, 46.638686596405499 ], [ -92.919722159585604, 46.6385713792018 ], [ -92.919722159585604, 46.6385713792018 ] ] } },
{ "type": "Feature", "properties": { "wmUplineSo": "CROMWELL", "wmType": "Overhead" }, "geometry": { "type": "LineString", "coordinates": [ [ -92.923263746188795, 46.701081667176602 ], [ -92.923155516193106, 46.700286239140802 ] ] } },
{ "type": "Feature", "properties": { "wmUplineSo": "CROMWELL", "wmType": "Overhead" }, "geometry": { "type": "LineString", "coordinates": [ [ -92.915971568099494, 46.694978723988903 ], [ -92.916222145149604, 46.695539628305703 ] ] } },
{ "type": "Feature", "properties": { "wmUplineSo": "CROMWELL", "wmType": "Overhead" }, "geometry": { "type": "LineString", "coordinates": [ [ -92.916745432468105, 46.679573957108502 ], [ -92.916691521203603, 46.679985207013097 ] ] } },
{ "type": "Feature", "properties": { "wmUplineSo": "CROMWELL", "wmType": "Overhead" }, "geometry": { "type": "LineString", "coordinates": [ [ -92.916691521203603, 46.679985207013097 ], [ -92.9166998, 46.6805370000084 ], [ -92.9166998, 46.6805370000084 ] ] } },
{ "type": "Feature", "properties": { "wmUplineSo": "CROMWELL", "wmType": "Overhead" }, "geometry": { "type": "LineString", "coordinates": [ [ -92.916915446891096, 46.686786600765501 ], [ -92.916297907229804, 46.686738817936302 ] ] } },
{ "type": "Feature", "properties": { "wmUplineSo": "CROMWELL", "wmType": "Overhead" }, "geometry": { "type": "LineString", "coordinates": [ [ -92.916706017877203, 46.684756418238997 ], [ -92.916886859309201, 46.685756130886602 ], [ -92.916915446891096, 46.686786600765501 ] ] } },
{ "type": "Feature", "properties": { "wmUplineSo": "CROMWELL", "wmType": "Overhead" }, "geometry": { "type": "LineString", "coordinates": [ [ -92.916432629599697, 46.691998240388699 ], [ -92.916369793080804, 46.692966703686103 ], [ -92.916307963801799, 46.6939196086214 ], [ -92.916257018507196, 46.694704745381003 ], [ -92.916257018507196, 46.694704745381003 ] ] } },
{ "type": "Feature", "properties": { "wmUplineSo": "CROMWELL", "wmType": "Overhead" }, "geometry": { "type": "LineString", "coordinates": [ [ -92.912513989518999, 46.679297156305402 ], [ -92.914158055264494, 46.679252579785803 ], [ -92.915536090412402, 46.679202920020302 ], [ -92.915536090412402, 46.679202920020302 ] ] } },
{ "type": "Feature", "properties": { "wmUplineSo": "CROMWELL", "wmType": "Overhead" }, "geometry": { "type": "LineString", "coordinates": [ [ -92.916696008828097, 46.679211960326001 ], [ -92.916745432468105, 46.679573957108502 ] ] } },
{ "type": "Feature", "properties": { "wmUplineSo": "CROMWELL", "wmType": "Overhead" }, "geometry": { "type": "LineString", "coordinates": [ [ -92.902098195352394, 46.679326356845301 ], [ -92.902106876687796, 46.6791168308186 ], [ -92.902213651298894, 46.678227357275503 ] ] } },
{ "type": "Feature", "properties": { "wmUplineSo": "CROMWELL", "wmType": "Overhead" }, "geometry": { "type": "LineString", "coordinates": [ [ -92.899087000168294, 46.679327916986999 ], [ -92.8990639174325, 46.678346532598901 ] ] } },
{ "type": "Feature", "properties": { "wmUplineSo": "CROMWELL", "wmType": "Overhead" }, "geometry": { "type": "LineString", "coordinates": [ [ -92.909806331842702, 46.679290917876102 ], [ -92.911278644247503, 46.679294318023999 ], [ -92.912513989518999, 46.679297156305402 ] ] } },
{ "type": "Feature", "properties": { "wmUplineSo": "CROMWELL", "wmType": "Overhead" }, "geometry": { "type": "LineString", "coordinates": [ [ -92.8990639174325, 46.678346532598901 ], [ -92.8987874, 46.678344300008398 ] ] } },
{ "type": "Feature", "properties": { "wmUplineSo": "CROMWELL", "wmType": "Overhead" }, "geometry": { "type": "LineString", "coordinates": [ [ -92.902213651298894, 46.678227357275503 ], [ -92.902539395128002, 46.677088105164401 ], [ -92.902626929665502, 46.676327749551199 ], [ -92.902779408922399, 46.675275076870598 ], [ -92.902341095353293, 46.674593552381999 ] ] } },
{ "type": "Feature", "properties": { "wmUplineSo": "CROMWELL", "wmType": "Overhead" }, "geometry": { "type": "LineString", "coordinates": [ [ -92.902098195352394, 46.679326356845301 ], [ -92.903069663219796, 46.679311945106598 ] ] } },
{ "type": "Feature", "properties": { "wmUplineSo": "CROMWELL", "wmType": "Overhead" }, "geometry": { "type": "LineString", "coordinates": [ [ -92.903069663219796, 46.679311945106598 ], [ -92.9041379708829, 46.679312845086699 ] ] } },
{ "type": "Feature", "properties": { "wmUplineSo": "CROMWELL", "wmType": "Overhead" }, "geometry": { "type": "LineString", "coordinates": [ [ -92.9041379708829, 46.679312845086699 ], [ -92.9050346884639, 46.679311687964102 ], [ -92.905972917260996, 46.679312462782299 ] ] } },
{ "type": "Feature", "properties": { "wmUplineSo": "CROMWELL", "wmType": "Overhead" }, "geometry": { "type": "LineString", "coordinates": [ [ -92.905972917260996, 46.679312462782299 ], [ -92.907218363558698, 46.679307764877599 ], [ -92.907439386395893, 46.679306140100202 ], [ -92.908618806930704, 46.679297462755301 ] ] } },
{ "type": "Feature", "properties": { "wmUplineSo": "CROMWELL", "wmType": "Overhead" }, "geometry": { "type": "LineString", "coordinates": [ [ -92.895048274518899, 46.680236184822903 ], [ -92.895184282943603, 46.679934460059101 ] ] } },
{ "type": "Feature", "properties": { "wmUplineSo": "CROMWELL", "wmType": "Overhead" }, "geometry": { "type": "LineString", "coordinates": [ [ -92.9294366, 46.636811300008297 ], [ -92.9294016, 46.636831300008403 ] ] } },
{ "type": "Feature", "properties": { "wmUplineSo": "CROMWELL", "wmType": "Overhead" }, "geometry": { "type": "LineString", "coordinates": [ [ -92.899087000168294, 46.679327916986999 ], [ -92.900045644910904, 46.679331323307501 ], [ -92.900373943551202, 46.679332487993797 ], [ -92.900998257022593, 46.679333029856799 ], [ -92.901240214009604, 46.679333238943698 ], [ -92.902098195352394, 46.679326356845301 ] ] } },
{ "type": "Feature", "properties": { "wmUplineSo": "CROMWELL", "wmType": "Overhead" }, "geometry": { "type": "LineString", "coordinates": [ [ -92.932088290296804, 46.640567913401902 ], [ -92.933059396470796, 46.640826441499001 ], [ -92.933059396470796, 46.640826441498902 ] ] } },
{ "type": "Feature", "properties": { "wmUplineSo": "CROMWELL", "wmType": "Overhead" }, "geometry": { "type": "LineString", "coordinates": [ [ -92.931143524899895, 46.640334776342698 ], [ -92.932088290296804, 46.640567913401902 ] ] } },
{ "type": "Feature", "properties": { "wmUplineSo": "CROMWELL", "wmType": "Overhead" }, "geometry": { "type": "LineString", "coordinates": [ [ -92.933410383504295, 46.640934127897197 ], [ -92.934075192628299, 46.641106128121599 ] ] } },
{ "type": "Feature", "properties": { "wmUplineSo": "CROMWELL", "wmType": "Overhead" }, "geometry": { "type": "LineString", "coordinates": [ [ -92.933059396470796, 46.640826441498902 ], [ -92.933410383504295, 46.640934127897197 ] ] } },
{ "type": "Feature", "properties": { "wmUplineSo": "CROMWELL", "wmType": "Overhead" }, "geometry": { "type": "LineString", "coordinates": [ [ -92.9597078874435, 46.683661563176898 ], [ -92.959666441802099, 46.684593389442703 ], [ -92.959621156465005, 46.685611506852403 ], [ -92.959571532190793, 46.686727128953002 ] ] } },
{ "type": "Feature", "properties": { "wmUplineSo": "CROMWELL", "wmType": "Overhead" }, "geometry": { "type": "LineString", "coordinates": [ [ -92.959965613601895, 46.679211021427797 ], [ -92.959961061671095, 46.679327793878002 ] ] } },
{ "type": "Feature", "properties": { "wmUplineSo": "CROMWELL", "wmType": "Overhead" }, "geometry": { "type": "LineString", "coordinates": [ [ -92.959961061671095, 46.679327793878002 ], [ -92.959912970616102, 46.680268233343199 ], [ -92.959864715922706, 46.681211839631899 ], [ -92.959816456726003, 46.682155500733799 ], [ -92.959777638434005, 46.682914530105798 ] ] } },
{ "type": "Feature", "properties": { "wmUplineSo": "CROMWELL", "wmType": "Overhead" }, "geometry": { "type": "LineString", "coordinates": [ [ -92.959777638434005, 46.682914530105798 ], [ -92.9597078874435, 46.683661563176898 ] ] } },
{ "type": "Feature", "properties": { "wmUplineSo": "CROMWELL", "wmType": "Overhead" }, "geometry": { "type": "LineString", "coordinates": [ [ -92.920976603505693, 46.645794875622997 ], [ -92.921795263156895, 46.645279420131601 ] ] } },
{ "type": "Feature", "properties": { "wmUplineSo": "CROMWELL", "wmType": "Overhead" }, "geometry": { "type": "LineString", "coordinates": [ [ -92.925381039668906, 46.644628342058397 ], [ -92.925664601993702, 46.6446848633096 ] ] } },
{ "type": "Feature", "properties": { "wmUplineSo": "CROMWELL", "wmType": "Overhead" }, "geometry": { "type": "LineString", "coordinates": [ [ -92.893830515093995, 46.659077555784201 ], [ -92.893707752871705, 46.658325874060502 ] ] } },
{ "type": "Feature", "properties": { "wmUplineSo": "CROMWELL", "wmType": "Overhead" }, "geometry": { "type": "LineString", "coordinates": [ [ -92.893635397586095, 46.650188710100899 ], [ -92.893621609555396, 46.649281910206398 ] ] } },
{ "type": "Feature", "properties": { "wmUplineSo": "CROMWELL", "wmType": "Overhead" }, "geometry": { "type": "LineString", "coordinates": [ [ -92.916271412280906, 46.664207216466799 ], [ -92.916700068528797, 46.664200600724797 ] ] } },
{ "type": "Feature", "properties": { "wmUplineSo": "CROMWELL", "wmType": "Overhead" }, "geometry": { "type": "LineString", "coordinates": [ [ -92.922110969924205, 46.638532551992 ], [ -92.923803073355202, 46.638524530393497 ], [ -92.923803073355202, 46.638524530393497 ] ] } },
{ "type": "Feature", "properties": { "wmUplineSo": "CROMWELL", "wmType": "Overhead" }, "geometry": { "type": "LineString", "coordinates": [ [ -92.913924862873998, 46.640726316635799 ], [ -92.914348228168905, 46.640548009715303 ], [ -92.9148015873632, 46.640318163358998 ] ] } },
{ "type": "Feature", "properties": { "wmUplineSo": "CROMWELL", "wmType": "Overhead" }, "geometry": { "type": "LineString", "coordinates": [ [ -92.913159616497495, 46.6410532065089 ], [ -92.913924862873998, 46.640726316635799 ], [ -92.913924862873998, 46.640726316635799 ] ] } },
{ "type": "Feature", "properties": { "wmUplineSo": "CROMWELL", "wmType": "Overhead" }, "geometry": { "type": "LineString", "coordinates": [ [ -92.911846218216496, 46.641300954847097 ], [ -92.913159616497495, 46.6410532065089 ] ] } },
{ "type": "Feature", "properties": { "wmUplineSo": "CROMWELL", "wmType": "Overhead" }, "geometry": { "type": "LineString", "coordinates": [ [ -92.911209944045495, 46.641400468117297 ], [ -92.911846218216496, 46.641300954847097 ] ] } },
{ "type": "Feature", "properties": { "wmUplineSo": "CROMWELL", "wmType": "Overhead" }, "geometry": { "type": "LineString", "coordinates": [ [ -92.921238082109596, 46.6385379071369 ], [ -92.922110969924205, 46.638532551992 ] ] } },
{ "type": "Feature", "properties": { "wmUplineSo": "CROMWELL", "wmType": "Overhead" }, "geometry": { "type": "LineString", "coordinates": [ [ -92.921980345886894, 46.679238624917097 ], [ -92.923159789700705, 46.679253177451599 ] ] } },
{ "type": "Feature", "properties": { "wmUplineSo": "CROMWELL", "wmType": "Overhead" }, "geometry": { "type": "LineString", "coordinates": [ [ -92.917991203383707, 46.679265496104897 ], [ -92.919501579016398, 46.679241679708397 ], [ -92.920796570481997, 46.679251858892997 ], [ -92.921980345886894, 46.679238624917097 ] ] } },
{ "type": "Feature", "properties": { "wmUplineSo": "CROMWELL", "wmType": "Overhead" }, "geometry": { "type": "LineString", "coordinates": [ [ -92.927783952888504, 46.635903184573699 ], [ -92.9281791765641, 46.636315011654403 ] ] } },
{ "type": "Feature", "properties": { "wmUplineSo": "CROMWELL", "wmType": "Overhead" }, "geometry": { "type": "LineString", "coordinates": [ [ -92.922933922519206, 46.645026149116497 ], [ -92.923408286896702, 46.644777423495597 ] ] } },
{ "type": "Feature", "properties": { "wmUplineSo": "CROMWELL", "wmType": "Overhead" }, "geometry": { "type": "LineString", "coordinates": [ [ -92.923408286896702, 46.644777423495597 ], [ -92.923729152696694, 46.644559669713502 ] ] } },
{ "type": "Feature", "properties": { "wmUplineSo": "CROMWELL", "wmType": "Overhead" }, "geometry": { "type": "LineString", "coordinates": [ [ -92.928411875113198, 46.645712551099599 ], [ -92.928952045397196, 46.645727919727101 ] ] } },
{ "type": "Feature", "properties": { "wmUplineSo": "CROMWELL", "wmType": "Overhead" }, "geometry": { "type": "LineString", "coordinates": [ [ -92.927783309797405, 46.645276856016103 ], [ -92.928411875113198, 46.645712551099599 ] ] } },
{ "type": "Feature", "properties": { "wmUplineSo": "CROMWELL", "wmType": "Overhead" }, "geometry": { "type": "LineString", "coordinates": [ [ -92.926765337665103, 46.644872969783499 ], [ -92.927783309797405, 46.645276856016103 ] ] } },
{ "type": "Feature", "properties": { "wmUplineSo": "CROMWELL", "wmType": "Overhead" }, "geometry": { "type": "LineString", "coordinates": [ [ -92.916802264792295, 46.688032595955498 ], [ -92.916584937192098, 46.688890699238797 ] ] } },
{ "type": "Feature", "properties": { "wmUplineSo": "CROMWELL", "wmType": "Overhead" }, "geometry": { "type": "LineString", "coordinates": [ [ -92.916915446891096, 46.686786600765501 ], [ -92.916876318076106, 46.687327098314803 ], [ -92.916802264792295, 46.688032595955498 ] ] } },
{ "type": "Feature", "properties": { "wmUplineSo": "CROMWELL", "wmType": "Overhead" }, "geometry": { "type": "LineString", "coordinates": [ [ -92.913924862873998, 46.640726316635799 ], [ -92.914008261891397, 46.641546660666499 ] ] } },
{ "type": "Feature", "properties": { "wmUplineSo": "CROMWELL", "wmType": "Overhead" }, "geometry": { "type": "LineString", "coordinates": [ [ -92.910554474110995, 46.641506271912498 ], [ -92.9105414, 46.641734100008399 ] ] } },
{ "type": "Feature", "properties": { "wmUplineSo": "CROMWELL", "wmType": "Overhead" }, "geometry": { "type": "LineString", "coordinates": [ [ -92.903898200852296, 46.646117744383098 ], [ -92.9043455962574, 46.645572352926102 ] ] } },
{ "type": "Feature", "properties": { "wmUplineSo": "CROMWELL", "wmType": "Overhead" }, "geometry": { "type": "LineString", "coordinates": [ [ -92.893593261144801, 46.657582278373198 ], [ -92.892274677852399, 46.657521346939703 ] ] } },
{ "type": "Feature", "properties": { "wmUplineSo": "CROMWELL", "wmType": "Overhead" }, "geometry": { "type": "LineString", "coordinates": [ [ -92.892274677852399, 46.657521346939703 ], [ -92.890830364180104, 46.6575772020893 ] ] } },
{ "type": "Feature", "properties": { "wmUplineSo": "CROMWELL", "wmType": "Overhead" }, "geometry": { "type": "LineString", "coordinates": [ [ -92.889355722885497, 46.657615644678401 ], [ -92.888158740147105, 46.6576201609641 ] ] } },
{ "type": "Feature", "properties": { "wmUplineSo": "CROMWELL", "wmType": "Overhead" }, "geometry": { "type": "LineString", "coordinates": [ [ -92.9154649163399, 46.676725034367699 ], [ -92.9154739, 46.676683300008399 ] ] } },
{ "type": "Feature", "properties": { "wmUplineSo": "CROMWELL", "wmType": "Overhead" }, "geometry": { "type": "LineString", "coordinates": [ [ -92.915449103514007, 46.676789759407299 ], [ -92.915372695979499, 46.676745751389703 ] ] } },
{ "type": "Feature", "properties": { "wmUplineSo": "CROMWELL", "wmType": "Overhead" }, "geometry": { "type": "LineString", "coordinates": [ [ -92.908618806930704, 46.679297462755301 ], [ -92.909806331842702, 46.679290917876102 ] ] } },
{ "type": "Feature", "properties": { "wmUplineSo": "CROMWELL", "wmType": "Overhead" }, "geometry": { "type": "LineString", "coordinates": [ [ -92.897194278440693, 46.650187250583301 ], [ -92.897238599085, 46.650199953682197 ], [ -92.898381421067697, 46.650277054316298 ], [ -92.898440648854205, 46.650272277157903 ], [ -92.898438578590302, 46.650280910150499 ] ] } },
{ "type": "Feature", "properties": { "wmUplineSo": "CROMWELL", "wmType": "Overhead" }, "geometry": { "type": "LineString", "coordinates": [ [ -92.916702010210102, 46.681872521929897 ], [ -92.916706857640705, 46.682356604812398 ], [ -92.916716813333593, 46.683350792829202 ], [ -92.916716813333593, 46.683350792829202 ] ] } },
{ "type": "Feature", "properties": { "wmUplineSo": "CROMWELL", "wmType": "Overhead" }, "geometry": { "type": "LineString", "coordinates": [ [ -92.916924020559193, 46.6394981644995 ], [ -92.917593376978104, 46.639248473223198 ], [ -92.917593376978104, 46.639248473223198 ] ] } },
{ "type": "Feature", "properties": { "wmUplineSo": "CROMWELL", "wmType": "Overhead" }, "geometry": { "type": "LineString", "coordinates": [ [ -92.903064944817402, 46.652294104245897 ], [ -92.903101197606901, 46.652654393019603 ] ] } },
{ "type": "Feature", "properties": { "wmUplineSo": "CROMWELL", "wmType": "Overhead" }, "geometry": { "type": "LineString", "coordinates": [ [ -92.902268106559305, 46.652468686970799 ], [ -92.903064944817402, 46.652294104245897 ] ] } },
{ "type": "Feature", "properties": { "wmUplineSo": "CROMWELL", "wmType": "Overhead" }, "geometry": { "type": "LineString", "coordinates": [ [ -92.915083407844506, 46.640204540964 ], [ -92.915598729334405, 46.640047706350501 ] ] } },
{ "type": "Feature", "properties": { "wmUplineSo": "CROMWELL", "wmType": "Overhead" }, "geometry": { "type": "LineString", "coordinates": [ [ -92.916696008828097, 46.679211960326001 ], [ -92.916663554193605, 46.678661924698602 ] ] } },
{ "type": "Feature", "properties": { "wmUplineSo": "CROMWELL", "wmType": "Overhead" }, "geometry": { "type": "LineString", "coordinates": [ [ -92.916663554193605, 46.678661924698602 ], [ -92.916660521850901, 46.678094960836503 ] ] } },
{ "type": "Feature", "properties": { "wmUplineSo": "CROMWELL", "wmType": "Overhead" }, "geometry": { "type": "LineString", "coordinates": [ [ -92.916660521850901, 46.678094960836503 ], [ -92.919269121906694, 46.677898690847996 ] ] } },
{ "type": "Feature", "properties": { "wmUplineSo": "CROMWELL", "wmType": "Overhead" }, "geometry": { "type": "LineString", "coordinates": [ [ -92.916376934287698, 46.6505274451861 ], [ -92.9163871365391, 46.650595659241603 ] ] } },
{ "type": "Feature", "properties": { "wmUplineSo": "CROMWELL", "wmType": "Overhead" }, "geometry": { "type": "LineString", "coordinates": [ [ -92.907145034714205, 46.653264273427503 ], [ -92.908266726477507, 46.652904358555404 ] ] } },
{ "type": "Feature", "properties": { "wmUplineSo": "CROMWELL", "wmType": "Overhead" }, "geometry": { "type": "LineString", "coordinates": [ [ -92.918250268891001, 46.639019725969497 ], [ -92.919009706463598, 46.6387863647399 ] ] } },
{ "type": "Feature", "properties": { "wmUplineSo": "CROMWELL", "wmType": "Overhead" }, "geometry": { "type": "LineString", "coordinates": [ [ -92.980780968868899, 46.682130726381899 ], [ -92.980764841890803, 46.683126731143197 ] ] } },
{ "type": "Feature", "properties": { "wmUplineSo": "CROMWELL", "wmType": "Overhead" }, "geometry": { "type": "LineString", "coordinates": [ [ -92.980825873422802, 46.679400212365799 ], [ -92.980811503624906, 46.680274027926302 ], [ -92.980795724746599, 46.681233495588302 ], [ -92.980780968868899, 46.682130726381899 ] ] } },
{ "type": "Feature", "properties": { "wmUplineSo": "CROMWELL", "wmType": "Overhead" }, "geometry": { "type": "LineString", "coordinates": [ [ -92.916606324269395, 46.676629457701203 ], [ -92.916577900664393, 46.6759721527064 ] ] } },
{ "type": "Feature", "properties": { "wmUplineSo": "CROMWELL", "wmType": "Overhead" }, "geometry": { "type": "LineString", "coordinates": [ [ -92.916660521850901, 46.678094960836503 ], [ -92.916634364793794, 46.677387683515803 ], [ -92.916606324269395, 46.676629457701203 ], [ -92.916606324269395, 46.676629457701203 ] ] } },
{ "type": "Feature", "properties": { "wmUplineSo": "CROMWELL", "wmType": "Overhead" }, "geometry": { "type": "LineString", "coordinates": [ [ -92.934363582783604, 46.678176590116998 ], [ -92.934948850577499, 46.678527548558002 ] ] } },
{ "type": "Feature", "properties": { "wmUplineSo": "CROMWELL", "wmType": "Overhead" }, "geometry": { "type": "LineString", "coordinates": [ [ -92.959909242213797, 46.678273024799303 ], [ -92.959885076246707, 46.677637142974703 ], [ -92.959854592954997, 46.6768350114695 ], [ -92.959840675476897, 46.676468781749499 ], [ -92.959827561241596, 46.676123684346202 ], [ -92.959791369592807, 46.675171288610997 ], [ -92.959791369592807, 46.675171288610997 ], [ -92.959756548471503, 46.674254927301497 ] ] } },
{ "type": "Feature", "properties": { "wmUplineSo": "CROMWELL", "wmType": "Overhead" }, "geometry": { "type": "LineString", "coordinates": [ [ -92.919601234685103, 46.646133868416698 ], [ -92.920976603505693, 46.645794875622997 ] ] } },
{ "type": "Feature", "properties": { "wmUplineSo": "CROMWELL", "wmType": "Overhead" }, "geometry": { "type": "LineString", "coordinates": [ [ -92.895351604427603, 46.679352291845099 ], [ -92.896593615528502, 46.679335801132297 ] ] } },
{ "type": "Feature", "properties": { "wmUplineSo": "CROMWELL", "wmType": "Overhead" }, "geometry": { "type": "LineString", "coordinates": [ [ -92.934948850577499, 46.678527548558002 ], [ -92.935352983777193, 46.678764894765997 ] ] } },
{ "type": "Feature", "properties": { "wmUplineSo": "CROMWELL", "wmType": "Overhead" }, "geometry": { "type": "LineString", "coordinates": [ [ -92.990442701613304, 46.6794426240875 ], [ -92.991760647979405, 46.679451655558999 ] ] } },
{ "type": "Feature", "properties": { "wmUplineSo": "CROMWELL", "wmType": "Overhead" }, "geometry": { "type": "LineString", "coordinates": [ [ -92.990442701613304, 46.6794426240875 ], [ -92.990064314554004, 46.678634326446598 ] ] } },
{ "type": "Feature", "properties": { "wmUplineSo": "CROMWELL", "wmType": "Overhead" }, "geometry": { "type": "LineString", "coordinates": [ [ -92.895184282943603, 46.679934460059101 ], [ -92.895351604427603, 46.679352291845099 ] ] } },
{ "type": "Feature", "properties": { "wmUplineSo": "CROMWELL", "wmType": "Overhead" }, "geometry": { "type": "LineString", "coordinates": [ [ -92.914638920622906, 46.648074537133297 ], [ -92.915003211907703, 46.647762568633397 ] ] } }
]
}
