{
"type": "FeatureCollection",
"crs": { "type": "name", "properties": { "name": "urn:ogc:def:crs:OGC:1.3:CRS84" } },
"features": [
{ "type": "Feature", "properties": { "wmUplineSo": "HILL CITY", "wmType": "Underground" }, "geometry": { "type": "LineString", "coordinates": [ [ -93.557001920510004, 47.029916739737601 ], [ -93.557015800000102, 47.029925900008799 ] ] } },
{ "type": "Feature", "properties": { "wmUplineSo": "HILL CITY", "wmType": "Underground" }, "geometry": { "type": "LineString", "coordinates": [ [ -93.557001920510004, 47.029916739737601 ], [ -93.557052844757393, 47.029929930201902 ], [ -93.557046406243998, 47.029974053052101 ], [ -93.557006937407493, 47.029999242522798 ], [ -93.556954060913597, 47.030001602528102 ], [ -93.556885705084298, 47.030004651390101 ], [ -93.556884900000099, 47.030010900008797 ] ] } },
{ "type": "Feature", "properties": { "wmUplineSo": "HILL CITY", "wmType": "Underground" }, "geometry": { "type": "LineString", "coordinates": [ [ -93.593035925493595, 47.012772659805599 ], [ -93.593781300000103, 47.012712100008798 ] ] } },
{ "type": "Feature", "properties": { "wmUplineSo": "HILL CITY", "wmType": "Underground" }, "geometry": { "type": "LineString", "coordinates": [ [ -93.633692, 47.017338 ], [ -93.63368, 47.017336999999898 ] ] } },
{ "type": "Feature", "properties": { "wmUplineSo": "HILL CITY", "wmType": "Underground" }, "geometry": { "type": "LineString", "coordinates": [ [ -93.593170971780694, 46.994649930422099 ], [ -93.593334500000097, 46.994863000008699 ] ] } },
{ "type": "Feature", "properties": { "wmUplineSo": "HILL CITY", "wmType": "Underground" }, "geometry": { "type": "LineString", "coordinates": [ [ -93.676003689097996, 47.0436149433826 ], [ -93.676622100000102, 47.043300600008799 ] ] } },
{ "type": "Feature", "properties": { "wmUplineSo": "HILL CITY", "wmType": "Underground" }, "geometry": { "type": "LineString", "coordinates": [ [ -93.600967410000095, 46.988708500008698 ], [ -93.600901800000102, 46.9883578000087 ] ] } },
{ "type": "Feature", "properties": { "wmUplineSo": "HILL CITY", "wmType": "Underground" }, "geometry": { "type": "LineString", "coordinates": [ [ -93.586361802563403, 47.074480549018503 ], [ -93.585980500000105, 47.0741683000088 ] ] } },
{ "type": "Feature", "properties": { "wmUplineSo": "HILL CITY", "wmType": "Underground" }, "geometry": { "type": "LineString", "coordinates": [ [ -93.6619542675205, 47.028805150183501 ], [ -93.661991400000105, 47.028681900008799 ] ] } },
{ "type": "Feature", "properties": { "wmUplineSo": "HILL CITY", "wmType": "Underground" }, "geometry": { "type": "LineString", "coordinates": [ [ -93.596999953348899, 47.029915187541398 ], [ -93.596965600000104, 47.030054500008802 ] ] } },
{ "type": "Feature", "properties": { "wmUplineSo": "HILL CITY", "wmType": "Underground" }, "geometry": { "type": "LineString", "coordinates": [ [ -93.602777650872895, 46.987646492797502 ], [ -93.603184700000099, 46.987661000008799 ] ] } },
{ "type": "Feature", "properties": { "wmUplineSo": "HILL CITY", "wmType": "Underground" }, "geometry": { "type": "LineString", "coordinates": [ [ -93.602777650872895, 46.987646492797502 ], [ -93.602768500000096, 46.9877589000087 ] ] } },
{ "type": "Feature", "properties": { "wmUplineSo": "HILL CITY", "wmType": "Underground" }, "geometry": { "type": "LineString", "coordinates": [ [ -93.5763502939609, 46.996561791655601 ], [ -93.576678373136801, 46.996544609041401 ], [ -93.576678653797998, 46.996420420632901 ], [ -93.576841300000098, 46.996463600008703 ] ] } },
{ "type": "Feature", "properties": { "wmUplineSo": "HILL CITY", "wmType": "Underground" }, "geometry": { "type": "LineString", "coordinates": [ [ -93.6053924314255, 46.992837239747203 ], [ -93.605492400000102, 46.992749900008697 ] ] } },
{ "type": "Feature", "properties": { "wmUplineSo": "HILL CITY", "wmType": "Underground" }, "geometry": { "type": "LineString", "coordinates": [ [ -93.597731059100695, 46.999793483586402 ], [ -93.598151100000095, 46.999786600008697 ] ] } },
{ "type": "Feature", "properties": { "wmUplineSo": "HILL CITY", "wmType": "Underground" }, "geometry": { "type": "LineString", "coordinates": [ [ -93.599966517363896, 47.005557769114702 ], [ -93.599770500000105, 47.005598600008703 ] ] } },
{ "type": "Feature", "properties": { "wmUplineSo": "HILL CITY", "wmType": "Underground" }, "geometry": { "type": "LineString", "coordinates": [ [ -93.600710745279798, 47.006268730169097 ], [ -93.600637600000098, 47.006490900008799 ] ] } },
{ "type": "Feature", "properties": { "wmUplineSo": "HILL CITY", "wmType": "Underground" }, "geometry": { "type": "LineString", "coordinates": [ [ -93.601911867152396, 47.007358955280402 ], [ -93.601028800000094, 47.006968000008797 ] ] } },
{ "type": "Feature", "properties": { "wmUplineSo": "HILL CITY", "wmType": "Underground" }, "geometry": { "type": "LineString", "coordinates": [ [ -93.601911867152396, 47.007358955280402 ], [ -93.600794900000096, 47.006783100008803 ] ] } },
{ "type": "Feature", "properties": { "wmUplineSo": "HILL CITY", "wmType": "Underground" }, "geometry": { "type": "LineString", "coordinates": [ [ -93.568369349182007, 47.049941503807098 ], [ -93.568383800000106, 47.050589900008802 ] ] } },
{ "type": "Feature", "properties": { "wmUplineSo": "HILL CITY", "wmType": "Underground" }, "geometry": { "type": "LineString", "coordinates": [ [ -93.570557023034695, 47.052402895891198 ], [ -93.570004360000098, 47.052593180008799 ] ] } },
{ "type": "Feature", "properties": { "wmUplineSo": "HILL CITY", "wmType": "Underground" }, "geometry": { "type": "LineString", "coordinates": [ [ -93.570557023034695, 47.052402895891198 ], [ -93.570004360000098, 47.052593180008799 ] ] } },
{ "type": "Feature", "properties": { "wmUplineSo": "HILL CITY", "wmType": "Underground" }, "geometry": { "type": "LineString", "coordinates": [ [ -93.595943107967997, 46.992591837261003 ], [ -93.595939210671403, 46.992505610442599 ] ] } },
{ "type": "Feature", "properties": { "wmUplineSo": "HILL CITY", "wmType": "Underground" }, "geometry": { "type": "LineString", "coordinates": [ [ -93.595939210671403, 46.992505610442599 ], [ -93.596008400000102, 46.992384900008702 ] ] } },
{ "type": "Feature", "properties": { "wmUplineSo": "HILL CITY", "wmType": "Underground" }, "geometry": { "type": "LineString", "coordinates": [ [ -93.595939210671403, 46.992505610442599 ], [ -93.596124000000103, 46.992426300008802 ] ] } },
{ "type": "Feature", "properties": { "wmUplineSo": "HILL CITY", "wmType": "Underground" }, "geometry": { "type": "LineString", "coordinates": [ [ -93.595939210671403, 46.992505610442599 ], [ -93.596010800000101, 46.992536100008799 ] ] } },
{ "type": "Feature", "properties": { "wmUplineSo": "HILL CITY", "wmType": "Underground" }, "geometry": { "type": "LineString", "coordinates": [ [ -93.595939210671403, 46.992505610442599 ], [ -93.596076800000105, 46.992535500008799 ] ] } },
{ "type": "Feature", "properties": { "wmUplineSo": "HILL CITY", "wmType": "Underground" }, "geometry": { "type": "LineString", "coordinates": [ [ -93.571869280190398, 46.983253383974201 ], [ -93.572160300000107, 46.983279100008701 ] ] } },
{ "type": "Feature", "properties": { "wmUplineSo": "HILL CITY", "wmType": "Underground" }, "geometry": { "type": "LineString", "coordinates": [ [ -93.604682329998596, 46.988551385842896 ], [ -93.6045826000001, 46.988574100008698 ] ] } },
{ "type": "Feature", "properties": { "wmUplineSo": "HILL CITY", "wmType": "Underground" }, "geometry": { "type": "LineString", "coordinates": [ [ -93.603386, 46.989008 ], [ -93.603677193774004, 46.989328161155001 ] ] } },
{ "type": "Feature", "properties": { "wmUplineSo": "HILL CITY", "wmType": "Underground" }, "geometry": { "type": "LineString", "coordinates": [ [ -93.5892578633364, 47.062928798208297 ], [ -93.589352300000101, 47.0630560000088 ] ] } },
{ "type": "Feature", "properties": { "wmUplineSo": "HILL CITY", "wmType": "Underground" }, "geometry": { "type": "LineString", "coordinates": [ [ -93.590221113219201, 47.064117702010599 ], [ -93.590297300000103, 47.063920400008797 ] ] } },
{ "type": "Feature", "properties": { "wmUplineSo": "HILL CITY", "wmType": "Underground" }, "geometry": { "type": "LineString", "coordinates": [ [ -93.579297471044001, 47.0154613092026 ], [ -93.579068557511306, 47.015142246810399 ] ] } },
{ "type": "Feature", "properties": { "wmUplineSo": "HILL CITY", "wmType": "Underground" }, "geometry": { "type": "LineString", "coordinates": [ [ -93.578827757012306, 47.020303406180098 ], [ -93.578969600000093, 47.020318100008801 ] ] } },
{ "type": "Feature", "properties": { "wmUplineSo": "HILL CITY", "wmType": "Underground" }, "geometry": { "type": "LineString", "coordinates": [ [ -93.600589105203795, 46.9912413772363 ], [ -93.600827400000099, 46.991046200008697 ] ] } },
{ "type": "Feature", "properties": { "wmUplineSo": "HILL CITY", "wmType": "Underground" }, "geometry": { "type": "LineString", "coordinates": [ [ -93.5304447107074, 47.001375187758697 ], [ -93.530305500000097, 47.001881600008801 ] ] } },
{ "type": "Feature", "properties": { "wmUplineSo": "HILL CITY", "wmType": "Underground" }, "geometry": { "type": "LineString", "coordinates": [ [ -93.569948572804094, 46.989183155770199 ], [ -93.569875500000094, 46.989187400008802 ] ] } },
{ "type": "Feature", "properties": { "wmUplineSo": "HILL CITY", "wmType": "Underground" }, "geometry": { "type": "LineString", "coordinates": [ [ -93.602600881860695, 47.043186847510903 ], [ -93.603068500000106, 47.042512500008797 ] ] } },
{ "type": "Feature", "properties": { "wmUplineSo": "HILL CITY", "wmType": "Underground" }, "geometry": { "type": "LineString", "coordinates": [ [ -93.604590381917603, 47.041465556984299 ], [ -93.604164984092506, 47.041517947896899 ] ] } },
{ "type": "Feature", "properties": { "wmUplineSo": "HILL CITY", "wmType": "Underground" }, "geometry": { "type": "LineString", "coordinates": [ [ -93.605012018926899, 47.039840925672699 ], [ -93.604175, 47.039702100008803 ] ] } },
{ "type": "Feature", "properties": { "wmUplineSo": "HILL CITY", "wmType": "Underground" }, "geometry": { "type": "LineString", "coordinates": [ [ -93.597900084009297, 46.993685029041998 ], [ -93.597841400000107, 46.993503300008797 ] ] } },
{ "type": "Feature", "properties": { "wmUplineSo": "HILL CITY", "wmType": "Underground" }, "geometry": { "type": "LineString", "coordinates": [ [ -93.600064314359798, 46.990849964379002 ], [ -93.600129600000102, 46.990492300008697 ] ] } },
{ "type": "Feature", "properties": { "wmUplineSo": "HILL CITY", "wmType": "Underground" }, "geometry": { "type": "LineString", "coordinates": [ [ -93.522547560835093, 47.001299782090697 ], [ -93.521580900000103, 47.001135700008803 ] ] } },
{ "type": "Feature", "properties": { "wmUplineSo": "HILL CITY", "wmType": "Underground" }, "geometry": { "type": "LineString", "coordinates": [ [ -93.592464891041402, 47.024766867711698 ], [ -93.5927444000001, 47.024227700008801 ] ] } },
{ "type": "Feature", "properties": { "wmUplineSo": "HILL CITY", "wmType": "Underground" }, "geometry": { "type": "LineString", "coordinates": [ [ -93.591481450197904, 47.025554004381704 ], [ -93.592065900000094, 47.025960600008801 ] ] } },
{ "type": "Feature", "properties": { "wmUplineSo": "HILL CITY", "wmType": "Underground" }, "geometry": { "type": "LineString", "coordinates": [ [ -93.597149000035799, 46.997166003559798 ], [ -93.597400500000106, 46.997592300008797 ] ] } },
{ "type": "Feature", "properties": { "wmUplineSo": "HILL CITY", "wmType": "Underground" }, "geometry": { "type": "LineString", "coordinates": [ [ -93.5784508688849, 46.990856579838201 ], [ -93.578118800000098, 46.990836300008702 ] ] } },
{ "type": "Feature", "properties": { "wmUplineSo": "HILL CITY", "wmType": "Underground" }, "geometry": { "type": "LineString", "coordinates": [ [ -93.600359404983806, 47.005488575999401 ], [ -93.600161600000106, 47.005392600008797 ] ] } },
{ "type": "Feature", "properties": { "wmUplineSo": "HILL CITY", "wmType": "Underground" }, "geometry": { "type": "LineString", "coordinates": [ [ -93.577086838176001, 46.9979089959539 ], [ -93.577206500000102, 46.997889000008797 ] ] } },
{ "type": "Feature", "properties": { "wmUplineSo": "HILL CITY", "wmType": "Underground" }, "geometry": { "type": "LineString", "coordinates": [ [ -93.571911386863505, 46.982547105480897 ], [ -93.571963500000095, 46.982541900008698 ] ] } },
{ "type": "Feature", "properties": { "wmUplineSo": "HILL CITY", "wmType": "Underground" }, "geometry": { "type": "LineString", "coordinates": [ [ -93.595242118743997, 46.992560314525598 ], [ -93.595059000000106, 46.992556200008799 ] ] } },
{ "type": "Feature", "properties": { "wmUplineSo": "HILL CITY", "wmType": "Underground" }, "geometry": { "type": "LineString", "coordinates": [ [ -93.595242118743997, 46.992560314525598 ], [ -93.5951345000001, 46.992520500008702 ] ] } },
{ "type": "Feature", "properties": { "wmUplineSo": "HILL CITY", "wmType": "Underground" }, "geometry": { "type": "LineString", "coordinates": [ [ -93.595242118743997, 46.992560314525598 ], [ -93.595080100000104, 46.992352700008801 ] ] } },
{ "type": "Feature", "properties": { "wmUplineSo": "HILL CITY", "wmType": "Underground" }, "geometry": { "type": "LineString", "coordinates": [ [ -93.595242118743997, 46.992560314525598 ], [ -93.595109400000098, 46.9923562000088 ] ] } },
{ "type": "Feature", "properties": { "wmUplineSo": "HILL CITY", "wmType": "Underground" }, "geometry": { "type": "LineString", "coordinates": [ [ -93.594887677366003, 47.025138418153702 ], [ -93.594895800000103, 47.025279600008801 ] ] } },
{ "type": "Feature", "properties": { "wmUplineSo": "HILL CITY", "wmType": "Underground" }, "geometry": { "type": "LineString", "coordinates": [ [ -93.601474266871904, 47.029844007689299 ], [ -93.601487300000102, 47.029887600008799 ] ] } },
{ "type": "Feature", "properties": { "wmUplineSo": "HILL CITY", "wmType": "Underground" }, "geometry": { "type": "LineString", "coordinates": [ [ -93.594105231145207, 46.995679536634199 ], [ -93.5943319000001, 46.995453600008801 ] ] } },
{ "type": "Feature", "properties": { "wmUplineSo": "HILL CITY", "wmType": "Underground" }, "geometry": { "type": "LineString", "coordinates": [ [ -93.571846926921907, 47.109638291043403 ], [ -93.571600600000096, 47.109773800008902 ] ] } },
{ "type": "Feature", "properties": { "wmUplineSo": "HILL CITY", "wmType": "Underground" }, "geometry": { "type": "LineString", "coordinates": [ [ -93.571047678585202, 47.109567777090099 ], [ -93.570981300000099, 47.1099299000089 ] ] } },
{ "type": "Feature", "properties": { "wmUplineSo": "HILL CITY", "wmType": "Underground" }, "geometry": { "type": "LineString", "coordinates": [ [ -93.570584856218204, 46.986766653998501 ], [ -93.570598100000097, 46.9868183000087 ] ] } },
{ "type": "Feature", "properties": { "wmUplineSo": "HILL CITY", "wmType": "Underground" }, "geometry": { "type": "LineString", "coordinates": [ [ -93.621985397070006, 47.040828347337502 ], [ -93.621966600000107, 47.041037000008799 ] ] } },
{ "type": "Feature", "properties": { "wmUplineSo": "HILL CITY", "wmType": "Underground" }, "geometry": { "type": "LineString", "coordinates": [ [ -93.572142299372004, 46.989066083590799 ], [ -93.572242487919596, 46.9890647729761 ] ] } },
{ "type": "Feature", "properties": { "wmUplineSo": "HILL CITY", "wmType": "Underground" }, "geometry": { "type": "LineString", "coordinates": [ [ -93.576865835318998, 47.090513855661598 ], [ -93.576293400000097, 47.090523500008899 ] ] } },
{ "type": "Feature", "properties": { "wmUplineSo": "HILL CITY", "wmType": "Underground" }, "geometry": { "type": "LineString", "coordinates": [ [ -93.594135206554498, 46.994663739584801 ], [ -93.594439300000104, 46.994315900008701 ] ] } },
{ "type": "Feature", "properties": { "wmUplineSo": "HILL CITY", "wmType": "Underground" }, "geometry": { "type": "LineString", "coordinates": [ [ -93.602369000036205, 47.009293003562902 ], [ -93.602231000036198, 47.009561003563 ] ] } },
{ "type": "Feature", "properties": { "wmUplineSo": "HILL CITY", "wmType": "Underground" }, "geometry": { "type": "LineString", "coordinates": [ [ -93.572151, 47.096005 ], [ -93.572142562931006, 47.096014348918899 ], [ -93.572099836959197, 47.096036946581897 ], [ -93.5720316901985, 47.096039843566601 ], [ -93.572032, 47.096040000000102 ] ] } },
{ "type": "Feature", "properties": { "wmUplineSo": "HILL CITY", "wmType": "Underground" }, "geometry": { "type": "LineString", "coordinates": [ [ -93.572032, 47.096040000000102 ], [ -93.572015983806494, 47.095971601324003 ], [ -93.572011132608793, 47.095919514134003 ], [ -93.572011994031897, 47.0957538886178 ], [ -93.572015920877604, 47.095409024977002 ], [ -93.572023, 47.095394 ] ] } },
{ "type": "Feature", "properties": { "wmUplineSo": "HILL CITY", "wmType": "Underground" }, "geometry": { "type": "LineString", "coordinates": [ [ -93.5991886871183, 46.9936914652843 ], [ -93.598981800000104, 46.993785300008703 ] ] } },
{ "type": "Feature", "properties": { "wmUplineSo": "HILL CITY", "wmType": "Underground" }, "geometry": { "type": "LineString", "coordinates": [ [ -93.590014002283297, 46.996062768956101 ], [ -93.589621080468504, 46.995942241572799 ] ] } },
{ "type": "Feature", "properties": { "wmUplineSo": "HILL CITY", "wmType": "Underground" }, "geometry": { "type": "LineString", "coordinates": [ [ -93.576369994346905, 46.997092787790997 ], [ -93.576669702497298, 46.997679007961999 ], [ -93.577008418773005, 46.997947537997099 ], [ -93.577086838176001, 46.9979089959539 ], [ -93.577086838176001, 46.9979089959539 ] ] } },
{ "type": "Feature", "properties": { "wmUplineSo": "HILL CITY", "wmType": "Underground" }, "geometry": { "type": "LineString", "coordinates": [ [ -93.675085, 47.053089 ], [ -93.675090714579198, 47.053081976787603 ], [ -93.6765696854807, 47.0533203973038 ], [ -93.676626034593795, 47.053379451841401 ], [ -93.67663, 47.053382 ] ] } },
{ "type": "Feature", "properties": { "wmUplineSo": "HILL CITY", "wmType": "Underground" }, "geometry": { "type": "LineString", "coordinates": [ [ -93.590180000035502, 47.035927003570201 ], [ -93.5902990000356, 47.035858003570297 ] ] } },
{ "type": "Feature", "properties": { "wmUplineSo": "HILL CITY", "wmType": "Underground" }, "geometry": { "type": "LineString", "coordinates": [ [ -93.575338950999097, 47.112925975781302 ], [ -93.575815700000106, 47.112827300008902 ] ] } },
{ "type": "Feature", "properties": { "wmUplineSo": "HILL CITY", "wmType": "Underground" }, "geometry": { "type": "LineString", "coordinates": [ [ -93.571320837982199, 47.022442972177998 ], [ -93.570617019270799, 47.022263521002799 ] ] } },
{ "type": "Feature", "properties": { "wmUplineSo": "HILL CITY", "wmType": "Underground" }, "geometry": { "type": "LineString", "coordinates": [ [ -93.596407, 47.02538 ], [ -93.596407, 47.02538 ] ] } },
{ "type": "Feature", "properties": { "wmUplineSo": "HILL CITY", "wmType": "Underground" }, "geometry": { "type": "LineString", "coordinates": [ [ -93.596407, 47.02538 ], [ -93.596446250469, 47.025426962271901 ] ] } },
{ "type": "Feature", "properties": { "wmUplineSo": "HILL CITY", "wmType": "Underground" }, "geometry": { "type": "LineString", "coordinates": [ [ -93.596031659709496, 46.9946813461952 ], [ -93.596024, 46.994930000000103 ] ] } },
{ "type": "Feature", "properties": { "wmUplineSo": "HILL CITY", "wmType": "Underground" }, "geometry": { "type": "LineString", "coordinates": [ [ -93.669355667824206, 47.029183399361798 ], [ -93.669356967077405, 47.029183351248498 ] ] } },
{ "type": "Feature", "properties": { "wmUplineSo": "HILL CITY", "wmType": "Underground" }, "geometry": { "type": "LineString", "coordinates": [ [ -93.669355667824206, 47.029183399361798 ], [ -93.669356967077405, 47.029183351248498 ], [ -93.669919519492097, 47.029162517663899 ] ] } },
{ "type": "Feature", "properties": { "wmUplineSo": "HILL CITY", "wmType": "Underground" }, "geometry": { "type": "LineString", "coordinates": [ [ -93.669919519492097, 47.029162517663899 ], [ -93.6699325194799, 47.029242517664699 ] ] } },
{ "type": "Feature", "properties": { "wmUplineSo": "HILL CITY", "wmType": "Underground" }, "geometry": { "type": "LineString", "coordinates": [ [ -93.6699325194799, 47.029242517664699 ], [ -93.669938966129706, 47.029287999419097 ] ] } },
{ "type": "Feature", "properties": { "wmUplineSo": "HILL CITY", "wmType": "Underground" }, "geometry": { "type": "LineString", "coordinates": [ [ -93.5970208799083, 46.996051999980999 ], [ -93.597007510318903, 46.996053020702 ] ] } },
{ "type": "Feature", "properties": { "wmUplineSo": "HILL CITY", "wmType": "Underground" }, "geometry": { "type": "LineString", "coordinates": [ [ -93.596618384994599, 46.996082728347297 ], [ -93.596601508987703, 46.996075295607902 ] ] } },
{ "type": "Feature", "properties": { "wmUplineSo": "HILL CITY", "wmType": "Underground" }, "geometry": { "type": "LineString", "coordinates": [ [ -93.610264260471894, 47.015555513940299 ], [ -93.610168070206598, 47.015555557318599 ] ] } },
{ "type": "Feature", "properties": { "wmUplineSo": "HILL CITY", "wmType": "Underground" }, "geometry": { "type": "LineString", "coordinates": [ [ -93.603864146589203, 47.029382300618501 ], [ -93.603871, 47.029566 ] ] } },
{ "type": "Feature", "properties": { "wmUplineSo": "HILL CITY", "wmType": "Underground" }, "geometry": { "type": "LineString", "coordinates": [ [ -93.603871, 47.029566 ], [ -93.604294, 47.029641 ] ] } },
{ "type": "Feature", "properties": { "wmUplineSo": "HILL CITY", "wmType": "Underground" }, "geometry": { "type": "LineString", "coordinates": [ [ -93.604294, 47.029641 ], [ -93.604530926663401, 47.030178618567703 ] ] } },
{ "type": "Feature", "properties": { "wmUplineSo": "HILL CITY", "wmType": "Underground" }, "geometry": { "type": "LineString", "coordinates": [ [ -93.604530926663401, 47.030178618567703 ], [ -93.604730001727006, 47.030791766800398 ] ] } },
{ "type": "Feature", "properties": { "wmUplineSo": "HILL CITY", "wmType": "Underground" }, "geometry": { "type": "LineString", "coordinates": [ [ -93.604730001727006, 47.030791766800398 ], [ -93.604629625694102, 47.031564204940601 ] ] } },
{ "type": "Feature", "properties": { "wmUplineSo": "HILL CITY", "wmType": "Underground" }, "geometry": { "type": "LineString", "coordinates": [ [ -93.604629625694102, 47.031564204940601 ], [ -93.604624844448395, 47.031575762970398 ] ] } },
{ "type": "Feature", "properties": { "wmUplineSo": "HILL CITY", "wmType": "Underground" }, "geometry": { "type": "LineString", "coordinates": [ [ -93.573225, 46.986369000000103 ], [ -93.573457, 46.986374 ] ] } },
{ "type": "Feature", "properties": { "wmUplineSo": "HILL CITY", "wmType": "Underground" }, "geometry": { "type": "LineString", "coordinates": [ [ -93.633842, 47.016769000000103 ], [ -93.633828, 47.0171050000001 ] ] } },
{ "type": "Feature", "properties": { "wmUplineSo": "HILL CITY", "wmType": "Underground" }, "geometry": { "type": "LineString", "coordinates": [ [ -93.633828, 47.0171050000001 ], [ -93.633692, 47.017338 ] ] } },
{ "type": "Feature", "properties": { "wmUplineSo": "HILL CITY", "wmType": "Underground" }, "geometry": { "type": "LineString", "coordinates": [ [ -93.604019079523596, 46.993606012913602 ], [ -93.604080576323994, 46.993811999985198 ] ] } },
{ "type": "Feature", "properties": { "wmUplineSo": "HILL CITY", "wmType": "Underground" }, "geometry": { "type": "LineString", "coordinates": [ [ -93.604080576323994, 46.993811999985198 ], [ -93.604065245762797, 46.994056239895798 ] ] } },
{ "type": "Feature", "properties": { "wmUplineSo": "HILL CITY", "wmType": "Underground" }, "geometry": { "type": "LineString", "coordinates": [ [ -93.604065245762797, 46.994056239895798 ], [ -93.603959007115805, 46.994277275639398 ] ] } },
{ "type": "Feature", "properties": { "wmUplineSo": "HILL CITY", "wmType": "Underground" }, "geometry": { "type": "LineString", "coordinates": [ [ -93.603959007115805, 46.994277275639398 ], [ -93.603949685730001, 46.994281576349799 ], [ -93.603949697260006, 46.994282599736003 ], [ -93.603948213346698, 46.994283631009402 ], [ -93.603948224876703, 46.9942846543954 ], [ -93.603948236406794, 46.994285677781598 ], [ -93.603948247936799, 46.994286701167503 ], [ -93.603946692799795, 46.994287781549197 ], [ -93.6039467043298, 46.994288804935103 ], [ -93.603946715859806, 46.9942898283213 ], [ -93.603946727389896, 46.994290851707198 ], [ -93.603945231578194, 46.994290859596603 ], [ -93.6039452431081, 46.994291882982502 ], [ -93.603943747664502, 46.994291890870002 ], [ -93.603943771273407, 46.994293986371801 ], [ -93.603943782803299, 46.994295009757799 ], [ -93.603943794333304, 46.994296033143698 ], [ -93.603943805863196, 46.994297056529902 ], [ -93.603943817393201, 46.994298079915801 ], [ -93.6039423215813, 46.994298087805198 ], [ -93.603942333111206, 46.994299111191097 ], [ -93.603942356720097, 46.994301206692903 ], [ -93.603940872438002, 46.994302237968199 ], [ -93.603940883967894, 46.994303261354403 ], [ -93.603939388523898, 46.994303269241797 ], [ -93.603937832837303, 46.994304300893702 ], [ -93.603937844367096, 46.994305324279601 ], [ -93.603937856445995, 46.994306396395203 ], [ -93.603937879505693, 46.994308443167299 ], [ -93.603936383693494, 46.994308451056597 ], [ -93.6039363952233, 46.994309474442503 ], [ -93.603936406753107, 46.9943104978287 ], [ -93.603934911308997, 46.994310505716101 ], [ -93.603934922838704, 46.994311529101999 ], [ -93.603934934917504, 46.994312601217601 ], [ -93.603933450634997, 46.994313632492798 ], [ -93.603933462164704, 46.994314655879002 ], [ -93.603933473694497, 46.994315679264901 ], [ -93.603933485224303, 46.994316702650899 ], [ -93.603932000941597, 46.994317733926302 ], [ -93.603932013020298, 46.994318806041903 ], [ -93.603932036079797, 46.9943208528138 ], [ -93.603932047609504, 46.994321876199997 ], [ -93.603932059139296, 46.994322899585903 ], [ -93.603932070669003, 46.994323922971802 ], [ -93.603930575224496, 46.994323930859103 ], [ -93.603930587303196, 46.994325002975003 ], [ -93.603930598832903, 46.994326026360902 ], [ -93.603930610362596, 46.994327049746801 ], [ -93.603930621892303, 46.994328073132998 ], [ -93.603930633421996, 46.994329096518896 ], [ -93.603930644951703, 46.994330119904902 ], [ -93.603929101342899, 46.994332223672501 ], [ -93.603929112872507, 46.9943332470584 ], [ -93.6039291244022, 46.994334270444298 ], [ -93.603929147461599, 46.994336317216401 ], [ -93.6039291595403, 46.994337389332102 ], [ -93.603929171070007, 46.994338412718001 ], [ -93.6039291825997, 46.994339436104198 ], [ -93.603929194129407, 46.994340459490097 ], [ -93.603929205659, 46.994341482876003 ], [ -93.603929217188707, 46.9943425062622 ], [ -93.603929229267393, 46.994343578377801 ], [ -93.6039292407971, 46.9943446017638 ], [ -93.603929252326793, 46.994345625149698 ], [ -93.6039292638565, 46.994346648535902 ], [ -93.603929275386193, 46.994347671921801 ], [ -93.6039292869159, 46.9943486953077 ], [ -93.603929298994601, 46.9943497674236 ], [ -93.603929310524293, 46.994350790809499 ], [ -93.603929322054, 46.994351814195397 ], [ -93.603929333583693, 46.994352837581602 ], [ -93.6039293451134, 46.9943538609675 ], [ -93.6039294615084, 46.994364192286902 ], [ -93.603929473038093, 46.994365215672801 ], [ -93.6039294845678, 46.994366239058699 ], [ -93.603928000283702, 46.994367270334102 ], [ -93.603928012362303, 46.994368342449697 ], [ -93.603928023891996, 46.994369365835603 ], [ -93.603928035421703, 46.994370389221601 ], [ -93.603928046951395, 46.994371412607698 ], [ -93.603926551505495, 46.994371420495 ], [ -93.603926563035103, 46.994372443880899 ], [ -93.603926574564795, 46.994373467266797 ], [ -93.603925078750805, 46.994373475156003 ], [ -93.603925090829406, 46.994374547271903 ], [ -93.603925113888707, 46.9943765940437 ], [ -93.6039251254183, 46.994377617429599 ], [ -93.603923641133804, 46.994378648704902 ], [ -93.603923652663397, 46.994379672090801 ], [ -93.603923664741998, 46.994380744206502 ], [ -93.603923676271606, 46.994381767592699 ], [ -93.603922192355, 46.9943827988658 ], [ -93.603922203884594, 46.994383822251599 ], [ -93.603922226943695, 46.994385869023702 ], [ -93.603922239022296, 46.994386941139403 ], [ -93.603922250551804, 46.994387964525302 ], [ -93.603922262081397, 46.994388987911499 ], [ -93.603922273611005, 46.994390011297398 ], [ -93.603922285140598, 46.994391034683296 ], [ -93.603922296670206, 46.994392058069501 ], [ -93.603922308748693, 46.994393130185102 ], [ -93.603922320278301, 46.994394153571001 ], [ -93.603922331807894, 46.9943951769569 ], [ -93.603922343337501, 46.994396200343097 ], [ -93.603922354867095, 46.994397223729003 ], [ -93.603922366396603, 46.994398247114901 ], [ -93.603922378475204, 46.994399319230503 ], [ -93.6039238739219, 46.994399311343301 ], [ -93.603923885451493, 46.994400334729498 ], [ -93.603923896981101, 46.994401358115397 ], [ -93.603923908510694, 46.994402381501303 ], [ -93.603923920040302, 46.9944034048875 ], [ -93.603923931569994, 46.994404428273398 ], [ -93.603923943648596, 46.994405500389 ], [ -93.603925450993103, 46.994406515886098 ], [ -93.603925474052403, 46.994408562657902 ], [ -93.603926981396995, 46.994409578154901 ], [ -93.603927005005403, 46.994411673656401 ], [ -93.603927016534996, 46.9944126970423 ], [ -93.603927028064703, 46.994413720428497 ], [ -93.603927051124103, 46.994415767200302 ], [ -93.603927062653796, 46.994416790586499 ], [ -93.603927074732397, 46.9944178627021 ], [ -93.603927086262104, 46.994418886087999 ], [ -93.603928593239004, 46.994419901586603 ], [ -93.603928604768797, 46.9944209249728 ], [ -93.603930100584094, 46.994420917083602 ], [ -93.603930112113801, 46.9944219404695 ], [ -93.603930123643593, 46.994422963855399 ], [ -93.603930135722294, 46.994424035971299 ], [ -93.603930147252001, 46.994425059357198 ], [ -93.603930158781793, 46.994426082743097 ], [ -93.6039301703115, 46.994427106129002 ], [ -93.603931749061402, 46.9944281212493 ], [ -93.603931760591195, 46.994429144635198 ], [ -93.603931772669895, 46.9944302167508 ], [ -93.603931784199702, 46.994431240136997 ], [ -93.603931795729494, 46.994432263522903 ], [ -93.603931807259301, 46.994433286908802 ], [ -93.603931818788993, 46.994434310294999 ], [ -93.603933314236599, 46.994434302407697 ], [ -93.603933325766405, 46.994435325793503 ], [ -93.603933337845305, 46.994436397909197 ], [ -93.603933349375097, 46.994437421295103 ], [ -93.603934845190807, 46.994437413405798 ], [ -93.603934856720699, 46.994438436792002 ], [ -93.603934879780397, 46.9944404835637 ], [ -93.603934891310203, 46.994441506949897 ], [ -93.603934903389003, 46.994442579065499 ], [ -93.603934914918895, 46.994443602451398 ], [ -93.603936410734903, 46.9944435945621 ], [ -93.603936422264695, 46.994444617947998 ], [ -93.603936433794601, 46.994445641334202 ], [ -93.603936456854299, 46.994447688106 ], [ -93.603936468933199, 46.9944487602219 ], [ -93.603937964381203, 46.994448752334499 ], [ -93.603937975911194, 46.994449775720398 ], [ -93.6039379874411, 46.994450799106303 ], [ -93.603937998970906, 46.994451822492202 ], [ -93.603938010500897, 46.9944528458783 ], [ -93.603938022030803, 46.994453869264198 ], [ -93.603939517846996, 46.9944538613749 ], [ -93.603939529925896, 46.994454933490502 ], [ -93.603939541455901, 46.994455956876699 ], [ -93.603939552985807, 46.994456980262598 ], [ -93.603941131736704, 46.994457995382497 ], [ -93.603942627185006, 46.994457987494997 ], [ -93.603942638714997, 46.994459010881201 ], [ -93.603942650245003, 46.9944600342671 ], [ -93.603942662324002, 46.994461106382701 ], [ -93.603944158140493, 46.994461098493304 ], [ -93.603944169670498, 46.994462121879202 ], [ -93.603944181200504, 46.9944631452653 ], [ -93.603945688547, 46.994464160761801 ], [ -93.603945700077105, 46.9944651841477 ], [ -93.603947195525606, 46.994465176260199 ], [ -93.603947207055697, 46.994466199646403 ], [ -93.603947219134795, 46.994467271761998 ], [ -93.603948726481505, 46.9944682872584 ], [ -93.603948738011596, 46.994469310644298 ], [ -93.603948749541701, 46.994470334030403 ], [ -93.603948761071806, 46.994471357416302 ], [ -93.603948772601896, 46.9944723808022 ], [ -93.603950339823399, 46.994472372536102 ], [ -93.603950351902498, 46.994473444651703 ], [ -93.603950363432702, 46.9944744680379 ], [ -93.603950374962807, 46.994475491423799 ], [ -93.603951870411507, 46.994475483536199 ], [ -93.603951881941697, 46.994476506922098 ], [ -93.603951893471901, 46.994477530308203 ], [ -93.603953389288804, 46.994477522418698 ], [ -93.603953400818995, 46.994478545804597 ], [ -93.603953412898207, 46.994479617920199 ], [ -93.603953424428497, 46.994480641306403 ], [ -93.603953435958701, 46.994481664692302 ], [ -93.603954931775704, 46.994481656802698 ], [ -93.603954943305894, 46.994482680188597 ], [ -93.603954954836198, 46.994483703574801 ], [ -93.603954966366402, 46.9944847269606 ], [ -93.6039564618154, 46.994484719073 ], [ -93.603956473894698, 46.994485791188602 ], [ -93.603956485425002, 46.9944868145745 ], [ -93.603956496955306, 46.994487837960698 ], [ -93.603956508485496, 46.994488861346497 ], [ -93.603956520015799, 46.994489884732403 ], [ -93.603958027363305, 46.994490900229003 ], [ -93.603958039442603, 46.994491972344598 ], [ -93.603959629725296, 46.994494010850097 ], [ -93.603959641255599, 46.994495034236301 ], [ -93.603959652786003, 46.9944960576222 ], [ -93.603959664316307, 46.994497081007999 ], [ -93.603961183375404, 46.994499168622099 ], [ -93.603962690723307, 46.994500184118301 ], [ -93.603962725314503, 46.994503254276303 ], [ -93.603964244742002, 46.994505341888299 ], [ -93.603965774782907, 46.994508404158502 ], [ -93.603967294210705, 46.994510491770299 ], [ -93.603967328802199, 46.994513561928201 ], [ -93.603968907555299, 46.994514577047703 ], [ -93.603970426615305, 46.994516664661603 ], [ -93.603970438145794, 46.994517688047502 ], [ -93.603971945494393, 46.994518703543598 ], [ -93.603971957024996, 46.994519726929703 ], [ -93.603971968555598, 46.994520750315601 ], [ -93.603973475904297, 46.994521765811697 ], [ -93.603973487983893, 46.994522837927299 ], [ -93.603973499514495, 46.994523861313397 ], [ -93.603975006495304, 46.994524876811397 ], [ -93.6039765023135, 46.994524868921602 ], [ -93.603976525374804, 46.994526915693598 ], [ -93.603978104128501, 46.994527930813 ], [ -93.603978116208197, 46.994529002928601 ], [ -93.603979623189204, 46.994530018426801 ], [ -93.603979634720005, 46.994531041812699 ], [ -93.603981142069102, 46.994532057308703 ], [ -93.6039826609491, 46.994534096190698 ], [ -93.603984180010201, 46.9945361838042 ], [ -93.603985687359597, 46.994537199300403 ], [ -93.603985698890398, 46.994538222686202 ], [ -93.603987277644606, 46.994539237805498 ], [ -93.603987289175507, 46.994540261191702 ], [ -93.603988796706005, 46.994541325419199 ], [ -93.603988808236906, 46.994542348804998 ], [ -93.603988819767807, 46.994543372190897 ], [ -93.603990327117501, 46.994544387687 ], [ -93.603990338648401, 46.994545411072899 ], [ -93.603991834467195, 46.994545403182897 ], [ -93.603993341448898, 46.994546418680599 ], [ -93.603993353529006, 46.994547490796201 ], [ -93.603994860878799, 46.994548506292297 ], [ -93.603996439633505, 46.9945495214114 ], [ -93.603997946615394, 46.994550536909102 ], [ -93.603997958146493, 46.9945515602952 ], [ -93.6039994539654, 46.994551552405099 ], [ -93.6039994654965, 46.994552575790898 ], [ -93.603999477576707, 46.9945536479065 ], [ -93.604000984926898, 46.994554663402504 ], [ -93.604000996457998, 46.994555686788402 ], [ -93.604002491909, 46.994555678900099 ], [ -93.604002503440199, 46.994556702285998 ], [ -93.604004010790504, 46.994557717781902 ], [ -93.604004022321703, 46.994558741167801 ], [ -93.604005589545594, 46.994558732900899 ], [ -93.6040056016259, 46.9945598050165 ], [ -93.6040071086083, 46.994560820514103 ], [ -93.604008615958804, 46.9945618360099 ], [ -93.604010123309294, 46.994562851505499 ], [ -93.604011641823206, 46.9945648903891 ], [ -93.604013137642497, 46.9945648824988 ], [ -93.604014716947106, 46.9945659463474 ], [ -93.604014728478504, 46.994566969733299 ], [ -93.604016235461302, 46.994567985230702 ], [ -93.6040162469927, 46.9945690086168 ], [ -93.604017754343602, 46.994570024112299 ], [ -93.604019250163105, 46.9945700162219 ], [ -93.604019261694603, 46.994571039607798 ], [ -93.604019273775194, 46.9945721117234 ], [ -93.604020769226594, 46.994572103834898 ], [ -93.604020780758106, 46.994573127221003 ], [ -93.604020792289703, 46.994574150606901 ], [ -93.6040208038212, 46.9945751739927 ], [ -93.604022299640803, 46.994575166102301 ], [ -93.6040223111724, 46.994576189488399 ], [ -93.604023889928399, 46.994577204607097 ], [ -93.604025385379998, 46.994577196718602 ], [ -93.604025397460703, 46.994578268834204 ], [ -93.6040254089923, 46.994579292220301 ], [ -93.604026904812002, 46.994579284329802 ], [ -93.604026916343699, 46.994580307715601 ], [ -93.604028412163402, 46.994580299825103 ], [ -93.604028423695098, 46.994581323211001 ], [ -93.604029919146797, 46.994581315322399 ], [ -93.604031426498295, 46.994582330817899 ], [ -93.604031438030006, 46.994583354203797 ], [ -93.604033005254607, 46.994583345936498 ], [ -93.604034500706405, 46.994583338047903 ], [ -93.604034512787294, 46.994584410163498 ], [ -93.604036008607196, 46.9945844022728 ], [ -93.604037527490703, 46.994586441154198 ], [ -93.604039022942601, 46.994586433265503 ], [ -93.604031873797098, 46.994576064534201 ] ] } },
{ "type": "Feature", "properties": { "wmUplineSo": "HILL CITY", "wmType": "Underground" }, "geometry": { "type": "LineString", "coordinates": [ [ -93.604031873797098, 46.994576064534201 ], [ -93.604389643382504, 46.994617334585797 ] ] } },
{ "type": "Feature", "properties": { "wmUplineSo": "HILL CITY", "wmType": "Underground" }, "geometry": { "type": "LineString", "coordinates": [ [ -93.604389643382504, 46.994617334585797 ], [ -93.604620228711696, 46.994634973988802 ] ] } },
{ "type": "Feature", "properties": { "wmUplineSo": "HILL CITY", "wmType": "Underground" }, "geometry": { "type": "LineString", "coordinates": [ [ -93.604620228711696, 46.994634973988802 ], [ -93.604764841389098, 46.994730375782801 ] ] } },
{ "type": "Feature", "properties": { "wmUplineSo": "HILL CITY", "wmType": "Underground" }, "geometry": { "type": "LineString", "coordinates": [ [ -93.604764841389098, 46.994730375782801 ], [ -93.604822683831898, 46.9947020273774 ] ] } },
{ "type": "Feature", "properties": { "wmUplineSo": "HILL CITY", "wmType": "Underground" }, "geometry": { "type": "LineString", "coordinates": [ [ -93.604019079523596, 46.993606012913602 ], [ -93.605598227738795, 46.993675323039199 ], [ -93.605582618100996, 46.993045359664997 ], [ -93.6053924314255, 46.992837239747203 ] ] } },
{ "type": "Feature", "properties": { "wmUplineSo": "HILL CITY", "wmType": "Underground" }, "geometry": { "type": "LineString", "coordinates": [ [ -93.592994273240706, 47.066551914537399 ], [ -93.593166415514403, 47.066548916738 ] ] } },
{ "type": "Feature", "properties": { "wmUplineSo": "HILL CITY", "wmType": "Underground" }, "geometry": { "type": "LineString", "coordinates": [ [ -93.596729602445805, 47.025093880807603 ], [ -93.596407, 47.02538 ] ] } },
{ "type": "Feature", "properties": { "wmUplineSo": "HILL CITY", "wmType": "Underground" }, "geometry": { "type": "LineString", "coordinates": [ [ -93.592497625399005, 47.022382104820899 ], [ -93.594181899096895, 47.0223593883074 ] ] } },
{ "type": "Feature", "properties": { "wmUplineSo": "HILL CITY", "wmType": "Underground" }, "geometry": { "type": "LineString", "coordinates": [ [ -93.596124468466698, 46.985659021532399 ], [ -93.596624272345906, 46.985457239286397 ] ] } },
{ "type": "Feature", "properties": { "wmUplineSo": "HILL CITY", "wmType": "Underground" }, "geometry": { "type": "LineString", "coordinates": [ [ -93.660755000039799, 47.028954003568401 ], [ -93.660952000039799, 47.028705003568199 ] ] } },
{ "type": "Feature", "properties": { "wmUplineSo": "HILL CITY", "wmType": "Underground" }, "geometry": { "type": "LineString", "coordinates": [ [ -93.615141984073801, 47.030199947913097 ], [ -93.614424, 47.0298920000088 ] ] } },
{ "type": "Feature", "properties": { "wmUplineSo": "HILL CITY", "wmType": "Underground" }, "geometry": { "type": "LineString", "coordinates": [ [ -93.620132585783395, 47.0146342813769 ], [ -93.620197800000099, 47.014098400008798 ] ] } },
{ "type": "Feature", "properties": { "wmUplineSo": "HILL CITY", "wmType": "Underground" }, "geometry": { "type": "LineString", "coordinates": [ [ -93.597174000035807, 47.001101003560699 ], [ -93.596863600000106, 47.001301800008697 ] ] } },
{ "type": "Feature", "properties": { "wmUplineSo": "HILL CITY", "wmType": "Underground" }, "geometry": { "type": "LineString", "coordinates": [ [ -93.594143359516806, 46.999049374725303 ], [ -93.594110900000103, 46.9992305000088 ] ] } },
{ "type": "Feature", "properties": { "wmUplineSo": "HILL CITY", "wmType": "Underground" }, "geometry": { "type": "LineString", "coordinates": [ [ -93.616633945033499, 47.028643744421103 ], [ -93.616618700000103, 47.028768000008803 ] ] } },
{ "type": "Feature", "properties": { "wmUplineSo": "HILL CITY", "wmType": "Underground" }, "geometry": { "type": "LineString", "coordinates": [ [ -93.583871048903205, 46.981499364402097 ], [ -93.583923500000097, 46.981473500008697 ] ] } },
{ "type": "Feature", "properties": { "wmUplineSo": "HILL CITY", "wmType": "Underground" }, "geometry": { "type": "LineString", "coordinates": [ [ -93.583555000035005, 46.990847003557903 ], [ -93.583083000034904, 46.9908230035579 ] ] } },
{ "type": "Feature", "properties": { "wmUplineSo": "HILL CITY", "wmType": "Underground" }, "geometry": { "type": "LineString", "coordinates": [ [ -93.574672, 46.986361 ], [ -93.574846, 46.986342 ] ] } },
{ "type": "Feature", "properties": { "wmUplineSo": "HILL CITY", "wmType": "Underground" }, "geometry": { "type": "LineString", "coordinates": [ [ -93.574846, 46.986342 ], [ -93.574847, 46.986328 ] ] } },
{ "type": "Feature", "properties": { "wmUplineSo": "HILL CITY", "wmType": "Underground" }, "geometry": { "type": "LineString", "coordinates": [ [ -93.592817, 47.011259 ], [ -93.592812, 47.011266999999897 ], [ -93.592774, 47.011305 ], [ -93.592729, 47.011338 ], [ -93.592685, 47.011372999999899 ], [ -93.592639, 47.011376 ], [ -93.592645, 47.011389 ] ] } },
{ "type": "Feature", "properties": { "wmUplineSo": "HILL CITY", "wmType": "Underground" }, "geometry": { "type": "LineString", "coordinates": [ [ -93.601403735045295, 46.986924279653003 ], [ -93.601714500000099, 46.9869040000087 ] ] } },
{ "type": "Feature", "properties": { "wmUplineSo": "HILL CITY", "wmType": "Underground" }, "geometry": { "type": "LineString", "coordinates": [ [ -93.598374803805797, 46.991651409764401 ], [ -93.598391136442899, 46.991648505203599 ], [ -93.598405842511099, 46.9915227676358 ], [ -93.598502001828393, 46.991478173588099 ], [ -93.5986274271594, 46.991457676776797 ], [ -93.598691787571596, 46.991450726565098 ], [ -93.5986863347986, 46.991446148754001 ] ] } },
{ "type": "Feature", "properties": { "wmUplineSo": "HILL CITY", "wmType": "Underground" }, "geometry": { "type": "LineString", "coordinates": [ [ -93.598905723995401, 46.991457004144202 ], [ -93.598947, 46.991400800008698 ] ] } },
{ "type": "Feature", "properties": { "wmUplineSo": "HILL CITY", "wmType": "Underground" }, "geometry": { "type": "LineString", "coordinates": [ [ -93.5986863347986, 46.991446148754001 ], [ -93.598905723995401, 46.991457004144202 ] ] } },
{ "type": "Feature", "properties": { "wmUplineSo": "HILL CITY", "wmType": "Underground" }, "geometry": { "type": "LineString", "coordinates": [ [ -93.597029603524902, 46.9952070393445 ], [ -93.596543500000095, 46.9952674000088 ] ] } },
{ "type": "Feature", "properties": { "wmUplineSo": "HILL CITY", "wmType": "Underground" }, "geometry": { "type": "LineString", "coordinates": [ [ -93.597648, 46.994673 ], [ -93.598136600000103, 46.994708900008803 ] ] } },
{ "type": "Feature", "properties": { "wmUplineSo": "HILL CITY", "wmType": "Underground" }, "geometry": { "type": "LineString", "coordinates": [ [ -93.597648, 46.994673 ], [ -93.597458362528201, 46.9946974226281 ] ] } },
{ "type": "Feature", "properties": { "wmUplineSo": "HILL CITY", "wmType": "Underground" }, "geometry": { "type": "LineString", "coordinates": [ [ -93.67663, 47.053382 ], [ -93.676630838287394, 47.053369769578197 ] ] } },
{ "type": "Feature", "properties": { "wmUplineSo": "HILL CITY", "wmType": "Underground" }, "geometry": { "type": "LineString", "coordinates": [ [ -93.655792000039597, 47.040939003571701 ], [ -93.6558470000395, 47.041110003571802 ] ] } },
{ "type": "Feature", "properties": { "wmUplineSo": "HILL CITY", "wmType": "Underground" }, "geometry": { "type": "LineString", "coordinates": [ [ -93.602231000036198, 47.009561003563 ], [ -93.602264000000105, 47.009536400008798 ] ] } },
{ "type": "Feature", "properties": { "wmUplineSo": "HILL CITY", "wmType": "Underground" }, "geometry": { "type": "LineString", "coordinates": [ [ -93.586258089456905, 46.989286797403999 ], [ -93.586523371692294, 46.988858248324 ] ] } },
{ "type": "Feature", "properties": { "wmUplineSo": "HILL CITY", "wmType": "Underground" }, "geometry": { "type": "LineString", "coordinates": [ [ -93.577128207728606, 46.9900012055719 ], [ -93.577123453750104, 46.9900008265504 ], [ -93.576784070432794, 46.9899737679387 ] ] } },
{ "type": "Feature", "properties": { "wmUplineSo": "HILL CITY", "wmType": "Underground" }, "geometry": { "type": "LineString", "coordinates": [ [ -93.603413298396106, 46.988985142633801 ], [ -93.603645263812197, 46.988790913381102 ], [ -93.603998669874599, 46.988458510282797 ], [ -93.604372937895704, 46.9884788904358 ], [ -93.604614363864798, 46.988492036154803 ], [ -93.604682329998596, 46.988551385842896 ] ] } },
{ "type": "Feature", "properties": { "wmUplineSo": "HILL CITY", "wmType": "Underground" }, "geometry": { "type": "LineString", "coordinates": [ [ -93.5947179544672, 47.029548522339802 ], [ -93.595038672041795, 47.029492587771799 ] ] } },
{ "type": "Feature", "properties": { "wmUplineSo": "HILL CITY", "wmType": "Underground" }, "geometry": { "type": "LineString", "coordinates": [ [ -93.592645, 47.011389 ], [ -93.592611449547704, 47.011361674790898 ] ] } },
{ "type": "Feature", "properties": { "wmUplineSo": "HILL CITY", "wmType": "Underground" }, "geometry": { "type": "LineString", "coordinates": [ [ -93.634668, 47.0288380000001 ], [ -93.634619, 47.028585 ] ] } },
{ "type": "Feature", "properties": { "wmUplineSo": "HILL CITY", "wmType": "Underground" }, "geometry": { "type": "LineString", "coordinates": [ [ -93.598391136442899, 46.991648505203599 ], [ -93.598374803805797, 46.991651409764401 ] ] } },
{ "type": "Feature", "properties": { "wmUplineSo": "HILL CITY", "wmType": "Underground" }, "geometry": { "type": "LineString", "coordinates": [ [ -93.592257659749905, 47.066596995141403 ], [ -93.592580778933495, 47.066587054310602 ] ] } },
{ "type": "Feature", "properties": { "wmUplineSo": "HILL CITY", "wmType": "Underground" }, "geometry": { "type": "LineString", "coordinates": [ [ -93.595038672041795, 47.029492587771799 ], [ -93.595118001921804, 47.029452902893503 ] ] } },
{ "type": "Feature", "properties": { "wmUplineSo": "HILL CITY", "wmType": "Underground" }, "geometry": { "type": "LineString", "coordinates": [ [ -93.597868564337602, 46.9927377598259 ], [ -93.598101798339002, 46.992677235616803 ] ] } },
{ "type": "Feature", "properties": { "wmUplineSo": "HILL CITY", "wmType": "Underground" }, "geometry": { "type": "LineString", "coordinates": [ [ -93.572023, 47.095394 ], [ -93.571973, 47.094864000000101 ] ] } },
{ "type": "Feature", "properties": { "wmUplineSo": "HILL CITY", "wmType": "Underground" }, "geometry": { "type": "LineString", "coordinates": [ [ -93.571973, 47.094864000000101 ], [ -93.571973, 47.094415 ] ] } },
{ "type": "Feature", "properties": { "wmUplineSo": "HILL CITY", "wmType": "Underground" }, "geometry": { "type": "LineString", "coordinates": [ [ -93.571973, 47.094415 ], [ -93.571964345538902, 47.094393516120903 ], [ -93.571702674874302, 47.093812330937098 ], [ -93.571679, 47.093821 ] ] } },
{ "type": "Feature", "properties": { "wmUplineSo": "HILL CITY", "wmType": "Underground" }, "geometry": { "type": "LineString", "coordinates": [ [ -93.590409203146194, 46.994841528278798 ], [ -93.590182400000103, 46.994765000008698 ] ] } },
{ "type": "Feature", "properties": { "wmUplineSo": "HILL CITY", "wmType": "Underground" }, "geometry": { "type": "LineString", "coordinates": [ [ -93.631385786195594, 47.029886790213702 ], [ -93.630913862369596, 47.0299864772063 ], [ -93.630472837209695, 47.0306974439412 ] ] } },
{ "type": "Feature", "properties": { "wmUplineSo": "HILL CITY", "wmType": "Underground" }, "geometry": { "type": "LineString", "coordinates": [ [ -93.576784070432794, 46.9899737679387 ], [ -93.5766941674066, 46.989727691350197 ] ] } },
{ "type": "Feature", "properties": { "wmUplineSo": "HILL CITY", "wmType": "Underground" }, "geometry": { "type": "LineString", "coordinates": [ [ -93.5766941674066, 46.989727691350197 ], [ -93.576259320269401, 46.988870917098197 ] ] } },
{ "type": "Feature", "properties": { "wmUplineSo": "HILL CITY", "wmType": "Underground" }, "geometry": { "type": "LineString", "coordinates": [ [ -93.595118001921804, 47.029452902893503 ], [ -93.595139162691794, 47.028951749458997 ] ] } },
{ "type": "Feature", "properties": { "wmUplineSo": "HILL CITY", "wmType": "Underground" }, "geometry": { "type": "LineString", "coordinates": [ [ -93.595139162691794, 47.028951749458997 ], [ -93.595082779867099, 47.028891737878403 ] ] } },
{ "type": "Feature", "properties": { "wmUplineSo": "HILL CITY", "wmType": "Underground" }, "geometry": { "type": "LineString", "coordinates": [ [ -93.571892, 47.097211000000101 ], [ -93.571867, 47.097202999999801 ] ] } },
{ "type": "Feature", "properties": { "wmUplineSo": "HILL CITY", "wmType": "Underground" }, "geometry": { "type": "LineString", "coordinates": [ [ -93.571867, 47.097202999999801 ], [ -93.571822, 47.096756 ] ] } },
{ "type": "Feature", "properties": { "wmUplineSo": "HILL CITY", "wmType": "Underground" }, "geometry": { "type": "LineString", "coordinates": [ [ -93.571822, 47.096756 ], [ -93.571819055725101, 47.096720391710001 ], [ -93.571865390853304, 47.096546848601299 ], [ -93.571921328224605, 47.096369940551398 ], [ -93.572139894440497, 47.095998106921698 ], [ -93.572151, 47.096005 ] ] } },
{ "type": "Feature", "properties": { "wmUplineSo": "HILL CITY", "wmType": "Underground" }, "geometry": { "type": "LineString", "coordinates": [ [ -93.586424482891303, 47.061779911118997 ], [ -93.584350921918599, 47.061522280639103 ] ] } },
{ "type": "Feature", "properties": { "wmUplineSo": "HILL CITY", "wmType": "Underground" }, "geometry": { "type": "LineString", "coordinates": [ [ -93.586424482891303, 47.061779911118997 ], [ -93.586224843558597, 47.061367657426402 ] ] } },
{ "type": "Feature", "properties": { "wmUplineSo": "HILL CITY", "wmType": "Underground" }, "geometry": { "type": "LineString", "coordinates": [ [ -93.590788659268696, 47.055195102278397 ], [ -93.588612762257299, 47.055084750530497 ] ] } },
{ "type": "Feature", "properties": { "wmUplineSo": "HILL CITY", "wmType": "Underground" }, "geometry": { "type": "LineString", "coordinates": [ [ -93.590655080468693, 47.050886280296297 ], [ -93.589832841253099, 47.050780557325197 ] ] } },
{ "type": "Feature", "properties": { "wmUplineSo": "HILL CITY", "wmType": "Underground" }, "geometry": { "type": "LineString", "coordinates": [ [ -93.581198489790594, 47.043760681054401 ], [ -93.581425987533095, 47.043337118826599 ], [ -93.581294873126097, 47.042679482175799 ], [ -93.583315768774, 47.042245414689603 ] ] } },
{ "type": "Feature", "properties": { "wmUplineSo": "HILL CITY", "wmType": "Underground" }, "geometry": { "type": "LineString", "coordinates": [ [ -93.578816170143398, 47.043927724149199 ], [ -93.576603649208096, 47.043870163537498 ] ] } },
{ "type": "Feature", "properties": { "wmUplineSo": "HILL CITY", "wmType": "Underground" }, "geometry": { "type": "LineString", "coordinates": [ [ -93.580281748572801, 47.043768185611 ], [ -93.580256054654797, 47.043765826754203 ], [ -93.578816170143398, 47.043927724149199 ] ] } },
{ "type": "Feature", "properties": { "wmUplineSo": "HILL CITY", "wmType": "Underground" }, "geometry": { "type": "LineString", "coordinates": [ [ -93.576603649208096, 47.043870163537498 ], [ -93.576202611800895, 47.043839266095503 ] ] } },
{ "type": "Feature", "properties": { "wmUplineSo": "HILL CITY", "wmType": "Underground" }, "geometry": { "type": "LineString", "coordinates": [ [ -93.600920890852805, 47.0374456923414 ], [ -93.600951032532095, 47.037896956815601 ] ] } },
{ "type": "Feature", "properties": { "wmUplineSo": "HILL CITY", "wmType": "Underground" }, "geometry": { "type": "LineString", "coordinates": [ [ -93.605538868829299, 47.037456852056302 ], [ -93.605391574492103, 47.039180063814101 ] ] } },
{ "type": "Feature", "properties": { "wmUplineSo": "HILL CITY", "wmType": "Underground" }, "geometry": { "type": "LineString", "coordinates": [ [ -93.654426616789905, 47.041137765204397 ], [ -93.654458186721996, 47.040056246036102 ] ] } },
{ "type": "Feature", "properties": { "wmUplineSo": "HILL CITY", "wmType": "Underground" }, "geometry": { "type": "LineString", "coordinates": [ [ -93.654304201520603, 47.043460930036602 ], [ -93.654353442362293, 47.042090168632697 ], [ -93.654426616789905, 47.041137765204397 ] ] } },
{ "type": "Feature", "properties": { "wmUplineSo": "HILL CITY", "wmType": "Underground" }, "geometry": { "type": "LineString", "coordinates": [ [ -93.661808765121606, 47.0434474411881 ], [ -93.661724316034906, 47.043960574308798 ] ] } },
{ "type": "Feature", "properties": { "wmUplineSo": "HILL CITY", "wmType": "Underground" }, "geometry": { "type": "LineString", "coordinates": [ [ -93.673102727259902, 47.043609601746198 ], [ -93.673115801528795, 47.043259399663697 ] ] } },
{ "type": "Feature", "properties": { "wmUplineSo": "HILL CITY", "wmType": "Underground" }, "geometry": { "type": "LineString", "coordinates": [ [ -93.574883115635302, 47.106023450477103 ], [ -93.574460114255203, 47.106143094142297 ] ] } },
{ "type": "Feature", "properties": { "wmUplineSo": "HILL CITY", "wmType": "Underground" }, "geometry": { "type": "LineString", "coordinates": [ [ -93.5754580379174, 47.1074944170592 ], [ -93.574925463658303, 47.107677124067799 ] ] } },
{ "type": "Feature", "properties": { "wmUplineSo": "HILL CITY", "wmType": "Underground" }, "geometry": { "type": "LineString", "coordinates": [ [ -93.575787557409797, 47.109606629031497 ], [ -93.576378652372398, 47.109454016203401 ] ] } },
{ "type": "Feature", "properties": { "wmUplineSo": "HILL CITY", "wmType": "Underground" }, "geometry": { "type": "LineString", "coordinates": [ [ -93.576845230836994, 47.103846547569702 ], [ -93.575810848164707, 47.103558995178403 ], [ -93.574622246681002, 47.103843313779102 ] ] } },
{ "type": "Feature", "properties": { "wmUplineSo": "HILL CITY", "wmType": "Underground" }, "geometry": { "type": "LineString", "coordinates": [ [ -93.5768702786917, 47.090472897341101 ], [ -93.575579659836706, 47.090394405354701 ], [ -93.574654313302304, 47.090543701548 ] ] } },
{ "type": "Feature", "properties": { "wmUplineSo": "HILL CITY", "wmType": "Underground" }, "geometry": { "type": "LineString", "coordinates": [ [ -93.675615423915701, 47.057796628409797 ], [ -93.677174177685103, 47.057809971626703 ], [ -93.677545635866394, 47.0575987513906 ] ] } },
{ "type": "Feature", "properties": { "wmUplineSo": "HILL CITY", "wmType": "Underground" }, "geometry": { "type": "LineString", "coordinates": [ [ -93.675085, 47.053089 ], [ -93.675305157569994, 47.057654914619398 ], [ -93.675615423915701, 47.057796628409797 ] ] } },
{ "type": "Feature", "properties": { "wmUplineSo": "HILL CITY", "wmType": "Underground" }, "geometry": { "type": "LineString", "coordinates": [ [ -93.675088138185998, 47.046600051372401 ], [ -93.675045919378903, 47.050431947716902 ], [ -93.675085, 47.053089 ] ] } },
{ "type": "Feature", "properties": { "wmUplineSo": "HILL CITY", "wmType": "Underground" }, "geometry": { "type": "LineString", "coordinates": [ [ -93.675881732764097, 47.044906597173402 ], [ -93.675951732791006, 47.0449315963101 ] ] } },
{ "type": "Feature", "properties": { "wmUplineSo": "HILL CITY", "wmType": "Underground" }, "geometry": { "type": "LineString", "coordinates": [ [ -93.6797764469908, 47.043616178400299 ], [ -93.680714836893799, 47.043362922657103 ], [ -93.681094165715905, 47.043050632673399 ] ] } },
{ "type": "Feature", "properties": { "wmUplineSo": "HILL CITY", "wmType": "Underground" }, "geometry": { "type": "LineString", "coordinates": [ [ -93.690646000114498, 47.040401697017003 ], [ -93.690660749431999, 47.040351792227902 ] ] } },
{ "type": "Feature", "properties": { "wmUplineSo": "HILL CITY", "wmType": "Underground" }, "geometry": { "type": "LineString", "coordinates": [ [ -93.595722532052307, 47.027076128161902 ], [ -93.595835780872704, 47.026919520982901 ] ] } },
{ "type": "Feature", "properties": { "wmUplineSo": "HILL CITY", "wmType": "Underground" }, "geometry": { "type": "LineString", "coordinates": [ [ -93.595835780872704, 47.026919520982901 ], [ -93.596298950794605, 47.026378136611001 ] ] } },
{ "type": "Feature", "properties": { "wmUplineSo": "HILL CITY", "wmType": "Underground" }, "geometry": { "type": "LineString", "coordinates": [ [ -93.596298950794605, 47.026378136611001 ], [ -93.596840710818697, 47.026201441274097 ], [ -93.597016146516097, 47.025998058705397 ] ] } },
{ "type": "Feature", "properties": { "wmUplineSo": "HILL CITY", "wmType": "Underground" }, "geometry": { "type": "LineString", "coordinates": [ [ -93.594257648233494, 47.026413878055102 ], [ -93.593739393766697, 47.026363632295798 ] ] } },
{ "type": "Feature", "properties": { "wmUplineSo": "HILL CITY", "wmType": "Underground" }, "geometry": { "type": "LineString", "coordinates": [ [ -93.594475048574594, 47.0246603774604 ], [ -93.594918572242804, 47.024175840683398 ], [ -93.594998988766605, 47.023702974561601 ] ] } },
{ "type": "Feature", "properties": { "wmUplineSo": "HILL CITY", "wmType": "Underground" }, "geometry": { "type": "LineString", "coordinates": [ [ -93.594662337115295, 47.024714993173099 ], [ -93.595236084778406, 47.0250222807041 ] ] } },
{ "type": "Feature", "properties": { "wmUplineSo": "HILL CITY", "wmType": "Underground" }, "geometry": { "type": "LineString", "coordinates": [ [ -93.595730823068095, 47.025348448532903 ], [ -93.596136160608793, 47.025264574910302 ], [ -93.596729602445805, 47.025093880807603 ] ] } },
{ "type": "Feature", "properties": { "wmUplineSo": "HILL CITY", "wmType": "Underground" }, "geometry": { "type": "LineString", "coordinates": [ [ -93.558108828113106, 47.029329421348599 ], [ -93.558121985469299, 47.028897101566798 ], [ -93.558166244552098, 47.028729844525998 ], [ -93.558000431618197, 47.028669159328899 ] ] } },
{ "type": "Feature", "properties": { "wmUplineSo": "HILL CITY", "wmType": "Underground" }, "geometry": { "type": "LineString", "coordinates": [ [ -93.567465493379999, 47.029366731537003 ], [ -93.567464954496003, 47.030111359088103 ] ] } },
{ "type": "Feature", "properties": { "wmUplineSo": "HILL CITY", "wmType": "Underground" }, "geometry": { "type": "LineString", "coordinates": [ [ -93.592817, 47.011259 ], [ -93.592954323003298, 47.010967720217799 ], [ -93.592969681843996, 47.010935852400898 ] ] } },
{ "type": "Feature", "properties": { "wmUplineSo": "HILL CITY", "wmType": "Underground" }, "geometry": { "type": "LineString", "coordinates": [ [ -93.591919936793303, 47.016564259856899 ], [ -93.592181271976699, 47.016488666873698 ] ] } },
{ "type": "Feature", "properties": { "wmUplineSo": "HILL CITY", "wmType": "Underground" }, "geometry": { "type": "LineString", "coordinates": [ [ -93.591856913772006, 47.016982248284698 ], [ -93.592678518812406, 47.016976715121501 ] ] } },
{ "type": "Feature", "properties": { "wmUplineSo": "HILL CITY", "wmType": "Underground" }, "geometry": { "type": "LineString", "coordinates": [ [ -93.591453410082096, 47.020644686498201 ], [ -93.592852688953101, 47.020925699240799 ] ] } },
{ "type": "Feature", "properties": { "wmUplineSo": "HILL CITY", "wmType": "Underground" }, "geometry": { "type": "LineString", "coordinates": [ [ -93.609828538499102, 47.029410684703599 ], [ -93.609697913262593, 47.0295416652095 ], [ -93.609180468447306, 47.029553690032003 ], [ -93.609130651338603, 47.029980509859499 ], [ -93.609371108011203, 47.029993627578797 ], [ -93.609626424350793, 47.030007553047099 ], [ -93.609811023127094, 47.030104480459997 ], [ -93.609880349283998, 47.030227727120902 ], [ -93.6098359048448, 47.030301942847501 ], [ -93.609770123623903, 47.030338810777998 ] ] } },
{ "type": "Feature", "properties": { "wmUplineSo": "HILL CITY", "wmType": "Underground" }, "geometry": { "type": "LineString", "coordinates": [ [ -93.631851000101406, 47.029237331518701 ], [ -93.631385786195594, 47.029886790213702 ] ] } },
{ "type": "Feature", "properties": { "wmUplineSo": "HILL CITY", "wmType": "Underground" }, "geometry": { "type": "LineString", "coordinates": [ [ -93.656169264256903, 47.029131566324097 ], [ -93.655764781174895, 47.029825024468202 ] ] } },
{ "type": "Feature", "properties": { "wmUplineSo": "HILL CITY", "wmType": "Underground" }, "geometry": { "type": "LineString", "coordinates": [ [ -93.627528228692199, 47.015039715123102 ], [ -93.628028242181401, 47.015481739052298 ] ] } },
{ "type": "Feature", "properties": { "wmUplineSo": "HILL CITY", "wmType": "Underground" }, "geometry": { "type": "LineString", "coordinates": [ [ -93.618692177802998, 47.0149996138394 ], [ -93.6190302622893, 47.015396528874497 ] ] } },
{ "type": "Feature", "properties": { "wmUplineSo": "HILL CITY", "wmType": "Underground" }, "geometry": { "type": "LineString", "coordinates": [ [ -93.616578385925493, 47.011061693704498 ], [ -93.616584605711097, 47.010768659888903 ], [ -93.616178870581393, 47.010728547851599 ], [ -93.616069577818607, 47.010601659352702 ] ] } },
{ "type": "Feature", "properties": { "wmUplineSo": "HILL CITY", "wmType": "Underground" }, "geometry": { "type": "LineString", "coordinates": [ [ -93.604250743001799, 47.019791894466898 ], [ -93.603531446239003, 47.019643785503 ] ] } },
{ "type": "Feature", "properties": { "wmUplineSo": "HILL CITY", "wmType": "Underground" }, "geometry": { "type": "LineString", "coordinates": [ [ -93.604178051698796, 47.0157514257956 ], [ -93.604319497761395, 47.016605684913003 ], [ -93.6036749360633, 47.016935643491799 ] ] } },
{ "type": "Feature", "properties": { "wmUplineSo": "HILL CITY", "wmType": "Underground" }, "geometry": { "type": "LineString", "coordinates": [ [ -93.6001070565231, 47.003077172649398 ], [ -93.600057256978701, 47.003349907282903 ], [ -93.598431277821106, 47.0036060335377 ] ] } },
{ "type": "Feature", "properties": { "wmUplineSo": "HILL CITY", "wmType": "Underground" }, "geometry": { "type": "LineString", "coordinates": [ [ -93.594135206554498, 46.994663739584801 ], [ -93.593170971780694, 46.994649930422099 ] ] } },
{ "type": "Feature", "properties": { "wmUplineSo": "HILL CITY", "wmType": "Underground" }, "geometry": { "type": "LineString", "coordinates": [ [ -93.592927114833003, 46.998202959940798 ], [ -93.593822482737494, 46.997953531477997 ] ] } },
{ "type": "Feature", "properties": { "wmUplineSo": "HILL CITY", "wmType": "Underground" }, "geometry": { "type": "LineString", "coordinates": [ [ -93.593822482737494, 46.997953531477997 ], [ -93.594591629835506, 46.998198543664401 ] ] } },
{ "type": "Feature", "properties": { "wmUplineSo": "HILL CITY", "wmType": "Underground" }, "geometry": { "type": "LineString", "coordinates": [ [ -93.595068867585994, 46.999664763948701 ], [ -93.595500441421507, 46.999444853358803 ] ] } },
{ "type": "Feature", "properties": { "wmUplineSo": "HILL CITY", "wmType": "Underground" }, "geometry": { "type": "LineString", "coordinates": [ [ -93.591782364798306, 46.996540813117697 ], [ -93.591783891168106, 46.995626157343303 ] ] } },
{ "type": "Feature", "properties": { "wmUplineSo": "HILL CITY", "wmType": "Underground" }, "geometry": { "type": "LineString", "coordinates": [ [ -93.591783891168106, 46.995626157343303 ], [ -93.591905410384697, 46.9951115806481 ], [ -93.591905410384697, 46.995111580648199 ] ] } },
{ "type": "Feature", "properties": { "wmUplineSo": "HILL CITY", "wmType": "Underground" }, "geometry": { "type": "LineString", "coordinates": [ [ -93.605035015572994, 46.976615258696398 ], [ -93.605306869175706, 46.976533283370401 ], [ -93.605307799739094, 46.976455343107503 ] ] } },
{ "type": "Feature", "properties": { "wmUplineSo": "HILL CITY", "wmType": "Underground" }, "geometry": { "type": "LineString", "coordinates": [ [ -93.605866907043307, 46.979040227219599 ], [ -93.606489655195404, 46.978891157253003 ] ] } },
{ "type": "Feature", "properties": { "wmUplineSo": "HILL CITY", "wmType": "Underground" }, "geometry": { "type": "LineString", "coordinates": [ [ -93.583424382551598, 46.9830167121141 ], [ -93.583752754811599, 46.982611970052602 ] ] } },
{ "type": "Feature", "properties": { "wmUplineSo": "HILL CITY", "wmType": "Underground" }, "geometry": { "type": "LineString", "coordinates": [ [ -93.5837684191291, 46.981816498592899 ], [ -93.583871048903205, 46.981499364402097 ] ] } },
{ "type": "Feature", "properties": { "wmUplineSo": "HILL CITY", "wmType": "Underground" }, "geometry": { "type": "LineString", "coordinates": [ [ -93.583752754811599, 46.982611970052602 ], [ -93.5837684191291, 46.981816498592899 ] ] } },
{ "type": "Feature", "properties": { "wmUplineSo": "HILL CITY", "wmType": "Underground" }, "geometry": { "type": "LineString", "coordinates": [ [ -93.582416244370904, 46.983211048849199 ], [ -93.583424382551598, 46.9830167121141 ] ] } },
{ "type": "Feature", "properties": { "wmUplineSo": "HILL CITY", "wmType": "Underground" }, "geometry": { "type": "LineString", "coordinates": [ [ -93.581643972805907, 46.989918464471302 ], [ -93.581908348582303, 46.990753739217602 ] ] } },
{ "type": "Feature", "properties": { "wmUplineSo": "HILL CITY", "wmType": "Underground" }, "geometry": { "type": "LineString", "coordinates": [ [ -93.5595995437601, 46.993293781560098 ], [ -93.558991584990807, 46.992725654736503 ] ] } },
{ "type": "Feature", "properties": { "wmUplineSo": "HILL CITY", "wmType": "Underground" }, "geometry": { "type": "LineString", "coordinates": [ [ -93.559675617839403, 46.9941209691507 ], [ -93.560213989655793, 46.994385957469603 ], [ -93.560093877402096, 46.995020209271999 ], [ -93.559918782020603, 46.9954324375448 ] ] } },
{ "type": "Feature", "properties": { "wmUplineSo": "HILL CITY", "wmType": "Underground" }, "geometry": { "type": "LineString", "coordinates": [ [ -93.568215617519002, 47.000959445381802 ], [ -93.567993804342095, 47.001231259041198 ] ] } },
{ "type": "Feature", "properties": { "wmUplineSo": "HILL CITY", "wmType": "Underground" }, "geometry": { "type": "LineString", "coordinates": [ [ -93.570922529325301, 47.002961415080598 ], [ -93.572147843089496, 47.003194581927403 ], [ -93.573529637631495, 47.003457508072501 ], [ -93.574420597929105, 47.003459756636403 ], [ -93.5751331731812, 47.0034615505038 ], [ -93.575606474012105, 47.003649859004902 ] ] } },
{ "type": "Feature", "properties": { "wmUplineSo": "HILL CITY", "wmType": "Underground" }, "geometry": { "type": "LineString", "coordinates": [ [ -93.5486253224134, 47.0018473888438 ], [ -93.548480281855305, 47.001082273236698 ], [ -93.548480281855305, 47.001082273236698 ] ] } },
{ "type": "Feature", "properties": { "wmUplineSo": "HILL CITY", "wmType": "Underground" }, "geometry": { "type": "LineString", "coordinates": [ [ -93.543640660003007, 46.996586264779403 ], [ -93.543571927222501, 46.996528094753003 ], [ -93.543575764487798, 46.996234813701399 ], [ -93.543579871918197, 46.995920880475303 ], [ -93.543703269639806, 46.995719214947698 ] ] } },
{ "type": "Feature", "properties": { "wmUplineSo": "HILL CITY", "wmType": "Underground" }, "geometry": { "type": "LineString", "coordinates": [ [ -93.519271585075003, 47.001258554122899 ], [ -93.519038668552795, 46.997986850050701 ], [ -93.517638846186998, 46.995640568728398 ], [ -93.5167350775112, 46.995371452459501 ], [ -93.5167350775112, 46.995371452459501 ] ] } },
{ "type": "Feature", "properties": { "wmUplineSo": "HILL CITY", "wmType": "Underground" }, "geometry": { "type": "LineString", "coordinates": [ [ -93.534250161688504, 47.001212860027501 ], [ -93.532256049142703, 47.001239147856403 ], [ -93.530425419299306, 47.001111804836697 ] ] } },
{ "type": "Feature", "properties": { "wmUplineSo": "HILL CITY", "wmType": "Underground" }, "geometry": { "type": "LineString", "coordinates": [ [ -93.530425419299306, 47.001111804836697 ], [ -93.525446098999595, 47.001336182538999 ], [ -93.522547560835093, 47.001299782090697 ] ] } },
{ "type": "Feature", "properties": { "wmUplineSo": "HILL CITY", "wmType": "Underground" }, "geometry": { "type": "LineString", "coordinates": [ [ -93.544800421672804, 47.001642174757599 ], [ -93.538835000032293, 47.001491003560901 ], [ -93.538826047050506, 47.001490460601602 ] ] } },
{ "type": "Feature", "properties": { "wmUplineSo": "HILL CITY", "wmType": "Underground" }, "geometry": { "type": "LineString", "coordinates": [ [ -93.534250161688504, 47.001212860027501 ], [ -93.534080465768994, 47.002246516296999 ] ] } },
{ "type": "Feature", "properties": { "wmUplineSo": "HILL CITY", "wmType": "Underground" }, "geometry": { "type": "LineString", "coordinates": [ [ -93.597187618514795, 46.9881335414142 ], [ -93.597996580597396, 46.988132890912397 ] ] } },
{ "type": "Feature", "properties": { "wmUplineSo": "HILL CITY", "wmType": "Underground" }, "geometry": { "type": "LineString", "coordinates": [ [ -93.597045298484801, 46.988109392773197 ], [ -93.597187618514795, 46.9881335414142 ] ] } },
{ "type": "Feature", "properties": { "wmUplineSo": "HILL CITY", "wmType": "Underground" }, "geometry": { "type": "LineString", "coordinates": [ [ -93.597054606045504, 46.986731379510402 ], [ -93.597013848072706, 46.986738864387 ] ] } },
{ "type": "Feature", "properties": { "wmUplineSo": "HILL CITY", "wmType": "Underground" }, "geometry": { "type": "LineString", "coordinates": [ [ -93.596500809829806, 46.986817238828301 ], [ -93.596121904943999, 46.986456790515298 ], [ -93.596124468466698, 46.985659021532399 ] ] } },
{ "type": "Feature", "properties": { "wmUplineSo": "HILL CITY", "wmType": "Underground" }, "geometry": { "type": "LineString", "coordinates": [ [ -93.596124468466698, 46.985659021532399 ], [ -93.5962847710435, 46.985658511373501 ] ] } },
{ "type": "Feature", "properties": { "wmUplineSo": "HILL CITY", "wmType": "Underground" }, "geometry": { "type": "LineString", "coordinates": [ [ -93.596124468466698, 46.985659021532399 ], [ -93.595554814509299, 46.985207365761397 ] ] } },
{ "type": "Feature", "properties": { "wmUplineSo": "HILL CITY", "wmType": "Underground" }, "geometry": { "type": "LineString", "coordinates": [ [ -93.596500809829806, 46.986817238828301 ], [ -93.595927935925502, 46.9869604630358 ] ] } },
{ "type": "Feature", "properties": { "wmUplineSo": "HILL CITY", "wmType": "Underground" }, "geometry": { "type": "LineString", "coordinates": [ [ -93.595927935925502, 46.9869604630358 ], [ -93.593405994986597, 46.987456135334199 ] ] } },
{ "type": "Feature", "properties": { "wmUplineSo": "HILL CITY", "wmType": "Underground" }, "geometry": { "type": "LineString", "coordinates": [ [ -93.593605587815603, 46.986627018737003 ], [ -93.5946239604515, 46.986208090698902 ], [ -93.594643114384098, 46.985754264642402 ] ] } },
{ "type": "Feature", "properties": { "wmUplineSo": "HILL CITY", "wmType": "Underground" }, "geometry": { "type": "LineString", "coordinates": [ [ -93.593405994986597, 46.987456135334199 ], [ -93.591794908751694, 46.987622542356199 ], [ -93.5887788697123, 46.987383047717003 ], [ -93.5881363434587, 46.987306091373398 ], [ -93.587388448392801, 46.987321835090803 ], [ -93.585845248766503, 46.987472597513602 ] ] } },
{ "type": "Feature", "properties": { "wmUplineSo": "HILL CITY", "wmType": "Underground" }, "geometry": { "type": "LineString", "coordinates": [ [ -93.593405994986597, 46.987456135334199 ], [ -93.593605587815603, 46.986627018737003 ] ] } },
{ "type": "Feature", "properties": { "wmUplineSo": "HILL CITY", "wmType": "Underground" }, "geometry": { "type": "LineString", "coordinates": [ [ -93.593405994986597, 46.987456135334199 ], [ -93.593439345353204, 46.988116858146398 ] ] } },
{ "type": "Feature", "properties": { "wmUplineSo": "HILL CITY", "wmType": "Underground" }, "geometry": { "type": "LineString", "coordinates": [ [ -93.597172048958399, 46.995627764764599 ], [ -93.597577202766999, 46.995555379350002 ] ] } },
{ "type": "Feature", "properties": { "wmUplineSo": "HILL CITY", "wmType": "Underground" }, "geometry": { "type": "LineString", "coordinates": [ [ -93.542298584655697, 46.997946230169603 ], [ -93.542261148434605, 46.997664045456297 ], [ -93.542076317844703, 46.997597339439999 ], [ -93.541934275977994, 46.997465320418598 ] ] } },
{ "type": "Feature", "properties": { "wmUplineSo": "HILL CITY", "wmType": "Underground" }, "geometry": { "type": "LineString", "coordinates": [ [ -93.557087111838001, 47.029326335601603 ], [ -93.557001920510004, 47.029916739737601 ] ] } },
{ "type": "Feature", "properties": { "wmUplineSo": "HILL CITY", "wmType": "Underground" }, "geometry": { "type": "LineString", "coordinates": [ [ -93.593039406310496, 47.012184594461402 ], [ -93.589809756887007, 47.011944937981802 ] ] } },
{ "type": "Feature", "properties": { "wmUplineSo": "HILL CITY", "wmType": "Underground" }, "geometry": { "type": "LineString", "coordinates": [ [ -93.593126, 47.011792 ], [ -93.593208705269404, 47.011522338625099 ] ] } },
{ "type": "Feature", "properties": { "wmUplineSo": "HILL CITY", "wmType": "Underground" }, "geometry": { "type": "LineString", "coordinates": [ [ -93.5972541750929, 46.992720383172397 ], [ -93.597868564337602, 46.9927377598259 ] ] } },
{ "type": "Feature", "properties": { "wmUplineSo": "HILL CITY", "wmType": "Underground" }, "geometry": { "type": "LineString", "coordinates": [ [ -93.591484155790994, 47.033761682045601 ], [ -93.590948810240604, 47.035490598527097 ], [ -93.590876789185302, 47.035538735575003 ], [ -93.590706180963295, 47.0356627035424 ], [ -93.590626179582799, 47.035718230120501 ], [ -93.590338497400893, 47.035947517773501 ], [ -93.590290617659704, 47.035991855735602 ], [ -93.590209048405001, 47.036089958909102 ], [ -93.590214000035601, 47.036107003570201 ], [ -93.590214000035601, 47.036107003570201 ] ] } },
{ "type": "Feature", "properties": { "wmUplineSo": "HILL CITY", "wmType": "Underground" }, "geometry": { "type": "LineString", "coordinates": [ [ -93.590214000035601, 47.036107003570201 ], [ -93.590180000035502, 47.035927003570201 ] ] } },
{ "type": "Feature", "properties": { "wmUplineSo": "HILL CITY", "wmType": "Underground" }, "geometry": { "type": "LineString", "coordinates": [ [ -93.669355667824206, 47.029183399361798 ], [ -93.669212747, 47.028943827200401 ] ] } },
{ "type": "Feature", "properties": { "wmUplineSo": "HILL CITY", "wmType": "Underground" }, "geometry": { "type": "LineString", "coordinates": [ [ -93.669212747, 47.028943827200401 ], [ -93.669024836414195, 47.028470899703599 ] ] } },
{ "type": "Feature", "properties": { "wmUplineSo": "HILL CITY", "wmType": "Underground" }, "geometry": { "type": "LineString", "coordinates": [ [ -93.669024836414195, 47.028470899703599 ], [ -93.668877229762998, 47.027976706394298 ] ] } },
{ "type": "Feature", "properties": { "wmUplineSo": "HILL CITY", "wmType": "Underground" }, "geometry": { "type": "LineString", "coordinates": [ [ -93.668877229762998, 47.027976706394298 ], [ -93.668357526407803, 47.027384503879297 ] ] } },
{ "type": "Feature", "properties": { "wmUplineSo": "HILL CITY", "wmType": "Underground" }, "geometry": { "type": "LineString", "coordinates": [ [ -93.668357526407803, 47.027384503879297 ], [ -93.667881073576893, 47.026999704768798 ] ] } },
{ "type": "Feature", "properties": { "wmUplineSo": "HILL CITY", "wmType": "Underground" }, "geometry": { "type": "LineString", "coordinates": [ [ -93.5944150873285, 46.999194206818402 ], [ -93.594468841932496, 46.9992367632574 ] ] } },
{ "type": "Feature", "properties": { "wmUplineSo": "HILL CITY", "wmType": "Underground" }, "geometry": { "type": "LineString", "coordinates": [ [ -93.594468841932496, 46.9992367632574 ], [ -93.594432653593699, 46.999293158824997 ] ] } },
{ "type": "Feature", "properties": { "wmUplineSo": "HILL CITY", "wmType": "Underground" }, "geometry": { "type": "LineString", "coordinates": [ [ -93.600346292787094, 46.991377957634299 ], [ -93.600589105203795, 46.9912413772363 ] ] } },
{ "type": "Feature", "properties": { "wmUplineSo": "HILL CITY", "wmType": "Underground" }, "geometry": { "type": "LineString", "coordinates": [ [ -93.600589105203795, 46.9912413772363 ], [ -93.600890190931594, 46.991562172214302 ] ] } },
{ "type": "Feature", "properties": { "wmUplineSo": "HILL CITY", "wmType": "Underground" }, "geometry": { "type": "LineString", "coordinates": [ [ -93.600890190931594, 46.991562172214302 ], [ -93.600942727359893, 46.9916205629168 ] ] } },
{ "type": "Feature", "properties": { "wmUplineSo": "HILL CITY", "wmType": "Underground" }, "geometry": { "type": "LineString", "coordinates": [ [ -93.594090000035607, 46.996162003559398 ], [ -93.593790000035597, 46.996193003559398 ] ] } },
{ "type": "Feature", "properties": { "wmUplineSo": "HILL CITY", "wmType": "Underground" }, "geometry": { "type": "LineString", "coordinates": [ [ -93.593790000035597, 46.996193003559398 ], [ -93.593524400000106, 46.996186100008799 ] ] } },
{ "type": "Feature", "properties": { "wmUplineSo": "HILL CITY", "wmType": "Underground" }, "geometry": { "type": "LineString", "coordinates": [ [ -93.605046000036495, 47.039718003571302 ], [ -93.605206000036503, 47.0397190035713 ] ] } },
{ "type": "Feature", "properties": { "wmUplineSo": "HILL CITY", "wmType": "Underground" }, "geometry": { "type": "LineString", "coordinates": [ [ -93.605206000036503, 47.0397190035713 ], [ -93.605292000036499, 47.039772003571301 ] ] } },
{ "type": "Feature", "properties": { "wmUplineSo": "HILL CITY", "wmType": "Underground" }, "geometry": { "type": "LineString", "coordinates": [ [ -93.605292000036499, 47.039772003571301 ], [ -93.605276300000099, 47.039805400008802 ] ] } },
{ "type": "Feature", "properties": { "wmUplineSo": "HILL CITY", "wmType": "Underground" }, "geometry": { "type": "LineString", "coordinates": [ [ -93.605046000036495, 47.039718003571302 ], [ -93.605012018926899, 47.039840925672699 ] ] } },
{ "type": "Feature", "properties": { "wmUplineSo": "HILL CITY", "wmType": "Underground" }, "geometry": { "type": "LineString", "coordinates": [ [ -93.5857673374787, 46.990115134982602 ], [ -93.585761900000094, 46.990194100008701 ] ] } },
{ "type": "Feature", "properties": { "wmUplineSo": "HILL CITY", "wmType": "Underground" }, "geometry": { "type": "LineString", "coordinates": [ [ -93.592066878246001, 47.0666835406956 ], [ -93.592257659749905, 47.066596995141403 ] ] } },
{ "type": "Feature", "properties": { "wmUplineSo": "HILL CITY", "wmType": "Underground" }, "geometry": { "type": "LineString", "coordinates": [ [ -93.593161898000901, 46.989613015552301 ], [ -93.593141500000101, 46.989604800008699 ] ] } },
{ "type": "Feature", "properties": { "wmUplineSo": "HILL CITY", "wmType": "Underground" }, "geometry": { "type": "LineString", "coordinates": [ [ -93.593118783654305, 46.989547039768503 ], [ -93.593161898000901, 46.989613015552301 ] ] } },
{ "type": "Feature", "properties": { "wmUplineSo": "HILL CITY", "wmType": "Underground" }, "geometry": { "type": "LineString", "coordinates": [ [ -93.593273975015293, 46.9893816558371 ], [ -93.593118783654305, 46.989547039768503 ] ] } },
{ "type": "Feature", "properties": { "wmUplineSo": "HILL CITY", "wmType": "Underground" }, "geometry": { "type": "LineString", "coordinates": [ [ -93.593601776335504, 46.989212552604499 ], [ -93.593273975015293, 46.9893816558371 ] ] } },
{ "type": "Feature", "properties": { "wmUplineSo": "HILL CITY", "wmType": "Underground" }, "geometry": { "type": "LineString", "coordinates": [ [ -93.594096512954593, 46.989166448647801 ], [ -93.593601776335504, 46.989212552604499 ] ] } },
{ "type": "Feature", "properties": { "wmUplineSo": "HILL CITY", "wmType": "Underground" }, "geometry": { "type": "LineString", "coordinates": [ [ -93.594719246584106, 46.989161066957202 ], [ -93.594096512954593, 46.989166448647801 ] ] } },
{ "type": "Feature", "properties": { "wmUplineSo": "HILL CITY", "wmType": "Underground" }, "geometry": { "type": "LineString", "coordinates": [ [ -93.594764996695403, 46.9891255706629 ], [ -93.594719246584106, 46.989161066957202 ] ] } },
{ "type": "Feature", "properties": { "wmUplineSo": "HILL CITY", "wmType": "Underground" }, "geometry": { "type": "LineString", "coordinates": [ [ -93.594985701173997, 46.989142411471299 ], [ -93.594764996695403, 46.9891255706629 ] ] } },
{ "type": "Feature", "properties": { "wmUplineSo": "HILL CITY", "wmType": "Underground" }, "geometry": { "type": "LineString", "coordinates": [ [ -93.595457265464802, 46.989146033193798 ], [ -93.594985701173997, 46.989142411471299 ] ] } },
{ "type": "Feature", "properties": { "wmUplineSo": "HILL CITY", "wmType": "Underground" }, "geometry": { "type": "LineString", "coordinates": [ [ -93.595497840546699, 46.989101404418903 ], [ -93.595457265464802, 46.989146033193798 ] ] } },
{ "type": "Feature", "properties": { "wmUplineSo": "HILL CITY", "wmType": "Underground" }, "geometry": { "type": "LineString", "coordinates": [ [ -93.595497840546699, 46.989101404418903 ], [ -93.595274800000098, 46.989321100008702 ] ] } },
{ "type": "Feature", "properties": { "wmUplineSo": "HILL CITY", "wmType": "Underground" }, "geometry": { "type": "LineString", "coordinates": [ [ -93.595497840546699, 46.989101404418903 ], [ -93.595473, 46.989085400008697 ] ] } },
{ "type": "Feature", "properties": { "wmUplineSo": "HILL CITY", "wmType": "Underground" }, "geometry": { "type": "LineString", "coordinates": [ [ -93.654458186721996, 47.040056246036102 ], [ -93.6543731000001, 47.0400083000088 ] ] } },
{ "type": "Feature", "properties": { "wmUplineSo": "HILL CITY", "wmType": "Underground" }, "geometry": { "type": "LineString", "coordinates": [ [ -93.559264228070305, 47.029342023213303 ], [ -93.559291000000101, 47.029174600008801 ] ] } },
{ "type": "Feature", "properties": { "wmUplineSo": "HILL CITY", "wmType": "Underground" }, "geometry": { "type": "LineString", "coordinates": [ [ -93.654458186721996, 47.040056246036102 ], [ -93.654552018618304, 47.036877655776102 ], [ -93.655268358923706, 47.0369589507618 ], [ -93.655932449959707, 47.036659946086097 ], [ -93.656382179482094, 47.0370583581715 ], [ -93.657296300450895, 47.037189072251699 ] ] } },
{ "type": "Feature", "properties": { "wmUplineSo": "HILL CITY", "wmType": "Underground" }, "geometry": { "type": "LineString", "coordinates": [ [ -93.583923500000097, 46.981473500008697 ], [ -93.584083600000099, 46.981312300008703 ] ] } },
{ "type": "Feature", "properties": { "wmUplineSo": "HILL CITY", "wmType": "Underground" }, "geometry": { "type": "LineString", "coordinates": [ [ -93.590577300000106, 46.996601600008802 ], [ -93.590623800000103, 46.996620000008797 ] ] } },
{ "type": "Feature", "properties": { "wmUplineSo": "HILL CITY", "wmType": "Underground" }, "geometry": { "type": "LineString", "coordinates": [ [ -93.594412885242605, 46.999191764945898 ], [ -93.594786302831807, 46.998946216125198 ] ] } },
{ "type": "Feature", "properties": { "wmUplineSo": "HILL CITY", "wmType": "Underground" }, "geometry": { "type": "LineString", "coordinates": [ [ -93.576334058166097, 46.997048559014097 ], [ -93.576369994346905, 46.997092787790997 ] ] } },
{ "type": "Feature", "properties": { "wmUplineSo": "HILL CITY", "wmType": "Underground" }, "geometry": { "type": "LineString", "coordinates": [ [ -93.600106419706705, 47.029395554096098 ], [ -93.600178111173904, 47.028720497091903 ] ] } },
{ "type": "Feature", "properties": { "wmUplineSo": "HILL CITY", "wmType": "Underground" }, "geometry": { "type": "LineString", "coordinates": [ [ -93.600178111173904, 47.028720497091903 ], [ -93.600173280615394, 47.028230560489099 ] ] } },
{ "type": "Feature", "properties": { "wmUplineSo": "HILL CITY", "wmType": "Underground" }, "geometry": { "type": "LineString", "coordinates": [ [ -93.600173280615394, 47.028230560489099 ], [ -93.600373721364804, 47.027765878095998 ] ] } },
{ "type": "Feature", "properties": { "wmUplineSo": "HILL CITY", "wmType": "Underground" }, "geometry": { "type": "LineString", "coordinates": [ [ -93.600373721364804, 47.027765878095998 ], [ -93.600531, 47.027656999999898 ] ] } },
{ "type": "Feature", "properties": { "wmUplineSo": "HILL CITY", "wmType": "Underground" }, "geometry": { "type": "LineString", "coordinates": [ [ -93.600531, 47.027656999999898 ], [ -93.600633, 47.027587000000104 ] ] } },
{ "type": "Feature", "properties": { "wmUplineSo": "HILL CITY", "wmType": "Underground" }, "geometry": { "type": "LineString", "coordinates": [ [ -93.600633, 47.027587000000104 ], [ -93.600564, 47.027663000000103 ] ] } },
{ "type": "Feature", "properties": { "wmUplineSo": "HILL CITY", "wmType": "Underground" }, "geometry": { "type": "LineString", "coordinates": [ [ -93.591469064910399, 47.021738166488603 ], [ -93.591399162645303, 47.021822922127797 ] ] } },
{ "type": "Feature", "properties": { "wmUplineSo": "HILL CITY", "wmType": "Underground" }, "geometry": { "type": "LineString", "coordinates": [ [ -93.591399162645303, 47.021822922127797 ], [ -93.590815546205704, 47.022061476244701 ] ] } },
{ "type": "Feature", "properties": { "wmUplineSo": "HILL CITY", "wmType": "Underground" }, "geometry": { "type": "LineString", "coordinates": [ [ -93.590815546205704, 47.022061476244701 ], [ -93.590542069515095, 47.0220783225326 ] ] } },
{ "type": "Feature", "properties": { "wmUplineSo": "HILL CITY", "wmType": "Underground" }, "geometry": { "type": "LineString", "coordinates": [ [ -93.590542069515095, 47.0220783225326 ], [ -93.590135708216593, 47.022028731540601 ] ] } },
{ "type": "Feature", "properties": { "wmUplineSo": "HILL CITY", "wmType": "Underground" }, "geometry": { "type": "LineString", "coordinates": [ [ -93.590135708216593, 47.022028731540601 ], [ -93.589728097886805, 47.021842254828002 ] ] } },
{ "type": "Feature", "properties": { "wmUplineSo": "HILL CITY", "wmType": "Underground" }, "geometry": { "type": "LineString", "coordinates": [ [ -93.589728097886805, 47.021842254828002 ], [ -93.589629145500297, 47.021762603936097 ] ] } },
{ "type": "Feature", "properties": { "wmUplineSo": "HILL CITY", "wmType": "Underground" }, "geometry": { "type": "LineString", "coordinates": [ [ -93.589629145500297, 47.021762603936097 ], [ -93.589573382606105, 47.021706644533097 ] ] } },
{ "type": "Feature", "properties": { "wmUplineSo": "HILL CITY", "wmType": "Underground" }, "geometry": { "type": "LineString", "coordinates": [ [ -93.589573382606105, 47.021706644533097 ], [ -93.589368954164499, 47.021527173114102 ] ] } },
{ "type": "Feature", "properties": { "wmUplineSo": "HILL CITY", "wmType": "Underground" }, "geometry": { "type": "LineString", "coordinates": [ [ -93.589368954164499, 47.021527173114102 ], [ -93.588994367201707, 47.021433186964799 ] ] } },
{ "type": "Feature", "properties": { "wmUplineSo": "HILL CITY", "wmType": "Underground" }, "geometry": { "type": "LineString", "coordinates": [ [ -93.588994367201707, 47.021433186964799 ], [ -93.588445569792796, 47.021196127894498 ] ] } },
{ "type": "Feature", "properties": { "wmUplineSo": "HILL CITY", "wmType": "Underground" }, "geometry": { "type": "LineString", "coordinates": [ [ -93.588445569792796, 47.021196127894498 ], [ -93.588306838518903, 47.021019578057199 ] ] } },
{ "type": "Feature", "properties": { "wmUplineSo": "HILL CITY", "wmType": "Underground" }, "geometry": { "type": "LineString", "coordinates": [ [ -93.588306838518903, 47.021019578057199 ], [ -93.588268310731905, 47.020848652730798 ] ] } },
{ "type": "Feature", "properties": { "wmUplineSo": "HILL CITY", "wmType": "Underground" }, "geometry": { "type": "LineString", "coordinates": [ [ -93.588268310731905, 47.020848652730798 ], [ -93.588154740094694, 47.020708573208303 ] ] } },
{ "type": "Feature", "properties": { "wmUplineSo": "HILL CITY", "wmType": "Underground" }, "geometry": { "type": "LineString", "coordinates": [ [ -93.588154740094694, 47.020708573208303 ], [ -93.587957344476195, 47.020381263620401 ] ] } },
{ "type": "Feature", "properties": { "wmUplineSo": "HILL CITY", "wmType": "Underground" }, "geometry": { "type": "LineString", "coordinates": [ [ -93.587957344476195, 47.020381263620401 ], [ -93.587824412390503, 47.020261208314302 ] ] } },
{ "type": "Feature", "properties": { "wmUplineSo": "HILL CITY", "wmType": "Underground" }, "geometry": { "type": "LineString", "coordinates": [ [ -93.587824412390503, 47.020261208314302 ], [ -93.587655191307206, 47.020223601405696 ] ] } },
{ "type": "Feature", "properties": { "wmUplineSo": "HILL CITY", "wmType": "Underground" }, "geometry": { "type": "LineString", "coordinates": [ [ -93.587655191307206, 47.020223601405696 ], [ -93.587375000057094, 47.020221706184401 ] ] } },
{ "type": "Feature", "properties": { "wmUplineSo": "HILL CITY", "wmType": "Underground" }, "geometry": { "type": "LineString", "coordinates": [ [ -93.587375000057094, 47.020221706184401 ], [ -93.587367000001393, 47.020164832535301 ] ] } },
{ "type": "Feature", "properties": { "wmUplineSo": "HILL CITY", "wmType": "Underground" }, "geometry": { "type": "LineString", "coordinates": [ [ -93.587367000001393, 47.020164832535301 ], [ -93.587113400000106, 47.020176800008798 ] ] } },
{ "type": "Feature", "properties": { "wmUplineSo": "HILL CITY", "wmType": "Underground" }, "geometry": { "type": "LineString", "coordinates": [ [ -93.584855809508696, 46.990820624699403 ], [ -93.585213453383801, 46.990720737616599 ], [ -93.585323113747705, 46.990618788014999 ], [ -93.585323965887099, 46.990609933848702 ], [ -93.585323965887099, 46.990609933848702 ] ] } },
{ "type": "Feature", "properties": { "wmUplineSo": "HILL CITY", "wmType": "Underground" }, "geometry": { "type": "LineString", "coordinates": [ [ -93.585323965887099, 46.990609933848702 ], [ -93.585525115514898, 46.990591750994803 ] ] } },
{ "type": "Feature", "properties": { "wmUplineSo": "HILL CITY", "wmType": "Underground" }, "geometry": { "type": "LineString", "coordinates": [ [ -93.585525115514898, 46.990591750994803 ], [ -93.585700453461101, 46.990700998284197 ] ] } },
{ "type": "Feature", "properties": { "wmUplineSo": "HILL CITY", "wmType": "Underground" }, "geometry": { "type": "LineString", "coordinates": [ [ -93.585525115514898, 46.990591750994803 ], [ -93.5857673374787, 46.990115134982602 ] ] } },
{ "type": "Feature", "properties": { "wmUplineSo": "HILL CITY", "wmType": "Underground" }, "geometry": { "type": "LineString", "coordinates": [ [ -93.5857673374787, 46.990115134982602 ], [ -93.586043803008494, 46.989641191105299 ] ] } },
{ "type": "Feature", "properties": { "wmUplineSo": "HILL CITY", "wmType": "Underground" }, "geometry": { "type": "LineString", "coordinates": [ [ -93.586043803008494, 46.989641191105299 ], [ -93.586079335607195, 46.989818466162703 ] ] } },
{ "type": "Feature", "properties": { "wmUplineSo": "HILL CITY", "wmType": "Underground" }, "geometry": { "type": "LineString", "coordinates": [ [ -93.586043803008494, 46.989641191105299 ], [ -93.586053300000103, 46.989474400008703 ] ] } },
{ "type": "Feature", "properties": { "wmUplineSo": "HILL CITY", "wmType": "Underground" }, "geometry": { "type": "LineString", "coordinates": [ [ -93.586043803008494, 46.989641191105299 ], [ -93.586258089456905, 46.989286797403999 ] ] } },
{ "type": "Feature", "properties": { "wmUplineSo": "HILL CITY", "wmType": "Underground" }, "geometry": { "type": "LineString", "coordinates": [ [ -93.601414, 47.027877 ], [ -93.6014519000001, 47.027809300008798 ] ] } },
{ "type": "Feature", "properties": { "wmUplineSo": "HILL CITY", "wmType": "Underground" }, "geometry": { "type": "LineString", "coordinates": [ [ -93.586523371692294, 46.988858248324 ], [ -93.586534388078903, 46.988844660981201 ], [ -93.5866627186101, 46.988627863535797 ], [ -93.586809020100603, 46.988659907530703 ], [ -93.586791900000094, 46.988669300008702 ] ] } },
{ "type": "Feature", "properties": { "wmUplineSo": "HILL CITY", "wmType": "Underground" }, "geometry": { "type": "LineString", "coordinates": [ [ -93.586523371692294, 46.988858248324 ], [ -93.586563690452394, 46.988864759006901 ] ] } },
{ "type": "Feature", "properties": { "wmUplineSo": "HILL CITY", "wmType": "Underground" }, "geometry": { "type": "LineString", "coordinates": [ [ -93.607535000036606, 47.020932003566301 ], [ -93.607448000036598, 47.020875003566097 ] ] } },
{ "type": "Feature", "properties": { "wmUplineSo": "HILL CITY", "wmType": "Underground" }, "geometry": { "type": "LineString", "coordinates": [ [ -93.607448000036598, 47.020875003566097 ], [ -93.6072450000365, 47.020828003566102 ] ] } },
{ "type": "Feature", "properties": { "wmUplineSo": "HILL CITY", "wmType": "Underground" }, "geometry": { "type": "LineString", "coordinates": [ [ -93.6072450000365, 47.020828003566102 ], [ -93.6070140000365, 47.020795003566199 ] ] } },
{ "type": "Feature", "properties": { "wmUplineSo": "HILL CITY", "wmType": "Underground" }, "geometry": { "type": "LineString", "coordinates": [ [ -93.6070140000365, 47.020795003566199 ], [ -93.607023441880202, 47.020728624099199 ] ] } },
{ "type": "Feature", "properties": { "wmUplineSo": "HILL CITY", "wmType": "Underground" }, "geometry": { "type": "LineString", "coordinates": [ [ -93.602502274128994, 46.988543460053897 ], [ -93.602430800000107, 46.988577800008699 ] ] } },
{ "type": "Feature", "properties": { "wmUplineSo": "HILL CITY", "wmType": "Underground" }, "geometry": { "type": "LineString", "coordinates": [ [ -93.602775994037898, 46.988719018650798 ], [ -93.602502274128994, 46.988543460053897 ] ] } },
{ "type": "Feature", "properties": { "wmUplineSo": "HILL CITY", "wmType": "Underground" }, "geometry": { "type": "LineString", "coordinates": [ [ -93.660622867278093, 47.029172812068801 ], [ -93.660720000039802, 47.029051003568398 ] ] } },
{ "type": "Feature", "properties": { "wmUplineSo": "HILL CITY", "wmType": "Underground" }, "geometry": { "type": "LineString", "coordinates": [ [ -93.660720000039802, 47.029051003568398 ], [ -93.660755000039799, 47.028954003568401 ] ] } },
{ "type": "Feature", "properties": { "wmUplineSo": "HILL CITY", "wmType": "Underground" }, "geometry": { "type": "LineString", "coordinates": [ [ -93.583083000034904, 46.9908230035579 ], [ -93.582956000034898, 46.990919003558098 ] ] } },
{ "type": "Feature", "properties": { "wmUplineSo": "HILL CITY", "wmType": "Underground" }, "geometry": { "type": "LineString", "coordinates": [ [ -93.582956000034898, 46.990919003558098 ], [ -93.582706000034904, 46.990930003558098 ] ] } },
{ "type": "Feature", "properties": { "wmUplineSo": "HILL CITY", "wmType": "Underground" }, "geometry": { "type": "LineString", "coordinates": [ [ -93.598794368508607, 47.004522248859701 ], [ -93.598733800000105, 47.004513100008801 ] ] } },
{ "type": "Feature", "properties": { "wmUplineSo": "HILL CITY", "wmType": "Underground" }, "geometry": { "type": "LineString", "coordinates": [ [ -93.578816170143398, 47.043927724149199 ], [ -93.578821100000098, 47.043935800008803 ] ] } },
{ "type": "Feature", "properties": { "wmUplineSo": "HILL CITY", "wmType": "Underground" }, "geometry": { "type": "LineString", "coordinates": [ [ -93.600564, 47.027663000000103 ], [ -93.600564, 47.0277430000001 ] ] } },
{ "type": "Feature", "properties": { "wmUplineSo": "HILL CITY", "wmType": "Underground" }, "geometry": { "type": "LineString", "coordinates": [ [ -93.604129196799093, 47.009102194497103 ], [ -93.602369000036205, 47.009293003562902 ] ] } },
{ "type": "Feature", "properties": { "wmUplineSo": "HILL CITY", "wmType": "Underground" }, "geometry": { "type": "LineString", "coordinates": [ [ -93.599969481724997, 47.036639669684803 ], [ -93.600269, 47.036486 ] ] } },
{ "type": "Feature", "properties": { "wmUplineSo": "HILL CITY", "wmType": "Underground" }, "geometry": { "type": "LineString", "coordinates": [ [ -93.583749615153707, 46.9908698515639 ], [ -93.583555000035005, 46.990847003557903 ] ] } },
{ "type": "Feature", "properties": { "wmUplineSo": "HILL CITY", "wmType": "Underground" }, "geometry": { "type": "LineString", "coordinates": [ [ -93.593596619090405, 47.024732688857199 ], [ -93.594130745512999, 47.024616959665401 ] ] } },
{ "type": "Feature", "properties": { "wmUplineSo": "HILL CITY", "wmType": "Underground" }, "geometry": { "type": "LineString", "coordinates": [ [ -93.571869280190398, 46.983253383974201 ], [ -93.571911386863505, 46.982547105480897 ] ] } },
{ "type": "Feature", "properties": { "wmUplineSo": "HILL CITY", "wmType": "Underground" }, "geometry": { "type": "LineString", "coordinates": [ [ -93.594662337115295, 47.024714993173099 ], [ -93.595580670300805, 47.024412324010001 ] ] } },
{ "type": "Feature", "properties": { "wmUplineSo": "HILL CITY", "wmType": "Underground" }, "geometry": { "type": "LineString", "coordinates": [ [ -93.594130745512999, 47.024616959665401 ], [ -93.594475048574594, 47.0246603774604 ] ] } },
{ "type": "Feature", "properties": { "wmUplineSo": "HILL CITY", "wmType": "Underground" }, "geometry": { "type": "LineString", "coordinates": [ [ -93.571882289440495, 46.981129741062198 ], [ -93.570967771473505, 46.980646305098901 ] ] } },
{ "type": "Feature", "properties": { "wmUplineSo": "HILL CITY", "wmType": "Underground" }, "geometry": { "type": "LineString", "coordinates": [ [ -93.571911386863505, 46.982547105480897 ], [ -93.571882289440495, 46.981129741062198 ] ] } },
{ "type": "Feature", "properties": { "wmUplineSo": "HILL CITY", "wmType": "Underground" }, "geometry": { "type": "LineString", "coordinates": [ [ -93.572054320309604, 46.985469321931198 ], [ -93.571869280190398, 46.983253383974201 ] ] } },
{ "type": "Feature", "properties": { "wmUplineSo": "HILL CITY", "wmType": "Underground" }, "geometry": { "type": "LineString", "coordinates": [ [ -93.600269, 47.036486 ], [ -93.600364824606402, 47.036326292468402 ] ] } },
{ "type": "Feature", "properties": { "wmUplineSo": "HILL CITY", "wmType": "Underground" }, "geometry": { "type": "LineString", "coordinates": [ [ -93.594475048574594, 47.0246603774604 ], [ -93.594662337115295, 47.024714993173099 ] ] } },
{ "type": "Feature", "properties": { "wmUplineSo": "HILL CITY", "wmType": "Underground" }, "geometry": { "type": "LineString", "coordinates": [ [ -93.538826047050506, 47.001490460601602 ], [ -93.538806000032295, 47.001260003560802 ] ] } },
{ "type": "Feature", "properties": { "wmUplineSo": "HILL CITY", "wmType": "Underground" }, "geometry": { "type": "LineString", "coordinates": [ [ -93.538806000032295, 47.001260003560802 ], [ -93.538747000032302, 47.000753003560703 ] ] } },
{ "type": "Feature", "properties": { "wmUplineSo": "HILL CITY", "wmType": "Underground" }, "geometry": { "type": "LineString", "coordinates": [ [ -93.538747000032302, 47.000753003560703 ], [ -93.538698000032298, 47.000398003560797 ] ] } },
{ "type": "Feature", "properties": { "wmUplineSo": "HILL CITY", "wmType": "Underground" }, "geometry": { "type": "LineString", "coordinates": [ [ -93.538698000032298, 47.000398003560797 ], [ -93.538645000032304, 47.000042003560601 ] ] } },
{ "type": "Feature", "properties": { "wmUplineSo": "HILL CITY", "wmType": "Underground" }, "geometry": { "type": "LineString", "coordinates": [ [ -93.538645000032304, 47.000042003560601 ], [ -93.538552000032297, 46.999733003560401 ] ] } },
{ "type": "Feature", "properties": { "wmUplineSo": "HILL CITY", "wmType": "Underground" }, "geometry": { "type": "LineString", "coordinates": [ [ -93.538552000032297, 46.999733003560401 ], [ -93.538284000032306, 46.999127003560197 ] ] } },
{ "type": "Feature", "properties": { "wmUplineSo": "HILL CITY", "wmType": "Underground" }, "geometry": { "type": "LineString", "coordinates": [ [ -93.538284000032306, 46.999127003560197 ], [ -93.538006000032198, 46.998645003560199 ] ] } },
{ "type": "Feature", "properties": { "wmUplineSo": "HILL CITY", "wmType": "Underground" }, "geometry": { "type": "LineString", "coordinates": [ [ -93.538006000032198, 46.998645003560199 ], [ -93.537865000032298, 46.998198003559999 ] ] } },
{ "type": "Feature", "properties": { "wmUplineSo": "HILL CITY", "wmType": "Underground" }, "geometry": { "type": "LineString", "coordinates": [ [ -93.537865000032298, 46.998198003559999 ], [ -93.538023000032297, 46.998129003560102 ] ] } },
{ "type": "Feature", "properties": { "wmUplineSo": "HILL CITY", "wmType": "Underground" }, "geometry": { "type": "LineString", "coordinates": [ [ -93.538023000032297, 46.998129003560102 ], [ -93.538074000032296, 46.998047003560004 ] ] } },
{ "type": "Feature", "properties": { "wmUplineSo": "HILL CITY", "wmType": "Underground" }, "geometry": { "type": "LineString", "coordinates": [ [ -93.538074000032296, 46.998047003560004 ], [ -93.5381850000323, 46.997996003559898 ] ] } },
{ "type": "Feature", "properties": { "wmUplineSo": "HILL CITY", "wmType": "Underground" }, "geometry": { "type": "LineString", "coordinates": [ [ -93.5381850000323, 46.997996003559898 ], [ -93.538187, 46.998004500008797 ] ] } },
{ "type": "Feature", "properties": { "wmUplineSo": "HILL CITY", "wmType": "Underground" }, "geometry": { "type": "LineString", "coordinates": [ [ -93.538826047050506, 47.001490460601602 ], [ -93.534250161688504, 47.001212860027501 ] ] } },
{ "type": "Feature", "properties": { "wmUplineSo": "HILL CITY", "wmType": "Underground" }, "geometry": { "type": "LineString", "coordinates": [ [ -93.600392, 47.036281 ], [ -93.600444, 47.036064 ] ] } },
{ "type": "Feature", "properties": { "wmUplineSo": "HILL CITY", "wmType": "Underground" }, "geometry": { "type": "LineString", "coordinates": [ [ -93.593166415514403, 47.066548916738 ], [ -93.593308555121496, 47.066558478230903 ] ] } },
{ "type": "Feature", "properties": { "wmUplineSo": "HILL CITY", "wmType": "Underground" }, "geometry": { "type": "LineString", "coordinates": [ [ -93.600000984135605, 46.987147947972304 ], [ -93.600326653800806, 46.987133374438798 ] ] } },
{ "type": "Feature", "properties": { "wmUplineSo": "HILL CITY", "wmType": "Underground" }, "geometry": { "type": "LineString", "coordinates": [ [ -93.600326653800806, 46.987133374438798 ], [ -93.600477800000107, 46.986981400008702 ] ] } },
{ "type": "Feature", "properties": { "wmUplineSo": "HILL CITY", "wmType": "Underground" }, "geometry": { "type": "LineString", "coordinates": [ [ -93.599896, 46.987685 ], [ -93.599972984135505, 46.987351947972101 ] ] } },
{ "type": "Feature", "properties": { "wmUplineSo": "HILL CITY", "wmType": "Underground" }, "geometry": { "type": "LineString", "coordinates": [ [ -93.599972984135505, 46.987351947972101 ], [ -93.600000984135605, 46.987147947972304 ] ] } },
{ "type": "Feature", "properties": { "wmUplineSo": "HILL CITY", "wmType": "Underground" }, "geometry": { "type": "LineString", "coordinates": [ [ -93.600000984135605, 46.987147947972304 ], [ -93.5999349841357, 46.987118947972498 ] ] } },
{ "type": "Feature", "properties": { "wmUplineSo": "HILL CITY", "wmType": "Underground" }, "geometry": { "type": "LineString", "coordinates": [ [ -93.5996919841036, 46.986468521728803 ], [ -93.599785400000101, 46.986219600008802 ] ] } },
{ "type": "Feature", "properties": { "wmUplineSo": "HILL CITY", "wmType": "Underground" }, "geometry": { "type": "LineString", "coordinates": [ [ -93.598492144712594, 46.986829400388899 ], [ -93.5988459000001, 46.986902900008701 ] ] } },
{ "type": "Feature", "properties": { "wmUplineSo": "HILL CITY", "wmType": "Underground" }, "geometry": { "type": "LineString", "coordinates": [ [ -93.597992041611604, 46.988698229462798 ], [ -93.597413600000095, 46.988526300008701 ] ] } },
{ "type": "Feature", "properties": { "wmUplineSo": "HILL CITY", "wmType": "Underground" }, "geometry": { "type": "LineString", "coordinates": [ [ -93.597545446544402, 46.989693163288301 ], [ -93.597369500000099, 46.989885300008702 ] ] } },
{ "type": "Feature", "properties": { "wmUplineSo": "HILL CITY", "wmType": "Underground" }, "geometry": { "type": "LineString", "coordinates": [ [ -93.597812259206705, 46.990671904946502 ], [ -93.5977089000001, 46.990414200008701 ] ] } },
{ "type": "Feature", "properties": { "wmUplineSo": "HILL CITY", "wmType": "Underground" }, "geometry": { "type": "LineString", "coordinates": [ [ -93.597812259206705, 46.990671904946502 ], [ -93.597972070000097, 46.990813720008703 ] ] } },
{ "type": "Feature", "properties": { "wmUplineSo": "HILL CITY", "wmType": "Underground" }, "geometry": { "type": "LineString", "coordinates": [ [ -93.597033665087807, 46.990682570733703 ], [ -93.596882300000104, 46.990446500008801 ] ] } },
{ "type": "Feature", "properties": { "wmUplineSo": "HILL CITY", "wmType": "Underground" }, "geometry": { "type": "LineString", "coordinates": [ [ -93.597441300000099, 46.992590400008702 ], [ -93.597224234297002, 46.992584910001497 ], [ -93.597192611602907, 46.992376672464999 ], [ -93.5972788583409, 46.992363134680303 ], [ -93.5973240000001, 46.992428800008703 ] ] } },
{ "type": "Feature", "properties": { "wmUplineSo": "HILL CITY", "wmType": "Underground" }, "geometry": { "type": "LineString", "coordinates": [ [ -93.597013848072706, 46.986738864387 ], [ -93.596500809829806, 46.986817238828301 ] ] } },
{ "type": "Feature", "properties": { "wmUplineSo": "HILL CITY", "wmType": "Underground" }, "geometry": { "type": "LineString", "coordinates": [ [ -93.597648, 46.994673 ], [ -93.59783, 46.994594 ] ] } },
{ "type": "Feature", "properties": { "wmUplineSo": "HILL CITY", "wmType": "Underground" }, "geometry": { "type": "LineString", "coordinates": [ [ -93.600444, 47.036064 ], [ -93.600647, 47.035530999999899 ] ] } },
{ "type": "Feature", "properties": { "wmUplineSo": "HILL CITY", "wmType": "Underground" }, "geometry": { "type": "LineString", "coordinates": [ [ -93.600647, 47.035530999999899 ], [ -93.600684, 47.035172000000102 ] ] } },
{ "type": "Feature", "properties": { "wmUplineSo": "HILL CITY", "wmType": "Underground" }, "geometry": { "type": "LineString", "coordinates": [ [ -93.601594133319296, 46.967754025362296 ], [ -93.602304366239906, 46.967549542125901 ] ] } },
{ "type": "Feature", "properties": { "wmUplineSo": "HILL CITY", "wmType": "Underground" }, "geometry": { "type": "LineString", "coordinates": [ [ -93.660952000039799, 47.028705003568199 ], [ -93.660967300000095, 47.028674500008798 ] ] } },
{ "type": "Feature", "properties": { "wmUplineSo": "HILL CITY", "wmType": "Underground" }, "geometry": { "type": "LineString", "coordinates": [ [ -93.571679, 47.093821 ], [ -93.571987274143297, 47.093725335934302 ], [ -93.572126833792396, 47.093735352936001 ], [ -93.572535354561396, 47.093923083445901 ] ] } },
{ "type": "Feature", "properties": { "wmUplineSo": "HILL CITY", "wmType": "Underground" }, "geometry": { "type": "LineString", "coordinates": [ [ -93.572535354561396, 47.093923083445901 ], [ -93.572561000000107, 47.093894800008897 ] ] } },
{ "type": "Feature", "properties": { "wmUplineSo": "HILL CITY", "wmType": "Underground" }, "geometry": { "type": "LineString", "coordinates": [ [ -93.602315504825, 47.0072826362602 ], [ -93.601911867152396, 47.007358955280402 ] ] } },
{ "type": "Feature", "properties": { "wmUplineSo": "HILL CITY", "wmType": "Underground" }, "geometry": { "type": "LineString", "coordinates": [ [ -93.620020006535498, 47.0149360068988 ], [ -93.620132585783395, 47.0146342813769 ] ] } },
{ "type": "Feature", "properties": { "wmUplineSo": "HILL CITY", "wmType": "Underground" }, "geometry": { "type": "LineString", "coordinates": [ [ -93.594181899096895, 47.0223593883074 ], [ -93.593819, 47.022292600008797 ] ] } },
{ "type": "Feature", "properties": { "wmUplineSo": "HILL CITY", "wmType": "Underground" }, "geometry": { "type": "LineString", "coordinates": [ [ -93.570617019270799, 47.022263521002799 ], [ -93.569708600000098, 47.021772600008802 ] ] } },
{ "type": "Feature", "properties": { "wmUplineSo": "HILL CITY", "wmType": "Underground" }, "geometry": { "type": "LineString", "coordinates": [ [ -93.577128207728606, 46.9900012055719 ], [ -93.576872427499495, 46.990096754389299 ], [ -93.577106600000107, 46.990327400008802 ] ] } },
{ "type": "Feature", "properties": { "wmUplineSo": "HILL CITY", "wmType": "Underground" }, "geometry": { "type": "LineString", "coordinates": [ [ -93.600684, 47.035172000000102 ], [ -93.600856, 47.035011 ] ] } },
{ "type": "Feature", "properties": { "wmUplineSo": "HILL CITY", "wmType": "Underground" }, "geometry": { "type": "LineString", "coordinates": [ [ -93.600856, 47.035011 ], [ -93.600997, 47.035069 ] ] } },
{ "type": "Feature", "properties": { "wmUplineSo": "HILL CITY", "wmType": "Underground" }, "geometry": { "type": "LineString", "coordinates": [ [ -93.586328870103102, 47.073219583755602 ], [ -93.586381000000102, 47.073206100008797 ] ] } },
{ "type": "Feature", "properties": { "wmUplineSo": "HILL CITY", "wmType": "Underground" }, "geometry": { "type": "LineString", "coordinates": [ [ -93.690660749431999, 47.040351792227902 ], [ -93.690705448696406, 47.0402005502606 ], [ -93.691566396867898, 47.0399409668332 ], [ -93.691692417958294, 47.039902969290999 ], [ -93.693588408403002, 47.039451725828897 ] ] } },
{ "type": "Feature", "properties": { "wmUplineSo": "HILL CITY", "wmType": "Underground" }, "geometry": { "type": "LineString", "coordinates": [ [ -93.599709565831702, 46.992383795816401 ], [ -93.600097000036001, 46.9923160035585 ] ] } },
{ "type": "Feature", "properties": { "wmUplineSo": "HILL CITY", "wmType": "Underground" }, "geometry": { "type": "LineString", "coordinates": [ [ -93.600097000036001, 46.9923160035585 ], [ -93.600643202037006, 46.9924096250801 ] ] } },
{ "type": "Feature", "properties": { "wmUplineSo": "HILL CITY", "wmType": "Underground" }, "geometry": { "type": "LineString", "coordinates": [ [ -93.600643202037006, 46.9924096250801 ], [ -93.600759000036007, 46.992397003558501 ] ] } },
{ "type": "Feature", "properties": { "wmUplineSo": "HILL CITY", "wmType": "Underground" }, "geometry": { "type": "LineString", "coordinates": [ [ -93.675951732791006, 47.0449315963101 ], [ -93.675088138185998, 47.046600051372401 ] ] } },
{ "type": "Feature", "properties": { "wmUplineSo": "HILL CITY", "wmType": "Underground" }, "geometry": { "type": "LineString", "coordinates": [ [ -93.600364824606402, 47.036326292468402 ], [ -93.600327, 47.036302 ] ] } },
{ "type": "Feature", "properties": { "wmUplineSo": "HILL CITY", "wmType": "Underground" }, "geometry": { "type": "LineString", "coordinates": [ [ -93.600364824606402, 47.036326292468402 ], [ -93.600392, 47.036281 ] ] } },
{ "type": "Feature", "properties": { "wmUplineSo": "HILL CITY", "wmType": "Underground" }, "geometry": { "type": "LineString", "coordinates": [ [ -93.592492497440801, 46.997900846074998 ], [ -93.592594, 46.998092999999898 ] ] } },
{ "type": "Feature", "properties": { "wmUplineSo": "HILL CITY", "wmType": "Underground" }, "geometry": { "type": "LineString", "coordinates": [ [ -93.592594, 46.998092999999898 ], [ -93.592660405744397, 46.998092656321397 ] ] } },
{ "type": "Feature", "properties": { "wmUplineSo": "HILL CITY", "wmType": "Underground" }, "geometry": { "type": "LineString", "coordinates": [ [ -93.592594, 46.998092999999898 ], [ -93.592518, 46.998116000000103 ] ] } },
{ "type": "Feature", "properties": { "wmUplineSo": "HILL CITY", "wmType": "Underground" }, "geometry": { "type": "LineString", "coordinates": [ [ -93.596624272345906, 46.985457239286397 ], [ -93.59674, 46.985432400008698 ] ] } },
{ "type": "Feature", "properties": { "wmUplineSo": "HILL CITY", "wmType": "Underground" }, "geometry": { "type": "LineString", "coordinates": [ [ -93.576294, 47.106252 ], [ -93.576362, 47.106207 ] ] } },
{ "type": "Feature", "properties": { "wmUplineSo": "HILL CITY", "wmType": "Underground" }, "geometry": { "type": "LineString", "coordinates": [ [ -93.576362, 47.106207 ], [ -93.576708, 47.106288 ] ] } },
{ "type": "Feature", "properties": { "wmUplineSo": "HILL CITY", "wmType": "Underground" }, "geometry": { "type": "LineString", "coordinates": [ [ -93.576708, 47.106288 ], [ -93.576955, 47.106313 ] ] } },
{ "type": "Feature", "properties": { "wmUplineSo": "HILL CITY", "wmType": "Underground" }, "geometry": { "type": "LineString", "coordinates": [ [ -93.576955, 47.106313 ], [ -93.577262, 47.106375999999898 ] ] } },
{ "type": "Feature", "properties": { "wmUplineSo": "HILL CITY", "wmType": "Underground" }, "geometry": { "type": "LineString", "coordinates": [ [ -93.577262, 47.106375999999898 ], [ -93.577267868749502, 47.106372160938697 ], [ -93.5772895949397, 47.106362642199599 ], [ -93.577318702878102, 47.106365100936898 ], [ -93.577347961878104, 47.106379857595698 ], [ -93.577491682945805, 47.106394555827698 ], [ -93.577497, 47.106402000000102 ] ] } },
{ "type": "Feature", "properties": { "wmUplineSo": "HILL CITY", "wmType": "Underground" }, "geometry": { "type": "LineString", "coordinates": [ [ -93.577497, 47.106402000000102 ], [ -93.577500306215597, 47.106398532900499 ], [ -93.577915226836296, 47.106361134164402 ], [ -93.577929, 47.106362 ] ] } },
{ "type": "Feature", "properties": { "wmUplineSo": "HILL CITY", "wmType": "Underground" }, "geometry": { "type": "LineString", "coordinates": [ [ -93.577929, 47.106362 ], [ -93.578116, 47.106319 ] ] } },
{ "type": "Feature", "properties": { "wmUplineSo": "HILL CITY", "wmType": "Underground" }, "geometry": { "type": "LineString", "coordinates": [ [ -93.578116, 47.106319 ], [ -93.578306, 47.10624 ] ] } },
{ "type": "Feature", "properties": { "wmUplineSo": "HILL CITY", "wmType": "Underground" }, "geometry": { "type": "LineString", "coordinates": [ [ -93.578306, 47.10624 ], [ -93.578418, 47.106155000000101 ] ] } },
{ "type": "Feature", "properties": { "wmUplineSo": "HILL CITY", "wmType": "Underground" }, "geometry": { "type": "LineString", "coordinates": [ [ -93.578418, 47.106155000000101 ], [ -93.578688, 47.106080999999897 ] ] } },
{ "type": "Feature", "properties": { "wmUplineSo": "HILL CITY", "wmType": "Underground" }, "geometry": { "type": "LineString", "coordinates": [ [ -93.578688, 47.106080999999897 ], [ -93.578882, 47.106053000000102 ] ] } },
{ "type": "Feature", "properties": { "wmUplineSo": "HILL CITY", "wmType": "Underground" }, "geometry": { "type": "LineString", "coordinates": [ [ -93.578882, 47.106053000000102 ], [ -93.579252, 47.106073 ] ] } },
{ "type": "Feature", "properties": { "wmUplineSo": "HILL CITY", "wmType": "Underground" }, "geometry": { "type": "LineString", "coordinates": [ [ -93.579252, 47.106073 ], [ -93.579532, 47.106118000000102 ] ] } },
{ "type": "Feature", "properties": { "wmUplineSo": "HILL CITY", "wmType": "Underground" }, "geometry": { "type": "LineString", "coordinates": [ [ -93.579532, 47.106118000000102 ], [ -93.579638, 47.106064000000103 ] ] } },
{ "type": "Feature", "properties": { "wmUplineSo": "HILL CITY", "wmType": "Underground" }, "geometry": { "type": "LineString", "coordinates": [ [ -93.579638, 47.106064000000103 ], [ -93.579682911616203, 47.106055705653901 ] ] } },
{ "type": "Feature", "properties": { "wmUplineSo": "HILL CITY", "wmType": "Underground" }, "geometry": { "type": "LineString", "coordinates": [ [ -93.592466375858194, 47.029790540100798 ], [ -93.592301949014995, 47.0297994376009 ] ] } },
{ "type": "Feature", "properties": { "wmUplineSo": "HILL CITY", "wmType": "Underground" }, "geometry": { "type": "LineString", "coordinates": [ [ -93.592301949014995, 47.0297994376009 ], [ -93.592321252958897, 47.029817204344802 ] ] } },
{ "type": "Feature", "properties": { "wmUplineSo": "HILL CITY", "wmType": "Underground" }, "geometry": { "type": "LineString", "coordinates": [ [ -93.591570101999494, 47.029791796127199 ], [ -93.591484155790994, 47.033761682045601 ] ] } },
{ "type": "Feature", "properties": { "wmUplineSo": "HILL CITY", "wmType": "Underground" }, "geometry": { "type": "LineString", "coordinates": [ [ -93.592538213654507, 47.029589067939597 ], [ -93.592529454490304, 47.029613633471698 ] ] } },
{ "type": "Feature", "properties": { "wmUplineSo": "HILL CITY", "wmType": "Underground" }, "geometry": { "type": "LineString", "coordinates": [ [ -93.661940774962005, 47.029176605466198 ], [ -93.6619542675205, 47.028805150183501 ] ] } },
{ "type": "Feature", "properties": { "wmUplineSo": "HILL CITY", "wmType": "Underground" }, "geometry": { "type": "LineString", "coordinates": [ [ -93.601078257151002, 46.9935175071221 ], [ -93.602316306823397, 46.993555317414497 ] ] } },
{ "type": "Feature", "properties": { "wmUplineSo": "HILL CITY", "wmType": "Underground" }, "geometry": { "type": "LineString", "coordinates": [ [ -93.597061958711706, 47.029484965665901 ], [ -93.596999953348899, 47.029915187541398 ] ] } },
{ "type": "Feature", "properties": { "wmUplineSo": "HILL CITY", "wmType": "Underground" }, "geometry": { "type": "LineString", "coordinates": [ [ -93.602768500000096, 46.9877589000087 ], [ -93.602777650872895, 46.987646492797502 ] ] } },
{ "type": "Feature", "properties": { "wmUplineSo": "HILL CITY", "wmType": "Underground" }, "geometry": { "type": "LineString", "coordinates": [ [ -93.596110678555803, 46.992700265178698 ], [ -93.596103216411706, 46.9926963027455 ] ] } },
{ "type": "Feature", "properties": { "wmUplineSo": "HILL CITY", "wmType": "Underground" }, "geometry": { "type": "LineString", "coordinates": [ [ -93.593208705269404, 47.011522338625099 ], [ -93.592817, 47.011259 ] ] } },
{ "type": "Feature", "properties": { "wmUplineSo": "HILL CITY", "wmType": "Underground" }, "geometry": { "type": "LineString", "coordinates": [ [ -93.603427965228605, 46.993610326331101 ], [ -93.604019079523596, 46.993606012913602 ] ] } },
{ "type": "Feature", "properties": { "wmUplineSo": "HILL CITY", "wmType": "Underground" }, "geometry": { "type": "LineString", "coordinates": [ [ -93.602316306823397, 46.993555317414497 ], [ -93.603427965228605, 46.993610326331101 ] ] } },
{ "type": "Feature", "properties": { "wmUplineSo": "HILL CITY", "wmType": "Underground" }, "geometry": { "type": "LineString", "coordinates": [ [ -93.601941884406401, 47.005952320881498 ], [ -93.601391701495899, 47.005720959250098 ], [ -93.599966517363896, 47.005557769114702 ] ] } },
{ "type": "Feature", "properties": { "wmUplineSo": "HILL CITY", "wmType": "Underground" }, "geometry": { "type": "LineString", "coordinates": [ [ -93.601941884406401, 47.005952320881498 ], [ -93.601102846535696, 47.006341204164897 ], [ -93.600710745279798, 47.006268730169097 ] ] } },
{ "type": "Feature", "properties": { "wmUplineSo": "HILL CITY", "wmType": "Underground" }, "geometry": { "type": "LineString", "coordinates": [ [ -93.602525203522603, 47.005839372914501 ], [ -93.601941884406401, 47.005952320881498 ] ] } },
{ "type": "Feature", "properties": { "wmUplineSo": "HILL CITY", "wmType": "Underground" }, "geometry": { "type": "LineString", "coordinates": [ [ -93.597151000035794, 46.999668003560302 ], [ -93.597731059100695, 46.999793483586402 ] ] } },
{ "type": "Feature", "properties": { "wmUplineSo": "HILL CITY", "wmType": "Underground" }, "geometry": { "type": "LineString", "coordinates": [ [ -93.576202611800895, 47.043839266095503 ], [ -93.571616684401604, 47.047575857061702 ], [ -93.568543026258993, 47.047771978475403 ], [ -93.567834293379406, 47.049295752773197 ], [ -93.568369349182007, 47.049941503807098 ] ] } },
{ "type": "Feature", "properties": { "wmUplineSo": "HILL CITY", "wmType": "Underground" }, "geometry": { "type": "LineString", "coordinates": [ [ -93.568369349182007, 47.049941503807098 ], [ -93.569807042867794, 47.050545001278799 ], [ -93.569858296918298, 47.051259237768797 ], [ -93.570573988618193, 47.051853814375299 ], [ -93.570557023034695, 47.052402895891198 ] ] } },
{ "type": "Feature", "properties": { "wmUplineSo": "HILL CITY", "wmType": "Underground" }, "geometry": { "type": "LineString", "coordinates": [ [ -93.589209480619601, 47.061965946372403 ], [ -93.5892578633364, 47.062928798208297 ] ] } },
{ "type": "Feature", "properties": { "wmUplineSo": "HILL CITY", "wmType": "Underground" }, "geometry": { "type": "LineString", "coordinates": [ [ -93.5892578633364, 47.062928798208297 ], [ -93.589310680675595, 47.063231356968998 ], [ -93.589904549114905, 47.063910301972101 ], [ -93.590028006607099, 47.0640680854507 ], [ -93.590221113219201, 47.064117702010599 ] ] } },
{ "type": "Feature", "properties": { "wmUplineSo": "HILL CITY", "wmType": "Underground" }, "geometry": { "type": "LineString", "coordinates": [ [ -93.592086677524904, 47.067631402913101 ], [ -93.593020740436003, 47.067869778801999 ], [ -93.593610154038501, 47.068480674831697 ] ] } },
{ "type": "Feature", "properties": { "wmUplineSo": "HILL CITY", "wmType": "Underground" }, "geometry": { "type": "LineString", "coordinates": [ [ -93.592074291489894, 47.0656158856169 ], [ -93.592872047100002, 47.064666493899203 ] ] } },
{ "type": "Feature", "properties": { "wmUplineSo": "HILL CITY", "wmType": "Underground" }, "geometry": { "type": "LineString", "coordinates": [ [ -93.603386, 46.989008 ], [ -93.603413298396106, 46.988985142633801 ] ] } },
{ "type": "Feature", "properties": { "wmUplineSo": "HILL CITY", "wmType": "Underground" }, "geometry": { "type": "LineString", "coordinates": [ [ -93.595519869851003, 46.9886969925088 ], [ -93.595497840546699, 46.989101404418903 ] ] } },
{ "type": "Feature", "properties": { "wmUplineSo": "HILL CITY", "wmType": "Underground" }, "geometry": { "type": "LineString", "coordinates": [ [ -93.571649506437893, 47.020006447215103 ], [ -93.571931564683098, 47.020438140159399 ], [ -93.572712000665703, 47.020656946317899 ], [ -93.573624376135101, 47.020574649352199 ], [ -93.574979969474299, 47.020452358743903 ], [ -93.576430857606596, 47.020474184471603 ], [ -93.577321370368495, 47.020441643261698 ], [ -93.578137232795299, 47.020454555370897 ], [ -93.578632790092001, 47.020296829924597 ] ] } },
{ "type": "Feature", "properties": { "wmUplineSo": "HILL CITY", "wmType": "Underground" }, "geometry": { "type": "LineString", "coordinates": [ [ -93.578632790092001, 47.020296829924597 ], [ -93.578874793494805, 47.020042354785701 ], [ -93.579034286973496, 47.019525284025697 ], [ -93.579241012059995, 47.018932478462801 ], [ -93.578823073758699, 47.018189980791199 ], [ -93.578773026923201, 47.0176346341445 ], [ -93.578563702205898, 47.017292595609803 ], [ -93.579086317340796, 47.0164873918974 ], [ -93.579192399123698, 47.015971903700802 ], [ -93.579297471044001, 47.0154613092026 ] ] } },
{ "type": "Feature", "properties": { "wmUplineSo": "HILL CITY", "wmType": "Underground" }, "geometry": { "type": "LineString", "coordinates": [ [ -93.578632790092001, 47.020296829924597 ], [ -93.578827757012306, 47.020303406180098 ] ] } },
{ "type": "Feature", "properties": { "wmUplineSo": "HILL CITY", "wmType": "Underground" }, "geometry": { "type": "LineString", "coordinates": [ [ -93.530425419299306, 47.001111804836697 ], [ -93.5304447107074, 47.001375187758697 ] ] } },
{ "type": "Feature", "properties": { "wmUplineSo": "HILL CITY", "wmType": "Underground" }, "geometry": { "type": "LineString", "coordinates": [ [ -93.603951403496495, 47.010738983072699 ], [ -93.603405861383493, 47.010978761811003 ] ] } },
{ "type": "Feature", "properties": { "wmUplineSo": "HILL CITY", "wmType": "Underground" }, "geometry": { "type": "LineString", "coordinates": [ [ -93.571597708412099, 46.989582541496603 ], [ -93.570380466624499, 46.989549108358297 ], [ -93.569948572804094, 46.989183155770199 ] ] } },
{ "type": "Feature", "properties": { "wmUplineSo": "HILL CITY", "wmType": "Underground" }, "geometry": { "type": "LineString", "coordinates": [ [ -93.590409203146194, 46.994841528278798 ], [ -93.590515000035396, 46.994466003558898 ] ] } },
{ "type": "Feature", "properties": { "wmUplineSo": "HILL CITY", "wmType": "Underground" }, "geometry": { "type": "LineString", "coordinates": [ [ -93.590515000035396, 46.994466003558898 ], [ -93.591036270232195, 46.9941549773067 ] ] } },
{ "type": "Feature", "properties": { "wmUplineSo": "HILL CITY", "wmType": "Underground" }, "geometry": { "type": "LineString", "coordinates": [ [ -93.591036270232195, 46.9941549773067 ], [ -93.591036583327394, 46.994142456656597 ] ] } },
{ "type": "Feature", "properties": { "wmUplineSo": "HILL CITY", "wmType": "Underground" }, "geometry": { "type": "LineString", "coordinates": [ [ -93.605391574492103, 47.039180063814101 ], [ -93.605046000036495, 47.039718003571302 ] ] } },
{ "type": "Feature", "properties": { "wmUplineSo": "HILL CITY", "wmType": "Underground" }, "geometry": { "type": "LineString", "coordinates": [ [ -93.604590381917603, 47.041465556984299 ], [ -93.603015656980205, 47.043152351416197 ], [ -93.602600881860695, 47.043186847510903 ] ] } },
{ "type": "Feature", "properties": { "wmUplineSo": "HILL CITY", "wmType": "Underground" }, "geometry": { "type": "LineString", "coordinates": [ [ -93.605012018926899, 47.039840925672699 ], [ -93.604959085300393, 47.040204562889599 ], [ -93.605248404681205, 47.040600386603799 ], [ -93.604590381917603, 47.041465556984299 ] ] } },
{ "type": "Feature", "properties": { "wmUplineSo": "HILL CITY", "wmType": "Underground" }, "geometry": { "type": "LineString", "coordinates": [ [ -93.591225682182696, 47.049408221970801 ], [ -93.590685613533296, 47.049538627276497 ], [ -93.589601260832694, 47.0493682189026 ], [ -93.589475211774698, 47.049424619211401 ], [ -93.588850128445401, 47.049285386720101 ], [ -93.588660615874701, 47.049405682208999 ] ] } },
{ "type": "Feature", "properties": { "wmUplineSo": "HILL CITY", "wmType": "Underground" }, "geometry": { "type": "LineString", "coordinates": [ [ -93.572987497484405, 47.098798629915798 ], [ -93.572980593549801, 47.098242781013901 ] ] } },
{ "type": "Feature", "properties": { "wmUplineSo": "HILL CITY", "wmType": "Underground" }, "geometry": { "type": "LineString", "coordinates": [ [ -93.522547560835093, 47.001299782090697 ], [ -93.519271585075003, 47.001258554122899 ] ] } },
{ "type": "Feature", "properties": { "wmUplineSo": "HILL CITY", "wmType": "Underground" }, "geometry": { "type": "LineString", "coordinates": [ [ -93.594467336439493, 47.026620491778203 ], [ -93.594402403157304, 47.026457273868203 ], [ -93.594257648233494, 47.026413878055102 ] ] } },
{ "type": "Feature", "properties": { "wmUplineSo": "HILL CITY", "wmType": "Underground" }, "geometry": { "type": "LineString", "coordinates": [ [ -93.595236084778406, 47.0250222807041 ], [ -93.595366795868202, 47.024967715787398 ] ] } },
{ "type": "Feature", "properties": { "wmUplineSo": "HILL CITY", "wmType": "Underground" }, "geometry": { "type": "LineString", "coordinates": [ [ -93.595236084778406, 47.0250222807041 ], [ -93.595730823068095, 47.025348448532903 ] ] } },
{ "type": "Feature", "properties": { "wmUplineSo": "HILL CITY", "wmType": "Underground" }, "geometry": { "type": "LineString", "coordinates": [ [ -93.571667841827093, 46.989056915995199 ], [ -93.572142299372004, 46.989066083590799 ], [ -93.572142299372004, 46.989066083590799 ] ] } },
{ "type": "Feature", "properties": { "wmUplineSo": "HILL CITY", "wmType": "Underground" }, "geometry": { "type": "LineString", "coordinates": [ [ -93.595226882344207, 46.992702784396997 ], [ -93.595242118743997, 46.992560314525598 ] ] } },
{ "type": "Feature", "properties": { "wmUplineSo": "HILL CITY", "wmType": "Underground" }, "geometry": { "type": "LineString", "coordinates": [ [ -93.595236084778406, 47.0250222807041 ], [ -93.594887677366003, 47.025138418153702 ] ] } },
{ "type": "Feature", "properties": { "wmUplineSo": "HILL CITY", "wmType": "Underground" }, "geometry": { "type": "LineString", "coordinates": [ [ -93.601999295946797, 47.029376027732397 ], [ -93.6020002714139, 47.029623752879701 ], [ -93.601588578592896, 47.029841908161899 ], [ -93.601474266871904, 47.029844007689299 ] ] } },
{ "type": "Feature", "properties": { "wmUplineSo": "HILL CITY", "wmType": "Underground" }, "geometry": { "type": "LineString", "coordinates": [ [ -93.571916688381805, 46.986350267771201 ], [ -93.571881175812706, 46.986366733202601 ] ] } },
{ "type": "Feature", "properties": { "wmUplineSo": "HILL CITY", "wmType": "Underground" }, "geometry": { "type": "LineString", "coordinates": [ [ -93.571881175812706, 46.986366733202601 ], [ -93.571761917169894, 46.986527971045497 ], [ -93.570584856218204, 46.986766653998501 ] ] } },
{ "type": "Feature", "properties": { "wmUplineSo": "HILL CITY", "wmType": "Underground" }, "geometry": { "type": "LineString", "coordinates": [ [ -93.621903651482697, 47.043743565310301 ], [ -93.621985397070006, 47.040828347337502 ] ] } },
{ "type": "Feature", "properties": { "wmUplineSo": "HILL CITY", "wmType": "Underground" }, "geometry": { "type": "LineString", "coordinates": [ [ -93.5785371260977, 46.990074037609801 ], [ -93.578518685410202, 46.990438081102603 ], [ -93.578467030853702, 46.9906757881351 ], [ -93.5784508688849, 46.990856579838201 ] ] } },
{ "type": "Feature", "properties": { "wmUplineSo": "HILL CITY", "wmType": "Underground" }, "geometry": { "type": "LineString", "coordinates": [ [ -93.578045022250294, 46.989946212952802 ], [ -93.5785371260977, 46.990074037609801 ] ] } },
{ "type": "Feature", "properties": { "wmUplineSo": "HILL CITY", "wmType": "Underground" }, "geometry": { "type": "LineString", "coordinates": [ [ -93.601592263486296, 46.967730205657602 ], [ -93.601594133319296, 46.967754025362296 ] ] } },
{ "type": "Feature", "properties": { "wmUplineSo": "HILL CITY", "wmType": "Underground" }, "geometry": { "type": "LineString", "coordinates": [ [ -93.599966517363896, 47.005557769114702 ], [ -93.600359404983806, 47.005488575999401 ] ] } },
{ "type": "Feature", "properties": { "wmUplineSo": "HILL CITY", "wmType": "Underground" }, "geometry": { "type": "LineString", "coordinates": [ [ -93.578907919048007, 47.090879958837803 ], [ -93.578066197510907, 47.090536238387003 ], [ -93.577094398516607, 47.090486526632901 ], [ -93.576991012951794, 47.0904802392592 ] ] } },
{ "type": "Feature", "properties": { "wmUplineSo": "HILL CITY", "wmType": "Underground" }, "geometry": { "type": "LineString", "coordinates": [ [ -93.5768702786917, 47.090472897341101 ], [ -93.576865835318998, 47.090513855661598 ] ] } },
{ "type": "Feature", "properties": { "wmUplineSo": "HILL CITY", "wmType": "Underground" }, "geometry": { "type": "LineString", "coordinates": [ [ -93.576991012951794, 47.0904802392592 ], [ -93.5768702786917, 47.090472897341101 ] ] } },
{ "type": "Feature", "properties": { "wmUplineSo": "HILL CITY", "wmType": "Underground" }, "geometry": { "type": "LineString", "coordinates": [ [ -93.582706000034904, 46.990930003558098 ], [ -93.583134000034903, 46.991285003558197 ] ] } },
{ "type": "Feature", "properties": { "wmUplineSo": "HILL CITY", "wmType": "Underground" }, "geometry": { "type": "LineString", "coordinates": [ [ -93.604164984092506, 47.041517947896899 ], [ -93.604167100000097, 47.041580300008803 ] ] } },
{ "type": "Feature", "properties": { "wmUplineSo": "HILL CITY", "wmType": "Underground" }, "geometry": { "type": "LineString", "coordinates": [ [ -93.634619, 47.028585 ], [ -93.634638174873004, 47.028506948994099 ] ] } },
{ "type": "Feature", "properties": { "wmUplineSo": "HILL CITY", "wmType": "Underground" }, "geometry": { "type": "LineString", "coordinates": [ [ -93.599165964442093, 46.993553308618502 ], [ -93.599179667405906, 46.993493102711703 ] ] } },
{ "type": "Feature", "properties": { "wmUplineSo": "HILL CITY", "wmType": "Underground" }, "geometry": { "type": "LineString", "coordinates": [ [ -93.5902990000356, 47.035858003570297 ], [ -93.590345000035597, 47.035787003570199 ] ] } },
{ "type": "Feature", "properties": { "wmUplineSo": "HILL CITY", "wmType": "Underground" }, "geometry": { "type": "LineString", "coordinates": [ [ -93.590345000035597, 47.035787003570199 ], [ -93.5903392799447, 47.035774823379199 ] ] } },
{ "type": "Feature", "properties": { "wmUplineSo": "HILL CITY", "wmType": "Underground" }, "geometry": { "type": "LineString", "coordinates": [ [ -93.571346789851702, 47.109411527593899 ], [ -93.571846926921907, 47.109638291043403 ] ] } },
{ "type": "Feature", "properties": { "wmUplineSo": "HILL CITY", "wmType": "Underground" }, "geometry": { "type": "LineString", "coordinates": [ [ -93.572352628125799, 47.109431278095499 ], [ -93.571346789851702, 47.109411527593899 ] ] } },
{ "type": "Feature", "properties": { "wmUplineSo": "HILL CITY", "wmType": "Underground" }, "geometry": { "type": "LineString", "coordinates": [ [ -93.593833979679601, 47.066537187959099 ], [ -93.593975776375203, 47.066526154894603 ] ] } },
{ "type": "Feature", "properties": { "wmUplineSo": "HILL CITY", "wmType": "Underground" }, "geometry": { "type": "LineString", "coordinates": [ [ -93.595580670300805, 47.024412324010001 ], [ -93.595360860570594, 47.024316233334297 ] ] } },
{ "type": "Feature", "properties": { "wmUplineSo": "HILL CITY", "wmType": "Underground" }, "geometry": { "type": "LineString", "coordinates": [ [ -93.595360860570594, 47.024316233334297 ], [ -93.595283500000093, 47.024327100008797 ] ] } },
{ "type": "Feature", "properties": { "wmUplineSo": "HILL CITY", "wmType": "Underground" }, "geometry": { "type": "LineString", "coordinates": [ [ -93.599794390452999, 47.004706516414998 ], [ -93.599741693164006, 47.004696806477597 ] ] } },
{ "type": "Feature", "properties": { "wmUplineSo": "HILL CITY", "wmType": "Underground" }, "geometry": { "type": "LineString", "coordinates": [ [ -93.599741693164006, 47.004696806477597 ], [ -93.598794368508607, 47.004522248859701 ] ] } },
{ "type": "Feature", "properties": { "wmUplineSo": "HILL CITY", "wmType": "Underground" }, "geometry": { "type": "LineString", "coordinates": [ [ -93.591916959234496, 47.016161271692397 ], [ -93.592583136681696, 47.015882041699903 ] ] } },
{ "type": "Feature", "properties": { "wmUplineSo": "HILL CITY", "wmType": "Underground" }, "geometry": { "type": "LineString", "coordinates": [ [ -93.571346789851702, 47.109411527593899 ], [ -93.571047678585202, 47.109567777090099 ] ] } },
{ "type": "Feature", "properties": { "wmUplineSo": "HILL CITY", "wmType": "Underground" }, "geometry": { "type": "LineString", "coordinates": [ [ -93.59434, 47.008869 ], [ -93.594348504260907, 47.0088752515137 ], [ -93.594500797078595, 47.008924690042498 ], [ -93.594517930481501, 47.008932286140798 ] ] } },
{ "type": "Feature", "properties": { "wmUplineSo": "HILL CITY", "wmType": "Underground" }, "geometry": { "type": "LineString", "coordinates": [ [ -93.594517930481501, 47.008932286140798 ], [ -93.594250042584306, 47.009329567748999 ] ] } },
{ "type": "Feature", "properties": { "wmUplineSo": "HILL CITY", "wmType": "Underground" }, "geometry": { "type": "LineString", "coordinates": [ [ -93.602425600000103, 47.014421600008802 ], [ -93.602441987956794, 47.014383545237401 ] ] } },
{ "type": "Feature", "properties": { "wmUplineSo": "HILL CITY", "wmType": "Underground" }, "geometry": { "type": "LineString", "coordinates": [ [ -93.654426616789905, 47.041137765204397 ], [ -93.655792000039597, 47.040939003571701 ] ] } },
{ "type": "Feature", "properties": { "wmUplineSo": "HILL CITY", "wmType": "Underground" }, "geometry": { "type": "LineString", "coordinates": [ [ -93.5970236145277, 46.995654283885301 ], [ -93.597172048958399, 46.995627764764599 ] ] } },
{ "type": "Feature", "properties": { "wmUplineSo": "HILL CITY", "wmType": "Underground" }, "geometry": { "type": "LineString", "coordinates": [ [ -93.571679, 47.093821 ], [ -93.5715858654291, 47.093846614373099 ] ] } },
{ "type": "Feature", "properties": { "wmUplineSo": "HILL CITY", "wmType": "Underground" }, "geometry": { "type": "LineString", "coordinates": [ [ -93.594412885242605, 46.999191764945898 ], [ -93.5944150873285, 46.999194206818402 ] ] } },
{ "type": "Feature", "properties": { "wmUplineSo": "HILL CITY", "wmType": "Underground" }, "geometry": { "type": "LineString", "coordinates": [ [ -93.571222865533201, 47.0198882480733 ], [ -93.571649506437893, 47.020006447215103 ] ] } },
{ "type": "Feature", "properties": { "wmUplineSo": "HILL CITY", "wmType": "Underground" }, "geometry": { "type": "LineString", "coordinates": [ [ -93.675088138185998, 47.046600051372401 ], [ -93.675150648524806, 47.046616331337603 ] ] } },
{ "type": "Feature", "properties": { "wmUplineSo": "HILL CITY", "wmType": "Underground" }, "geometry": { "type": "LineString", "coordinates": [ [ -93.593686018582602, 47.066548330785999 ], [ -93.593833979679601, 47.066537187959099 ] ] } },
{ "type": "Feature", "properties": { "wmUplineSo": "HILL CITY", "wmType": "Underground" }, "geometry": { "type": "LineString", "coordinates": [ [ -93.592580778933495, 47.066587054310602 ], [ -93.592994273240706, 47.066551914537399 ] ] } },
{ "type": "Feature", "properties": { "wmUplineSo": "HILL CITY", "wmType": "Underground" }, "geometry": { "type": "LineString", "coordinates": [ [ -93.592301949014995, 47.0297994376009 ], [ -93.591570101999494, 47.029791796127199 ] ] } },
{ "type": "Feature", "properties": { "wmUplineSo": "HILL CITY", "wmType": "Underground" }, "geometry": { "type": "LineString", "coordinates": [ [ -93.592529454490304, 47.029613633471698 ], [ -93.592466375858194, 47.029790540100798 ] ] } },
{ "type": "Feature", "properties": { "wmUplineSo": "HILL CITY", "wmType": "Underground" }, "geometry": { "type": "LineString", "coordinates": [ [ -93.586523371692294, 46.988858248324 ], [ -93.586671999733994, 46.988597544495697 ] ] } },
{ "type": "Feature", "properties": { "wmUplineSo": "HILL CITY", "wmType": "Underground" }, "geometry": { "type": "LineString", "coordinates": [ [ -93.584073728246395, 47.081444925461597 ], [ -93.584323231251304, 47.081172835327003 ] ] } },
{ "type": "Feature", "properties": { "wmUplineSo": "HILL CITY", "wmType": "Underground" }, "geometry": { "type": "LineString", "coordinates": [ [ -93.634640764688697, 47.029198365130497 ], [ -93.634702, 47.028977 ] ] } },
{ "type": "Feature", "properties": { "wmUplineSo": "HILL CITY", "wmType": "Underground" }, "geometry": { "type": "LineString", "coordinates": [ [ -93.599709565831702, 46.992383795816401 ], [ -93.599754733906394, 46.992397755771002 ] ] } },
{ "type": "Feature", "properties": { "wmUplineSo": "HILL CITY", "wmType": "Underground" }, "geometry": { "type": "LineString", "coordinates": [ [ -93.634702, 47.028977 ], [ -93.634668, 47.0288380000001 ] ] } },
{ "type": "Feature", "properties": { "wmUplineSo": "HILL CITY", "wmType": "Underground" }, "geometry": { "type": "LineString", "coordinates": [ [ -93.595730823068095, 47.025348448532903 ], [ -93.595572677768899, 47.025215170965403 ] ] } },
{ "type": "Feature", "properties": { "wmUplineSo": "HILL CITY", "wmType": "Underground" }, "geometry": { "type": "LineString", "coordinates": [ [ -93.596103216411706, 46.9926963027455 ], [ -93.595943107967997, 46.992591837261003 ] ] } },
{ "type": "Feature", "properties": { "wmUplineSo": "HILL CITY", "wmType": "Underground" }, "geometry": { "type": "LineString", "coordinates": [ [ -93.602231000036198, 47.009561003563 ], [ -93.6022028000001, 47.0095761000088 ] ] } },
{ "type": "Feature", "properties": { "wmUplineSo": "HILL CITY", "wmType": "Underground" }, "geometry": { "type": "LineString", "coordinates": [ [ -93.599866984135502, 46.987698947971602 ], [ -93.599880457071805, 46.987692471373101 ] ] } },
{ "type": "Feature", "properties": { "wmUplineSo": "HILL CITY", "wmType": "Underground" }, "geometry": { "type": "LineString", "coordinates": [ [ -93.586258089456905, 46.989286797403999 ], [ -93.586339065062901, 46.9892867186472 ] ] } },
{ "type": "Feature", "properties": { "wmUplineSo": "HILL CITY", "wmType": "Underground" }, "geometry": { "type": "LineString", "coordinates": [ [ -93.616588146697296, 47.029365599393003 ], [ -93.616749274908997, 47.029277590812299 ], [ -93.616868041850594, 47.0289079070035 ], [ -93.616701201241, 47.0286736475109 ], [ -93.616633945033499, 47.028643744421103 ] ] } },
{ "type": "Feature", "properties": { "wmUplineSo": "HILL CITY", "wmType": "Underground" }, "geometry": { "type": "LineString", "coordinates": [ [ -93.573457, 46.986374 ], [ -93.574672, 46.986361 ] ] } },
{ "type": "Feature", "properties": { "wmUplineSo": "HILL CITY", "wmType": "Underground" }, "geometry": { "type": "LineString", "coordinates": [ [ -93.582706000034904, 46.990930003558098 ], [ -93.5823903000001, 46.990944300008699 ] ] } },
{ "type": "Feature", "properties": { "wmUplineSo": "HILL CITY", "wmType": "Underground" }, "geometry": { "type": "LineString", "coordinates": [ [ -93.5848782297642, 46.9908437512481 ], [ -93.584645300000105, 46.991316800008697 ] ] } },
{ "type": "Feature", "properties": { "wmUplineSo": "HILL CITY", "wmType": "Underground" }, "geometry": { "type": "LineString", "coordinates": [ [ -93.5848782297642, 46.9908437512481 ], [ -93.584955900000097, 46.990961800008698 ] ] } },
{ "type": "Feature", "properties": { "wmUplineSo": "HILL CITY", "wmType": "Underground" }, "geometry": { "type": "LineString", "coordinates": [ [ -93.597868564337602, 46.9927377598259 ], [ -93.597789600000098, 46.992529600008702 ] ] } },
{ "type": "Feature", "properties": { "wmUplineSo": "HILL CITY", "wmType": "Underground" }, "geometry": { "type": "LineString", "coordinates": [ [ -93.598101798339002, 46.992677235616803 ], [ -93.597890171133997, 46.992835328174102 ] ] } },
{ "type": "Feature", "properties": { "wmUplineSo": "HILL CITY", "wmType": "Underground" }, "geometry": { "type": "LineString", "coordinates": [ [ -93.598101798339002, 46.992677235616803 ], [ -93.598305011916096, 46.992413358566402 ] ] } },
{ "type": "Feature", "properties": { "wmUplineSo": "HILL CITY", "wmType": "Underground" }, "geometry": { "type": "LineString", "coordinates": [ [ -93.593308555121496, 47.066558478230903 ], [ -93.593686018582602, 47.066548330785999 ] ] } },
{ "type": "Feature", "properties": { "wmUplineSo": "HILL CITY", "wmType": "Underground" }, "geometry": { "type": "LineString", "coordinates": [ [ -93.667881073576893, 47.026999704768798 ], [ -93.668332000000106, 47.0266986000088 ] ] } },
{ "type": "Feature", "properties": { "wmUplineSo": "HILL CITY", "wmType": "Underground" }, "geometry": { "type": "LineString", "coordinates": [ [ -93.667881073576893, 47.026999704768798 ], [ -93.667396100000104, 47.027091900008799 ] ] } },
{ "type": "Feature", "properties": { "wmUplineSo": "HILL CITY", "wmType": "Underground" }, "geometry": { "type": "LineString", "coordinates": [ [ -93.655764781174895, 47.029825024468202 ], [ -93.655792500000103, 47.029945400008799 ] ] } },
{ "type": "Feature", "properties": { "wmUplineSo": "HILL CITY", "wmType": "Underground" }, "geometry": { "type": "LineString", "coordinates": [ [ -93.591036583327394, 46.994142456656597 ], [ -93.591008300000098, 46.994139000008801 ] ] } },
{ "type": "Feature", "properties": { "wmUplineSo": "HILL CITY", "wmType": "Underground" }, "geometry": { "type": "LineString", "coordinates": [ [ -93.630472837209695, 47.0306974439412 ], [ -93.630730100000093, 47.030583600008796 ] ] } },
{ "type": "Feature", "properties": { "wmUplineSo": "HILL CITY", "wmType": "Underground" }, "geometry": { "type": "LineString", "coordinates": [ [ -93.631385786195594, 47.029886790213702 ], [ -93.631811500000097, 47.030013100008802 ] ] } },
{ "type": "Feature", "properties": { "wmUplineSo": "HILL CITY", "wmType": "Underground" }, "geometry": { "type": "LineString", "coordinates": [ [ -93.6193451224418, 47.029350858394899 ], [ -93.619398700000104, 47.028874600008798 ] ] } },
{ "type": "Feature", "properties": { "wmUplineSo": "HILL CITY", "wmType": "Underground" }, "geometry": { "type": "LineString", "coordinates": [ [ -93.576378652372398, 47.109454016203401 ], [ -93.576350300000101, 47.109562800008902 ] ] } },
{ "type": "Feature", "properties": { "wmUplineSo": "HILL CITY", "wmType": "Underground" }, "geometry": { "type": "LineString", "coordinates": [ [ -93.591484155790994, 47.033761682045601 ], [ -93.590634600000101, 47.034099300008798 ] ] } },
{ "type": "Feature", "properties": { "wmUplineSo": "HILL CITY", "wmType": "Underground" }, "geometry": { "type": "LineString", "coordinates": [ [ -93.609770123623903, 47.030338810777998 ], [ -93.609179100000105, 47.0307304000088 ] ] } },
{ "type": "Feature", "properties": { "wmUplineSo": "HILL CITY", "wmType": "Underground" }, "geometry": { "type": "LineString", "coordinates": [ [ -93.628028242181401, 47.015481739052298 ], [ -93.628408300000103, 47.0154751000088 ] ] } },
{ "type": "Feature", "properties": { "wmUplineSo": "HILL CITY", "wmType": "Underground" }, "geometry": { "type": "LineString", "coordinates": [ [ -93.6190302622893, 47.015396528874497 ], [ -93.619114300000106, 47.015484300008801 ] ] } },
{ "type": "Feature", "properties": { "wmUplineSo": "HILL CITY", "wmType": "Underground" }, "geometry": { "type": "LineString", "coordinates": [ [ -93.616069577818607, 47.010601659352702 ], [ -93.616162756030207, 47.010401311960699 ] ] } },
{ "type": "Feature", "properties": { "wmUplineSo": "HILL CITY", "wmType": "Underground" }, "geometry": { "type": "LineString", "coordinates": [ [ -93.603531446239003, 47.019643785503 ], [ -93.603525000000104, 47.019619100008804 ] ] } },
{ "type": "Feature", "properties": { "wmUplineSo": "HILL CITY", "wmType": "Underground" }, "geometry": { "type": "LineString", "coordinates": [ [ -93.6036749360633, 47.016935643491799 ], [ -93.603352161288299, 47.016965586906998 ] ] } },
{ "type": "Feature", "properties": { "wmUplineSo": "HILL CITY", "wmType": "Underground" }, "geometry": { "type": "LineString", "coordinates": [ [ -93.603405861383493, 47.010978761811003 ], [ -93.603073800000104, 47.0111636000088 ] ] } },
{ "type": "Feature", "properties": { "wmUplineSo": "HILL CITY", "wmType": "Underground" }, "geometry": { "type": "LineString", "coordinates": [ [ -93.603405861383493, 47.010978761811003 ], [ -93.603357500000101, 47.011025300008797 ] ] } },
{ "type": "Feature", "properties": { "wmUplineSo": "HILL CITY", "wmType": "Underground" }, "geometry": { "type": "LineString", "coordinates": [ [ -93.600710745279798, 47.006268730169097 ], [ -93.600338500000106, 47.006163100008798 ] ] } },
{ "type": "Feature", "properties": { "wmUplineSo": "HILL CITY", "wmType": "Underground" }, "geometry": { "type": "LineString", "coordinates": [ [ -93.598794368508607, 47.004522248859701 ], [ -93.598737900000103, 47.004837900008802 ] ] } },
{ "type": "Feature", "properties": { "wmUplineSo": "HILL CITY", "wmType": "Underground" }, "geometry": { "type": "LineString", "coordinates": [ [ -93.599794390452999, 47.004706516414998 ], [ -93.600020300000097, 47.0047751000088 ] ] } },
{ "type": "Feature", "properties": { "wmUplineSo": "HILL CITY", "wmType": "Underground" }, "geometry": { "type": "LineString", "coordinates": [ [ -93.598431277821106, 47.0036060335377 ], [ -93.597871400000102, 47.003604500008798 ] ] } },
{ "type": "Feature", "properties": { "wmUplineSo": "HILL CITY", "wmType": "Underground" }, "geometry": { "type": "LineString", "coordinates": [ [ -93.597007510318903, 46.996053020702 ], [ -93.596618384994599, 46.996082728347297 ] ] } },
{ "type": "Feature", "properties": { "wmUplineSo": "HILL CITY", "wmType": "Underground" }, "geometry": { "type": "LineString", "coordinates": [ [ -93.6558470000395, 47.041110003571802 ], [ -93.656036000039606, 47.041118003571697 ] ] } },
{ "type": "Feature", "properties": { "wmUplineSo": "HILL CITY", "wmType": "Underground" }, "geometry": { "type": "LineString", "coordinates": [ [ -93.599896, 46.987685 ], [ -93.600179658379503, 46.987668712279302 ] ] } },
{ "type": "Feature", "properties": { "wmUplineSo": "HILL CITY", "wmType": "Underground" }, "geometry": { "type": "LineString", "coordinates": [ [ -93.600179658379503, 46.987668712279302 ], [ -93.600193313097904, 46.987592502940501 ] ] } },
{ "type": "Feature", "properties": { "wmUplineSo": "HILL CITY", "wmType": "Underground" }, "geometry": { "type": "LineString", "coordinates": [ [ -93.599880457071805, 46.987692471373101 ], [ -93.599896, 46.987685 ] ] } },
{ "type": "Feature", "properties": { "wmUplineSo": "HILL CITY", "wmType": "Underground" }, "geometry": { "type": "LineString", "coordinates": [ [ -93.589809756887007, 47.011944937981802 ], [ -93.589406712014195, 47.011852313712097 ] ] } },
{ "type": "Feature", "properties": { "wmUplineSo": "HILL CITY", "wmType": "Underground" }, "geometry": { "type": "LineString", "coordinates": [ [ -93.574622246681002, 47.103843313779102 ], [ -93.5743085000001, 47.1038423000089 ] ] } },
{ "type": "Feature", "properties": { "wmUplineSo": "HILL CITY", "wmType": "Underground" }, "geometry": { "type": "LineString", "coordinates": [ [ -93.574460114255203, 47.106143094142297 ], [ -93.574138267310104, 47.105920801322497 ] ] } },
{ "type": "Feature", "properties": { "wmUplineSo": "HILL CITY", "wmType": "Underground" }, "geometry": { "type": "LineString", "coordinates": [ [ -93.574925463658303, 47.107677124067799 ], [ -93.574877400000105, 47.107639800008897 ] ] } },
{ "type": "Feature", "properties": { "wmUplineSo": "HILL CITY", "wmType": "Underground" }, "geometry": { "type": "LineString", "coordinates": [ [ -93.572151, 47.096005 ], [ -93.572401600000106, 47.095800400008898 ] ] } },
{ "type": "Feature", "properties": { "wmUplineSo": "HILL CITY", "wmType": "Underground" }, "geometry": { "type": "LineString", "coordinates": [ [ -93.571822, 47.096756 ], [ -93.571580100000105, 47.096783000008898 ] ] } },
{ "type": "Feature", "properties": { "wmUplineSo": "HILL CITY", "wmType": "Underground" }, "geometry": { "type": "LineString", "coordinates": [ [ -93.572980593549801, 47.098242781013901 ], [ -93.573246400000102, 47.098440300008903 ] ] } },
{ "type": "Feature", "properties": { "wmUplineSo": "HILL CITY", "wmType": "Underground" }, "geometry": { "type": "LineString", "coordinates": [ [ -93.593610154038501, 47.068480674831697 ], [ -93.593818900000102, 47.068667900008798 ] ] } },
{ "type": "Feature", "properties": { "wmUplineSo": "HILL CITY", "wmType": "Underground" }, "geometry": { "type": "LineString", "coordinates": [ [ -93.592872047100002, 47.064666493899203 ], [ -93.593911500000104, 47.064868600008801 ] ] } },
{ "type": "Feature", "properties": { "wmUplineSo": "HILL CITY", "wmType": "Underground" }, "geometry": { "type": "LineString", "coordinates": [ [ -93.586224843558597, 47.061367657426402 ], [ -93.586502500000094, 47.0610781000088 ] ] } },
{ "type": "Feature", "properties": { "wmUplineSo": "HILL CITY", "wmType": "Underground" }, "geometry": { "type": "LineString", "coordinates": [ [ -93.584350921918599, 47.061522280639103 ], [ -93.5843749000001, 47.0616211000088 ] ] } },
{ "type": "Feature", "properties": { "wmUplineSo": "HILL CITY", "wmType": "Underground" }, "geometry": { "type": "LineString", "coordinates": [ [ -93.588612762257299, 47.055084750530497 ], [ -93.588206100000093, 47.054874900008798 ] ] } },
{ "type": "Feature", "properties": { "wmUplineSo": "HILL CITY", "wmType": "Underground" }, "geometry": { "type": "LineString", "coordinates": [ [ -93.589832841253099, 47.050780557325197 ], [ -93.589646600000094, 47.050734600008802 ] ] } },
{ "type": "Feature", "properties": { "wmUplineSo": "HILL CITY", "wmType": "Underground" }, "geometry": { "type": "LineString", "coordinates": [ [ -93.588660615874701, 47.049405682208999 ], [ -93.5883015000001, 47.049378300008797 ] ] } },
{ "type": "Feature", "properties": { "wmUplineSo": "HILL CITY", "wmType": "Underground" }, "geometry": { "type": "LineString", "coordinates": [ [ -93.583315768774, 47.042245414689603 ], [ -93.583489100000094, 47.042059300008802 ] ] } },
{ "type": "Feature", "properties": { "wmUplineSo": "HILL CITY", "wmType": "Underground" }, "geometry": { "type": "LineString", "coordinates": [ [ -93.576603649208096, 47.043870163537498 ], [ -93.576245500000098, 47.044244800008798 ] ] } },
{ "type": "Feature", "properties": { "wmUplineSo": "HILL CITY", "wmType": "Underground" }, "geometry": { "type": "LineString", "coordinates": [ [ -93.576202611800895, 47.043839266095503 ], [ -93.576342100000105, 47.043387000008799 ] ] } },
{ "type": "Feature", "properties": { "wmUplineSo": "HILL CITY", "wmType": "Underground" }, "geometry": { "type": "LineString", "coordinates": [ [ -93.600564, 47.0277430000001 ], [ -93.600825568054006, 47.027842791317099 ], [ -93.601057783543695, 47.0278651038576 ], [ -93.601311721799505, 47.027913718659399 ], [ -93.601327939948703, 47.027840154454204 ], [ -93.601414, 47.027877 ] ] } },
{ "type": "Feature", "properties": { "wmUplineSo": "HILL CITY", "wmType": "Underground" }, "geometry": { "type": "LineString", "coordinates": [ [ -93.600951032532095, 47.037896956815601 ], [ -93.600692500000093, 47.037793400008802 ] ] } },
{ "type": "Feature", "properties": { "wmUplineSo": "HILL CITY", "wmType": "Underground" }, "geometry": { "type": "LineString", "coordinates": [ [ -93.605391574492103, 47.039180063814101 ], [ -93.605806800000096, 47.039078800008802 ] ] } },
{ "type": "Feature", "properties": { "wmUplineSo": "HILL CITY", "wmType": "Underground" }, "geometry": { "type": "LineString", "coordinates": [ [ -93.632553693593906, 47.043580447591403 ], [ -93.632763400000101, 47.043241000008798 ] ] } },
{ "type": "Feature", "properties": { "wmUplineSo": "HILL CITY", "wmType": "Underground" }, "geometry": { "type": "LineString", "coordinates": [ [ -93.657296300450895, 47.037189072251699 ], [ -93.658012600000106, 47.037554800008799 ] ] } },
{ "type": "Feature", "properties": { "wmUplineSo": "HILL CITY", "wmType": "Underground" }, "geometry": { "type": "LineString", "coordinates": [ [ -93.661724316034906, 47.043960574308798 ], [ -93.661826375997194, 47.044007325498498 ] ] } },
{ "type": "Feature", "properties": { "wmUplineSo": "HILL CITY", "wmType": "Underground" }, "geometry": { "type": "LineString", "coordinates": [ [ -93.673115801528795, 47.043259399663697 ], [ -93.673098500000094, 47.043154100008799 ] ] } },
{ "type": "Feature", "properties": { "wmUplineSo": "HILL CITY", "wmType": "Underground" }, "geometry": { "type": "LineString", "coordinates": [ [ -93.675615423915701, 47.057796628409797 ], [ -93.675816600000104, 47.057594100008799 ] ] } },
{ "type": "Feature", "properties": { "wmUplineSo": "HILL CITY", "wmType": "Underground" }, "geometry": { "type": "LineString", "coordinates": [ [ -93.677545635866394, 47.0575987513906 ], [ -93.677619500000105, 47.0574829000088 ] ] } },
{ "type": "Feature", "properties": { "wmUplineSo": "HILL CITY", "wmType": "Underground" }, "geometry": { "type": "LineString", "coordinates": [ [ -93.67663, 47.053382 ], [ -93.676687239513498, 47.053430235490502 ] ] } },
{ "type": "Feature", "properties": { "wmUplineSo": "HILL CITY", "wmType": "Underground" }, "geometry": { "type": "LineString", "coordinates": [ [ -93.681094165715905, 47.043050632673399 ], [ -93.681295100000099, 47.043331600008798 ] ] } },
{ "type": "Feature", "properties": { "wmUplineSo": "HILL CITY", "wmType": "Underground" }, "geometry": { "type": "LineString", "coordinates": [ [ -93.693588408403002, 47.039451725828897 ], [ -93.693629501084601, 47.039333047555601 ] ] } },
{ "type": "Feature", "properties": { "wmUplineSo": "HILL CITY", "wmType": "Underground" }, "geometry": { "type": "LineString", "coordinates": [ [ -93.595082779867099, 47.028891737878403 ], [ -93.594559700000104, 47.028668300008803 ] ] } },
{ "type": "Feature", "properties": { "wmUplineSo": "HILL CITY", "wmType": "Underground" }, "geometry": { "type": "LineString", "coordinates": [ [ -93.594257648233494, 47.026413878055102 ], [ -93.593977200000097, 47.025951800008798 ] ] } },
{ "type": "Feature", "properties": { "wmUplineSo": "HILL CITY", "wmType": "Underground" }, "geometry": { "type": "LineString", "coordinates": [ [ -93.597016146516097, 47.025998058705397 ], [ -93.597010600000104, 47.025939400008802 ] ] } },
{ "type": "Feature", "properties": { "wmUplineSo": "HILL CITY", "wmType": "Underground" }, "geometry": { "type": "LineString", "coordinates": [ [ -93.597016146516097, 47.025998058705397 ], [ -93.597272100000097, 47.025658500008802 ] ] } },
{ "type": "Feature", "properties": { "wmUplineSo": "HILL CITY", "wmType": "Underground" }, "geometry": { "type": "LineString", "coordinates": [ [ -93.596298950794605, 47.026378136611001 ], [ -93.596338200000105, 47.026236400008798 ] ] } },
{ "type": "Feature", "properties": { "wmUplineSo": "HILL CITY", "wmType": "Underground" }, "geometry": { "type": "LineString", "coordinates": [ [ -93.593739393766697, 47.026363632295798 ], [ -93.593036400000102, 47.026001900008801 ] ] } },
{ "type": "Feature", "properties": { "wmUplineSo": "HILL CITY", "wmType": "Underground" }, "geometry": { "type": "LineString", "coordinates": [ [ -93.593739393766697, 47.026363632295798 ], [ -93.593731268110105, 47.026462925550099 ] ] } },
{ "type": "Feature", "properties": { "wmUplineSo": "HILL CITY", "wmType": "Underground" }, "geometry": { "type": "LineString", "coordinates": [ [ -93.596298950794605, 47.026378136611001 ], [ -93.595499700000104, 47.026242880008802 ] ] } },
{ "type": "Feature", "properties": { "wmUplineSo": "HILL CITY", "wmType": "Underground" }, "geometry": { "type": "LineString", "coordinates": [ [ -93.596298950794605, 47.026378136611001 ], [ -93.596246304404801, 47.026155506085601 ] ] } },
{ "type": "Feature", "properties": { "wmUplineSo": "HILL CITY", "wmType": "Underground" }, "geometry": { "type": "LineString", "coordinates": [ [ -93.594130745512999, 47.024616959665401 ], [ -93.593999172089895, 47.024345192331403 ] ] } },
{ "type": "Feature", "properties": { "wmUplineSo": "HILL CITY", "wmType": "Underground" }, "geometry": { "type": "LineString", "coordinates": [ [ -93.594998988766605, 47.023702974561601 ], [ -93.595204900000098, 47.023644700008802 ] ] } },
{ "type": "Feature", "properties": { "wmUplineSo": "HILL CITY", "wmType": "Underground" }, "geometry": { "type": "LineString", "coordinates": [ [ -93.594998988766605, 47.023702974561601 ], [ -93.595257200000106, 47.023546800008802 ] ] } },
{ "type": "Feature", "properties": { "wmUplineSo": "HILL CITY", "wmType": "Underground" }, "geometry": { "type": "LineString", "coordinates": [ [ -93.595580670300805, 47.024412324010001 ], [ -93.595814671364295, 47.024398960297098 ] ] } },
{ "type": "Feature", "properties": { "wmUplineSo": "HILL CITY", "wmType": "Underground" }, "geometry": { "type": "LineString", "coordinates": [ [ -93.595366795868202, 47.024967715787398 ], [ -93.595229100000097, 47.024711200008802 ] ] } },
{ "type": "Feature", "properties": { "wmUplineSo": "HILL CITY", "wmType": "Underground" }, "geometry": { "type": "LineString", "coordinates": [ [ -93.596729602445805, 47.025093880807603 ], [ -93.596902800000095, 47.025152200008797 ] ] } },
{ "type": "Feature", "properties": { "wmUplineSo": "HILL CITY", "wmType": "Underground" }, "geometry": { "type": "LineString", "coordinates": [ [ -93.595730823068095, 47.025348448532903 ], [ -93.595540442345794, 47.025602775849698 ] ] } },
{ "type": "Feature", "properties": { "wmUplineSo": "HILL CITY", "wmType": "Underground" }, "geometry": { "type": "LineString", "coordinates": [ [ -93.558000431618197, 47.028669159328899 ], [ -93.558056217300305, 47.028477455556299 ] ] } },
{ "type": "Feature", "properties": { "wmUplineSo": "HILL CITY", "wmType": "Underground" }, "geometry": { "type": "LineString", "coordinates": [ [ -93.567464954496003, 47.030111359088103 ], [ -93.567564400000094, 47.030201300008798 ] ] } },
{ "type": "Feature", "properties": { "wmUplineSo": "HILL CITY", "wmType": "Underground" }, "geometry": { "type": "LineString", "coordinates": [ [ -93.570865216792001, 47.012135719390301 ], [ -93.571591400000102, 47.011956600008801 ] ] } },
{ "type": "Feature", "properties": { "wmUplineSo": "HILL CITY", "wmType": "Underground" }, "geometry": { "type": "LineString", "coordinates": [ [ -93.594250042584306, 47.009329567748999 ], [ -93.594322000000105, 47.009214000008797 ] ] } },
{ "type": "Feature", "properties": { "wmUplineSo": "HILL CITY", "wmType": "Underground" }, "geometry": { "type": "LineString", "coordinates": [ [ -93.594250042584306, 47.009329567748999 ], [ -93.594118300000105, 47.009766800008798 ] ] } },
{ "type": "Feature", "properties": { "wmUplineSo": "HILL CITY", "wmType": "Underground" }, "geometry": { "type": "LineString", "coordinates": [ [ -93.592969681843996, 47.010935852400898 ], [ -93.593007581735307, 47.010874952383197 ] ] } },
{ "type": "Feature", "properties": { "wmUplineSo": "HILL CITY", "wmType": "Underground" }, "geometry": { "type": "LineString", "coordinates": [ [ -93.593208705269404, 47.011522338625099 ], [ -93.593434904476396, 47.011325038413602 ] ] } },
{ "type": "Feature", "properties": { "wmUplineSo": "HILL CITY", "wmType": "Underground" }, "geometry": { "type": "LineString", "coordinates": [ [ -93.592969681843996, 47.010935852400898 ], [ -93.5930284817683, 47.010903252368401 ] ] } },
{ "type": "Feature", "properties": { "wmUplineSo": "HILL CITY", "wmType": "Underground" }, "geometry": { "type": "LineString", "coordinates": [ [ -93.592583136681696, 47.015882041699903 ], [ -93.592769100000098, 47.015879100008803 ] ] } },
{ "type": "Feature", "properties": { "wmUplineSo": "HILL CITY", "wmType": "Underground" }, "geometry": { "type": "LineString", "coordinates": [ [ -93.592181271976699, 47.016488666873698 ], [ -93.592282700000098, 47.0164291000088 ] ] } },
{ "type": "Feature", "properties": { "wmUplineSo": "HILL CITY", "wmType": "Underground" }, "geometry": { "type": "LineString", "coordinates": [ [ -93.592678518812406, 47.016976715121501 ], [ -93.593346600000103, 47.016915300008797 ] ] } },
{ "type": "Feature", "properties": { "wmUplineSo": "HILL CITY", "wmType": "Underground" }, "geometry": { "type": "LineString", "coordinates": [ [ -93.592678518812406, 47.016976715121501 ], [ -93.5928727000001, 47.016966200008802 ] ] } },
{ "type": "Feature", "properties": { "wmUplineSo": "HILL CITY", "wmType": "Underground" }, "geometry": { "type": "LineString", "coordinates": [ [ -93.592852688953101, 47.020925699240799 ], [ -93.592877700000102, 47.020999200008802 ] ] } },
{ "type": "Feature", "properties": { "wmUplineSo": "HILL CITY", "wmType": "Underground" }, "geometry": { "type": "LineString", "coordinates": [ [ -93.590214000035601, 47.036107003570201 ], [ -93.590352353575895, 47.0361779844403 ] ] } },
{ "type": "Feature", "properties": { "wmUplineSo": "HILL CITY", "wmType": "Underground" }, "geometry": { "type": "LineString", "coordinates": [ [ -93.597996580597396, 46.988132890912397 ], [ -93.598302200000106, 46.987865500008702 ] ] } },
{ "type": "Feature", "properties": { "wmUplineSo": "HILL CITY", "wmType": "Underground" }, "geometry": { "type": "LineString", "coordinates": [ [ -93.594643114384098, 46.985754264642402 ], [ -93.594973419350495, 46.9855869538723 ] ] } },
{ "type": "Feature", "properties": { "wmUplineSo": "HILL CITY", "wmType": "Underground" }, "geometry": { "type": "LineString", "coordinates": [ [ -93.5962847710435, 46.985658511373501 ], [ -93.596327015898098, 46.985659416351197 ] ] } },
{ "type": "Feature", "properties": { "wmUplineSo": "HILL CITY", "wmType": "Underground" }, "geometry": { "type": "LineString", "coordinates": [ [ -93.595554814509299, 46.985207365761397 ], [ -93.595687700000099, 46.984623200008699 ] ] } },
{ "type": "Feature", "properties": { "wmUplineSo": "HILL CITY", "wmType": "Underground" }, "geometry": { "type": "LineString", "coordinates": [ [ -93.595927935925502, 46.9869604630358 ], [ -93.595336500000101, 46.986969000008699 ] ] } },
{ "type": "Feature", "properties": { "wmUplineSo": "HILL CITY", "wmType": "Underground" }, "geometry": { "type": "LineString", "coordinates": [ [ -93.593439345353204, 46.988116858146398 ], [ -93.593452300000095, 46.988188000008698 ] ] } },
{ "type": "Feature", "properties": { "wmUplineSo": "HILL CITY", "wmType": "Underground" }, "geometry": { "type": "LineString", "coordinates": [ [ -93.593605587815603, 46.986627018737003 ], [ -93.593603000000101, 46.986380400008699 ] ] } },
{ "type": "Feature", "properties": { "wmUplineSo": "HILL CITY", "wmType": "Underground" }, "geometry": { "type": "LineString", "coordinates": [ [ -93.541934275977994, 46.997465320418598 ], [ -93.541911177459397, 46.9973996031217 ] ] } },
{ "type": "Feature", "properties": { "wmUplineSo": "HILL CITY", "wmType": "Underground" }, "geometry": { "type": "LineString", "coordinates": [ [ -93.599046128884495, 47.002367015777097 ], [ -93.598649100000102, 47.002713100008798 ] ] } },
{ "type": "Feature", "properties": { "wmUplineSo": "HILL CITY", "wmType": "Underground" }, "geometry": { "type": "LineString", "coordinates": [ [ -93.593170971780694, 46.994649930422099 ], [ -93.592877300000097, 46.994628300008699 ] ] } },
{ "type": "Feature", "properties": { "wmUplineSo": "HILL CITY", "wmType": "Underground" }, "geometry": { "type": "LineString", "coordinates": [ [ -93.594591629835506, 46.998198543664401 ], [ -93.594725200000099, 46.998314900008801 ] ] } },
{ "type": "Feature", "properties": { "wmUplineSo": "HILL CITY", "wmType": "Underground" }, "geometry": { "type": "LineString", "coordinates": [ [ -93.593822482737494, 46.997953531477997 ], [ -93.593368300000094, 46.997712800008799 ] ] } },
{ "type": "Feature", "properties": { "wmUplineSo": "HILL CITY", "wmType": "Underground" }, "geometry": { "type": "LineString", "coordinates": [ [ -93.594786302831807, 46.998946216125198 ], [ -93.594796600000095, 46.998877600008697 ] ] } },
{ "type": "Feature", "properties": { "wmUplineSo": "HILL CITY", "wmType": "Underground" }, "geometry": { "type": "LineString", "coordinates": [ [ -93.594786302831807, 46.998946216125198 ], [ -93.595076000000105, 46.999045600008799 ] ] } },
{ "type": "Feature", "properties": { "wmUplineSo": "HILL CITY", "wmType": "Underground" }, "geometry": { "type": "LineString", "coordinates": [ [ -93.595500441421507, 46.999444853358803 ], [ -93.596009600000102, 46.999125800008798 ] ] } },
{ "type": "Feature", "properties": { "wmUplineSo": "HILL CITY", "wmType": "Underground" }, "geometry": { "type": "LineString", "coordinates": [ [ -93.591783891168106, 46.995626157343303 ], [ -93.591392100000107, 46.995747000008699 ] ] } },
{ "type": "Feature", "properties": { "wmUplineSo": "HILL CITY", "wmType": "Underground" }, "geometry": { "type": "LineString", "coordinates": [ [ -93.591905410384697, 46.995111580648199 ], [ -93.591341, 46.9948941000088 ] ] } },
{ "type": "Feature", "properties": { "wmUplineSo": "HILL CITY", "wmType": "Underground" }, "geometry": { "type": "LineString", "coordinates": [ [ -93.591905410384697, 46.995111580648199 ], [ -93.591673600000107, 46.995338300008697 ] ] } },
{ "type": "Feature", "properties": { "wmUplineSo": "HILL CITY", "wmType": "Underground" }, "geometry": { "type": "LineString", "coordinates": [ [ -93.591783891168106, 46.995626157343303 ], [ -93.591629400000102, 46.995553100008799 ] ] } },
{ "type": "Feature", "properties": { "wmUplineSo": "HILL CITY", "wmType": "Underground" }, "geometry": { "type": "LineString", "coordinates": [ [ -93.605307799739094, 46.976455343107503 ], [ -93.6049754000001, 46.976516900008697 ] ] } },
{ "type": "Feature", "properties": { "wmUplineSo": "HILL CITY", "wmType": "Underground" }, "geometry": { "type": "LineString", "coordinates": [ [ -93.606489655195404, 46.978891157253003 ], [ -93.606208100000103, 46.978886300008703 ] ] } },
{ "type": "Feature", "properties": { "wmUplineSo": "HILL CITY", "wmType": "Underground" }, "geometry": { "type": "LineString", "coordinates": [ [ -93.583752754811599, 46.982611970052602 ], [ -93.584033199029406, 46.982725215683502 ] ] } },
{ "type": "Feature", "properties": { "wmUplineSo": "HILL CITY", "wmType": "Underground" }, "geometry": { "type": "LineString", "coordinates": [ [ -93.583752754811599, 46.982611970052602 ], [ -93.584133100000102, 46.9825056000087 ] ] } },
{ "type": "Feature", "properties": { "wmUplineSo": "HILL CITY", "wmType": "Underground" }, "geometry": { "type": "LineString", "coordinates": [ [ -93.5837684191291, 46.981816498592899 ], [ -93.583979, 46.9820927000087 ] ] } },
{ "type": "Feature", "properties": { "wmUplineSo": "HILL CITY", "wmType": "Underground" }, "geometry": { "type": "LineString", "coordinates": [ [ -93.5837684191291, 46.981816498592899 ], [ -93.584428200000104, 46.981947000008702 ] ] } },
{ "type": "Feature", "properties": { "wmUplineSo": "HILL CITY", "wmType": "Underground" }, "geometry": { "type": "LineString", "coordinates": [ [ -93.583424382551598, 46.9830167121141 ], [ -93.583964800000103, 46.983484300008698 ] ] } },
{ "type": "Feature", "properties": { "wmUplineSo": "HILL CITY", "wmType": "Underground" }, "geometry": { "type": "LineString", "coordinates": [ [ -93.576259320269401, 46.988870917098197 ], [ -93.575960800000104, 46.988747300008697 ] ] } },
{ "type": "Feature", "properties": { "wmUplineSo": "HILL CITY", "wmType": "Underground" }, "geometry": { "type": "LineString", "coordinates": [ [ -93.581908348582303, 46.990753739217602 ], [ -93.581412700000101, 46.990922400008699 ] ] } },
{ "type": "Feature", "properties": { "wmUplineSo": "HILL CITY", "wmType": "Underground" }, "geometry": { "type": "LineString", "coordinates": [ [ -93.583134000034903, 46.991285003558197 ], [ -93.583554600000099, 46.991237300008699 ] ] } },
{ "type": "Feature", "properties": { "wmUplineSo": "HILL CITY", "wmType": "Underground" }, "geometry": { "type": "LineString", "coordinates": [ [ -93.584061091974803, 46.9909862455346 ], [ -93.5842162000001, 46.991231100008697 ] ] } },
{ "type": "Feature", "properties": { "wmUplineSo": "HILL CITY", "wmType": "Underground" }, "geometry": { "type": "LineString", "coordinates": [ [ -93.570901370419193, 46.985472728865297 ], [ -93.570502000000104, 46.985178800008697 ] ] } },
{ "type": "Feature", "properties": { "wmUplineSo": "HILL CITY", "wmType": "Underground" }, "geometry": { "type": "LineString", "coordinates": [ [ -93.571911386863505, 46.982547105480897 ], [ -93.572239605061498, 46.982485643244402 ] ] } },
{ "type": "Feature", "properties": { "wmUplineSo": "HILL CITY", "wmType": "Underground" }, "geometry": { "type": "LineString", "coordinates": [ [ -93.570967771473505, 46.980646305098901 ], [ -93.570879600000097, 46.980575200008701 ] ] } },
{ "type": "Feature", "properties": { "wmUplineSo": "HILL CITY", "wmType": "Underground" }, "geometry": { "type": "LineString", "coordinates": [ [ -93.569538365447002, 46.985384716090898 ], [ -93.568943500000103, 46.985212300008698 ] ] } },
{ "type": "Feature", "properties": { "wmUplineSo": "HILL CITY", "wmType": "Underground" }, "geometry": { "type": "LineString", "coordinates": [ [ -93.558991584990807, 46.992725654736503 ], [ -93.558471500000095, 46.992405900008698 ] ] } },
{ "type": "Feature", "properties": { "wmUplineSo": "HILL CITY", "wmType": "Underground" }, "geometry": { "type": "LineString", "coordinates": [ [ -93.559918782020603, 46.9954324375448 ], [ -93.560223870729104, 46.995841562434698 ] ] } },
{ "type": "Feature", "properties": { "wmUplineSo": "HILL CITY", "wmType": "Underground" }, "geometry": { "type": "LineString", "coordinates": [ [ -93.559918782020603, 46.9954324375448 ], [ -93.559439921437104, 46.995557872119001 ] ] } },
{ "type": "Feature", "properties": { "wmUplineSo": "HILL CITY", "wmType": "Underground" }, "geometry": { "type": "LineString", "coordinates": [ [ -93.567993804342095, 47.001231259041198 ], [ -93.567878700000094, 47.001292600008803 ] ] } },
{ "type": "Feature", "properties": { "wmUplineSo": "HILL CITY", "wmType": "Underground" }, "geometry": { "type": "LineString", "coordinates": [ [ -93.575606474012105, 47.003649859004902 ], [ -93.575550700000093, 47.003497000008799 ] ] } },
{ "type": "Feature", "properties": { "wmUplineSo": "HILL CITY", "wmType": "Underground" }, "geometry": { "type": "LineString", "coordinates": [ [ -93.548480281855305, 47.001082273236698 ], [ -93.548021100000099, 47.000225600008797 ] ] } },
{ "type": "Feature", "properties": { "wmUplineSo": "HILL CITY", "wmType": "Underground" }, "geometry": { "type": "LineString", "coordinates": [ [ -93.543703269639806, 46.995719214947698 ], [ -93.544123, 46.995546900008797 ] ] } },
{ "type": "Feature", "properties": { "wmUplineSo": "HILL CITY", "wmType": "Underground" }, "geometry": { "type": "LineString", "coordinates": [ [ -93.5167350775112, 46.995371452459501 ], [ -93.516683634536506, 46.994689686387403 ] ] } },
{ "type": "Feature", "properties": { "wmUplineSo": "HILL CITY", "wmType": "Underground" }, "geometry": { "type": "LineString", "coordinates": [ [ -93.519271585075003, 47.001258554122899 ], [ -93.518991259985896, 47.001488501254599 ] ] } },
{ "type": "Feature", "properties": { "wmUplineSo": "HILL CITY", "wmType": "Underground" }, "geometry": { "type": "LineString", "coordinates": [ [ -93.534080465768994, 47.002246516296999 ], [ -93.533881851616002, 47.002334620907902 ] ] } }
]
}
