{
"type": "FeatureCollection",
"crs": { "type": "name", "properties": { "name": "urn:ogc:def:crs:OGC:1.3:CRS84" } },
"features": [
{ "type": "Feature", "properties": { "wmUplineSo": "LONGVILLE", "wmType": "Overhead" }, "geometry": { "type": "LineString", "coordinates": [ [ -94.209577000073395, 46.990066003557097 ], [ -94.208512400000501, 46.990233500008699 ] ] } },
{ "type": "Feature", "properties": { "wmUplineSo": "LONGVILLE", "wmType": "Overhead" }, "geometry": { "type": "LineString", "coordinates": [ [ -94.120428520132407, 47.0866173899283 ], [ -94.12124, 47.087145 ] ] } },
{ "type": "Feature", "properties": { "wmUplineSo": "LONGVILLE", "wmType": "Overhead" }, "geometry": { "type": "LineString", "coordinates": [ [ -94.214505501876602, 47.008623637615401 ], [ -94.214704800000504, 47.008623700008798 ] ] } },
{ "type": "Feature", "properties": { "wmUplineSo": "LONGVILLE", "wmType": "Overhead" }, "geometry": { "type": "LineString", "coordinates": [ [ -94.214473806918605, 47.009551006066502 ], [ -94.2139886870483, 47.009767798466001 ] ] } },
{ "type": "Feature", "properties": { "wmUplineSo": "LONGVILLE", "wmType": "Overhead" }, "geometry": { "type": "LineString", "coordinates": [ [ -94.226045673944498, 47.0516526627977 ], [ -94.226067337495095, 47.051501778010497 ] ] } },
{ "type": "Feature", "properties": { "wmUplineSo": "LONGVILLE", "wmType": "Overhead" }, "geometry": { "type": "LineString", "coordinates": [ [ -94.208599876615494, 47.053952717283899 ], [ -94.208822300000506, 47.053861300008798 ] ] } },
{ "type": "Feature", "properties": { "wmUplineSo": "LONGVILLE", "wmType": "Overhead" }, "geometry": { "type": "LineString", "coordinates": [ [ -94.167702127221006, 47.052916596412899 ], [ -94.167784122827399, 47.053039597352999 ] ] } },
{ "type": "Feature", "properties": { "wmUplineSo": "LONGVILLE", "wmType": "Overhead" }, "geometry": { "type": "LineString", "coordinates": [ [ -94.147525902825606, 47.0495225445584 ], [ -94.147823100000394, 47.049264100008799 ] ] } },
{ "type": "Feature", "properties": { "wmUplineSo": "LONGVILLE", "wmType": "Overhead" }, "geometry": { "type": "LineString", "coordinates": [ [ -94.160302586151005, 47.056256947248798 ], [ -94.158500000000402, 47.0559488000088 ] ] } },
{ "type": "Feature", "properties": { "wmUplineSo": "LONGVILLE", "wmType": "Overhead" }, "geometry": { "type": "LineString", "coordinates": [ [ -94.209674754577804, 46.992732040331298 ], [ -94.209468100000507, 46.992632100008699 ] ] } },
{ "type": "Feature", "properties": { "wmUplineSo": "LONGVILLE", "wmType": "Overhead" }, "geometry": { "type": "LineString", "coordinates": [ [ -94.209674754577804, 46.992732040331298 ], [ -94.209368245745196, 46.993033261025303 ] ] } },
{ "type": "Feature", "properties": { "wmUplineSo": "LONGVILLE", "wmType": "Overhead" }, "geometry": { "type": "LineString", "coordinates": [ [ -94.209674754577804, 46.992732040331298 ], [ -94.209468100000507, 46.992632100008699 ] ] } },
{ "type": "Feature", "properties": { "wmUplineSo": "LONGVILLE", "wmType": "Overhead" }, "geometry": { "type": "LineString", "coordinates": [ [ -94.209835000073497, 46.991855003557603 ], [ -94.209921800000501, 46.991820600008701 ] ] } },
{ "type": "Feature", "properties": { "wmUplineSo": "LONGVILLE", "wmType": "Overhead" }, "geometry": { "type": "LineString", "coordinates": [ [ -94.209835000073497, 46.991855003557603 ], [ -94.209830900000497, 46.992049800008701 ] ] } },
{ "type": "Feature", "properties": { "wmUplineSo": "LONGVILLE", "wmType": "Overhead" }, "geometry": { "type": "LineString", "coordinates": [ [ -94.209835000073497, 46.991855003557603 ], [ -94.209869000000495, 46.991526000008697 ] ] } },
{ "type": "Feature", "properties": { "wmUplineSo": "LONGVILLE", "wmType": "Overhead" }, "geometry": { "type": "LineString", "coordinates": [ [ -94.209835000073497, 46.991855003557603 ], [ -94.209756300000507, 46.991875300008701 ] ] } },
{ "type": "Feature", "properties": { "wmUplineSo": "LONGVILLE", "wmType": "Overhead" }, "geometry": { "type": "LineString", "coordinates": [ [ -94.094691602354104, 47.034984404171901 ], [ -94.094406100000299, 47.034899400008797 ] ] } },
{ "type": "Feature", "properties": { "wmUplineSo": "LONGVILLE", "wmType": "Overhead" }, "geometry": { "type": "LineString", "coordinates": [ [ -94.176979301952997, 47.028252361230301 ], [ -94.177047, 47.02797 ] ] } },
{ "type": "Feature", "properties": { "wmUplineSo": "LONGVILLE", "wmType": "Overhead" }, "geometry": { "type": "LineString", "coordinates": [ [ -94.084571016598701, 47.042701361279697 ], [ -94.084622800000304, 47.042719600008802 ] ] } },
{ "type": "Feature", "properties": { "wmUplineSo": "LONGVILLE", "wmType": "Overhead" }, "geometry": { "type": "LineString", "coordinates": [ [ -94.190114397292504, 47.025776411999402 ], [ -94.190369700000502, 47.025672100008798 ] ] } },
{ "type": "Feature", "properties": { "wmUplineSo": "LONGVILLE", "wmType": "Overhead" }, "geometry": { "type": "LineString", "coordinates": [ [ -94.080419942378398, 47.042596347836302 ], [ -94.080092300000302, 47.0427693000088 ] ] } },
{ "type": "Feature", "properties": { "wmUplineSo": "LONGVILLE", "wmType": "Overhead" }, "geometry": { "type": "LineString", "coordinates": [ [ -94.213459399558005, 47.024876829205397 ], [ -94.213376032870798, 47.024914922160598 ] ] } },
{ "type": "Feature", "properties": { "wmUplineSo": "LONGVILLE", "wmType": "Overhead" }, "geometry": { "type": "LineString", "coordinates": [ [ -94.212298435307005, 47.023697829335603 ], [ -94.212347500000504, 47.024098800008801 ] ] } },
{ "type": "Feature", "properties": { "wmUplineSo": "LONGVILLE", "wmType": "Overhead" }, "geometry": { "type": "LineString", "coordinates": [ [ -94.211174443347403, 47.024540011027298 ], [ -94.2112290000005, 47.024501100008798 ] ] } },
{ "type": "Feature", "properties": { "wmUplineSo": "LONGVILLE", "wmType": "Overhead" }, "geometry": { "type": "LineString", "coordinates": [ [ -94.2151873909839, 47.034829070095199 ], [ -94.215800600000506, 47.034945200008799 ] ] } },
{ "type": "Feature", "properties": { "wmUplineSo": "LONGVILLE", "wmType": "Overhead" }, "geometry": { "type": "LineString", "coordinates": [ [ -94.215088984675106, 47.033951804718001 ], [ -94.2155496000005, 47.033550100008803 ] ] } },
{ "type": "Feature", "properties": { "wmUplineSo": "LONGVILLE", "wmType": "Overhead" }, "geometry": { "type": "LineString", "coordinates": [ [ -94.207566865232906, 47.0034112290626 ], [ -94.207562800000503, 47.0033858000088 ] ] } },
{ "type": "Feature", "properties": { "wmUplineSo": "LONGVILLE", "wmType": "Overhead" }, "geometry": { "type": "LineString", "coordinates": [ [ -94.207566865232906, 47.0034112290626 ], [ -94.207987300000497, 47.0035177000088 ] ] } },
{ "type": "Feature", "properties": { "wmUplineSo": "LONGVILLE", "wmType": "Overhead" }, "geometry": { "type": "LineString", "coordinates": [ [ -94.207566865232906, 47.0034112290626 ], [ -94.207176100000495, 47.003282000008802 ] ] } },
{ "type": "Feature", "properties": { "wmUplineSo": "LONGVILLE", "wmType": "Overhead" }, "geometry": { "type": "LineString", "coordinates": [ [ -94.203769434558794, 47.061001680006399 ], [ -94.204384500000501, 47.061406900008798 ] ] } },
{ "type": "Feature", "properties": { "wmUplineSo": "LONGVILLE", "wmType": "Overhead" }, "geometry": { "type": "LineString", "coordinates": [ [ -94.209705, 46.998017 ], [ -94.209799822907797, 46.998026184005099 ] ] } },
{ "type": "Feature", "properties": { "wmUplineSo": "LONGVILLE", "wmType": "Overhead" }, "geometry": { "type": "LineString", "coordinates": [ [ -94.193618038123205, 47.024429762111602 ], [ -94.192890800000498, 47.023203000008799 ] ] } },
{ "type": "Feature", "properties": { "wmUplineSo": "LONGVILLE", "wmType": "Overhead" }, "geometry": { "type": "LineString", "coordinates": [ [ -94.193618038123205, 47.024429762111602 ], [ -94.1926526000005, 47.023671200008799 ] ] } },
{ "type": "Feature", "properties": { "wmUplineSo": "LONGVILLE", "wmType": "Overhead" }, "geometry": { "type": "LineString", "coordinates": [ [ -94.137031979316205, 47.084021436647198 ], [ -94.136484400000398, 47.084825600008898 ] ] } },
{ "type": "Feature", "properties": { "wmUplineSo": "LONGVILLE", "wmType": "Overhead" }, "geometry": { "type": "LineString", "coordinates": [ [ -94.139885022040303, 47.084309443872698 ], [ -94.139886800000397, 47.084378300008801 ] ] } },
{ "type": "Feature", "properties": { "wmUplineSo": "LONGVILLE", "wmType": "Overhead" }, "geometry": { "type": "LineString", "coordinates": [ [ -94.137827321548897, 47.0849713764961 ], [ -94.137865200000405, 47.0851365000089 ] ] } },
{ "type": "Feature", "properties": { "wmUplineSo": "LONGVILLE", "wmType": "Overhead" }, "geometry": { "type": "LineString", "coordinates": [ [ -94.134306936949201, 47.083764430459802 ], [ -94.134401600000402, 47.084097100008798 ] ] } },
{ "type": "Feature", "properties": { "wmUplineSo": "LONGVILLE", "wmType": "Overhead" }, "geometry": { "type": "LineString", "coordinates": [ [ -94.134306936949201, 47.083764430459802 ], [ -94.134301800000401, 47.083818000008797 ] ] } },
{ "type": "Feature", "properties": { "wmUplineSo": "LONGVILLE", "wmType": "Overhead" }, "geometry": { "type": "LineString", "coordinates": [ [ -94.134241959181793, 47.083322431791601 ], [ -94.133453800000396, 47.0839216000089 ] ] } },
{ "type": "Feature", "properties": { "wmUplineSo": "LONGVILLE", "wmType": "Overhead" }, "geometry": { "type": "LineString", "coordinates": [ [ -94.199266264441604, 47.0127486489625 ], [ -94.199169666642106, 47.012857518237901 ] ] } },
{ "type": "Feature", "properties": { "wmUplineSo": "LONGVILLE", "wmType": "Overhead" }, "geometry": { "type": "LineString", "coordinates": [ [ -94.1013908171266, 47.080817642281403 ], [ -94.101081800000401, 47.081151300008798 ] ] } },
{ "type": "Feature", "properties": { "wmUplineSo": "LONGVILLE", "wmType": "Overhead" }, "geometry": { "type": "LineString", "coordinates": [ [ -94.154052573147297, 47.038594590759701 ], [ -94.154037400000405, 47.038491300008801 ] ] } },
{ "type": "Feature", "properties": { "wmUplineSo": "LONGVILLE", "wmType": "Overhead" }, "geometry": { "type": "LineString", "coordinates": [ [ -94.154250600000395, 47.038156400008802 ], [ -94.154770400000402, 47.038049000008797 ] ] } },
{ "type": "Feature", "properties": { "wmUplineSo": "LONGVILLE", "wmType": "Overhead" }, "geometry": { "type": "LineString", "coordinates": [ [ -94.154052573147297, 47.038594590759701 ], [ -94.154127400000405, 47.038684300008804 ] ] } },
{ "type": "Feature", "properties": { "wmUplineSo": "LONGVILLE", "wmType": "Overhead" }, "geometry": { "type": "LineString", "coordinates": [ [ -94.154052573147297, 47.038594590759701 ], [ -94.154037400000405, 47.038491300008801 ] ] } },
{ "type": "Feature", "properties": { "wmUplineSo": "LONGVILLE", "wmType": "Overhead" }, "geometry": { "type": "LineString", "coordinates": [ [ -94.0858624390968, 47.094482293908698 ], [ -94.085353100000304, 47.094525600008801 ] ] } },
{ "type": "Feature", "properties": { "wmUplineSo": "LONGVILLE", "wmType": "Overhead" }, "geometry": { "type": "LineString", "coordinates": [ [ -94.0858624390968, 47.094482293908698 ], [ -94.085663100000403, 47.094880100008901 ] ] } },
{ "type": "Feature", "properties": { "wmUplineSo": "LONGVILLE", "wmType": "Overhead" }, "geometry": { "type": "LineString", "coordinates": [ [ -94.084485528553898, 47.092174295074699 ], [ -94.083680100000294, 47.092146500008901 ] ] } },
{ "type": "Feature", "properties": { "wmUplineSo": "LONGVILLE", "wmType": "Overhead" }, "geometry": { "type": "LineString", "coordinates": [ [ -94.085103462311395, 47.093749294917501 ], [ -94.084797444075505, 47.093964293396198 ] ] } },
{ "type": "Feature", "properties": { "wmUplineSo": "LONGVILLE", "wmType": "Overhead" }, "geometry": { "type": "LineString", "coordinates": [ [ -94.210755967642996, 46.991377083893902 ], [ -94.210804300000504, 46.9914278000088 ] ] } },
{ "type": "Feature", "properties": { "wmUplineSo": "LONGVILLE", "wmType": "Overhead" }, "geometry": { "type": "LineString", "coordinates": [ [ -94.246813894515498, 47.059110936288803 ], [ -94.246605927968503, 47.059166195342698 ], [ -94.246605927089703, 47.0591740903157 ], [ -94.2466701000005, 47.0588844000088 ] ] } },
{ "type": "Feature", "properties": { "wmUplineSo": "LONGVILLE", "wmType": "Overhead" }, "geometry": { "type": "LineString", "coordinates": [ [ -94.191646687350897, 47.016833841510902 ], [ -94.191646000000503, 47.016853100008802 ] ] } },
{ "type": "Feature", "properties": { "wmUplineSo": "LONGVILLE", "wmType": "Overhead" }, "geometry": { "type": "LineString", "coordinates": [ [ -94.203905, 47.003578 ], [ -94.203918728399103, 47.003584105383098 ], [ -94.204223310679396, 47.003583752767597 ], [ -94.204231, 47.003577 ], [ -94.204229900000499, 47.003602700008798 ] ] } },
{ "type": "Feature", "properties": { "wmUplineSo": "LONGVILLE", "wmType": "Overhead" }, "geometry": { "type": "LineString", "coordinates": [ [ -94.125083768457699, 47.085219490148098 ], [ -94.125088300000399, 47.085329100008899 ] ] } },
{ "type": "Feature", "properties": { "wmUplineSo": "LONGVILLE", "wmType": "Overhead" }, "geometry": { "type": "LineString", "coordinates": [ [ -94.194985664239596, 47.0138087556222 ], [ -94.195069300000497, 47.013794800008803 ] ] } },
{ "type": "Feature", "properties": { "wmUplineSo": "LONGVILLE", "wmType": "Overhead" }, "geometry": { "type": "LineString", "coordinates": [ [ -94.215389000074396, 47.052683003574302 ], [ -94.215400600000507, 47.052662300008798 ] ] } },
{ "type": "Feature", "properties": { "wmUplineSo": "LONGVILLE", "wmType": "Overhead" }, "geometry": { "type": "LineString", "coordinates": [ [ -94.224968135172205, 47.0552047629836 ], [ -94.224725374489907, 47.055192487870201 ] ] } },
{ "type": "Feature", "properties": { "wmUplineSo": "LONGVILLE", "wmType": "Overhead" }, "geometry": { "type": "LineString", "coordinates": [ [ -94.208775804889001, 47.003927998334198 ], [ -94.2089823000005, 47.003980300008799 ] ] } },
{ "type": "Feature", "properties": { "wmUplineSo": "LONGVILLE", "wmType": "Overhead" }, "geometry": { "type": "LineString", "coordinates": [ [ -94.177047, 47.02797 ], [ -94.177115870318502, 47.027920167001398 ] ] } },
{ "type": "Feature", "properties": { "wmUplineSo": "LONGVILLE", "wmType": "Overhead" }, "geometry": { "type": "LineString", "coordinates": [ [ -94.177047, 47.02797 ], [ -94.177083385166299, 47.027906109527201 ] ] } },
{ "type": "Feature", "properties": { "wmUplineSo": "LONGVILLE", "wmType": "Overhead" }, "geometry": { "type": "LineString", "coordinates": [ [ -94.076986000065801, 47.081380003582403 ], [ -94.077710000065807, 47.081462003582303 ] ] } },
{ "type": "Feature", "properties": { "wmUplineSo": "LONGVILLE", "wmType": "Overhead" }, "geometry": { "type": "LineString", "coordinates": [ [ -94.147496384436494, 47.035290705547602 ], [ -94.148263119086593, 47.035153090441703 ] ] } },
{ "type": "Feature", "properties": { "wmUplineSo": "LONGVILLE", "wmType": "Overhead" }, "geometry": { "type": "LineString", "coordinates": [ [ -94.24831, 47.053097 ], [ -94.24925, 47.053114 ] ] } },
{ "type": "Feature", "properties": { "wmUplineSo": "LONGVILLE", "wmType": "Overhead" }, "geometry": { "type": "LineString", "coordinates": [ [ -94.160162050843596, 47.052962561508302 ], [ -94.160405119030301, 47.053657560949198 ] ] } },
{ "type": "Feature", "properties": { "wmUplineSo": "LONGVILLE", "wmType": "Overhead" }, "geometry": { "type": "LineString", "coordinates": [ [ -94.146705102082393, 47.035351810609001 ], [ -94.147496384436494, 47.035290705547602 ] ] } },
{ "type": "Feature", "properties": { "wmUplineSo": "LONGVILLE", "wmType": "Overhead" }, "geometry": { "type": "LineString", "coordinates": [ [ -94.148263119086593, 47.035153090441703 ], [ -94.147825894557798, 47.035382066077602 ] ] } },
{ "type": "Feature", "properties": { "wmUplineSo": "LONGVILLE", "wmType": "Overhead" }, "geometry": { "type": "LineString", "coordinates": [ [ -94.147825894557798, 47.035382066077602 ], [ -94.147457562738396, 47.035460095104298 ] ] } },
{ "type": "Feature", "properties": { "wmUplineSo": "LONGVILLE", "wmType": "Overhead" }, "geometry": { "type": "LineString", "coordinates": [ [ -94.157554, 47.037923 ], [ -94.157599678764598, 47.0375905549013 ] ] } },
{ "type": "Feature", "properties": { "wmUplineSo": "LONGVILLE", "wmType": "Overhead" }, "geometry": { "type": "LineString", "coordinates": [ [ -94.209456000073502, 46.990345003557202 ], [ -94.209581923319007, 46.990330276453697 ] ] } },
{ "type": "Feature", "properties": { "wmUplineSo": "LONGVILLE", "wmType": "Overhead" }, "geometry": { "type": "LineString", "coordinates": [ [ -94.109109693773803, 47.084651588254196 ], [ -94.108323064311605, 47.085285017762601 ] ] } },
{ "type": "Feature", "properties": { "wmUplineSo": "LONGVILLE", "wmType": "Overhead" }, "geometry": { "type": "LineString", "coordinates": [ [ -94.214980058314396, 47.031477320852503 ], [ -94.215025000074206, 47.031890003568599 ] ] } },
{ "type": "Feature", "properties": { "wmUplineSo": "LONGVILLE", "wmType": "Overhead" }, "geometry": { "type": "LineString", "coordinates": [ [ -94.209020000073394, 46.989983003557199 ], [ -94.209022400000507, 46.989988800008703 ] ] } },
{ "type": "Feature", "properties": { "wmUplineSo": "LONGVILLE", "wmType": "Overhead" }, "geometry": { "type": "LineString", "coordinates": [ [ -94.180838320518504, 47.025820530812098 ], [ -94.180689029985203, 47.026307193234999 ] ] } },
{ "type": "Feature", "properties": { "wmUplineSo": "LONGVILLE", "wmType": "Overhead" }, "geometry": { "type": "LineString", "coordinates": [ [ -94.145105004147894, 47.036091653996102 ], [ -94.145327, 47.036442 ] ] } },
{ "type": "Feature", "properties": { "wmUplineSo": "LONGVILLE", "wmType": "Overhead" }, "geometry": { "type": "LineString", "coordinates": [ [ -94.105556414596904, 47.088372285064104 ], [ -94.105505913426697, 47.089264770715602 ] ] } },
{ "type": "Feature", "properties": { "wmUplineSo": "LONGVILLE", "wmType": "Overhead" }, "geometry": { "type": "LineString", "coordinates": [ [ -94.208446000073906, 47.052629003574403 ], [ -94.207749000073903, 47.052625003574299 ] ] } },
{ "type": "Feature", "properties": { "wmUplineSo": "LONGVILLE", "wmType": "Overhead" }, "geometry": { "type": "LineString", "coordinates": [ [ -94.207749000073903, 47.052625003574299 ], [ -94.207056000073806, 47.052620003574297 ] ] } },
{ "type": "Feature", "properties": { "wmUplineSo": "LONGVILLE", "wmType": "Overhead" }, "geometry": { "type": "LineString", "coordinates": [ [ -94.207056000073806, 47.052620003574297 ], [ -94.206136000073798, 47.052608003574399 ] ] } },
{ "type": "Feature", "properties": { "wmUplineSo": "LONGVILLE", "wmType": "Overhead" }, "geometry": { "type": "LineString", "coordinates": [ [ -94.206136000073798, 47.052608003574399 ], [ -94.205217000073702, 47.052596003574301 ] ] } },
{ "type": "Feature", "properties": { "wmUplineSo": "LONGVILLE", "wmType": "Overhead" }, "geometry": { "type": "LineString", "coordinates": [ [ -94.205217000073702, 47.052596003574301 ], [ -94.204293000073704, 47.052593003574302 ] ] } },
{ "type": "Feature", "properties": { "wmUplineSo": "LONGVILLE", "wmType": "Overhead" }, "geometry": { "type": "LineString", "coordinates": [ [ -94.209456000073502, 46.990345003557202 ], [ -94.209557000073502, 46.990537003557399 ] ] } },
{ "type": "Feature", "properties": { "wmUplineSo": "LONGVILLE", "wmType": "Overhead" }, "geometry": { "type": "LineString", "coordinates": [ [ -94.1877345250508, 47.030422993685001 ], [ -94.187753667129002, 47.0296697262349 ] ] } },
{ "type": "Feature", "properties": { "wmUplineSo": "LONGVILLE", "wmType": "Overhead" }, "geometry": { "type": "LineString", "coordinates": [ [ -94.168842885270195, 47.052895675097901 ], [ -94.169137937912694, 47.052073106720997 ] ] } },
{ "type": "Feature", "properties": { "wmUplineSo": "LONGVILLE", "wmType": "Overhead" }, "geometry": { "type": "LineString", "coordinates": [ [ -94.209557000073502, 46.990537003557399 ], [ -94.209684900000497, 46.990734300008803 ] ] } },
{ "type": "Feature", "properties": { "wmUplineSo": "LONGVILLE", "wmType": "Overhead" }, "geometry": { "type": "LineString", "coordinates": [ [ -94.24925, 47.053114 ], [ -94.250253, 47.053135 ] ] } },
{ "type": "Feature", "properties": { "wmUplineSo": "LONGVILLE", "wmType": "Overhead" }, "geometry": { "type": "LineString", "coordinates": [ [ -94.105646749719497, 47.080941128412903 ], [ -94.105462233028405, 47.080935519310501 ] ] } },
{ "type": "Feature", "properties": { "wmUplineSo": "LONGVILLE", "wmType": "Overhead" }, "geometry": { "type": "LineString", "coordinates": [ [ -94.105462233028405, 47.080935519310501 ], [ -94.105253133632104, 47.080931455851697 ] ] } },
{ "type": "Feature", "properties": { "wmUplineSo": "LONGVILLE", "wmType": "Overhead" }, "geometry": { "type": "LineString", "coordinates": [ [ -94.105646749719497, 47.080941128412903 ], [ -94.105877781734506, 47.080950955560198 ] ] } },
{ "type": "Feature", "properties": { "wmUplineSo": "LONGVILLE", "wmType": "Overhead" }, "geometry": { "type": "LineString", "coordinates": [ [ -94.105877781734506, 47.080950955560198 ], [ -94.106173698816505, 47.080951924446097 ] ] } },
{ "type": "Feature", "properties": { "wmUplineSo": "LONGVILLE", "wmType": "Overhead" }, "geometry": { "type": "LineString", "coordinates": [ [ -94.250253, 47.053135 ], [ -94.251476, 47.053206 ] ] } },
{ "type": "Feature", "properties": { "wmUplineSo": "LONGVILLE", "wmType": "Overhead" }, "geometry": { "type": "LineString", "coordinates": [ [ -94.106173698816505, 47.080951924446097 ], [ -94.106449156523595, 47.080967736233298 ] ] } },
{ "type": "Feature", "properties": { "wmUplineSo": "LONGVILLE", "wmType": "Overhead" }, "geometry": { "type": "LineString", "coordinates": [ [ -94.106449156523595, 47.080967736233298 ], [ -94.107625766488098, 47.081009470911397 ] ] } },
{ "type": "Feature", "properties": { "wmUplineSo": "LONGVILLE", "wmType": "Overhead" }, "geometry": { "type": "LineString", "coordinates": [ [ -94.267303365998103, 47.074981922439598 ], [ -94.26768, 47.075052 ] ] } },
{ "type": "Feature", "properties": { "wmUplineSo": "LONGVILLE", "wmType": "Overhead" }, "geometry": { "type": "LineString", "coordinates": [ [ -94.204114978757403, 47.033825282885701 ], [ -94.204135941079201, 47.033000157996703 ] ] } },
{ "type": "Feature", "properties": { "wmUplineSo": "LONGVILLE", "wmType": "Overhead" }, "geometry": { "type": "LineString", "coordinates": [ [ -94.212279000074204, 47.052673003574299 ], [ -94.212267610678595, 47.051967796945398 ] ] } },
{ "type": "Feature", "properties": { "wmUplineSo": "LONGVILLE", "wmType": "Overhead" }, "geometry": { "type": "LineString", "coordinates": [ [ -94.163740646962793, 47.036748702951797 ], [ -94.164274220933393, 47.036678566500299 ] ] } },
{ "type": "Feature", "properties": { "wmUplineSo": "LONGVILLE", "wmType": "Overhead" }, "geometry": { "type": "LineString", "coordinates": [ [ -94.164274220933393, 47.036678566500299 ], [ -94.164318269939201, 47.036616970376997 ] ] } },
{ "type": "Feature", "properties": { "wmUplineSo": "LONGVILLE", "wmType": "Overhead" }, "geometry": { "type": "LineString", "coordinates": [ [ -94.146427227614893, 47.036186890491898 ], [ -94.146506244479596, 47.036193544805101 ] ] } },
{ "type": "Feature", "properties": { "wmUplineSo": "LONGVILLE", "wmType": "Overhead" }, "geometry": { "type": "LineString", "coordinates": [ [ -94.187803, 47.016874 ], [ -94.187817339292806, 47.016896689394898 ] ] } },
{ "type": "Feature", "properties": { "wmUplineSo": "LONGVILLE", "wmType": "Overhead" }, "geometry": { "type": "LineString", "coordinates": [ [ -94.225850891540702, 47.052905941557697 ], [ -94.225860927071693, 47.0534956696672 ] ] } },
{ "type": "Feature", "properties": { "wmUplineSo": "LONGVILLE", "wmType": "Overhead" }, "geometry": { "type": "LineString", "coordinates": [ [ -94.180689029985203, 47.026307193234999 ], [ -94.180275, 47.02634 ] ] } },
{ "type": "Feature", "properties": { "wmUplineSo": "LONGVILLE", "wmType": "Overhead" }, "geometry": { "type": "LineString", "coordinates": [ [ -94.217904252993506, 47.020833426271203 ], [ -94.218969273357203, 47.021140222064602 ] ] } },
{ "type": "Feature", "properties": { "wmUplineSo": "LONGVILLE", "wmType": "Overhead" }, "geometry": { "type": "LineString", "coordinates": [ [ -94.19081, 47.012202 ], [ -94.190813538446804, 47.012193954060201 ] ] } },
{ "type": "Feature", "properties": { "wmUplineSo": "LONGVILLE", "wmType": "Overhead" }, "geometry": { "type": "LineString", "coordinates": [ [ -94.083960597704305, 47.090601295220701 ], [ -94.084230786015993, 47.091193683731603 ] ] } },
{ "type": "Feature", "properties": { "wmUplineSo": "LONGVILLE", "wmType": "Overhead" }, "geometry": { "type": "LineString", "coordinates": [ [ -94.193525887754504, 47.010823755872899 ], [ -94.193025443037499, 47.010297541358803 ] ] } },
{ "type": "Feature", "properties": { "wmUplineSo": "LONGVILLE", "wmType": "Overhead" }, "geometry": { "type": "LineString", "coordinates": [ [ -94.105713082063204, 47.0815648764843 ], [ -94.105994988260704, 47.081854166983803 ] ] } },
{ "type": "Feature", "properties": { "wmUplineSo": "LONGVILLE", "wmType": "Overhead" }, "geometry": { "type": "LineString", "coordinates": [ [ -94.119872929155505, 47.090163075758603 ], [ -94.119994900000407, 47.090044800008798 ] ] } },
{ "type": "Feature", "properties": { "wmUplineSo": "LONGVILLE", "wmType": "Overhead" }, "geometry": { "type": "LineString", "coordinates": [ [ -94.223152247537996, 47.0563685140866 ], [ -94.223169602484305, 47.056397169857398 ] ] } },
{ "type": "Feature", "properties": { "wmUplineSo": "LONGVILLE", "wmType": "Overhead" }, "geometry": { "type": "LineString", "coordinates": [ [ -94.251476, 47.053206 ], [ -94.252703, 47.053271 ] ] } },
{ "type": "Feature", "properties": { "wmUplineSo": "LONGVILLE", "wmType": "Overhead" }, "geometry": { "type": "LineString", "coordinates": [ [ -94.252703, 47.053271 ], [ -94.253945, 47.053344 ] ] } },
{ "type": "Feature", "properties": { "wmUplineSo": "LONGVILLE", "wmType": "Overhead" }, "geometry": { "type": "LineString", "coordinates": [ [ -94.253945, 47.053344 ], [ -94.255001, 47.053409 ] ] } },
{ "type": "Feature", "properties": { "wmUplineSo": "LONGVILLE", "wmType": "Overhead" }, "geometry": { "type": "LineString", "coordinates": [ [ -94.255001, 47.053409 ], [ -94.256058, 47.053461999999897 ] ] } },
{ "type": "Feature", "properties": { "wmUplineSo": "LONGVILLE", "wmType": "Overhead" }, "geometry": { "type": "LineString", "coordinates": [ [ -94.256058, 47.053461999999897 ], [ -94.257233, 47.053466 ] ] } },
{ "type": "Feature", "properties": { "wmUplineSo": "LONGVILLE", "wmType": "Overhead" }, "geometry": { "type": "LineString", "coordinates": [ [ -94.257233, 47.053466 ], [ -94.25839, 47.053471 ] ] } },
{ "type": "Feature", "properties": { "wmUplineSo": "LONGVILLE", "wmType": "Overhead" }, "geometry": { "type": "LineString", "coordinates": [ [ -94.25839, 47.053471 ], [ -94.259357, 47.05345 ] ] } },
{ "type": "Feature", "properties": { "wmUplineSo": "LONGVILLE", "wmType": "Overhead" }, "geometry": { "type": "LineString", "coordinates": [ [ -94.259357, 47.05345 ], [ -94.26034, 47.053433 ] ] } },
{ "type": "Feature", "properties": { "wmUplineSo": "LONGVILLE", "wmType": "Overhead" }, "geometry": { "type": "LineString", "coordinates": [ [ -94.26034, 47.053433 ], [ -94.261348, 47.053401999999899 ] ] } },
{ "type": "Feature", "properties": { "wmUplineSo": "LONGVILLE", "wmType": "Overhead" }, "geometry": { "type": "LineString", "coordinates": [ [ -94.261348, 47.053401999999899 ], [ -94.262398, 47.053370999999899 ] ] } },
{ "type": "Feature", "properties": { "wmUplineSo": "LONGVILLE", "wmType": "Overhead" }, "geometry": { "type": "LineString", "coordinates": [ [ -94.262398, 47.053370999999899 ], [ -94.263514, 47.053343 ] ] } },
{ "type": "Feature", "properties": { "wmUplineSo": "LONGVILLE", "wmType": "Overhead" }, "geometry": { "type": "LineString", "coordinates": [ [ -94.263514, 47.053343 ], [ -94.264637, 47.053309 ] ] } },
{ "type": "Feature", "properties": { "wmUplineSo": "LONGVILLE", "wmType": "Overhead" }, "geometry": { "type": "LineString", "coordinates": [ [ -94.264637, 47.053309 ], [ -94.265735, 47.053275999999897 ] ] } },
{ "type": "Feature", "properties": { "wmUplineSo": "LONGVILLE", "wmType": "Overhead" }, "geometry": { "type": "LineString", "coordinates": [ [ -94.265735, 47.053275999999897 ], [ -94.266787, 47.05325 ] ] } },
{ "type": "Feature", "properties": { "wmUplineSo": "LONGVILLE", "wmType": "Overhead" }, "geometry": { "type": "LineString", "coordinates": [ [ -94.209577000073395, 46.990066003557097 ], [ -94.209020000073394, 46.989983003557199 ] ] } },
{ "type": "Feature", "properties": { "wmUplineSo": "LONGVILLE", "wmType": "Overhead" }, "geometry": { "type": "LineString", "coordinates": [ [ -94.121231736447996, 47.087482832895397 ], [ -94.121447100000395, 47.087573100008903 ] ] } },
{ "type": "Feature", "properties": { "wmUplineSo": "LONGVILLE", "wmType": "Overhead" }, "geometry": { "type": "LineString", "coordinates": [ [ -94.158534, 47.038065 ], [ -94.158396210911107, 47.037970240652903 ] ] } },
{ "type": "Feature", "properties": { "wmUplineSo": "LONGVILLE", "wmType": "Overhead" }, "geometry": { "type": "LineString", "coordinates": [ [ -94.094372071699695, 47.0435513523975 ], [ -94.094043397322295, 47.0428243350188 ] ] } },
{ "type": "Feature", "properties": { "wmUplineSo": "LONGVILLE", "wmType": "Overhead" }, "geometry": { "type": "LineString", "coordinates": [ [ -94.266787, 47.05325 ], [ -94.267468921485303, 47.053258800453399 ] ] } },
{ "type": "Feature", "properties": { "wmUplineSo": "LONGVILLE", "wmType": "Overhead" }, "geometry": { "type": "LineString", "coordinates": [ [ -94.0954668870679, 47.034564323543897 ], [ -94.097485885707897, 47.033461661152899 ] ] } },
{ "type": "Feature", "properties": { "wmUplineSo": "LONGVILLE", "wmType": "Overhead" }, "geometry": { "type": "LineString", "coordinates": [ [ -94.259744032590504, 47.052776981525803 ], [ -94.259284042705701, 47.052294977069401 ] ] } },
{ "type": "Feature", "properties": { "wmUplineSo": "LONGVILLE", "wmType": "Overhead" }, "geometry": { "type": "LineString", "coordinates": [ [ -94.258696054862796, 47.051701971219302 ], [ -94.257826053696206, 47.051164962106398 ] ] } },
{ "type": "Feature", "properties": { "wmUplineSo": "LONGVILLE", "wmType": "Overhead" }, "geometry": { "type": "LineString", "coordinates": [ [ -94.255788000077004, 47.045807003572399 ], [ -94.255510579343294, 47.04482402304 ] ] } },
{ "type": "Feature", "properties": { "wmUplineSo": "LONGVILLE", "wmType": "Overhead" }, "geometry": { "type": "LineString", "coordinates": [ [ -94.255094486450901, 47.040641966540903 ], [ -94.255154526434097, 47.039866970724297 ] ] } },
{ "type": "Feature", "properties": { "wmUplineSo": "LONGVILLE", "wmType": "Overhead" }, "geometry": { "type": "LineString", "coordinates": [ [ -94.253630356078503, 47.021955021677897 ], [ -94.252137319285296, 47.021771998780999 ] ] } },
{ "type": "Feature", "properties": { "wmUplineSo": "LONGVILLE", "wmType": "Overhead" }, "geometry": { "type": "LineString", "coordinates": [ [ -94.252137319285296, 47.021771998780999 ], [ -94.250767295672702, 47.021392979121003 ] ] } },
{ "type": "Feature", "properties": { "wmUplineSo": "LONGVILLE", "wmType": "Overhead" }, "geometry": { "type": "LineString", "coordinates": [ [ -94.247577319541307, 47.019504968790798 ], [ -94.246929326440807, 47.0191179683504 ] ] } },
{ "type": "Feature", "properties": { "wmUplineSo": "LONGVILLE", "wmType": "Overhead" }, "geometry": { "type": "LineString", "coordinates": [ [ -94.235097371479497, 47.010446077776699 ], [ -94.234122498265293, 47.010552953858699 ] ] } },
{ "type": "Feature", "properties": { "wmUplineSo": "LONGVILLE", "wmType": "Overhead" }, "geometry": { "type": "LineString", "coordinates": [ [ -94.235097371479497, 47.010446077776699 ], [ -94.234422547919294, 47.009662957663302 ] ] } },
{ "type": "Feature", "properties": { "wmUplineSo": "LONGVILLE", "wmType": "Overhead" }, "geometry": { "type": "LineString", "coordinates": [ [ -94.248112312154305, 47.019871969703502 ], [ -94.247577319541307, 47.019504968790798 ] ] } },
{ "type": "Feature", "properties": { "wmUplineSo": "LONGVILLE", "wmType": "Overhead" }, "geometry": { "type": "LineString", "coordinates": [ [ -94.253630356078503, 47.021955021677897 ], [ -94.255259412959404, 47.021817047574103 ] ] } },
{ "type": "Feature", "properties": { "wmUplineSo": "LONGVILLE", "wmType": "Overhead" }, "geometry": { "type": "LineString", "coordinates": [ [ -94.084230786015993, 47.091193683731603 ], [ -94.084470295154304, 47.092115656370602 ] ] } },
{ "type": "Feature", "properties": { "wmUplineSo": "LONGVILLE", "wmType": "Overhead" }, "geometry": { "type": "LineString", "coordinates": [ [ -94.082648734803698, 47.087321297201299 ], [ -94.082635773870706, 47.0865572976424 ] ] } },
{ "type": "Feature", "properties": { "wmUplineSo": "LONGVILLE", "wmType": "Overhead" }, "geometry": { "type": "LineString", "coordinates": [ [ -94.083322725765697, 47.087792297555197 ], [ -94.082644500000299, 47.087423000008897 ] ] } },
{ "type": "Feature", "properties": { "wmUplineSo": "LONGVILLE", "wmType": "Overhead" }, "geometry": { "type": "LineString", "coordinates": [ [ -94.084542740958995, 47.087966299843202 ], [ -94.083563728564002, 47.087854298647002 ] ] } },
{ "type": "Feature", "properties": { "wmUplineSo": "LONGVILLE", "wmType": "Overhead" }, "geometry": { "type": "LineString", "coordinates": [ [ -94.234209587163406, 47.008787960311103 ], [ -94.233920622780701, 47.007931961955698 ] ] } },
{ "type": "Feature", "properties": { "wmUplineSo": "LONGVILLE", "wmType": "Overhead" }, "geometry": { "type": "LineString", "coordinates": [ [ -94.233071192721297, 47.005653765106402 ], [ -94.232867762987993, 47.004652969743297 ] ] } },
{ "type": "Feature", "properties": { "wmUplineSo": "LONGVILLE", "wmType": "Overhead" }, "geometry": { "type": "LineString", "coordinates": [ [ -94.233430658395704, 47.007012963702998 ], [ -94.233162691068898, 47.006259965771598 ] ] } },
{ "type": "Feature", "properties": { "wmUplineSo": "LONGVILLE", "wmType": "Overhead" }, "geometry": { "type": "LineString", "coordinates": [ [ -94.2321078128479, 47.0033619718712 ], [ -94.2330408355771, 47.003229975742101 ] ] } },
{ "type": "Feature", "properties": { "wmUplineSo": "LONGVILLE", "wmType": "Overhead" }, "geometry": { "type": "LineString", "coordinates": [ [ -94.233071192721297, 47.005653765106402 ], [ -94.232437180266302, 47.005640763983301 ] ] } },
{ "type": "Feature", "properties": { "wmUplineSo": "LONGVILLE", "wmType": "Overhead" }, "geometry": { "type": "LineString", "coordinates": [ [ -94.255259412959404, 47.021817047574103 ], [ -94.256349492473007, 47.0208850671467 ] ] } },
{ "type": "Feature", "properties": { "wmUplineSo": "LONGVILLE", "wmType": "Overhead" }, "geometry": { "type": "LineString", "coordinates": [ [ -94.246147, 47.053013 ], [ -94.247297654602704, 47.0534748359294 ] ] } },
{ "type": "Feature", "properties": { "wmUplineSo": "LONGVILLE", "wmType": "Overhead" }, "geometry": { "type": "LineString", "coordinates": [ [ -94.247600370312199, 47.059439813552501 ], [ -94.2482553774732, 47.059581813989503 ] ] } },
{ "type": "Feature", "properties": { "wmUplineSo": "LONGVILLE", "wmType": "Overhead" }, "geometry": { "type": "LineString", "coordinates": [ [ -94.247600370312199, 47.059439813552501 ], [ -94.247125359993902, 47.059487811702503 ] ] } },
{ "type": "Feature", "properties": { "wmUplineSo": "LONGVILLE", "wmType": "Overhead" }, "geometry": { "type": "LineString", "coordinates": [ [ -94.247600370312199, 47.059439813552501 ], [ -94.247623357079505, 47.059722812517798 ] ] } },
{ "type": "Feature", "properties": { "wmUplineSo": "LONGVILLE", "wmType": "Overhead" }, "geometry": { "type": "LineString", "coordinates": [ [ -94.247150225655503, 47.062246799713797 ], [ -94.246982182060407, 47.063054796685698 ] ] } },
{ "type": "Feature", "properties": { "wmUplineSo": "LONGVILLE", "wmType": "Overhead" }, "geometry": { "type": "LineString", "coordinates": [ [ -94.246865085822805, 47.0649947888529 ], [ -94.246063069932205, 47.064972787131602 ] ] } },
{ "type": "Feature", "properties": { "wmUplineSo": "LONGVILLE", "wmType": "Overhead" }, "geometry": { "type": "LineString", "coordinates": [ [ -94.251205027004701, 47.068124799018598 ], [ -94.2507680640107, 47.0671117970656 ] ] } },
{ "type": "Feature", "properties": { "wmUplineSo": "LONGVILLE", "wmType": "Overhead" }, "geometry": { "type": "LineString", "coordinates": [ [ -94.251205027004701, 47.068124799018598 ], [ -94.252298060033993, 47.068126813679299 ] ] } },
{ "type": "Feature", "properties": { "wmUplineSo": "LONGVILLE", "wmType": "Overhead" }, "geometry": { "type": "LineString", "coordinates": [ [ -94.254572126190894, 47.068137843310097 ], [ -94.254525149663294, 47.067626845824698 ] ] } },
{ "type": "Feature", "properties": { "wmUplineSo": "LONGVILLE", "wmType": "Overhead" }, "geometry": { "type": "LineString", "coordinates": [ [ -94.254572126190894, 47.068137843310097 ], [ -94.256077169186895, 47.068156864984402 ] ] } },
{ "type": "Feature", "properties": { "wmUplineSo": "LONGVILLE", "wmType": "Overhead" }, "geometry": { "type": "LineString", "coordinates": [ [ -94.267288418071402, 47.069897007022298 ], [ -94.268730458537604, 47.069925026805301 ] ] } },
{ "type": "Feature", "properties": { "wmUplineSo": "LONGVILLE", "wmType": "Overhead" }, "geometry": { "type": "LineString", "coordinates": [ [ -94.267288418071402, 47.069897007022298 ], [ -94.267488135641003, 47.0709785920467 ] ] } },
{ "type": "Feature", "properties": { "wmUplineSo": "LONGVILLE", "wmType": "Overhead" }, "geometry": { "type": "LineString", "coordinates": [ [ -94.267371947172407, 47.073353674085801 ], [ -94.268346764562907, 47.073311929186602 ] ] } },
{ "type": "Feature", "properties": { "wmUplineSo": "LONGVILLE", "wmType": "Overhead" }, "geometry": { "type": "LineString", "coordinates": [ [ -94.267371947172407, 47.073353674085801 ], [ -94.267318843526795, 47.074244732690197 ] ] } },
{ "type": "Feature", "properties": { "wmUplineSo": "LONGVILLE", "wmType": "Overhead" }, "geometry": { "type": "LineString", "coordinates": [ [ -94.269753209111201, 47.0756150126902 ], [ -94.270750240928706, 47.075590025004097 ] ] } },
{ "type": "Feature", "properties": { "wmUplineSo": "LONGVILLE", "wmType": "Overhead" }, "geometry": { "type": "LineString", "coordinates": [ [ -94.272750277890694, 47.076038049743701 ], [ -94.272888286280306, 47.075965052363699 ] ] } },
{ "type": "Feature", "properties": { "wmUplineSo": "LONGVILLE", "wmType": "Overhead" }, "geometry": { "type": "LineString", "coordinates": [ [ -94.272750277890694, 47.076038049743701 ], [ -94.272753234928004, 47.076933045455903 ] ] } },
{ "type": "Feature", "properties": { "wmUplineSo": "LONGVILLE", "wmType": "Overhead" }, "geometry": { "type": "LineString", "coordinates": [ [ -94.272662154179898, 47.078487035274499 ], [ -94.273180169525304, 47.078487042942299 ] ] } },
{ "type": "Feature", "properties": { "wmUplineSo": "LONGVILLE", "wmType": "Overhead" }, "geometry": { "type": "LineString", "coordinates": [ [ -94.272662154179898, 47.078487035274499 ], [ -94.272655129250495, 47.0790250333975 ] ] } },
{ "type": "Feature", "properties": { "wmUplineSo": "LONGVILLE", "wmType": "Overhead" }, "geometry": { "type": "LineString", "coordinates": [ [ -94.2725550116986, 47.081307020996 ], [ -94.272641967423297, 47.082282016385697 ] ] } },
{ "type": "Feature", "properties": { "wmUplineSo": "LONGVILLE", "wmType": "Overhead" }, "geometry": { "type": "LineString", "coordinates": [ [ -94.275083005352499, 47.082957044468998 ], [ -94.275362973562693, 47.083793043698698 ] ] } },
{ "type": "Feature", "properties": { "wmUplineSo": "LONGVILLE", "wmType": "Overhead" }, "geometry": { "type": "LineString", "coordinates": [ [ -94.275083005352499, 47.082957044468998 ], [ -94.275760024799595, 47.082977053388397 ] ] } },
{ "type": "Feature", "properties": { "wmUplineSo": "LONGVILLE", "wmType": "Overhead" }, "geometry": { "type": "LineString", "coordinates": [ [ -94.275760024799595, 47.082977053388397 ], [ -94.275933055912304, 47.082480058131303 ] ] } },
{ "type": "Feature", "properties": { "wmUplineSo": "LONGVILLE", "wmType": "Overhead" }, "geometry": { "type": "LineString", "coordinates": [ [ -94.283573000079201, 47.083097003582701 ], [ -94.284257969209307, 47.082987971754001 ], [ -94.2848282937953, 47.082943169636899 ] ] } },
{ "type": "Feature", "properties": { "wmUplineSo": "LONGVILLE", "wmType": "Overhead" }, "geometry": { "type": "LineString", "coordinates": [ [ -94.275760024799595, 47.082977053388397 ], [ -94.277478072996104, 47.0830200756753 ] ] } },
{ "type": "Feature", "properties": { "wmUplineSo": "LONGVILLE", "wmType": "Overhead" }, "geometry": { "type": "LineString", "coordinates": [ [ -94.246865085822805, 47.0649947888529 ], [ -94.246823041440507, 47.065882785842099 ] ] } },
{ "type": "Feature", "properties": { "wmUplineSo": "LONGVILLE", "wmType": "Overhead" }, "geometry": { "type": "LineString", "coordinates": [ [ -94.246674927996196, 47.068144776022102 ], [ -94.247297942479605, 47.068096778479699 ] ] } },
{ "type": "Feature", "properties": { "wmUplineSo": "LONGVILLE", "wmType": "Overhead" }, "geometry": { "type": "LineString", "coordinates": [ [ -94.246674927996196, 47.068144776022102 ], [ -94.246636904355299, 47.068592773875601 ] ] } },
{ "type": "Feature", "properties": { "wmUplineSo": "LONGVILLE", "wmType": "Overhead" }, "geometry": { "type": "LineString", "coordinates": [ [ -94.225822580927996, 47.054437029030602 ], [ -94.225834838031503, 47.054850229562298 ] ] } },
{ "type": "Feature", "properties": { "wmUplineSo": "LONGVILLE", "wmType": "Overhead" }, "geometry": { "type": "LineString", "coordinates": [ [ -94.225860927071693, 47.0534956696672 ], [ -94.225822580927996, 47.054437029030602 ] ] } },
{ "type": "Feature", "properties": { "wmUplineSo": "LONGVILLE", "wmType": "Overhead" }, "geometry": { "type": "LineString", "coordinates": [ [ -94.225807329289594, 47.056002420617403 ], [ -94.226825178521906, 47.056045333260002 ] ] } },
{ "type": "Feature", "properties": { "wmUplineSo": "LONGVILLE", "wmType": "Overhead" }, "geometry": { "type": "LineString", "coordinates": [ [ -94.225819646085696, 47.0552818190707 ], [ -94.225807329289594, 47.056002420617403 ] ] } },
{ "type": "Feature", "properties": { "wmUplineSo": "LONGVILLE", "wmType": "Overhead" }, "geometry": { "type": "LineString", "coordinates": [ [ -94.225807329289594, 47.056002420617403 ], [ -94.225802827588495, 47.056484730252201 ] ] } },
{ "type": "Feature", "properties": { "wmUplineSo": "LONGVILLE", "wmType": "Overhead" }, "geometry": { "type": "LineString", "coordinates": [ [ -94.225795787687204, 47.057220161723897 ], [ -94.225789900006802, 47.057814507889297 ] ] } },
{ "type": "Feature", "properties": { "wmUplineSo": "LONGVILLE", "wmType": "Overhead" }, "geometry": { "type": "LineString", "coordinates": [ [ -94.2231977912556, 47.061509734426402 ], [ -94.2218777719483, 47.0613577306883 ] ] } },
{ "type": "Feature", "properties": { "wmUplineSo": "LONGVILLE", "wmType": "Overhead" }, "geometry": { "type": "LineString", "coordinates": [ [ -94.2218777719483, 47.0613577306883 ], [ -94.221502772645294, 47.061204730115897 ] ] } },
{ "type": "Feature", "properties": { "wmUplineSo": "LONGVILLE", "wmType": "Overhead" }, "geometry": { "type": "LineString", "coordinates": [ [ -94.225792694913096, 47.058726854857703 ], [ -94.225775082107305, 47.059478468509496 ] ] } },
{ "type": "Feature", "properties": { "wmUplineSo": "LONGVILLE", "wmType": "Overhead" }, "geometry": { "type": "LineString", "coordinates": [ [ -94.223436443460102, 47.074463960077999 ], [ -94.223560353214907, 47.075035489204403 ] ] } },
{ "type": "Feature", "properties": { "wmUplineSo": "LONGVILLE", "wmType": "Overhead" }, "geometry": { "type": "LineString", "coordinates": [ [ -94.223054718213305, 47.0730367620571 ], [ -94.223271392509204, 47.073693585949599 ] ] } },
{ "type": "Feature", "properties": { "wmUplineSo": "LONGVILLE", "wmType": "Overhead" }, "geometry": { "type": "LineString", "coordinates": [ [ -94.225737162206499, 47.061472198119901 ], [ -94.225744261067106, 47.062366399019098 ] ] } },
{ "type": "Feature", "properties": { "wmUplineSo": "LONGVILLE", "wmType": "Overhead" }, "geometry": { "type": "LineString", "coordinates": [ [ -94.220465350266593, 47.074944135898598 ], [ -94.220482498804301, 47.075525051770697 ] ] } },
{ "type": "Feature", "properties": { "wmUplineSo": "LONGVILLE", "wmType": "Overhead" }, "geometry": { "type": "LineString", "coordinates": [ [ -94.222712419589797, 47.075392547793101 ], [ -94.221613590762402, 47.075168081535899 ] ] } },
{ "type": "Feature", "properties": { "wmUplineSo": "LONGVILLE", "wmType": "Overhead" }, "geometry": { "type": "LineString", "coordinates": [ [ -94.225857, 47.052776 ], [ -94.225850891540702, 47.052905941557697 ] ] } },
{ "type": "Feature", "properties": { "wmUplineSo": "LONGVILLE", "wmType": "Overhead" }, "geometry": { "type": "LineString", "coordinates": [ [ -94.215704233246001, 47.038495008481902 ], [ -94.216715006705698, 47.038605701143098 ] ] } },
{ "type": "Feature", "properties": { "wmUplineSo": "LONGVILLE", "wmType": "Overhead" }, "geometry": { "type": "LineString", "coordinates": [ [ -94.215227633060394, 47.036883047927802 ], [ -94.215248814044401, 47.037494792634803 ] ] } },
{ "type": "Feature", "properties": { "wmUplineSo": "LONGVILLE", "wmType": "Overhead" }, "geometry": { "type": "LineString", "coordinates": [ [ -94.215232876695097, 47.0362027974546 ], [ -94.215227633060394, 47.036883047927802 ] ] } },
{ "type": "Feature", "properties": { "wmUplineSo": "LONGVILLE", "wmType": "Overhead" }, "geometry": { "type": "LineString", "coordinates": [ [ -94.205904000073502, 47.023542003566398 ], [ -94.205764280855107, 47.024279804269298 ] ] } },
{ "type": "Feature", "properties": { "wmUplineSo": "LONGVILLE", "wmType": "Overhead" }, "geometry": { "type": "LineString", "coordinates": [ [ -94.205764280855107, 47.024279804269298 ], [ -94.204781238584303, 47.024706799796597 ] ] } },
{ "type": "Feature", "properties": { "wmUplineSo": "LONGVILLE", "wmType": "Overhead" }, "geometry": { "type": "LineString", "coordinates": [ [ -94.2057883436499, 47.022986808210099 ], [ -94.205904000073502, 47.023542003566398 ] ] } },
{ "type": "Feature", "properties": { "wmUplineSo": "LONGVILLE", "wmType": "Overhead" }, "geometry": { "type": "LineString", "coordinates": [ [ -94.207096365441402, 47.023047813003103 ], [ -94.206091354816806, 47.022891809742703 ] ] } },
{ "type": "Feature", "properties": { "wmUplineSo": "LONGVILLE", "wmType": "Overhead" }, "geometry": { "type": "LineString", "coordinates": [ [ -94.208634385633104, 47.023267816751499 ], [ -94.207096365441402, 47.023047813003103 ] ] } },
{ "type": "Feature", "properties": { "wmUplineSo": "LONGVILLE", "wmType": "Overhead" }, "geometry": { "type": "LineString", "coordinates": [ [ -94.210221415174502, 47.023291823108003 ], [ -94.208901384949598, 47.023379818674201 ] ] } },
{ "type": "Feature", "properties": { "wmUplineSo": "LONGVILLE", "wmType": "Overhead" }, "geometry": { "type": "LineString", "coordinates": [ [ -94.208634385633104, 47.023267816751499 ], [ -94.208716401219903, 47.022971818676503 ] ] } },
{ "type": "Feature", "properties": { "wmUplineSo": "LONGVILLE", "wmType": "Overhead" }, "geometry": { "type": "LineString", "coordinates": [ [ -94.208716401219903, 47.022971818676503 ], [ -94.208304212186505, 47.022322585828398 ] ] } },
{ "type": "Feature", "properties": { "wmUplineSo": "LONGVILLE", "wmType": "Overhead" }, "geometry": { "type": "LineString", "coordinates": [ [ -94.208716401219903, 47.022971818676503 ], [ -94.208851406330197, 47.022921819493703 ] ] } },
{ "type": "Feature", "properties": { "wmUplineSo": "LONGVILLE", "wmType": "Overhead" }, "geometry": { "type": "LineString", "coordinates": [ [ -94.211386415263505, 47.023716825771302 ], [ -94.210221415174502, 47.023291823108003 ] ] } },
{ "type": "Feature", "properties": { "wmUplineSo": "LONGVILLE", "wmType": "Overhead" }, "geometry": { "type": "LineString", "coordinates": [ [ -94.214168392845806, 47.025284830188298 ], [ -94.213311351515003, 47.025782825617 ] ] } },
{ "type": "Feature", "properties": { "wmUplineSo": "LONGVILLE", "wmType": "Overhead" }, "geometry": { "type": "LineString", "coordinates": [ [ -94.214168392845806, 47.025284830188298 ], [ -94.214275047264493, 47.0262738540954 ] ] } },
{ "type": "Feature", "properties": { "wmUplineSo": "LONGVILLE", "wmType": "Overhead" }, "geometry": { "type": "LineString", "coordinates": [ [ -94.214205832884105, 47.024511342669697 ], [ -94.214168392845806, 47.025284830188298 ] ] } },
{ "type": "Feature", "properties": { "wmUplineSo": "LONGVILLE", "wmType": "Overhead" }, "geometry": { "type": "LineString", "coordinates": [ [ -94.214188473990205, 47.023627835619699 ], [ -94.214205832884105, 47.024511342669697 ] ] } },
{ "type": "Feature", "properties": { "wmUplineSo": "LONGVILLE", "wmType": "Overhead" }, "geometry": { "type": "LineString", "coordinates": [ [ -94.214188473990205, 47.023627835619699 ], [ -94.213033448336205, 47.0237128312192 ] ] } },
{ "type": "Feature", "properties": { "wmUplineSo": "LONGVILLE", "wmType": "Overhead" }, "geometry": { "type": "LineString", "coordinates": [ [ -94.2141724117634, 47.023014835194402 ], [ -94.214188473990205, 47.023627835619699 ] ] } },
{ "type": "Feature", "properties": { "wmUplineSo": "LONGVILLE", "wmType": "Overhead" }, "geometry": { "type": "LineString", "coordinates": [ [ -94.214212919046901, 47.020885831397003 ], [ -94.2141870990001, 47.021589677644798 ] ] } },
{ "type": "Feature", "properties": { "wmUplineSo": "LONGVILLE", "wmType": "Overhead" }, "geometry": { "type": "LineString", "coordinates": [ [ -94.214368237323697, 47.020081866449502 ], [ -94.215429677387903, 47.019989852976401 ] ] } },
{ "type": "Feature", "properties": { "wmUplineSo": "LONGVILLE", "wmType": "Overhead" }, "geometry": { "type": "LineString", "coordinates": [ [ -94.215429677387903, 47.019989852976401 ], [ -94.216648679268999, 47.020409855324701 ] ] } },
{ "type": "Feature", "properties": { "wmUplineSo": "LONGVILLE", "wmType": "Overhead" }, "geometry": { "type": "LineString", "coordinates": [ [ -94.214354118929293, 47.017248017855998 ], [ -94.214387241984895, 47.017941120369002 ] ] } },
{ "type": "Feature", "properties": { "wmUplineSo": "LONGVILLE", "wmType": "Overhead" }, "geometry": { "type": "LineString", "coordinates": [ [ -94.214076237333501, 47.020155136735298 ], [ -94.214212919046901, 47.020885831397003 ] ] } },
{ "type": "Feature", "properties": { "wmUplineSo": "LONGVILLE", "wmType": "Overhead" }, "geometry": { "type": "LineString", "coordinates": [ [ -94.214076237333501, 47.020155136735298 ], [ -94.214368237323697, 47.020081866449502 ] ] } },
{ "type": "Feature", "properties": { "wmUplineSo": "LONGVILLE", "wmType": "Overhead" }, "geometry": { "type": "LineString", "coordinates": [ [ -94.214076237333501, 47.020155136735298 ], [ -94.213241640682995, 47.019871844465001 ] ] } },
{ "type": "Feature", "properties": { "wmUplineSo": "LONGVILLE", "wmType": "Overhead" }, "geometry": { "type": "LineString", "coordinates": [ [ -94.213241640682995, 47.019871844465001 ], [ -94.212111612828096, 47.019991840367901 ] ] } },
{ "type": "Feature", "properties": { "wmUplineSo": "LONGVILLE", "wmType": "Overhead" }, "geometry": { "type": "LineString", "coordinates": [ [ -94.214539471991799, 47.005701141061301 ], [ -94.213754428724897, 47.005763269758397 ] ] } },
{ "type": "Feature", "properties": { "wmUplineSo": "LONGVILLE", "wmType": "Overhead" }, "geometry": { "type": "LineString", "coordinates": [ [ -94.201719328309693, 47.001377862175097 ], [ -94.201047294275199, 47.001821857631597 ] ] } },
{ "type": "Feature", "properties": { "wmUplineSo": "LONGVILLE", "wmType": "Overhead" }, "geometry": { "type": "LineString", "coordinates": [ [ -94.2021759716323, 47.001138004442197 ], [ -94.201719328309693, 47.001377862175097 ] ] } },
{ "type": "Feature", "properties": { "wmUplineSo": "LONGVILLE", "wmType": "Overhead" }, "geometry": { "type": "LineString", "coordinates": [ [ -94.201719328309693, 47.001377862175097 ], [ -94.201085351024901, 47.000709860852098 ] ] } },
{ "type": "Feature", "properties": { "wmUplineSo": "LONGVILLE", "wmType": "Overhead" }, "geometry": { "type": "LineString", "coordinates": [ [ -94.201085351024901, 47.000709860852098 ], [ -94.199685308593502, 47.0010018554837 ] ] } },
{ "type": "Feature", "properties": { "wmUplineSo": "LONGVILLE", "wmType": "Overhead" }, "geometry": { "type": "LineString", "coordinates": [ [ -94.198375274548596, 47.001177849073301 ], [ -94.197375234267, 47.0016278439128 ] ] } },
{ "type": "Feature", "properties": { "wmUplineSo": "LONGVILLE", "wmType": "Overhead" }, "geometry": { "type": "LineString", "coordinates": [ [ -94.197375234267, 47.0016278439128 ], [ -94.196655208940001, 47.001859839927398 ] ] } },
{ "type": "Feature", "properties": { "wmUplineSo": "LONGVILLE", "wmType": "Overhead" }, "geometry": { "type": "LineString", "coordinates": [ [ -94.196655208940001, 47.001859839927398 ], [ -94.196062186221894, 47.002086837718203 ] ] } },
{ "type": "Feature", "properties": { "wmUplineSo": "LONGVILLE", "wmType": "Overhead" }, "geometry": { "type": "LineString", "coordinates": [ [ -94.196062186221894, 47.002086837718203 ], [ -94.195139143889804, 47.002577832812797 ] ] } },
{ "type": "Feature", "properties": { "wmUplineSo": "LONGVILLE", "wmType": "Overhead" }, "geometry": { "type": "LineString", "coordinates": [ [ -94.195139143889804, 47.002577832812797 ], [ -94.194852610028704, 47.002847945015397 ] ] } },
{ "type": "Feature", "properties": { "wmUplineSo": "LONGVILLE", "wmType": "Overhead" }, "geometry": { "type": "LineString", "coordinates": [ [ -94.194852610028704, 47.002847945015397 ], [ -94.194152290998602, 47.0032084509877 ] ] } },
{ "type": "Feature", "properties": { "wmUplineSo": "LONGVILLE", "wmType": "Overhead" }, "geometry": { "type": "LineString", "coordinates": [ [ -94.194152290998602, 47.0032084509877 ], [ -94.194852610028704, 47.002847945015397 ] ] } },
{ "type": "Feature", "properties": { "wmUplineSo": "LONGVILLE", "wmType": "Overhead" }, "geometry": { "type": "LineString", "coordinates": [ [ -94.202550374709006, 47.000789866885697 ], [ -94.2021759716323, 47.001138004442197 ] ] } },
{ "type": "Feature", "properties": { "wmUplineSo": "LONGVILLE", "wmType": "Overhead" }, "geometry": { "type": "LineString", "coordinates": [ [ -94.203563736843606, 46.998925345876998 ], [ -94.204593174782005, 46.998777032342502 ] ] } },
{ "type": "Feature", "properties": { "wmUplineSo": "LONGVILLE", "wmType": "Overhead" }, "geometry": { "type": "LineString", "coordinates": [ [ -94.205845603756302, 46.997242940114198 ], [ -94.205049589876694, 46.997221937341799 ] ] } },
{ "type": "Feature", "properties": { "wmUplineSo": "LONGVILLE", "wmType": "Overhead" }, "geometry": { "type": "LineString", "coordinates": [ [ -94.202820835009604, 47.000426328488203 ], [ -94.202550374709006, 47.000789866885697 ] ] } },
{ "type": "Feature", "properties": { "wmUplineSo": "LONGVILLE", "wmType": "Overhead" }, "geometry": { "type": "LineString", "coordinates": [ [ -94.203676492125197, 46.998522372842501 ], [ -94.203563736843606, 46.998925345876998 ] ] } },
{ "type": "Feature", "properties": { "wmUplineSo": "LONGVILLE", "wmType": "Overhead" }, "geometry": { "type": "LineString", "coordinates": [ [ -94.203203756023996, 46.9999760657305 ], [ -94.202820835009604, 47.000426328488203 ] ] } },
{ "type": "Feature", "properties": { "wmUplineSo": "LONGVILLE", "wmType": "Overhead" }, "geometry": { "type": "LineString", "coordinates": [ [ -94.202550374709006, 47.000789866885697 ], [ -94.202737934728404, 47.000863411418401 ] ] } },
{ "type": "Feature", "properties": { "wmUplineSo": "LONGVILLE", "wmType": "Overhead" }, "geometry": { "type": "LineString", "coordinates": [ [ -94.206943, 46.997274 ], [ -94.205845603756302, 46.997242940114198 ] ] } },
{ "type": "Feature", "properties": { "wmUplineSo": "LONGVILLE", "wmType": "Overhead" }, "geometry": { "type": "LineString", "coordinates": [ [ -94.209258109789303, 46.996938573158502 ], [ -94.208949674629807, 46.996997957283099 ] ] } },
{ "type": "Feature", "properties": { "wmUplineSo": "LONGVILLE", "wmType": "Overhead" }, "geometry": { "type": "LineString", "coordinates": [ [ -94.212527152796099, 46.999210767205099 ], [ -94.211753591777594, 46.9994617472505 ] ] } },
{ "type": "Feature", "properties": { "wmUplineSo": "LONGVILLE", "wmType": "Overhead" }, "geometry": { "type": "LineString", "coordinates": [ [ -94.213234584662999, 47.000657908578901 ], [ -94.212224558774693, 47.000771904080203 ] ] } },
{ "type": "Feature", "properties": { "wmUplineSo": "LONGVILLE", "wmType": "Overhead" }, "geometry": { "type": "LineString", "coordinates": [ [ -94.213355732466496, 46.998916273611997 ], [ -94.212527152796099, 46.999210767205099 ] ] } },
{ "type": "Feature", "properties": { "wmUplineSo": "LONGVILLE", "wmType": "Overhead" }, "geometry": { "type": "LineString", "coordinates": [ [ -94.213355732466496, 46.998916273611997 ], [ -94.213772637591305, 46.999652929934904 ] ] } },
{ "type": "Feature", "properties": { "wmUplineSo": "LONGVILLE", "wmType": "Overhead" }, "geometry": { "type": "LineString", "coordinates": [ [ -94.214584740146705, 47.002278259241798 ], [ -94.214604572981102, 47.0039209133813 ] ] } },
{ "type": "Feature", "properties": { "wmUplineSo": "LONGVILLE", "wmType": "Overhead" }, "geometry": { "type": "LineString", "coordinates": [ [ -94.214144610656803, 47.000464913126301 ], [ -94.214359277253394, 47.001352074957097 ] ] } },
{ "type": "Feature", "properties": { "wmUplineSo": "LONGVILLE", "wmType": "Overhead" }, "geometry": { "type": "LineString", "coordinates": [ [ -94.214144610656803, 47.000464913126301 ], [ -94.213234584662999, 47.000657908578901 ] ] } },
{ "type": "Feature", "properties": { "wmUplineSo": "LONGVILLE", "wmType": "Overhead" }, "geometry": { "type": "LineString", "coordinates": [ [ -94.212409686285, 46.998152945394096 ], [ -94.213016028250095, 46.998884685992103 ] ] } },
{ "type": "Feature", "properties": { "wmUplineSo": "LONGVILLE", "wmType": "Overhead" }, "geometry": { "type": "LineString", "coordinates": [ [ -94.211820715413893, 46.997279962213099 ], [ -94.212409686285, 46.998152945394096 ] ] } },
{ "type": "Feature", "properties": { "wmUplineSo": "LONGVILLE", "wmType": "Overhead" }, "geometry": { "type": "LineString", "coordinates": [ [ -94.202497081571707, 47.006706848288601 ], [ -94.202474054643105, 47.007259846515602 ] ] } },
{ "type": "Feature", "properties": { "wmUplineSo": "LONGVILLE", "wmType": "Overhead" }, "geometry": { "type": "LineString", "coordinates": [ [ -94.202867118894403, 47.006084851636601 ], [ -94.202497081571707, 47.006706848288601 ] ] } },
{ "type": "Feature", "properties": { "wmUplineSo": "LONGVILLE", "wmType": "Overhead" }, "geometry": { "type": "LineString", "coordinates": [ [ -94.202854148597496, 47.005482853187303 ], [ -94.202867118894403, 47.006084851636601 ] ] } },
{ "type": "Feature", "properties": { "wmUplineSo": "LONGVILLE", "wmType": "Overhead" }, "geometry": { "type": "LineString", "coordinates": [ [ -94.203002, 47.004246 ], [ -94.2029461943131, 47.004804484865097 ] ] } },
{ "type": "Feature", "properties": { "wmUplineSo": "LONGVILLE", "wmType": "Overhead" }, "geometry": { "type": "LineString", "coordinates": [ [ -94.2029461943131, 47.004804484865097 ], [ -94.202854148597496, 47.005482853187303 ] ] } },
{ "type": "Feature", "properties": { "wmUplineSo": "LONGVILLE", "wmType": "Overhead" }, "geometry": { "type": "LineString", "coordinates": [ [ -94.2032339851975, 47.003517797565799 ], [ -94.203002, 47.004246 ] ] } },
{ "type": "Feature", "properties": { "wmUplineSo": "LONGVILLE", "wmType": "Overhead" }, "geometry": { "type": "LineString", "coordinates": [ [ -94.209258109789303, 46.996938573158502 ], [ -94.209413445280504, 46.997504422653897 ] ] } },
{ "type": "Feature", "properties": { "wmUplineSo": "LONGVILLE", "wmType": "Overhead" }, "geometry": { "type": "LineString", "coordinates": [ [ -94.211368060708395, 46.996756498655898 ], [ -94.210859718438897, 46.996791968204803 ] ] } },
{ "type": "Feature", "properties": { "wmUplineSo": "LONGVILLE", "wmType": "Overhead" }, "geometry": { "type": "LineString", "coordinates": [ [ -94.211515659058705, 46.996751026978302 ], [ -94.211820715413893, 46.997279962213099 ] ] } },
{ "type": "Feature", "properties": { "wmUplineSo": "LONGVILLE", "wmType": "Overhead" }, "geometry": { "type": "LineString", "coordinates": [ [ -94.211515659058705, 46.996751026978302 ], [ -94.211368060708395, 46.996756498655898 ] ] } },
{ "type": "Feature", "properties": { "wmUplineSo": "LONGVILLE", "wmType": "Overhead" }, "geometry": { "type": "LineString", "coordinates": [ [ -94.210848320356703, 46.9902248390488 ], [ -94.210865057262893, 46.989671801246097 ] ] } },
{ "type": "Feature", "properties": { "wmUplineSo": "LONGVILLE", "wmType": "Overhead" }, "geometry": { "type": "LineString", "coordinates": [ [ -94.084542740958995, 47.087966299843202 ], [ -94.083824563060602, 47.088938603936199 ] ] } },
{ "type": "Feature", "properties": { "wmUplineSo": "LONGVILLE", "wmType": "Overhead" }, "geometry": { "type": "LineString", "coordinates": [ [ -94.083318100488896, 47.080346307644703 ], [ -94.081882000174502, 47.0802978415363 ] ] } },
{ "type": "Feature", "properties": { "wmUplineSo": "LONGVILLE", "wmType": "Overhead" }, "geometry": { "type": "LineString", "coordinates": [ [ -94.085205799830405, 47.0870593035186 ], [ -94.084542740958995, 47.087966299843202 ] ] } },
{ "type": "Feature", "properties": { "wmUplineSo": "LONGVILLE", "wmType": "Overhead" }, "geometry": { "type": "LineString", "coordinates": [ [ -94.084641761056403, 47.0803811076306 ], [ -94.083318100488896, 47.080346307644703 ] ] } },
{ "type": "Feature", "properties": { "wmUplineSo": "LONGVILLE", "wmType": "Overhead" }, "geometry": { "type": "LineString", "coordinates": [ [ -94.105253133632104, 47.080931455851697 ], [ -94.104059725229206, 47.080918226385499 ] ] } },
{ "type": "Feature", "properties": { "wmUplineSo": "LONGVILLE", "wmType": "Overhead" }, "geometry": { "type": "LineString", "coordinates": [ [ -94.107625766488098, 47.081009470911397 ], [ -94.108548371327799, 47.081328945984602 ] ] } },
{ "type": "Feature", "properties": { "wmUplineSo": "LONGVILLE", "wmType": "Overhead" }, "geometry": { "type": "LineString", "coordinates": [ [ -94.1098159817967, 47.0840828359946 ], [ -94.109109693773803, 47.084651588254196 ] ] } },
{ "type": "Feature", "properties": { "wmUplineSo": "LONGVILLE", "wmType": "Overhead" }, "geometry": { "type": "LineString", "coordinates": [ [ -94.109856522207807, 47.083331426429098 ], [ -94.1098159817967, 47.0840828359946 ] ] } },
{ "type": "Feature", "properties": { "wmUplineSo": "LONGVILLE", "wmType": "Overhead" }, "geometry": { "type": "LineString", "coordinates": [ [ -94.174513417541206, 47.0295616820299 ], [ -94.173522309318201, 47.030129390392602 ] ] } },
{ "type": "Feature", "properties": { "wmUplineSo": "LONGVILLE", "wmType": "Overhead" }, "geometry": { "type": "LineString", "coordinates": [ [ -94.173522309318201, 47.030129390392602 ], [ -94.172688339605799, 47.030391672394003 ] ] } },
{ "type": "Feature", "properties": { "wmUplineSo": "LONGVILLE", "wmType": "Overhead" }, "geometry": { "type": "LineString", "coordinates": [ [ -94.167015602442902, 47.033937313064598 ], [ -94.166703241307999, 47.034177638533301 ] ] } },
{ "type": "Feature", "properties": { "wmUplineSo": "LONGVILLE", "wmType": "Overhead" }, "geometry": { "type": "LineString", "coordinates": [ [ -94.1677893523444, 47.0333922827419 ], [ -94.167015602442902, 47.033937313064598 ] ] } },
{ "type": "Feature", "properties": { "wmUplineSo": "LONGVILLE", "wmType": "Overhead" }, "geometry": { "type": "LineString", "coordinates": [ [ -94.168496613823805, 47.032769354330703 ], [ -94.1677893523444, 47.0333922827419 ] ] } },
{ "type": "Feature", "properties": { "wmUplineSo": "LONGVILLE", "wmType": "Overhead" }, "geometry": { "type": "LineString", "coordinates": [ [ -94.180888081997196, 47.024689520908602 ], [ -94.180526800000393, 47.0245359000088 ] ] } },
{ "type": "Feature", "properties": { "wmUplineSo": "LONGVILLE", "wmType": "Overhead" }, "geometry": { "type": "LineString", "coordinates": [ [ -94.1098159817967, 47.0840828359946 ], [ -94.110420520392793, 47.084728503623097 ] ] } },
{ "type": "Feature", "properties": { "wmUplineSo": "LONGVILLE", "wmType": "Overhead" }, "geometry": { "type": "LineString", "coordinates": [ [ -94.115764661235502, 47.086718580305799 ], [ -94.115574273073904, 47.087585605726503 ] ] } },
{ "type": "Feature", "properties": { "wmUplineSo": "LONGVILLE", "wmType": "Overhead" }, "geometry": { "type": "LineString", "coordinates": [ [ -94.115764661235502, 47.086718580305799 ], [ -94.116623290147103, 47.086957403417301 ] ] } },
{ "type": "Feature", "properties": { "wmUplineSo": "LONGVILLE", "wmType": "Overhead" }, "geometry": { "type": "LineString", "coordinates": [ [ -94.121244484516595, 47.086157243485403 ], [ -94.122219604385904, 47.085647396494103 ] ] } },
{ "type": "Feature", "properties": { "wmUplineSo": "LONGVILLE", "wmType": "Overhead" }, "geometry": { "type": "LineString", "coordinates": [ [ -94.118922720109595, 47.087432030727598 ], [ -94.119725530977405, 47.0878218403885 ] ] } },
{ "type": "Feature", "properties": { "wmUplineSo": "LONGVILLE", "wmType": "Overhead" }, "geometry": { "type": "LineString", "coordinates": [ [ -94.118922720109595, 47.087432030727598 ], [ -94.119747351653999, 47.086986011817103 ] ] } },
{ "type": "Feature", "properties": { "wmUplineSo": "LONGVILLE", "wmType": "Overhead" }, "geometry": { "type": "LineString", "coordinates": [ [ -94.116623290147103, 47.086957403417301 ], [ -94.117689816074801, 47.087167322662999 ] ] } },
{ "type": "Feature", "properties": { "wmUplineSo": "LONGVILLE", "wmType": "Overhead" }, "geometry": { "type": "LineString", "coordinates": [ [ -94.120428520132407, 47.0866173899283 ], [ -94.121244484516595, 47.086157243485403 ] ] } },
{ "type": "Feature", "properties": { "wmUplineSo": "LONGVILLE", "wmType": "Overhead" }, "geometry": { "type": "LineString", "coordinates": [ [ -94.115439553670896, 47.090177055533097 ], [ -94.115419291845399, 47.091090786609797 ] ] } },
{ "type": "Feature", "properties": { "wmUplineSo": "LONGVILLE", "wmType": "Overhead" }, "geometry": { "type": "LineString", "coordinates": [ [ -94.115574273073904, 47.087585605726503 ], [ -94.115516091299995, 47.0883787976721 ] ] } },
{ "type": "Feature", "properties": { "wmUplineSo": "LONGVILLE", "wmType": "Overhead" }, "geometry": { "type": "LineString", "coordinates": [ [ -94.113060114853198, 47.0962510204238 ], [ -94.113398874660106, 47.096744354860299 ] ] } },
{ "type": "Feature", "properties": { "wmUplineSo": "LONGVILLE", "wmType": "Overhead" }, "geometry": { "type": "LineString", "coordinates": [ [ -94.113060114853198, 47.0962510204238 ], [ -94.112182857253401, 47.096589351315501 ] ] } },
{ "type": "Feature", "properties": { "wmUplineSo": "LONGVILLE", "wmType": "Overhead" }, "geometry": { "type": "LineString", "coordinates": [ [ -94.111084341467702, 47.097803798679998 ], [ -94.110812480815, 47.098455849899601 ] ] } },
{ "type": "Feature", "properties": { "wmUplineSo": "LONGVILLE", "wmType": "Overhead" }, "geometry": { "type": "LineString", "coordinates": [ [ -94.115330204944101, 47.094737727171101 ], [ -94.115328963837101, 47.095732361431303 ] ] } },
{ "type": "Feature", "properties": { "wmUplineSo": "LONGVILLE", "wmType": "Overhead" }, "geometry": { "type": "LineString", "coordinates": [ [ -94.115328963837101, 47.095732361431303 ], [ -94.114153929259402, 47.095951358174503 ] ] } },
{ "type": "Feature", "properties": { "wmUplineSo": "LONGVILLE", "wmType": "Overhead" }, "geometry": { "type": "LineString", "coordinates": [ [ -94.115328963837101, 47.095732361431303 ], [ -94.116073974227504, 47.095812362120498 ] ] } },
{ "type": "Feature", "properties": { "wmUplineSo": "LONGVILLE", "wmType": "Overhead" }, "geometry": { "type": "LineString", "coordinates": [ [ -94.117392595274197, 47.096278690450703 ], [ -94.117987871565703, 47.0967242777078 ], [ -94.117987967707705, 47.096724365823697 ] ] } },
{ "type": "Feature", "properties": { "wmUplineSo": "LONGVILLE", "wmType": "Overhead" }, "geometry": { "type": "LineString", "coordinates": [ [ -94.122831634870295, 47.085284399384904 ], [ -94.123409663262095, 47.0849624010865 ] ] } },
{ "type": "Feature", "properties": { "wmUplineSo": "LONGVILLE", "wmType": "Overhead" }, "geometry": { "type": "LineString", "coordinates": [ [ -94.123409663262095, 47.0849624010865 ], [ -94.124717938957403, 47.084285366848 ] ] } },
{ "type": "Feature", "properties": { "wmUplineSo": "LONGVILLE", "wmType": "Overhead" }, "geometry": { "type": "LineString", "coordinates": [ [ -94.204293000073704, 47.052593003574302 ], [ -94.204115087992193, 47.053354018472199 ] ] } },
{ "type": "Feature", "properties": { "wmUplineSo": "LONGVILLE", "wmType": "Overhead" }, "geometry": { "type": "LineString", "coordinates": [ [ -94.204115087992193, 47.053354018472199 ], [ -94.204081772676801, 47.054264702357301 ] ] } },
{ "type": "Feature", "properties": { "wmUplineSo": "LONGVILLE", "wmType": "Overhead" }, "geometry": { "type": "LineString", "coordinates": [ [ -94.204081772676801, 47.054264702357301 ], [ -94.204066500000494, 47.055544400008799 ] ] } },
{ "type": "Feature", "properties": { "wmUplineSo": "LONGVILLE", "wmType": "Overhead" }, "geometry": { "type": "LineString", "coordinates": [ [ -94.204066500000494, 47.055544400008799 ], [ -94.204007689360594, 47.055897697121097 ] ] } },
{ "type": "Feature", "properties": { "wmUplineSo": "LONGVILLE", "wmType": "Overhead" }, "geometry": { "type": "LineString", "coordinates": [ [ -94.204007689360594, 47.055897697121097 ], [ -94.203924640450396, 47.056877692795197 ] ] } },
{ "type": "Feature", "properties": { "wmUplineSo": "LONGVILLE", "wmType": "Overhead" }, "geometry": { "type": "LineString", "coordinates": [ [ -94.207056000073806, 47.052620003574297 ], [ -94.207331171435598, 47.052146350557599 ] ] } },
{ "type": "Feature", "properties": { "wmUplineSo": "LONGVILLE", "wmType": "Overhead" }, "geometry": { "type": "LineString", "coordinates": [ [ -94.204293000073704, 47.052593003574302 ], [ -94.203885114173303, 47.0519588231382 ] ] } },
{ "type": "Feature", "properties": { "wmUplineSo": "LONGVILLE", "wmType": "Overhead" }, "geometry": { "type": "LineString", "coordinates": [ [ -94.204043173716201, 47.0460727285407 ], [ -94.2024921471223, 47.046022723115698 ] ] } },
{ "type": "Feature", "properties": { "wmUplineSo": "LONGVILLE", "wmType": "Overhead" }, "geometry": { "type": "LineString", "coordinates": [ [ -94.203885114173303, 47.0519588231382 ], [ -94.203909014031197, 47.051163336878098 ] ] } },
{ "type": "Feature", "properties": { "wmUplineSo": "LONGVILLE", "wmType": "Overhead" }, "geometry": { "type": "LineString", "coordinates": [ [ -94.204043173716201, 47.0460727285407 ], [ -94.204095221074397, 47.045157732094403 ] ] } },
{ "type": "Feature", "properties": { "wmUplineSo": "LONGVILLE", "wmType": "Overhead" }, "geometry": { "type": "LineString", "coordinates": [ [ -94.204067265884106, 47.044237734930498 ], [ -94.2039253088046, 47.043307736989398 ] ] } },
{ "type": "Feature", "properties": { "wmUplineSo": "LONGVILLE", "wmType": "Overhead" }, "geometry": { "type": "LineString", "coordinates": [ [ -94.187753667129002, 47.0296697262349 ], [ -94.187810712324904, 47.028796729491198 ] ] } },
{ "type": "Feature", "properties": { "wmUplineSo": "LONGVILLE", "wmType": "Overhead" }, "geometry": { "type": "LineString", "coordinates": [ [ -94.187827762481504, 47.027747731839703 ], [ -94.188015802094597, 47.0270227345463 ] ] } },
{ "type": "Feature", "properties": { "wmUplineSo": "LONGVILLE", "wmType": "Overhead" }, "geometry": { "type": "LineString", "coordinates": [ [ -94.182563011832897, 47.0309776761355 ], [ -94.182475454719807, 47.031909701771603 ] ] } },
{ "type": "Feature", "properties": { "wmUplineSo": "LONGVILLE", "wmType": "Overhead" }, "geometry": { "type": "LineString", "coordinates": [ [ -94.182475454719807, 47.031909701771603 ], [ -94.181668413896304, 47.032409697623997 ] ] } },
{ "type": "Feature", "properties": { "wmUplineSo": "LONGVILLE", "wmType": "Overhead" }, "geometry": { "type": "LineString", "coordinates": [ [ -94.182475454719807, 47.031909701771603 ], [ -94.182825074283599, 47.032533321877501 ] ] } },
{ "type": "Feature", "properties": { "wmUplineSo": "LONGVILLE", "wmType": "Overhead" }, "geometry": { "type": "LineString", "coordinates": [ [ -94.182685514875303, 47.030438403078897 ], [ -94.182563011832897, 47.0309776761355 ] ] } },
{ "type": "Feature", "properties": { "wmUplineSo": "LONGVILLE", "wmType": "Overhead" }, "geometry": { "type": "LineString", "coordinates": [ [ -94.179937639467298, 47.028152097663501 ], [ -94.181080563206294, 47.029127705038199 ] ] } },
{ "type": "Feature", "properties": { "wmUplineSo": "LONGVILLE", "wmType": "Overhead" }, "geometry": { "type": "LineString", "coordinates": [ [ -94.179728112004298, 47.027968857981897 ], [ -94.179285583044205, 47.027860083190397 ] ] } },
{ "type": "Feature", "properties": { "wmUplineSo": "LONGVILLE", "wmType": "Overhead" }, "geometry": { "type": "LineString", "coordinates": [ [ -94.180146665114094, 47.027242640490996 ], [ -94.179383625336598, 47.027249703898697 ] ] } },
{ "type": "Feature", "properties": { "wmUplineSo": "LONGVILLE", "wmType": "Overhead" }, "geometry": { "type": "LineString", "coordinates": [ [ -94.180689029985203, 47.026307193234999 ], [ -94.180437708757594, 47.026734878739603 ] ] } },
{ "type": "Feature", "properties": { "wmUplineSo": "LONGVILLE", "wmType": "Overhead" }, "geometry": { "type": "LineString", "coordinates": [ [ -94.179285583044205, 47.027860083190397 ], [ -94.1787484812005, 47.027744997394599 ] ] } },
{ "type": "Feature", "properties": { "wmUplineSo": "LONGVILLE", "wmType": "Overhead" }, "geometry": { "type": "LineString", "coordinates": [ [ -94.1787484812005, 47.027744997394599 ], [ -94.177897924066997, 47.028048897759803 ] ] } },
{ "type": "Feature", "properties": { "wmUplineSo": "LONGVILLE", "wmType": "Overhead" }, "geometry": { "type": "LineString", "coordinates": [ [ -94.176903776777493, 47.028508374147499 ], [ -94.176230488124702, 47.028766689427499 ] ] } },
{ "type": "Feature", "properties": { "wmUplineSo": "LONGVILLE", "wmType": "Overhead" }, "geometry": { "type": "LineString", "coordinates": [ [ -94.176230488124702, 47.028766689427499 ], [ -94.175370455398095, 47.029109685401501 ] ] } },
{ "type": "Feature", "properties": { "wmUplineSo": "LONGVILLE", "wmType": "Overhead" }, "geometry": { "type": "LineString", "coordinates": [ [ -94.175370455398095, 47.029109685401501 ], [ -94.174513417541206, 47.0295616820299 ] ] } },
{ "type": "Feature", "properties": { "wmUplineSo": "LONGVILLE", "wmType": "Overhead" }, "geometry": { "type": "LineString", "coordinates": [ [ -94.079427918668202, 47.042659345236203 ], [ -94.078512119641204, 47.042755937034798 ] ] } },
{ "type": "Feature", "properties": { "wmUplineSo": "LONGVILLE", "wmType": "Overhead" }, "geometry": { "type": "LineString", "coordinates": [ [ -94.080419942378398, 47.042596347836302 ], [ -94.079427918668202, 47.042659345236203 ] ] } },
{ "type": "Feature", "properties": { "wmUplineSo": "LONGVILLE", "wmType": "Overhead" }, "geometry": { "type": "LineString", "coordinates": [ [ -94.155881864648606, 47.0385588780738 ], [ -94.154978496384999, 47.038916563781697 ] ] } },
{ "type": "Feature", "properties": { "wmUplineSo": "LONGVILLE", "wmType": "Overhead" }, "geometry": { "type": "LineString", "coordinates": [ [ -94.153284539739303, 47.039566016182199 ], [ -94.152399475774203, 47.039881582310102 ] ] } },
{ "type": "Feature", "properties": { "wmUplineSo": "LONGVILLE", "wmType": "Overhead" }, "geometry": { "type": "LineString", "coordinates": [ [ -94.152399475774203, 47.039881582310102 ], [ -94.151649076072999, 47.040151012484202 ] ] } },
{ "type": "Feature", "properties": { "wmUplineSo": "LONGVILLE", "wmType": "Overhead" }, "geometry": { "type": "LineString", "coordinates": [ [ -94.150308887113894, 47.040208828844598 ], [ -94.149209107576098, 47.040138152987602 ] ] } },
{ "type": "Feature", "properties": { "wmUplineSo": "LONGVILLE", "wmType": "Overhead" }, "geometry": { "type": "LineString", "coordinates": [ [ -94.149209107576098, 47.040138152987602 ], [ -94.148086277832903, 47.0401268226951 ] ] } },
{ "type": "Feature", "properties": { "wmUplineSo": "LONGVILLE", "wmType": "Overhead" }, "geometry": { "type": "LineString", "coordinates": [ [ -94.147058380536805, 47.039878077217899 ], [ -94.147367392859707, 47.0395765667243 ] ] } },
{ "type": "Feature", "properties": { "wmUplineSo": "LONGVILLE", "wmType": "Overhead" }, "geometry": { "type": "LineString", "coordinates": [ [ -94.145937558995797, 47.035684570928701 ], [ -94.146359553524903, 47.0359625713835 ] ] } },
{ "type": "Feature", "properties": { "wmUplineSo": "LONGVILLE", "wmType": "Overhead" }, "geometry": { "type": "LineString", "coordinates": [ [ -94.145937558995797, 47.035684570928701 ], [ -94.146705102082393, 47.035351810609001 ] ] } },
{ "type": "Feature", "properties": { "wmUplineSo": "LONGVILLE", "wmType": "Overhead" }, "geometry": { "type": "LineString", "coordinates": [ [ -94.145105004147894, 47.036091653996102 ], [ -94.145937558995797, 47.035684570928701 ] ] } },
{ "type": "Feature", "properties": { "wmUplineSo": "LONGVILLE", "wmType": "Overhead" }, "geometry": { "type": "LineString", "coordinates": [ [ -94.144800562611593, 47.037244694766301 ], [ -94.144597617837405, 47.036793153443902 ] ] } },
{ "type": "Feature", "properties": { "wmUplineSo": "LONGVILLE", "wmType": "Overhead" }, "geometry": { "type": "LineString", "coordinates": [ [ -94.145069700214407, 47.037859859008698 ], [ -94.145642448740404, 47.037767565266897 ] ] } },
{ "type": "Feature", "properties": { "wmUplineSo": "LONGVILLE", "wmType": "Overhead" }, "geometry": { "type": "LineString", "coordinates": [ [ -94.145069700214407, 47.037859859008698 ], [ -94.144800562611593, 47.037244694766301 ] ] } },
{ "type": "Feature", "properties": { "wmUplineSo": "LONGVILLE", "wmType": "Overhead" }, "geometry": { "type": "LineString", "coordinates": [ [ -94.145414488034902, 47.038592122635698 ], [ -94.145069700214407, 47.037859859008698 ] ] } },
{ "type": "Feature", "properties": { "wmUplineSo": "LONGVILLE", "wmType": "Overhead" }, "geometry": { "type": "LineString", "coordinates": [ [ -94.145975000069797, 47.039158003570698 ], [ -94.145414488034902, 47.038592122635698 ] ] } },
{ "type": "Feature", "properties": { "wmUplineSo": "LONGVILLE", "wmType": "Overhead" }, "geometry": { "type": "LineString", "coordinates": [ [ -94.147058380536805, 47.039878077217899 ], [ -94.146139765523799, 47.039657752449699 ] ] } },
{ "type": "Feature", "properties": { "wmUplineSo": "LONGVILLE", "wmType": "Overhead" }, "geometry": { "type": "LineString", "coordinates": [ [ -94.160115979684804, 47.052122638720803 ], [ -94.160191817818799, 47.051282588894203 ] ] } },
{ "type": "Feature", "properties": { "wmUplineSo": "LONGVILLE", "wmType": "Overhead" }, "geometry": { "type": "LineString", "coordinates": [ [ -94.140053615818999, 47.052337515598303 ], [ -94.140045601904603, 47.052609515083503 ] ] } },
{ "type": "Feature", "properties": { "wmUplineSo": "LONGVILLE", "wmType": "Overhead" }, "geometry": { "type": "LineString", "coordinates": [ [ -94.148204367347802, 47.050406870524299 ], [ -94.147172354929396, 47.050202929180102 ] ] } },
{ "type": "Feature", "properties": { "wmUplineSo": "LONGVILLE", "wmType": "Overhead" }, "geometry": { "type": "LineString", "coordinates": [ [ -94.138093986032302, 47.084296439028101 ], [ -94.137827321548897, 47.0849713764961 ] ] } },
{ "type": "Feature", "properties": { "wmUplineSo": "LONGVILLE", "wmType": "Overhead" }, "geometry": { "type": "LineString", "coordinates": [ [ -94.172688339605799, 47.030391672394003 ], [ -94.171650280488095, 47.0311992940373 ] ] } },
{ "type": "Feature", "properties": { "wmUplineSo": "LONGVILLE", "wmType": "Overhead" }, "geometry": { "type": "LineString", "coordinates": [ [ -94.169143874753701, 47.032365605196198 ], [ -94.168496613823805, 47.032769354330703 ] ] } },
{ "type": "Feature", "properties": { "wmUplineSo": "LONGVILLE", "wmType": "Overhead" }, "geometry": { "type": "LineString", "coordinates": [ [ -94.189860913368094, 47.0179255660425 ], [ -94.189401286843704, 47.017731766539399 ] ] } },
{ "type": "Feature", "properties": { "wmUplineSo": "LONGVILLE", "wmType": "Overhead" }, "geometry": { "type": "LineString", "coordinates": [ [ -94.181148208558994, 47.0247225521817 ], [ -94.181005315157506, 47.0253637227556 ] ] } },
{ "type": "Feature", "properties": { "wmUplineSo": "LONGVILLE", "wmType": "Overhead" }, "geometry": { "type": "LineString", "coordinates": [ [ -94.181299603543394, 47.024325037976404 ], [ -94.181148208558994, 47.0247225521817 ] ] } },
{ "type": "Feature", "properties": { "wmUplineSo": "LONGVILLE", "wmType": "Overhead" }, "geometry": { "type": "LineString", "coordinates": [ [ -94.181434295639093, 47.023896505400103 ], [ -94.181299603543394, 47.024325037976404 ] ] } },
{ "type": "Feature", "properties": { "wmUplineSo": "LONGVILLE", "wmType": "Overhead" }, "geometry": { "type": "LineString", "coordinates": [ [ -94.189860913368094, 47.0179255660425 ], [ -94.190289292646099, 47.0179697688381 ] ] } },
{ "type": "Feature", "properties": { "wmUplineSo": "LONGVILLE", "wmType": "Overhead" }, "geometry": { "type": "LineString", "coordinates": [ [ -94.191646982324897, 47.0168319477634 ], [ -94.190410670655794, 47.016931069904103 ] ] } },
{ "type": "Feature", "properties": { "wmUplineSo": "LONGVILLE", "wmType": "Overhead" }, "geometry": { "type": "LineString", "coordinates": [ [ -94.182191041710098, 47.023461789994997 ], [ -94.181434295639093, 47.023896505400103 ] ] } },
{ "type": "Feature", "properties": { "wmUplineSo": "LONGVILLE", "wmType": "Overhead" }, "geometry": { "type": "LineString", "coordinates": [ [ -94.182715150871203, 47.023165622067403 ], [ -94.182191041710098, 47.023461789994997 ] ] } },
{ "type": "Feature", "properties": { "wmUplineSo": "LONGVILLE", "wmType": "Overhead" }, "geometry": { "type": "LineString", "coordinates": [ [ -94.195232644929504, 47.013371652937202 ], [ -94.195924000072793, 47.013772003563602 ] ] } },
{ "type": "Feature", "properties": { "wmUplineSo": "LONGVILLE", "wmType": "Overhead" }, "geometry": { "type": "LineString", "coordinates": [ [ -94.196912823609196, 47.012590667284101 ], [ -94.197008679489002, 47.012764808454101 ] ] } },
{ "type": "Feature", "properties": { "wmUplineSo": "LONGVILLE", "wmType": "Overhead" }, "geometry": { "type": "LineString", "coordinates": [ [ -94.198391982734293, 47.012706947963601 ], [ -94.198400389526995, 47.0128921459794 ] ] } },
{ "type": "Feature", "properties": { "wmUplineSo": "LONGVILLE", "wmType": "Overhead" }, "geometry": { "type": "LineString", "coordinates": [ [ -94.202029542614994, 47.017469813279703 ], [ -94.202898531538693, 47.018034813973799 ] ] } },
{ "type": "Feature", "properties": { "wmUplineSo": "LONGVILLE", "wmType": "Overhead" }, "geometry": { "type": "LineString", "coordinates": [ [ -94.204332867676499, 47.015590881730098 ], [ -94.203654871081795, 47.015938487919399 ] ] } },
{ "type": "Feature", "properties": { "wmUplineSo": "LONGVILLE", "wmType": "Overhead" }, "geometry": { "type": "LineString", "coordinates": [ [ -94.201549880175307, 47.017074675943597 ], [ -94.202029542614994, 47.017469813279703 ] ] } },
{ "type": "Feature", "properties": { "wmUplineSo": "LONGVILLE", "wmType": "Overhead" }, "geometry": { "type": "LineString", "coordinates": [ [ -94.1989057674637, 47.010778031763699 ], [ -94.199881296735896, 47.009451871496097 ] ] } },
{ "type": "Feature", "properties": { "wmUplineSo": "LONGVILLE", "wmType": "Overhead" }, "geometry": { "type": "LineString", "coordinates": [ [ -94.198169811674603, 47.011527289346098 ], [ -94.198531879673993, 47.011155879886701 ] ] } },
{ "type": "Feature", "properties": { "wmUplineSo": "LONGVILLE", "wmType": "Overhead" }, "geometry": { "type": "LineString", "coordinates": [ [ -94.197516173048697, 47.0115510226357 ], [ -94.198169811674603, 47.011527289346098 ] ] } },
{ "type": "Feature", "properties": { "wmUplineSo": "LONGVILLE", "wmType": "Overhead" }, "geometry": { "type": "LineString", "coordinates": [ [ -94.193525887754504, 47.010823755872899 ], [ -94.192981006938496, 47.0111078874735 ] ] } },
{ "type": "Feature", "properties": { "wmUplineSo": "LONGVILLE", "wmType": "Overhead" }, "geometry": { "type": "LineString", "coordinates": [ [ -94.194162827363499, 47.011542483373802 ], [ -94.194426733095497, 47.010647806060398 ] ] } },
{ "type": "Feature", "properties": { "wmUplineSo": "LONGVILLE", "wmType": "Overhead" }, "geometry": { "type": "LineString", "coordinates": [ [ -94.194162827363499, 47.011542483373802 ], [ -94.193525887754504, 47.010823755872899 ] ] } },
{ "type": "Feature", "properties": { "wmUplineSo": "LONGVILLE", "wmType": "Overhead" }, "geometry": { "type": "LineString", "coordinates": [ [ -94.1959473966714, 47.011613351971697 ], [ -94.197022571927903, 47.011582374563297 ] ] } },
{ "type": "Feature", "properties": { "wmUplineSo": "LONGVILLE", "wmType": "Overhead" }, "geometry": { "type": "LineString", "coordinates": [ [ -94.196458645953896, 47.012128964531698 ], [ -94.1959473966714, 47.011613351971697 ] ] } },
{ "type": "Feature", "properties": { "wmUplineSo": "LONGVILLE", "wmType": "Overhead" }, "geometry": { "type": "LineString", "coordinates": [ [ -94.196859449689995, 47.012538844131598 ], [ -94.196458645953896, 47.012128964531698 ] ] } },
{ "type": "Feature", "properties": { "wmUplineSo": "LONGVILLE", "wmType": "Overhead" }, "geometry": { "type": "LineString", "coordinates": [ [ -94.178304454323793, 47.052159799652799 ], [ -94.178624397977401, 47.051739633025697 ] ] } },
{ "type": "Feature", "properties": { "wmUplineSo": "LONGVILLE", "wmType": "Overhead" }, "geometry": { "type": "LineString", "coordinates": [ [ -94.160405119030301, 47.053657560949198 ], [ -94.160343684661299, 47.054618444842902 ] ] } },
{ "type": "Feature", "properties": { "wmUplineSo": "LONGVILLE", "wmType": "Overhead" }, "geometry": { "type": "LineString", "coordinates": [ [ -94.172331227430206, 47.052739611049503 ], [ -94.172395886535099, 47.052546619673201 ] ] } },
{ "type": "Feature", "properties": { "wmUplineSo": "LONGVILLE", "wmType": "Overhead" }, "geometry": { "type": "LineString", "coordinates": [ [ -94.171154076117503, 47.052805394755801 ], [ -94.170005284324503, 47.052850275026501 ], [ -94.168842885270195, 47.052895675097901 ] ] } },
{ "type": "Feature", "properties": { "wmUplineSo": "LONGVILLE", "wmType": "Overhead" }, "geometry": { "type": "LineString", "coordinates": [ [ -94.171154076117503, 47.052805394755801 ], [ -94.170833201843607, 47.052394144394903 ] ] } },
{ "type": "Feature", "properties": { "wmUplineSo": "LONGVILLE", "wmType": "Overhead" }, "geometry": { "type": "LineString", "coordinates": [ [ -94.170833201843607, 47.052394144394903 ], [ -94.169936186612901, 47.052140042427297 ] ] } },
{ "type": "Feature", "properties": { "wmUplineSo": "LONGVILLE", "wmType": "Overhead" }, "geometry": { "type": "LineString", "coordinates": [ [ -94.172395886535099, 47.052546619673201 ], [ -94.172524258236706, 47.052177614210102 ] ] } },
{ "type": "Feature", "properties": { "wmUplineSo": "LONGVILLE", "wmType": "Overhead" }, "geometry": { "type": "LineString", "coordinates": [ [ -94.172331227430206, 47.052739611049503 ], [ -94.171154076117503, 47.052805394755801 ] ] } },
{ "type": "Feature", "properties": { "wmUplineSo": "LONGVILLE", "wmType": "Overhead" }, "geometry": { "type": "LineString", "coordinates": [ [ -94.176781937220198, 47.052566746838899 ], [ -94.175648100606907, 47.052614500886001 ] ] } },
{ "type": "Feature", "properties": { "wmUplineSo": "LONGVILLE", "wmType": "Overhead" }, "geometry": { "type": "LineString", "coordinates": [ [ -94.175648100606907, 47.052614500886001 ], [ -94.174554409888898, 47.052658663657397 ] ] } },
{ "type": "Feature", "properties": { "wmUplineSo": "LONGVILLE", "wmType": "Overhead" }, "geometry": { "type": "LineString", "coordinates": [ [ -94.160343684661299, 47.054618444842902 ], [ -94.160312043521401, 47.0555687601329 ] ] } },
{ "type": "Feature", "properties": { "wmUplineSo": "LONGVILLE", "wmType": "Overhead" }, "geometry": { "type": "LineString", "coordinates": [ [ -94.160055543467095, 47.0616995523282 ], [ -94.159975498219296, 47.062551549288401 ] ] } },
{ "type": "Feature", "properties": { "wmUplineSo": "LONGVILLE", "wmType": "Overhead" }, "geometry": { "type": "LineString", "coordinates": [ [ -94.160312043521401, 47.0555687601329 ], [ -94.160302586151005, 47.056256947248798 ] ] } },
{ "type": "Feature", "properties": { "wmUplineSo": "LONGVILLE", "wmType": "Overhead" }, "geometry": { "type": "LineString", "coordinates": [ [ -94.164804878796701, 47.036619630150497 ], [ -94.165586417520998, 47.036225740665401 ] ] } },
{ "type": "Feature", "properties": { "wmUplineSo": "LONGVILLE", "wmType": "Overhead" }, "geometry": { "type": "LineString", "coordinates": [ [ -94.162823593978899, 47.0373145636514 ], [ -94.163740646962793, 47.036748702951797 ] ] } },
{ "type": "Feature", "properties": { "wmUplineSo": "LONGVILLE", "wmType": "Overhead" }, "geometry": { "type": "LineString", "coordinates": [ [ -94.160897115022905, 47.038671394625297 ], [ -94.161528636546606, 47.038403086408898 ] ] } },
{ "type": "Feature", "properties": { "wmUplineSo": "LONGVILLE", "wmType": "Overhead" }, "geometry": { "type": "LineString", "coordinates": [ [ -94.160216222392606, 47.050239489573997 ], [ -94.160259783309499, 47.049356909511197 ] ] } },
{ "type": "Feature", "properties": { "wmUplineSo": "LONGVILLE", "wmType": "Overhead" }, "geometry": { "type": "LineString", "coordinates": [ [ -94.160083429125194, 47.038476133756802 ], [ -94.158757125286002, 47.038755144916202 ] ] } },
{ "type": "Feature", "properties": { "wmUplineSo": "LONGVILLE", "wmType": "Overhead" }, "geometry": { "type": "LineString", "coordinates": [ [ -94.158757125286002, 47.038755144916202 ], [ -94.157804, 47.038936754985301 ] ] } },
{ "type": "Feature", "properties": { "wmUplineSo": "LONGVILLE", "wmType": "Overhead" }, "geometry": { "type": "LineString", "coordinates": [ [ -94.157804, 47.038936754985301 ], [ -94.157026691691797, 47.038808714151699 ] ] } },
{ "type": "Feature", "properties": { "wmUplineSo": "LONGVILLE", "wmType": "Overhead" }, "geometry": { "type": "LineString", "coordinates": [ [ -94.140942000069501, 47.048930003573297 ], [ -94.140711757786903, 47.049751523011302 ] ] } },
{ "type": "Feature", "properties": { "wmUplineSo": "LONGVILLE", "wmType": "Overhead" }, "geometry": { "type": "LineString", "coordinates": [ [ -94.112565411050696, 47.045092037470297 ], [ -94.111428098346707, 47.045005463137798 ] ] } },
{ "type": "Feature", "properties": { "wmUplineSo": "LONGVILLE", "wmType": "Overhead" }, "geometry": { "type": "LineString", "coordinates": [ [ -94.093906437889402, 47.037924396850997 ], [ -94.092601417185904, 47.037822393330103 ] ] } },
{ "type": "Feature", "properties": { "wmUplineSo": "LONGVILLE", "wmType": "Overhead" }, "geometry": { "type": "LineString", "coordinates": [ [ -94.093906437889402, 47.037924396850997 ], [ -94.093918456054993, 47.037586398583699 ] ] } },
{ "type": "Feature", "properties": { "wmUplineSo": "LONGVILLE", "wmType": "Overhead" }, "geometry": { "type": "LineString", "coordinates": [ [ -94.093888522339697, 47.036216399733902 ], [ -94.094373574816501, 47.035386402529397 ] ] } },
{ "type": "Feature", "properties": { "wmUplineSo": "LONGVILLE", "wmType": "Overhead" }, "geometry": { "type": "LineString", "coordinates": [ [ -94.094028235924696, 47.041992391928702 ], [ -94.094026282444901, 47.041084394035899 ] ] } },
{ "type": "Feature", "properties": { "wmUplineSo": "LONGVILLE", "wmType": "Overhead" }, "geometry": { "type": "LineString", "coordinates": [ [ -94.094043397322295, 47.0428243350188 ], [ -94.094028235924696, 47.041992391928702 ] ] } },
{ "type": "Feature", "properties": { "wmUplineSo": "LONGVILLE", "wmType": "Overhead" }, "geometry": { "type": "LineString", "coordinates": [ [ -94.107612791703602, 47.044609099200201 ], [ -94.106871031038295, 47.044616271491897 ] ] } },
{ "type": "Feature", "properties": { "wmUplineSo": "LONGVILLE", "wmType": "Overhead" }, "geometry": { "type": "LineString", "coordinates": [ [ -94.094372071699695, 47.0435513523975 ], [ -94.093022460373007, 47.043442158868203 ] ] } },
{ "type": "Feature", "properties": { "wmUplineSo": "LONGVILLE", "wmType": "Overhead" }, "geometry": { "type": "LineString", "coordinates": [ [ -94.090422988306102, 47.0432169429113 ], [ -94.089430091893306, 47.043077375962199 ] ] } },
{ "type": "Feature", "properties": { "wmUplineSo": "LONGVILLE", "wmType": "Overhead" }, "geometry": { "type": "LineString", "coordinates": [ [ -94.086088699727298, 47.042821265043699 ], [ -94.084571016598701, 47.042701361279697 ] ] } },
{ "type": "Feature", "properties": { "wmUplineSo": "LONGVILLE", "wmType": "Overhead" }, "geometry": { "type": "LineString", "coordinates": [ [ -94.083222682851201, 47.042659093599198 ], [ -94.082428077639904, 47.040654355793798 ] ] } },
{ "type": "Feature", "properties": { "wmUplineSo": "LONGVILLE", "wmType": "Overhead" }, "geometry": { "type": "LineString", "coordinates": [ [ -94.238102318416395, 47.012805545456601 ], [ -94.237163828051493, 47.012139055776501 ] ] } },
{ "type": "Feature", "properties": { "wmUplineSo": "LONGVILLE", "wmType": "Overhead" }, "geometry": { "type": "LineString", "coordinates": [ [ -94.225737162206499, 47.061472198119901 ], [ -94.225082828273102, 47.061494739134098 ] ] } },
{ "type": "Feature", "properties": { "wmUplineSo": "LONGVILLE", "wmType": "Overhead" }, "geometry": { "type": "LineString", "coordinates": [ [ -94.225082828273102, 47.061494739134098 ], [ -94.2231977912556, 47.061509734426402 ] ] } },
{ "type": "Feature", "properties": { "wmUplineSo": "LONGVILLE", "wmType": "Overhead" }, "geometry": { "type": "LineString", "coordinates": [ [ -94.214479272430296, 47.011252627098003 ], [ -94.214483424381598, 47.012011513954697 ] ] } },
{ "type": "Feature", "properties": { "wmUplineSo": "LONGVILLE", "wmType": "Overhead" }, "geometry": { "type": "LineString", "coordinates": [ [ -94.224337939443103, 47.069645691497698 ], [ -94.222896435524106, 47.069621808722196 ] ] } },
{ "type": "Feature", "properties": { "wmUplineSo": "LONGVILLE", "wmType": "Overhead" }, "geometry": { "type": "LineString", "coordinates": [ [ -94.203919514960404, 47.018754815800598 ], [ -94.204364000073397, 47.0191250035652 ] ] } },
{ "type": "Feature", "properties": { "wmUplineSo": "LONGVILLE", "wmType": "Overhead" }, "geometry": { "type": "LineString", "coordinates": [ [ -94.215233542503597, 47.038453534909401 ], [ -94.215243609034701, 47.0391789645724 ] ] } },
{ "type": "Feature", "properties": { "wmUplineSo": "LONGVILLE", "wmType": "Overhead" }, "geometry": { "type": "LineString", "coordinates": [ [ -94.215233542503597, 47.038453534909401 ], [ -94.215704233246001, 47.038495008481902 ] ] } },
{ "type": "Feature", "properties": { "wmUplineSo": "LONGVILLE", "wmType": "Overhead" }, "geometry": { "type": "LineString", "coordinates": [ [ -94.215248814044401, 47.037494792634803 ], [ -94.215233542503597, 47.038453534909401 ] ] } },
{ "type": "Feature", "properties": { "wmUplineSo": "LONGVILLE", "wmType": "Overhead" }, "geometry": { "type": "LineString", "coordinates": [ [ -94.180838320518504, 47.025820530812098 ], [ -94.180559743268603, 47.025795193177501 ] ] } },
{ "type": "Feature", "properties": { "wmUplineSo": "LONGVILLE", "wmType": "Overhead" }, "geometry": { "type": "LineString", "coordinates": [ [ -94.204095961787999, 47.034750944378402 ], [ -94.202989620563997, 47.035097100068498 ] ] } },
{ "type": "Feature", "properties": { "wmUplineSo": "LONGVILLE", "wmType": "Overhead" }, "geometry": { "type": "LineString", "coordinates": [ [ -94.204293000073704, 47.052593003574302 ], [ -94.203210000073597, 47.052580003574299 ] ] } },
{ "type": "Feature", "properties": { "wmUplineSo": "LONGVILLE", "wmType": "Overhead" }, "geometry": { "type": "LineString", "coordinates": [ [ -94.203210000073597, 47.052580003574299 ], [ -94.202125031696099, 47.0525683029935 ] ] } },
{ "type": "Feature", "properties": { "wmUplineSo": "LONGVILLE", "wmType": "Overhead" }, "geometry": { "type": "LineString", "coordinates": [ [ -94.202125031696099, 47.0525683029935 ], [ -94.201036000073401, 47.052561003574198 ] ] } },
{ "type": "Feature", "properties": { "wmUplineSo": "LONGVILLE", "wmType": "Overhead" }, "geometry": { "type": "LineString", "coordinates": [ [ -94.201036000073401, 47.052561003574198 ], [ -94.199953000073407, 47.052552003574299 ] ] } },
{ "type": "Feature", "properties": { "wmUplineSo": "LONGVILLE", "wmType": "Overhead" }, "geometry": { "type": "LineString", "coordinates": [ [ -94.199953000073407, 47.052552003574299 ], [ -94.198866000073295, 47.052542003574302 ] ] } },
{ "type": "Feature", "properties": { "wmUplineSo": "LONGVILLE", "wmType": "Overhead" }, "geometry": { "type": "LineString", "coordinates": [ [ -94.198866000073295, 47.052542003574302 ], [ -94.197776000073205, 47.052531003574401 ] ] } },
{ "type": "Feature", "properties": { "wmUplineSo": "LONGVILLE", "wmType": "Overhead" }, "geometry": { "type": "LineString", "coordinates": [ [ -94.197776000073205, 47.052531003574401 ], [ -94.196693000073196, 47.052519003574403 ] ] } },
{ "type": "Feature", "properties": { "wmUplineSo": "LONGVILLE", "wmType": "Overhead" }, "geometry": { "type": "LineString", "coordinates": [ [ -94.196693000073196, 47.052519003574403 ], [ -94.195621000073103, 47.052511003574303 ] ] } },
{ "type": "Feature", "properties": { "wmUplineSo": "LONGVILLE", "wmType": "Overhead" }, "geometry": { "type": "LineString", "coordinates": [ [ -94.195621000073103, 47.052511003574303 ], [ -94.194549000072996, 47.052500003574202 ] ] } },
{ "type": "Feature", "properties": { "wmUplineSo": "LONGVILLE", "wmType": "Overhead" }, "geometry": { "type": "LineString", "coordinates": [ [ -94.194549000072996, 47.052500003574202 ], [ -94.193476000073005, 47.052491003574303 ] ] } },
{ "type": "Feature", "properties": { "wmUplineSo": "LONGVILLE", "wmType": "Overhead" }, "geometry": { "type": "LineString", "coordinates": [ [ -94.193476000073005, 47.052491003574303 ], [ -94.192403185965105, 47.052482212111897 ] ] } },
{ "type": "Feature", "properties": { "wmUplineSo": "LONGVILLE", "wmType": "Overhead" }, "geometry": { "type": "LineString", "coordinates": [ [ -94.192403185965105, 47.052482212111897 ], [ -94.191330387037098, 47.052477251520401 ] ] } },
{ "type": "Feature", "properties": { "wmUplineSo": "LONGVILLE", "wmType": "Overhead" }, "geometry": { "type": "LineString", "coordinates": [ [ -94.191330387037098, 47.052477251520401 ], [ -94.190252767739196, 47.052466082625898 ] ] } },
{ "type": "Feature", "properties": { "wmUplineSo": "LONGVILLE", "wmType": "Overhead" }, "geometry": { "type": "LineString", "coordinates": [ [ -94.190252767739196, 47.052466082625898 ], [ -94.189129000072697, 47.052460003574303 ] ] } },
{ "type": "Feature", "properties": { "wmUplineSo": "LONGVILLE", "wmType": "Overhead" }, "geometry": { "type": "LineString", "coordinates": [ [ -94.189129000072697, 47.052460003574303 ], [ -94.188206719648207, 47.052455616822201 ] ] } },
{ "type": "Feature", "properties": { "wmUplineSo": "LONGVILLE", "wmType": "Overhead" }, "geometry": { "type": "LineString", "coordinates": [ [ -94.188206719648207, 47.052455616822201 ], [ -94.187280000072505, 47.052448003574199 ] ] } },
{ "type": "Feature", "properties": { "wmUplineSo": "LONGVILLE", "wmType": "Overhead" }, "geometry": { "type": "LineString", "coordinates": [ [ -94.187280000072505, 47.052448003574199 ], [ -94.1863590000725, 47.052444003574202 ] ] } },
{ "type": "Feature", "properties": { "wmUplineSo": "LONGVILLE", "wmType": "Overhead" }, "geometry": { "type": "LineString", "coordinates": [ [ -94.1191716496037, 47.083551394019899 ], [ -94.119205900000395, 47.0835993000088 ] ] } },
{ "type": "Feature", "properties": { "wmUplineSo": "LONGVILLE", "wmType": "Overhead" }, "geometry": { "type": "LineString", "coordinates": [ [ -94.203002, 47.004246 ], [ -94.203975, 47.004332 ] ] } },
{ "type": "Feature", "properties": { "wmUplineSo": "LONGVILLE", "wmType": "Overhead" }, "geometry": { "type": "LineString", "coordinates": [ [ -94.1863590000725, 47.052444003574202 ], [ -94.185710792914307, 47.052448150929003 ] ] } },
{ "type": "Feature", "properties": { "wmUplineSo": "LONGVILLE", "wmType": "Overhead" }, "geometry": { "type": "LineString", "coordinates": [ [ -94.209705, 46.998017 ], [ -94.209644013888806, 46.997962593709403 ] ] } },
{ "type": "Feature", "properties": { "wmUplineSo": "LONGVILLE", "wmType": "Overhead" }, "geometry": { "type": "LineString", "coordinates": [ [ -94.203905, 47.003578 ], [ -94.203927441549197, 47.003644822782398 ] ] } },
{ "type": "Feature", "properties": { "wmUplineSo": "LONGVILLE", "wmType": "Overhead" }, "geometry": { "type": "LineString", "coordinates": [ [ -94.246009344180905, 47.018389967846197 ], [ -94.245120355709702, 47.017811966265498 ] ] } },
{ "type": "Feature", "properties": { "wmUplineSo": "LONGVILLE", "wmType": "Overhead" }, "geometry": { "type": "LineString", "coordinates": [ [ -94.182685514875303, 47.030438403078897 ], [ -94.183783722897005, 47.030473991644897 ] ] } },
{ "type": "Feature", "properties": { "wmUplineSo": "LONGVILLE", "wmType": "Overhead" }, "geometry": { "type": "LineString", "coordinates": [ [ -94.205396451084894, 47.015517953611102 ], [ -94.204332867676499, 47.015590881730098 ] ] } },
{ "type": "Feature", "properties": { "wmUplineSo": "LONGVILLE", "wmType": "Overhead" }, "geometry": { "type": "LineString", "coordinates": [ [ -94.1780591568331, 47.052508376473298 ], [ -94.176781937220198, 47.052566746838899 ] ] } },
{ "type": "Feature", "properties": { "wmUplineSo": "LONGVILLE", "wmType": "Overhead" }, "geometry": { "type": "LineString", "coordinates": [ [ -94.181304000072203, 47.0524780035744 ], [ -94.180803920931893, 47.052492011054099 ] ] } },
{ "type": "Feature", "properties": { "wmUplineSo": "LONGVILLE", "wmType": "Overhead" }, "geometry": { "type": "LineString", "coordinates": [ [ -94.1780591568331, 47.052508376473298 ], [ -94.178304454323793, 47.052159799652799 ] ] } },
{ "type": "Feature", "properties": { "wmUplineSo": "LONGVILLE", "wmType": "Overhead" }, "geometry": { "type": "LineString", "coordinates": [ [ -94.207947193177205, 47.014577657279503 ], [ -94.206775043607394, 47.015053262504203 ] ] } },
{ "type": "Feature", "properties": { "wmUplineSo": "LONGVILLE", "wmType": "Overhead" }, "geometry": { "type": "LineString", "coordinates": [ [ -94.215043400898594, 47.051355256593602 ], [ -94.215051209190307, 47.051545649246997 ] ] } },
{ "type": "Feature", "properties": { "wmUplineSo": "LONGVILLE", "wmType": "Overhead" }, "geometry": { "type": "LineString", "coordinates": [ [ -94.225857, 47.052776 ], [ -94.225850394073206, 47.052548385019101 ] ] } },
{ "type": "Feature", "properties": { "wmUplineSo": "LONGVILLE", "wmType": "Overhead" }, "geometry": { "type": "LineString", "coordinates": [ [ -94.225850394073206, 47.052548385019101 ], [ -94.225747296064796, 47.052237774433401 ] ] } },
{ "type": "Feature", "properties": { "wmUplineSo": "LONGVILLE", "wmType": "Overhead" }, "geometry": { "type": "LineString", "coordinates": [ [ -94.208446000073906, 47.052629003574403 ], [ -94.208512899329804, 47.053446718693699 ] ] } },
{ "type": "Feature", "properties": { "wmUplineSo": "LONGVILLE", "wmType": "Overhead" }, "geometry": { "type": "LineString", "coordinates": [ [ -94.167702127221006, 47.052916596412899 ], [ -94.166632586519, 47.052980119061203 ] ] } },
{ "type": "Feature", "properties": { "wmUplineSo": "LONGVILLE", "wmType": "Overhead" }, "geometry": { "type": "LineString", "coordinates": [ [ -94.160126688252106, 47.0528604603644 ], [ -94.160115979684804, 47.052122638720803 ] ] } },
{ "type": "Feature", "properties": { "wmUplineSo": "LONGVILLE", "wmType": "Overhead" }, "geometry": { "type": "LineString", "coordinates": [ [ -94.191437056441799, 47.029742828274898 ], [ -94.190285038892299, 47.030121475825801 ] ] } },
{ "type": "Feature", "properties": { "wmUplineSo": "LONGVILLE", "wmType": "Overhead" }, "geometry": { "type": "LineString", "coordinates": [ [ -94.187847053309198, 47.030490741050897 ], [ -94.1877345250508, 47.030422993685001 ] ] } },
{ "type": "Feature", "properties": { "wmUplineSo": "LONGVILLE", "wmType": "Overhead" }, "geometry": { "type": "LineString", "coordinates": [ [ -94.152511810408299, 47.051299308556899 ], [ -94.151419993571693, 47.0510698170363 ] ] } },
{ "type": "Feature", "properties": { "wmUplineSo": "LONGVILLE", "wmType": "Overhead" }, "geometry": { "type": "LineString", "coordinates": [ [ -94.159074365821695, 47.052654497557398 ], [ -94.157921447486501, 47.052409014994097 ] ] } },
{ "type": "Feature", "properties": { "wmUplineSo": "LONGVILLE", "wmType": "Overhead" }, "geometry": { "type": "LineString", "coordinates": [ [ -94.210755967642996, 46.991377083893902 ], [ -94.210812996050095, 46.990787096202297 ] ] } },
{ "type": "Feature", "properties": { "wmUplineSo": "LONGVILLE", "wmType": "Overhead" }, "geometry": { "type": "LineString", "coordinates": [ [ -94.210404846393601, 46.992964622469003 ], [ -94.209683644871106, 46.992734465383201 ] ] } },
{ "type": "Feature", "properties": { "wmUplineSo": "LONGVILLE", "wmType": "Overhead" }, "geometry": { "type": "LineString", "coordinates": [ [ -94.210404846393601, 46.992964622469003 ], [ -94.2104313922963, 46.992680227337097 ] ] } },
{ "type": "Feature", "properties": { "wmUplineSo": "LONGVILLE", "wmType": "Overhead" }, "geometry": { "type": "LineString", "coordinates": [ [ -94.2104313922963, 46.992680227337097 ], [ -94.210569542627596, 46.992269861053103 ] ] } },
{ "type": "Feature", "properties": { "wmUplineSo": "LONGVILLE", "wmType": "Overhead" }, "geometry": { "type": "LineString", "coordinates": [ [ -94.210649949135998, 46.991735075281397 ], [ -94.210755967642996, 46.991377083893902 ] ] } },
{ "type": "Feature", "properties": { "wmUplineSo": "LONGVILLE", "wmType": "Overhead" }, "geometry": { "type": "LineString", "coordinates": [ [ -94.214539471991799, 47.005701141061301 ], [ -94.214540315238295, 47.006649894285601 ] ] } },
{ "type": "Feature", "properties": { "wmUplineSo": "LONGVILLE", "wmType": "Overhead" }, "geometry": { "type": "LineString", "coordinates": [ [ -94.214475621520194, 47.0090293241363 ], [ -94.213521337309402, 47.008848769325098 ] ] } },
{ "type": "Feature", "properties": { "wmUplineSo": "LONGVILLE", "wmType": "Overhead" }, "geometry": { "type": "LineString", "coordinates": [ [ -94.214475517718896, 47.009690137302101 ], [ -94.214487968784994, 47.010484675262397 ] ] } },
{ "type": "Feature", "properties": { "wmUplineSo": "LONGVILLE", "wmType": "Overhead" }, "geometry": { "type": "LineString", "coordinates": [ [ -94.214475621520194, 47.0090293241363 ], [ -94.214475269443099, 47.009130539553396 ] ] } },
{ "type": "Feature", "properties": { "wmUplineSo": "LONGVILLE", "wmType": "Overhead" }, "geometry": { "type": "LineString", "coordinates": [ [ -94.214475269443099, 47.009130539553396 ], [ -94.214473806918605, 47.009551006066502 ] ] } },
{ "type": "Feature", "properties": { "wmUplineSo": "LONGVILLE", "wmType": "Overhead" }, "geometry": { "type": "LineString", "coordinates": [ [ -94.160126688252106, 47.0528604603644 ], [ -94.160162050843596, 47.052962561508302 ] ] } },
{ "type": "Feature", "properties": { "wmUplineSo": "LONGVILLE", "wmType": "Overhead" }, "geometry": { "type": "LineString", "coordinates": [ [ -94.180146665114094, 47.027242640490996 ], [ -94.179728112004298, 47.027968857981897 ] ] } },
{ "type": "Feature", "properties": { "wmUplineSo": "LONGVILLE", "wmType": "Overhead" }, "geometry": { "type": "LineString", "coordinates": [ [ -94.160126688252106, 47.0528604603644 ], [ -94.159074365821695, 47.052654497557398 ] ] } },
{ "type": "Feature", "properties": { "wmUplineSo": "LONGVILLE", "wmType": "Overhead" }, "geometry": { "type": "LineString", "coordinates": [ [ -94.168842885270195, 47.052895675097901 ], [ -94.167702127221006, 47.052916596412899 ] ] } },
{ "type": "Feature", "properties": { "wmUplineSo": "LONGVILLE", "wmType": "Overhead" }, "geometry": { "type": "LineString", "coordinates": [ [ -94.199656150613194, 47.024494782318399 ], [ -94.200276000073103, 47.024529003566798 ] ] } },
{ "type": "Feature", "properties": { "wmUplineSo": "LONGVILLE", "wmType": "Overhead" }, "geometry": { "type": "LineString", "coordinates": [ [ -94.208312876371707, 47.014406396143102 ], [ -94.207947193177205, 47.014577657279503 ] ] } },
{ "type": "Feature", "properties": { "wmUplineSo": "LONGVILLE", "wmType": "Overhead" }, "geometry": { "type": "LineString", "coordinates": [ [ -94.191424082096802, 47.011892080648302 ], [ -94.191132082728004, 47.011803080266603 ] ] } },
{ "type": "Feature", "properties": { "wmUplineSo": "LONGVILLE", "wmType": "Overhead" }, "geometry": { "type": "LineString", "coordinates": [ [ -94.171650280488095, 47.0311992940373 ], [ -94.171224881544703, 47.0315502105273 ] ] } },
{ "type": "Feature", "properties": { "wmUplineSo": "LONGVILLE", "wmType": "Overhead" }, "geometry": { "type": "LineString", "coordinates": [ [ -94.207566865232906, 47.0034112290626 ], [ -94.207176100000495, 47.003282000008802 ] ] } },
{ "type": "Feature", "properties": { "wmUplineSo": "LONGVILLE", "wmType": "Overhead" }, "geometry": { "type": "LineString", "coordinates": [ [ -94.196908486017605, 47.0208332129897 ], [ -94.196688933560395, 47.020751261598598 ], [ -94.196330393462006, 47.020617429439703 ] ] } },
{ "type": "Feature", "properties": { "wmUplineSo": "LONGVILLE", "wmType": "Overhead" }, "geometry": { "type": "LineString", "coordinates": [ [ -94.193975113905296, 47.0202817554283 ], [ -94.193280323417397, 47.020070017314403 ] ] } },
{ "type": "Feature", "properties": { "wmUplineSo": "LONGVILLE", "wmType": "Overhead" }, "geometry": { "type": "LineString", "coordinates": [ [ -94.196256098314294, 47.0242297715129 ], [ -94.197058114795496, 47.024217774348799 ] ] } },
{ "type": "Feature", "properties": { "wmUplineSo": "LONGVILLE", "wmType": "Overhead" }, "geometry": { "type": "LineString", "coordinates": [ [ -94.1986711380396, 47.024382778856101 ], [ -94.198751166440005, 47.023834782042798 ] ] } },
{ "type": "Feature", "properties": { "wmUplineSo": "LONGVILLE", "wmType": "Overhead" }, "geometry": { "type": "LineString", "coordinates": [ [ -94.1986711380396, 47.024382778856101 ], [ -94.199656150613194, 47.024494782318399 ] ] } },
{ "type": "Feature", "properties": { "wmUplineSo": "LONGVILLE", "wmType": "Overhead" }, "geometry": { "type": "LineString", "coordinates": [ [ -94.247426092753003, 47.014401805410998 ], [ -94.248244559946301, 47.014856989955497 ] ] } },
{ "type": "Feature", "properties": { "wmUplineSo": "LONGVILLE", "wmType": "Overhead" }, "geometry": { "type": "LineString", "coordinates": [ [ -94.247426092753003, 47.014401805410998 ], [ -94.247395596191595, 47.013787990876402 ] ] } },
{ "type": "Feature", "properties": { "wmUplineSo": "LONGVILLE", "wmType": "Overhead" }, "geometry": { "type": "LineString", "coordinates": [ [ -94.248169638571696, 47.013197996080102 ], [ -94.248487656326503, 47.012981997175899 ] ] } },
{ "type": "Feature", "properties": { "wmUplineSo": "LONGVILLE", "wmType": "Overhead" }, "geometry": { "type": "LineString", "coordinates": [ [ -94.248112312154305, 47.019871969703502 ], [ -94.247600382578597, 47.018226974729998 ] ] } },
{ "type": "Feature", "properties": { "wmUplineSo": "LONGVILLE", "wmType": "Overhead" }, "geometry": { "type": "LineString", "coordinates": [ [ -94.247426092753003, 47.014401805410998 ], [ -94.247894700000501, 47.014383800008801 ] ] } },
{ "type": "Feature", "properties": { "wmUplineSo": "LONGVILLE", "wmType": "Overhead" }, "geometry": { "type": "LineString", "coordinates": [ [ -94.201549880175307, 47.017074675943597 ], [ -94.200857272633698, 47.017548609445498 ] ] } },
{ "type": "Feature", "properties": { "wmUplineSo": "LONGVILLE", "wmType": "Overhead" }, "geometry": { "type": "LineString", "coordinates": [ [ -94.185710792914307, 47.052448150929003 ], [ -94.185058000072402, 47.052450003574201 ] ] } },
{ "type": "Feature", "properties": { "wmUplineSo": "LONGVILLE", "wmType": "Overhead" }, "geometry": { "type": "LineString", "coordinates": [ [ -94.185058000072402, 47.052450003574201 ], [ -94.183934000072298, 47.052461003574301 ] ] } },
{ "type": "Feature", "properties": { "wmUplineSo": "LONGVILLE", "wmType": "Overhead" }, "geometry": { "type": "LineString", "coordinates": [ [ -94.183934000072298, 47.052461003574301 ], [ -94.183217000072304, 47.0524670035743 ] ] } },
{ "type": "Feature", "properties": { "wmUplineSo": "LONGVILLE", "wmType": "Overhead" }, "geometry": { "type": "LineString", "coordinates": [ [ -94.214168392845806, 47.025284830188298 ], [ -94.213459399558005, 47.024876829205397 ] ] } },
{ "type": "Feature", "properties": { "wmUplineSo": "LONGVILLE", "wmType": "Overhead" }, "geometry": { "type": "LineString", "coordinates": [ [ -94.212298435307005, 47.023697829335603 ], [ -94.211386415263505, 47.023716825771302 ] ] } },
{ "type": "Feature", "properties": { "wmUplineSo": "LONGVILLE", "wmType": "Overhead" }, "geometry": { "type": "LineString", "coordinates": [ [ -94.213033448336205, 47.0237128312192 ], [ -94.212298435307005, 47.023697829335603 ] ] } },
{ "type": "Feature", "properties": { "wmUplineSo": "LONGVILLE", "wmType": "Overhead" }, "geometry": { "type": "LineString", "coordinates": [ [ -94.211386415263505, 47.023716825771302 ], [ -94.211174443347403, 47.024540011027298 ] ] } },
{ "type": "Feature", "properties": { "wmUplineSo": "LONGVILLE", "wmType": "Overhead" }, "geometry": { "type": "LineString", "coordinates": [ [ -94.2151873909839, 47.034829070095199 ], [ -94.215185914272396, 47.035434800133999 ] ] } },
{ "type": "Feature", "properties": { "wmUplineSo": "LONGVILLE", "wmType": "Overhead" }, "geometry": { "type": "LineString", "coordinates": [ [ -94.215185914272396, 47.035434800133999 ], [ -94.215232876695097, 47.0362027974546 ] ] } },
{ "type": "Feature", "properties": { "wmUplineSo": "LONGVILLE", "wmType": "Overhead" }, "geometry": { "type": "LineString", "coordinates": [ [ -94.215088984675106, 47.033951804718001 ], [ -94.2151873909839, 47.034829070095199 ] ] } },
{ "type": "Feature", "properties": { "wmUplineSo": "LONGVILLE", "wmType": "Overhead" }, "geometry": { "type": "LineString", "coordinates": [ [ -94.2039253088046, 47.043307736989398 ], [ -94.203970222190407, 47.042484573158603 ] ] } },
{ "type": "Feature", "properties": { "wmUplineSo": "LONGVILLE", "wmType": "Overhead" }, "geometry": { "type": "LineString", "coordinates": [ [ -94.214291841213907, 47.026899286201399 ], [ -94.214497639951702, 47.028096299843 ] ] } },
{ "type": "Feature", "properties": { "wmUplineSo": "LONGVILLE", "wmType": "Overhead" }, "geometry": { "type": "LineString", "coordinates": [ [ -94.214497639951702, 47.028096299843 ], [ -94.214585502888696, 47.028914324433501 ] ] } },
{ "type": "Feature", "properties": { "wmUplineSo": "LONGVILLE", "wmType": "Overhead" }, "geometry": { "type": "LineString", "coordinates": [ [ -94.214585502888696, 47.028914324433501 ], [ -94.214725282612704, 47.029468593926801 ] ] } },
{ "type": "Feature", "properties": { "wmUplineSo": "LONGVILLE", "wmType": "Overhead" }, "geometry": { "type": "LineString", "coordinates": [ [ -94.203904599459193, 47.060202094448996 ], [ -94.203769434558794, 47.061001680006399 ] ] } },
{ "type": "Feature", "properties": { "wmUplineSo": "LONGVILLE", "wmType": "Overhead" }, "geometry": { "type": "LineString", "coordinates": [ [ -94.203896557189694, 47.058556687958301 ], [ -94.203947662629005, 47.059232579632301 ] ] } },
{ "type": "Feature", "properties": { "wmUplineSo": "LONGVILLE", "wmType": "Overhead" }, "geometry": { "type": "LineString", "coordinates": [ [ -94.213708272346395, 47.011984018944801 ], [ -94.213685836432703, 47.013106283819702 ], [ -94.213688558650503, 47.014186615029899 ] ] } },
{ "type": "Feature", "properties": { "wmUplineSo": "LONGVILLE", "wmType": "Overhead" }, "geometry": { "type": "LineString", "coordinates": [ [ -94.213688558650503, 47.014186615029899 ], [ -94.213661299832907, 47.015288097222196 ] ] } },
{ "type": "Feature", "properties": { "wmUplineSo": "LONGVILLE", "wmType": "Overhead" }, "geometry": { "type": "LineString", "coordinates": [ [ -94.213754428724897, 47.005763269758397 ], [ -94.212993092274402, 47.0059710251141 ] ] } },
{ "type": "Feature", "properties": { "wmUplineSo": "LONGVILLE", "wmType": "Overhead" }, "geometry": { "type": "LineString", "coordinates": [ [ -94.208775804889001, 47.003927998334198 ], [ -94.207566865232906, 47.0034112290626 ] ] } },
{ "type": "Feature", "properties": { "wmUplineSo": "LONGVILLE", "wmType": "Overhead" }, "geometry": { "type": "LineString", "coordinates": [ [ -94.151649076072999, 47.040151012484202 ], [ -94.150308887113894, 47.040208828844598 ] ] } },
{ "type": "Feature", "properties": { "wmUplineSo": "LONGVILLE", "wmType": "Overhead" }, "geometry": { "type": "LineString", "coordinates": [ [ -94.203960962766701, 47.040989435788802 ], [ -94.203981681691204, 47.0400543251532 ] ] } },
{ "type": "Feature", "properties": { "wmUplineSo": "LONGVILLE", "wmType": "Overhead" }, "geometry": { "type": "LineString", "coordinates": [ [ -94.204036302020697, 47.0373719835545 ], [ -94.204086820043997, 47.036521453576 ] ] } },
{ "type": "Feature", "properties": { "wmUplineSo": "LONGVILLE", "wmType": "Overhead" }, "geometry": { "type": "LineString", "coordinates": [ [ -94.193618038123205, 47.024429762111602 ], [ -94.196256098314294, 47.0242297715129 ] ] } },
{ "type": "Feature", "properties": { "wmUplineSo": "LONGVILLE", "wmType": "Overhead" }, "geometry": { "type": "LineString", "coordinates": [ [ -94.149209107576098, 47.040138152987602 ], [ -94.149104711852502, 47.040081567086702 ] ] } },
{ "type": "Feature", "properties": { "wmUplineSo": "LONGVILLE", "wmType": "Overhead" }, "geometry": { "type": "LineString", "coordinates": [ [ -94.085983929172002, 47.080425183973702 ], [ -94.084641761056403, 47.0803811076306 ] ] } },
{ "type": "Feature", "properties": { "wmUplineSo": "LONGVILLE", "wmType": "Overhead" }, "geometry": { "type": "LineString", "coordinates": [ [ -94.154094442014099, 47.0392418125532 ], [ -94.154052573147297, 47.038594590759701 ] ] } },
{ "type": "Feature", "properties": { "wmUplineSo": "LONGVILLE", "wmType": "Overhead" }, "geometry": { "type": "LineString", "coordinates": [ [ -94.154094442014099, 47.0392418125532 ], [ -94.153284539739303, 47.039566016182199 ] ] } },
{ "type": "Feature", "properties": { "wmUplineSo": "LONGVILLE", "wmType": "Overhead" }, "geometry": { "type": "LineString", "coordinates": [ [ -94.154978496384999, 47.038916563781697 ], [ -94.154094442014099, 47.0392418125532 ] ] } },
{ "type": "Feature", "properties": { "wmUplineSo": "LONGVILLE", "wmType": "Overhead" }, "geometry": { "type": "LineString", "coordinates": [ [ -94.085103462311395, 47.093749294917501 ], [ -94.085573453704001, 47.0940912949278 ] ] } },
{ "type": "Feature", "properties": { "wmUplineSo": "LONGVILLE", "wmType": "Overhead" }, "geometry": { "type": "LineString", "coordinates": [ [ -94.084577100000303, 47.0930511000089 ], [ -94.084045483895494, 47.092894292611298 ] ] } },
{ "type": "Feature", "properties": { "wmUplineSo": "LONGVILLE", "wmType": "Overhead" }, "geometry": { "type": "LineString", "coordinates": [ [ -94.084485528553898, 47.092174295074699 ], [ -94.084577100000303, 47.0930511000089 ] ] } },
{ "type": "Feature", "properties": { "wmUplineSo": "LONGVILLE", "wmType": "Overhead" }, "geometry": { "type": "LineString", "coordinates": [ [ -94.084577100000303, 47.0930511000089 ], [ -94.084578462335799, 47.093522294173901 ] ] } },
{ "type": "Feature", "properties": { "wmUplineSo": "LONGVILLE", "wmType": "Overhead" }, "geometry": { "type": "LineString", "coordinates": [ [ -94.137031979316205, 47.084021436647198 ], [ -94.138093986032302, 47.084296439028101 ] ] } },
{ "type": "Feature", "properties": { "wmUplineSo": "LONGVILLE", "wmType": "Overhead" }, "geometry": { "type": "LineString", "coordinates": [ [ -94.138093986032302, 47.084296439028101 ], [ -94.139213996192098, 47.0845814413357 ] ] } },
{ "type": "Feature", "properties": { "wmUplineSo": "LONGVILLE", "wmType": "Overhead" }, "geometry": { "type": "LineString", "coordinates": [ [ -94.135953981159702, 47.083526435428197 ], [ -94.137031979316205, 47.084021436647198 ] ] } },
{ "type": "Feature", "properties": { "wmUplineSo": "LONGVILLE", "wmType": "Overhead" }, "geometry": { "type": "LineString", "coordinates": [ [ -94.135953981159702, 47.083526435428197 ], [ -94.135751285170599, 47.0842038223728 ] ] } },
{ "type": "Feature", "properties": { "wmUplineSo": "LONGVILLE", "wmType": "Overhead" }, "geometry": { "type": "LineString", "coordinates": [ [ -94.134241959181793, 47.083322431791601 ], [ -94.135953981159702, 47.083526435428197 ] ] } },
{ "type": "Feature", "properties": { "wmUplineSo": "LONGVILLE", "wmType": "Overhead" }, "geometry": { "type": "LineString", "coordinates": [ [ -94.134241959181793, 47.083322431791601 ], [ -94.134306936949201, 47.083764430459802 ] ] } },
{ "type": "Feature", "properties": { "wmUplineSo": "LONGVILLE", "wmType": "Overhead" }, "geometry": { "type": "LineString", "coordinates": [ [ -94.133036942569206, 47.083167429228901 ], [ -94.133696951917898, 47.083249430522599 ] ] } },
{ "type": "Feature", "properties": { "wmUplineSo": "LONGVILLE", "wmType": "Overhead" }, "geometry": { "type": "LineString", "coordinates": [ [ -94.124717938957403, 47.084285366848 ], [ -94.125439004654098, 47.083595818684202 ] ] } },
{ "type": "Feature", "properties": { "wmUplineSo": "LONGVILLE", "wmType": "Overhead" }, "geometry": { "type": "LineString", "coordinates": [ [ -94.131604921711798, 47.083014425416302 ], [ -94.133036942569206, 47.083167429228901 ] ] } },
{ "type": "Feature", "properties": { "wmUplineSo": "LONGVILLE", "wmType": "Overhead" }, "geometry": { "type": "LineString", "coordinates": [ [ -94.131604921711798, 47.083014425416302 ], [ -94.132331967867202, 47.082372429753299 ] ] } },
{ "type": "Feature", "properties": { "wmUplineSo": "LONGVILLE", "wmType": "Overhead" }, "geometry": { "type": "LineString", "coordinates": [ [ -94.147366930713304, 47.048871545384202 ], [ -94.146613922049397, 47.048759543195501 ] ] } },
{ "type": "Feature", "properties": { "wmUplineSo": "LONGVILLE", "wmType": "Overhead" }, "geometry": { "type": "LineString", "coordinates": [ [ -94.197214839468998, 47.020934376040699 ], [ -94.196908486017605, 47.0208332129897 ] ] } },
{ "type": "Feature", "properties": { "wmUplineSo": "LONGVILLE", "wmType": "Overhead" }, "geometry": { "type": "LineString", "coordinates": [ [ -94.210015704149697, 46.996777965554202 ], [ -94.209258109789303, 46.996938573158502 ] ] } },
{ "type": "Feature", "properties": { "wmUplineSo": "LONGVILLE", "wmType": "Overhead" }, "geometry": { "type": "LineString", "coordinates": [ [ -94.199656150613194, 47.024494782318399 ], [ -94.199751183585605, 47.0238877852982 ] ] } },
{ "type": "Feature", "properties": { "wmUplineSo": "LONGVILLE", "wmType": "Overhead" }, "geometry": { "type": "LineString", "coordinates": [ [ -94.199751183585605, 47.0238877852982 ], [ -94.200124212161896, 47.0234577881956 ] ] } },
{ "type": "Feature", "properties": { "wmUplineSo": "LONGVILLE", "wmType": "Overhead" }, "geometry": { "type": "LineString", "coordinates": [ [ -94.210167647007097, 46.998064939285598 ], [ -94.210242934246097, 46.9985412851685 ] ] } },
{ "type": "Feature", "properties": { "wmUplineSo": "LONGVILLE", "wmType": "Overhead" }, "geometry": { "type": "LineString", "coordinates": [ [ -94.192870761589205, 47.029736742915198 ], [ -94.192246740868597, 47.029746305283297 ] ] } },
{ "type": "Feature", "properties": { "wmUplineSo": "LONGVILLE", "wmType": "Overhead" }, "geometry": { "type": "LineString", "coordinates": [ [ -94.183217000072304, 47.0524670035743 ], [ -94.182501000072307, 47.052473003574399 ] ] } },
{ "type": "Feature", "properties": { "wmUplineSo": "LONGVILLE", "wmType": "Overhead" }, "geometry": { "type": "LineString", "coordinates": [ [ -94.196912823609196, 47.012590667284101 ], [ -94.196859449689995, 47.012538844131598 ] ] } },
{ "type": "Feature", "properties": { "wmUplineSo": "LONGVILLE", "wmType": "Overhead" }, "geometry": { "type": "LineString", "coordinates": [ [ -94.179728112004298, 47.027968857981897 ], [ -94.179937639467298, 47.028152097663501 ] ] } },
{ "type": "Feature", "properties": { "wmUplineSo": "LONGVILLE", "wmType": "Overhead" }, "geometry": { "type": "LineString", "coordinates": [ [ -94.247530218706302, 47.058953054067999 ], [ -94.246813894515498, 47.059110936288803 ] ] } },
{ "type": "Feature", "properties": { "wmUplineSo": "LONGVILLE", "wmType": "Overhead" }, "geometry": { "type": "LineString", "coordinates": [ [ -94.247463628709497, 47.054111834563798 ], [ -94.247662584555798, 47.0550928307105 ] ] } },
{ "type": "Feature", "properties": { "wmUplineSo": "LONGVILLE", "wmType": "Overhead" }, "geometry": { "type": "LineString", "coordinates": [ [ -94.247530218706302, 47.058953054067999 ], [ -94.247600370312199, 47.059439813552501 ] ] } },
{ "type": "Feature", "properties": { "wmUplineSo": "LONGVILLE", "wmType": "Overhead" }, "geometry": { "type": "LineString", "coordinates": [ [ -94.187847053309198, 47.030490741050897 ], [ -94.187732876699698, 47.030487857978002 ] ] } },
{ "type": "Feature", "properties": { "wmUplineSo": "LONGVILLE", "wmType": "Overhead" }, "geometry": { "type": "LineString", "coordinates": [ [ -94.102732774936698, 47.080850405216303 ], [ -94.1013908171266, 47.080817642281403 ] ] } },
{ "type": "Feature", "properties": { "wmUplineSo": "LONGVILLE", "wmType": "Overhead" }, "geometry": { "type": "LineString", "coordinates": [ [ -94.104059725229206, 47.080918226385499 ], [ -94.102732774936698, 47.080850405216303 ] ] } },
{ "type": "Feature", "properties": { "wmUplineSo": "LONGVILLE", "wmType": "Overhead" }, "geometry": { "type": "LineString", "coordinates": [ [ -94.249593742348495, 47.032122926263597 ], [ -94.249433760521796, 47.031707927962898 ] ] } },
{ "type": "Feature", "properties": { "wmUplineSo": "LONGVILLE", "wmType": "Overhead" }, "geometry": { "type": "LineString", "coordinates": [ [ -94.249939993921799, 47.0271029469816 ], [ -94.250064042719501, 47.026161951461702 ] ] } },
{ "type": "Feature", "properties": { "wmUplineSo": "LONGVILLE", "wmType": "Overhead" }, "geometry": { "type": "LineString", "coordinates": [ [ -94.182501000072307, 47.052473003574399 ], [ -94.181304000072203, 47.0524780035744 ] ] } },
{ "type": "Feature", "properties": { "wmUplineSo": "LONGVILLE", "wmType": "Overhead" }, "geometry": { "type": "LineString", "coordinates": [ [ -94.267303365998103, 47.074981922439598 ], [ -94.267282331810804, 47.0756151283598 ] ] } },
{ "type": "Feature", "properties": { "wmUplineSo": "LONGVILLE", "wmType": "Overhead" }, "geometry": { "type": "LineString", "coordinates": [ [ -94.268656064509102, 47.075609917778102 ], [ -94.269753209111201, 47.0756150126902 ] ] } },
{ "type": "Feature", "properties": { "wmUplineSo": "LONGVILLE", "wmType": "Overhead" }, "geometry": { "type": "LineString", "coordinates": [ [ -94.1622724819848, 47.037817112257699 ], [ -94.162254397921998, 47.037635329037499 ] ] } },
{ "type": "Feature", "properties": { "wmUplineSo": "LONGVILLE", "wmType": "Overhead" }, "geometry": { "type": "LineString", "coordinates": [ [ -94.1622724819848, 47.037817112257699 ], [ -94.162823593978899, 47.0373145636514 ] ] } },
{ "type": "Feature", "properties": { "wmUplineSo": "LONGVILLE", "wmType": "Overhead" }, "geometry": { "type": "LineString", "coordinates": [ [ -94.124717938957403, 47.084285366848 ], [ -94.125083768457699, 47.085219490148098 ] ] } },
{ "type": "Feature", "properties": { "wmUplineSo": "LONGVILLE", "wmType": "Overhead" }, "geometry": { "type": "LineString", "coordinates": [ [ -94.125083768457699, 47.085219490148098 ], [ -94.125344638566105, 47.086211403805798 ] ] } },
{ "type": "Feature", "properties": { "wmUplineSo": "LONGVILLE", "wmType": "Overhead" }, "geometry": { "type": "LineString", "coordinates": [ [ -94.205324295086697, 47.003472869176903 ], [ -94.204587278959394, 47.003521865527397 ] ] } },
{ "type": "Feature", "properties": { "wmUplineSo": "LONGVILLE", "wmType": "Overhead" }, "geometry": { "type": "LineString", "coordinates": [ [ -94.225819646085696, 47.0552818190707 ], [ -94.224968135172205, 47.0552047629836 ] ] } },
{ "type": "Feature", "properties": { "wmUplineSo": "LONGVILLE", "wmType": "Overhead" }, "geometry": { "type": "LineString", "coordinates": [ [ -94.209561434723796, 47.0042820548096 ], [ -94.209535710972602, 47.004270462156398 ], [ -94.208775804889001, 47.003927998334198 ] ] } },
{ "type": "Feature", "properties": { "wmUplineSo": "LONGVILLE", "wmType": "Overhead" }, "geometry": { "type": "LineString", "coordinates": [ [ -94.213708272346395, 47.011984018944801 ], [ -94.213669426976097, 47.011746826234003 ] ] } },
{ "type": "Feature", "properties": { "wmUplineSo": "LONGVILLE", "wmType": "Overhead" }, "geometry": { "type": "LineString", "coordinates": [ [ -94.214483424381598, 47.012011513954697 ], [ -94.213708272346395, 47.011984018944801 ] ] } },
{ "type": "Feature", "properties": { "wmUplineSo": "LONGVILLE", "wmType": "Overhead" }, "geometry": { "type": "LineString", "coordinates": [ [ -94.214473806918605, 47.009551006066502 ], [ -94.214475517718896, 47.009690137302101 ] ] } },
{ "type": "Feature", "properties": { "wmUplineSo": "LONGVILLE", "wmType": "Overhead" }, "geometry": { "type": "LineString", "coordinates": [ [ -94.214505501876602, 47.008623637615401 ], [ -94.214475621520194, 47.0090293241363 ] ] } },
{ "type": "Feature", "properties": { "wmUplineSo": "LONGVILLE", "wmType": "Overhead" }, "geometry": { "type": "LineString", "coordinates": [ [ -94.225802827588495, 47.056484730252201 ], [ -94.225804720478195, 47.056496003531102 ] ] } },
{ "type": "Feature", "properties": { "wmUplineSo": "LONGVILLE", "wmType": "Overhead" }, "geometry": { "type": "LineString", "coordinates": [ [ -94.181304000072203, 47.0524780035744 ], [ -94.181152468302699, 47.053131270552498 ] ] } },
{ "type": "Feature", "properties": { "wmUplineSo": "LONGVILLE", "wmType": "Overhead" }, "geometry": { "type": "LineString", "coordinates": [ [ -94.181276390691593, 47.053610028844901 ], [ -94.181266352267599, 47.0537376351473 ] ] } },
{ "type": "Feature", "properties": { "wmUplineSo": "LONGVILLE", "wmType": "Overhead" }, "geometry": { "type": "LineString", "coordinates": [ [ -94.188417304961305, 47.019379968631199 ], [ -94.188448461149505, 47.019379726645802 ] ] } },
{ "type": "Feature", "properties": { "wmUplineSo": "LONGVILLE", "wmType": "Overhead" }, "geometry": { "type": "LineString", "coordinates": [ [ -94.157804, 47.038936754985301 ], [ -94.157554, 47.037923 ] ] } },
{ "type": "Feature", "properties": { "wmUplineSo": "LONGVILLE", "wmType": "Overhead" }, "geometry": { "type": "LineString", "coordinates": [ [ -94.117987967707705, 47.096724365823697 ], [ -94.118045455004903, 47.097212190652499 ] ] } },
{ "type": "Feature", "properties": { "wmUplineSo": "LONGVILLE", "wmType": "Overhead" }, "geometry": { "type": "LineString", "coordinates": [ [ -94.215389000074396, 47.052683003574302 ], [ -94.216583, 47.052695999999898 ] ] } },
{ "type": "Feature", "properties": { "wmUplineSo": "LONGVILLE", "wmType": "Overhead" }, "geometry": { "type": "LineString", "coordinates": [ [ -94.216583, 47.052695999999898 ], [ -94.217681534514895, 47.052705467880799 ] ] } },
{ "type": "Feature", "properties": { "wmUplineSo": "LONGVILLE", "wmType": "Overhead" }, "geometry": { "type": "LineString", "coordinates": [ [ -94.217681534514895, 47.052705467880799 ], [ -94.218649642025397, 47.052715598165499 ] ] } },
{ "type": "Feature", "properties": { "wmUplineSo": "LONGVILLE", "wmType": "Overhead" }, "geometry": { "type": "LineString", "coordinates": [ [ -94.218649642025397, 47.052715598165499 ], [ -94.219840198621299, 47.052723866964499 ] ] } },
{ "type": "Feature", "properties": { "wmUplineSo": "LONGVILLE", "wmType": "Overhead" }, "geometry": { "type": "LineString", "coordinates": [ [ -94.219840198621299, 47.052723866964499 ], [ -94.22057, 47.052731 ] ] } },
{ "type": "Feature", "properties": { "wmUplineSo": "LONGVILLE", "wmType": "Overhead" }, "geometry": { "type": "LineString", "coordinates": [ [ -94.22057, 47.052731 ], [ -94.221301, 47.052737 ] ] } },
{ "type": "Feature", "properties": { "wmUplineSo": "LONGVILLE", "wmType": "Overhead" }, "geometry": { "type": "LineString", "coordinates": [ [ -94.221301, 47.052737 ], [ -94.222336, 47.052744 ] ] } },
{ "type": "Feature", "properties": { "wmUplineSo": "LONGVILLE", "wmType": "Overhead" }, "geometry": { "type": "LineString", "coordinates": [ [ -94.222336, 47.052744 ], [ -94.22346, 47.052755 ] ] } },
{ "type": "Feature", "properties": { "wmUplineSo": "LONGVILLE", "wmType": "Overhead" }, "geometry": { "type": "LineString", "coordinates": [ [ -94.22346, 47.052755 ], [ -94.224658, 47.052767 ] ] } },
{ "type": "Feature", "properties": { "wmUplineSo": "LONGVILLE", "wmType": "Overhead" }, "geometry": { "type": "LineString", "coordinates": [ [ -94.224658, 47.052767 ], [ -94.225857, 47.052776 ] ] } },
{ "type": "Feature", "properties": { "wmUplineSo": "LONGVILLE", "wmType": "Overhead" }, "geometry": { "type": "LineString", "coordinates": [ [ -94.225857, 47.052776 ], [ -94.22682, 47.05279 ] ] } },
{ "type": "Feature", "properties": { "wmUplineSo": "LONGVILLE", "wmType": "Overhead" }, "geometry": { "type": "LineString", "coordinates": [ [ -94.22682, 47.05279 ], [ -94.228007, 47.052804000000101 ] ] } },
{ "type": "Feature", "properties": { "wmUplineSo": "LONGVILLE", "wmType": "Overhead" }, "geometry": { "type": "LineString", "coordinates": [ [ -94.228007, 47.052804000000101 ], [ -94.229193687315401, 47.052815606128803 ] ] } },
{ "type": "Feature", "properties": { "wmUplineSo": "LONGVILLE", "wmType": "Overhead" }, "geometry": { "type": "LineString", "coordinates": [ [ -94.229193687315401, 47.052815606128803 ], [ -94.230303495199394, 47.052826309834302 ] ] } },
{ "type": "Feature", "properties": { "wmUplineSo": "LONGVILLE", "wmType": "Overhead" }, "geometry": { "type": "LineString", "coordinates": [ [ -94.230303495199394, 47.052826309834302 ], [ -94.231421, 47.052838999999899 ] ] } },
{ "type": "Feature", "properties": { "wmUplineSo": "LONGVILLE", "wmType": "Overhead" }, "geometry": { "type": "LineString", "coordinates": [ [ -94.231421, 47.052838999999899 ], [ -94.231898, 47.052844999999898 ] ] } },
{ "type": "Feature", "properties": { "wmUplineSo": "LONGVILLE", "wmType": "Overhead" }, "geometry": { "type": "LineString", "coordinates": [ [ -94.231898, 47.052844999999898 ], [ -94.232898045277594, 47.052856727621098 ] ] } },
{ "type": "Feature", "properties": { "wmUplineSo": "LONGVILLE", "wmType": "Overhead" }, "geometry": { "type": "LineString", "coordinates": [ [ -94.194797765947797, 47.020310188581298 ], [ -94.193975113905296, 47.0202817554283 ] ] } },
{ "type": "Feature", "properties": { "wmUplineSo": "LONGVILLE", "wmType": "Overhead" }, "geometry": { "type": "LineString", "coordinates": [ [ -94.12124, 47.087145 ], [ -94.121245102553203, 47.0871473475964 ] ] } },
{ "type": "Feature", "properties": { "wmUplineSo": "LONGVILLE", "wmType": "Overhead" }, "geometry": { "type": "LineString", "coordinates": [ [ -94.208163, 46.997106 ], [ -94.206943, 46.997274 ] ] } },
{ "type": "Feature", "properties": { "wmUplineSo": "LONGVILLE", "wmType": "Overhead" }, "geometry": { "type": "LineString", "coordinates": [ [ -94.206943, 46.997274 ], [ -94.206962161820897, 46.9973412986132 ] ] } },
{ "type": "Feature", "properties": { "wmUplineSo": "LONGVILLE", "wmType": "Overhead" }, "geometry": { "type": "LineString", "coordinates": [ [ -94.121245102553203, 47.0871473475964 ], [ -94.121504000068597, 47.087256003583803 ] ] } },
{ "type": "Feature", "properties": { "wmUplineSo": "LONGVILLE", "wmType": "Overhead" }, "geometry": { "type": "LineString", "coordinates": [ [ -94.197458000000495, 47.017202800008803 ], [ -94.197387159596104, 47.017187469385703 ] ] } },
{ "type": "Feature", "properties": { "wmUplineSo": "LONGVILLE", "wmType": "Overhead" }, "geometry": { "type": "LineString", "coordinates": [ [ -94.232898045277594, 47.052856727621098 ], [ -94.233900433383397, 47.052864763279402 ] ] } },
{ "type": "Feature", "properties": { "wmUplineSo": "LONGVILLE", "wmType": "Overhead" }, "geometry": { "type": "LineString", "coordinates": [ [ -94.233900433383397, 47.052864763279402 ], [ -94.234901665848099, 47.052876115365201 ] ] } },
{ "type": "Feature", "properties": { "wmUplineSo": "LONGVILLE", "wmType": "Overhead" }, "geometry": { "type": "LineString", "coordinates": [ [ -94.191424082096802, 47.011892080648302 ], [ -94.19081, 47.012202 ] ] } },
{ "type": "Feature", "properties": { "wmUplineSo": "LONGVILLE", "wmType": "Overhead" }, "geometry": { "type": "LineString", "coordinates": [ [ -94.082428077639904, 47.040654355793798 ], [ -94.0821308000004, 47.040450200008799 ] ] } },
{ "type": "Feature", "properties": { "wmUplineSo": "LONGVILLE", "wmType": "Overhead" }, "geometry": { "type": "LineString", "coordinates": [ [ -94.225802827588495, 47.056484730252201 ], [ -94.225702508455598, 47.056485454564701 ] ] } },
{ "type": "Feature", "properties": { "wmUplineSo": "LONGVILLE", "wmType": "Overhead" }, "geometry": { "type": "LineString", "coordinates": [ [ -94.234901665848099, 47.052876115365201 ], [ -94.235982, 47.0528890000001 ] ] } },
{ "type": "Feature", "properties": { "wmUplineSo": "LONGVILLE", "wmType": "Overhead" }, "geometry": { "type": "LineString", "coordinates": [ [ -94.235982, 47.0528890000001 ], [ -94.23706, 47.052898 ] ] } },
{ "type": "Feature", "properties": { "wmUplineSo": "LONGVILLE", "wmType": "Overhead" }, "geometry": { "type": "LineString", "coordinates": [ [ -94.23706, 47.052898 ], [ -94.238182, 47.052912 ] ] } },
{ "type": "Feature", "properties": { "wmUplineSo": "LONGVILLE", "wmType": "Overhead" }, "geometry": { "type": "LineString", "coordinates": [ [ -94.208312876371707, 47.014406396143102 ], [ -94.207511982712603, 47.014139947962299 ] ] } },
{ "type": "Feature", "properties": { "wmUplineSo": "LONGVILLE", "wmType": "Overhead" }, "geometry": { "type": "LineString", "coordinates": [ [ -94.207511982712603, 47.014139947962299 ], [ -94.206442844021296, 47.013806983289101 ] ] } },
{ "type": "Feature", "properties": { "wmUplineSo": "LONGVILLE", "wmType": "Overhead" }, "geometry": { "type": "LineString", "coordinates": [ [ -94.206442844021296, 47.013806983289101 ], [ -94.205674927544095, 47.013564866274201 ] ] } },
{ "type": "Feature", "properties": { "wmUplineSo": "LONGVILLE", "wmType": "Overhead" }, "geometry": { "type": "LineString", "coordinates": [ [ -94.205674927544095, 47.013564866274201 ], [ -94.204785060452906, 47.013288397781302 ] ] } },
{ "type": "Feature", "properties": { "wmUplineSo": "LONGVILLE", "wmType": "Overhead" }, "geometry": { "type": "LineString", "coordinates": [ [ -94.204785060452906, 47.013288397781302 ], [ -94.203849982721707, 47.012987947963602 ] ] } },
{ "type": "Feature", "properties": { "wmUplineSo": "LONGVILLE", "wmType": "Overhead" }, "geometry": { "type": "LineString", "coordinates": [ [ -94.203849982721707, 47.012987947963602 ], [ -94.202870009423805, 47.012711984197601 ] ] } },
{ "type": "Feature", "properties": { "wmUplineSo": "LONGVILLE", "wmType": "Overhead" }, "geometry": { "type": "LineString", "coordinates": [ [ -94.202870009423805, 47.012711984197601 ], [ -94.201939982726302, 47.0124469479643 ] ] } },
{ "type": "Feature", "properties": { "wmUplineSo": "LONGVILLE", "wmType": "Overhead" }, "geometry": { "type": "LineString", "coordinates": [ [ -94.201939982726302, 47.0124469479643 ], [ -94.2010469827284, 47.012431947964203 ] ] } },
{ "type": "Feature", "properties": { "wmUplineSo": "LONGVILLE", "wmType": "Overhead" }, "geometry": { "type": "LineString", "coordinates": [ [ -94.2010469827284, 47.012431947964203 ], [ -94.200176982730298, 47.012581947963902 ] ] } },
{ "type": "Feature", "properties": { "wmUplineSo": "LONGVILLE", "wmType": "Overhead" }, "geometry": { "type": "LineString", "coordinates": [ [ -94.200176982730298, 47.012581947963902 ], [ -94.199266264441604, 47.0127486489625 ] ] } },
{ "type": "Feature", "properties": { "wmUplineSo": "LONGVILLE", "wmType": "Overhead" }, "geometry": { "type": "LineString", "coordinates": [ [ -94.199266264441604, 47.0127486489625 ], [ -94.198391982734293, 47.012706947963601 ] ] } },
{ "type": "Feature", "properties": { "wmUplineSo": "LONGVILLE", "wmType": "Overhead" }, "geometry": { "type": "LineString", "coordinates": [ [ -94.198391982734293, 47.012706947963601 ], [ -94.197636981872293, 47.012639063904601 ] ] } },
{ "type": "Feature", "properties": { "wmUplineSo": "LONGVILLE", "wmType": "Overhead" }, "geometry": { "type": "LineString", "coordinates": [ [ -94.197636981872293, 47.012639063904601 ], [ -94.196912823609196, 47.012590667284101 ] ] } },
{ "type": "Feature", "properties": { "wmUplineSo": "LONGVILLE", "wmType": "Overhead" }, "geometry": { "type": "LineString", "coordinates": [ [ -94.196912823609196, 47.012590667284101 ], [ -94.195876982739904, 47.012852947963403 ] ] } },
{ "type": "Feature", "properties": { "wmUplineSo": "LONGVILLE", "wmType": "Overhead" }, "geometry": { "type": "LineString", "coordinates": [ [ -94.195876982739904, 47.012852947963403 ], [ -94.195232644929504, 47.013371652937202 ] ] } },
{ "type": "Feature", "properties": { "wmUplineSo": "LONGVILLE", "wmType": "Overhead" }, "geometry": { "type": "LineString", "coordinates": [ [ -94.195232644929504, 47.013371652937202 ], [ -94.194985664239596, 47.0138087556222 ] ] } },
{ "type": "Feature", "properties": { "wmUplineSo": "LONGVILLE", "wmType": "Overhead" }, "geometry": { "type": "LineString", "coordinates": [ [ -94.194985664239596, 47.0138087556222 ], [ -94.1948229827414, 47.014219947961401 ] ] } },
{ "type": "Feature", "properties": { "wmUplineSo": "LONGVILLE", "wmType": "Overhead" }, "geometry": { "type": "LineString", "coordinates": [ [ -94.1948229827414, 47.014219947961401 ], [ -94.193921982743106, 47.014662947960801 ] ] } },
{ "type": "Feature", "properties": { "wmUplineSo": "LONGVILLE", "wmType": "Overhead" }, "geometry": { "type": "LineString", "coordinates": [ [ -94.193921982743106, 47.014662947960801 ], [ -94.193266982744404, 47.014982947960299 ] ] } },
{ "type": "Feature", "properties": { "wmUplineSo": "LONGVILLE", "wmType": "Overhead" }, "geometry": { "type": "LineString", "coordinates": [ [ -94.193266982744404, 47.014982947960299 ], [ -94.192702982745203, 47.015691947959297 ] ] } },
{ "type": "Feature", "properties": { "wmUplineSo": "LONGVILLE", "wmType": "Overhead" }, "geometry": { "type": "LineString", "coordinates": [ [ -94.192702982745203, 47.015691947959297 ], [ -94.192252982745899, 47.016282947958501 ] ] } },
{ "type": "Feature", "properties": { "wmUplineSo": "LONGVILLE", "wmType": "Overhead" }, "geometry": { "type": "LineString", "coordinates": [ [ -94.192252982745899, 47.016282947958501 ], [ -94.191646982324897, 47.0168319477634 ] ] } },
{ "type": "Feature", "properties": { "wmUplineSo": "LONGVILLE", "wmType": "Overhead" }, "geometry": { "type": "LineString", "coordinates": [ [ -94.191646982324897, 47.0168319477634 ], [ -94.190782000072502, 47.0173760035646 ] ] } },
{ "type": "Feature", "properties": { "wmUplineSo": "LONGVILLE", "wmType": "Overhead" }, "geometry": { "type": "LineString", "coordinates": [ [ -94.190782000072502, 47.0173760035646 ], [ -94.189860913368094, 47.0179255660425 ] ] } },
{ "type": "Feature", "properties": { "wmUplineSo": "LONGVILLE", "wmType": "Overhead" }, "geometry": { "type": "LineString", "coordinates": [ [ -94.189860913368094, 47.0179255660425 ], [ -94.189123913757598, 47.018495544984297 ] ] } },
{ "type": "Feature", "properties": { "wmUplineSo": "LONGVILLE", "wmType": "Overhead" }, "geometry": { "type": "LineString", "coordinates": [ [ -94.189123913757598, 47.018495544984297 ], [ -94.188712789229299, 47.019013825712697 ] ] } },
{ "type": "Feature", "properties": { "wmUplineSo": "LONGVILLE", "wmType": "Overhead" }, "geometry": { "type": "LineString", "coordinates": [ [ -94.188712789229299, 47.019013825712697 ], [ -94.188417304961305, 47.019379968631199 ] ] } },
{ "type": "Feature", "properties": { "wmUplineSo": "LONGVILLE", "wmType": "Overhead" }, "geometry": { "type": "LineString", "coordinates": [ [ -94.160593392792094, 47.039860254909001 ], [ -94.160620928726004, 47.038874228100603 ] ] } },
{ "type": "Feature", "properties": { "wmUplineSo": "LONGVILLE", "wmType": "Overhead" }, "geometry": { "type": "LineString", "coordinates": [ [ -94.160620928726004, 47.038874228100603 ], [ -94.160897115022905, 47.038671394625297 ] ] } },
{ "type": "Feature", "properties": { "wmUplineSo": "LONGVILLE", "wmType": "Overhead" }, "geometry": { "type": "LineString", "coordinates": [ [ -94.160620928726004, 47.038874228100603 ], [ -94.160083429125194, 47.038476133756802 ] ] } },
{ "type": "Feature", "properties": { "wmUplineSo": "LONGVILLE", "wmType": "Overhead" }, "geometry": { "type": "LineString", "coordinates": [ [ -94.225806202742305, 47.056560675078003 ], [ -94.225795787687204, 47.057220161723897 ] ] } },
{ "type": "Feature", "properties": { "wmUplineSo": "LONGVILLE", "wmType": "Overhead" }, "geometry": { "type": "LineString", "coordinates": [ [ -94.169137937912694, 47.052073106720997 ], [ -94.169154367543499, 47.051814290558198 ] ] } },
{ "type": "Feature", "properties": { "wmUplineSo": "LONGVILLE", "wmType": "Overhead" }, "geometry": { "type": "LineString", "coordinates": [ [ -94.105253133632104, 47.080931455851697 ], [ -94.105713082063204, 47.0815648764843 ] ] } },
{ "type": "Feature", "properties": { "wmUplineSo": "LONGVILLE", "wmType": "Overhead" }, "geometry": { "type": "LineString", "coordinates": [ [ -94.238182, 47.052912 ], [ -94.239303454530997, 47.052925210822899 ] ] } },
{ "type": "Feature", "properties": { "wmUplineSo": "LONGVILLE", "wmType": "Overhead" }, "geometry": { "type": "LineString", "coordinates": [ [ -94.239303454530997, 47.052925210822899 ], [ -94.239941, 47.052934999999898 ] ] } },
{ "type": "Feature", "properties": { "wmUplineSo": "LONGVILLE", "wmType": "Overhead" }, "geometry": { "type": "LineString", "coordinates": [ [ -94.147172354929396, 47.050202929180102 ], [ -94.147490338350906, 47.049717340069598 ] ] } },
{ "type": "Feature", "properties": { "wmUplineSo": "LONGVILLE", "wmType": "Overhead" }, "geometry": { "type": "LineString", "coordinates": [ [ -94.147172354929396, 47.050202929180102 ], [ -94.146064160208894, 47.049964609786102 ] ] } },
{ "type": "Feature", "properties": { "wmUplineSo": "LONGVILLE", "wmType": "Overhead" }, "geometry": { "type": "LineString", "coordinates": [ [ -94.146064160208894, 47.049964609786102 ], [ -94.144938538305396, 47.049748146488398 ] ] } },
{ "type": "Feature", "properties": { "wmUplineSo": "LONGVILLE", "wmType": "Overhead" }, "geometry": { "type": "LineString", "coordinates": [ [ -94.144938538305396, 47.049748146488398 ], [ -94.143814816912496, 47.049530258843397 ] ] } },
{ "type": "Feature", "properties": { "wmUplineSo": "LONGVILLE", "wmType": "Overhead" }, "geometry": { "type": "LineString", "coordinates": [ [ -94.143814816912496, 47.049530258843397 ], [ -94.142700000069695, 47.049291003573401 ] ] } },
{ "type": "Feature", "properties": { "wmUplineSo": "LONGVILLE", "wmType": "Overhead" }, "geometry": { "type": "LineString", "coordinates": [ [ -94.142700000069695, 47.049291003573401 ], [ -94.141822309659602, 47.049110858314599 ] ] } },
{ "type": "Feature", "properties": { "wmUplineSo": "LONGVILLE", "wmType": "Overhead" }, "geometry": { "type": "LineString", "coordinates": [ [ -94.141822309659602, 47.049110858314599 ], [ -94.140942000069501, 47.048930003573297 ] ] } },
{ "type": "Feature", "properties": { "wmUplineSo": "LONGVILLE", "wmType": "Overhead" }, "geometry": { "type": "LineString", "coordinates": [ [ -94.140942000069501, 47.048930003573297 ], [ -94.139909000069494, 47.048713003573503 ] ] } },
{ "type": "Feature", "properties": { "wmUplineSo": "LONGVILLE", "wmType": "Overhead" }, "geometry": { "type": "LineString", "coordinates": [ [ -94.139909000069494, 47.048713003573503 ], [ -94.138900693105001, 47.048495667596001 ] ] } },
{ "type": "Feature", "properties": { "wmUplineSo": "LONGVILLE", "wmType": "Overhead" }, "geometry": { "type": "LineString", "coordinates": [ [ -94.138900693105001, 47.048495667596001 ], [ -94.137873104055004, 47.0482922697025 ] ] } },
{ "type": "Feature", "properties": { "wmUplineSo": "LONGVILLE", "wmType": "Overhead" }, "geometry": { "type": "LineString", "coordinates": [ [ -94.137873104055004, 47.0482922697025 ], [ -94.137036020930097, 47.048129257023497 ] ] } },
{ "type": "Feature", "properties": { "wmUplineSo": "LONGVILLE", "wmType": "Overhead" }, "geometry": { "type": "LineString", "coordinates": [ [ -94.137036020930097, 47.048129257023497 ], [ -94.136840422349096, 47.048093363906403 ] ] } },
{ "type": "Feature", "properties": { "wmUplineSo": "LONGVILLE", "wmType": "Overhead" }, "geometry": { "type": "LineString", "coordinates": [ [ -94.206354954795103, 46.997689155745597 ], [ -94.206306100000504, 46.997729600008697 ] ] } },
{ "type": "Feature", "properties": { "wmUplineSo": "LONGVILLE", "wmType": "Overhead" }, "geometry": { "type": "LineString", "coordinates": [ [ -94.206943, 46.997274 ], [ -94.206354954795103, 46.997689155745597 ] ] } },
{ "type": "Feature", "properties": { "wmUplineSo": "LONGVILLE", "wmType": "Overhead" }, "geometry": { "type": "LineString", "coordinates": [ [ -94.257821145034299, 47.018827715042903 ], [ -94.257885600000506, 47.018920900008801 ] ] } },
{ "type": "Feature", "properties": { "wmUplineSo": "LONGVILLE", "wmType": "Overhead" }, "geometry": { "type": "LineString", "coordinates": [ [ -94.198882985372194, 47.023200092604299 ], [ -94.198980811511603, 47.0225253280719 ] ] } },
{ "type": "Feature", "properties": { "wmUplineSo": "LONGVILLE", "wmType": "Overhead" }, "geometry": { "type": "LineString", "coordinates": [ [ -94.198980811511603, 47.0225253280719 ], [ -94.200074526878794, 47.022521788601402 ] ] } },
{ "type": "Feature", "properties": { "wmUplineSo": "LONGVILLE", "wmType": "Overhead" }, "geometry": { "type": "LineString", "coordinates": [ [ -94.282354000078996, 47.083085003582497 ], [ -94.283573000079201, 47.083097003582701 ] ] } },
{ "type": "Feature", "properties": { "wmUplineSo": "LONGVILLE", "wmType": "Overhead" }, "geometry": { "type": "LineString", "coordinates": [ [ -94.209456000073502, 46.990345003557202 ], [ -94.209416300000498, 46.990324600008698 ] ] } },
{ "type": "Feature", "properties": { "wmUplineSo": "LONGVILLE", "wmType": "Overhead" }, "geometry": { "type": "LineString", "coordinates": [ [ -94.233732800149298, 47.007579677829298 ], [ -94.233430658395704, 47.007012963702998 ] ] } },
{ "type": "Feature", "properties": { "wmUplineSo": "LONGVILLE", "wmType": "Overhead" }, "geometry": { "type": "LineString", "coordinates": [ [ -94.236569355976499, 47.011752390523498 ], [ -94.235691006443403, 47.011153875257101 ] ] } },
{ "type": "Feature", "properties": { "wmUplineSo": "LONGVILLE", "wmType": "Overhead" }, "geometry": { "type": "LineString", "coordinates": [ [ -94.084470295154304, 47.092115656370602 ], [ -94.084485528553898, 47.092174295074699 ] ] } },
{ "type": "Feature", "properties": { "wmUplineSo": "LONGVILLE", "wmType": "Overhead" }, "geometry": { "type": "LineString", "coordinates": [ [ -94.214468, 47.036940000000101 ], [ -94.214415444357499, 47.036942715628399 ] ] } },
{ "type": "Feature", "properties": { "wmUplineSo": "LONGVILLE", "wmType": "Overhead" }, "geometry": { "type": "LineString", "coordinates": [ [ -94.215065000074304, 47.052014003574101 ], [ -94.215389000074396, 47.052683003574302 ] ] } },
{ "type": "Feature", "properties": { "wmUplineSo": "LONGVILLE", "wmType": "Overhead" }, "geometry": { "type": "LineString", "coordinates": [ [ -94.215389000074396, 47.052683003574302 ], [ -94.214424000074303, 47.0526780035744 ] ] } },
{ "type": "Feature", "properties": { "wmUplineSo": "LONGVILLE", "wmType": "Overhead" }, "geometry": { "type": "LineString", "coordinates": [ [ -94.214424000074303, 47.0526780035744 ], [ -94.213315000074203, 47.0526780035743 ] ] } },
{ "type": "Feature", "properties": { "wmUplineSo": "LONGVILLE", "wmType": "Overhead" }, "geometry": { "type": "LineString", "coordinates": [ [ -94.213315000074203, 47.0526780035743 ], [ -94.212279000074204, 47.052673003574299 ] ] } },
{ "type": "Feature", "properties": { "wmUplineSo": "LONGVILLE", "wmType": "Overhead" }, "geometry": { "type": "LineString", "coordinates": [ [ -94.212279000074204, 47.052673003574299 ], [ -94.211236000074095, 47.052660003574402 ] ] } },
{ "type": "Feature", "properties": { "wmUplineSo": "LONGVILLE", "wmType": "Overhead" }, "geometry": { "type": "LineString", "coordinates": [ [ -94.211236000074095, 47.052660003574402 ], [ -94.210296000073996, 47.052646003574303 ] ] } },
{ "type": "Feature", "properties": { "wmUplineSo": "LONGVILLE", "wmType": "Overhead" }, "geometry": { "type": "LineString", "coordinates": [ [ -94.110420520392793, 47.084728503623097 ], [ -94.111645635211602, 47.085001426158897 ] ] } },
{ "type": "Feature", "properties": { "wmUplineSo": "LONGVILLE", "wmType": "Overhead" }, "geometry": { "type": "LineString", "coordinates": [ [ -94.111645635211602, 47.085001426158897 ], [ -94.1129021696661, 47.085271343401899 ] ] } },
{ "type": "Feature", "properties": { "wmUplineSo": "LONGVILLE", "wmType": "Overhead" }, "geometry": { "type": "LineString", "coordinates": [ [ -94.1129021696661, 47.085271343401899 ], [ -94.114113447908395, 47.085544376572798 ] ] } },
{ "type": "Feature", "properties": { "wmUplineSo": "LONGVILLE", "wmType": "Overhead" }, "geometry": { "type": "LineString", "coordinates": [ [ -94.114113447908395, 47.085544376572798 ], [ -94.114963370652006, 47.086022425343998 ] ] } },
{ "type": "Feature", "properties": { "wmUplineSo": "LONGVILLE", "wmType": "Overhead" }, "geometry": { "type": "LineString", "coordinates": [ [ -94.114963370652006, 47.086022425343998 ], [ -94.115764661235502, 47.086718580305799 ] ] } },
{ "type": "Feature", "properties": { "wmUplineSo": "LONGVILLE", "wmType": "Overhead" }, "geometry": { "type": "LineString", "coordinates": [ [ -94.108323064311605, 47.085285017762601 ], [ -94.107404986511398, 47.0859784145132 ] ] } },
{ "type": "Feature", "properties": { "wmUplineSo": "LONGVILLE", "wmType": "Overhead" }, "geometry": { "type": "LineString", "coordinates": [ [ -94.107404986511398, 47.0859784145132 ], [ -94.106568786767099, 47.086671012687198 ] ] } },
{ "type": "Feature", "properties": { "wmUplineSo": "LONGVILLE", "wmType": "Overhead" }, "geometry": { "type": "LineString", "coordinates": [ [ -94.106568786767099, 47.086671012687198 ], [ -94.105611863092605, 47.087426674167197 ] ] } },
{ "type": "Feature", "properties": { "wmUplineSo": "LONGVILLE", "wmType": "Overhead" }, "geometry": { "type": "LineString", "coordinates": [ [ -94.105611863092605, 47.087426674167197 ], [ -94.105556414596904, 47.088372285064104 ] ] } },
{ "type": "Feature", "properties": { "wmUplineSo": "LONGVILLE", "wmType": "Overhead" }, "geometry": { "type": "LineString", "coordinates": [ [ -94.108548371327799, 47.081328945984602 ], [ -94.109487374415593, 47.082034559595499 ] ] } },
{ "type": "Feature", "properties": { "wmUplineSo": "LONGVILLE", "wmType": "Overhead" }, "geometry": { "type": "LineString", "coordinates": [ [ -94.109487374415593, 47.082034559595499 ], [ -94.109882346736796, 47.082680954337597 ] ] } },
{ "type": "Feature", "properties": { "wmUplineSo": "LONGVILLE", "wmType": "Overhead" }, "geometry": { "type": "LineString", "coordinates": [ [ -94.109882346736796, 47.082680954337597 ], [ -94.109856522207807, 47.083331426429098 ] ] } },
{ "type": "Feature", "properties": { "wmUplineSo": "LONGVILLE", "wmType": "Overhead" }, "geometry": { "type": "LineString", "coordinates": [ [ -94.085235839894807, 47.086269304576199 ], [ -94.085205799830405, 47.0870593035186 ] ] } },
{ "type": "Feature", "properties": { "wmUplineSo": "LONGVILLE", "wmType": "Overhead" }, "geometry": { "type": "LineString", "coordinates": [ [ -94.085000884549402, 47.0852893053492 ], [ -94.085235839894807, 47.086269304576199 ] ] } },
{ "type": "Feature", "properties": { "wmUplineSo": "LONGVILLE", "wmType": "Overhead" }, "geometry": { "type": "LineString", "coordinates": [ [ -94.084860929811001, 47.0843493059511 ], [ -94.085000884549402, 47.0852893053492 ] ] } },
{ "type": "Feature", "properties": { "wmUplineSo": "LONGVILLE", "wmType": "Overhead" }, "geometry": { "type": "LineString", "coordinates": [ [ -94.084228935511106, 47.083994305557901 ], [ -94.084860929811001, 47.0843493059511 ] ] } },
{ "type": "Feature", "properties": { "wmUplineSo": "LONGVILLE", "wmType": "Overhead" }, "geometry": { "type": "LineString", "coordinates": [ [ -94.083540942752194, 47.083567303892202 ], [ -94.084228935511106, 47.083994305557901 ] ] } },
{ "type": "Feature", "properties": { "wmUplineSo": "LONGVILLE", "wmType": "Overhead" }, "geometry": { "type": "LineString", "coordinates": [ [ -94.083472987784006, 47.082626304736301 ], [ -94.083540942752194, 47.083567303892202 ] ] } },
{ "type": "Feature", "properties": { "wmUplineSo": "LONGVILLE", "wmType": "Overhead" }, "geometry": { "type": "LineString", "coordinates": [ [ -94.083423038153001, 47.081627306675699 ], [ -94.083472987784006, 47.082626304736301 ] ] } },
{ "type": "Feature", "properties": { "wmUplineSo": "LONGVILLE", "wmType": "Overhead" }, "geometry": { "type": "LineString", "coordinates": [ [ -94.083303499892693, 47.081072132347998 ], [ -94.083423038153001, 47.081627306675699 ] ] } },
{ "type": "Feature", "properties": { "wmUplineSo": "LONGVILLE", "wmType": "Overhead" }, "geometry": { "type": "LineString", "coordinates": [ [ -94.081882000174502, 47.0802978415363 ], [ -94.080639233313804, 47.080279133570698 ] ] } },
{ "type": "Feature", "properties": { "wmUplineSo": "LONGVILLE", "wmType": "Overhead" }, "geometry": { "type": "LineString", "coordinates": [ [ -94.080639233313804, 47.080279133570698 ], [ -94.079423304369598, 47.080252984518502 ] ] } },
{ "type": "Feature", "properties": { "wmUplineSo": "LONGVILLE", "wmType": "Overhead" }, "geometry": { "type": "LineString", "coordinates": [ [ -94.079423304369598, 47.080252984518502 ], [ -94.078400018823501, 47.080222321830703 ] ] } },
{ "type": "Feature", "properties": { "wmUplineSo": "LONGVILLE", "wmType": "Overhead" }, "geometry": { "type": "LineString", "coordinates": [ [ -94.078400018823501, 47.080222321830703 ], [ -94.077262472763096, 47.080181977386303 ] ] } },
{ "type": "Feature", "properties": { "wmUplineSo": "LONGVILLE", "wmType": "Overhead" }, "geometry": { "type": "LineString", "coordinates": [ [ -94.077262472763096, 47.080181977386303 ], [ -94.077155956946797, 47.080751292160102 ] ] } },
{ "type": "Feature", "properties": { "wmUplineSo": "LONGVILLE", "wmType": "Overhead" }, "geometry": { "type": "LineString", "coordinates": [ [ -94.083563728564002, 47.087854298647002 ], [ -94.083322725765697, 47.087792297555197 ] ] } },
{ "type": "Feature", "properties": { "wmUplineSo": "LONGVILLE", "wmType": "Overhead" }, "geometry": { "type": "LineString", "coordinates": [ [ -94.082644500000299, 47.087423000008897 ], [ -94.082648734803698, 47.087321297201299 ] ] } },
{ "type": "Feature", "properties": { "wmUplineSo": "LONGVILLE", "wmType": "Overhead" }, "geometry": { "type": "LineString", "coordinates": [ [ -94.083242626605795, 47.089734294801602 ], [ -94.083960597704305, 47.090601295220701 ] ] } },
{ "type": "Feature", "properties": { "wmUplineSo": "LONGVILLE", "wmType": "Overhead" }, "geometry": { "type": "LineString", "coordinates": [ [ -94.083824563060602, 47.088938603936199 ], [ -94.083242626605795, 47.089734294801602 ] ] } },
{ "type": "Feature", "properties": { "wmUplineSo": "LONGVILLE", "wmType": "Overhead" }, "geometry": { "type": "LineString", "coordinates": [ [ -94.109183462913194, 47.083324368078102 ], [ -94.108713600000399, 47.0833768000088 ] ] } },
{ "type": "Feature", "properties": { "wmUplineSo": "LONGVILLE", "wmType": "Overhead" }, "geometry": { "type": "LineString", "coordinates": [ [ -94.132331967867202, 47.082372429753299 ], [ -94.132751995751406, 47.0820014310655 ] ] } },
{ "type": "Feature", "properties": { "wmUplineSo": "LONGVILLE", "wmType": "Overhead" }, "geometry": { "type": "LineString", "coordinates": [ [ -94.132751995751406, 47.0820014310655 ], [ -94.132981999173197, 47.082017431506003 ] ] } },
{ "type": "Feature", "properties": { "wmUplineSo": "LONGVILLE", "wmType": "Overhead" }, "geometry": { "type": "LineString", "coordinates": [ [ -94.125439004654098, 47.083595818684202 ], [ -94.126758820324099, 47.0831394126361 ] ] } },
{ "type": "Feature", "properties": { "wmUplineSo": "LONGVILLE", "wmType": "Overhead" }, "geometry": { "type": "LineString", "coordinates": [ [ -94.126758820324099, 47.0831394126361 ], [ -94.127454412686305, 47.082544237714899 ] ] } },
{ "type": "Feature", "properties": { "wmUplineSo": "LONGVILLE", "wmType": "Overhead" }, "geometry": { "type": "LineString", "coordinates": [ [ -94.127454412686305, 47.082544237714899 ], [ -94.1289289272638, 47.082704358290798 ] ] } },
{ "type": "Feature", "properties": { "wmUplineSo": "LONGVILLE", "wmType": "Overhead" }, "geometry": { "type": "LineString", "coordinates": [ [ -94.1289289272638, 47.082704358290798 ], [ -94.130277376333297, 47.082854956683803 ] ] } },
{ "type": "Feature", "properties": { "wmUplineSo": "LONGVILLE", "wmType": "Overhead" }, "geometry": { "type": "LineString", "coordinates": [ [ -94.130277376333297, 47.082854956683803 ], [ -94.131604921711798, 47.083014425416302 ] ] } },
{ "type": "Feature", "properties": { "wmUplineSo": "LONGVILLE", "wmType": "Overhead" }, "geometry": { "type": "LineString", "coordinates": [ [ -94.133696951917898, 47.083249430522599 ], [ -94.134241959181793, 47.083322431791601 ] ] } },
{ "type": "Feature", "properties": { "wmUplineSo": "LONGVILLE", "wmType": "Overhead" }, "geometry": { "type": "LineString", "coordinates": [ [ -94.139213996192098, 47.0845814413357 ], [ -94.139885022040303, 47.084309443872698 ] ] } },
{ "type": "Feature", "properties": { "wmUplineSo": "LONGVILLE", "wmType": "Overhead" }, "geometry": { "type": "LineString", "coordinates": [ [ -94.084578462335799, 47.093522294173901 ], [ -94.085103462311395, 47.093749294917501 ] ] } },
{ "type": "Feature", "properties": { "wmUplineSo": "LONGVILLE", "wmType": "Overhead" }, "geometry": { "type": "LineString", "coordinates": [ [ -94.085573453704001, 47.0940912949278 ], [ -94.0858624390968, 47.094482293908698 ] ] } },
{ "type": "Feature", "properties": { "wmUplineSo": "LONGVILLE", "wmType": "Overhead" }, "geometry": { "type": "LineString", "coordinates": [ [ -94.0872782763754, 47.080457950122899 ], [ -94.085983929172002, 47.080425183973702 ] ] } },
{ "type": "Feature", "properties": { "wmUplineSo": "LONGVILLE", "wmType": "Overhead" }, "geometry": { "type": "LineString", "coordinates": [ [ -94.088488194236604, 47.0804963205644 ], [ -94.0872782763754, 47.080457950122899 ] ] } },
{ "type": "Feature", "properties": { "wmUplineSo": "LONGVILLE", "wmType": "Overhead" }, "geometry": { "type": "LineString", "coordinates": [ [ -94.089821221155503, 47.080507324769698 ], [ -94.088488194236604, 47.0804963205644 ] ] } },
{ "type": "Feature", "properties": { "wmUplineSo": "LONGVILLE", "wmType": "Overhead" }, "geometry": { "type": "LineString", "coordinates": [ [ -94.090922400818002, 47.080541679754397 ], [ -94.089821221155503, 47.080507324769698 ] ] } },
{ "type": "Feature", "properties": { "wmUplineSo": "LONGVILLE", "wmType": "Overhead" }, "geometry": { "type": "LineString", "coordinates": [ [ -94.092421815871006, 47.080581124104697 ], [ -94.090922400818002, 47.080541679754397 ] ] } },
{ "type": "Feature", "properties": { "wmUplineSo": "LONGVILLE", "wmType": "Overhead" }, "geometry": { "type": "LineString", "coordinates": [ [ -94.093665559233202, 47.080620303850097 ], [ -94.092421815871006, 47.080581124104697 ] ] } },
{ "type": "Feature", "properties": { "wmUplineSo": "LONGVILLE", "wmType": "Overhead" }, "geometry": { "type": "LineString", "coordinates": [ [ -94.095247452247307, 47.080653549790902 ], [ -94.093665559233202, 47.080620303850097 ] ] } },
{ "type": "Feature", "properties": { "wmUplineSo": "LONGVILLE", "wmType": "Overhead" }, "geometry": { "type": "LineString", "coordinates": [ [ -94.096739172834006, 47.080701071798302 ], [ -94.095247452247307, 47.080653549790902 ] ] } },
{ "type": "Feature", "properties": { "wmUplineSo": "LONGVILLE", "wmType": "Overhead" }, "geometry": { "type": "LineString", "coordinates": [ [ -94.097841127079207, 47.080730816497599 ], [ -94.096739172834006, 47.080701071798302 ] ] } },
{ "type": "Feature", "properties": { "wmUplineSo": "LONGVILLE", "wmType": "Overhead" }, "geometry": { "type": "LineString", "coordinates": [ [ -94.099183357552207, 47.080777052751102 ], [ -94.097841127079207, 47.080730816497599 ] ] } },
{ "type": "Feature", "properties": { "wmUplineSo": "LONGVILLE", "wmType": "Overhead" }, "geometry": { "type": "LineString", "coordinates": [ [ -94.100308909896995, 47.080806547206798 ], [ -94.099183357552207, 47.080777052751102 ] ] } },
{ "type": "Feature", "properties": { "wmUplineSo": "LONGVILLE", "wmType": "Overhead" }, "geometry": { "type": "LineString", "coordinates": [ [ -94.1013908171266, 47.080817642281403 ], [ -94.100308909896995, 47.080806547206798 ] ] } },
{ "type": "Feature", "properties": { "wmUplineSo": "LONGVILLE", "wmType": "Overhead" }, "geometry": { "type": "LineString", "coordinates": [ [ -94.105505913426697, 47.089264770715602 ], [ -94.105448455540298, 47.090280168742296 ] ] } },
{ "type": "Feature", "properties": { "wmUplineSo": "LONGVILLE", "wmType": "Overhead" }, "geometry": { "type": "LineString", "coordinates": [ [ -94.116073974227504, 47.095812362120498 ], [ -94.116763990850203, 47.095946277223 ] ] } },
{ "type": "Feature", "properties": { "wmUplineSo": "LONGVILLE", "wmType": "Overhead" }, "geometry": { "type": "LineString", "coordinates": [ [ -94.116763990850203, 47.095946277223 ], [ -94.117392595274197, 47.096278690450703 ] ] } },
{ "type": "Feature", "properties": { "wmUplineSo": "LONGVILLE", "wmType": "Overhead" }, "geometry": { "type": "LineString", "coordinates": [ [ -94.114153929259402, 47.095951358174503 ], [ -94.113060114853198, 47.0962510204238 ] ] } },
{ "type": "Feature", "properties": { "wmUplineSo": "LONGVILLE", "wmType": "Overhead" }, "geometry": { "type": "LineString", "coordinates": [ [ -94.112182857253401, 47.096589351315501 ], [ -94.111388256739005, 47.0970222645524 ] ] } },
{ "type": "Feature", "properties": { "wmUplineSo": "LONGVILLE", "wmType": "Overhead" }, "geometry": { "type": "LineString", "coordinates": [ [ -94.111388256739005, 47.0970222645524 ], [ -94.111084341467702, 47.097803798679998 ] ] } },
{ "type": "Feature", "properties": { "wmUplineSo": "LONGVILLE", "wmType": "Overhead" }, "geometry": { "type": "LineString", "coordinates": [ [ -94.113398874660106, 47.096744354860299 ], [ -94.113645851664401, 47.097321354256003 ] ] } },
{ "type": "Feature", "properties": { "wmUplineSo": "LONGVILLE", "wmType": "Overhead" }, "geometry": { "type": "LineString", "coordinates": [ [ -94.115516091299995, 47.0883787976721 ], [ -94.115456723241905, 47.089303657397402 ] ] } },
{ "type": "Feature", "properties": { "wmUplineSo": "LONGVILLE", "wmType": "Overhead" }, "geometry": { "type": "LineString", "coordinates": [ [ -94.115456723241905, 47.089303657397402 ], [ -94.115439553670896, 47.090177055533097 ] ] } },
{ "type": "Feature", "properties": { "wmUplineSo": "LONGVILLE", "wmType": "Overhead" }, "geometry": { "type": "LineString", "coordinates": [ [ -94.115419291845399, 47.091090786609797 ], [ -94.115392565118995, 47.092071752086603 ] ] } },
{ "type": "Feature", "properties": { "wmUplineSo": "LONGVILLE", "wmType": "Overhead" }, "geometry": { "type": "LineString", "coordinates": [ [ -94.115392565118995, 47.092071752086603 ], [ -94.115351457041697, 47.092929261761498 ] ] } },
{ "type": "Feature", "properties": { "wmUplineSo": "LONGVILLE", "wmType": "Overhead" }, "geometry": { "type": "LineString", "coordinates": [ [ -94.115351457041697, 47.092929261761498 ], [ -94.115344284287801, 47.093904662760103 ] ] } },
{ "type": "Feature", "properties": { "wmUplineSo": "LONGVILLE", "wmType": "Overhead" }, "geometry": { "type": "LineString", "coordinates": [ [ -94.115344284287801, 47.093904662760103 ], [ -94.115330204944101, 47.094737727171101 ] ] } },
{ "type": "Feature", "properties": { "wmUplineSo": "LONGVILLE", "wmType": "Overhead" }, "geometry": { "type": "LineString", "coordinates": [ [ -94.117689816074801, 47.087167322662999 ], [ -94.118922720109595, 47.087432030727598 ] ] } },
{ "type": "Feature", "properties": { "wmUplineSo": "LONGVILLE", "wmType": "Overhead" }, "geometry": { "type": "LineString", "coordinates": [ [ -94.119747351653999, 47.086986011817103 ], [ -94.120428520132407, 47.0866173899283 ] ] } },
{ "type": "Feature", "properties": { "wmUplineSo": "LONGVILLE", "wmType": "Overhead" }, "geometry": { "type": "LineString", "coordinates": [ [ -94.119725530977405, 47.0878218403885 ], [ -94.120494438662803, 47.088271387775698 ] ] } },
{ "type": "Feature", "properties": { "wmUplineSo": "LONGVILLE", "wmType": "Overhead" }, "geometry": { "type": "LineString", "coordinates": [ [ -94.122219604385904, 47.085647396494103 ], [ -94.122831634870295, 47.085284399384904 ] ] } },
{ "type": "Feature", "properties": { "wmUplineSo": "LONGVILLE", "wmType": "Overhead" }, "geometry": { "type": "LineString", "coordinates": [ [ -94.122831634870295, 47.085284399384904 ], [ -94.121198650192994, 47.084341396966899 ] ] } },
{ "type": "Feature", "properties": { "wmUplineSo": "LONGVILLE", "wmType": "Overhead" }, "geometry": { "type": "LineString", "coordinates": [ [ -94.121198650192994, 47.084341396966899 ], [ -94.120053648989796, 47.0838943951766 ] ] } },
{ "type": "Feature", "properties": { "wmUplineSo": "LONGVILLE", "wmType": "Overhead" }, "geometry": { "type": "LineString", "coordinates": [ [ -94.120053648989796, 47.0838943951766 ], [ -94.1191716496037, 47.083551394019899 ] ] } },
{ "type": "Feature", "properties": { "wmUplineSo": "LONGVILLE", "wmType": "Overhead" }, "geometry": { "type": "LineString", "coordinates": [ [ -94.2139886870483, 47.009767798466001 ], [ -94.213664300000502, 47.009946000008803 ] ] } },
{ "type": "Feature", "properties": { "wmUplineSo": "LONGVILLE", "wmType": "Overhead" }, "geometry": { "type": "LineString", "coordinates": [ [ -94.214383293748796, 47.0273568239121 ], [ -94.214810350000505, 47.027538380008799 ] ] } },
{ "type": "Feature", "properties": { "wmUplineSo": "LONGVILLE", "wmType": "Overhead" }, "geometry": { "type": "LineString", "coordinates": [ [ -94.216648679268999, 47.020409855324701 ], [ -94.217904252993506, 47.020833426271203 ] ] } },
{ "type": "Feature", "properties": { "wmUplineSo": "LONGVILLE", "wmType": "Overhead" }, "geometry": { "type": "LineString", "coordinates": [ [ -94.181434295639093, 47.023896505400103 ], [ -94.181327400000498, 47.023780300008802 ] ] } },
{ "type": "Feature", "properties": { "wmUplineSo": "LONGVILLE", "wmType": "Overhead" }, "geometry": { "type": "LineString", "coordinates": [ [ -94.181152468302699, 47.053131270552498 ], [ -94.181276390691593, 47.053610028844901 ] ] } },
{ "type": "Feature", "properties": { "wmUplineSo": "LONGVILLE", "wmType": "Overhead" }, "geometry": { "type": "LineString", "coordinates": [ [ -94.267282331810804, 47.0756151283598 ], [ -94.268656064509102, 47.075609917778102 ] ] } },
{ "type": "Feature", "properties": { "wmUplineSo": "LONGVILLE", "wmType": "Overhead" }, "geometry": { "type": "LineString", "coordinates": [ [ -94.250064042719501, 47.026161951461702 ], [ -94.250250089378795, 47.025292956414503 ] ] } },
{ "type": "Feature", "properties": { "wmUplineSo": "LONGVILLE", "wmType": "Overhead" }, "geometry": { "type": "LineString", "coordinates": [ [ -94.250250089378795, 47.025292956414503 ], [ -94.250990139370202, 47.024721969643899 ] ] } },
{ "type": "Feature", "properties": { "wmUplineSo": "LONGVILLE", "wmType": "Overhead" }, "geometry": { "type": "LineString", "coordinates": [ [ -94.250990139370202, 47.024721969643899 ], [ -94.2517171796068, 47.024361982704399 ] ] } },
{ "type": "Feature", "properties": { "wmUplineSo": "LONGVILLE", "wmType": "Overhead" }, "geometry": { "type": "LineString", "coordinates": [ [ -94.2517171796068, 47.024361982704399 ], [ -94.251297184005693, 47.023986977503903 ] ] } },
{ "type": "Feature", "properties": { "wmUplineSo": "LONGVILLE", "wmType": "Overhead" }, "geometry": { "type": "LineString", "coordinates": [ [ -94.251297184005693, 47.023986977503903 ], [ -94.252185244730597, 47.023319993137697 ] ] } },
{ "type": "Feature", "properties": { "wmUplineSo": "LONGVILLE", "wmType": "Overhead" }, "geometry": { "type": "LineString", "coordinates": [ [ -94.252185244730597, 47.023319993137697 ], [ -94.252857299307394, 47.0226130067608 ] ] } },
{ "type": "Feature", "properties": { "wmUplineSo": "LONGVILLE", "wmType": "Overhead" }, "geometry": { "type": "LineString", "coordinates": [ [ -94.252857299307394, 47.0226130067608 ], [ -94.253630356078503, 47.021955021677897 ] ] } },
{ "type": "Feature", "properties": { "wmUplineSo": "LONGVILLE", "wmType": "Overhead" }, "geometry": { "type": "LineString", "coordinates": [ [ -94.249433760521796, 47.031707927962898 ], [ -94.249481808555998, 47.030731932284397 ] ] } },
{ "type": "Feature", "properties": { "wmUplineSo": "LONGVILLE", "wmType": "Overhead" }, "geometry": { "type": "LineString", "coordinates": [ [ -94.249481808555998, 47.030731932284397 ], [ -94.249591856091499, 47.029797935673997 ] ] } },
{ "type": "Feature", "properties": { "wmUplineSo": "LONGVILLE", "wmType": "Overhead" }, "geometry": { "type": "LineString", "coordinates": [ [ -94.249591856091499, 47.029797935673997 ], [ -94.249696902546802, 47.028914939301103 ] ] } },
{ "type": "Feature", "properties": { "wmUplineSo": "LONGVILLE", "wmType": "Overhead" }, "geometry": { "type": "LineString", "coordinates": [ [ -94.249696902546802, 47.028914939301103 ], [ -94.249826947727001, 47.028034943567398 ] ] } },
{ "type": "Feature", "properties": { "wmUplineSo": "LONGVILLE", "wmType": "Overhead" }, "geometry": { "type": "LineString", "coordinates": [ [ -94.249826947727001, 47.028034943567398 ], [ -94.249939993921799, 47.0271029469816 ] ] } },
{ "type": "Feature", "properties": { "wmUplineSo": "LONGVILLE", "wmType": "Overhead" }, "geometry": { "type": "LineString", "coordinates": [ [ -94.247662584555798, 47.0550928307105 ], [ -94.247766928033002, 47.055902465374402 ] ] } },
{ "type": "Feature", "properties": { "wmUplineSo": "LONGVILLE", "wmType": "Overhead" }, "geometry": { "type": "LineString", "coordinates": [ [ -94.247960941216306, 47.056480815941903 ], [ -94.247905476654594, 47.057381822016701 ] ] } },
{ "type": "Feature", "properties": { "wmUplineSo": "LONGVILLE", "wmType": "Overhead" }, "geometry": { "type": "LineString", "coordinates": [ [ -94.247905476654594, 47.057381822016701 ], [ -94.247576467870303, 47.058566195988099 ] ] } },
{ "type": "Feature", "properties": { "wmUplineSo": "LONGVILLE", "wmType": "Overhead" }, "geometry": { "type": "LineString", "coordinates": [ [ -94.247576467870303, 47.058566195988099 ], [ -94.247530218706302, 47.058953054067999 ] ] } },
{ "type": "Feature", "properties": { "wmUplineSo": "LONGVILLE", "wmType": "Overhead" }, "geometry": { "type": "LineString", "coordinates": [ [ -94.192246740868597, 47.029746305283297 ], [ -94.191437056441799, 47.029742828274898 ] ] } },
{ "type": "Feature", "properties": { "wmUplineSo": "LONGVILLE", "wmType": "Overhead" }, "geometry": { "type": "LineString", "coordinates": [ [ -94.225822580927996, 47.054437029030602 ], [ -94.227213217509203, 47.054421772131597 ] ] } },
{ "type": "Feature", "properties": { "wmUplineSo": "LONGVILLE", "wmType": "Overhead" }, "geometry": { "type": "LineString", "coordinates": [ [ -94.146613922049397, 47.048759543195501 ], [ -94.146590921520499, 47.048766542979202 ] ] } },
{ "type": "Feature", "properties": { "wmUplineSo": "LONGVILLE", "wmType": "Overhead" }, "geometry": { "type": "LineString", "coordinates": [ [ -94.147490338350906, 47.049717340069598 ], [ -94.147525902825606, 47.0495225445584 ] ] } },
{ "type": "Feature", "properties": { "wmUplineSo": "LONGVILLE", "wmType": "Overhead" }, "geometry": { "type": "LineString", "coordinates": [ [ -94.147525902825606, 47.0495225445584 ], [ -94.147366930713304, 47.048871545384202 ] ] } },
{ "type": "Feature", "properties": { "wmUplineSo": "LONGVILLE", "wmType": "Overhead" }, "geometry": { "type": "LineString", "coordinates": [ [ -94.204086820043997, 47.036521453576 ], [ -94.204091979163493, 47.035621170827604 ] ] } },
{ "type": "Feature", "properties": { "wmUplineSo": "LONGVILLE", "wmType": "Overhead" }, "geometry": { "type": "LineString", "coordinates": [ [ -94.203981681691204, 47.0400543251532 ], [ -94.204000347277798, 47.039179501448601 ] ] } },
{ "type": "Feature", "properties": { "wmUplineSo": "LONGVILLE", "wmType": "Overhead" }, "geometry": { "type": "LineString", "coordinates": [ [ -94.204000347277798, 47.039179501448601 ], [ -94.2040148161134, 47.038274588989204 ] ] } },
{ "type": "Feature", "properties": { "wmUplineSo": "LONGVILLE", "wmType": "Overhead" }, "geometry": { "type": "LineString", "coordinates": [ [ -94.2040148161134, 47.038274588989204 ], [ -94.204036302020697, 47.0373719835545 ] ] } },
{ "type": "Feature", "properties": { "wmUplineSo": "LONGVILLE", "wmType": "Overhead" }, "geometry": { "type": "LineString", "coordinates": [ [ -94.203947662629005, 47.059232579632301 ], [ -94.203904599459193, 47.060202094448996 ] ] } },
{ "type": "Feature", "properties": { "wmUplineSo": "LONGVILLE", "wmType": "Overhead" }, "geometry": { "type": "LineString", "coordinates": [ [ -94.212993092274402, 47.0059710251141 ], [ -94.210499333191194, 47.004707885477501 ] ] } },
{ "type": "Feature", "properties": { "wmUplineSo": "LONGVILLE", "wmType": "Overhead" }, "geometry": { "type": "LineString", "coordinates": [ [ -94.210499333191194, 47.004707885477501 ], [ -94.209561434723796, 47.0042820548096 ] ] } },
{ "type": "Feature", "properties": { "wmUplineSo": "LONGVILLE", "wmType": "Overhead" }, "geometry": { "type": "LineString", "coordinates": [ [ -94.213661299832907, 47.015288097222196 ], [ -94.214354861311605, 47.015832862619703 ] ] } },
{ "type": "Feature", "properties": { "wmUplineSo": "LONGVILLE", "wmType": "Overhead" }, "geometry": { "type": "LineString", "coordinates": [ [ -94.214354861311605, 47.015832862619703 ], [ -94.214370894439398, 47.016643219320898 ] ] } },
{ "type": "Feature", "properties": { "wmUplineSo": "LONGVILLE", "wmType": "Overhead" }, "geometry": { "type": "LineString", "coordinates": [ [ -94.214370894439398, 47.016643219320898 ], [ -94.214354118929293, 47.017248017855998 ] ] } },
{ "type": "Feature", "properties": { "wmUplineSo": "LONGVILLE", "wmType": "Overhead" }, "geometry": { "type": "LineString", "coordinates": [ [ -94.214725282612704, 47.029468593926801 ], [ -94.214785252104804, 47.030229767640002 ] ] } },
{ "type": "Feature", "properties": { "wmUplineSo": "LONGVILLE", "wmType": "Overhead" }, "geometry": { "type": "LineString", "coordinates": [ [ -94.214785252104804, 47.030229767640002 ], [ -94.214899106457494, 47.030807341752102 ] ] } },
{ "type": "Feature", "properties": { "wmUplineSo": "LONGVILLE", "wmType": "Overhead" }, "geometry": { "type": "LineString", "coordinates": [ [ -94.214899106457494, 47.030807341752102 ], [ -94.214980058314396, 47.031477320852503 ] ] } },
{ "type": "Feature", "properties": { "wmUplineSo": "LONGVILLE", "wmType": "Overhead" }, "geometry": { "type": "LineString", "coordinates": [ [ -94.203970222190407, 47.042484573158603 ], [ -94.203981584116207, 47.041596360503497 ] ] } },
{ "type": "Feature", "properties": { "wmUplineSo": "LONGVILLE", "wmType": "Overhead" }, "geometry": { "type": "LineString", "coordinates": [ [ -94.203981584116207, 47.041596360503497 ], [ -94.203960962766701, 47.040989435788802 ] ] } },
{ "type": "Feature", "properties": { "wmUplineSo": "LONGVILLE", "wmType": "Overhead" }, "geometry": { "type": "LineString", "coordinates": [ [ -94.215036000074207, 47.032011003568499 ], [ -94.215106609784499, 47.032651357291101 ] ] } },
{ "type": "Feature", "properties": { "wmUplineSo": "LONGVILLE", "wmType": "Overhead" }, "geometry": { "type": "LineString", "coordinates": [ [ -94.215106609784499, 47.032651357291101 ], [ -94.215092494261995, 47.033180078252499 ] ] } },
{ "type": "Feature", "properties": { "wmUplineSo": "LONGVILLE", "wmType": "Overhead" }, "geometry": { "type": "LineString", "coordinates": [ [ -94.215092494261995, 47.033180078252499 ], [ -94.215088984675106, 47.033951804718001 ] ] } },
{ "type": "Feature", "properties": { "wmUplineSo": "LONGVILLE", "wmType": "Overhead" }, "geometry": { "type": "LineString", "coordinates": [ [ -94.200857272633698, 47.017548609445498 ], [ -94.200267404146999, 47.0181024142884 ] ] } },
{ "type": "Feature", "properties": { "wmUplineSo": "LONGVILLE", "wmType": "Overhead" }, "geometry": { "type": "LineString", "coordinates": [ [ -94.247894700000501, 47.014383800008801 ], [ -94.249095621855503, 47.013907996537 ] ] } },
{ "type": "Feature", "properties": { "wmUplineSo": "LONGVILLE", "wmType": "Overhead" }, "geometry": { "type": "LineString", "coordinates": [ [ -94.247600382578597, 47.018226974729998 ], [ -94.247240449130402, 47.016737978130202 ] ] } },
{ "type": "Feature", "properties": { "wmUplineSo": "LONGVILLE", "wmType": "Overhead" }, "geometry": { "type": "LineString", "coordinates": [ [ -94.247240449130402, 47.016737978130202 ], [ -94.247300495767206, 47.015796982112398 ] ] } },
{ "type": "Feature", "properties": { "wmUplineSo": "LONGVILLE", "wmType": "Overhead" }, "geometry": { "type": "LineString", "coordinates": [ [ -94.247300495767206, 47.015796982112398 ], [ -94.247332521714497, 47.015286984304403 ] ] } },
{ "type": "Feature", "properties": { "wmUplineSo": "LONGVILLE", "wmType": "Overhead" }, "geometry": { "type": "LineString", "coordinates": [ [ -94.247332521714497, 47.015286984304403 ], [ -94.247426092753003, 47.014401805410998 ] ] } },
{ "type": "Feature", "properties": { "wmUplineSo": "LONGVILLE", "wmType": "Overhead" }, "geometry": { "type": "LineString", "coordinates": [ [ -94.247395596191595, 47.013787990876402 ], [ -94.248169638571696, 47.013197996080102 ] ] } },
{ "type": "Feature", "properties": { "wmUplineSo": "LONGVILLE", "wmType": "Overhead" }, "geometry": { "type": "LineString", "coordinates": [ [ -94.248244559946301, 47.014856989955497 ], [ -94.248984560455, 47.015119991601999 ] ] } },
{ "type": "Feature", "properties": { "wmUplineSo": "LONGVILLE", "wmType": "Overhead" }, "geometry": { "type": "LineString", "coordinates": [ [ -94.198751166440005, 47.023834782042798 ], [ -94.198882985372194, 47.023200092604299 ] ] } },
{ "type": "Feature", "properties": { "wmUplineSo": "LONGVILLE", "wmType": "Overhead" }, "geometry": { "type": "LineString", "coordinates": [ [ -94.197058114795496, 47.024217774348799 ], [ -94.1986711380396, 47.024382778856101 ] ] } },
{ "type": "Feature", "properties": { "wmUplineSo": "LONGVILLE", "wmType": "Overhead" }, "geometry": { "type": "LineString", "coordinates": [ [ -94.196330393462006, 47.020617429439703 ], [ -94.195660090956594, 47.020379192526001 ] ] } },
{ "type": "Feature", "properties": { "wmUplineSo": "LONGVILLE", "wmType": "Overhead" }, "geometry": { "type": "LineString", "coordinates": [ [ -94.195660090956594, 47.020379192526001 ], [ -94.194797765947797, 47.020310188581298 ] ] } },
{ "type": "Feature", "properties": { "wmUplineSo": "LONGVILLE", "wmType": "Overhead" }, "geometry": { "type": "LineString", "coordinates": [ [ -94.207176100000495, 47.003282000008802 ], [ -94.206619324461599, 47.003386874010801 ] ] } },
{ "type": "Feature", "properties": { "wmUplineSo": "LONGVILLE", "wmType": "Overhead" }, "geometry": { "type": "LineString", "coordinates": [ [ -94.214487968784994, 47.010484675262397 ], [ -94.214479272430296, 47.011252627098003 ], [ -94.214479272430296, 47.011252627098003 ] ] } },
{ "type": "Feature", "properties": { "wmUplineSo": "LONGVILLE", "wmType": "Overhead" }, "geometry": { "type": "LineString", "coordinates": [ [ -94.214540315238295, 47.006649894285601 ], [ -94.214536917423899, 47.007653789018697 ] ] } },
{ "type": "Feature", "properties": { "wmUplineSo": "LONGVILLE", "wmType": "Overhead" }, "geometry": { "type": "LineString", "coordinates": [ [ -94.214536917423899, 47.007653789018697 ], [ -94.214505501876602, 47.008623637615401 ], [ -94.214505501876602, 47.008623637615401 ] ] } },
{ "type": "Feature", "properties": { "wmUplineSo": "LONGVILLE", "wmType": "Overhead" }, "geometry": { "type": "LineString", "coordinates": [ [ -94.210569542627596, 46.992269861053103 ], [ -94.210649949135998, 46.991735075281397 ] ] } },
{ "type": "Feature", "properties": { "wmUplineSo": "LONGVILLE", "wmType": "Overhead" }, "geometry": { "type": "LineString", "coordinates": [ [ -94.210812996050095, 46.990787096202297 ], [ -94.210848320356703, 46.9902248390488 ] ] } },
{ "type": "Feature", "properties": { "wmUplineSo": "LONGVILLE", "wmType": "Overhead" }, "geometry": { "type": "LineString", "coordinates": [ [ -94.157921447486501, 47.052409014994097 ], [ -94.156864620368793, 47.052188745326902 ] ] } },
{ "type": "Feature", "properties": { "wmUplineSo": "LONGVILLE", "wmType": "Overhead" }, "geometry": { "type": "LineString", "coordinates": [ [ -94.156864620368793, 47.052188745326902 ], [ -94.155751818791799, 47.051957126161099 ] ] } },
{ "type": "Feature", "properties": { "wmUplineSo": "LONGVILLE", "wmType": "Overhead" }, "geometry": { "type": "LineString", "coordinates": [ [ -94.155751818791799, 47.051957126161099 ], [ -94.154667249153803, 47.051741878093701 ] ] } },
{ "type": "Feature", "properties": { "wmUplineSo": "LONGVILLE", "wmType": "Overhead" }, "geometry": { "type": "LineString", "coordinates": [ [ -94.154667249153803, 47.051741878093701 ], [ -94.153592931244901, 47.051516992719897 ] ] } },
{ "type": "Feature", "properties": { "wmUplineSo": "LONGVILLE", "wmType": "Overhead" }, "geometry": { "type": "LineString", "coordinates": [ [ -94.153592931244901, 47.051516992719897 ], [ -94.152511810408299, 47.051299308556899 ] ] } },
{ "type": "Feature", "properties": { "wmUplineSo": "LONGVILLE", "wmType": "Overhead" }, "geometry": { "type": "LineString", "coordinates": [ [ -94.151419993571693, 47.0510698170363 ], [ -94.1504577149787, 47.050869965982002 ] ] } },
{ "type": "Feature", "properties": { "wmUplineSo": "LONGVILLE", "wmType": "Overhead" }, "geometry": { "type": "LineString", "coordinates": [ [ -94.1504577149787, 47.050869965982002 ], [ -94.149264761160097, 47.050634327133103 ] ] } },
{ "type": "Feature", "properties": { "wmUplineSo": "LONGVILLE", "wmType": "Overhead" }, "geometry": { "type": "LineString", "coordinates": [ [ -94.149264761160097, 47.050634327133103 ], [ -94.148204367347802, 47.050406870524299 ] ] } },
{ "type": "Feature", "properties": { "wmUplineSo": "LONGVILLE", "wmType": "Overhead" }, "geometry": { "type": "LineString", "coordinates": [ [ -94.190285038892299, 47.030121475825801 ], [ -94.189153510063207, 47.030482637068097 ] ] } },
{ "type": "Feature", "properties": { "wmUplineSo": "LONGVILLE", "wmType": "Overhead" }, "geometry": { "type": "LineString", "coordinates": [ [ -94.189153510063207, 47.030482637068097 ], [ -94.187847053309198, 47.030490741050897 ] ] } },
{ "type": "Feature", "properties": { "wmUplineSo": "LONGVILLE", "wmType": "Overhead" }, "geometry": { "type": "LineString", "coordinates": [ [ -94.166632586519, 47.052980119061203 ], [ -94.165522546160702, 47.053025383711699 ] ] } },
{ "type": "Feature", "properties": { "wmUplineSo": "LONGVILLE", "wmType": "Overhead" }, "geometry": { "type": "LineString", "coordinates": [ [ -94.165522546160702, 47.053025383711699 ], [ -94.164401693343194, 47.053079015394303 ] ] } },
{ "type": "Feature", "properties": { "wmUplineSo": "LONGVILLE", "wmType": "Overhead" }, "geometry": { "type": "LineString", "coordinates": [ [ -94.164401693343194, 47.053079015394303 ], [ -94.163218326196798, 47.053129137212103 ] ] } },
{ "type": "Feature", "properties": { "wmUplineSo": "LONGVILLE", "wmType": "Overhead" }, "geometry": { "type": "LineString", "coordinates": [ [ -94.163218326196798, 47.053129137212103 ], [ -94.162090528429303, 47.0531715400613 ] ] } },
{ "type": "Feature", "properties": { "wmUplineSo": "LONGVILLE", "wmType": "Overhead" }, "geometry": { "type": "LineString", "coordinates": [ [ -94.162090528429303, 47.0531715400613 ], [ -94.161031426866003, 47.053008474484002 ] ] } },
{ "type": "Feature", "properties": { "wmUplineSo": "LONGVILLE", "wmType": "Overhead" }, "geometry": { "type": "LineString", "coordinates": [ [ -94.161031426866003, 47.053008474484002 ], [ -94.160126688252106, 47.0528604603644 ] ] } },
{ "type": "Feature", "properties": { "wmUplineSo": "LONGVILLE", "wmType": "Overhead" }, "geometry": { "type": "LineString", "coordinates": [ [ -94.208512899329804, 47.053446718693699 ], [ -94.208599876615494, 47.053952717283899 ] ] } },
{ "type": "Feature", "properties": { "wmUplineSo": "LONGVILLE", "wmType": "Overhead" }, "geometry": { "type": "LineString", "coordinates": [ [ -94.225747296064796, 47.052237774433401 ], [ -94.226079625976993, 47.051652669910403 ] ] } },
{ "type": "Feature", "properties": { "wmUplineSo": "LONGVILLE", "wmType": "Overhead" }, "geometry": { "type": "LineString", "coordinates": [ [ -94.215051209190307, 47.051545649246997 ], [ -94.215065000074304, 47.052014003574101 ] ] } },
{ "type": "Feature", "properties": { "wmUplineSo": "LONGVILLE", "wmType": "Overhead" }, "geometry": { "type": "LineString", "coordinates": [ [ -94.206775043607394, 47.015053262504203 ], [ -94.205396451084894, 47.015517953611102 ] ] } },
{ "type": "Feature", "properties": { "wmUplineSo": "LONGVILLE", "wmType": "Overhead" }, "geometry": { "type": "LineString", "coordinates": [ [ -94.180803920931893, 47.052492011054099 ], [ -94.179640327710999, 47.052489718052101 ] ] } },
{ "type": "Feature", "properties": { "wmUplineSo": "LONGVILLE", "wmType": "Overhead" }, "geometry": { "type": "LineString", "coordinates": [ [ -94.179640327710999, 47.052489718052101 ], [ -94.1780591568331, 47.052508376473298 ] ] } },
{ "type": "Feature", "properties": { "wmUplineSo": "LONGVILLE", "wmType": "Overhead" }, "geometry": { "type": "LineString", "coordinates": [ [ -94.204135941079201, 47.033000157996703 ], [ -94.204157868934999, 47.032249282207403 ] ] } },
{ "type": "Feature", "properties": { "wmUplineSo": "LONGVILLE", "wmType": "Overhead" }, "geometry": { "type": "LineString", "coordinates": [ [ -94.204157868934999, 47.032249282207403 ], [ -94.2032200161579, 47.031580570011698 ] ] } },
{ "type": "Feature", "properties": { "wmUplineSo": "LONGVILLE", "wmType": "Overhead" }, "geometry": { "type": "LineString", "coordinates": [ [ -94.2032200161579, 47.031580570011698 ], [ -94.202697862239503, 47.030829067551601 ] ] } },
{ "type": "Feature", "properties": { "wmUplineSo": "LONGVILLE", "wmType": "Overhead" }, "geometry": { "type": "LineString", "coordinates": [ [ -94.202697862239503, 47.030829067551601 ], [ -94.202032781112806, 47.030350182829302 ] ] } },
{ "type": "Feature", "properties": { "wmUplineSo": "LONGVILLE", "wmType": "Overhead" }, "geometry": { "type": "LineString", "coordinates": [ [ -94.202032781112806, 47.030350182829302 ], [ -94.200921680032195, 47.030338031918099 ] ] } },
{ "type": "Feature", "properties": { "wmUplineSo": "LONGVILLE", "wmType": "Overhead" }, "geometry": { "type": "LineString", "coordinates": [ [ -94.200921680032195, 47.030338031918099 ], [ -94.199821023450696, 47.030325760782297 ] ] } },
{ "type": "Feature", "properties": { "wmUplineSo": "LONGVILLE", "wmType": "Overhead" }, "geometry": { "type": "LineString", "coordinates": [ [ -94.199821023450696, 47.030325760782297 ], [ -94.198675428746697, 47.030328235209403 ] ] } },
{ "type": "Feature", "properties": { "wmUplineSo": "LONGVILLE", "wmType": "Overhead" }, "geometry": { "type": "LineString", "coordinates": [ [ -94.198675428746697, 47.030328235209403 ], [ -94.197641025643804, 47.030320011432003 ] ] } },
{ "type": "Feature", "properties": { "wmUplineSo": "LONGVILLE", "wmType": "Overhead" }, "geometry": { "type": "LineString", "coordinates": [ [ -94.197641025643804, 47.030320011432003 ], [ -94.196519481143994, 47.030307927025397 ] ] } },
{ "type": "Feature", "properties": { "wmUplineSo": "LONGVILLE", "wmType": "Overhead" }, "geometry": { "type": "LineString", "coordinates": [ [ -94.196519481143994, 47.030307927025397 ], [ -94.1953979900929, 47.030298212024498 ] ] } },
{ "type": "Feature", "properties": { "wmUplineSo": "LONGVILLE", "wmType": "Overhead" }, "geometry": { "type": "LineString", "coordinates": [ [ -94.1953979900929, 47.030298212024498 ], [ -94.194315166456306, 47.030304749388897 ] ] } },
{ "type": "Feature", "properties": { "wmUplineSo": "LONGVILLE", "wmType": "Overhead" }, "geometry": { "type": "LineString", "coordinates": [ [ -94.194315166456306, 47.030304749388897 ], [ -94.193210410733798, 47.030017067722703 ] ] } },
{ "type": "Feature", "properties": { "wmUplineSo": "LONGVILLE", "wmType": "Overhead" }, "geometry": { "type": "LineString", "coordinates": [ [ -94.193210410733798, 47.030017067722703 ], [ -94.192870761589205, 47.029736742915198 ] ] } },
{ "type": "Feature", "properties": { "wmUplineSo": "LONGVILLE", "wmType": "Overhead" }, "geometry": { "type": "LineString", "coordinates": [ [ -94.183783722897005, 47.030473991644897 ], [ -94.185089575442007, 47.030474769646297 ] ] } },
{ "type": "Feature", "properties": { "wmUplineSo": "LONGVILLE", "wmType": "Overhead" }, "geometry": { "type": "LineString", "coordinates": [ [ -94.185089575442007, 47.030474769646297 ], [ -94.186437125741307, 47.030471529284299 ] ] } },
{ "type": "Feature", "properties": { "wmUplineSo": "LONGVILLE", "wmType": "Overhead" }, "geometry": { "type": "LineString", "coordinates": [ [ -94.186437125741307, 47.030471529284299 ], [ -94.187847053309198, 47.030490741050897 ] ] } },
{ "type": "Feature", "properties": { "wmUplineSo": "LONGVILLE", "wmType": "Overhead" }, "geometry": { "type": "LineString", "coordinates": [ [ -94.215243609034701, 47.0391789645724 ], [ -94.215225905312593, 47.0401035982118 ] ] } },
{ "type": "Feature", "properties": { "wmUplineSo": "LONGVILLE", "wmType": "Overhead" }, "geometry": { "type": "LineString", "coordinates": [ [ -94.215225905312593, 47.0401035982118 ], [ -94.215273805538004, 47.040935287811401 ] ] } },
{ "type": "Feature", "properties": { "wmUplineSo": "LONGVILLE", "wmType": "Overhead" }, "geometry": { "type": "LineString", "coordinates": [ [ -94.215273805538004, 47.040935287811401 ], [ -94.215271644782703, 47.041760309178898 ] ] } },
{ "type": "Feature", "properties": { "wmUplineSo": "LONGVILLE", "wmType": "Overhead" }, "geometry": { "type": "LineString", "coordinates": [ [ -94.084571016598701, 47.042701361279697 ], [ -94.083222682851201, 47.042659093599198 ] ] } },
{ "type": "Feature", "properties": { "wmUplineSo": "LONGVILLE", "wmType": "Overhead" }, "geometry": { "type": "LineString", "coordinates": [ [ -94.089430091893306, 47.043077375962199 ], [ -94.0884621165754, 47.0430498850303 ] ] } },
{ "type": "Feature", "properties": { "wmUplineSo": "LONGVILLE", "wmType": "Overhead" }, "geometry": { "type": "LineString", "coordinates": [ [ -94.0884621165754, 47.0430498850303 ], [ -94.087359463852394, 47.042950837515001 ] ] } },
{ "type": "Feature", "properties": { "wmUplineSo": "LONGVILLE", "wmType": "Overhead" }, "geometry": { "type": "LineString", "coordinates": [ [ -94.087359463852394, 47.042950837515001 ], [ -94.086088699727298, 47.042821265043699 ] ] } },
{ "type": "Feature", "properties": { "wmUplineSo": "LONGVILLE", "wmType": "Overhead" }, "geometry": { "type": "LineString", "coordinates": [ [ -94.093022460373007, 47.043442158868203 ], [ -94.091811935260594, 47.043348945704103 ] ] } },
{ "type": "Feature", "properties": { "wmUplineSo": "LONGVILLE", "wmType": "Overhead" }, "geometry": { "type": "LineString", "coordinates": [ [ -94.091811935260594, 47.043348945704103 ], [ -94.090422988306102, 47.0432169429113 ] ] } },
{ "type": "Feature", "properties": { "wmUplineSo": "LONGVILLE", "wmType": "Overhead" }, "geometry": { "type": "LineString", "coordinates": [ [ -94.106871031038295, 47.044616271491897 ], [ -94.105666610284004, 47.0445116371735 ], [ -94.104700623972505, 47.0444277074333 ] ] } },
{ "type": "Feature", "properties": { "wmUplineSo": "LONGVILLE", "wmType": "Overhead" }, "geometry": { "type": "LineString", "coordinates": [ [ -94.104700623972505, 47.0444277074333 ], [ -94.103280572620903, 47.044310446281202 ] ] } },
{ "type": "Feature", "properties": { "wmUplineSo": "LONGVILLE", "wmType": "Overhead" }, "geometry": { "type": "LineString", "coordinates": [ [ -94.103280572620903, 47.044310446281202 ], [ -94.101958133087294, 47.044196990110599 ] ] } },
{ "type": "Feature", "properties": { "wmUplineSo": "LONGVILLE", "wmType": "Overhead" }, "geometry": { "type": "LineString", "coordinates": [ [ -94.101958133087294, 47.044196990110599 ], [ -94.1011276015156, 47.044121646516302 ] ] } },
{ "type": "Feature", "properties": { "wmUplineSo": "LONGVILLE", "wmType": "Overhead" }, "geometry": { "type": "LineString", "coordinates": [ [ -94.1011276015156, 47.044121646516302 ], [ -94.0997495500078, 47.044013461466903 ] ] } },
{ "type": "Feature", "properties": { "wmUplineSo": "LONGVILLE", "wmType": "Overhead" }, "geometry": { "type": "LineString", "coordinates": [ [ -94.0997495500078, 47.044013461466903 ], [ -94.098542288421896, 47.043910764342399 ] ] } },
{ "type": "Feature", "properties": { "wmUplineSo": "LONGVILLE", "wmType": "Overhead" }, "geometry": { "type": "LineString", "coordinates": [ [ -94.098542288421896, 47.043910764342399 ], [ -94.097191764568095, 47.043785617850602 ] ] } },
{ "type": "Feature", "properties": { "wmUplineSo": "LONGVILLE", "wmType": "Overhead" }, "geometry": { "type": "LineString", "coordinates": [ [ -94.097191764568095, 47.043785617850602 ], [ -94.095792688210807, 47.043670443816097 ] ] } },
{ "type": "Feature", "properties": { "wmUplineSo": "LONGVILLE", "wmType": "Overhead" }, "geometry": { "type": "LineString", "coordinates": [ [ -94.095792688210807, 47.043670443816097 ], [ -94.094372071699695, 47.0435513523975 ] ] } },
{ "type": "Feature", "properties": { "wmUplineSo": "LONGVILLE", "wmType": "Overhead" }, "geometry": { "type": "LineString", "coordinates": [ [ -94.094026282444901, 47.041084394035899 ], [ -94.094320327303393, 47.040296395540402 ] ] } },
{ "type": "Feature", "properties": { "wmUplineSo": "LONGVILLE", "wmType": "Overhead" }, "geometry": { "type": "LineString", "coordinates": [ [ -94.094320327303393, 47.040296395540402 ], [ -94.0938703682761, 47.039314394718801 ] ] } },
{ "type": "Feature", "properties": { "wmUplineSo": "LONGVILLE", "wmType": "Overhead" }, "geometry": { "type": "LineString", "coordinates": [ [ -94.0938703682761, 47.039314394718801 ], [ -94.093911413407596, 47.038427396494797 ] ] } },
{ "type": "Feature", "properties": { "wmUplineSo": "LONGVILLE", "wmType": "Overhead" }, "geometry": { "type": "LineString", "coordinates": [ [ -94.093911413407596, 47.038427396494797 ], [ -94.093906437889402, 47.037924396850997 ] ] } },
{ "type": "Feature", "properties": { "wmUplineSo": "LONGVILLE", "wmType": "Overhead" }, "geometry": { "type": "LineString", "coordinates": [ [ -94.094373574816501, 47.035386402529397 ], [ -94.094691602354104, 47.034984404171901 ] ] } },
{ "type": "Feature", "properties": { "wmUplineSo": "LONGVILLE", "wmType": "Overhead" }, "geometry": { "type": "LineString", "coordinates": [ [ -94.093918456054993, 47.037586398583699 ], [ -94.0938604935575, 47.036794399108302 ] ] } },
{ "type": "Feature", "properties": { "wmUplineSo": "LONGVILLE", "wmType": "Overhead" }, "geometry": { "type": "LineString", "coordinates": [ [ -94.0938604935575, 47.036794399108302 ], [ -94.093888522339697, 47.036216399733902 ] ] } },
{ "type": "Feature", "properties": { "wmUplineSo": "LONGVILLE", "wmType": "Overhead" }, "geometry": { "type": "LineString", "coordinates": [ [ -94.092601417185904, 47.037822393330103 ], [ -94.091265396514899, 47.037746388102398 ] ] } },
{ "type": "Feature", "properties": { "wmUplineSo": "LONGVILLE", "wmType": "Overhead" }, "geometry": { "type": "LineString", "coordinates": [ [ -94.091265396514899, 47.037746388102398 ], [ -94.090356379404994, 47.037712385759299 ] ] } },
{ "type": "Feature", "properties": { "wmUplineSo": "LONGVILLE", "wmType": "Overhead" }, "geometry": { "type": "LineString", "coordinates": [ [ -94.111428098346707, 47.045005463137798 ], [ -94.109653673467406, 47.044765530120898 ] ] } },
{ "type": "Feature", "properties": { "wmUplineSo": "LONGVILLE", "wmType": "Overhead" }, "geometry": { "type": "LineString", "coordinates": [ [ -94.109653673467406, 47.044765530120898 ], [ -94.108506220465202, 47.044693310676102 ] ] } },
{ "type": "Feature", "properties": { "wmUplineSo": "LONGVILLE", "wmType": "Overhead" }, "geometry": { "type": "LineString", "coordinates": [ [ -94.108506220465202, 47.044693310676102 ], [ -94.107612791703602, 47.044609099200201 ] ] } },
{ "type": "Feature", "properties": { "wmUplineSo": "LONGVILLE", "wmType": "Overhead" }, "geometry": { "type": "LineString", "coordinates": [ [ -94.136840422349096, 47.048093363906403 ], [ -94.136081052851907, 47.0479499796947 ] ] } },
{ "type": "Feature", "properties": { "wmUplineSo": "LONGVILLE", "wmType": "Overhead" }, "geometry": { "type": "LineString", "coordinates": [ [ -94.136081052851907, 47.0479499796947 ], [ -94.135070697308095, 47.047742584122901 ] ] } },
{ "type": "Feature", "properties": { "wmUplineSo": "LONGVILLE", "wmType": "Overhead" }, "geometry": { "type": "LineString", "coordinates": [ [ -94.135070697308095, 47.047742584122901 ], [ -94.133027220147994, 47.047308061779198 ] ] } },
{ "type": "Feature", "properties": { "wmUplineSo": "LONGVILLE", "wmType": "Overhead" }, "geometry": { "type": "LineString", "coordinates": [ [ -94.133027220147994, 47.047308061779198 ], [ -94.132061743884805, 47.047115230613201 ] ] } },
{ "type": "Feature", "properties": { "wmUplineSo": "LONGVILLE", "wmType": "Overhead" }, "geometry": { "type": "LineString", "coordinates": [ [ -94.132061743884805, 47.047115230613201 ], [ -94.1312533925894, 47.046939886709403 ] ] } },
{ "type": "Feature", "properties": { "wmUplineSo": "LONGVILLE", "wmType": "Overhead" }, "geometry": { "type": "LineString", "coordinates": [ [ -94.1312533925894, 47.046939886709403 ], [ -94.1302745841096, 47.046865830643597 ] ] } },
{ "type": "Feature", "properties": { "wmUplineSo": "LONGVILLE", "wmType": "Overhead" }, "geometry": { "type": "LineString", "coordinates": [ [ -94.1302745841096, 47.046865830643597 ], [ -94.129190788891705, 47.046586436840002 ] ] } },
{ "type": "Feature", "properties": { "wmUplineSo": "LONGVILLE", "wmType": "Overhead" }, "geometry": { "type": "LineString", "coordinates": [ [ -94.129190788891705, 47.046586436840002 ], [ -94.127566437274297, 47.046366729852501 ] ] } },
{ "type": "Feature", "properties": { "wmUplineSo": "LONGVILLE", "wmType": "Overhead" }, "geometry": { "type": "LineString", "coordinates": [ [ -94.127566437274297, 47.046366729852501 ], [ -94.126582206964599, 47.046274036665203 ] ] } },
{ "type": "Feature", "properties": { "wmUplineSo": "LONGVILLE", "wmType": "Overhead" }, "geometry": { "type": "LineString", "coordinates": [ [ -94.126582206964599, 47.046274036665203 ], [ -94.125225099411395, 47.046173094936002 ] ] } },
{ "type": "Feature", "properties": { "wmUplineSo": "LONGVILLE", "wmType": "Overhead" }, "geometry": { "type": "LineString", "coordinates": [ [ -94.125225099411395, 47.046173094936002 ], [ -94.123818891407694, 47.046055952425 ] ] } },
{ "type": "Feature", "properties": { "wmUplineSo": "LONGVILLE", "wmType": "Overhead" }, "geometry": { "type": "LineString", "coordinates": [ [ -94.123818891407694, 47.046055952425 ], [ -94.122433484450696, 47.045933826877501 ] ] } },
{ "type": "Feature", "properties": { "wmUplineSo": "LONGVILLE", "wmType": "Overhead" }, "geometry": { "type": "LineString", "coordinates": [ [ -94.122433484450696, 47.045933826877501 ], [ -94.121341212690794, 47.045837385732597 ] ] } },
{ "type": "Feature", "properties": { "wmUplineSo": "LONGVILLE", "wmType": "Overhead" }, "geometry": { "type": "LineString", "coordinates": [ [ -94.121341212690794, 47.045837385732597 ], [ -94.120420085785099, 47.045763069159598 ] ] } },
{ "type": "Feature", "properties": { "wmUplineSo": "LONGVILLE", "wmType": "Overhead" }, "geometry": { "type": "LineString", "coordinates": [ [ -94.120420085785099, 47.045763069159598 ], [ -94.119010365739598, 47.045643521027898 ] ] } },
{ "type": "Feature", "properties": { "wmUplineSo": "LONGVILLE", "wmType": "Overhead" }, "geometry": { "type": "LineString", "coordinates": [ [ -94.119010365739598, 47.045643521027898 ], [ -94.117855520094395, 47.045552419976701 ] ] } },
{ "type": "Feature", "properties": { "wmUplineSo": "LONGVILLE", "wmType": "Overhead" }, "geometry": { "type": "LineString", "coordinates": [ [ -94.117855520094395, 47.045552419976701 ], [ -94.116871320102106, 47.0454596430368 ] ] } },
{ "type": "Feature", "properties": { "wmUplineSo": "LONGVILLE", "wmType": "Overhead" }, "geometry": { "type": "LineString", "coordinates": [ [ -94.116871320102106, 47.0454596430368 ], [ -94.115503603504493, 47.045349165816901 ] ] } },
{ "type": "Feature", "properties": { "wmUplineSo": "LONGVILLE", "wmType": "Overhead" }, "geometry": { "type": "LineString", "coordinates": [ [ -94.115503603504493, 47.045349165816901 ], [ -94.113727451400493, 47.045195026593902 ] ] } },
{ "type": "Feature", "properties": { "wmUplineSo": "LONGVILLE", "wmType": "Overhead" }, "geometry": { "type": "LineString", "coordinates": [ [ -94.113727451400493, 47.045195026593902 ], [ -94.112565411050696, 47.045092037470297 ] ] } },
{ "type": "Feature", "properties": { "wmUplineSo": "LONGVILLE", "wmType": "Overhead" }, "geometry": { "type": "LineString", "coordinates": [ [ -94.140711757786903, 47.049751523011302 ], [ -94.140471703120795, 47.0507715198383 ] ] } },
{ "type": "Feature", "properties": { "wmUplineSo": "LONGVILLE", "wmType": "Overhead" }, "geometry": { "type": "LineString", "coordinates": [ [ -94.140471703120795, 47.0507715198383 ], [ -94.1403236664639, 47.051449517298501 ] ] } },
{ "type": "Feature", "properties": { "wmUplineSo": "LONGVILLE", "wmType": "Overhead" }, "geometry": { "type": "LineString", "coordinates": [ [ -94.1403236664639, 47.051449517298501 ], [ -94.140053615818999, 47.052337515598303 ] ] } },
{ "type": "Feature", "properties": { "wmUplineSo": "LONGVILLE", "wmType": "Overhead" }, "geometry": { "type": "LineString", "coordinates": [ [ -94.157026691691797, 47.038808714151699 ], [ -94.155881864648606, 47.0385588780738 ] ] } },
{ "type": "Feature", "properties": { "wmUplineSo": "LONGVILLE", "wmType": "Overhead" }, "geometry": { "type": "LineString", "coordinates": [ [ -94.160259783309499, 47.049356909511197 ], [ -94.160272206168699, 47.048411585825697 ] ] } },
{ "type": "Feature", "properties": { "wmUplineSo": "LONGVILLE", "wmType": "Overhead" }, "geometry": { "type": "LineString", "coordinates": [ [ -94.160272206168699, 47.048411585825697 ], [ -94.160277984758494, 47.0475460189217 ] ] } },
{ "type": "Feature", "properties": { "wmUplineSo": "LONGVILLE", "wmType": "Overhead" }, "geometry": { "type": "LineString", "coordinates": [ [ -94.160277984758494, 47.0475460189217 ], [ -94.1602994092258, 47.046606520116498 ] ] } },
{ "type": "Feature", "properties": { "wmUplineSo": "LONGVILLE", "wmType": "Overhead" }, "geometry": { "type": "LineString", "coordinates": [ [ -94.1602994092258, 47.046606520116498 ], [ -94.160313870493596, 47.045827805353397 ] ] } },
{ "type": "Feature", "properties": { "wmUplineSo": "LONGVILLE", "wmType": "Overhead" }, "geometry": { "type": "LineString", "coordinates": [ [ -94.160313870493596, 47.045827805353397 ], [ -94.160409353850596, 47.0449304127782 ] ] } },
{ "type": "Feature", "properties": { "wmUplineSo": "LONGVILLE", "wmType": "Overhead" }, "geometry": { "type": "LineString", "coordinates": [ [ -94.160409353850596, 47.0449304127782 ], [ -94.160415802236898, 47.044023208032897 ] ] } },
{ "type": "Feature", "properties": { "wmUplineSo": "LONGVILLE", "wmType": "Overhead" }, "geometry": { "type": "LineString", "coordinates": [ [ -94.160415802236898, 47.044023208032897 ], [ -94.160487522257398, 47.042993913538702 ] ] } },
{ "type": "Feature", "properties": { "wmUplineSo": "LONGVILLE", "wmType": "Overhead" }, "geometry": { "type": "LineString", "coordinates": [ [ -94.160487522257398, 47.042993913538702 ], [ -94.160500354597801, 47.0421402150386 ] ] } },
{ "type": "Feature", "properties": { "wmUplineSo": "LONGVILLE", "wmType": "Overhead" }, "geometry": { "type": "LineString", "coordinates": [ [ -94.160500354597801, 47.0421402150386 ], [ -94.160509589705796, 47.041361552624899 ] ] } },
{ "type": "Feature", "properties": { "wmUplineSo": "LONGVILLE", "wmType": "Overhead" }, "geometry": { "type": "LineString", "coordinates": [ [ -94.160509589705796, 47.041361552624899 ], [ -94.160525286905397, 47.040639967292599 ] ] } },
{ "type": "Feature", "properties": { "wmUplineSo": "LONGVILLE", "wmType": "Overhead" }, "geometry": { "type": "LineString", "coordinates": [ [ -94.160525286905397, 47.040639967292599 ], [ -94.160593392792094, 47.039860254909001 ] ] } },
{ "type": "Feature", "properties": { "wmUplineSo": "LONGVILLE", "wmType": "Overhead" }, "geometry": { "type": "LineString", "coordinates": [ [ -94.164274220933393, 47.036678566500299 ], [ -94.164804878796701, 47.036619630150497 ] ] } },
{ "type": "Feature", "properties": { "wmUplineSo": "LONGVILLE", "wmType": "Overhead" }, "geometry": { "type": "LineString", "coordinates": [ [ -94.160302586151005, 47.056256947248798 ], [ -94.160276774123005, 47.057154822560904 ] ] } },
{ "type": "Feature", "properties": { "wmUplineSo": "LONGVILLE", "wmType": "Overhead" }, "geometry": { "type": "LineString", "coordinates": [ [ -94.160276774123005, 47.057154822560904 ], [ -94.160250313334501, 47.057862229272096 ] ] } },
{ "type": "Feature", "properties": { "wmUplineSo": "LONGVILLE", "wmType": "Overhead" }, "geometry": { "type": "LineString", "coordinates": [ [ -94.160250313334501, 47.057862229272096 ], [ -94.160198516150004, 47.0586865585338 ] ] } },
{ "type": "Feature", "properties": { "wmUplineSo": "LONGVILLE", "wmType": "Overhead" }, "geometry": { "type": "LineString", "coordinates": [ [ -94.160198516150004, 47.0586865585338 ], [ -94.160036647358098, 47.059607558148201 ] ] } },
{ "type": "Feature", "properties": { "wmUplineSo": "LONGVILLE", "wmType": "Overhead" }, "geometry": { "type": "LineString", "coordinates": [ [ -94.160036647358098, 47.059607558148201 ], [ -94.160081622719701, 47.060089555955997 ] ] } },
{ "type": "Feature", "properties": { "wmUplineSo": "LONGVILLE", "wmType": "Overhead" }, "geometry": { "type": "LineString", "coordinates": [ [ -94.160081622719701, 47.060089555955997 ], [ -94.160063582153398, 47.060902553952701 ] ] } },
{ "type": "Feature", "properties": { "wmUplineSo": "LONGVILLE", "wmType": "Overhead" }, "geometry": { "type": "LineString", "coordinates": [ [ -94.160063582153398, 47.060902553952701 ], [ -94.160055543467095, 47.0616995523282 ] ] } },
{ "type": "Feature", "properties": { "wmUplineSo": "LONGVILLE", "wmType": "Overhead" }, "geometry": { "type": "LineString", "coordinates": [ [ -94.159975498219296, 47.062551549288401 ], [ -94.159990453147699, 47.063491547379002 ] ] } },
{ "type": "Feature", "properties": { "wmUplineSo": "LONGVILLE", "wmType": "Overhead" }, "geometry": { "type": "LineString", "coordinates": [ [ -94.159990453147699, 47.063491547379002 ], [ -94.159971403396298, 47.064487544087399 ] ] } },
{ "type": "Feature", "properties": { "wmUplineSo": "LONGVILLE", "wmType": "Overhead" }, "geometry": { "type": "LineString", "coordinates": [ [ -94.159971403396298, 47.064487544087399 ], [ -94.159991360373397, 47.065341542281999 ] ] } },
{ "type": "Feature", "properties": { "wmUplineSo": "LONGVILLE", "wmType": "Overhead" }, "geometry": { "type": "LineString", "coordinates": [ [ -94.159991360373397, 47.065341542281999 ], [ -94.159960312788101, 47.0662975401276 ] ] } },
{ "type": "Feature", "properties": { "wmUplineSo": "LONGVILLE", "wmType": "Overhead" }, "geometry": { "type": "LineString", "coordinates": [ [ -94.159960312788101, 47.0662975401276 ], [ -94.160008281536506, 47.066967538422098 ] ] } },
{ "type": "Feature", "properties": { "wmUplineSo": "LONGVILLE", "wmType": "Overhead" }, "geometry": { "type": "LineString", "coordinates": [ [ -94.174554409888898, 47.052658663657397 ], [ -94.173447634935897, 47.052705724663703 ] ] } },
{ "type": "Feature", "properties": { "wmUplineSo": "LONGVILLE", "wmType": "Overhead" }, "geometry": { "type": "LineString", "coordinates": [ [ -94.173447634935897, 47.052705724663703 ], [ -94.172331227430206, 47.052739611049503 ] ] } },
{ "type": "Feature", "properties": { "wmUplineSo": "LONGVILLE", "wmType": "Overhead" }, "geometry": { "type": "LineString", "coordinates": [ [ -94.172524258236706, 47.052177614210102 ], [ -94.172481280609404, 47.051701615089797 ] ] } },
{ "type": "Feature", "properties": { "wmUplineSo": "LONGVILLE", "wmType": "Overhead" }, "geometry": { "type": "LineString", "coordinates": [ [ -94.197022571927903, 47.011582374563297 ], [ -94.197516173048697, 47.0115510226357 ] ] } },
{ "type": "Feature", "properties": { "wmUplineSo": "LONGVILLE", "wmType": "Overhead" }, "geometry": { "type": "LineString", "coordinates": [ [ -94.1959473966714, 47.011613351971697 ], [ -94.194162827363499, 47.011542483373802 ] ] } },
{ "type": "Feature", "properties": { "wmUplineSo": "LONGVILLE", "wmType": "Overhead" }, "geometry": { "type": "LineString", "coordinates": [ [ -94.192981006938496, 47.0111078874735 ], [ -94.192430115729195, 47.011380293309202 ] ] } },
{ "type": "Feature", "properties": { "wmUplineSo": "LONGVILLE", "wmType": "Overhead" }, "geometry": { "type": "LineString", "coordinates": [ [ -94.198531879673993, 47.011155879886701 ], [ -94.1989057674637, 47.010778031763699 ] ] } },
{ "type": "Feature", "properties": { "wmUplineSo": "LONGVILLE", "wmType": "Overhead" }, "geometry": { "type": "LineString", "coordinates": [ [ -94.199881296735896, 47.009451871496097 ], [ -94.200161699027404, 47.009049466186603 ] ] } },
{ "type": "Feature", "properties": { "wmUplineSo": "LONGVILLE", "wmType": "Overhead" }, "geometry": { "type": "LineString", "coordinates": [ [ -94.203654871081795, 47.015938487919399 ], [ -94.202623186231904, 47.016504091611303 ] ] } },
{ "type": "Feature", "properties": { "wmUplineSo": "LONGVILLE", "wmType": "Overhead" }, "geometry": { "type": "LineString", "coordinates": [ [ -94.202623186231904, 47.016504091611303 ], [ -94.201549880175307, 47.017074675943597 ] ] } },
{ "type": "Feature", "properties": { "wmUplineSo": "LONGVILLE", "wmType": "Overhead" }, "geometry": { "type": "LineString", "coordinates": [ [ -94.202898531538693, 47.018034813973799 ], [ -94.203919514960404, 47.018754815800598 ] ] } },
{ "type": "Feature", "properties": { "wmUplineSo": "LONGVILLE", "wmType": "Overhead" }, "geometry": { "type": "LineString", "coordinates": [ [ -94.190410670655794, 47.016931069904103 ], [ -94.189364328195296, 47.016889768689701 ] ] } },
{ "type": "Feature", "properties": { "wmUplineSo": "LONGVILLE", "wmType": "Overhead" }, "geometry": { "type": "LineString", "coordinates": [ [ -94.189364328195296, 47.016889768689701 ], [ -94.188559315144701, 47.016814766758003 ] ] } },
{ "type": "Feature", "properties": { "wmUplineSo": "LONGVILLE", "wmType": "Overhead" }, "geometry": { "type": "LineString", "coordinates": [ [ -94.188559315144701, 47.016814766758003 ], [ -94.187803, 47.016874 ] ] } },
{ "type": "Feature", "properties": { "wmUplineSo": "LONGVILLE", "wmType": "Overhead" }, "geometry": { "type": "LineString", "coordinates": [ [ -94.171224881544703, 47.0315502105273 ], [ -94.1699182072078, 47.031974659312098 ] ] } },
{ "type": "Feature", "properties": { "wmUplineSo": "LONGVILLE", "wmType": "Overhead" }, "geometry": { "type": "LineString", "coordinates": [ [ -94.1699182072078, 47.031974659312098 ], [ -94.169143874753701, 47.032365605196198 ] ] } },
{ "type": "Feature", "properties": { "wmUplineSo": "LONGVILLE", "wmType": "Overhead" }, "geometry": { "type": "LineString", "coordinates": [ [ -94.160191817818799, 47.051282588894203 ], [ -94.160216222392606, 47.050239489573997 ] ] } },
{ "type": "Feature", "properties": { "wmUplineSo": "LONGVILLE", "wmType": "Overhead" }, "geometry": { "type": "LineString", "coordinates": [ [ -94.146139765523799, 47.039657752449699 ], [ -94.145975000069797, 47.039158003570698 ] ] } },
{ "type": "Feature", "properties": { "wmUplineSo": "LONGVILLE", "wmType": "Overhead" }, "geometry": { "type": "LineString", "coordinates": [ [ -94.144597617837405, 47.036793153443902 ], [ -94.145105004147894, 47.036091653996102 ] ] } },
{ "type": "Feature", "properties": { "wmUplineSo": "LONGVILLE", "wmType": "Overhead" }, "geometry": { "type": "LineString", "coordinates": [ [ -94.148086277832903, 47.0401268226951 ], [ -94.147058380536805, 47.039878077217899 ] ] } },
{ "type": "Feature", "properties": { "wmUplineSo": "LONGVILLE", "wmType": "Overhead" }, "geometry": { "type": "LineString", "coordinates": [ [ -94.177897924066997, 47.028048897759803 ], [ -94.176903776777493, 47.028508374147499 ] ] } },
{ "type": "Feature", "properties": { "wmUplineSo": "LONGVILLE", "wmType": "Overhead" }, "geometry": { "type": "LineString", "coordinates": [ [ -94.180437708757594, 47.026734878739603 ], [ -94.180146665114094, 47.027242640490996 ] ] } },
{ "type": "Feature", "properties": { "wmUplineSo": "LONGVILLE", "wmType": "Overhead" }, "geometry": { "type": "LineString", "coordinates": [ [ -94.181080563206294, 47.029127705038199 ], [ -94.181962143222705, 47.0299838810054 ] ] } },
{ "type": "Feature", "properties": { "wmUplineSo": "LONGVILLE", "wmType": "Overhead" }, "geometry": { "type": "LineString", "coordinates": [ [ -94.181962143222705, 47.0299838810054 ], [ -94.182685514875303, 47.030438403078897 ] ] } },
{ "type": "Feature", "properties": { "wmUplineSo": "LONGVILLE", "wmType": "Overhead" }, "geometry": { "type": "LineString", "coordinates": [ [ -94.182825074283599, 47.032533321877501 ], [ -94.183088408290004, 47.033062700289101 ] ] } },
{ "type": "Feature", "properties": { "wmUplineSo": "LONGVILLE", "wmType": "Overhead" }, "geometry": { "type": "LineString", "coordinates": [ [ -94.183088408290004, 47.033062700289101 ], [ -94.183098399364297, 47.033237700439898 ] ] } },
{ "type": "Feature", "properties": { "wmUplineSo": "LONGVILLE", "wmType": "Overhead" }, "geometry": { "type": "LineString", "coordinates": [ [ -94.187810712324904, 47.028796729491198 ], [ -94.187827762481504, 47.027747731839703 ] ] } },
{ "type": "Feature", "properties": { "wmUplineSo": "LONGVILLE", "wmType": "Overhead" }, "geometry": { "type": "LineString", "coordinates": [ [ -94.204095221074397, 47.045157732094403 ], [ -94.204067265884106, 47.044237734930498 ] ] } },
{ "type": "Feature", "properties": { "wmUplineSo": "LONGVILLE", "wmType": "Overhead" }, "geometry": { "type": "LineString", "coordinates": [ [ -94.203909014031197, 47.051163336878098 ], [ -94.203797972289493, 47.0500777147818 ] ] } },
{ "type": "Feature", "properties": { "wmUplineSo": "LONGVILLE", "wmType": "Overhead" }, "geometry": { "type": "LineString", "coordinates": [ [ -94.203797972289493, 47.0500777147818 ], [ -94.203897998950296, 47.049599717952702 ] ] } },
{ "type": "Feature", "properties": { "wmUplineSo": "LONGVILLE", "wmType": "Overhead" }, "geometry": { "type": "LineString", "coordinates": [ [ -94.203897998950296, 47.049599717952702 ], [ -94.2039420411039, 47.048746719739199 ] ] } },
{ "type": "Feature", "properties": { "wmUplineSo": "LONGVILLE", "wmType": "Overhead" }, "geometry": { "type": "LineString", "coordinates": [ [ -94.2039420411039, 47.048746719739199 ], [ -94.204100092888396, 47.047736724020297 ] ] } },
{ "type": "Feature", "properties": { "wmUplineSo": "LONGVILLE", "wmType": "Overhead" }, "geometry": { "type": "LineString", "coordinates": [ [ -94.204100092888396, 47.047736724020297 ], [ -94.203917122187505, 47.047097725774798 ] ] } },
{ "type": "Feature", "properties": { "wmUplineSo": "LONGVILLE", "wmType": "Overhead" }, "geometry": { "type": "LineString", "coordinates": [ [ -94.203917122187505, 47.047097725774798 ], [ -94.204043173716201, 47.0460727285407 ] ] } },
{ "type": "Feature", "properties": { "wmUplineSo": "LONGVILLE", "wmType": "Overhead" }, "geometry": { "type": "LineString", "coordinates": [ [ -94.203924640450396, 47.056877692795197 ], [ -94.204009877199297, 47.057585505255403 ] ] } },
{ "type": "Feature", "properties": { "wmUplineSo": "LONGVILLE", "wmType": "Overhead" }, "geometry": { "type": "LineString", "coordinates": [ [ -94.204009877199297, 47.057585505255403 ], [ -94.203896557189694, 47.058556687958301 ] ] } },
{ "type": "Feature", "properties": { "wmUplineSo": "LONGVILLE", "wmType": "Overhead" }, "geometry": { "type": "LineString", "coordinates": [ [ -94.1863590000725, 47.052444003574202 ], [ -94.185964542020102, 47.051771656009002 ] ] } },
{ "type": "Feature", "properties": { "wmUplineSo": "LONGVILLE", "wmType": "Overhead" }, "geometry": { "type": "LineString", "coordinates": [ [ -94.185964542020102, 47.051771656009002 ], [ -94.185831546984303, 47.051604655895297 ] ] } },
{ "type": "Feature", "properties": { "wmUplineSo": "LONGVILLE", "wmType": "Overhead" }, "geometry": { "type": "LineString", "coordinates": [ [ -94.210865057262893, 46.989671801246097 ], [ -94.210883945682696, 46.989121597796697 ] ] } },
{ "type": "Feature", "properties": { "wmUplineSo": "LONGVILLE", "wmType": "Overhead" }, "geometry": { "type": "LineString", "coordinates": [ [ -94.210859718438897, 46.996791968204803 ], [ -94.210015704149697, 46.996777965554202 ] ] } },
{ "type": "Feature", "properties": { "wmUplineSo": "LONGVILLE", "wmType": "Overhead" }, "geometry": { "type": "LineString", "coordinates": [ [ -94.209705, 46.998017 ], [ -94.210167647007097, 46.998064939285598 ] ] } },
{ "type": "Feature", "properties": { "wmUplineSo": "LONGVILLE", "wmType": "Overhead" }, "geometry": { "type": "LineString", "coordinates": [ [ -94.213016028250095, 46.998884685992103 ], [ -94.213355732466496, 46.998916273611997 ] ] } },
{ "type": "Feature", "properties": { "wmUplineSo": "LONGVILLE", "wmType": "Overhead" }, "geometry": { "type": "LineString", "coordinates": [ [ -94.214359277253394, 47.001352074957097 ], [ -94.214584740146705, 47.002278259241798 ] ] } },
{ "type": "Feature", "properties": { "wmUplineSo": "LONGVILLE", "wmType": "Overhead" }, "geometry": { "type": "LineString", "coordinates": [ [ -94.214604572981102, 47.0039209133813 ], [ -94.214620491426999, 47.004623128486401 ] ] } },
{ "type": "Feature", "properties": { "wmUplineSo": "LONGVILLE", "wmType": "Overhead" }, "geometry": { "type": "LineString", "coordinates": [ [ -94.214620491426999, 47.004623128486401 ], [ -94.214539471991799, 47.005701141061301 ] ] } },
{ "type": "Feature", "properties": { "wmUplineSo": "LONGVILLE", "wmType": "Overhead" }, "geometry": { "type": "LineString", "coordinates": [ [ -94.213772637591305, 46.999652929934904 ], [ -94.214144610656803, 47.000464913126301 ] ] } },
{ "type": "Feature", "properties": { "wmUplineSo": "LONGVILLE", "wmType": "Overhead" }, "geometry": { "type": "LineString", "coordinates": [ [ -94.211753591777594, 46.9994617472505 ], [ -94.210561301711607, 46.999467860725503 ] ] } },
{ "type": "Feature", "properties": { "wmUplineSo": "LONGVILLE", "wmType": "Overhead" }, "geometry": { "type": "LineString", "coordinates": [ [ -94.208949674629807, 46.996997957283099 ], [ -94.208163, 46.997106 ] ] } },
{ "type": "Feature", "properties": { "wmUplineSo": "LONGVILLE", "wmType": "Overhead" }, "geometry": { "type": "LineString", "coordinates": [ [ -94.203563736843606, 46.998925345876998 ], [ -94.203203756023996, 46.9999760657305 ] ] } },
{ "type": "Feature", "properties": { "wmUplineSo": "LONGVILLE", "wmType": "Overhead" }, "geometry": { "type": "LineString", "coordinates": [ [ -94.205049589876694, 46.997221937341799 ], [ -94.204590558785299, 46.9976869262915 ] ] } },
{ "type": "Feature", "properties": { "wmUplineSo": "LONGVILLE", "wmType": "Overhead" }, "geometry": { "type": "LineString", "coordinates": [ [ -94.204590558785299, 46.9976869262915 ], [ -94.203802537893594, 46.9978319199491 ] ] } },
{ "type": "Feature", "properties": { "wmUplineSo": "LONGVILLE", "wmType": "Overhead" }, "geometry": { "type": "LineString", "coordinates": [ [ -94.203802537893594, 46.9978319199491 ], [ -94.203676492125197, 46.998522372842501 ] ] } },
{ "type": "Feature", "properties": { "wmUplineSo": "LONGVILLE", "wmType": "Overhead" }, "geometry": { "type": "LineString", "coordinates": [ [ -94.199685308593502, 47.0010018554837 ], [ -94.198375274548596, 47.001177849073301 ] ] } },
{ "type": "Feature", "properties": { "wmUplineSo": "LONGVILLE", "wmType": "Overhead" }, "geometry": { "type": "LineString", "coordinates": [ [ -94.212111612828096, 47.019991840367901 ], [ -94.210984589585905, 47.020029837084799 ] ] } },
{ "type": "Feature", "properties": { "wmUplineSo": "LONGVILLE", "wmType": "Overhead" }, "geometry": { "type": "LineString", "coordinates": [ [ -94.210984589585905, 47.020029837084799 ], [ -94.209938578946506, 47.019829834012803 ] ] } },
{ "type": "Feature", "properties": { "wmUplineSo": "LONGVILLE", "wmType": "Overhead" }, "geometry": { "type": "LineString", "coordinates": [ [ -94.209938578946506, 47.019829834012803 ], [ -94.2085795501592, 47.0198798283785 ] ] } },
{ "type": "Feature", "properties": { "wmUplineSo": "LONGVILLE", "wmType": "Overhead" }, "geometry": { "type": "LineString", "coordinates": [ [ -94.214387241984895, 47.017941120369002 ], [ -94.214323099097797, 47.018950731153502 ] ] } },
{ "type": "Feature", "properties": { "wmUplineSo": "LONGVILLE", "wmType": "Overhead" }, "geometry": { "type": "LineString", "coordinates": [ [ -94.214323099097797, 47.018950731153502 ], [ -94.214076237333501, 47.020155136735298 ] ] } },
{ "type": "Feature", "properties": { "wmUplineSo": "LONGVILLE", "wmType": "Overhead" }, "geometry": { "type": "LineString", "coordinates": [ [ -94.2141870990001, 47.021589677644798 ], [ -94.214113962996393, 47.022279739792701 ] ] } },
{ "type": "Feature", "properties": { "wmUplineSo": "LONGVILLE", "wmType": "Overhead" }, "geometry": { "type": "LineString", "coordinates": [ [ -94.214113962996393, 47.022279739792701 ], [ -94.2141724117634, 47.023014835194402 ] ] } },
{ "type": "Feature", "properties": { "wmUplineSo": "LONGVILLE", "wmType": "Overhead" }, "geometry": { "type": "LineString", "coordinates": [ [ -94.214275047264493, 47.0262738540954 ], [ -94.214291841213907, 47.026899286201399 ] ] } },
{ "type": "Feature", "properties": { "wmUplineSo": "LONGVILLE", "wmType": "Overhead" }, "geometry": { "type": "LineString", "coordinates": [ [ -94.208901384949598, 47.023379818674201 ], [ -94.208634385633104, 47.023267816751499 ] ] } },
{ "type": "Feature", "properties": { "wmUplineSo": "LONGVILLE", "wmType": "Overhead" }, "geometry": { "type": "LineString", "coordinates": [ [ -94.206091354816806, 47.022891809742703 ], [ -94.2057883436499, 47.022986808210099 ] ] } },
{ "type": "Feature", "properties": { "wmUplineSo": "LONGVILLE", "wmType": "Overhead" }, "geometry": { "type": "LineString", "coordinates": [ [ -94.216715006705698, 47.038605701143098 ], [ -94.217792805235902, 47.038697796993702 ] ] } },
{ "type": "Feature", "properties": { "wmUplineSo": "LONGVILLE", "wmType": "Overhead" }, "geometry": { "type": "LineString", "coordinates": [ [ -94.217792805235902, 47.038697796993702 ], [ -94.218693817691104, 47.038796799058602 ] ] } },
{ "type": "Feature", "properties": { "wmUplineSo": "LONGVILLE", "wmType": "Overhead" }, "geometry": { "type": "LineString", "coordinates": [ [ -94.221613590762402, 47.075168081535899 ], [ -94.220465350266593, 47.074944135898598 ] ] } },
{ "type": "Feature", "properties": { "wmUplineSo": "LONGVILLE", "wmType": "Overhead" }, "geometry": { "type": "LineString", "coordinates": [ [ -94.225744261067106, 47.062366399019098 ], [ -94.225801411375002, 47.0629981692353 ] ] } },
{ "type": "Feature", "properties": { "wmUplineSo": "LONGVILLE", "wmType": "Overhead" }, "geometry": { "type": "LineString", "coordinates": [ [ -94.225801411375002, 47.0629981692353 ], [ -94.225687594146905, 47.063869859081898 ] ] } },
{ "type": "Feature", "properties": { "wmUplineSo": "LONGVILLE", "wmType": "Overhead" }, "geometry": { "type": "LineString", "coordinates": [ [ -94.225687594146905, 47.063869859081898 ], [ -94.225712132052806, 47.0646362589207 ] ] } },
{ "type": "Feature", "properties": { "wmUplineSo": "LONGVILLE", "wmType": "Overhead" }, "geometry": { "type": "LineString", "coordinates": [ [ -94.225712132052806, 47.0646362589207 ], [ -94.225688256796005, 47.065175559085603 ] ] } },
{ "type": "Feature", "properties": { "wmUplineSo": "LONGVILLE", "wmType": "Overhead" }, "geometry": { "type": "LineString", "coordinates": [ [ -94.225688256796005, 47.065175559085603 ], [ -94.225698365960099, 47.066042112620302 ] ] } },
{ "type": "Feature", "properties": { "wmUplineSo": "LONGVILLE", "wmType": "Overhead" }, "geometry": { "type": "LineString", "coordinates": [ [ -94.225698365960099, 47.066042112620302 ], [ -94.225679096024606, 47.0667823145643 ] ] } },
{ "type": "Feature", "properties": { "wmUplineSo": "LONGVILLE", "wmType": "Overhead" }, "geometry": { "type": "LineString", "coordinates": [ [ -94.225679096024606, 47.0667823145643 ], [ -94.225688072870398, 47.067356262696102 ] ] } },
{ "type": "Feature", "properties": { "wmUplineSo": "LONGVILLE", "wmType": "Overhead" }, "geometry": { "type": "LineString", "coordinates": [ [ -94.225688072870398, 47.067356262696102 ], [ -94.225672808892099, 47.0679064227552 ], [ -94.225653114681094, 47.068567343779897 ] ] } },
{ "type": "Feature", "properties": { "wmUplineSo": "LONGVILLE", "wmType": "Overhead" }, "geometry": { "type": "LineString", "coordinates": [ [ -94.225653114681094, 47.068567343779897 ], [ -94.225628430261693, 47.069542601863802 ] ] } },
{ "type": "Feature", "properties": { "wmUplineSo": "LONGVILLE", "wmType": "Overhead" }, "geometry": { "type": "LineString", "coordinates": [ [ -94.225628430261693, 47.069542601863802 ], [ -94.224337939443103, 47.069645691497698 ] ] } },
{ "type": "Feature", "properties": { "wmUplineSo": "LONGVILLE", "wmType": "Overhead" }, "geometry": { "type": "LineString", "coordinates": [ [ -94.223271392509204, 47.073693585949599 ], [ -94.223436443460102, 47.074463960077999 ] ] } },
{ "type": "Feature", "properties": { "wmUplineSo": "LONGVILLE", "wmType": "Overhead" }, "geometry": { "type": "LineString", "coordinates": [ [ -94.223560353214907, 47.075035489204403 ], [ -94.223680443160802, 47.075577059185001 ] ] } },
{ "type": "Feature", "properties": { "wmUplineSo": "LONGVILLE", "wmType": "Overhead" }, "geometry": { "type": "LineString", "coordinates": [ [ -94.223680443160802, 47.075577059185001 ], [ -94.222712419589797, 47.075392547793101 ] ] } },
{ "type": "Feature", "properties": { "wmUplineSo": "LONGVILLE", "wmType": "Overhead" }, "geometry": { "type": "LineString", "coordinates": [ [ -94.225775082107305, 47.059478468509496 ], [ -94.225779203731094, 47.061117464147998 ] ] } },
{ "type": "Feature", "properties": { "wmUplineSo": "LONGVILLE", "wmType": "Overhead" }, "geometry": { "type": "LineString", "coordinates": [ [ -94.225779203731094, 47.061117464147998 ], [ -94.225737162206499, 47.061472198119901 ] ] } },
{ "type": "Feature", "properties": { "wmUplineSo": "LONGVILLE", "wmType": "Overhead" }, "geometry": { "type": "LineString", "coordinates": [ [ -94.225789900006802, 47.057814507889297 ], [ -94.225792694913096, 47.058726854857703 ] ] } },
{ "type": "Feature", "properties": { "wmUplineSo": "LONGVILLE", "wmType": "Overhead" }, "geometry": { "type": "LineString", "coordinates": [ [ -94.225834838031503, 47.054850229562298 ], [ -94.225819646085696, 47.0552818190707 ] ] } },
{ "type": "Feature", "properties": { "wmUplineSo": "LONGVILLE", "wmType": "Overhead" }, "geometry": { "type": "LineString", "coordinates": [ [ -94.246636904355299, 47.068592773875601 ], [ -94.246601865995601, 47.069376770776302 ] ] } },
{ "type": "Feature", "properties": { "wmUplineSo": "LONGVILLE", "wmType": "Overhead" }, "geometry": { "type": "LineString", "coordinates": [ [ -94.246601865995601, 47.069376770776302 ], [ -94.246519815854199, 47.070364766452002 ] ] } },
{ "type": "Feature", "properties": { "wmUplineSo": "LONGVILLE", "wmType": "Overhead" }, "geometry": { "type": "LineString", "coordinates": [ [ -94.246519815854199, 47.070364766452002 ], [ -94.246406776398103, 47.071141764135398 ] ] } },
{ "type": "Feature", "properties": { "wmUplineSo": "LONGVILLE", "wmType": "Overhead" }, "geometry": { "type": "LineString", "coordinates": [ [ -94.246406776398103, 47.071141764135398 ], [ -94.246059738483297, 47.0717797599061 ] ] } },
{ "type": "Feature", "properties": { "wmUplineSo": "LONGVILLE", "wmType": "Overhead" }, "geometry": { "type": "LineString", "coordinates": [ [ -94.246059738483297, 47.0717797599061 ], [ -94.245252724110301, 47.071752758852597 ] ] } },
{ "type": "Feature", "properties": { "wmUplineSo": "LONGVILLE", "wmType": "Overhead" }, "geometry": { "type": "LineString", "coordinates": [ [ -94.245252724110301, 47.071752758852597 ], [ -94.243682649776403, 47.072616750594698 ] ] } },
{ "type": "Feature", "properties": { "wmUplineSo": "LONGVILLE", "wmType": "Overhead" }, "geometry": { "type": "LineString", "coordinates": [ [ -94.247297942479605, 47.068096778479699 ], [ -94.248677965354702, 47.068197781588303 ] ] } },
{ "type": "Feature", "properties": { "wmUplineSo": "LONGVILLE", "wmType": "Overhead" }, "geometry": { "type": "LineString", "coordinates": [ [ -94.248677965354702, 47.068197781588303 ], [ -94.250246999094998, 47.068112786701597 ] ] } },
{ "type": "Feature", "properties": { "wmUplineSo": "LONGVILLE", "wmType": "Overhead" }, "geometry": { "type": "LineString", "coordinates": [ [ -94.250246999094998, 47.068112786701597 ], [ -94.251205027004701, 47.068124799018598 ] ] } },
{ "type": "Feature", "properties": { "wmUplineSo": "LONGVILLE", "wmType": "Overhead" }, "geometry": { "type": "LineString", "coordinates": [ [ -94.246823041440507, 47.065882785842099 ], [ -94.246746990594602, 47.066871781766899 ] ] } },
{ "type": "Feature", "properties": { "wmUplineSo": "LONGVILLE", "wmType": "Overhead" }, "geometry": { "type": "LineString", "coordinates": [ [ -94.246746990594602, 47.066871781766899 ], [ -94.246674927996196, 47.068144776022102 ] ] } },
{ "type": "Feature", "properties": { "wmUplineSo": "LONGVILLE", "wmType": "Overhead" }, "geometry": { "type": "LineString", "coordinates": [ [ -94.277478072996104, 47.0830200756753 ], [ -94.278478107898593, 47.082917088422001 ] ] } },
{ "type": "Feature", "properties": { "wmUplineSo": "LONGVILLE", "wmType": "Overhead" }, "geometry": { "type": "LineString", "coordinates": [ [ -94.278478107898593, 47.082917088422001 ], [ -94.279262132743398, 47.082880098165397 ] ] } },
{ "type": "Feature", "properties": { "wmUplineSo": "LONGVILLE", "wmType": "Overhead" }, "geometry": { "type": "LineString", "coordinates": [ [ -94.279262132743398, 47.082880098165397 ], [ -94.280308159071794, 47.082952111432597 ] ] } },
{ "type": "Feature", "properties": { "wmUplineSo": "LONGVILLE", "wmType": "Overhead" }, "geometry": { "type": "LineString", "coordinates": [ [ -94.280308159071794, 47.082952111432597 ], [ -94.281178420472997, 47.083038031408698 ] ] } },
{ "type": "Feature", "properties": { "wmUplineSo": "LONGVILLE", "wmType": "Overhead" }, "geometry": { "type": "LineString", "coordinates": [ [ -94.281178420472997, 47.083038031408698 ], [ -94.282354000078996, 47.083085003582497 ] ] } },
{ "type": "Feature", "properties": { "wmUplineSo": "LONGVILLE", "wmType": "Overhead" }, "geometry": { "type": "LineString", "coordinates": [ [ -94.275933055912304, 47.082480058131303 ], [ -94.275913080801402, 47.081955059785898 ] ] } },
{ "type": "Feature", "properties": { "wmUplineSo": "LONGVILLE", "wmType": "Overhead" }, "geometry": { "type": "LineString", "coordinates": [ [ -94.275362973562693, 47.083793043698698 ], [ -94.275276957609407, 47.084060041337999 ] ] } },
{ "type": "Feature", "properties": { "wmUplineSo": "LONGVILLE", "wmType": "Overhead" }, "geometry": { "type": "LineString", "coordinates": [ [ -94.272641967423297, 47.082282016385697 ], [ -94.272522929941104, 47.0829820110228 ] ] } },
{ "type": "Feature", "properties": { "wmUplineSo": "LONGVILLE", "wmType": "Overhead" }, "geometry": { "type": "LineString", "coordinates": [ [ -94.272522929941104, 47.0829820110228 ], [ -94.273714969979494, 47.082873027597103 ] ] } },
{ "type": "Feature", "properties": { "wmUplineSo": "LONGVILLE", "wmType": "Overhead" }, "geometry": { "type": "LineString", "coordinates": [ [ -94.273714969979494, 47.082873027597103 ], [ -94.275083005352499, 47.082957044468998 ] ] } },
{ "type": "Feature", "properties": { "wmUplineSo": "LONGVILLE", "wmType": "Overhead" }, "geometry": { "type": "LineString", "coordinates": [ [ -94.272655129250495, 47.0790250333975 ], [ -94.272657089956596, 47.079798030000198 ] ] } },
{ "type": "Feature", "properties": { "wmUplineSo": "LONGVILLE", "wmType": "Overhead" }, "geometry": { "type": "LineString", "coordinates": [ [ -94.272657089956596, 47.079798030000198 ], [ -94.272618057618601, 47.080450025739701 ] ] } },
{ "type": "Feature", "properties": { "wmUplineSo": "LONGVILLE", "wmType": "Overhead" }, "geometry": { "type": "LineString", "coordinates": [ [ -94.272618057618601, 47.080450025739701 ], [ -94.2725550116986, 47.081307020996 ] ] } },
{ "type": "Feature", "properties": { "wmUplineSo": "LONGVILLE", "wmType": "Overhead" }, "geometry": { "type": "LineString", "coordinates": [ [ -94.272753234928004, 47.076933045455903 ], [ -94.272672193050894, 47.077693041202501 ] ] } },
{ "type": "Feature", "properties": { "wmUplineSo": "LONGVILLE", "wmType": "Overhead" }, "geometry": { "type": "LineString", "coordinates": [ [ -94.272672193050894, 47.077693041202501 ], [ -94.272662154179898, 47.078487035274499 ] ] } },
{ "type": "Feature", "properties": { "wmUplineSo": "LONGVILLE", "wmType": "Overhead" }, "geometry": { "type": "LineString", "coordinates": [ [ -94.270750240928706, 47.075590025004097 ], [ -94.272060281050898, 47.075567043009798 ] ] } },
{ "type": "Feature", "properties": { "wmUplineSo": "LONGVILLE", "wmType": "Overhead" }, "geometry": { "type": "LineString", "coordinates": [ [ -94.272060281050898, 47.075567043009798 ], [ -94.272750277890694, 47.076038049743701 ] ] } },
{ "type": "Feature", "properties": { "wmUplineSo": "LONGVILLE", "wmType": "Overhead" }, "geometry": { "type": "LineString", "coordinates": [ [ -94.267318843526795, 47.074244732690197 ], [ -94.267303365998103, 47.074981922439598 ] ] } },
{ "type": "Feature", "properties": { "wmUplineSo": "LONGVILLE", "wmType": "Overhead" }, "geometry": { "type": "LineString", "coordinates": [ [ -94.268346764562907, 47.073311929186602 ], [ -94.269137309602996, 47.073220015172602 ] ] } },
{ "type": "Feature", "properties": { "wmUplineSo": "LONGVILLE", "wmType": "Overhead" }, "geometry": { "type": "LineString", "coordinates": [ [ -94.267488135641003, 47.0709785920467 ], [ -94.267439782816894, 47.071805313128998 ] ] } },
{ "type": "Feature", "properties": { "wmUplineSo": "LONGVILLE", "wmType": "Overhead" }, "geometry": { "type": "LineString", "coordinates": [ [ -94.267439782816894, 47.071805313128998 ], [ -94.267377484909005, 47.072558379309498 ] ] } },
{ "type": "Feature", "properties": { "wmUplineSo": "LONGVILLE", "wmType": "Overhead" }, "geometry": { "type": "LineString", "coordinates": [ [ -94.267377484909005, 47.072558379309498 ], [ -94.267371947172407, 47.073353674085801 ] ] } },
{ "type": "Feature", "properties": { "wmUplineSo": "LONGVILLE", "wmType": "Overhead" }, "geometry": { "type": "LineString", "coordinates": [ [ -94.268730458537604, 47.069925026805301 ], [ -94.269673470817494, 47.070245037711601 ] ] } },
{ "type": "Feature", "properties": { "wmUplineSo": "LONGVILLE", "wmType": "Overhead" }, "geometry": { "type": "LineString", "coordinates": [ [ -94.256077169186895, 47.068156864984402 ], [ -94.257327208144901, 47.068162881821301 ] ] } },
{ "type": "Feature", "properties": { "wmUplineSo": "LONGVILLE", "wmType": "Overhead" }, "geometry": { "type": "LineString", "coordinates": [ [ -94.257327208144901, 47.068162881821301 ], [ -94.258408240749802, 47.068142896089398 ] ] } },
{ "type": "Feature", "properties": { "wmUplineSo": "LONGVILLE", "wmType": "Overhead" }, "geometry": { "type": "LineString", "coordinates": [ [ -94.258408240749802, 47.068142896089398 ], [ -94.259855284141395, 47.0681279158064 ] ] } },
{ "type": "Feature", "properties": { "wmUplineSo": "LONGVILLE", "wmType": "Overhead" }, "geometry": { "type": "LineString", "coordinates": [ [ -94.259855284141395, 47.0681279158064 ], [ -94.261235323632903, 47.068156934323902 ] ] } },
{ "type": "Feature", "properties": { "wmUplineSo": "LONGVILLE", "wmType": "Overhead" }, "geometry": { "type": "LineString", "coordinates": [ [ -94.261235323632903, 47.068156934323902 ], [ -94.262692365355903, 47.0681919544948 ] ] } },
{ "type": "Feature", "properties": { "wmUplineSo": "LONGVILLE", "wmType": "Overhead" }, "geometry": { "type": "LineString", "coordinates": [ [ -94.262692365355903, 47.0681919544948 ], [ -94.263930404638799, 47.068146969443603 ] ] } },
{ "type": "Feature", "properties": { "wmUplineSo": "LONGVILLE", "wmType": "Overhead" }, "geometry": { "type": "LineString", "coordinates": [ [ -94.263930404638799, 47.068146969443603 ], [ -94.2648324301326, 47.068162982678103 ] ] } },
{ "type": "Feature", "properties": { "wmUplineSo": "LONGVILLE", "wmType": "Overhead" }, "geometry": { "type": "LineString", "coordinates": [ [ -94.2648324301326, 47.068162982678103 ], [ -94.266328474929793, 47.068180002357501 ] ] } },
{ "type": "Feature", "properties": { "wmUplineSo": "LONGVILLE", "wmType": "Overhead" }, "geometry": { "type": "LineString", "coordinates": [ [ -94.266328474929793, 47.068180002357501 ], [ -94.267623515041095, 47.068117020811002 ] ] } },
{ "type": "Feature", "properties": { "wmUplineSo": "LONGVILLE", "wmType": "Overhead" }, "geometry": { "type": "LineString", "coordinates": [ [ -94.267623515041095, 47.068117020811002 ], [ -94.267692491013193, 47.068665017869698 ] ] } },
{ "type": "Feature", "properties": { "wmUplineSo": "LONGVILLE", "wmType": "Overhead" }, "geometry": { "type": "LineString", "coordinates": [ [ -94.267692491013193, 47.068665017869698 ], [ -94.267625450076594, 47.069457014350199 ] ] } },
{ "type": "Feature", "properties": { "wmUplineSo": "LONGVILLE", "wmType": "Overhead" }, "geometry": { "type": "LineString", "coordinates": [ [ -94.267625450076594, 47.069457014350199 ], [ -94.267288418071402, 47.069897007022298 ] ] } },
{ "type": "Feature", "properties": { "wmUplineSo": "LONGVILLE", "wmType": "Overhead" }, "geometry": { "type": "LineString", "coordinates": [ [ -94.254525149663294, 47.067626845824698 ], [ -94.254507150455694, 47.067626845230102 ] ] } },
{ "type": "Feature", "properties": { "wmUplineSo": "LONGVILLE", "wmType": "Overhead" }, "geometry": { "type": "LineString", "coordinates": [ [ -94.252298060033993, 47.068126813679299 ], [ -94.253368090523395, 47.068154827639198 ] ] } },
{ "type": "Feature", "properties": { "wmUplineSo": "LONGVILLE", "wmType": "Overhead" }, "geometry": { "type": "LineString", "coordinates": [ [ -94.253368090523395, 47.068154827639198 ], [ -94.254572126190894, 47.068137843310097 ] ] } },
{ "type": "Feature", "properties": { "wmUplineSo": "LONGVILLE", "wmType": "Overhead" }, "geometry": { "type": "LineString", "coordinates": [ [ -94.246063069932205, 47.064972787131602 ], [ -94.245108051066893, 47.064979783235501 ] ] } },
{ "type": "Feature", "properties": { "wmUplineSo": "LONGVILLE", "wmType": "Overhead" }, "geometry": { "type": "LineString", "coordinates": [ [ -94.245108051066893, 47.064979783235501 ], [ -94.244363031442106, 47.065077781168597 ] ] } },
{ "type": "Feature", "properties": { "wmUplineSo": "LONGVILLE", "wmType": "Overhead" }, "geometry": { "type": "LineString", "coordinates": [ [ -94.246982182060407, 47.063054796685698 ], [ -94.247005181325207, 47.063089796595698 ] ] } },
{ "type": "Feature", "properties": { "wmUplineSo": "LONGVILLE", "wmType": "Overhead" }, "geometry": { "type": "LineString", "coordinates": [ [ -94.247005181325207, 47.063089796595698 ], [ -94.247153145128095, 47.063879794824999 ] ] } },
{ "type": "Feature", "properties": { "wmUplineSo": "LONGVILLE", "wmType": "Overhead" }, "geometry": { "type": "LineString", "coordinates": [ [ -94.247153145128095, 47.063879794824999 ], [ -94.246865085822805, 47.0649947888529 ] ] } },
{ "type": "Feature", "properties": { "wmUplineSo": "LONGVILLE", "wmType": "Overhead" }, "geometry": { "type": "LineString", "coordinates": [ [ -94.247623357079505, 47.059722812517798 ], [ -94.247525324153401, 47.060351809992902 ] ] } },
{ "type": "Feature", "properties": { "wmUplineSo": "LONGVILLE", "wmType": "Overhead" }, "geometry": { "type": "LineString", "coordinates": [ [ -94.247525324153401, 47.060351809992902 ], [ -94.247205274967499, 47.061229805309402 ] ] } },
{ "type": "Feature", "properties": { "wmUplineSo": "LONGVILLE", "wmType": "Overhead" }, "geometry": { "type": "LineString", "coordinates": [ [ -94.247205274967499, 47.061229805309402 ], [ -94.247150225655503, 47.062246799713797 ] ] } },
{ "type": "Feature", "properties": { "wmUplineSo": "LONGVILLE", "wmType": "Overhead" }, "geometry": { "type": "LineString", "coordinates": [ [ -94.247125359993902, 47.059487811702503 ], [ -94.246472342135107, 47.0595778090888 ] ] } },
{ "type": "Feature", "properties": { "wmUplineSo": "LONGVILLE", "wmType": "Overhead" }, "geometry": { "type": "LineString", "coordinates": [ [ -94.247297654602704, 47.0534748359294 ], [ -94.247463628709497, 47.054111834563798 ] ] } },
{ "type": "Feature", "properties": { "wmUplineSo": "LONGVILLE", "wmType": "Overhead" }, "geometry": { "type": "LineString", "coordinates": [ [ -94.256349492473007, 47.0208850671467 ], [ -94.257237531986405, 47.020608082858899 ] ] } },
{ "type": "Feature", "properties": { "wmUplineSo": "LONGVILLE", "wmType": "Overhead" }, "geometry": { "type": "LineString", "coordinates": [ [ -94.257237531986405, 47.020608082858899 ], [ -94.257737555636993, 47.020455092109103 ] ] } },
{ "type": "Feature", "properties": { "wmUplineSo": "LONGVILLE", "wmType": "Overhead" }, "geometry": { "type": "LineString", "coordinates": [ [ -94.257737555636993, 47.020455092109103 ], [ -94.257782585123195, 47.0198500951089 ] ] } },
{ "type": "Feature", "properties": { "wmUplineSo": "LONGVILLE", "wmType": "Overhead" }, "geometry": { "type": "LineString", "coordinates": [ [ -94.257782585123195, 47.0198500951089 ], [ -94.257821145034299, 47.018827715042903 ] ] } },
{ "type": "Feature", "properties": { "wmUplineSo": "LONGVILLE", "wmType": "Overhead" }, "geometry": { "type": "LineString", "coordinates": [ [ -94.231217152679804, 47.005626759024302 ], [ -94.230744691677501, 47.005309958934497 ] ] } },
{ "type": "Feature", "properties": { "wmUplineSo": "LONGVILLE", "wmType": "Overhead" }, "geometry": { "type": "LineString", "coordinates": [ [ -94.233162691068898, 47.006259965771598 ], [ -94.233071192721297, 47.005653765106402 ] ] } },
{ "type": "Feature", "properties": { "wmUplineSo": "LONGVILLE", "wmType": "Overhead" }, "geometry": { "type": "LineString", "coordinates": [ [ -94.232867762987993, 47.004652969743297 ], [ -94.2321078128479, 47.0033619718712 ] ] } },
{ "type": "Feature", "properties": { "wmUplineSo": "LONGVILLE", "wmType": "Overhead" }, "geometry": { "type": "LineString", "coordinates": [ [ -94.233920622780701, 47.007931961955698 ], [ -94.233732800149298, 47.007579677829298 ] ] } },
{ "type": "Feature", "properties": { "wmUplineSo": "LONGVILLE", "wmType": "Overhead" }, "geometry": { "type": "LineString", "coordinates": [ [ -94.234422547919294, 47.009662957663302 ], [ -94.234209587163406, 47.008787960311103 ] ] } },
{ "type": "Feature", "properties": { "wmUplineSo": "LONGVILLE", "wmType": "Overhead" }, "geometry": { "type": "LineString", "coordinates": [ [ -94.246929326440807, 47.0191179683504 ], [ -94.246009344180905, 47.018389967846197 ] ] } },
{ "type": "Feature", "properties": { "wmUplineSo": "LONGVILLE", "wmType": "Overhead" }, "geometry": { "type": "LineString", "coordinates": [ [ -94.245120355709702, 47.017811966265498 ], [ -94.244164369983395, 47.017117965678104 ] ] } },
{ "type": "Feature", "properties": { "wmUplineSo": "LONGVILLE", "wmType": "Overhead" }, "geometry": { "type": "LineString", "coordinates": [ [ -94.244164369983395, 47.017117965678104 ], [ -94.243525378726304, 47.016701965112503 ] ] } },
{ "type": "Feature", "properties": { "wmUplineSo": "LONGVILLE", "wmType": "Overhead" }, "geometry": { "type": "LineString", "coordinates": [ [ -94.243525378726304, 47.016701965112503 ], [ -94.242709396785699, 47.016024964785601 ] ] } },
{ "type": "Feature", "properties": { "wmUplineSo": "LONGVILLE", "wmType": "Overhead" }, "geometry": { "type": "LineString", "coordinates": [ [ -94.242709396785699, 47.016024964785601 ], [ -94.241869406778306, 47.015506963651802 ] ] } },
{ "type": "Feature", "properties": { "wmUplineSo": "LONGVILLE", "wmType": "Overhead" }, "geometry": { "type": "LineString", "coordinates": [ [ -94.241869406778306, 47.015506963651802 ], [ -94.241309416279805, 47.015057963050097 ] ] } },
{ "type": "Feature", "properties": { "wmUplineSo": "LONGVILLE", "wmType": "Overhead" }, "geometry": { "type": "LineString", "coordinates": [ [ -94.241309416279805, 47.015057963050097 ], [ -94.240483154520703, 47.014488711591099 ] ] } },
{ "type": "Feature", "properties": { "wmUplineSo": "LONGVILLE", "wmType": "Overhead" }, "geometry": { "type": "LineString", "coordinates": [ [ -94.240483154520703, 47.014488711591099 ], [ -94.239877149503002, 47.0140437354722 ], [ -94.239877149503002, 47.0140437354722 ] ] } },
{ "type": "Feature", "properties": { "wmUplineSo": "LONGVILLE", "wmType": "Overhead" }, "geometry": { "type": "LineString", "coordinates": [ [ -94.239877149503002, 47.0140437354722 ], [ -94.238842452182297, 47.013367960298297 ] ] } },
{ "type": "Feature", "properties": { "wmUplineSo": "LONGVILLE", "wmType": "Overhead" }, "geometry": { "type": "LineString", "coordinates": [ [ -94.238842452182297, 47.013367960298297 ], [ -94.238102318416395, 47.012805545456601 ] ] } },
{ "type": "Feature", "properties": { "wmUplineSo": "LONGVILLE", "wmType": "Overhead" }, "geometry": { "type": "LineString", "coordinates": [ [ -94.250767295672702, 47.021392979121003 ], [ -94.250180286992205, 47.021206971715301 ] ] } },
{ "type": "Feature", "properties": { "wmUplineSo": "LONGVILLE", "wmType": "Overhead" }, "geometry": { "type": "LineString", "coordinates": [ [ -94.250180286992205, 47.021206971715301 ], [ -94.249082296222298, 47.020576970652399 ] ] } },
{ "type": "Feature", "properties": { "wmUplineSo": "LONGVILLE", "wmType": "Overhead" }, "geometry": { "type": "LineString", "coordinates": [ [ -94.249082296222298, 47.020576970652399 ], [ -94.248112312154305, 47.019871969703502 ] ] } },
{ "type": "Feature", "properties": { "wmUplineSo": "LONGVILLE", "wmType": "Overhead" }, "geometry": { "type": "LineString", "coordinates": [ [ -94.255154526434097, 47.039866970724297 ], [ -94.255074559894396, 47.039111972837503 ] ] } },
{ "type": "Feature", "properties": { "wmUplineSo": "LONGVILLE", "wmType": "Overhead" }, "geometry": { "type": "LineString", "coordinates": [ [ -94.255074559894396, 47.039111972837503 ], [ -94.255111570428895, 47.038912975138302 ] ] } },
{ "type": "Feature", "properties": { "wmUplineSo": "LONGVILLE", "wmType": "Overhead" }, "geometry": { "type": "LineString", "coordinates": [ [ -94.255111570428895, 47.038912975138302 ], [ -94.253454576055702, 47.037796954619303 ] ] } },
{ "type": "Feature", "properties": { "wmUplineSo": "LONGVILLE", "wmType": "Overhead" }, "geometry": { "type": "LineString", "coordinates": [ [ -94.253454576055702, 47.037796954619303 ], [ -94.252386574045502, 47.037202941107701 ] ] } },
{ "type": "Feature", "properties": { "wmUplineSo": "LONGVILLE", "wmType": "Overhead" }, "geometry": { "type": "LineString", "coordinates": [ [ -94.252386574045502, 47.037202941107701 ], [ -94.251553585615099, 47.036447931285203 ] ] } },
{ "type": "Feature", "properties": { "wmUplineSo": "LONGVILLE", "wmType": "Overhead" }, "geometry": { "type": "LineString", "coordinates": [ [ -94.251553585615099, 47.036447931285203 ], [ -94.251143613053799, 47.035592928241797 ] ] } },
{ "type": "Feature", "properties": { "wmUplineSo": "LONGVILLE", "wmType": "Overhead" }, "geometry": { "type": "LineString", "coordinates": [ [ -94.251143613053799, 47.035592928241797 ], [ -94.250691644044693, 47.034692924808397 ] ] } },
{ "type": "Feature", "properties": { "wmUplineSo": "LONGVILLE", "wmType": "Overhead" }, "geometry": { "type": "LineString", "coordinates": [ [ -94.250691644044693, 47.034692924808397 ], [ -94.250393678634396, 47.033796924799702 ] ] } },
{ "type": "Feature", "properties": { "wmUplineSo": "LONGVILLE", "wmType": "Overhead" }, "geometry": { "type": "LineString", "coordinates": [ [ -94.250393678634396, 47.033796924799702 ], [ -94.250008713696701, 47.032887924690101 ] ] } },
{ "type": "Feature", "properties": { "wmUplineSo": "LONGVILLE", "wmType": "Overhead" }, "geometry": { "type": "LineString", "coordinates": [ [ -94.250008713696701, 47.032887924690101 ], [ -94.249593742348495, 47.032122926263597 ] ] } },
{ "type": "Feature", "properties": { "wmUplineSo": "LONGVILLE", "wmType": "Overhead" }, "geometry": { "type": "LineString", "coordinates": [ [ -94.255510579343294, 47.04482402304 ], [ -94.255368333895206, 47.043922957099397 ] ] } },
{ "type": "Feature", "properties": { "wmUplineSo": "LONGVILLE", "wmType": "Overhead" }, "geometry": { "type": "LineString", "coordinates": [ [ -94.255368333895206, 47.043922957099397 ], [ -94.255136373820093, 47.042961957522103 ] ] } },
{ "type": "Feature", "properties": { "wmUplineSo": "LONGVILLE", "wmType": "Overhead" }, "geometry": { "type": "LineString", "coordinates": [ [ -94.255136373820093, 47.042961957522103 ], [ -94.254951411050698, 47.042086958386001 ] ] } },
{ "type": "Feature", "properties": { "wmUplineSo": "LONGVILLE", "wmType": "Overhead" }, "geometry": { "type": "LineString", "coordinates": [ [ -94.254951411050698, 47.042086958386001 ], [ -94.254684437407306, 47.041384957206603 ] ] } },
{ "type": "Feature", "properties": { "wmUplineSo": "LONGVILLE", "wmType": "Overhead" }, "geometry": { "type": "LineString", "coordinates": [ [ -94.254684437407306, 47.041384957206603 ], [ -94.255094486450901, 47.040641966540903 ] ] } },
{ "type": "Feature", "properties": { "wmUplineSo": "LONGVILLE", "wmType": "Overhead" }, "geometry": { "type": "LineString", "coordinates": [ [ -94.257826053696206, 47.051164962106398 ], [ -94.257728094741793, 47.050296964453203 ] ] } },
{ "type": "Feature", "properties": { "wmUplineSo": "LONGVILLE", "wmType": "Overhead" }, "geometry": { "type": "LineString", "coordinates": [ [ -94.257728094741793, 47.050296964453203 ], [ -94.257774133003807, 47.049519968153596 ] ] } },
{ "type": "Feature", "properties": { "wmUplineSo": "LONGVILLE", "wmType": "Overhead" }, "geometry": { "type": "LineString", "coordinates": [ [ -94.257774133003807, 47.049519968153596 ], [ -94.256603142519197, 47.048607954793802 ] ] } },
{ "type": "Feature", "properties": { "wmUplineSo": "LONGVILLE", "wmType": "Overhead" }, "geometry": { "type": "LineString", "coordinates": [ [ -94.256603142519197, 47.048607954793802 ], [ -94.256462, 47.048113999999899 ] ] } },
{ "type": "Feature", "properties": { "wmUplineSo": "LONGVILLE", "wmType": "Overhead" }, "geometry": { "type": "LineString", "coordinates": [ [ -94.256462, 47.048113999999899 ], [ -94.2563331977357, 47.047289956738602 ] ] } },
{ "type": "Feature", "properties": { "wmUplineSo": "LONGVILLE", "wmType": "Overhead" }, "geometry": { "type": "LineString", "coordinates": [ [ -94.2563331977357, 47.047289956738602 ], [ -94.256148223085205, 47.0466979566718 ] ] } },
{ "type": "Feature", "properties": { "wmUplineSo": "LONGVILLE", "wmType": "Overhead" }, "geometry": { "type": "LineString", "coordinates": [ [ -94.259284042705701, 47.052294977069401 ], [ -94.258696054862796, 47.051701971219302 ] ] } },
{ "type": "Feature", "properties": { "wmUplineSo": "LONGVILLE", "wmType": "Overhead" }, "geometry": { "type": "LineString", "coordinates": [ [ -94.154037400000405, 47.038491300008801 ], [ -94.154060100000393, 47.038420300008802 ] ] } },
{ "type": "Feature", "properties": { "wmUplineSo": "LONGVILLE", "wmType": "Overhead" }, "geometry": { "type": "LineString", "coordinates": [ [ -94.083222682851201, 47.042659093599198 ], [ -94.081752025761901, 47.0426182342582 ] ] } },
{ "type": "Feature", "properties": { "wmUplineSo": "LONGVILLE", "wmType": "Overhead" }, "geometry": { "type": "LineString", "coordinates": [ [ -94.081752025761901, 47.0426182342582 ], [ -94.080419942378398, 47.042596347836302 ] ] } },
{ "type": "Feature", "properties": { "wmUplineSo": "LONGVILLE", "wmType": "Overhead" }, "geometry": { "type": "LineString", "coordinates": [ [ -94.235691006443403, 47.011153875257101 ], [ -94.235097371479497, 47.010446077776699 ] ] } },
{ "type": "Feature", "properties": { "wmUplineSo": "LONGVILLE", "wmType": "Overhead" }, "geometry": { "type": "LineString", "coordinates": [ [ -94.094691602354104, 47.034984404171901 ], [ -94.0954668870679, 47.034564323543897 ] ] } },
{ "type": "Feature", "properties": { "wmUplineSo": "LONGVILLE", "wmType": "Overhead" }, "geometry": { "type": "LineString", "coordinates": [ [ -94.256124000076994, 47.045741003572303 ], [ -94.256117609851501, 47.045726031830398 ] ] } },
{ "type": "Feature", "properties": { "wmUplineSo": "LONGVILLE", "wmType": "Overhead" }, "geometry": { "type": "LineString", "coordinates": [ [ -94.215025000074206, 47.031890003568599 ], [ -94.215027000074201, 47.0319260035686 ] ] } },
{ "type": "Feature", "properties": { "wmUplineSo": "LONGVILLE", "wmType": "Overhead" }, "geometry": { "type": "LineString", "coordinates": [ [ -94.215027000074201, 47.0319260035686 ], [ -94.215031000074205, 47.031967003568603 ] ] } },
{ "type": "Feature", "properties": { "wmUplineSo": "LONGVILLE", "wmType": "Overhead" }, "geometry": { "type": "LineString", "coordinates": [ [ -94.215031000074205, 47.031967003568603 ], [ -94.215036000074207, 47.032011003568499 ] ] } },
{ "type": "Feature", "properties": { "wmUplineSo": "LONGVILLE", "wmType": "Overhead" }, "geometry": { "type": "LineString", "coordinates": [ [ -94.239941, 47.052934999999898 ], [ -94.240787, 47.052944 ] ] } },
{ "type": "Feature", "properties": { "wmUplineSo": "LONGVILLE", "wmType": "Overhead" }, "geometry": { "type": "LineString", "coordinates": [ [ -94.209683644871106, 46.992734465383201 ], [ -94.209674754577804, 46.992732040331298 ] ] } },
{ "type": "Feature", "properties": { "wmUplineSo": "LONGVILLE", "wmType": "Overhead" }, "geometry": { "type": "LineString", "coordinates": [ [ -94.215227633060394, 47.036883047927802 ], [ -94.214468, 47.036940000000101 ] ] } },
{ "type": "Feature", "properties": { "wmUplineSo": "LONGVILLE", "wmType": "Overhead" }, "geometry": { "type": "LineString", "coordinates": [ [ -94.232437180266302, 47.005640763983301 ], [ -94.231217152679804, 47.005626759024302 ] ] } },
{ "type": "Feature", "properties": { "wmUplineSo": "LONGVILLE", "wmType": "Overhead" }, "geometry": { "type": "LineString", "coordinates": [ [ -94.079427918668202, 47.042659345236203 ], [ -94.079372136104297, 47.042602362523802 ] ] } },
{ "type": "Feature", "properties": { "wmUplineSo": "LONGVILLE", "wmType": "Overhead" }, "geometry": { "type": "LineString", "coordinates": [ [ -94.183098399364297, 47.033237700439898 ], [ -94.183018241512102, 47.033196500763999 ] ] } },
{ "type": "Feature", "properties": { "wmUplineSo": "LONGVILLE", "wmType": "Overhead" }, "geometry": { "type": "LineString", "coordinates": [ [ -94.223680443160802, 47.075577059185001 ], [ -94.223600817528904, 47.075618793688101 ] ] } },
{ "type": "Feature", "properties": { "wmUplineSo": "LONGVILLE", "wmType": "Overhead" }, "geometry": { "type": "LineString", "coordinates": [ [ -94.183098399364297, 47.033237700439898 ], [ -94.1831542814421, 47.033294631801901 ] ] } },
{ "type": "Feature", "properties": { "wmUplineSo": "LONGVILLE", "wmType": "Overhead" }, "geometry": { "type": "LineString", "coordinates": [ [ -94.209413445280504, 46.997504422653897 ], [ -94.209705, 46.998017 ] ] } },
{ "type": "Feature", "properties": { "wmUplineSo": "LONGVILLE", "wmType": "Overhead" }, "geometry": { "type": "LineString", "coordinates": [ [ -94.26034, 47.053433 ], [ -94.259744032590504, 47.052776981525803 ] ] } },
{ "type": "Feature", "properties": { "wmUplineSo": "LONGVILLE", "wmType": "Overhead" }, "geometry": { "type": "LineString", "coordinates": [ [ -94.225488424341194, 47.054421548125703 ], [ -94.225405145657604, 47.054390196684402 ] ] } },
{ "type": "Feature", "properties": { "wmUplineSo": "LONGVILLE", "wmType": "Overhead" }, "geometry": { "type": "LineString", "coordinates": [ [ -94.206943, 46.997274 ], [ -94.206948034976804, 46.997235994288502 ] ] } },
{ "type": "Feature", "properties": { "wmUplineSo": "LONGVILLE", "wmType": "Overhead" }, "geometry": { "type": "LineString", "coordinates": [ [ -94.112182857253401, 47.096589351315501 ], [ -94.112668392351296, 47.096772291002701 ] ] } },
{ "type": "Feature", "properties": { "wmUplineSo": "LONGVILLE", "wmType": "Overhead" }, "geometry": { "type": "LineString", "coordinates": [ [ -94.205583492074197, 47.060161793075501 ], [ -94.205624657403206, 47.060258401426701 ] ] } },
{ "type": "Feature", "properties": { "wmUplineSo": "LONGVILLE", "wmType": "Overhead" }, "geometry": { "type": "LineString", "coordinates": [ [ -94.161528636546606, 47.038403086408898 ], [ -94.161546825729999, 47.038388757846903 ], [ -94.1622724819848, 47.037817112257699 ] ] } },
{ "type": "Feature", "properties": { "wmUplineSo": "LONGVILLE", "wmType": "Overhead" }, "geometry": { "type": "LineString", "coordinates": [ [ -94.113645851664401, 47.097321354256003 ], [ -94.114052613872303, 47.097102513111203 ] ] } },
{ "type": "Feature", "properties": { "wmUplineSo": "LONGVILLE", "wmType": "Overhead" }, "geometry": { "type": "LineString", "coordinates": [ [ -94.191646982324897, 47.0168319477634 ], [ -94.191646687350897, 47.016833841510902 ] ] } },
{ "type": "Feature", "properties": { "wmUplineSo": "LONGVILLE", "wmType": "Overhead" }, "geometry": { "type": "LineString", "coordinates": [ [ -94.210848320356703, 46.9902248390488 ], [ -94.209577000073395, 46.990066003557097 ] ] } },
{ "type": "Feature", "properties": { "wmUplineSo": "LONGVILLE", "wmType": "Overhead" }, "geometry": { "type": "LineString", "coordinates": [ [ -94.204593174782005, 46.998777032342502 ], [ -94.204640428546895, 46.998716568914098 ] ] } },
{ "type": "Feature", "properties": { "wmUplineSo": "LONGVILLE", "wmType": "Overhead" }, "geometry": { "type": "LineString", "coordinates": [ [ -94.240787, 47.052944 ], [ -94.242011, 47.052958000000103 ] ] } },
{ "type": "Feature", "properties": { "wmUplineSo": "LONGVILLE", "wmType": "Overhead" }, "geometry": { "type": "LineString", "coordinates": [ [ -94.242011, 47.052958000000103 ], [ -94.243132, 47.052971 ] ] } },
{ "type": "Feature", "properties": { "wmUplineSo": "LONGVILLE", "wmType": "Overhead" }, "geometry": { "type": "LineString", "coordinates": [ [ -94.243132, 47.052971 ], [ -94.24427, 47.052982 ] ] } },
{ "type": "Feature", "properties": { "wmUplineSo": "LONGVILLE", "wmType": "Overhead" }, "geometry": { "type": "LineString", "coordinates": [ [ -94.204231, 47.003577 ], [ -94.203905, 47.003578 ] ] } },
{ "type": "Feature", "properties": { "wmUplineSo": "LONGVILLE", "wmType": "Overhead" }, "geometry": { "type": "LineString", "coordinates": [ [ -94.181434295639093, 47.023896505400103 ], [ -94.181107000000395, 47.023847100008801 ] ] } },
{ "type": "Feature", "properties": { "wmUplineSo": "LONGVILLE", "wmType": "Overhead" }, "geometry": { "type": "LineString", "coordinates": [ [ -94.083824563060602, 47.088938603936199 ], [ -94.083086892540393, 47.088838492401997 ] ] } },
{ "type": "Feature", "properties": { "wmUplineSo": "LONGVILLE", "wmType": "Overhead" }, "geometry": { "type": "LineString", "coordinates": [ [ -94.204587278959394, 47.003521865527397 ], [ -94.204231, 47.003577 ] ] } },
{ "type": "Feature", "properties": { "wmUplineSo": "LONGVILLE", "wmType": "Overhead" }, "geometry": { "type": "LineString", "coordinates": [ [ -94.209577000073395, 46.990066003557097 ], [ -94.209456000073502, 46.990345003557202 ] ] } },
{ "type": "Feature", "properties": { "wmUplineSo": "LONGVILLE", "wmType": "Overhead" }, "geometry": { "type": "LineString", "coordinates": [ [ -94.203905, 47.003578 ], [ -94.2032339851975, 47.003517797565799 ] ] } },
{ "type": "Feature", "properties": { "wmUplineSo": "LONGVILLE", "wmType": "Overhead" }, "geometry": { "type": "LineString", "coordinates": [ [ -94.154052573147297, 47.038594590759701 ], [ -94.154250600000395, 47.038156400008802 ] ] } },
{ "type": "Feature", "properties": { "wmUplineSo": "LONGVILLE", "wmType": "Overhead" }, "geometry": { "type": "LineString", "coordinates": [ [ -94.24427, 47.052982 ], [ -94.2454864288556, 47.053000696046198 ] ] } },
{ "type": "Feature", "properties": { "wmUplineSo": "LONGVILLE", "wmType": "Overhead" }, "geometry": { "type": "LineString", "coordinates": [ [ -94.181005315157506, 47.0253637227556 ], [ -94.180640000000395, 47.0252990000088 ] ] } },
{ "type": "Feature", "properties": { "wmUplineSo": "LONGVILLE", "wmType": "Overhead" }, "geometry": { "type": "LineString", "coordinates": [ [ -94.077155956946797, 47.080751292160102 ], [ -94.076986000065801, 47.081380003582403 ] ] } },
{ "type": "Feature", "properties": { "wmUplineSo": "LONGVILLE", "wmType": "Overhead" }, "geometry": { "type": "LineString", "coordinates": [ [ -94.186581545359601, 47.020204755292397 ], [ -94.186077900000399, 47.020350100008798 ] ] } },
{ "type": "Feature", "properties": { "wmUplineSo": "LONGVILLE", "wmType": "Overhead" }, "geometry": { "type": "LineString", "coordinates": [ [ -94.186581545359601, 47.020204755292397 ], [ -94.186403600000403, 47.020149400008798 ] ] } },
{ "type": "Feature", "properties": { "wmUplineSo": "LONGVILLE", "wmType": "Overhead" }, "geometry": { "type": "LineString", "coordinates": [ [ -94.231217152679804, 47.005626759024302 ], [ -94.231296669271401, 47.005585019752999 ] ] } },
{ "type": "Feature", "properties": { "wmUplineSo": "LONGVILLE", "wmType": "Overhead" }, "geometry": { "type": "LineString", "coordinates": [ [ -94.256148223085205, 47.0466979566718 ], [ -94.255788000077004, 47.045807003572399 ] ] } },
{ "type": "Feature", "properties": { "wmUplineSo": "LONGVILLE", "wmType": "Overhead" }, "geometry": { "type": "LineString", "coordinates": [ [ -94.083318100488896, 47.080346307644703 ], [ -94.083303499892693, 47.081072132347998 ] ] } },
{ "type": "Feature", "properties": { "wmUplineSo": "LONGVILLE", "wmType": "Overhead" }, "geometry": { "type": "LineString", "coordinates": [ [ -94.2454864288556, 47.053000696046198 ], [ -94.246147, 47.053013 ] ] } },
{ "type": "Feature", "properties": { "wmUplineSo": "LONGVILLE", "wmType": "Overhead" }, "geometry": { "type": "LineString", "coordinates": [ [ -94.158545, 47.03828 ], [ -94.158534, 47.038065 ] ] } },
{ "type": "Feature", "properties": { "wmUplineSo": "LONGVILLE", "wmType": "Overhead" }, "geometry": { "type": "LineString", "coordinates": [ [ -94.176903776777493, 47.028508374147499 ], [ -94.176979301952997, 47.028252361230301 ] ] } },
{ "type": "Feature", "properties": { "wmUplineSo": "LONGVILLE", "wmType": "Overhead" }, "geometry": { "type": "LineString", "coordinates": [ [ -94.1622724819848, 47.037817112257699 ], [ -94.162040193340104, 47.037584533316199 ] ] } },
{ "type": "Feature", "properties": { "wmUplineSo": "LONGVILLE", "wmType": "Overhead" }, "geometry": { "type": "LineString", "coordinates": [ [ -94.237163828051493, 47.012139055776501 ], [ -94.236569355976499, 47.011752390523498 ] ] } },
{ "type": "Feature", "properties": { "wmUplineSo": "LONGVILLE", "wmType": "Overhead" }, "geometry": { "type": "LineString", "coordinates": [ [ -94.246147, 47.053013 ], [ -94.247377, 47.053077 ] ] } },
{ "type": "Feature", "properties": { "wmUplineSo": "LONGVILLE", "wmType": "Overhead" }, "geometry": { "type": "LineString", "coordinates": [ [ -94.202474054643105, 47.007259846515602 ], [ -94.202492900000493, 47.007317100008798 ] ] } },
{ "type": "Feature", "properties": { "wmUplineSo": "LONGVILLE", "wmType": "Overhead" }, "geometry": { "type": "LineString", "coordinates": [ [ -94.202497081571707, 47.006706848288601 ], [ -94.202029100000502, 47.006634700008803 ] ] } },
{ "type": "Feature", "properties": { "wmUplineSo": "LONGVILLE", "wmType": "Overhead" }, "geometry": { "type": "LineString", "coordinates": [ [ -94.202854148597496, 47.005482853187303 ], [ -94.202582500000503, 47.005329300008803 ] ] } },
{ "type": "Feature", "properties": { "wmUplineSo": "LONGVILLE", "wmType": "Overhead" }, "geometry": { "type": "LineString", "coordinates": [ [ -94.202854148597496, 47.005482853187303 ], [ -94.202158100000503, 47.005665200008799 ] ] } },
{ "type": "Feature", "properties": { "wmUplineSo": "LONGVILLE", "wmType": "Overhead" }, "geometry": { "type": "LineString", "coordinates": [ [ -94.203002, 47.004246 ], [ -94.202378100000502, 47.0043896000088 ] ] } },
{ "type": "Feature", "properties": { "wmUplineSo": "LONGVILLE", "wmType": "Overhead" }, "geometry": { "type": "LineString", "coordinates": [ [ -94.203002, 47.004246 ], [ -94.202492700000505, 47.004062900008698 ] ] } },
{ "type": "Feature", "properties": { "wmUplineSo": "LONGVILLE", "wmType": "Overhead" }, "geometry": { "type": "LineString", "coordinates": [ [ -94.2029461943131, 47.004804484865097 ], [ -94.202213600000405, 47.005003800008801 ] ] } },
{ "type": "Feature", "properties": { "wmUplineSo": "LONGVILLE", "wmType": "Overhead" }, "geometry": { "type": "LineString", "coordinates": [ [ -94.2029461943131, 47.004804484865097 ], [ -94.202437800000496, 47.004854200008701 ] ] } },
{ "type": "Feature", "properties": { "wmUplineSo": "LONGVILLE", "wmType": "Overhead" }, "geometry": { "type": "LineString", "coordinates": [ [ -94.2029461943131, 47.004804484865097 ], [ -94.2023676000005, 47.004430800008699 ] ] } },
{ "type": "Feature", "properties": { "wmUplineSo": "LONGVILLE", "wmType": "Overhead" }, "geometry": { "type": "LineString", "coordinates": [ [ -94.203002, 47.004246 ], [ -94.202638000000505, 47.003823700008802 ] ] } },
{ "type": "Feature", "properties": { "wmUplineSo": "LONGVILLE", "wmType": "Overhead" }, "geometry": { "type": "LineString", "coordinates": [ [ -94.203975, 47.004332 ], [ -94.2039455437843, 47.004359856395197 ] ] } },
{ "type": "Feature", "properties": { "wmUplineSo": "LONGVILLE", "wmType": "Overhead" }, "geometry": { "type": "LineString", "coordinates": [ [ -94.2032339851975, 47.003517797565799 ], [ -94.203541300000495, 47.003636200008799 ] ] } },
{ "type": "Feature", "properties": { "wmUplineSo": "LONGVILLE", "wmType": "Overhead" }, "geometry": { "type": "LineString", "coordinates": [ [ -94.204587278959394, 47.003521865527397 ], [ -94.204791000000498, 47.003494100008801 ] ] } },
{ "type": "Feature", "properties": { "wmUplineSo": "LONGVILLE", "wmType": "Overhead" }, "geometry": { "type": "LineString", "coordinates": [ [ -94.205324295086697, 47.003472869176903 ], [ -94.205176500000505, 47.003577700008798 ] ] } },
{ "type": "Feature", "properties": { "wmUplineSo": "LONGVILLE", "wmType": "Overhead" }, "geometry": { "type": "LineString", "coordinates": [ [ -94.209258109789303, 46.996938573158502 ], [ -94.209515100000502, 46.996369900008702 ] ] } },
{ "type": "Feature", "properties": { "wmUplineSo": "LONGVILLE", "wmType": "Overhead" }, "geometry": { "type": "LineString", "coordinates": [ [ -94.210883945682696, 46.989121597796697 ], [ -94.210912600000498, 46.989109800008698 ] ] } },
{ "type": "Feature", "properties": { "wmUplineSo": "LONGVILLE", "wmType": "Overhead" }, "geometry": { "type": "LineString", "coordinates": [ [ -94.234122498265293, 47.010552953858699 ], [ -94.234161800000507, 47.010636000008802 ] ] } },
{ "type": "Feature", "properties": { "wmUplineSo": "LONGVILLE", "wmType": "Overhead" }, "geometry": { "type": "LineString", "coordinates": [ [ -94.234209587163406, 47.008787960311103 ], [ -94.234229300000493, 47.008901600008798 ] ] } },
{ "type": "Feature", "properties": { "wmUplineSo": "LONGVILLE", "wmType": "Overhead" }, "geometry": { "type": "LineString", "coordinates": [ [ -94.2330408355771, 47.003229975742101 ], [ -94.233041144782803, 47.003227492914398 ], [ -94.233049600000498, 47.003159600008701 ] ] } },
{ "type": "Feature", "properties": { "wmUplineSo": "LONGVILLE", "wmType": "Overhead" }, "geometry": { "type": "LineString", "coordinates": [ [ -94.258372863576199, 47.055402951462 ], [ -94.258536900000493, 47.055620400008799 ] ] } },
{ "type": "Feature", "properties": { "wmUplineSo": "LONGVILLE", "wmType": "Overhead" }, "geometry": { "type": "LineString", "coordinates": [ [ -94.26034, 47.053433 ], [ -94.260248700000602, 47.052837400008798 ] ] } },
{ "type": "Feature", "properties": { "wmUplineSo": "LONGVILLE", "wmType": "Overhead" }, "geometry": { "type": "LineString", "coordinates": [ [ -94.256148223085205, 47.0466979566718 ], [ -94.256462100000505, 47.0465999000088 ] ] } },
{ "type": "Feature", "properties": { "wmUplineSo": "LONGVILLE", "wmType": "Overhead" }, "geometry": { "type": "LineString", "coordinates": [ [ -94.249593742348495, 47.032122926263597 ], [ -94.248739600000505, 47.032248900008803 ] ] } },
{ "type": "Feature", "properties": { "wmUplineSo": "LONGVILLE", "wmType": "Overhead" }, "geometry": { "type": "LineString", "coordinates": [ [ -94.248984560455, 47.015119991601999 ], [ -94.248988300000505, 47.015216300008802 ] ] } },
{ "type": "Feature", "properties": { "wmUplineSo": "LONGVILLE", "wmType": "Overhead" }, "geometry": { "type": "LineString", "coordinates": [ [ -94.249095621855503, 47.013907996537 ], [ -94.249155600000506, 47.014021000008803 ] ] } },
{ "type": "Feature", "properties": { "wmUplineSo": "LONGVILLE", "wmType": "Overhead" }, "geometry": { "type": "LineString", "coordinates": [ [ -94.247577319541307, 47.019504968790798 ], [ -94.247221500000506, 47.019919400008803 ] ] } },
{ "type": "Feature", "properties": { "wmUplineSo": "LONGVILLE", "wmType": "Overhead" }, "geometry": { "type": "LineString", "coordinates": [ [ -94.2482553774732, 47.059581813989503 ], [ -94.248552700000502, 47.059630500008801 ] ] } },
{ "type": "Feature", "properties": { "wmUplineSo": "LONGVILLE", "wmType": "Overhead" }, "geometry": { "type": "LineString", "coordinates": [ [ -94.244363031442106, 47.065077781168597 ], [ -94.244873300000506, 47.0654887000088 ] ] } },
{ "type": "Feature", "properties": { "wmUplineSo": "LONGVILLE", "wmType": "Overhead" }, "geometry": { "type": "LineString", "coordinates": [ [ -94.2507680640107, 47.0671117970656 ], [ -94.250460700000602, 47.066984600008801 ] ] } },
{ "type": "Feature", "properties": { "wmUplineSo": "LONGVILLE", "wmType": "Overhead" }, "geometry": { "type": "LineString", "coordinates": [ [ -94.254507150455694, 47.067626845230102 ], [ -94.254528000000505, 47.067385600008798 ] ] } },
{ "type": "Feature", "properties": { "wmUplineSo": "LONGVILLE", "wmType": "Overhead" }, "geometry": { "type": "LineString", "coordinates": [ [ -94.269673470817494, 47.070245037711601 ], [ -94.269639900000598, 47.070267900008801 ] ] } },
{ "type": "Feature", "properties": { "wmUplineSo": "LONGVILLE", "wmType": "Overhead" }, "geometry": { "type": "LineString", "coordinates": [ [ -94.272888286280306, 47.075965052363699 ], [ -94.273491000000604, 47.075706300008903 ] ] } },
{ "type": "Feature", "properties": { "wmUplineSo": "LONGVILLE", "wmType": "Overhead" }, "geometry": { "type": "LineString", "coordinates": [ [ -94.2725550116986, 47.081307020996 ], [ -94.271829457490696, 47.081592936216197 ] ] } },
{ "type": "Feature", "properties": { "wmUplineSo": "LONGVILLE", "wmType": "Overhead" }, "geometry": { "type": "LineString", "coordinates": [ [ -94.275276957609407, 47.084060041337999 ], [ -94.275159200000601, 47.084107700008801 ] ] } },
{ "type": "Feature", "properties": { "wmUplineSo": "LONGVILLE", "wmType": "Overhead" }, "geometry": { "type": "LineString", "coordinates": [ [ -94.275276957609407, 47.084060041337999 ], [ -94.276057900000595, 47.083728500008803 ] ] } },
{ "type": "Feature", "properties": { "wmUplineSo": "LONGVILLE", "wmType": "Overhead" }, "geometry": { "type": "LineString", "coordinates": [ [ -94.275913080801402, 47.081955059785898 ], [ -94.276051700000593, 47.081812300008799 ] ] } },
{ "type": "Feature", "properties": { "wmUplineSo": "LONGVILLE", "wmType": "Overhead" }, "geometry": { "type": "LineString", "coordinates": [ [ -94.243682649776403, 47.072616750594698 ], [ -94.243324800000494, 47.072823800008798 ] ] } },
{ "type": "Feature", "properties": { "wmUplineSo": "LONGVILLE", "wmType": "Overhead" }, "geometry": { "type": "LineString", "coordinates": [ [ -94.244363031442106, 47.065077781168597 ], [ -94.244387800000496, 47.065125500008797 ] ] } },
{ "type": "Feature", "properties": { "wmUplineSo": "LONGVILLE", "wmType": "Overhead" }, "geometry": { "type": "LineString", "coordinates": [ [ -94.227213217509203, 47.054421772131597 ], [ -94.227255300000493, 47.054439600008799 ] ] } },
{ "type": "Feature", "properties": { "wmUplineSo": "LONGVILLE", "wmType": "Overhead" }, "geometry": { "type": "LineString", "coordinates": [ [ -94.225860927071693, 47.0534956696672 ], [ -94.225137100000495, 47.053416600008802 ] ] } },
{ "type": "Feature", "properties": { "wmUplineSo": "LONGVILLE", "wmType": "Overhead" }, "geometry": { "type": "LineString", "coordinates": [ [ -94.225795787687204, 47.057220161723897 ], [ -94.225162000000495, 47.057204000008802 ] ] } },
{ "type": "Feature", "properties": { "wmUplineSo": "LONGVILLE", "wmType": "Overhead" }, "geometry": { "type": "LineString", "coordinates": [ [ -94.225802827588495, 47.056484730252201 ], [ -94.225474400000493, 47.055964300008803 ] ] } },
{ "type": "Feature", "properties": { "wmUplineSo": "LONGVILLE", "wmType": "Overhead" }, "geometry": { "type": "LineString", "coordinates": [ [ -94.226825178521906, 47.056045333260002 ], [ -94.227253800000497, 47.055742600008799 ] ] } },
{ "type": "Feature", "properties": { "wmUplineSo": "LONGVILLE", "wmType": "Overhead" }, "geometry": { "type": "LineString", "coordinates": [ [ -94.2218777719483, 47.0613577306883 ], [ -94.220615300000503, 47.0618996000088 ] ] } },
{ "type": "Feature", "properties": { "wmUplineSo": "LONGVILLE", "wmType": "Overhead" }, "geometry": { "type": "LineString", "coordinates": [ [ -94.221502772645294, 47.061204730115897 ], [ -94.221218100000499, 47.060833000008799 ] ] } },
{ "type": "Feature", "properties": { "wmUplineSo": "LONGVILLE", "wmType": "Overhead" }, "geometry": { "type": "LineString", "coordinates": [ [ -94.2231977912556, 47.061509734426402 ], [ -94.223104500000503, 47.061610100008799 ] ] } },
{ "type": "Feature", "properties": { "wmUplineSo": "LONGVILLE", "wmType": "Overhead" }, "geometry": { "type": "LineString", "coordinates": [ [ -94.220482498804301, 47.075525051770697 ], [ -94.220489300000494, 47.075519100008798 ] ] } },
{ "type": "Feature", "properties": { "wmUplineSo": "LONGVILLE", "wmType": "Overhead" }, "geometry": { "type": "LineString", "coordinates": [ [ -94.223235500000499, 47.069780600008798 ], [ -94.223108100000502, 47.070064600008799 ] ] } },
{ "type": "Feature", "properties": { "wmUplineSo": "LONGVILLE", "wmType": "Overhead" }, "geometry": { "type": "LineString", "coordinates": [ [ -94.222896435524106, 47.069621808722196 ], [ -94.223235500000499, 47.069780600008798 ] ] } },
{ "type": "Feature", "properties": { "wmUplineSo": "LONGVILLE", "wmType": "Overhead" }, "geometry": { "type": "LineString", "coordinates": [ [ -94.218693817691104, 47.038796799058602 ], [ -94.218826300000501, 47.038982800008803 ] ] } },
{ "type": "Feature", "properties": { "wmUplineSo": "LONGVILLE", "wmType": "Overhead" }, "geometry": { "type": "LineString", "coordinates": [ [ -94.214415444357499, 47.036942715628399 ], [ -94.213937900000502, 47.0369286000088 ] ] } },
{ "type": "Feature", "properties": { "wmUplineSo": "LONGVILLE", "wmType": "Overhead" }, "geometry": { "type": "LineString", "coordinates": [ [ -94.215232876695097, 47.0362027974546 ], [ -94.215611500000506, 47.036141300008801 ] ] } },
{ "type": "Feature", "properties": { "wmUplineSo": "LONGVILLE", "wmType": "Overhead" }, "geometry": { "type": "LineString", "coordinates": [ [ -94.204781238584303, 47.024706799796597 ], [ -94.2043084000005, 47.024490500008802 ] ] } },
{ "type": "Feature", "properties": { "wmUplineSo": "LONGVILLE", "wmType": "Overhead" }, "geometry": { "type": "LineString", "coordinates": [ [ -94.205764280855107, 47.024279804269298 ], [ -94.205737000000497, 47.024026200008798 ] ] } },
{ "type": "Feature", "properties": { "wmUplineSo": "LONGVILLE", "wmType": "Overhead" }, "geometry": { "type": "LineString", "coordinates": [ [ -94.205904000073502, 47.023542003566398 ], [ -94.205806304277303, 47.0235574204643 ] ] } },
{ "type": "Feature", "properties": { "wmUplineSo": "LONGVILLE", "wmType": "Overhead" }, "geometry": { "type": "LineString", "coordinates": [ [ -94.2057883436499, 47.022986808210099 ], [ -94.205749800000504, 47.023010600008803 ] ] } },
{ "type": "Feature", "properties": { "wmUplineSo": "LONGVILLE", "wmType": "Overhead" }, "geometry": { "type": "LineString", "coordinates": [ [ -94.207096365441402, 47.023047813003103 ], [ -94.207095100000501, 47.023104700008801 ] ] } },
{ "type": "Feature", "properties": { "wmUplineSo": "LONGVILLE", "wmType": "Overhead" }, "geometry": { "type": "LineString", "coordinates": [ [ -94.208304212186505, 47.022322585828398 ], [ -94.207715500000504, 47.022485900008803 ] ] } },
{ "type": "Feature", "properties": { "wmUplineSo": "LONGVILLE", "wmType": "Overhead" }, "geometry": { "type": "LineString", "coordinates": [ [ -94.214291841213907, 47.026899286201399 ], [ -94.214383293748796, 47.0273568239121 ] ] } },
{ "type": "Feature", "properties": { "wmUplineSo": "LONGVILLE", "wmType": "Overhead" }, "geometry": { "type": "LineString", "coordinates": [ [ -94.213311351515003, 47.025782825617 ], [ -94.213170723771299, 47.026054008919999 ] ] } },
{ "type": "Feature", "properties": { "wmUplineSo": "LONGVILLE", "wmType": "Overhead" }, "geometry": { "type": "LineString", "coordinates": [ [ -94.213311351515003, 47.025782825617 ], [ -94.213290100000506, 47.025755400008798 ] ] } },
{ "type": "Feature", "properties": { "wmUplineSo": "LONGVILLE", "wmType": "Overhead" }, "geometry": { "type": "LineString", "coordinates": [ [ -94.214212919046901, 47.020885831397003 ], [ -94.214595910000497, 47.0206442500088 ] ] } },
{ "type": "Feature", "properties": { "wmUplineSo": "LONGVILLE", "wmType": "Overhead" }, "geometry": { "type": "LineString", "coordinates": [ [ -94.215429677387903, 47.019989852976401 ], [ -94.215588950000495, 47.019696550008803 ] ] } },
{ "type": "Feature", "properties": { "wmUplineSo": "LONGVILLE", "wmType": "Overhead" }, "geometry": { "type": "LineString", "coordinates": [ [ -94.2085795501592, 47.0198798283785 ], [ -94.208468000000494, 47.0197337000088 ] ] } },
{ "type": "Feature", "properties": { "wmUplineSo": "LONGVILLE", "wmType": "Overhead" }, "geometry": { "type": "LineString", "coordinates": [ [ -94.213521337309402, 47.008848769325098 ], [ -94.213310400000495, 47.008947000008803 ] ] } },
{ "type": "Feature", "properties": { "wmUplineSo": "LONGVILLE", "wmType": "Overhead" }, "geometry": { "type": "LineString", "coordinates": [ [ -94.201047294275199, 47.001821857631597 ], [ -94.200964100000505, 47.001886600008802 ] ] } },
{ "type": "Feature", "properties": { "wmUplineSo": "LONGVILLE", "wmType": "Overhead" }, "geometry": { "type": "LineString", "coordinates": [ [ -94.201719328309693, 47.001377862175097 ], [ -94.201997400000494, 47.001449000008797 ] ] } },
{ "type": "Feature", "properties": { "wmUplineSo": "LONGVILLE", "wmType": "Overhead" }, "geometry": { "type": "LineString", "coordinates": [ [ -94.201719328309693, 47.001377862175097 ], [ -94.201534800000502, 47.001658800008798 ] ] } },
{ "type": "Feature", "properties": { "wmUplineSo": "LONGVILLE", "wmType": "Overhead" }, "geometry": { "type": "LineString", "coordinates": [ [ -94.198375274548596, 47.001177849073301 ], [ -94.198619300000502, 47.0014711000088 ] ] } },
{ "type": "Feature", "properties": { "wmUplineSo": "LONGVILLE", "wmType": "Overhead" }, "geometry": { "type": "LineString", "coordinates": [ [ -94.197375234267, 47.0016278439128 ], [ -94.197442900000496, 47.001687400008798 ] ] } },
{ "type": "Feature", "properties": { "wmUplineSo": "LONGVILLE", "wmType": "Overhead" }, "geometry": { "type": "LineString", "coordinates": [ [ -94.197375234267, 47.0016278439128 ], [ -94.197073100000495, 47.0018541000087 ] ] } },
{ "type": "Feature", "properties": { "wmUplineSo": "LONGVILLE", "wmType": "Overhead" }, "geometry": { "type": "LineString", "coordinates": [ [ -94.196655208940001, 47.001859839927398 ], [ -94.196921000000501, 47.001824000008703 ] ] } },
{ "type": "Feature", "properties": { "wmUplineSo": "LONGVILLE", "wmType": "Overhead" }, "geometry": { "type": "LineString", "coordinates": [ [ -94.196655208940001, 47.001859839927398 ], [ -94.196784300000502, 47.002271600008797 ] ] } },
{ "type": "Feature", "properties": { "wmUplineSo": "LONGVILLE", "wmType": "Overhead" }, "geometry": { "type": "LineString", "coordinates": [ [ -94.196655208940001, 47.001859839927398 ], [ -94.196784300000502, 47.002271600008797 ] ] } },
{ "type": "Feature", "properties": { "wmUplineSo": "LONGVILLE", "wmType": "Overhead" }, "geometry": { "type": "LineString", "coordinates": [ [ -94.196062186221894, 47.002086837718203 ], [ -94.196490100000503, 47.002406900008701 ] ] } },
{ "type": "Feature", "properties": { "wmUplineSo": "LONGVILLE", "wmType": "Overhead" }, "geometry": { "type": "LineString", "coordinates": [ [ -94.195139143889804, 47.002577832812797 ], [ -94.195448100000405, 47.003042900008801 ] ] } },
{ "type": "Feature", "properties": { "wmUplineSo": "LONGVILLE", "wmType": "Overhead" }, "geometry": { "type": "LineString", "coordinates": [ [ -94.195139143889804, 47.002577832812797 ], [ -94.195753600000501, 47.002699400008801 ] ] } },
{ "type": "Feature", "properties": { "wmUplineSo": "LONGVILLE", "wmType": "Overhead" }, "geometry": { "type": "LineString", "coordinates": [ [ -94.195139143889804, 47.002577832812797 ], [ -94.195448100000405, 47.003042900008801 ] ] } },
{ "type": "Feature", "properties": { "wmUplineSo": "LONGVILLE", "wmType": "Overhead" }, "geometry": { "type": "LineString", "coordinates": [ [ -94.194152290998602, 47.0032084509877 ], [ -94.194562700000503, 47.003428900008799 ] ] } },
{ "type": "Feature", "properties": { "wmUplineSo": "LONGVILLE", "wmType": "Overhead" }, "geometry": { "type": "LineString", "coordinates": [ [ -94.201719328309693, 47.001377862175097 ], [ -94.202110691153507, 47.001294642933303 ] ] } },
{ "type": "Feature", "properties": { "wmUplineSo": "LONGVILLE", "wmType": "Overhead" }, "geometry": { "type": "LineString", "coordinates": [ [ -94.202820835009604, 47.000426328488203 ], [ -94.203315300000497, 47.000364800008803 ] ] } },
{ "type": "Feature", "properties": { "wmUplineSo": "LONGVILLE", "wmType": "Overhead" }, "geometry": { "type": "LineString", "coordinates": [ [ -94.202737934728404, 47.000863411418401 ], [ -94.203073600000494, 47.000779600008798 ] ] } },
{ "type": "Feature", "properties": { "wmUplineSo": "LONGVILLE", "wmType": "Overhead" }, "geometry": { "type": "LineString", "coordinates": [ [ -94.202737934728404, 47.000863411418401 ], [ -94.202678000000503, 47.000959100008799 ] ] } },
{ "type": "Feature", "properties": { "wmUplineSo": "LONGVILLE", "wmType": "Overhead" }, "geometry": { "type": "LineString", "coordinates": [ [ -94.208163, 46.997106 ], [ -94.208477000000499, 46.997506900008801 ] ] } },
{ "type": "Feature", "properties": { "wmUplineSo": "LONGVILLE", "wmType": "Overhead" }, "geometry": { "type": "LineString", "coordinates": [ [ -94.208163, 46.997106 ], [ -94.2076696000005, 46.9967133000088 ] ] } },
{ "type": "Feature", "properties": { "wmUplineSo": "LONGVILLE", "wmType": "Overhead" }, "geometry": { "type": "LineString", "coordinates": [ [ -94.212224558774693, 47.000771904080203 ], [ -94.212195600000499, 47.0007579000088 ] ] } },
{ "type": "Feature", "properties": { "wmUplineSo": "LONGVILLE", "wmType": "Overhead" }, "geometry": { "type": "LineString", "coordinates": [ [ -94.212224558774693, 47.000771904080203 ], [ -94.212844000000501, 47.000395100008703 ] ] } },
{ "type": "Feature", "properties": { "wmUplineSo": "LONGVILLE", "wmType": "Overhead" }, "geometry": { "type": "LineString", "coordinates": [ [ -94.212409686285, 46.998152945394096 ], [ -94.213157500000506, 46.998402700008803 ] ] } },
{ "type": "Feature", "properties": { "wmUplineSo": "LONGVILLE", "wmType": "Overhead" }, "geometry": { "type": "LineString", "coordinates": [ [ -94.211820715413893, 46.997279962213099 ], [ -94.212196597840304, 46.996897701110399 ] ] } },
{ "type": "Feature", "properties": { "wmUplineSo": "LONGVILLE", "wmType": "Overhead" }, "geometry": { "type": "LineString", "coordinates": [ [ -94.083086892540393, 47.088838492401997 ], [ -94.082990802288194, 47.088858338911898 ] ] } },
{ "type": "Feature", "properties": { "wmUplineSo": "LONGVILLE", "wmType": "Overhead" }, "geometry": { "type": "LineString", "coordinates": [ [ -94.082635773870706, 47.0865572976424 ], [ -94.082504800000294, 47.086897200008899 ] ] } },
{ "type": "Feature", "properties": { "wmUplineSo": "LONGVILLE", "wmType": "Overhead" }, "geometry": { "type": "LineString", "coordinates": [ [ -94.082635773870706, 47.0865572976424 ], [ -94.0825133000004, 47.086455600008897 ] ] } },
{ "type": "Feature", "properties": { "wmUplineSo": "LONGVILLE", "wmType": "Overhead" }, "geometry": { "type": "LineString", "coordinates": [ [ -94.082648734803698, 47.087321297201299 ], [ -94.082644500000299, 47.087423000008897 ] ] } },
{ "type": "Feature", "properties": { "wmUplineSo": "LONGVILLE", "wmType": "Overhead" }, "geometry": { "type": "LineString", "coordinates": [ [ -94.082648734803698, 47.087321297201299 ], [ -94.082554900000304, 47.0873253000088 ] ] } },
{ "type": "Feature", "properties": { "wmUplineSo": "LONGVILLE", "wmType": "Overhead" }, "geometry": { "type": "LineString", "coordinates": [ [ -94.083322725765697, 47.087792297555197 ], [ -94.083895400000301, 47.0879516000089 ] ] } },
{ "type": "Feature", "properties": { "wmUplineSo": "LONGVILLE", "wmType": "Overhead" }, "geometry": { "type": "LineString", "coordinates": [ [ -94.083322725765697, 47.087792297555197 ], [ -94.083344100000303, 47.088191100008899 ] ] } },
{ "type": "Feature", "properties": { "wmUplineSo": "LONGVILLE", "wmType": "Overhead" }, "geometry": { "type": "LineString", "coordinates": [ [ -94.076986000065801, 47.081380003582403 ], [ -94.076742800000304, 47.081184700008798 ] ] } },
{ "type": "Feature", "properties": { "wmUplineSo": "LONGVILLE", "wmType": "Overhead" }, "geometry": { "type": "LineString", "coordinates": [ [ -94.109856522207807, 47.083331426429098 ], [ -94.109183462913194, 47.083324368078102 ] ] } },
{ "type": "Feature", "properties": { "wmUplineSo": "LONGVILLE", "wmType": "Overhead" }, "geometry": { "type": "LineString", "coordinates": [ [ -94.110035000067796, 47.070572003579201 ], [ -94.1089666000004, 47.070465900008799 ] ] } },
{ "type": "Feature", "properties": { "wmUplineSo": "LONGVILLE", "wmType": "Overhead" }, "geometry": { "type": "LineString", "coordinates": [ [ -94.105448455540298, 47.090280168742296 ], [ -94.105493600000401, 47.090293500008798 ] ] } },
{ "type": "Feature", "properties": { "wmUplineSo": "LONGVILLE", "wmType": "Overhead" }, "geometry": { "type": "LineString", "coordinates": [ [ -94.120494438662803, 47.088271387775698 ], [ -94.120396700000398, 47.088347700008903 ] ] } },
{ "type": "Feature", "properties": { "wmUplineSo": "LONGVILLE", "wmType": "Overhead" }, "geometry": { "type": "LineString", "coordinates": [ [ -94.120494438662803, 47.088271387775698 ], [ -94.120894000000405, 47.088922100008901 ] ] } },
{ "type": "Feature", "properties": { "wmUplineSo": "LONGVILLE", "wmType": "Overhead" }, "geometry": { "type": "LineString", "coordinates": [ [ -94.121504000068597, 47.087256003583803 ], [ -94.121231736447996, 47.087482832895397 ] ] } },
{ "type": "Feature", "properties": { "wmUplineSo": "LONGVILLE", "wmType": "Overhead" }, "geometry": { "type": "LineString", "coordinates": [ [ -94.1191716496037, 47.083551394019899 ], [ -94.118654600000397, 47.083194100008797 ] ] } },
{ "type": "Feature", "properties": { "wmUplineSo": "LONGVILLE", "wmType": "Overhead" }, "geometry": { "type": "LineString", "coordinates": [ [ -94.123142203075801, 47.0863541894471 ], [ -94.123070700000397, 47.086272200008899 ] ] } },
{ "type": "Feature", "properties": { "wmUplineSo": "LONGVILLE", "wmType": "Overhead" }, "geometry": { "type": "LineString", "coordinates": [ [ -94.111084341467702, 47.097803798679998 ], [ -94.111967000000405, 47.098121300008899 ] ] } },
{ "type": "Feature", "properties": { "wmUplineSo": "LONGVILLE", "wmType": "Overhead" }, "geometry": { "type": "LineString", "coordinates": [ [ -94.113645851664401, 47.097321354256003 ], [ -94.113147600000403, 47.0975043000089 ] ] } },
{ "type": "Feature", "properties": { "wmUplineSo": "LONGVILLE", "wmType": "Overhead" }, "geometry": { "type": "LineString", "coordinates": [ [ -94.113645851664401, 47.097321354256003 ], [ -94.113829800000403, 47.097443000008901 ] ] } },
{ "type": "Feature", "properties": { "wmUplineSo": "LONGVILLE", "wmType": "Overhead" }, "geometry": { "type": "LineString", "coordinates": [ [ -94.110812480815, 47.098455849899601 ], [ -94.111074600000407, 47.0986583000089 ] ] } },
{ "type": "Feature", "properties": { "wmUplineSo": "LONGVILLE", "wmType": "Overhead" }, "geometry": { "type": "LineString", "coordinates": [ [ -94.118045455004903, 47.097212190652499 ], [ -94.118054400000403, 47.0972726000088 ] ] } },
{ "type": "Feature", "properties": { "wmUplineSo": "LONGVILLE", "wmType": "Overhead" }, "geometry": { "type": "LineString", "coordinates": [ [ -94.117328735775203, 47.096909612101797 ], [ -94.117315800000398, 47.096960900008902 ] ] } },
{ "type": "Feature", "properties": { "wmUplineSo": "LONGVILLE", "wmType": "Overhead" }, "geometry": { "type": "LineString", "coordinates": [ [ -94.117315800000398, 47.096960900008902 ], [ -94.117367300000396, 47.0969948000089 ] ] } },
{ "type": "Feature", "properties": { "wmUplineSo": "LONGVILLE", "wmType": "Overhead" }, "geometry": { "type": "LineString", "coordinates": [ [ -94.123409663262095, 47.0849624010865 ], [ -94.122309100000393, 47.084793900008798 ] ] } },
{ "type": "Feature", "properties": { "wmUplineSo": "LONGVILLE", "wmType": "Overhead" }, "geometry": { "type": "LineString", "coordinates": [ [ -94.138093986032302, 47.084296439028101 ], [ -94.138165500000397, 47.084389900008802 ] ] } },
{ "type": "Feature", "properties": { "wmUplineSo": "LONGVILLE", "wmType": "Overhead" }, "geometry": { "type": "LineString", "coordinates": [ [ -94.133036942569206, 47.083167429228901 ], [ -94.133008400000406, 47.083519600008898 ] ] } },
{ "type": "Feature", "properties": { "wmUplineSo": "LONGVILLE", "wmType": "Overhead" }, "geometry": { "type": "LineString", "coordinates": [ [ -94.185831546984303, 47.051604655895297 ], [ -94.185517542944993, 47.051314483082898 ] ] } },
{ "type": "Feature", "properties": { "wmUplineSo": "LONGVILLE", "wmType": "Overhead" }, "geometry": { "type": "LineString", "coordinates": [ [ -94.197776000073205, 47.052531003574401 ], [ -94.197683100000503, 47.0528923000088 ] ] } },
{ "type": "Feature", "properties": { "wmUplineSo": "LONGVILLE", "wmType": "Overhead" }, "geometry": { "type": "LineString", "coordinates": [ [ -94.204007689360594, 47.055897697121097 ], [ -94.204066500000494, 47.055544400008799 ] ] } },
{ "type": "Feature", "properties": { "wmUplineSo": "LONGVILLE", "wmType": "Overhead" }, "geometry": { "type": "LineString", "coordinates": [ [ -94.204066500000494, 47.055544400008799 ], [ -94.204468509018895, 47.055187447034598 ] ] } },
{ "type": "Feature", "properties": { "wmUplineSo": "LONGVILLE", "wmType": "Overhead" }, "geometry": { "type": "LineString", "coordinates": [ [ -94.203896557189694, 47.058556687958301 ], [ -94.203871600000497, 47.058601600008799 ] ] } },
{ "type": "Feature", "properties": { "wmUplineSo": "LONGVILLE", "wmType": "Overhead" }, "geometry": { "type": "LineString", "coordinates": [ [ -94.203769434558794, 47.061001680006399 ], [ -94.203416900000505, 47.061445100008797 ] ] } },
{ "type": "Feature", "properties": { "wmUplineSo": "LONGVILLE", "wmType": "Overhead" }, "geometry": { "type": "LineString", "coordinates": [ [ -94.207331171435598, 47.052146350557599 ], [ -94.207799930000505, 47.0517658600088 ] ] } },
{ "type": "Feature", "properties": { "wmUplineSo": "LONGVILLE", "wmType": "Overhead" }, "geometry": { "type": "LineString", "coordinates": [ [ -94.2024921471223, 47.046022723115698 ], [ -94.202460600000506, 47.046040400008799 ] ] } },
{ "type": "Feature", "properties": { "wmUplineSo": "LONGVILLE", "wmType": "Overhead" }, "geometry": { "type": "LineString", "coordinates": [ [ -94.204067265884106, 47.044237734930498 ], [ -94.204515118668894, 47.044555764880499 ] ] } },
{ "type": "Feature", "properties": { "wmUplineSo": "LONGVILLE", "wmType": "Overhead" }, "geometry": { "type": "LineString", "coordinates": [ [ -94.2039253088046, 47.043307736989398 ], [ -94.204928800000502, 47.043181300008797 ] ] } },
{ "type": "Feature", "properties": { "wmUplineSo": "LONGVILLE", "wmType": "Overhead" }, "geometry": { "type": "LineString", "coordinates": [ [ -94.202989620563997, 47.035097100068498 ], [ -94.202768800000499, 47.035306800008797 ] ] } },
{ "type": "Feature", "properties": { "wmUplineSo": "LONGVILLE", "wmType": "Overhead" }, "geometry": { "type": "LineString", "coordinates": [ [ -94.200124212161896, 47.0234577881956 ], [ -94.200549700000494, 47.023542100008797 ] ] } },
{ "type": "Feature", "properties": { "wmUplineSo": "LONGVILLE", "wmType": "Overhead" }, "geometry": { "type": "LineString", "coordinates": [ [ -94.200276000073103, 47.024529003566798 ], [ -94.200332100000495, 47.024507500008802 ] ] } },
{ "type": "Feature", "properties": { "wmUplineSo": "LONGVILLE", "wmType": "Overhead" }, "geometry": { "type": "LineString", "coordinates": [ [ -94.193280323417397, 47.020070017314403 ], [ -94.1934683732797, 47.019862522863598 ] ] } },
{ "type": "Feature", "properties": { "wmUplineSo": "LONGVILLE", "wmType": "Overhead" }, "geometry": { "type": "LineString", "coordinates": [ [ -94.188015802094597, 47.0270227345463 ], [ -94.188117700000504, 47.027084300008802 ] ] } },
{ "type": "Feature", "properties": { "wmUplineSo": "LONGVILLE", "wmType": "Overhead" }, "geometry": { "type": "LineString", "coordinates": [ [ -94.188015802094597, 47.0270227345463 ], [ -94.187855808041505, 47.026847734772801 ] ] } },
{ "type": "Feature", "properties": { "wmUplineSo": "LONGVILLE", "wmType": "Overhead" }, "geometry": { "type": "LineString", "coordinates": [ [ -94.181668413896304, 47.032409697623997 ], [ -94.181631400000398, 47.032427300008798 ] ] } },
{ "type": "Feature", "properties": { "wmUplineSo": "LONGVILLE", "wmType": "Overhead" }, "geometry": { "type": "LineString", "coordinates": [ [ -94.182475454719807, 47.031909701771603 ], [ -94.181914682308303, 47.0319010898058 ] ] } },
{ "type": "Feature", "properties": { "wmUplineSo": "LONGVILLE", "wmType": "Overhead" }, "geometry": { "type": "LineString", "coordinates": [ [ -94.179383625336598, 47.027249703898697 ], [ -94.179097, 47.027198999999897 ] ] } },
{ "type": "Feature", "properties": { "wmUplineSo": "LONGVILLE", "wmType": "Overhead" }, "geometry": { "type": "LineString", "coordinates": [ [ -94.180146665114094, 47.027242640490996 ], [ -94.179939000000402, 47.026914300008798 ] ] } },
{ "type": "Feature", "properties": { "wmUplineSo": "LONGVILLE", "wmType": "Overhead" }, "geometry": { "type": "LineString", "coordinates": [ [ -94.179383625336598, 47.027249703898697 ], [ -94.179422300000397, 47.027195600008803 ] ] } },
{ "type": "Feature", "properties": { "wmUplineSo": "LONGVILLE", "wmType": "Overhead" }, "geometry": { "type": "LineString", "coordinates": [ [ -94.179097, 47.027198999999897 ], [ -94.178907800000403, 47.027290400008802 ] ] } },
{ "type": "Feature", "properties": { "wmUplineSo": "LONGVILLE", "wmType": "Overhead" }, "geometry": { "type": "LineString", "coordinates": [ [ -94.180689029985203, 47.026307193234999 ], [ -94.180572000000396, 47.026254500008797 ] ] } },
{ "type": "Feature", "properties": { "wmUplineSo": "LONGVILLE", "wmType": "Overhead" }, "geometry": { "type": "LineString", "coordinates": [ [ -94.1787484812005, 47.027744997394599 ], [ -94.177910000000395, 47.027423700008796 ] ] } },
{ "type": "Feature", "properties": { "wmUplineSo": "LONGVILLE", "wmType": "Overhead" }, "geometry": { "type": "LineString", "coordinates": [ [ -94.177910000000395, 47.027423700008796 ], [ -94.177744300000398, 47.027642400008801 ] ] } },
{ "type": "Feature", "properties": { "wmUplineSo": "LONGVILLE", "wmType": "Overhead" }, "geometry": { "type": "LineString", "coordinates": [ [ -94.1787484812005, 47.027744997394599 ], [ -94.178466800000393, 47.027397160008803 ] ] } },
{ "type": "Feature", "properties": { "wmUplineSo": "LONGVILLE", "wmType": "Overhead" }, "geometry": { "type": "LineString", "coordinates": [ [ -94.1787484812005, 47.027744997394599 ], [ -94.178721500000407, 47.027683100008801 ] ] } },
{ "type": "Feature", "properties": { "wmUplineSo": "LONGVILLE", "wmType": "Overhead" }, "geometry": { "type": "LineString", "coordinates": [ [ -94.173522309318201, 47.030129390392602 ], [ -94.173103100000404, 47.029844800008803 ] ] } },
{ "type": "Feature", "properties": { "wmUplineSo": "LONGVILLE", "wmType": "Overhead" }, "geometry": { "type": "LineString", "coordinates": [ [ -94.173522309318201, 47.030129390392602 ], [ -94.173358400000396, 47.029693600008798 ] ] } },
{ "type": "Feature", "properties": { "wmUplineSo": "LONGVILLE", "wmType": "Overhead" }, "geometry": { "type": "LineString", "coordinates": [ [ -94.172688339605799, 47.030391672394003 ], [ -94.172618800000393, 47.030081600008799 ] ] } },
{ "type": "Feature", "properties": { "wmUplineSo": "LONGVILLE", "wmType": "Overhead" }, "geometry": { "type": "LineString", "coordinates": [ [ -94.171650280488095, 47.0311992940373 ], [ -94.170747900000407, 47.031428200008797 ] ] } },
{ "type": "Feature", "properties": { "wmUplineSo": "LONGVILLE", "wmType": "Overhead" }, "geometry": { "type": "LineString", "coordinates": [ [ -94.167015602442902, 47.033937313064598 ], [ -94.166753100000406, 47.033806900008798 ] ] } },
{ "type": "Feature", "properties": { "wmUplineSo": "LONGVILLE", "wmType": "Overhead" }, "geometry": { "type": "LineString", "coordinates": [ [ -94.167015602442902, 47.033937313064598 ], [ -94.166957800000404, 47.033661000008799 ] ] } },
{ "type": "Feature", "properties": { "wmUplineSo": "LONGVILLE", "wmType": "Overhead" }, "geometry": { "type": "LineString", "coordinates": [ [ -94.167015602442902, 47.033937313064598 ], [ -94.166205600000396, 47.033980200008799 ] ] } },
{ "type": "Feature", "properties": { "wmUplineSo": "LONGVILLE", "wmType": "Overhead" }, "geometry": { "type": "LineString", "coordinates": [ [ -94.1677893523444, 47.0333922827419 ], [ -94.167427300000398, 47.033588400008803 ] ] } },
{ "type": "Feature", "properties": { "wmUplineSo": "LONGVILLE", "wmType": "Overhead" }, "geometry": { "type": "LineString", "coordinates": [ [ -94.1677893523444, 47.0333922827419 ], [ -94.167696400000395, 47.033147100008797 ] ] } },
{ "type": "Feature", "properties": { "wmUplineSo": "LONGVILLE", "wmType": "Overhead" }, "geometry": { "type": "LineString", "coordinates": [ [ -94.1677893523444, 47.0333922827419 ], [ -94.167696400000395, 47.033147100008797 ] ] } },
{ "type": "Feature", "properties": { "wmUplineSo": "LONGVILLE", "wmType": "Overhead" }, "geometry": { "type": "LineString", "coordinates": [ [ -94.169143874753701, 47.032365605196198 ], [ -94.168236000000405, 47.032188400008799 ] ] } },
{ "type": "Feature", "properties": { "wmUplineSo": "LONGVILLE", "wmType": "Overhead" }, "geometry": { "type": "LineString", "coordinates": [ [ -94.169143874753701, 47.032365605196198 ], [ -94.168863500000398, 47.031866100008799 ] ] } },
{ "type": "Feature", "properties": { "wmUplineSo": "LONGVILLE", "wmType": "Overhead" }, "geometry": { "type": "LineString", "coordinates": [ [ -94.169143874753701, 47.032365605196198 ], [ -94.168625100000398, 47.0319428000088 ] ] } },
{ "type": "Feature", "properties": { "wmUplineSo": "LONGVILLE", "wmType": "Overhead" }, "geometry": { "type": "LineString", "coordinates": [ [ -94.181005315157506, 47.0253637227556 ], [ -94.1807773000004, 47.024996300008802 ] ] } },
{ "type": "Feature", "properties": { "wmUplineSo": "LONGVILLE", "wmType": "Overhead" }, "geometry": { "type": "LineString", "coordinates": [ [ -94.181148208558994, 47.0247225521817 ], [ -94.180888081997196, 47.024689520908602 ] ] } },
{ "type": "Feature", "properties": { "wmUplineSo": "LONGVILLE", "wmType": "Overhead" }, "geometry": { "type": "LineString", "coordinates": [ [ -94.181299603543394, 47.024325037976404 ], [ -94.180928694983905, 47.024162911541701 ] ] } },
{ "type": "Feature", "properties": { "wmUplineSo": "LONGVILLE", "wmType": "Overhead" }, "geometry": { "type": "LineString", "coordinates": [ [ -94.180928694983905, 47.024162911541701 ], [ -94.181065800000397, 47.024173900008797 ] ] } },
{ "type": "Feature", "properties": { "wmUplineSo": "LONGVILLE", "wmType": "Overhead" }, "geometry": { "type": "LineString", "coordinates": [ [ -94.182191041710098, 47.023461789994997 ], [ -94.181640399628407, 47.023453902365603 ], [ -94.181364700000401, 47.023195700008799 ] ] } },
{ "type": "Feature", "properties": { "wmUplineSo": "LONGVILLE", "wmType": "Overhead" }, "geometry": { "type": "LineString", "coordinates": [ [ -94.182191041710098, 47.023461789994997 ], [ -94.181904900000504, 47.022921800008803 ] ] } },
{ "type": "Feature", "properties": { "wmUplineSo": "LONGVILLE", "wmType": "Overhead" }, "geometry": { "type": "LineString", "coordinates": [ [ -94.187817339292806, 47.016896689394898 ], [ -94.187846500000404, 47.016955600008799 ] ] } },
{ "type": "Feature", "properties": { "wmUplineSo": "LONGVILLE", "wmType": "Overhead" }, "geometry": { "type": "LineString", "coordinates": [ [ -94.187817339292806, 47.016896689394898 ], [ -94.188006100000393, 47.017205900008797 ] ] } },
{ "type": "Feature", "properties": { "wmUplineSo": "LONGVILLE", "wmType": "Overhead" }, "geometry": { "type": "LineString", "coordinates": [ [ -94.187774374661302, 47.017682939790198 ], [ -94.187485800000402, 47.017826800008798 ] ] } },
{ "type": "Feature", "properties": { "wmUplineSo": "LONGVILLE", "wmType": "Overhead" }, "geometry": { "type": "LineString", "coordinates": [ [ -94.190289292646099, 47.0179697688381 ], [ -94.190580800000404, 47.0180458000088 ] ] } },
{ "type": "Feature", "properties": { "wmUplineSo": "LONGVILLE", "wmType": "Overhead" }, "geometry": { "type": "LineString", "coordinates": [ [ -94.190289292646099, 47.0179697688381 ], [ -94.190150500000399, 47.018072500008799 ] ] } },
{ "type": "Feature", "properties": { "wmUplineSo": "LONGVILLE", "wmType": "Overhead" }, "geometry": { "type": "LineString", "coordinates": [ [ -94.189401286843704, 47.017731766539399 ], [ -94.189138300000494, 47.017642600008799 ] ] } },
{ "type": "Feature", "properties": { "wmUplineSo": "LONGVILLE", "wmType": "Overhead" }, "geometry": { "type": "LineString", "coordinates": [ [ -94.190289292646099, 47.0179697688381 ], [ -94.189936850239405, 47.018282926023502 ] ] } },
{ "type": "Feature", "properties": { "wmUplineSo": "LONGVILLE", "wmType": "Overhead" }, "geometry": { "type": "LineString", "coordinates": [ [ -94.189123913757598, 47.018495544984297 ], [ -94.189442476415394, 47.018578579187697 ] ] } },
{ "type": "Feature", "properties": { "wmUplineSo": "LONGVILLE", "wmType": "Overhead" }, "geometry": { "type": "LineString", "coordinates": [ [ -94.188712789229299, 47.019013825712697 ], [ -94.188679000000405, 47.018990800008801 ] ] } },
{ "type": "Feature", "properties": { "wmUplineSo": "LONGVILLE", "wmType": "Overhead" }, "geometry": { "type": "LineString", "coordinates": [ [ -94.189145314565394, 47.019840563419102 ], [ -94.189255600000493, 47.019862800008802 ] ] } },
{ "type": "Feature", "properties": { "wmUplineSo": "LONGVILLE", "wmType": "Overhead" }, "geometry": { "type": "LineString", "coordinates": [ [ -94.1948229827414, 47.014219947961401 ], [ -94.195218900000498, 47.014285300008801 ] ] } },
{ "type": "Feature", "properties": { "wmUplineSo": "LONGVILLE", "wmType": "Overhead" }, "geometry": { "type": "LineString", "coordinates": [ [ -94.195924000072793, 47.013772003563602 ], [ -94.196024245228998, 47.0137720736017 ] ] } },
{ "type": "Feature", "properties": { "wmUplineSo": "LONGVILLE", "wmType": "Overhead" }, "geometry": { "type": "LineString", "coordinates": [ [ -94.197008679489002, 47.012764808454101 ], [ -94.197082549875105, 47.012811156767199 ] ] } },
{ "type": "Feature", "properties": { "wmUplineSo": "LONGVILLE", "wmType": "Overhead" }, "geometry": { "type": "LineString", "coordinates": [ [ -94.198400389526995, 47.0128921459794 ], [ -94.198652700000494, 47.012966600008802 ] ] } },
{ "type": "Feature", "properties": { "wmUplineSo": "LONGVILLE", "wmType": "Overhead" }, "geometry": { "type": "LineString", "coordinates": [ [ -94.198400389526995, 47.0128921459794 ], [ -94.198329600000505, 47.012953500008798 ] ] } },
{ "type": "Feature", "properties": { "wmUplineSo": "LONGVILLE", "wmType": "Overhead" }, "geometry": { "type": "LineString", "coordinates": [ [ -94.202029542614994, 47.017469813279703 ], [ -94.202215100000501, 47.017311500008802 ] ] } },
{ "type": "Feature", "properties": { "wmUplineSo": "LONGVILLE", "wmType": "Overhead" }, "geometry": { "type": "LineString", "coordinates": [ [ -94.200161699027404, 47.009049466186603 ], [ -94.200358600000499, 47.008987100008802 ] ] } },
{ "type": "Feature", "properties": { "wmUplineSo": "LONGVILLE", "wmType": "Overhead" }, "geometry": { "type": "LineString", "coordinates": [ [ -94.198169811674603, 47.011527289346098 ], [ -94.198277700000503, 47.011247700008802 ] ] } },
{ "type": "Feature", "properties": { "wmUplineSo": "LONGVILLE", "wmType": "Overhead" }, "geometry": { "type": "LineString", "coordinates": [ [ -94.198169811674603, 47.011527289346098 ], [ -94.197942100000503, 47.0112226000088 ] ] } },
{ "type": "Feature", "properties": { "wmUplineSo": "LONGVILLE", "wmType": "Overhead" }, "geometry": { "type": "LineString", "coordinates": [ [ -94.198169811674603, 47.011527289346098 ], [ -94.197385000000494, 47.011483000008802 ] ] } },
{ "type": "Feature", "properties": { "wmUplineSo": "LONGVILLE", "wmType": "Overhead" }, "geometry": { "type": "LineString", "coordinates": [ [ -94.198169811674603, 47.011527289346098 ], [ -94.198520300000496, 47.011231900008802 ] ] } },
{ "type": "Feature", "properties": { "wmUplineSo": "LONGVILLE", "wmType": "Overhead" }, "geometry": { "type": "LineString", "coordinates": [ [ -94.197022571927903, 47.011582374563297 ], [ -94.197061100000496, 47.011319100008798 ] ] } },
{ "type": "Feature", "properties": { "wmUplineSo": "LONGVILLE", "wmType": "Overhead" }, "geometry": { "type": "LineString", "coordinates": [ [ -94.191424082096802, 47.011892080648302 ], [ -94.191450270417306, 47.011789034041001 ] ] } },
{ "type": "Feature", "properties": { "wmUplineSo": "LONGVILLE", "wmType": "Overhead" }, "geometry": { "type": "LineString", "coordinates": [ [ -94.190251564758299, 47.012470540381798 ], [ -94.190090300000406, 47.0123639000088 ] ] } },
{ "type": "Feature", "properties": { "wmUplineSo": "LONGVILLE", "wmType": "Overhead" }, "geometry": { "type": "LineString", "coordinates": [ [ -94.192430115729195, 47.011380293309202 ], [ -94.192357000000499, 47.011173800008798 ] ] } },
{ "type": "Feature", "properties": { "wmUplineSo": "LONGVILLE", "wmType": "Overhead" }, "geometry": { "type": "LineString", "coordinates": [ [ -94.192430115729195, 47.011380293309202 ], [ -94.191993600000501, 47.0112816000088 ] ] } },
{ "type": "Feature", "properties": { "wmUplineSo": "LONGVILLE", "wmType": "Overhead" }, "geometry": { "type": "LineString", "coordinates": [ [ -94.191993600000501, 47.0112816000088 ], [ -94.191766600000406, 47.011392800008799 ] ] } },
{ "type": "Feature", "properties": { "wmUplineSo": "LONGVILLE", "wmType": "Overhead" }, "geometry": { "type": "LineString", "coordinates": [ [ -94.193525887754504, 47.010823755872899 ], [ -94.193738400000498, 47.010752500008799 ] ] } },
{ "type": "Feature", "properties": { "wmUplineSo": "LONGVILLE", "wmType": "Overhead" }, "geometry": { "type": "LineString", "coordinates": [ [ -94.193025443037499, 47.010297541358803 ], [ -94.193351600000497, 47.010287600008802 ] ] } },
{ "type": "Feature", "properties": { "wmUplineSo": "LONGVILLE", "wmType": "Overhead" }, "geometry": { "type": "LineString", "coordinates": [ [ -94.193025443037499, 47.010297541358803 ], [ -94.192914500000498, 47.0102388000088 ] ] } },
{ "type": "Feature", "properties": { "wmUplineSo": "LONGVILLE", "wmType": "Overhead" }, "geometry": { "type": "LineString", "coordinates": [ [ -94.194426733095497, 47.010647806060398 ], [ -94.194473600000407, 47.010753000008798 ] ] } },
{ "type": "Feature", "properties": { "wmUplineSo": "LONGVILLE", "wmType": "Overhead" }, "geometry": { "type": "LineString", "coordinates": [ [ -94.1959473966714, 47.011613351971697 ], [ -94.196337530000505, 47.011214230008797 ] ] } },
{ "type": "Feature", "properties": { "wmUplineSo": "LONGVILLE", "wmType": "Overhead" }, "geometry": { "type": "LineString", "coordinates": [ [ -94.178624397977401, 47.051739633025697 ], [ -94.178639800000397, 47.051585600008799 ] ] } },
{ "type": "Feature", "properties": { "wmUplineSo": "LONGVILLE", "wmType": "Overhead" }, "geometry": { "type": "LineString", "coordinates": [ [ -94.161031426866003, 47.053008474484002 ], [ -94.160795400000396, 47.053274500008797 ] ] } },
{ "type": "Feature", "properties": { "wmUplineSo": "LONGVILLE", "wmType": "Overhead" }, "geometry": { "type": "LineString", "coordinates": [ [ -94.160405119030301, 47.053657560949198 ], [ -94.160406900000396, 47.0536505000088 ] ] } },
{ "type": "Feature", "properties": { "wmUplineSo": "LONGVILLE", "wmType": "Overhead" }, "geometry": { "type": "LineString", "coordinates": [ [ -94.172481280609404, 47.051701615089797 ], [ -94.172231100000403, 47.051909800008801 ] ] } },
{ "type": "Feature", "properties": { "wmUplineSo": "LONGVILLE", "wmType": "Overhead" }, "geometry": { "type": "LineString", "coordinates": [ [ -94.172481280609404, 47.051701615089797 ], [ -94.172296997798099, 47.051857900955703 ] ] } },
{ "type": "Feature", "properties": { "wmUplineSo": "LONGVILLE", "wmType": "Overhead" }, "geometry": { "type": "LineString", "coordinates": [ [ -94.169936186612901, 47.052140042427297 ], [ -94.170139600000397, 47.052165500008797 ] ] } },
{ "type": "Feature", "properties": { "wmUplineSo": "LONGVILLE", "wmType": "Overhead" }, "geometry": { "type": "LineString", "coordinates": [ [ -94.176781937220198, 47.052566746838899 ], [ -94.1769218000004, 47.052767600008799 ] ] } },
{ "type": "Feature", "properties": { "wmUplineSo": "LONGVILLE", "wmType": "Overhead" }, "geometry": { "type": "LineString", "coordinates": [ [ -94.160343684661299, 47.054618444842902 ], [ -94.160394100000403, 47.054584000008802 ] ] } },
{ "type": "Feature", "properties": { "wmUplineSo": "LONGVILLE", "wmType": "Overhead" }, "geometry": { "type": "LineString", "coordinates": [ [ -94.165586417520998, 47.036225740665401 ], [ -94.165236500000404, 47.036021400008799 ] ] } },
{ "type": "Feature", "properties": { "wmUplineSo": "LONGVILLE", "wmType": "Overhead" }, "geometry": { "type": "LineString", "coordinates": [ [ -94.165586417520998, 47.036225740665401 ], [ -94.165693700000404, 47.0358786000088 ] ] } },
{ "type": "Feature", "properties": { "wmUplineSo": "LONGVILLE", "wmType": "Overhead" }, "geometry": { "type": "LineString", "coordinates": [ [ -94.164804878796701, 47.036619630150497 ], [ -94.164708500000401, 47.036472700008801 ] ] } },
{ "type": "Feature", "properties": { "wmUplineSo": "LONGVILLE", "wmType": "Overhead" }, "geometry": { "type": "LineString", "coordinates": [ [ -94.163740646962793, 47.036748702951797 ], [ -94.163719765417, 47.036823700555601 ] ] } },
{ "type": "Feature", "properties": { "wmUplineSo": "LONGVILLE", "wmType": "Overhead" }, "geometry": { "type": "LineString", "coordinates": [ [ -94.163740646962793, 47.036748702951797 ], [ -94.1632747000004, 47.036719400008799 ] ] } },
{ "type": "Feature", "properties": { "wmUplineSo": "LONGVILLE", "wmType": "Overhead" }, "geometry": { "type": "LineString", "coordinates": [ [ -94.162040193340104, 47.037584533316199 ], [ -94.161990000000401, 47.037534900008801 ] ] } },
{ "type": "Feature", "properties": { "wmUplineSo": "LONGVILLE", "wmType": "Overhead" }, "geometry": { "type": "LineString", "coordinates": [ [ -94.161528636546606, 47.038403086408898 ], [ -94.161044800000397, 47.038556800008799 ] ] } },
{ "type": "Feature", "properties": { "wmUplineSo": "LONGVILLE", "wmType": "Overhead" }, "geometry": { "type": "LineString", "coordinates": [ [ -94.161528636546606, 47.038403086408898 ], [ -94.161222300000404, 47.0381106000088 ] ] } },
{ "type": "Feature", "properties": { "wmUplineSo": "LONGVILLE", "wmType": "Overhead" }, "geometry": { "type": "LineString", "coordinates": [ [ -94.160897115022905, 47.038671394625297 ], [ -94.160828000000393, 47.038278600008802 ] ] } },
{ "type": "Feature", "properties": { "wmUplineSo": "LONGVILLE", "wmType": "Overhead" }, "geometry": { "type": "LineString", "coordinates": [ [ -94.160083429125194, 47.038476133756802 ], [ -94.160118100000403, 47.038481700008802 ] ] } },
{ "type": "Feature", "properties": { "wmUplineSo": "LONGVILLE", "wmType": "Overhead" }, "geometry": { "type": "LineString", "coordinates": [ [ -94.160083429125194, 47.038476133756802 ], [ -94.159754400000395, 47.038375400008803 ] ] } },
{ "type": "Feature", "properties": { "wmUplineSo": "LONGVILLE", "wmType": "Overhead" }, "geometry": { "type": "LineString", "coordinates": [ [ -94.157554, 47.037923 ], [ -94.156964044175993, 47.0375486149537 ] ] } },
{ "type": "Feature", "properties": { "wmUplineSo": "LONGVILLE", "wmType": "Overhead" }, "geometry": { "type": "LineString", "coordinates": [ [ -94.157554, 47.037923 ], [ -94.158003517506302, 47.037908898525103 ] ] } },
{ "type": "Feature", "properties": { "wmUplineSo": "LONGVILLE", "wmType": "Overhead" }, "geometry": { "type": "LineString", "coordinates": [ [ -94.157554, 47.037923 ], [ -94.156892019102401, 47.037852961298199 ] ] } },
{ "type": "Feature", "properties": { "wmUplineSo": "LONGVILLE", "wmType": "Overhead" }, "geometry": { "type": "LineString", "coordinates": [ [ -94.156210204124406, 47.038038525967501 ], [ -94.156511567261703, 47.037889047116899 ] ] } },
{ "type": "Feature", "properties": { "wmUplineSo": "LONGVILLE", "wmType": "Overhead" }, "geometry": { "type": "LineString", "coordinates": [ [ -94.155892135396101, 47.038142495517199 ], [ -94.156210204124406, 47.038038525967501 ] ] } },
{ "type": "Feature", "properties": { "wmUplineSo": "LONGVILLE", "wmType": "Overhead" }, "geometry": { "type": "LineString", "coordinates": [ [ -94.155881864648606, 47.0385588780738 ], [ -94.155892135396101, 47.038142495517199 ] ] } },
{ "type": "Feature", "properties": { "wmUplineSo": "LONGVILLE", "wmType": "Overhead" }, "geometry": { "type": "LineString", "coordinates": [ [ -94.153284539739303, 47.039566016182199 ], [ -94.153068500000401, 47.039225600008798 ] ] } },
{ "type": "Feature", "properties": { "wmUplineSo": "LONGVILLE", "wmType": "Overhead" }, "geometry": { "type": "LineString", "coordinates": [ [ -94.153284539739303, 47.039566016182199 ], [ -94.152878900000402, 47.039400100008798 ] ] } },
{ "type": "Feature", "properties": { "wmUplineSo": "LONGVILLE", "wmType": "Overhead" }, "geometry": { "type": "LineString", "coordinates": [ [ -94.153284539739303, 47.039566016182199 ], [ -94.153359500000406, 47.038928900008798 ] ] } },
{ "type": "Feature", "properties": { "wmUplineSo": "LONGVILLE", "wmType": "Overhead" }, "geometry": { "type": "LineString", "coordinates": [ [ -94.152399475774203, 47.039881582310102 ], [ -94.152224300000398, 47.039703100008801 ] ] } },
{ "type": "Feature", "properties": { "wmUplineSo": "LONGVILLE", "wmType": "Overhead" }, "geometry": { "type": "LineString", "coordinates": [ [ -94.152399475774203, 47.039881582310102 ], [ -94.152383570909507, 47.040045007058303 ] ] } },
{ "type": "Feature", "properties": { "wmUplineSo": "LONGVILLE", "wmType": "Overhead" }, "geometry": { "type": "LineString", "coordinates": [ [ -94.151649076072999, 47.040151012484202 ], [ -94.151630500000394, 47.039680800008803 ] ] } },
{ "type": "Feature", "properties": { "wmUplineSo": "LONGVILLE", "wmType": "Overhead" }, "geometry": { "type": "LineString", "coordinates": [ [ -94.151649076072999, 47.040151012484202 ], [ -94.151437900000403, 47.0400770000088 ] ] } },
{ "type": "Feature", "properties": { "wmUplineSo": "LONGVILLE", "wmType": "Overhead" }, "geometry": { "type": "LineString", "coordinates": [ [ -94.150308887113894, 47.040208828844598 ], [ -94.150485400000406, 47.0399341000088 ] ] } },
{ "type": "Feature", "properties": { "wmUplineSo": "LONGVILLE", "wmType": "Overhead" }, "geometry": { "type": "LineString", "coordinates": [ [ -94.150308887113894, 47.040208828844598 ], [ -94.150284853367793, 47.040142262694303 ] ] } },
{ "type": "Feature", "properties": { "wmUplineSo": "LONGVILLE", "wmType": "Overhead" }, "geometry": { "type": "LineString", "coordinates": [ [ -94.147367392859707, 47.0395765667243 ], [ -94.147589400000399, 47.039575300008799 ] ] } },
{ "type": "Feature", "properties": { "wmUplineSo": "LONGVILLE", "wmType": "Overhead" }, "geometry": { "type": "LineString", "coordinates": [ [ -94.147367392859707, 47.0395765667243 ], [ -94.147483300000403, 47.039468000008803 ] ] } },
{ "type": "Feature", "properties": { "wmUplineSo": "LONGVILLE", "wmType": "Overhead" }, "geometry": { "type": "LineString", "coordinates": [ [ -94.146506900000404, 47.036193600008801 ], [ -94.146506244479596, 47.036193544805101 ], [ -94.146427227614893, 47.036186890491898 ] ] } },
{ "type": "Feature", "properties": { "wmUplineSo": "LONGVILLE", "wmType": "Overhead" }, "geometry": { "type": "LineString", "coordinates": [ [ -94.146359553524903, 47.0359625713835 ], [ -94.146830800000401, 47.0358573000088 ] ] } },
{ "type": "Feature", "properties": { "wmUplineSo": "LONGVILLE", "wmType": "Overhead" }, "geometry": { "type": "LineString", "coordinates": [ [ -94.146359553524903, 47.0359625713835 ], [ -94.146506900000404, 47.036193600008801 ] ] } },
{ "type": "Feature", "properties": { "wmUplineSo": "LONGVILLE", "wmType": "Overhead" }, "geometry": { "type": "LineString", "coordinates": [ [ -94.144800562611593, 47.037244694766301 ], [ -94.145409400000403, 47.037166000008803 ] ] } },
{ "type": "Feature", "properties": { "wmUplineSo": "LONGVILLE", "wmType": "Overhead" }, "geometry": { "type": "LineString", "coordinates": [ [ -94.145642448740404, 47.037767565266897 ], [ -94.1457089000004, 47.037905000008799 ] ] } },
{ "type": "Feature", "properties": { "wmUplineSo": "LONGVILLE", "wmType": "Overhead" }, "geometry": { "type": "LineString", "coordinates": [ [ -94.145642448740404, 47.037767565266897 ], [ -94.146108000000396, 47.037969800008803 ] ] } },
{ "type": "Feature", "properties": { "wmUplineSo": "LONGVILLE", "wmType": "Overhead" }, "geometry": { "type": "LineString", "coordinates": [ [ -94.145414488034902, 47.038592122635698 ], [ -94.146378100000405, 47.038246600008797 ] ] } },
{ "type": "Feature", "properties": { "wmUplineSo": "LONGVILLE", "wmType": "Overhead" }, "geometry": { "type": "LineString", "coordinates": [ [ -94.146849238078502, 47.038923953839301 ], [ -94.146790400000398, 47.039028200008801 ] ] } },
{ "type": "Feature", "properties": { "wmUplineSo": "LONGVILLE", "wmType": "Overhead" }, "geometry": { "type": "LineString", "coordinates": [ [ -94.146849238078502, 47.038923953839301 ], [ -94.146835600000401, 47.039117300008797 ] ] } },
{ "type": "Feature", "properties": { "wmUplineSo": "LONGVILLE", "wmType": "Overhead" }, "geometry": { "type": "LineString", "coordinates": [ [ -94.140045601904603, 47.052609515083503 ], [ -94.140049300000399, 47.052682000008801 ] ] } },
{ "type": "Feature", "properties": { "wmUplineSo": "LONGVILLE", "wmType": "Overhead" }, "geometry": { "type": "LineString", "coordinates": [ [ -94.146590921520499, 47.048766542979202 ], [ -94.146340392138498, 47.048846863764602 ] ] } },
{ "type": "Feature", "properties": { "wmUplineSo": "LONGVILLE", "wmType": "Overhead" }, "geometry": { "type": "LineString", "coordinates": [ [ -94.148204367347802, 47.050406870524299 ], [ -94.1488913000004, 47.048865300008799 ] ] } },
{ "type": "Feature", "properties": { "wmUplineSo": "LONGVILLE", "wmType": "Overhead" }, "geometry": { "type": "LineString", "coordinates": [ [ -94.107612791703602, 47.044609099200201 ], [ -94.107628500000402, 47.043467400008801 ] ] } },
{ "type": "Feature", "properties": { "wmUplineSo": "LONGVILLE", "wmType": "Overhead" }, "geometry": { "type": "LineString", "coordinates": [ [ -94.090356379404994, 47.037712385759299 ], [ -94.090017100000296, 47.037706400008801 ] ] } },
{ "type": "Feature", "properties": { "wmUplineSo": "LONGVILLE", "wmType": "Overhead" }, "geometry": { "type": "LineString", "coordinates": [ [ -94.094028235924696, 47.041992391928702 ], [ -94.093679800000302, 47.041886300008798 ] ] } },
{ "type": "Feature", "properties": { "wmUplineSo": "LONGVILLE", "wmType": "Overhead" }, "geometry": { "type": "LineString", "coordinates": [ [ -94.090422988306102, 47.0432169429113 ], [ -94.090097300000295, 47.043272100008799 ] ] } },
{ "type": "Feature", "properties": { "wmUplineSo": "LONGVILLE", "wmType": "Overhead" }, "geometry": { "type": "LineString", "coordinates": [ [ -94.084828776862494, 47.0445228852684 ], [ -94.084372900000304, 47.044754300008798 ] ] } },
{ "type": "Feature", "properties": { "wmUplineSo": "LONGVILLE", "wmType": "Overhead" }, "geometry": { "type": "LineString", "coordinates": [ [ -94.084277880244599, 47.048411333223299 ], [ -94.084044900000293, 47.048210800008803 ] ] } },
{ "type": "Feature", "properties": { "wmUplineSo": "LONGVILLE", "wmType": "Overhead" }, "geometry": { "type": "LineString", "coordinates": [ [ -94.078512119641204, 47.042755937034798 ], [ -94.078227400000301, 47.042800500008802 ] ] } },
{ "type": "Feature", "properties": { "wmUplineSo": "LONGVILLE", "wmType": "Overhead" }, "geometry": { "type": "LineString", "coordinates": [ [ -94.192430115729195, 47.011380293309202 ], [ -94.191424082096802, 47.011892080648302 ] ] } },
{ "type": "Feature", "properties": { "wmUplineSo": "LONGVILLE", "wmType": "Overhead" }, "geometry": { "type": "LineString", "coordinates": [ [ -94.247766928033002, 47.055902465374402 ], [ -94.247960941216306, 47.056480815941903 ] ] } },
{ "type": "Feature", "properties": { "wmUplineSo": "LONGVILLE", "wmType": "Overhead" }, "geometry": { "type": "LineString", "coordinates": [ [ -94.225082828273102, 47.061494739134098 ], [ -94.225124827348296, 47.061524739596798 ] ] } },
{ "type": "Feature", "properties": { "wmUplineSo": "LONGVILLE", "wmType": "Overhead" }, "geometry": { "type": "LineString", "coordinates": [ [ -94.213669426976097, 47.011746826234003 ], [ -94.213582460000495, 47.011446370008798 ] ] } },
{ "type": "Feature", "properties": { "wmUplineSo": "LONGVILLE", "wmType": "Overhead" }, "geometry": { "type": "LineString", "coordinates": [ [ -94.114052613872303, 47.097102513111203 ], [ -94.114580086140904, 47.096925421848901 ] ] } },
{ "type": "Feature", "properties": { "wmUplineSo": "LONGVILLE", "wmType": "Overhead" }, "geometry": { "type": "LineString", "coordinates": [ [ -94.204091979163493, 47.035621170827604 ], [ -94.204095961787999, 47.034750944378402 ] ] } },
{ "type": "Feature", "properties": { "wmUplineSo": "LONGVILLE", "wmType": "Overhead" }, "geometry": { "type": "LineString", "coordinates": [ [ -94.181005315157506, 47.0253637227556 ], [ -94.180838320518504, 47.025820530812098 ] ] } },
{ "type": "Feature", "properties": { "wmUplineSo": "LONGVILLE", "wmType": "Overhead" }, "geometry": { "type": "LineString", "coordinates": [ [ -94.204095961787999, 47.034750944378402 ], [ -94.204114978757403, 47.033825282885701 ] ] } },
{ "type": "Feature", "properties": { "wmUplineSo": "LONGVILLE", "wmType": "Overhead" }, "geometry": { "type": "LineString", "coordinates": [ [ -94.204114978757403, 47.033825282885701 ], [ -94.204135941079201, 47.033000157996703 ] ] } },
{ "type": "Feature", "properties": { "wmUplineSo": "LONGVILLE", "wmType": "Overhead" }, "geometry": { "type": "LineString", "coordinates": [ [ -94.110812480815, 47.098455849899601 ], [ -94.110751300000402, 47.098688800008901 ] ] } },
{ "type": "Feature", "properties": { "wmUplineSo": "LONGVILLE", "wmType": "Overhead" }, "geometry": { "type": "LineString", "coordinates": [ [ -94.247377, 47.053077 ], [ -94.24831, 47.053097 ] ] } },
{ "type": "Feature", "properties": { "wmUplineSo": "LONGVILLE", "wmType": "Overhead" }, "geometry": { "type": "LineString", "coordinates": [ [ -94.210296000073996, 47.052646003574303 ], [ -94.209360000074, 47.052637003574503 ] ] } },
{ "type": "Feature", "properties": { "wmUplineSo": "LONGVILLE", "wmType": "Overhead" }, "geometry": { "type": "LineString", "coordinates": [ [ -94.209360000074, 47.052637003574503 ], [ -94.208446000073906, 47.052629003574403 ] ] } },
{ "type": "Feature", "properties": { "wmUplineSo": "LONGVILLE", "wmType": "Overhead" }, "geometry": { "type": "LineString", "coordinates": [ [ -94.148263119086593, 47.035153090441703 ], [ -94.148318795748906, 47.035163672503103 ] ] } }
]
}
