{
"type": "FeatureCollection",
"crs": { "type": "name", "properties": { "name": "urn:ogc:def:crs:OGC:1.3:CRS84" } },
"features": [
{ "type": "Feature", "properties": { "wmUplineSo": "ORR", "wmType": "Overhead" }, "geometry": { "type": "LineString", "coordinates": [ [ -92.863134473167904, 48.0380750830629 ], [ -92.863002389193994, 48.038444186395601 ] ] } },
{ "type": "Feature", "properties": { "wmUplineSo": "ORR", "wmType": "Overhead" }, "geometry": { "type": "LineString", "coordinates": [ [ -92.860420772967004, 48.0558458087622 ], [ -92.861918, 48.055506000000101 ] ] } },
{ "type": "Feature", "properties": { "wmUplineSo": "ORR", "wmType": "Overhead" }, "geometry": { "type": "LineString", "coordinates": [ [ -92.861918, 48.055506000000101 ], [ -92.861914364750703, 48.055519118031498 ] ] } },
{ "type": "Feature", "properties": { "wmUplineSo": "ORR", "wmType": "Overhead" }, "geometry": { "type": "LineString", "coordinates": [ [ -92.861914364750703, 48.055519118031498 ], [ -92.861912252368001, 48.055587661352 ] ] } },
{ "type": "Feature", "properties": { "wmUplineSo": "ORR", "wmType": "Overhead" }, "geometry": { "type": "LineString", "coordinates": [ [ -92.871583109488, 48.021798547064797 ], [ -92.872005316344499, 48.021801240026299 ] ] } },
{ "type": "Feature", "properties": { "wmUplineSo": "ORR", "wmType": "Overhead" }, "geometry": { "type": "LineString", "coordinates": [ [ -92.871573519269106, 48.0216595150195 ], [ -92.871572549727702, 48.021656590775798 ], [ -92.871462319833896, 48.021324123071402 ] ] } },
{ "type": "Feature", "properties": { "wmUplineSo": "ORR", "wmType": "Overhead" }, "geometry": { "type": "LineString", "coordinates": [ [ -92.871573519269106, 48.0216595150195 ], [ -92.871557932367807, 48.021649023384697 ] ] } },
{ "type": "Feature", "properties": { "wmUplineSo": "ORR", "wmType": "Overhead" }, "geometry": { "type": "LineString", "coordinates": [ [ -92.835055102774604, 48.037234938392302 ], [ -92.835833548760107, 48.037193317899501 ] ] } },
{ "type": "Feature", "properties": { "wmUplineSo": "ORR", "wmType": "Overhead" }, "geometry": { "type": "LineString", "coordinates": [ [ -92.820579590777797, 48.035030368339498 ], [ -92.820242, 48.034269 ] ] } },
{ "type": "Feature", "properties": { "wmUplineSo": "ORR", "wmType": "Overhead" }, "geometry": { "type": "LineString", "coordinates": [ [ -92.820242, 48.034269 ], [ -92.819805582124701, 48.034211898583202 ] ] } },
{ "type": "Feature", "properties": { "wmUplineSo": "ORR", "wmType": "Overhead" }, "geometry": { "type": "LineString", "coordinates": [ [ -92.820242, 48.034269 ], [ -92.820078156195905, 48.033854117757897 ] ] } },
{ "type": "Feature", "properties": { "wmUplineSo": "ORR", "wmType": "Overhead" }, "geometry": { "type": "LineString", "coordinates": [ [ -92.820078156195905, 48.033854117757897 ], [ -92.819792, 48.03329 ] ] } },
{ "type": "Feature", "properties": { "wmUplineSo": "ORR", "wmType": "Overhead" }, "geometry": { "type": "LineString", "coordinates": [ [ -92.819792, 48.03329 ], [ -92.819674330973598, 48.032721390197501 ], [ -92.81952633, 48.032006190010001 ] ] } },
{ "type": "Feature", "properties": { "wmUplineSo": "ORR", "wmType": "Overhead" }, "geometry": { "type": "LineString", "coordinates": [ [ -92.809369711813105, 47.968088638725703 ], [ -92.808696810608097, 47.968078068923198 ] ] } },
{ "type": "Feature", "properties": { "wmUplineSo": "ORR", "wmType": "Overhead" }, "geometry": { "type": "LineString", "coordinates": [ [ -92.809369711813105, 47.968088638725703 ], [ -92.80916542, 47.968243940009899 ] ] } },
{ "type": "Feature", "properties": { "wmUplineSo": "ORR", "wmType": "Overhead" }, "geometry": { "type": "LineString", "coordinates": [ [ -92.804873515860194, 47.968060034828703 ], [ -92.8038948114052, 47.968092791247599 ], [ -92.802717327322895, 47.968132189545997 ], [ -92.802717327322895, 47.968132189545997 ], [ -92.801796421094593, 47.968162994364199 ], [ -92.801350473902303, 47.967757809222597 ] ] } },
{ "type": "Feature", "properties": { "wmUplineSo": "ORR", "wmType": "Overhead" }, "geometry": { "type": "LineString", "coordinates": [ [ -92.845438993788505, 48.033560697751298 ], [ -92.846490737443403, 48.033582386200301 ] ] } },
{ "type": "Feature", "properties": { "wmUplineSo": "ORR", "wmType": "Overhead" }, "geometry": { "type": "LineString", "coordinates": [ [ -92.846490737443403, 48.033582386200301 ], [ -92.846485494715296, 48.034159118145503 ] ] } },
{ "type": "Feature", "properties": { "wmUplineSo": "ORR", "wmType": "Overhead" }, "geometry": { "type": "LineString", "coordinates": [ [ -92.846485494715296, 48.034159118145503 ], [ -92.846505393265502, 48.034727080727599 ] ] } },
{ "type": "Feature", "properties": { "wmUplineSo": "ORR", "wmType": "Overhead" }, "geometry": { "type": "LineString", "coordinates": [ [ -92.846505393265502, 48.034727080727599 ], [ -92.846510217383198, 48.035196059114803 ] ] } },
{ "type": "Feature", "properties": { "wmUplineSo": "ORR", "wmType": "Overhead" }, "geometry": { "type": "LineString", "coordinates": [ [ -92.846510217383198, 48.035196059114803 ], [ -92.846516161957197, 48.0357609998591 ] ] } },
{ "type": "Feature", "properties": { "wmUplineSo": "ORR", "wmType": "Overhead" }, "geometry": { "type": "LineString", "coordinates": [ [ -92.846516161957197, 48.0357609998591 ], [ -92.846522249239399, 48.036528333222599 ] ] } },
{ "type": "Feature", "properties": { "wmUplineSo": "ORR", "wmType": "Overhead" }, "geometry": { "type": "LineString", "coordinates": [ [ -92.846522249239399, 48.036528333222599 ], [ -92.845685126539195, 48.036464272079499 ] ] } },
{ "type": "Feature", "properties": { "wmUplineSo": "ORR", "wmType": "Overhead" }, "geometry": { "type": "LineString", "coordinates": [ [ -92.846522249239399, 48.036528333222599 ], [ -92.846542382484003, 48.0373184160824 ] ] } },
{ "type": "Feature", "properties": { "wmUplineSo": "ORR", "wmType": "Overhead" }, "geometry": { "type": "LineString", "coordinates": [ [ -92.846522249239399, 48.036528333222599 ], [ -92.846553509273406, 48.0381137409506 ] ] } },
{ "type": "Feature", "properties": { "wmUplineSo": "ORR", "wmType": "Overhead" }, "geometry": { "type": "LineString", "coordinates": [ [ -92.846553509273406, 48.0381137409506 ], [ -92.846520606250095, 48.038902128891998 ] ] } },
{ "type": "Feature", "properties": { "wmUplineSo": "ORR", "wmType": "Overhead" }, "geometry": { "type": "LineString", "coordinates": [ [ -92.846520606250095, 48.038902128891998 ], [ -92.846533401651897, 48.039181157700298 ] ] } },
{ "type": "Feature", "properties": { "wmUplineSo": "ORR", "wmType": "Overhead" }, "geometry": { "type": "LineString", "coordinates": [ [ -92.846533401651897, 48.039181157700298 ], [ -92.846548018729905, 48.039966624998101 ] ] } },
{ "type": "Feature", "properties": { "wmUplineSo": "ORR", "wmType": "Overhead" }, "geometry": { "type": "LineString", "coordinates": [ [ -92.846548018729905, 48.039966624998101 ], [ -92.846539947279695, 48.040751744742899 ] ] } },
{ "type": "Feature", "properties": { "wmUplineSo": "ORR", "wmType": "Overhead" }, "geometry": { "type": "LineString", "coordinates": [ [ -92.846539947279695, 48.040751744742899 ], [ -92.8465360053697, 48.041461636391901 ] ] } },
{ "type": "Feature", "properties": { "wmUplineSo": "ORR", "wmType": "Overhead" }, "geometry": { "type": "LineString", "coordinates": [ [ -92.8465360053697, 48.041461636391901 ], [ -92.846539041914696, 48.042167851250397 ] ] } },
{ "type": "Feature", "properties": { "wmUplineSo": "ORR", "wmType": "Overhead" }, "geometry": { "type": "LineString", "coordinates": [ [ -92.846539041914696, 48.042167851250397 ], [ -92.846546293976402, 48.042890348283699 ] ] } },
{ "type": "Feature", "properties": { "wmUplineSo": "ORR", "wmType": "Overhead" }, "geometry": { "type": "LineString", "coordinates": [ [ -92.846546293976402, 48.042890348283699 ], [ -92.846557588597705, 48.043576334829801 ] ] } },
{ "type": "Feature", "properties": { "wmUplineSo": "ORR", "wmType": "Overhead" }, "geometry": { "type": "LineString", "coordinates": [ [ -92.846557588597705, 48.043576334829801 ], [ -92.847663324990904, 48.0435598172973 ] ] } },
{ "type": "Feature", "properties": { "wmUplineSo": "ORR", "wmType": "Overhead" }, "geometry": { "type": "LineString", "coordinates": [ [ -92.847663324990904, 48.0435598172973 ], [ -92.848736559118606, 48.043554540137698 ] ] } },
{ "type": "Feature", "properties": { "wmUplineSo": "ORR", "wmType": "Overhead" }, "geometry": { "type": "LineString", "coordinates": [ [ -92.848736559118606, 48.043554540137698 ], [ -92.849797999941003, 48.0435495657226 ] ] } },
{ "type": "Feature", "properties": { "wmUplineSo": "ORR", "wmType": "Overhead" }, "geometry": { "type": "LineString", "coordinates": [ [ -92.849797999941003, 48.0435495657226 ], [ -92.850823999949398, 48.0435470481724 ] ] } },
{ "type": "Feature", "properties": { "wmUplineSo": "ORR", "wmType": "Overhead" }, "geometry": { "type": "LineString", "coordinates": [ [ -92.859215590026807, 48.043514917563698 ], [ -92.859302468966405, 48.042897524016396 ] ] } },
{ "type": "Feature", "properties": { "wmUplineSo": "ORR", "wmType": "Overhead" }, "geometry": { "type": "LineString", "coordinates": [ [ -92.859302468966405, 48.042897524016396 ], [ -92.860139, 48.042729000000101 ] ] } },
{ "type": "Feature", "properties": { "wmUplineSo": "ORR", "wmType": "Overhead" }, "geometry": { "type": "LineString", "coordinates": [ [ -92.859302468966405, 48.042897524016396 ], [ -92.859359741703102, 48.042430261840302 ], [ -92.859361282811193, 48.0424176885221 ] ] } },
{ "type": "Feature", "properties": { "wmUplineSo": "ORR", "wmType": "Overhead" }, "geometry": { "type": "LineString", "coordinates": [ [ -92.860139, 48.042729000000101 ], [ -92.860083474381796, 48.042671434639402 ] ] } },
{ "type": "Feature", "properties": { "wmUplineSo": "ORR", "wmType": "Overhead" }, "geometry": { "type": "LineString", "coordinates": [ [ -92.864592172354804, 48.031086780261496 ], [ -92.864883271569695, 48.030929682671101 ] ] } },
{ "type": "Feature", "properties": { "wmUplineSo": "ORR", "wmType": "Overhead" }, "geometry": { "type": "LineString", "coordinates": [ [ -92.829875895191407, 48.0313049992386 ], [ -92.829790295574895, 48.030541938784197 ], [ -92.829790295574895, 48.030541938784197 ] ] } },
{ "type": "Feature", "properties": { "wmUplineSo": "ORR", "wmType": "Overhead" }, "geometry": { "type": "LineString", "coordinates": [ [ -92.848879270601103, 48.060816661378702 ], [ -92.848934674912002, 48.0610040587976 ] ] } },
{ "type": "Feature", "properties": { "wmUplineSo": "ORR", "wmType": "Overhead" }, "geometry": { "type": "LineString", "coordinates": [ [ -92.848934674912002, 48.0610040587976 ], [ -92.848933, 48.061087 ] ] } },
{ "type": "Feature", "properties": { "wmUplineSo": "ORR", "wmType": "Overhead" }, "geometry": { "type": "LineString", "coordinates": [ [ -92.871462319833896, 48.021324123071402 ], [ -92.871632143851301, 48.0208101244285 ] ] } },
{ "type": "Feature", "properties": { "wmUplineSo": "ORR", "wmType": "Overhead" }, "geometry": { "type": "LineString", "coordinates": [ [ -92.871578297371897, 48.022288290299997 ], [ -92.871346899343905, 48.022874587046701 ] ] } },
{ "type": "Feature", "properties": { "wmUplineSo": "ORR", "wmType": "Overhead" }, "geometry": { "type": "LineString", "coordinates": [ [ -92.867921827858893, 48.025419608530598 ], [ -92.867968431417395, 48.024702899740902 ] ] } },
{ "type": "Feature", "properties": { "wmUplineSo": "ORR", "wmType": "Overhead" }, "geometry": { "type": "LineString", "coordinates": [ [ -92.867927715561507, 48.0260100175799 ], [ -92.867921827858893, 48.025419608530598 ] ] } },
{ "type": "Feature", "properties": { "wmUplineSo": "ORR", "wmType": "Overhead" }, "geometry": { "type": "LineString", "coordinates": [ [ -92.867968431417395, 48.024702899740902 ], [ -92.867957277166994, 48.024398995477199 ], [ -92.8679582379241, 48.0237130973996 ], [ -92.867964141649594, 48.023053710140303 ], [ -92.867968166096603, 48.022326175170903 ], [ -92.867990246167693, 48.021296719504498 ] ] } },
{ "type": "Feature", "properties": { "wmUplineSo": "ORR", "wmType": "Overhead" }, "geometry": { "type": "LineString", "coordinates": [ [ -92.867921827858893, 48.025419608530598 ], [ -92.867974333201403, 48.025360789407003 ] ] } },
{ "type": "Feature", "properties": { "wmUplineSo": "ORR", "wmType": "Overhead" }, "geometry": { "type": "LineString", "coordinates": [ [ -92.830634850228705, 48.032133218209701 ], [ -92.830665657237702, 48.032154688104299 ], [ -92.830665657237702, 48.032154688104299 ] ] } },
{ "type": "Feature", "properties": { "wmUplineSo": "ORR", "wmType": "Overhead" }, "geometry": { "type": "LineString", "coordinates": [ [ -92.830747887173899, 48.032571087804797 ], [ -92.830845899750003, 48.0329865089059 ] ] } },
{ "type": "Feature", "properties": { "wmUplineSo": "ORR", "wmType": "Overhead" }, "geometry": { "type": "LineString", "coordinates": [ [ -92.830845899750003, 48.0329865089059 ], [ -92.830937167002304, 48.033368843633703 ] ] } },
{ "type": "Feature", "properties": { "wmUplineSo": "ORR", "wmType": "Overhead" }, "geometry": { "type": "LineString", "coordinates": [ [ -92.830937167002304, 48.033368843633703 ], [ -92.8312536, 48.033762100010001 ] ] } },
{ "type": "Feature", "properties": { "wmUplineSo": "ORR", "wmType": "Overhead" }, "geometry": { "type": "LineString", "coordinates": [ [ -92.829973477401197, 48.032078822803001 ], [ -92.829972987550406, 48.032074938361298 ], [ -92.829875895191407, 48.0313049992386 ] ] } },
{ "type": "Feature", "properties": { "wmUplineSo": "ORR", "wmType": "Overhead" }, "geometry": { "type": "LineString", "coordinates": [ [ -92.829973477401197, 48.032078822803001 ], [ -92.830076630704596, 48.031852431297501 ], [ -92.8301491, 48.031762900010001 ], [ -92.8301491, 48.031762900010001 ] ] } },
{ "type": "Feature", "properties": { "wmUplineSo": "ORR", "wmType": "Overhead" }, "geometry": { "type": "LineString", "coordinates": [ [ -92.830613082446604, 48.032087025848497 ], [ -92.830502600742307, 48.031781794683802 ] ] } },
{ "type": "Feature", "properties": { "wmUplineSo": "ORR", "wmType": "Overhead" }, "geometry": { "type": "LineString", "coordinates": [ [ -92.830665657237702, 48.032154688104299 ], [ -92.830747887173899, 48.032571087804797 ] ] } },
{ "type": "Feature", "properties": { "wmUplineSo": "ORR", "wmType": "Overhead" }, "geometry": { "type": "LineString", "coordinates": [ [ -92.835958215283299, 48.0336715590322 ], [ -92.836851216297404, 48.0335775594911 ] ] } },
{ "type": "Feature", "properties": { "wmUplineSo": "ORR", "wmType": "Overhead" }, "geometry": { "type": "LineString", "coordinates": [ [ -92.835698214678402, 48.033970558895703 ], [ -92.835958215283299, 48.0336715590322 ] ] } },
{ "type": "Feature", "properties": { "wmUplineSo": "ORR", "wmType": "Overhead" }, "geometry": { "type": "LineString", "coordinates": [ [ -92.835076213287394, 48.034636558570099 ], [ -92.835698214678402, 48.033970558895703 ] ] } },
{ "type": "Feature", "properties": { "wmUplineSo": "ORR", "wmType": "Overhead" }, "geometry": { "type": "LineString", "coordinates": [ [ -92.834492211941694, 48.035296558263802 ], [ -92.835076213287394, 48.034636558570099 ] ] } },
{ "type": "Feature", "properties": { "wmUplineSo": "ORR", "wmType": "Overhead" }, "geometry": { "type": "LineString", "coordinates": [ [ -92.833893210585401, 48.035952557949898 ], [ -92.834492211941694, 48.035296558263802 ] ] } },
{ "type": "Feature", "properties": { "wmUplineSo": "ORR", "wmType": "Overhead" }, "geometry": { "type": "LineString", "coordinates": [ [ -92.833301209239494, 48.036605557639398 ], [ -92.833893210585401, 48.035952557949898 ] ] } },
{ "type": "Feature", "properties": { "wmUplineSo": "ORR", "wmType": "Overhead" }, "geometry": { "type": "LineString", "coordinates": [ [ -92.832430208341194, 48.036617557192699 ], [ -92.833301209239494, 48.036605557639398 ] ] } },
{ "type": "Feature", "properties": { "wmUplineSo": "ORR", "wmType": "Overhead" }, "geometry": { "type": "LineString", "coordinates": [ [ -92.832430208341194, 48.036617557192699 ], [ -92.832660207556501, 48.037510557301403 ] ] } },
{ "type": "Feature", "properties": { "wmUplineSo": "ORR", "wmType": "Overhead" }, "geometry": { "type": "LineString", "coordinates": [ [ -92.832660207556501, 48.037510557301403 ], [ -92.832819206904901, 48.038223557375701 ] ] } },
{ "type": "Feature", "properties": { "wmUplineSo": "ORR", "wmType": "Overhead" }, "geometry": { "type": "LineString", "coordinates": [ [ -92.832819206904901, 48.038223557375701 ], [ -92.833001206253797, 48.038956557461603 ] ] } },
{ "type": "Feature", "properties": { "wmUplineSo": "ORR", "wmType": "Overhead" }, "geometry": { "type": "LineString", "coordinates": [ [ -92.833001206253797, 48.038956557461603 ], [ -92.833182205598206, 48.0396925575469 ] ] } },
{ "type": "Feature", "properties": { "wmUplineSo": "ORR", "wmType": "Overhead" }, "geometry": { "type": "LineString", "coordinates": [ [ -92.833182205598206, 48.0396925575469 ], [ -92.833258204875904, 48.040393557578703 ] ] } },
{ "type": "Feature", "properties": { "wmUplineSo": "ORR", "wmType": "Overhead" }, "geometry": { "type": "LineString", "coordinates": [ [ -92.833258204875904, 48.040393557578703 ], [ -92.833346204162396, 48.041097557616602 ] ] } },
{ "type": "Feature", "properties": { "wmUplineSo": "ORR", "wmType": "Overhead" }, "geometry": { "type": "LineString", "coordinates": [ [ -92.833346204162396, 48.041097557616602 ], [ -92.833245203160999, 48.041885557556697 ] ] } },
{ "type": "Feature", "properties": { "wmUplineSo": "ORR", "wmType": "Overhead" }, "geometry": { "type": "LineString", "coordinates": [ [ -92.833245203160999, 48.041885557556697 ], [ -92.833168202167997, 48.042687557508899 ] ] } },
{ "type": "Feature", "properties": { "wmUplineSo": "ORR", "wmType": "Overhead" }, "geometry": { "type": "LineString", "coordinates": [ [ -92.833168202167997, 48.042687557508899 ], [ -92.833094201189397, 48.043479557462803 ] ] } },
{ "type": "Feature", "properties": { "wmUplineSo": "ORR", "wmType": "Overhead" }, "geometry": { "type": "LineString", "coordinates": [ [ -92.833094201189397, 48.043479557462803 ], [ -92.833014200198903, 48.044276557413802 ] ] } },
{ "type": "Feature", "properties": { "wmUplineSo": "ORR", "wmType": "Overhead" }, "geometry": { "type": "LineString", "coordinates": [ [ -92.833014200198903, 48.044276557413802 ], [ -92.832935199218596, 48.045065557365 ] ] } },
{ "type": "Feature", "properties": { "wmUplineSo": "ORR", "wmType": "Overhead" }, "geometry": { "type": "LineString", "coordinates": [ [ -92.831657207569805, 48.036605556796196 ], [ -92.8317096539012, 48.036546709609802 ] ] } },
{ "type": "Feature", "properties": { "wmUplineSo": "ORR", "wmType": "Overhead" }, "geometry": { "type": "LineString", "coordinates": [ [ -92.850779486256798, 48.047036813516698 ], [ -92.849779703052803, 48.047058363431198 ], [ -92.849714265528306, 48.047058936669799 ], [ -92.848833920069595, 48.047066644951002 ], [ -92.848740049835897, 48.047067213080801 ], [ -92.847800099119894, 48.047072897704503 ], [ -92.847257103940606, 48.047253094510303 ] ] } },
{ "type": "Feature", "properties": { "wmUplineSo": "ORR", "wmType": "Overhead" }, "geometry": { "type": "LineString", "coordinates": [ [ -92.8142931769097, 48.048019547768597 ], [ -92.814949177635398, 48.047967548106001 ] ] } },
{ "type": "Feature", "properties": { "wmUplineSo": "ORR", "wmType": "Overhead" }, "geometry": { "type": "LineString", "coordinates": [ [ -92.813501721240698, 48.0456813755318 ], [ -92.8134621549993, 48.044876574239296 ], [ -92.813449680581101, 48.044622831955003 ] ] } },
{ "type": "Feature", "properties": { "wmUplineSo": "ORR", "wmType": "Overhead" }, "geometry": { "type": "LineString", "coordinates": [ [ -92.865080090584897, 48.0495080770485 ], [ -92.865529590611999, 48.049397586177399 ], [ -92.866327748545103, 48.049220342654799 ] ] } },
{ "type": "Feature", "properties": { "wmUplineSo": "ORR", "wmType": "Overhead" }, "geometry": { "type": "LineString", "coordinates": [ [ -92.856964217012106, 48.050875569628403 ], [ -92.8570515, 48.050589900010003 ] ] } },
{ "type": "Feature", "properties": { "wmUplineSo": "ORR", "wmType": "Overhead" }, "geometry": { "type": "LineString", "coordinates": [ [ -92.856964217012106, 48.050875569628403 ], [ -92.858308937627598, 48.0508634263659 ] ] } },
{ "type": "Feature", "properties": { "wmUplineSo": "ORR", "wmType": "Overhead" }, "geometry": { "type": "LineString", "coordinates": [ [ -92.825850872175593, 48.018037943519602 ], [ -92.825920854754102, 48.017987986241998 ] ] } },
{ "type": "Feature", "properties": { "wmUplineSo": "ORR", "wmType": "Overhead" }, "geometry": { "type": "LineString", "coordinates": [ [ -92.827675303994198, 48.016927786625502 ], [ -92.826812887659997, 48.017431476205303 ] ] } },
{ "type": "Feature", "properties": { "wmUplineSo": "ORR", "wmType": "Overhead" }, "geometry": { "type": "LineString", "coordinates": [ [ -92.810088, 47.962963 ], [ -92.809304, 47.96302 ] ] } },
{ "type": "Feature", "properties": { "wmUplineSo": "ORR", "wmType": "Overhead" }, "geometry": { "type": "LineString", "coordinates": [ [ -92.809304, 47.96302 ], [ -92.808569, 47.963070000000101 ] ] } },
{ "type": "Feature", "properties": { "wmUplineSo": "ORR", "wmType": "Overhead" }, "geometry": { "type": "LineString", "coordinates": [ [ -92.8579949, 48.019783950009902 ], [ -92.8579432018185, 48.019731685289202 ] ] } },
{ "type": "Feature", "properties": { "wmUplineSo": "ORR", "wmType": "Overhead" }, "geometry": { "type": "LineString", "coordinates": [ [ -92.850823999949398, 48.0435470481724 ], [ -92.8518448068141, 48.043569967732999 ] ] } },
{ "type": "Feature", "properties": { "wmUplineSo": "ORR", "wmType": "Overhead" }, "geometry": { "type": "LineString", "coordinates": [ [ -92.809516720836598, 48.051951472469497 ], [ -92.8094982866686, 48.052018907096802 ] ] } },
{ "type": "Feature", "properties": { "wmUplineSo": "ORR", "wmType": "Overhead" }, "geometry": { "type": "LineString", "coordinates": [ [ -92.851862740140803, 48.047005273101902 ], [ -92.850779486256798, 48.047036813516698 ] ] } },
{ "type": "Feature", "properties": { "wmUplineSo": "ORR", "wmType": "Overhead" }, "geometry": { "type": "LineString", "coordinates": [ [ -92.827390988008005, 48.036585207762798 ], [ -92.828775079941494, 48.0366408400022 ] ] } },
{ "type": "Feature", "properties": { "wmUplineSo": "ORR", "wmType": "Overhead" }, "geometry": { "type": "LineString", "coordinates": [ [ -92.824915154849606, 48.036617168936701 ], [ -92.825980058127598, 48.036594981854499 ] ] } },
{ "type": "Feature", "properties": { "wmUplineSo": "ORR", "wmType": "Overhead" }, "geometry": { "type": "LineString", "coordinates": [ [ -92.822901234831093, 48.036566731345303 ], [ -92.824125512365299, 48.036586206671998 ] ] } },
{ "type": "Feature", "properties": { "wmUplineSo": "ORR", "wmType": "Overhead" }, "geometry": { "type": "LineString", "coordinates": [ [ -92.828775079941494, 48.0366408400022 ], [ -92.830012765456601, 48.036573202309498 ] ] } },
{ "type": "Feature", "properties": { "wmUplineSo": "ORR", "wmType": "Overhead" }, "geometry": { "type": "LineString", "coordinates": [ [ -92.820190730713605, 48.036574960499003 ], [ -92.821436877263807, 48.036570157010097 ] ] } },
{ "type": "Feature", "properties": { "wmUplineSo": "ORR", "wmType": "Overhead" }, "geometry": { "type": "LineString", "coordinates": [ [ -92.80848381, 48.051522960009997 ], [ -92.809304250184098, 48.051647407142497 ] ] } },
{ "type": "Feature", "properties": { "wmUplineSo": "ORR", "wmType": "Overhead" }, "geometry": { "type": "LineString", "coordinates": [ [ -92.809304250184098, 48.051647407142497 ], [ -92.809516720836598, 48.051951472469497 ] ] } },
{ "type": "Feature", "properties": { "wmUplineSo": "ORR", "wmType": "Overhead" }, "geometry": { "type": "LineString", "coordinates": [ [ -92.851868801356801, 48.047760837736597 ], [ -92.8518311, 48.047797800010002 ] ] } },
{ "type": "Feature", "properties": { "wmUplineSo": "ORR", "wmType": "Overhead" }, "geometry": { "type": "LineString", "coordinates": [ [ -92.851836713904603, 48.050587914012901 ], [ -92.851065, 48.05086 ] ] } },
{ "type": "Feature", "properties": { "wmUplineSo": "ORR", "wmType": "Overhead" }, "geometry": { "type": "LineString", "coordinates": [ [ -92.8680420370885, 48.024719101059198 ], [ -92.868564519655393, 48.024840839725002 ] ] } },
{ "type": "Feature", "properties": { "wmUplineSo": "ORR", "wmType": "Overhead" }, "geometry": { "type": "LineString", "coordinates": [ [ -92.827888999988105, 48.006919003841801 ], [ -92.827871045791497, 48.006920446325502 ] ] } },
{ "type": "Feature", "properties": { "wmUplineSo": "ORR", "wmType": "Overhead" }, "geometry": { "type": "LineString", "coordinates": [ [ -92.826942999988105, 48.006995003841901 ], [ -92.825908999988002, 48.007291003842099 ] ] } },
{ "type": "Feature", "properties": { "wmUplineSo": "ORR", "wmType": "Overhead" }, "geometry": { "type": "LineString", "coordinates": [ [ -92.825908999988002, 48.007291003842099 ], [ -92.824839999987901, 48.007390003841898 ] ] } },
{ "type": "Feature", "properties": { "wmUplineSo": "ORR", "wmType": "Overhead" }, "geometry": { "type": "LineString", "coordinates": [ [ -92.824839999987901, 48.007390003841898 ], [ -92.823790999987907, 48.007488003842198 ] ] } },
{ "type": "Feature", "properties": { "wmUplineSo": "ORR", "wmType": "Overhead" }, "geometry": { "type": "LineString", "coordinates": [ [ -92.823790999987907, 48.007488003842198 ], [ -92.822750751021303, 48.007584852899697 ] ] } },
{ "type": "Feature", "properties": { "wmUplineSo": "ORR", "wmType": "Overhead" }, "geometry": { "type": "LineString", "coordinates": [ [ -92.822750751021303, 48.007584852899697 ], [ -92.821749999987702, 48.007673003842001 ] ] } },
{ "type": "Feature", "properties": { "wmUplineSo": "ORR", "wmType": "Overhead" }, "geometry": { "type": "LineString", "coordinates": [ [ -92.821749999987702, 48.007673003842001 ], [ -92.821464546252102, 48.006956103491497 ] ] } },
{ "type": "Feature", "properties": { "wmUplineSo": "ORR", "wmType": "Overhead" }, "geometry": { "type": "LineString", "coordinates": [ [ -92.821464546252102, 48.006956103491497 ], [ -92.821166999987696, 48.006218003841703 ] ] } },
{ "type": "Feature", "properties": { "wmUplineSo": "ORR", "wmType": "Overhead" }, "geometry": { "type": "LineString", "coordinates": [ [ -92.821166999987696, 48.006218003841703 ], [ -92.820853847287907, 48.005465647959603 ] ] } },
{ "type": "Feature", "properties": { "wmUplineSo": "ORR", "wmType": "Overhead" }, "geometry": { "type": "LineString", "coordinates": [ [ -92.820853847287907, 48.005465647959603 ], [ -92.820533999987603, 48.004711003841301 ] ] } },
{ "type": "Feature", "properties": { "wmUplineSo": "ORR", "wmType": "Overhead" }, "geometry": { "type": "LineString", "coordinates": [ [ -92.820533999987603, 48.004711003841301 ], [ -92.820226999987597, 48.0039970038411 ] ] } },
{ "type": "Feature", "properties": { "wmUplineSo": "ORR", "wmType": "Overhead" }, "geometry": { "type": "LineString", "coordinates": [ [ -92.827871045791497, 48.006920446325502 ], [ -92.826942999988105, 48.006995003841901 ] ] } },
{ "type": "Feature", "properties": { "wmUplineSo": "ORR", "wmType": "Overhead" }, "geometry": { "type": "LineString", "coordinates": [ [ -92.820226999987597, 48.0039970038411 ], [ -92.820186049794003, 48.0039341943585 ] ] } },
{ "type": "Feature", "properties": { "wmUplineSo": "ORR", "wmType": "Overhead" }, "geometry": { "type": "LineString", "coordinates": [ [ -92.827042210687395, 47.997906443471301 ], [ -92.826162932837306, 47.997866459927401 ], [ -92.825116717026503, 47.997818876338599 ] ] } },
{ "type": "Feature", "properties": { "wmUplineSo": "ORR", "wmType": "Overhead" }, "geometry": { "type": "LineString", "coordinates": [ [ -92.8518448068141, 48.043569967732999 ], [ -92.851883219868498, 48.044326054331897 ] ] } },
{ "type": "Feature", "properties": { "wmUplineSo": "ORR", "wmType": "Overhead" }, "geometry": { "type": "LineString", "coordinates": [ [ -92.851883219868498, 48.044326054331897 ], [ -92.851892767227596, 48.044990274605297 ] ] } },
{ "type": "Feature", "properties": { "wmUplineSo": "ORR", "wmType": "Overhead" }, "geometry": { "type": "LineString", "coordinates": [ [ -92.851892767227596, 48.044990274605297 ], [ -92.851894527310293, 48.045665758241498 ] ] } },
{ "type": "Feature", "properties": { "wmUplineSo": "ORR", "wmType": "Overhead" }, "geometry": { "type": "LineString", "coordinates": [ [ -92.848879270601103, 48.060816661378702 ], [ -92.848720410477597, 48.061049409551899 ] ] } },
{ "type": "Feature", "properties": { "wmUplineSo": "ORR", "wmType": "Overhead" }, "geometry": { "type": "LineString", "coordinates": [ [ -92.845484625012304, 48.062083328645997 ], [ -92.845629193339903, 48.061523563708597 ] ] } },
{ "type": "Feature", "properties": { "wmUplineSo": "ORR", "wmType": "Overhead" }, "geometry": { "type": "LineString", "coordinates": [ [ -92.830318837985004, 47.997816109591902 ], [ -92.829331262107601, 47.997843346107999 ], [ -92.828325655285198, 47.997871071148097 ], [ -92.827042210687395, 47.997906443471301 ] ] } },
{ "type": "Feature", "properties": { "wmUplineSo": "ORR", "wmType": "Overhead" }, "geometry": { "type": "LineString", "coordinates": [ [ -92.811060420152998, 48.050887277496599 ], [ -92.812473800606099, 48.050950474538503 ] ] } },
{ "type": "Feature", "properties": { "wmUplineSo": "ORR", "wmType": "Overhead" }, "geometry": { "type": "LineString", "coordinates": [ [ -92.856345216386302, 48.050872569310897 ], [ -92.856964217012106, 48.050875569628403 ] ] } },
{ "type": "Feature", "properties": { "wmUplineSo": "ORR", "wmType": "Overhead" }, "geometry": { "type": "LineString", "coordinates": [ [ -92.824125512365299, 48.036586206671998 ], [ -92.824061672162699, 48.036739753127797 ] ] } },
{ "type": "Feature", "properties": { "wmUplineSo": "ORR", "wmType": "Overhead" }, "geometry": { "type": "LineString", "coordinates": [ [ -92.809075999986803, 48.044174003852397 ], [ -92.808891999986798, 48.0439870038525 ] ] } },
{ "type": "Feature", "properties": { "wmUplineSo": "ORR", "wmType": "Overhead" }, "geometry": { "type": "LineString", "coordinates": [ [ -92.824061672162699, 48.036739753127797 ], [ -92.8239659, 48.037164800009997 ] ] } },
{ "type": "Feature", "properties": { "wmUplineSo": "ORR", "wmType": "Overhead" }, "geometry": { "type": "LineString", "coordinates": [ [ -92.851445999989707, 48.031603003848801 ], [ -92.851444999989695, 48.030783003848804 ] ] } },
{ "type": "Feature", "properties": { "wmUplineSo": "ORR", "wmType": "Overhead" }, "geometry": { "type": "LineString", "coordinates": [ [ -92.831288068689105, 47.969678993484202 ], [ -92.830968554730504, 47.968802401700799 ], [ -92.830968554730504, 47.968802401700799 ] ] } },
{ "type": "Feature", "properties": { "wmUplineSo": "ORR", "wmType": "Overhead" }, "geometry": { "type": "LineString", "coordinates": [ [ -92.826812887659997, 48.017431476205303 ], [ -92.825850872175593, 48.018037943519602 ] ] } },
{ "type": "Feature", "properties": { "wmUplineSo": "ORR", "wmType": "Overhead" }, "geometry": { "type": "LineString", "coordinates": [ [ -92.827675303994198, 48.016927786625502 ], [ -92.827153133266606, 48.0164650993637 ] ] } },
{ "type": "Feature", "properties": { "wmUplineSo": "ORR", "wmType": "Overhead" }, "geometry": { "type": "LineString", "coordinates": [ [ -92.851894527310293, 48.045665758241498 ], [ -92.851876016858199, 48.046337107836997 ] ] } },
{ "type": "Feature", "properties": { "wmUplineSo": "ORR", "wmType": "Overhead" }, "geometry": { "type": "LineString", "coordinates": [ [ -92.845629193339903, 48.061523563708597 ], [ -92.845746204515606, 48.061028156187099 ] ] } },
{ "type": "Feature", "properties": { "wmUplineSo": "ORR", "wmType": "Overhead" }, "geometry": { "type": "LineString", "coordinates": [ [ -92.810347554104496, 48.027017408813101 ], [ -92.811028921605796, 48.026921520925399 ] ] } },
{ "type": "Feature", "properties": { "wmUplineSo": "ORR", "wmType": "Overhead" }, "geometry": { "type": "LineString", "coordinates": [ [ -92.851876016858199, 48.046337107836997 ], [ -92.851862740140803, 48.047005273101902 ] ] } },
{ "type": "Feature", "properties": { "wmUplineSo": "ORR", "wmType": "Overhead" }, "geometry": { "type": "LineString", "coordinates": [ [ -92.859361282811193, 48.0424176885221 ], [ -92.859419316278505, 48.041905831351997 ] ] } },
{ "type": "Feature", "properties": { "wmUplineSo": "ORR", "wmType": "Overhead" }, "geometry": { "type": "LineString", "coordinates": [ [ -92.862772171366998, 48.037921538619003 ], [ -92.863134473167904, 48.0380750830629 ] ] } },
{ "type": "Feature", "properties": { "wmUplineSo": "ORR", "wmType": "Overhead" }, "geometry": { "type": "LineString", "coordinates": [ [ -92.813579883971997, 47.964416421108503 ], [ -92.811867999987101, 47.964410003829798 ] ] } },
{ "type": "Feature", "properties": { "wmUplineSo": "ORR", "wmType": "Overhead" }, "geometry": { "type": "LineString", "coordinates": [ [ -92.806297011008894, 47.9682474722335 ], [ -92.806019893519306, 47.967610861281102 ] ] } },
{ "type": "Feature", "properties": { "wmUplineSo": "ORR", "wmType": "Overhead" }, "geometry": { "type": "LineString", "coordinates": [ [ -92.883590008324902, 48.0146111735326 ], [ -92.883585507233306, 48.014103058361499 ] ] } },
{ "type": "Feature", "properties": { "wmUplineSo": "ORR", "wmType": "Overhead" }, "geometry": { "type": "LineString", "coordinates": [ [ -92.883585507233306, 48.014103058361499 ], [ -92.883623837341105, 48.013251188848798 ] ] } },
{ "type": "Feature", "properties": { "wmUplineSo": "ORR", "wmType": "Overhead" }, "geometry": { "type": "LineString", "coordinates": [ [ -92.883623837341105, 48.013251188848798 ], [ -92.883670353651794, 48.012381583635701 ] ] } },
{ "type": "Feature", "properties": { "wmUplineSo": "ORR", "wmType": "Overhead" }, "geometry": { "type": "LineString", "coordinates": [ [ -92.883670353651794, 48.012381583635701 ], [ -92.883701052025899, 48.011569239741 ] ] } },
{ "type": "Feature", "properties": { "wmUplineSo": "ORR", "wmType": "Overhead" }, "geometry": { "type": "LineString", "coordinates": [ [ -92.883701052025899, 48.011569239741 ], [ -92.883744229430604, 48.010685969709101 ] ] } },
{ "type": "Feature", "properties": { "wmUplineSo": "ORR", "wmType": "Overhead" }, "geometry": { "type": "LineString", "coordinates": [ [ -92.871462319833896, 48.021324123071402 ], [ -92.871689604762807, 48.021476187358502 ] ] } },
{ "type": "Feature", "properties": { "wmUplineSo": "ORR", "wmType": "Overhead" }, "geometry": { "type": "LineString", "coordinates": [ [ -92.806019893519306, 47.967610861281102 ], [ -92.8054333, 47.967359300009903 ] ] } },
{ "type": "Feature", "properties": { "wmUplineSo": "ORR", "wmType": "Overhead" }, "geometry": { "type": "LineString", "coordinates": [ [ -92.883744229430604, 48.010685969709101 ], [ -92.883766183438198, 48.010175873733303 ] ] } },
{ "type": "Feature", "properties": { "wmUplineSo": "ORR", "wmType": "Overhead" }, "geometry": { "type": "LineString", "coordinates": [ [ -92.883766183438198, 48.010175873733303 ], [ -92.883820835883199, 48.009117686882099 ] ] } },
{ "type": "Feature", "properties": { "wmUplineSo": "ORR", "wmType": "Overhead" }, "geometry": { "type": "LineString", "coordinates": [ [ -92.883820835883199, 48.009117686882099 ], [ -92.883869298272998, 48.008314671082402 ] ] } },
{ "type": "Feature", "properties": { "wmUplineSo": "ORR", "wmType": "Overhead" }, "geometry": { "type": "LineString", "coordinates": [ [ -92.860321452511997, 48.032893309427799 ], [ -92.860318999990298, 48.033405003849602 ] ] } },
{ "type": "Feature", "properties": { "wmUplineSo": "ORR", "wmType": "Overhead" }, "geometry": { "type": "LineString", "coordinates": [ [ -92.851862740140803, 48.047005273101902 ], [ -92.851868801356801, 48.047760837736597 ] ] } },
{ "type": "Feature", "properties": { "wmUplineSo": "ORR", "wmType": "Overhead" }, "geometry": { "type": "LineString", "coordinates": [ [ -92.885933312856395, 48.009990117108302 ], [ -92.8862996, 48.010372600009902 ] ] } },
{ "type": "Feature", "properties": { "wmUplineSo": "ORR", "wmType": "Overhead" }, "geometry": { "type": "LineString", "coordinates": [ [ -92.883391710670594, 48.018844216378596 ], [ -92.8832893, 48.0192709000099 ] ] } },
{ "type": "Feature", "properties": { "wmUplineSo": "ORR", "wmType": "Overhead" }, "geometry": { "type": "LineString", "coordinates": [ [ -92.867984036386702, 48.0197925497367 ], [ -92.8675374, 48.019767100009901 ] ] } },
{ "type": "Feature", "properties": { "wmUplineSo": "ORR", "wmType": "Overhead" }, "geometry": { "type": "LineString", "coordinates": [ [ -92.867992567003, 48.020473688595402 ], [ -92.867844701910002, 48.020485194355501 ] ] } },
{ "type": "Feature", "properties": { "wmUplineSo": "ORR", "wmType": "Overhead" }, "geometry": { "type": "LineString", "coordinates": [ [ -92.870803709391396, 48.025319289725097 ], [ -92.8712845, 48.0251128000099 ] ] } },
{ "type": "Feature", "properties": { "wmUplineSo": "ORR", "wmType": "Overhead" }, "geometry": { "type": "LineString", "coordinates": [ [ -92.871578297371897, 48.022288290299997 ], [ -92.8715483, 48.022324600010002 ] ] } },
{ "type": "Feature", "properties": { "wmUplineSo": "ORR", "wmType": "Overhead" }, "geometry": { "type": "LineString", "coordinates": [ [ -92.871578297371897, 48.022288290299997 ], [ -92.8715196, 48.022321300009899 ] ] } },
{ "type": "Feature", "properties": { "wmUplineSo": "ORR", "wmType": "Overhead" }, "geometry": { "type": "LineString", "coordinates": [ [ -92.871632143851301, 48.0208101244285 ], [ -92.8715566, 48.021206600009897 ] ] } },
{ "type": "Feature", "properties": { "wmUplineSo": "ORR", "wmType": "Overhead" }, "geometry": { "type": "LineString", "coordinates": [ [ -92.871632143851301, 48.0208101244285 ], [ -92.8717335, 48.020904900009903 ] ] } },
{ "type": "Feature", "properties": { "wmUplineSo": "ORR", "wmType": "Overhead" }, "geometry": { "type": "LineString", "coordinates": [ [ -92.871632143851301, 48.0208101244285 ], [ -92.8717036, 48.020579300009899 ] ] } },
{ "type": "Feature", "properties": { "wmUplineSo": "ORR", "wmType": "Overhead" }, "geometry": { "type": "LineString", "coordinates": [ [ -92.871632143851301, 48.0208101244285 ], [ -92.8718358, 48.020617600009899 ] ] } },
{ "type": "Feature", "properties": { "wmUplineSo": "ORR", "wmType": "Overhead" }, "geometry": { "type": "LineString", "coordinates": [ [ -92.868299398659602, 48.0319696499879 ], [ -92.8677933, 48.031801800010001 ] ] } },
{ "type": "Feature", "properties": { "wmUplineSo": "ORR", "wmType": "Overhead" }, "geometry": { "type": "LineString", "coordinates": [ [ -92.858234949539707, 48.032582422116299 ], [ -92.858182, 48.032293500009999 ] ] } },
{ "type": "Feature", "properties": { "wmUplineSo": "ORR", "wmType": "Overhead" }, "geometry": { "type": "LineString", "coordinates": [ [ -92.865286039803706, 48.032771946314 ], [ -92.8656861, 48.032794800010002 ] ] } },
{ "type": "Feature", "properties": { "wmUplineSo": "ORR", "wmType": "Overhead" }, "geometry": { "type": "LineString", "coordinates": [ [ -92.868224870870307, 48.033421745485299 ], [ -92.8675321, 48.032960100010001 ] ] } },
{ "type": "Feature", "properties": { "wmUplineSo": "ORR", "wmType": "Overhead" }, "geometry": { "type": "LineString", "coordinates": [ [ -92.863850051527393, 48.044407951796998 ], [ -92.863584388168704, 48.044211032469804 ], [ -92.863379581716501, 48.044072259071498 ] ] } },
{ "type": "Feature", "properties": { "wmUplineSo": "ORR", "wmType": "Overhead" }, "geometry": { "type": "LineString", "coordinates": [ [ -92.866223304640499, 48.045428518556101 ], [ -92.8664703, 48.045351800010003 ] ] } },
{ "type": "Feature", "properties": { "wmUplineSo": "ORR", "wmType": "Overhead" }, "geometry": { "type": "LineString", "coordinates": [ [ -92.862528229521502, 48.0391938109534 ], [ -92.8624898, 48.039334800010003 ] ] } },
{ "type": "Feature", "properties": { "wmUplineSo": "ORR", "wmType": "Overhead" }, "geometry": { "type": "LineString", "coordinates": [ [ -92.8548226158848, 48.032545924279397 ], [ -92.8549453, 48.032347300010002 ] ] } },
{ "type": "Feature", "properties": { "wmUplineSo": "ORR", "wmType": "Overhead" }, "geometry": { "type": "LineString", "coordinates": [ [ -92.852366318375999, 48.032583089972199 ], [ -92.8521509, 48.03227600001 ] ] } },
{ "type": "Feature", "properties": { "wmUplineSo": "ORR", "wmType": "Overhead" }, "geometry": { "type": "LineString", "coordinates": [ [ -92.851314043169097, 48.0353352770355 ], [ -92.8513473, 48.035642800010002 ] ] } },
{ "type": "Feature", "properties": { "wmUplineSo": "ORR", "wmType": "Overhead" }, "geometry": { "type": "LineString", "coordinates": [ [ -92.846516161957197, 48.0357609998591 ], [ -92.8467992, 48.035746800010003 ] ] } },
{ "type": "Feature", "properties": { "wmUplineSo": "ORR", "wmType": "Overhead" }, "geometry": { "type": "LineString", "coordinates": [ [ -92.845685126539195, 48.036464272079499 ], [ -92.845659, 48.036635100010002 ] ] } },
{ "type": "Feature", "properties": { "wmUplineSo": "ORR", "wmType": "Overhead" }, "geometry": { "type": "LineString", "coordinates": [ [ -92.853559716328405, 48.0488000746371 ], [ -92.8537523, 48.048766300010001 ] ] } },
{ "type": "Feature", "properties": { "wmUplineSo": "ORR", "wmType": "Overhead" }, "geometry": { "type": "LineString", "coordinates": [ [ -92.848981176606898, 48.052886615965498 ], [ -92.8490239, 48.052450400010002 ] ] } },
{ "type": "Feature", "properties": { "wmUplineSo": "ORR", "wmType": "Overhead" }, "geometry": { "type": "LineString", "coordinates": [ [ -92.850662914741505, 48.053259592748503 ], [ -92.8509336, 48.052933400009998 ] ] } },
{ "type": "Feature", "properties": { "wmUplineSo": "ORR", "wmType": "Overhead" }, "geometry": { "type": "LineString", "coordinates": [ [ -92.857662772946099, 48.061239590192201 ], [ -92.8581448, 48.061448800009998 ] ] } },
{ "type": "Feature", "properties": { "wmUplineSo": "ORR", "wmType": "Overhead" }, "geometry": { "type": "LineString", "coordinates": [ [ -92.854861180944894, 48.0572249628894 ], [ -92.855199938985294, 48.057062864985603 ], [ -92.8554929, 48.057140100010002 ] ] } },
{ "type": "Feature", "properties": { "wmUplineSo": "ORR", "wmType": "Overhead" }, "geometry": { "type": "LineString", "coordinates": [ [ -92.841788484757004, 48.051299673903401 ], [ -92.8412829, 48.051379400009999 ] ] } },
{ "type": "Feature", "properties": { "wmUplineSo": "ORR", "wmType": "Overhead" }, "geometry": { "type": "LineString", "coordinates": [ [ -92.8411108, 48.051139100009998 ], [ -92.8407431, 48.050541800010002 ] ] } },
{ "type": "Feature", "properties": { "wmUplineSo": "ORR", "wmType": "Overhead" }, "geometry": { "type": "LineString", "coordinates": [ [ -92.844777917128198, 48.055468992009899 ], [ -92.8445805, 48.055513500010001 ] ] } },
{ "type": "Feature", "properties": { "wmUplineSo": "ORR", "wmType": "Overhead" }, "geometry": { "type": "LineString", "coordinates": [ [ -92.8412829, 48.051379400009999 ], [ -92.8411108, 48.051139100009998 ] ] } },
{ "type": "Feature", "properties": { "wmUplineSo": "ORR", "wmType": "Overhead" }, "geometry": { "type": "LineString", "coordinates": [ [ -92.843057684083604, 48.051599602315903 ], [ -92.8430973, 48.051620600009997 ] ] } },
{ "type": "Feature", "properties": { "wmUplineSo": "ORR", "wmType": "Overhead" }, "geometry": { "type": "LineString", "coordinates": [ [ -92.854861180944894, 48.0572249628894 ], [ -92.854822397549398, 48.057380647266903 ] ] } },
{ "type": "Feature", "properties": { "wmUplineSo": "ORR", "wmType": "Overhead" }, "geometry": { "type": "LineString", "coordinates": [ [ -92.863330186351405, 48.055873944734401 ], [ -92.8634415, 48.055938300009998 ] ] } },
{ "type": "Feature", "properties": { "wmUplineSo": "ORR", "wmType": "Overhead" }, "geometry": { "type": "LineString", "coordinates": [ [ -92.856424284862499, 48.061414310621203 ], [ -92.8564851, 48.061511300009997 ] ] } },
{ "type": "Feature", "properties": { "wmUplineSo": "ORR", "wmType": "Overhead" }, "geometry": { "type": "LineString", "coordinates": [ [ -92.8564851, 48.061511300009997 ], [ -92.8570966459001, 48.0617384676817 ] ] } },
{ "type": "Feature", "properties": { "wmUplineSo": "ORR", "wmType": "Overhead" }, "geometry": { "type": "LineString", "coordinates": [ [ -92.855566715905397, 48.0611311390428 ], [ -92.8555502, 48.061570400009998 ] ] } },
{ "type": "Feature", "properties": { "wmUplineSo": "ORR", "wmType": "Overhead" }, "geometry": { "type": "LineString", "coordinates": [ [ -92.855566715905397, 48.0611311390428 ], [ -92.855185663471502, 48.061378477343197 ], [ -92.8550677, 48.061260100010003 ] ] } },
{ "type": "Feature", "properties": { "wmUplineSo": "ORR", "wmType": "Overhead" }, "geometry": { "type": "LineString", "coordinates": [ [ -92.854746048722802, 48.060971967753296 ], [ -92.8542701, 48.061405100009999 ] ] } },
{ "type": "Feature", "properties": { "wmUplineSo": "ORR", "wmType": "Overhead" }, "geometry": { "type": "LineString", "coordinates": [ [ -92.854746048722802, 48.060971967753296 ], [ -92.8542384, 48.061146900010002 ], [ -92.8542384, 48.061146900010002 ] ] } },
{ "type": "Feature", "properties": { "wmUplineSo": "ORR", "wmType": "Overhead" }, "geometry": { "type": "LineString", "coordinates": [ [ -92.8509662006025, 48.059870566680402 ], [ -92.8511683, 48.059911200009999 ] ] } },
{ "type": "Feature", "properties": { "wmUplineSo": "ORR", "wmType": "Overhead" }, "geometry": { "type": "LineString", "coordinates": [ [ -92.848879270601103, 48.060816661378702 ], [ -92.8494743, 48.060842000009998 ] ] } },
{ "type": "Feature", "properties": { "wmUplineSo": "ORR", "wmType": "Overhead" }, "geometry": { "type": "LineString", "coordinates": [ [ -92.84824506, 48.061277700010002 ], [ -92.8484903, 48.061615900009997 ] ] } },
{ "type": "Feature", "properties": { "wmUplineSo": "ORR", "wmType": "Overhead" }, "geometry": { "type": "LineString", "coordinates": [ [ -92.847729950350498, 48.0616967005544 ], [ -92.8481306, 48.061728100010001 ] ] } },
{ "type": "Feature", "properties": { "wmUplineSo": "ORR", "wmType": "Overhead" }, "geometry": { "type": "LineString", "coordinates": [ [ -92.847603, 48.062206000000103 ], [ -92.8480158, 48.062203100010002 ] ] } },
{ "type": "Feature", "properties": { "wmUplineSo": "ORR", "wmType": "Overhead" }, "geometry": { "type": "LineString", "coordinates": [ [ -92.847274560945493, 48.062990094174602 ], [ -92.8474648, 48.062722400010003 ] ] } },
{ "type": "Feature", "properties": { "wmUplineSo": "ORR", "wmType": "Overhead" }, "geometry": { "type": "LineString", "coordinates": [ [ -92.846375975782607, 48.062293507940097 ], [ -92.846725, 48.062441200009999 ] ] } },
{ "type": "Feature", "properties": { "wmUplineSo": "ORR", "wmType": "Overhead" }, "geometry": { "type": "LineString", "coordinates": [ [ -92.846375975782607, 48.062293507940097 ], [ -92.8463907, 48.06194570001 ] ] } },
{ "type": "Feature", "properties": { "wmUplineSo": "ORR", "wmType": "Overhead" }, "geometry": { "type": "LineString", "coordinates": [ [ -92.8449812564686, 48.062166965173397 ], [ -92.8451555, 48.062503100009998 ] ] } },
{ "type": "Feature", "properties": { "wmUplineSo": "ORR", "wmType": "Overhead" }, "geometry": { "type": "LineString", "coordinates": [ [ -92.8449812564686, 48.062166965173397 ], [ -92.844644, 48.061859300009999 ] ] } },
{ "type": "Feature", "properties": { "wmUplineSo": "ORR", "wmType": "Overhead" }, "geometry": { "type": "LineString", "coordinates": [ [ -92.843987181879299, 48.062834013637399 ], [ -92.8437828, 48.062760200009997 ] ] } },
{ "type": "Feature", "properties": { "wmUplineSo": "ORR", "wmType": "Overhead" }, "geometry": { "type": "LineString", "coordinates": [ [ -92.843987181879299, 48.062834013637399 ], [ -92.8443781, 48.062405100009997 ] ] } },
{ "type": "Feature", "properties": { "wmUplineSo": "ORR", "wmType": "Overhead" }, "geometry": { "type": "LineString", "coordinates": [ [ -92.8448407, 48.063306400009999 ], [ -92.8448652, 48.063359600010003 ] ] } },
{ "type": "Feature", "properties": { "wmUplineSo": "ORR", "wmType": "Overhead" }, "geometry": { "type": "LineString", "coordinates": [ [ -92.843987181879299, 48.062834013637399 ], [ -92.8444237, 48.063152300010003 ] ] } },
{ "type": "Feature", "properties": { "wmUplineSo": "ORR", "wmType": "Overhead" }, "geometry": { "type": "LineString", "coordinates": [ [ -92.8444237, 48.063152300010003 ], [ -92.8448407, 48.063306400009999 ] ] } },
{ "type": "Feature", "properties": { "wmUplineSo": "ORR", "wmType": "Overhead" }, "geometry": { "type": "LineString", "coordinates": [ [ -92.843645372240999, 48.063258179180202 ], [ -92.843831, 48.06337880001 ], [ -92.843831, 48.06337880001 ] ] } },
{ "type": "Feature", "properties": { "wmUplineSo": "ORR", "wmType": "Overhead" }, "geometry": { "type": "LineString", "coordinates": [ [ -92.843645372240999, 48.063258179180202 ], [ -92.8436541, 48.06306630001 ] ] } },
{ "type": "Feature", "properties": { "wmUplineSo": "ORR", "wmType": "Overhead" }, "geometry": { "type": "LineString", "coordinates": [ [ -92.842984042134105, 48.063965045295497 ], [ -92.842835360745497, 48.063546868302403 ] ] } },
{ "type": "Feature", "properties": { "wmUplineSo": "ORR", "wmType": "Overhead" }, "geometry": { "type": "LineString", "coordinates": [ [ -92.842984042134105, 48.063965045295497 ], [ -92.8430349, 48.063906300009997 ] ] } },
{ "type": "Feature", "properties": { "wmUplineSo": "ORR", "wmType": "Overhead" }, "geometry": { "type": "LineString", "coordinates": [ [ -92.842984042134105, 48.063965045295497 ], [ -92.8431388, 48.063720600010001 ] ] } },
{ "type": "Feature", "properties": { "wmUplineSo": "ORR", "wmType": "Overhead" }, "geometry": { "type": "LineString", "coordinates": [ [ -92.842984042134105, 48.063965045295497 ], [ -92.8433821, 48.063551900009998 ] ] } },
{ "type": "Feature", "properties": { "wmUplineSo": "ORR", "wmType": "Overhead" }, "geometry": { "type": "LineString", "coordinates": [ [ -92.842984042134105, 48.063965045295497 ], [ -92.8426043, 48.063691600010003 ] ] } },
{ "type": "Feature", "properties": { "wmUplineSo": "ORR", "wmType": "Overhead" }, "geometry": { "type": "LineString", "coordinates": [ [ -92.842362833442493, 48.064746008500201 ], [ -92.842482905980702, 48.064648362529802 ] ] } },
{ "type": "Feature", "properties": { "wmUplineSo": "ORR", "wmType": "Overhead" }, "geometry": { "type": "LineString", "coordinates": [ [ -92.842482905980702, 48.064648362529802 ], [ -92.8428581, 48.064415400009999 ] ] } },
{ "type": "Feature", "properties": { "wmUplineSo": "ORR", "wmType": "Overhead" }, "geometry": { "type": "LineString", "coordinates": [ [ -92.842362833442493, 48.064746008500201 ], [ -92.8422133, 48.064771100009999 ] ] } },
{ "type": "Feature", "properties": { "wmUplineSo": "ORR", "wmType": "Overhead" }, "geometry": { "type": "LineString", "coordinates": [ [ -92.842362833442493, 48.064746008500201 ], [ -92.8421396, 48.064941300009998 ], [ -92.8421396, 48.064941300009998 ] ] } },
{ "type": "Feature", "properties": { "wmUplineSo": "ORR", "wmType": "Overhead" }, "geometry": { "type": "LineString", "coordinates": [ [ -92.860335578593194, 48.032563782708699 ], [ -92.860321452511997, 48.032893309427799 ] ] } },
{ "type": "Feature", "properties": { "wmUplineSo": "ORR", "wmType": "Overhead" }, "geometry": { "type": "LineString", "coordinates": [ [ -92.863648467074896, 48.044486387429203 ], [ -92.863850051527393, 48.044407951796998 ] ] } },
{ "type": "Feature", "properties": { "wmUplineSo": "ORR", "wmType": "Overhead" }, "geometry": { "type": "LineString", "coordinates": [ [ -92.863850051527393, 48.044407951796998 ], [ -92.8642481, 48.044083300010001 ] ] } },
{ "type": "Feature", "properties": { "wmUplineSo": "ORR", "wmType": "Overhead" }, "geometry": { "type": "LineString", "coordinates": [ [ -92.833346204162396, 48.041097557616602 ], [ -92.8335818, 48.041067500010001 ] ] } },
{ "type": "Feature", "properties": { "wmUplineSo": "ORR", "wmType": "Overhead" }, "geometry": { "type": "LineString", "coordinates": [ [ -92.846375975782607, 48.062293507940097 ], [ -92.846382076215093, 48.062556853310198 ] ] } },
{ "type": "Feature", "properties": { "wmUplineSo": "ORR", "wmType": "Overhead" }, "geometry": { "type": "LineString", "coordinates": [ [ -92.852756414089797, 48.059780601528502 ], [ -92.852471835977099, 48.059905221005998 ] ] } },
{ "type": "Feature", "properties": { "wmUplineSo": "ORR", "wmType": "Overhead" }, "geometry": { "type": "LineString", "coordinates": [ [ -92.852756414089797, 48.059780601528502 ], [ -92.852676, 48.059533800010001 ] ] } },
{ "type": "Feature", "properties": { "wmUplineSo": "ORR", "wmType": "Overhead" }, "geometry": { "type": "LineString", "coordinates": [ [ -92.872005316344499, 48.021801240026299 ], [ -92.8720901, 48.02196690001 ] ] } },
{ "type": "Feature", "properties": { "wmUplineSo": "ORR", "wmType": "Overhead" }, "geometry": { "type": "LineString", "coordinates": [ [ -92.853582326682698, 48.0604109813737 ], [ -92.8527633, 48.060459300010002 ] ] } },
{ "type": "Feature", "properties": { "wmUplineSo": "ORR", "wmType": "Overhead" }, "geometry": { "type": "LineString", "coordinates": [ [ -92.8449812564686, 48.062166965173397 ], [ -92.8451669, 48.062502300010003 ] ] } },
{ "type": "Feature", "properties": { "wmUplineSo": "ORR", "wmType": "Overhead" }, "geometry": { "type": "LineString", "coordinates": [ [ -92.859869604676803, 48.0520799533179 ], [ -92.860404218946101, 48.052246571378099 ] ] } },
{ "type": "Feature", "properties": { "wmUplineSo": "ORR", "wmType": "Overhead" }, "geometry": { "type": "LineString", "coordinates": [ [ -92.860127522739901, 48.061170390986298 ], [ -92.860701362575398, 48.061393411911297 ] ] } },
{ "type": "Feature", "properties": { "wmUplineSo": "ORR", "wmType": "Overhead" }, "geometry": { "type": "LineString", "coordinates": [ [ -92.853817350030198, 48.060765349738404 ], [ -92.853736721214105, 48.061144648049002 ] ] } },
{ "type": "Feature", "properties": { "wmUplineSo": "ORR", "wmType": "Overhead" }, "geometry": { "type": "LineString", "coordinates": [ [ -92.853817350030198, 48.060765349738404 ], [ -92.8531516, 48.060940800010002 ] ] } },
{ "type": "Feature", "properties": { "wmUplineSo": "ORR", "wmType": "Overhead" }, "geometry": { "type": "LineString", "coordinates": [ [ -92.852945139309597, 48.060615243719901 ], [ -92.8528194, 48.060602500009999 ] ] } },
{ "type": "Feature", "properties": { "wmUplineSo": "ORR", "wmType": "Overhead" }, "geometry": { "type": "LineString", "coordinates": [ [ -92.871346899343905, 48.022874587046701 ], [ -92.8724313, 48.022943600010002 ] ] } },
{ "type": "Feature", "properties": { "wmUplineSo": "ORR", "wmType": "Overhead" }, "geometry": { "type": "LineString", "coordinates": [ [ -92.810925674188994, 47.969362092341399 ], [ -92.810857471226797, 47.9695952714642 ] ] } },
{ "type": "Feature", "properties": { "wmUplineSo": "ORR", "wmType": "Overhead" }, "geometry": { "type": "LineString", "coordinates": [ [ -92.842362833442493, 48.064746008500201 ], [ -92.842420598129095, 48.065308199632199 ], [ -92.842722772997405, 48.066031137349903 ] ] } },
{ "type": "Feature", "properties": { "wmUplineSo": "ORR", "wmType": "Overhead" }, "geometry": { "type": "LineString", "coordinates": [ [ -92.819074438591699, 48.033372802660502 ], [ -92.8190348, 48.033368100010001 ] ] } },
{ "type": "Feature", "properties": { "wmUplineSo": "ORR", "wmType": "Overhead" }, "geometry": { "type": "LineString", "coordinates": [ [ -92.825980058127598, 48.036594981854499 ], [ -92.8260966, 48.037149600009997 ] ] } },
{ "type": "Feature", "properties": { "wmUplineSo": "ORR", "wmType": "Overhead" }, "geometry": { "type": "LineString", "coordinates": [ [ -92.81952633, 48.032006190010001 ], [ -92.8194208, 48.031774400010001 ] ] } },
{ "type": "Feature", "properties": { "wmUplineSo": "ORR", "wmType": "Overhead" }, "geometry": { "type": "LineString", "coordinates": [ [ -92.811028921605796, 48.026921520925399 ], [ -92.8110334, 48.026903600010002 ] ] } },
{ "type": "Feature", "properties": { "wmUplineSo": "ORR", "wmType": "Overhead" }, "geometry": { "type": "LineString", "coordinates": [ [ -92.81092806, 48.029604410010002 ], [ -92.8107431, 48.029662300010003 ] ] } },
{ "type": "Feature", "properties": { "wmUplineSo": "ORR", "wmType": "Overhead" }, "geometry": { "type": "LineString", "coordinates": [ [ -92.809524248067405, 48.025775360502401 ], [ -92.8100966, 48.025598800009902 ] ] } },
{ "type": "Feature", "properties": { "wmUplineSo": "ORR", "wmType": "Overhead" }, "geometry": { "type": "LineString", "coordinates": [ [ -92.809524248067405, 48.025775360502401 ], [ -92.8090334, 48.025875100009898 ] ] } },
{ "type": "Feature", "properties": { "wmUplineSo": "ORR", "wmType": "Overhead" }, "geometry": { "type": "LineString", "coordinates": [ [ -92.80897548, 48.022514770009899 ], [ -92.8088626, 48.022567100010001 ] ] } },
{ "type": "Feature", "properties": { "wmUplineSo": "ORR", "wmType": "Overhead" }, "geometry": { "type": "LineString", "coordinates": [ [ -92.808935357123502, 48.0251686825912 ], [ -92.808367546084895, 48.024694244818001 ] ] } },
{ "type": "Feature", "properties": { "wmUplineSo": "ORR", "wmType": "Overhead" }, "geometry": { "type": "LineString", "coordinates": [ [ -92.819981422439596, 48.038580233884197 ], [ -92.820093, 48.037488300009997 ] ] } },
{ "type": "Feature", "properties": { "wmUplineSo": "ORR", "wmType": "Overhead" }, "geometry": { "type": "LineString", "coordinates": [ [ -92.814949177635398, 48.047967548106001 ], [ -92.8150191, 48.047936000009997 ] ] } },
{ "type": "Feature", "properties": { "wmUplineSo": "ORR", "wmType": "Overhead" }, "geometry": { "type": "LineString", "coordinates": [ [ -92.830165633485805, 47.964307670833797 ], [ -92.8303675, 47.963952800009899 ] ] } },
{ "type": "Feature", "properties": { "wmUplineSo": "ORR", "wmType": "Overhead" }, "geometry": { "type": "LineString", "coordinates": [ [ -92.829104158321002, 47.964275456759601 ], [ -92.8291463, 47.964287400009901 ] ] } },
{ "type": "Feature", "properties": { "wmUplineSo": "ORR", "wmType": "Overhead" }, "geometry": { "type": "LineString", "coordinates": [ [ -92.829104158321002, 47.964275456759601 ], [ -92.8290888, 47.9639991000099 ] ] } },
{ "type": "Feature", "properties": { "wmUplineSo": "ORR", "wmType": "Overhead" }, "geometry": { "type": "LineString", "coordinates": [ [ -92.830165633485805, 47.964307670833797 ], [ -92.8298266, 47.9640161000099 ] ] } },
{ "type": "Feature", "properties": { "wmUplineSo": "ORR", "wmType": "Overhead" }, "geometry": { "type": "LineString", "coordinates": [ [ -92.830165633485805, 47.964307670833797 ], [ -92.8303208, 47.963960000009898 ] ] } },
{ "type": "Feature", "properties": { "wmUplineSo": "ORR", "wmType": "Overhead" }, "geometry": { "type": "LineString", "coordinates": [ [ -92.827527482617299, 47.973806885260998 ], [ -92.827469286499294, 47.973647738597798 ] ] } },
{ "type": "Feature", "properties": { "wmUplineSo": "ORR", "wmType": "Overhead" }, "geometry": { "type": "LineString", "coordinates": [ [ -92.825843123483295, 47.9749208806371 ], [ -92.825583303224306, 47.975104344514101 ] ] } },
{ "type": "Feature", "properties": { "wmUplineSo": "ORR", "wmType": "Overhead" }, "geometry": { "type": "LineString", "coordinates": [ [ -92.830735492929307, 47.973940835258603 ], [ -92.8305676, 47.973829100009901 ] ] } },
{ "type": "Feature", "properties": { "wmUplineSo": "ORR", "wmType": "Overhead" }, "geometry": { "type": "LineString", "coordinates": [ [ -92.831611894696906, 47.973991543315798 ], [ -92.8320415, 47.973967800009902 ] ] } },
{ "type": "Feature", "properties": { "wmUplineSo": "ORR", "wmType": "Overhead" }, "geometry": { "type": "LineString", "coordinates": [ [ -92.83257512, 47.969606860009897 ], [ -92.8331515, 47.9699845000099 ] ] } },
{ "type": "Feature", "properties": { "wmUplineSo": "ORR", "wmType": "Overhead" }, "geometry": { "type": "LineString", "coordinates": [ [ -92.83181382, 47.9733559100099 ], [ -92.8318551, 47.9734976000099 ] ] } },
{ "type": "Feature", "properties": { "wmUplineSo": "ORR", "wmType": "Overhead" }, "geometry": { "type": "LineString", "coordinates": [ [ -92.83534006, 47.969610000009901 ], [ -92.836782693084402, 47.969426112415903 ] ] } },
{ "type": "Feature", "properties": { "wmUplineSo": "ORR", "wmType": "Overhead" }, "geometry": { "type": "LineString", "coordinates": [ [ -92.83058431, 47.969804850009901 ], [ -92.8304416, 47.969888900009899 ] ] } },
{ "type": "Feature", "properties": { "wmUplineSo": "ORR", "wmType": "Overhead" }, "geometry": { "type": "LineString", "coordinates": [ [ -92.828852724414403, 47.967759721818503 ], [ -92.828512614462298, 47.967815163338599 ] ] } },
{ "type": "Feature", "properties": { "wmUplineSo": "ORR", "wmType": "Overhead" }, "geometry": { "type": "LineString", "coordinates": [ [ -92.828572574929495, 47.967262182251503 ], [ -92.828333753133407, 47.967228418473297 ] ] } },
{ "type": "Feature", "properties": { "wmUplineSo": "ORR", "wmType": "Overhead" }, "geometry": { "type": "LineString", "coordinates": [ [ -92.8236408318012, 47.965254799756202 ], [ -92.823820689357902, 47.965418447853601 ] ] } },
{ "type": "Feature", "properties": { "wmUplineSo": "ORR", "wmType": "Overhead" }, "geometry": { "type": "LineString", "coordinates": [ [ -92.823074754896595, 47.965354460512799 ], [ -92.8233791, 47.965489900009899 ] ] } },
{ "type": "Feature", "properties": { "wmUplineSo": "ORR", "wmType": "Overhead" }, "geometry": { "type": "LineString", "coordinates": [ [ -92.807649799257703, 47.963056500470103 ], [ -92.8078499, 47.963186600009898 ] ] } },
{ "type": "Feature", "properties": { "wmUplineSo": "ORR", "wmType": "Overhead" }, "geometry": { "type": "LineString", "coordinates": [ [ -92.80596161, 47.9631691000099 ], [ -92.8055396, 47.962915400009898 ] ] } },
{ "type": "Feature", "properties": { "wmUplineSo": "ORR", "wmType": "Overhead" }, "geometry": { "type": "LineString", "coordinates": [ [ -92.812035758354995, 47.967509196669603 ], [ -92.811736277617996, 47.967464771857301 ] ] } },
{ "type": "Feature", "properties": { "wmUplineSo": "ORR", "wmType": "Overhead" }, "geometry": { "type": "LineString", "coordinates": [ [ -92.812442265765597, 47.968170477290698 ], [ -92.812441727251795, 47.9682969924391 ] ] } },
{ "type": "Feature", "properties": { "wmUplineSo": "ORR", "wmType": "Overhead" }, "geometry": { "type": "LineString", "coordinates": [ [ -92.812783540029201, 47.9681167461722 ], [ -92.812867361194805, 47.968054153417 ] ] } },
{ "type": "Feature", "properties": { "wmUplineSo": "ORR", "wmType": "Overhead" }, "geometry": { "type": "LineString", "coordinates": [ [ -92.809369711813105, 47.968088638725703 ], [ -92.809148601512902, 47.967724762383298 ] ] } },
{ "type": "Feature", "properties": { "wmUplineSo": "ORR", "wmType": "Overhead" }, "geometry": { "type": "LineString", "coordinates": [ [ -92.80916542, 47.968243940009899 ], [ -92.8090031, 47.968256600009902 ] ] } },
{ "type": "Feature", "properties": { "wmUplineSo": "ORR", "wmType": "Overhead" }, "geometry": { "type": "LineString", "coordinates": [ [ -92.807824314030697, 47.9680663110735 ], [ -92.8078925, 47.968022800009898 ] ] } },
{ "type": "Feature", "properties": { "wmUplineSo": "ORR", "wmType": "Overhead" }, "geometry": { "type": "LineString", "coordinates": [ [ -92.808728933781495, 47.968989873403601 ], [ -92.808873956914795, 47.968817534316003 ] ] } },
{ "type": "Feature", "properties": { "wmUplineSo": "ORR", "wmType": "Overhead" }, "geometry": { "type": "LineString", "coordinates": [ [ -92.809168695443404, 47.969011109390102 ], [ -92.809192034657002, 47.968848882461003 ] ] } },
{ "type": "Feature", "properties": { "wmUplineSo": "ORR", "wmType": "Overhead" }, "geometry": { "type": "LineString", "coordinates": [ [ -92.809168695443404, 47.969011109390102 ], [ -92.809053, 47.9690536000099 ] ] } },
{ "type": "Feature", "properties": { "wmUplineSo": "ORR", "wmType": "Overhead" }, "geometry": { "type": "LineString", "coordinates": [ [ -92.811572238056499, 47.9689856442306 ], [ -92.811473836541495, 47.9691127797673 ] ] } },
{ "type": "Feature", "properties": { "wmUplineSo": "ORR", "wmType": "Overhead" }, "geometry": { "type": "LineString", "coordinates": [ [ -92.811664481514498, 47.969419966565098 ], [ -92.810925674188994, 47.969362092341399 ] ] } },
{ "type": "Feature", "properties": { "wmUplineSo": "ORR", "wmType": "Overhead" }, "geometry": { "type": "LineString", "coordinates": [ [ -92.812140238277706, 47.969437387301703 ], [ -92.8125331, 47.9692536000099 ] ] } },
{ "type": "Feature", "properties": { "wmUplineSo": "ORR", "wmType": "Overhead" }, "geometry": { "type": "LineString", "coordinates": [ [ -92.813222743701999, 47.970365436732401 ], [ -92.8130301, 47.9704344000099 ] ] } },
{ "type": "Feature", "properties": { "wmUplineSo": "ORR", "wmType": "Overhead" }, "geometry": { "type": "LineString", "coordinates": [ [ -92.814871519834199, 47.970330239841601 ], [ -92.8147686, 47.970585000009898 ] ] } },
{ "type": "Feature", "properties": { "wmUplineSo": "ORR", "wmType": "Overhead" }, "geometry": { "type": "LineString", "coordinates": [ [ -92.807228202488702, 47.968129822268203 ], [ -92.8069968, 47.968149300009898 ] ] } },
{ "type": "Feature", "properties": { "wmUplineSo": "ORR", "wmType": "Overhead" }, "geometry": { "type": "LineString", "coordinates": [ [ -92.801350473902303, 47.967757809222597 ], [ -92.8015961, 47.967695600009897 ] ] } },
{ "type": "Feature", "properties": { "wmUplineSo": "ORR", "wmType": "Overhead" }, "geometry": { "type": "LineString", "coordinates": [ [ -92.8060967394957, 47.983161419358296 ], [ -92.8056998, 47.983198300009903 ] ] } },
{ "type": "Feature", "properties": { "wmUplineSo": "ORR", "wmType": "Overhead" }, "geometry": { "type": "LineString", "coordinates": [ [ -92.831947343783796, 47.978586413593398 ], [ -92.8313811, 47.979144500009902 ] ] } },
{ "type": "Feature", "properties": { "wmUplineSo": "ORR", "wmType": "Overhead" }, "geometry": { "type": "LineString", "coordinates": [ [ -92.831947343783796, 47.978586413593398 ], [ -92.8314318, 47.979159500009899 ] ] } },
{ "type": "Feature", "properties": { "wmUplineSo": "ORR", "wmType": "Overhead" }, "geometry": { "type": "LineString", "coordinates": [ [ -92.828301215000806, 47.993465950544099 ], [ -92.8284941, 47.993223300009902 ] ] } },
{ "type": "Feature", "properties": { "wmUplineSo": "ORR", "wmType": "Overhead" }, "geometry": { "type": "LineString", "coordinates": [ [ -92.828301215000806, 47.993465950544099 ], [ -92.8288726, 47.993516400009902 ] ] } },
{ "type": "Feature", "properties": { "wmUplineSo": "ORR", "wmType": "Overhead" }, "geometry": { "type": "LineString", "coordinates": [ [ -92.829745184744397, 47.989525537439903 ], [ -92.8298071, 47.989462800009903 ] ] } },
{ "type": "Feature", "properties": { "wmUplineSo": "ORR", "wmType": "Overhead" }, "geometry": { "type": "LineString", "coordinates": [ [ -92.830070896955604, 47.985665587647098 ], [ -92.8297941, 47.985558600009902 ] ] } },
{ "type": "Feature", "properties": { "wmUplineSo": "ORR", "wmType": "Overhead" }, "geometry": { "type": "LineString", "coordinates": [ [ -92.825116717026503, 47.997818876338599 ], [ -92.824442322454502, 47.9977665152661 ] ] } },
{ "type": "Feature", "properties": { "wmUplineSo": "ORR", "wmType": "Overhead" }, "geometry": { "type": "LineString", "coordinates": [ [ -92.831031617128502, 48.029018023175297 ], [ -92.830924241877895, 48.028316046036799 ], [ -92.830924241877895, 48.028316046036799 ] ] } },
{ "type": "Feature", "properties": { "wmUplineSo": "ORR", "wmType": "Overhead" }, "geometry": { "type": "LineString", "coordinates": [ [ -92.827888999988105, 48.006919003841801 ], [ -92.827862989933706, 48.006602063061798 ], [ -92.827860087447405, 48.006598321564503 ] ] } },
{ "type": "Feature", "properties": { "wmUplineSo": "ORR", "wmType": "Overhead" }, "geometry": { "type": "LineString", "coordinates": [ [ -92.827153133266606, 48.0164650993637 ], [ -92.8271879, 48.016469400009903 ] ] } },
{ "type": "Feature", "properties": { "wmUplineSo": "ORR", "wmType": "Overhead" }, "geometry": { "type": "LineString", "coordinates": [ [ -92.8329110316336, 48.028982686077903 ], [ -92.8327941, 48.029057300010003 ] ] } },
{ "type": "Feature", "properties": { "wmUplineSo": "ORR", "wmType": "Overhead" }, "geometry": { "type": "LineString", "coordinates": [ [ -92.834507181875694, 48.028077264800999 ], [ -92.8346343, 48.028048600009903 ] ] } },
{ "type": "Feature", "properties": { "wmUplineSo": "ORR", "wmType": "Overhead" }, "geometry": { "type": "LineString", "coordinates": [ [ -92.830502600742307, 48.031781794683802 ], [ -92.8303766, 48.031286200010001 ] ] } },
{ "type": "Feature", "properties": { "wmUplineSo": "ORR", "wmType": "Overhead" }, "geometry": { "type": "LineString", "coordinates": [ [ -92.830502600742307, 48.031781794683802 ], [ -92.830558221623903, 48.031799662984099 ], [ -92.830660044490998, 48.032110216091297 ], [ -92.830634850228705, 48.032133218209701 ], [ -92.830634850228705, 48.032133218209701 ] ] } },
{ "type": "Feature", "properties": { "wmUplineSo": "ORR", "wmType": "Overhead" }, "geometry": { "type": "LineString", "coordinates": [ [ -92.831503536915704, 48.035707004965502 ], [ -92.8315068, 48.035705900010001 ] ] } },
{ "type": "Feature", "properties": { "wmUplineSo": "ORR", "wmType": "Overhead" }, "geometry": { "type": "LineString", "coordinates": [ [ -92.865286039803706, 48.032771946314 ], [ -92.8654153, 48.032731500010001 ] ] } },
{ "type": "Feature", "properties": { "wmUplineSo": "ORR", "wmType": "Overhead" }, "geometry": { "type": "LineString", "coordinates": [ [ -92.851868801356801, 48.047760837736597 ], [ -92.851845778238996, 48.048299384179401 ] ] } },
{ "type": "Feature", "properties": { "wmUplineSo": "ORR", "wmType": "Overhead" }, "geometry": { "type": "LineString", "coordinates": [ [ -92.851444999989695, 48.030783003848804 ], [ -92.852162999989702, 48.030725003848801 ] ] } },
{ "type": "Feature", "properties": { "wmUplineSo": "ORR", "wmType": "Overhead" }, "geometry": { "type": "LineString", "coordinates": [ [ -92.8452578, 48.061605900010001 ], [ -92.8450633, 48.061551200010001 ] ] } },
{ "type": "Feature", "properties": { "wmUplineSo": "ORR", "wmType": "Overhead" }, "geometry": { "type": "LineString", "coordinates": [ [ -92.832075958416496, 48.032966770065997 ], [ -92.8319978, 48.03281710001 ] ] } },
{ "type": "Feature", "properties": { "wmUplineSo": "ORR", "wmType": "Overhead" }, "geometry": { "type": "LineString", "coordinates": [ [ -92.828674999988195, 48.006695003841699 ], [ -92.827888999988105, 48.006919003841801 ] ] } },
{ "type": "Feature", "properties": { "wmUplineSo": "ORR", "wmType": "Overhead" }, "geometry": { "type": "LineString", "coordinates": [ [ -92.827888999988105, 48.006919003841801 ], [ -92.8281201, 48.007343100009898 ] ] } },
{ "type": "Feature", "properties": { "wmUplineSo": "ORR", "wmType": "Overhead" }, "geometry": { "type": "LineString", "coordinates": [ [ -92.830665657237702, 48.032154688104299 ], [ -92.8307, 48.032129100010003 ] ] } },
{ "type": "Feature", "properties": { "wmUplineSo": "ORR", "wmType": "Overhead" }, "geometry": { "type": "LineString", "coordinates": [ [ -92.811867999987101, 47.964410003829798 ], [ -92.811854999987105, 47.963825003829697 ] ] } },
{ "type": "Feature", "properties": { "wmUplineSo": "ORR", "wmType": "Overhead" }, "geometry": { "type": "LineString", "coordinates": [ [ -92.8135432279078, 48.046525619976798 ], [ -92.813501721240698, 48.0456813755318 ] ] } },
{ "type": "Feature", "properties": { "wmUplineSo": "ORR", "wmType": "Overhead" }, "geometry": { "type": "LineString", "coordinates": [ [ -92.829244309584993, 47.9779537132558 ], [ -92.8292183, 47.977955800009902 ] ] } },
{ "type": "Feature", "properties": { "wmUplineSo": "ORR", "wmType": "Overhead" }, "geometry": { "type": "LineString", "coordinates": [ [ -92.829244309584993, 47.9779537132558 ], [ -92.8292327, 47.977942500009902 ] ] } },
{ "type": "Feature", "properties": { "wmUplineSo": "ORR", "wmType": "Overhead" }, "geometry": { "type": "LineString", "coordinates": [ [ -92.851845778238996, 48.048299384179401 ], [ -92.851854663876495, 48.048916541127298 ] ] } },
{ "type": "Feature", "properties": { "wmUplineSo": "ORR", "wmType": "Overhead" }, "geometry": { "type": "LineString", "coordinates": [ [ -92.851854663876495, 48.048916541127298 ], [ -92.851841659134493, 48.049743999949001 ] ] } },
{ "type": "Feature", "properties": { "wmUplineSo": "ORR", "wmType": "Overhead" }, "geometry": { "type": "LineString", "coordinates": [ [ -92.811281142331495, 48.029772612230701 ], [ -92.811038035939802, 48.029039995073198 ] ] } },
{ "type": "Feature", "properties": { "wmUplineSo": "ORR", "wmType": "Overhead" }, "geometry": { "type": "LineString", "coordinates": [ [ -92.848879270601103, 48.060816661378702 ], [ -92.848923346485904, 48.060889861256797 ] ] } },
{ "type": "Feature", "properties": { "wmUplineSo": "ORR", "wmType": "Overhead" }, "geometry": { "type": "LineString", "coordinates": [ [ -92.864883271569695, 48.030929682671101 ], [ -92.865213308288205, 48.030677007098298 ], [ -92.867274666912706, 48.029098756613898 ] ] } },
{ "type": "Feature", "properties": { "wmUplineSo": "ORR", "wmType": "Overhead" }, "geometry": { "type": "LineString", "coordinates": [ [ -92.830102974059201, 47.975886929224004 ], [ -92.8311651, 47.975649000009902 ] ] } },
{ "type": "Feature", "properties": { "wmUplineSo": "ORR", "wmType": "Overhead" }, "geometry": { "type": "LineString", "coordinates": [ [ -92.830668200120002, 47.978020749695197 ], [ -92.8303496, 47.978683800009897 ] ] } },
{ "type": "Feature", "properties": { "wmUplineSo": "ORR", "wmType": "Overhead" }, "geometry": { "type": "LineString", "coordinates": [ [ -92.851065, 48.05086 ], [ -92.850247, 48.051261000000103 ] ] } },
{ "type": "Feature", "properties": { "wmUplineSo": "ORR", "wmType": "Overhead" }, "geometry": { "type": "LineString", "coordinates": [ [ -92.864883271569695, 48.030929682671101 ], [ -92.864827753310394, 48.030872119491399 ] ] } },
{ "type": "Feature", "properties": { "wmUplineSo": "ORR", "wmType": "Overhead" }, "geometry": { "type": "LineString", "coordinates": [ [ -92.883869298272998, 48.008314671082402 ], [ -92.883804223881597, 48.0074549922495 ] ] } },
{ "type": "Feature", "properties": { "wmUplineSo": "ORR", "wmType": "Overhead" }, "geometry": { "type": "LineString", "coordinates": [ [ -92.883804223881597, 48.0074549922495 ], [ -92.883673387719696, 48.006480041740801 ] ] } },
{ "type": "Feature", "properties": { "wmUplineSo": "ORR", "wmType": "Overhead" }, "geometry": { "type": "LineString", "coordinates": [ [ -92.809524248067405, 48.025775360502401 ], [ -92.808935357123502, 48.0251686825912 ] ] } },
{ "type": "Feature", "properties": { "wmUplineSo": "ORR", "wmType": "Overhead" }, "geometry": { "type": "LineString", "coordinates": [ [ -92.862196057583006, 48.050434636792303 ], [ -92.863186999990504, 48.050036003854203 ] ] } },
{ "type": "Feature", "properties": { "wmUplineSo": "ORR", "wmType": "Overhead" }, "geometry": { "type": "LineString", "coordinates": [ [ -92.863186999990504, 48.050036003854203 ], [ -92.863348069458695, 48.049863963569301 ] ] } },
{ "type": "Feature", "properties": { "wmUplineSo": "ORR", "wmType": "Overhead" }, "geometry": { "type": "LineString", "coordinates": [ [ -92.859419316278505, 48.041905831351997 ], [ -92.860483217847104, 48.041999775717201 ], [ -92.860492230715707, 48.042000571525698 ] ] } },
{ "type": "Feature", "properties": { "wmUplineSo": "ORR", "wmType": "Overhead" }, "geometry": { "type": "LineString", "coordinates": [ [ -92.811854999987105, 47.963825003829697 ], [ -92.811826448186594, 47.9633804774585 ], [ -92.811796159447297, 47.962908900290401 ] ] } },
{ "type": "Feature", "properties": { "wmUplineSo": "ORR", "wmType": "Overhead" }, "geometry": { "type": "LineString", "coordinates": [ [ -92.810036846403904, 48.044559557263 ], [ -92.809075999986803, 48.044174003852397 ] ] } },
{ "type": "Feature", "properties": { "wmUplineSo": "ORR", "wmType": "Overhead" }, "geometry": { "type": "LineString", "coordinates": [ [ -92.811796159447297, 47.962908900290401 ], [ -92.810889845721704, 47.962937607644299 ], [ -92.810088, 47.962963 ] ] } },
{ "type": "Feature", "properties": { "wmUplineSo": "ORR", "wmType": "Overhead" }, "geometry": { "type": "LineString", "coordinates": [ [ -92.851841659134493, 48.049743999949001 ], [ -92.851836713904603, 48.050587914012901 ] ] } },
{ "type": "Feature", "properties": { "wmUplineSo": "ORR", "wmType": "Overhead" }, "geometry": { "type": "LineString", "coordinates": [ [ -92.883673387719696, 48.006480041740801 ], [ -92.8835208386202, 48.005697890110902 ] ] } },
{ "type": "Feature", "properties": { "wmUplineSo": "ORR", "wmType": "Overhead" }, "geometry": { "type": "LineString", "coordinates": [ [ -92.8835208386202, 48.005697890110902 ], [ -92.883399296234302, 48.004879583627201 ] ] } },
{ "type": "Feature", "properties": { "wmUplineSo": "ORR", "wmType": "Overhead" }, "geometry": { "type": "LineString", "coordinates": [ [ -92.850247, 48.051261000000103 ], [ -92.850148180556502, 48.0512786153067 ] ] } },
{ "type": "Feature", "properties": { "wmUplineSo": "ORR", "wmType": "Overhead" }, "geometry": { "type": "LineString", "coordinates": [ [ -92.819074438591699, 48.033372802660502 ], [ -92.819022473564303, 48.033431840336803 ] ] } },
{ "type": "Feature", "properties": { "wmUplineSo": "ORR", "wmType": "Overhead" }, "geometry": { "type": "LineString", "coordinates": [ [ -92.860641225897794, 48.043516655595603 ], [ -92.862310343799294, 48.043533903140002 ] ] } },
{ "type": "Feature", "properties": { "wmUplineSo": "ORR", "wmType": "Overhead" }, "geometry": { "type": "LineString", "coordinates": [ [ -92.8288918117469, 48.016774064212797 ], [ -92.827675303994198, 48.016927786625502 ] ] } },
{ "type": "Feature", "properties": { "wmUplineSo": "ORR", "wmType": "Overhead" }, "geometry": { "type": "LineString", "coordinates": [ [ -92.8449812564686, 48.062166965173397 ], [ -92.8452578, 48.061605900010001 ] ] } },
{ "type": "Feature", "properties": { "wmUplineSo": "ORR", "wmType": "Overhead" }, "geometry": { "type": "LineString", "coordinates": [ [ -92.810347554104496, 48.027017408813101 ], [ -92.810048578302897, 48.026290862130502 ], [ -92.809524248067405, 48.025775360502401 ] ] } },
{ "type": "Feature", "properties": { "wmUplineSo": "ORR", "wmType": "Overhead" }, "geometry": { "type": "LineString", "coordinates": [ [ -92.861918, 48.055506000000101 ], [ -92.863330186351405, 48.055873944734401 ] ] } },
{ "type": "Feature", "properties": { "wmUplineSo": "ORR", "wmType": "Overhead" }, "geometry": { "type": "LineString", "coordinates": [ [ -92.829790295574895, 48.030541938784197 ], [ -92.831168316930501, 48.030451050551903 ], [ -92.8310997577465, 48.0297323528034 ], [ -92.831031617128502, 48.029018023175297 ], [ -92.831031617128502, 48.029018023175297 ] ] } },
{ "type": "Feature", "properties": { "wmUplineSo": "ORR", "wmType": "Overhead" }, "geometry": { "type": "LineString", "coordinates": [ [ -92.829973477401197, 48.032078822803001 ], [ -92.830613082446604, 48.032087025848497 ] ] } },
{ "type": "Feature", "properties": { "wmUplineSo": "ORR", "wmType": "Overhead" }, "geometry": { "type": "LineString", "coordinates": [ [ -92.860492230715707, 48.042000571525698 ], [ -92.860561042889401, 48.041949868356802 ] ] } },
{ "type": "Feature", "properties": { "wmUplineSo": "ORR", "wmType": "Overhead" }, "geometry": { "type": "LineString", "coordinates": [ [ -92.851836713904603, 48.050587914012901 ], [ -92.851818683010606, 48.051256376849203 ] ] } },
{ "type": "Feature", "properties": { "wmUplineSo": "ORR", "wmType": "Overhead" }, "geometry": { "type": "LineString", "coordinates": [ [ -92.857765293209695, 48.060302438538997 ], [ -92.857662772946099, 48.061239590192201 ] ] } },
{ "type": "Feature", "properties": { "wmUplineSo": "ORR", "wmType": "Overhead" }, "geometry": { "type": "LineString", "coordinates": [ [ -92.860321452511997, 48.032893309427799 ], [ -92.8602196467358, 48.032887173482202 ] ] } },
{ "type": "Feature", "properties": { "wmUplineSo": "ORR", "wmType": "Overhead" }, "geometry": { "type": "LineString", "coordinates": [ [ -92.860404218946101, 48.052246571378099 ], [ -92.860195424123702, 48.053013504941802 ] ] } },
{ "type": "Feature", "properties": { "wmUplineSo": "ORR", "wmType": "Overhead" }, "geometry": { "type": "LineString", "coordinates": [ [ -92.883589477075304, 48.014674785363702 ], [ -92.884611491227105, 48.014677020490304 ], [ -92.885692790152802, 48.014679375372999 ], [ -92.886770962559098, 48.014681713313202 ], [ -92.887881799964802, 48.014684111501801 ], [ -92.888973582549994, 48.014686458086501 ], [ -92.890033489634405, 48.014688726234702 ], [ -92.891168203154194, 48.0146911436265 ], [ -92.892270854094207, 48.014693481974803 ], [ -92.893343987535403, 48.014695747564097 ], [ -92.894422617743501, 48.014698014656602 ], [ -92.895517175549898, 48.014700304873301 ], [ -92.896590434228003, 48.014702540398098 ], [ -92.897706384907906, 48.014704854214301 ], [ -92.898883875551107, 48.014707283874301 ], [ -92.899909386252403, 48.014709390102702 ], [ -92.900814148730205, 48.014719765388101 ] ] } },
{ "type": "Feature", "properties": { "wmUplineSo": "ORR", "wmType": "Overhead" }, "geometry": { "type": "LineString", "coordinates": [ [ -92.858308937627598, 48.0508634263659 ], [ -92.859202945754404, 48.051620475708802 ], [ -92.859869604676803, 48.0520799533179 ] ] } },
{ "type": "Feature", "properties": { "wmUplineSo": "ORR", "wmType": "Overhead" }, "geometry": { "type": "LineString", "coordinates": [ [ -92.867984036386702, 48.0197925497367 ], [ -92.867970855895294, 48.0190028385421 ], [ -92.867967867431105, 48.018315267639899 ], [ -92.868961467521302, 48.017852462937398 ], [ -92.869249610838693, 48.017558203887397 ], [ -92.870044120790695, 48.016959218368498 ], [ -92.8711050970701, 48.0162069840366 ], [ -92.871872972640901, 48.015600814336999 ], [ -92.872698799811602, 48.0152268029018 ], [ -92.873040405280705, 48.015144927331001 ], [ -92.873805382374599, 48.014961573949002 ], [ -92.874674376156904, 48.014757635074503 ], [ -92.875866673716999, 48.014676802146198 ], [ -92.877130509587005, 48.014676507628003 ], [ -92.878183871961895, 48.014676251534297 ], [ -92.879311695473206, 48.014675966630897 ], [ -92.880398671348999, 48.014675681568399 ], [ -92.881507826417703, 48.014675380087802 ], [ -92.882684050613094, 48.014675048677702 ], [ -92.883589477075304, 48.014674785363702 ] ] } },
{ "type": "Feature", "properties": { "wmUplineSo": "ORR", "wmType": "Overhead" }, "geometry": { "type": "LineString", "coordinates": [ [ -92.858308937627598, 48.0508634263659 ], [ -92.859356265244799, 48.050878996085203 ], [ -92.860783479611698, 48.0508973976658 ], [ -92.862196057583006, 48.050434636792303 ] ] } },
{ "type": "Feature", "properties": { "wmUplineSo": "ORR", "wmType": "Overhead" }, "geometry": { "type": "LineString", "coordinates": [ [ -92.866327748545103, 48.049220342654799 ], [ -92.867138260655594, 48.0499448351719 ] ] } },
{ "type": "Feature", "properties": { "wmUplineSo": "ORR", "wmType": "Overhead" }, "geometry": { "type": "LineString", "coordinates": [ [ -92.866327748545103, 48.049220342654799 ], [ -92.867393039500001, 48.049433417619497 ] ] } },
{ "type": "Feature", "properties": { "wmUplineSo": "ORR", "wmType": "Overhead" }, "geometry": { "type": "LineString", "coordinates": [ [ -92.850662914741505, 48.053259592748503 ], [ -92.849770780946997, 48.053060755659899 ], [ -92.848981176606898, 48.052886615965498 ] ] } },
{ "type": "Feature", "properties": { "wmUplineSo": "ORR", "wmType": "Overhead" }, "geometry": { "type": "LineString", "coordinates": [ [ -92.848981176606898, 48.052886615965498 ], [ -92.848126520571697, 48.0527210603085 ], [ -92.847077665341004, 48.052493474485999 ], [ -92.846089013776293, 48.052273225293703 ], [ -92.844712220053097, 48.051996692518401 ] ] } },
{ "type": "Feature", "properties": { "wmUplineSo": "ORR", "wmType": "Overhead" }, "geometry": { "type": "LineString", "coordinates": [ [ -92.8518448068141, 48.043569967732999 ], [ -92.859215590026807, 48.043514917563698 ] ] } },
{ "type": "Feature", "properties": { "wmUplineSo": "ORR", "wmType": "Overhead" }, "geometry": { "type": "LineString", "coordinates": [ [ -92.857401762205498, 48.057963949766503 ], [ -92.858257131990399, 48.057879596713597 ] ] } },
{ "type": "Feature", "properties": { "wmUplineSo": "ORR", "wmType": "Overhead" }, "geometry": { "type": "LineString", "coordinates": [ [ -92.852815, 48.050808 ], [ -92.853966451764606, 48.050829072528799 ], [ -92.855169022651495, 48.050851068243098 ], [ -92.856345216386302, 48.050872569310897 ], [ -92.856345216386302, 48.050872569310897 ] ] } },
{ "type": "Feature", "properties": { "wmUplineSo": "ORR", "wmType": "Overhead" }, "geometry": { "type": "LineString", "coordinates": [ [ -92.851807757250896, 48.0533757335321 ], [ -92.850662914741505, 48.053259592748503 ] ] } },
{ "type": "Feature", "properties": { "wmUplineSo": "ORR", "wmType": "Overhead" }, "geometry": { "type": "LineString", "coordinates": [ [ -92.844712220053097, 48.051996692518401 ], [ -92.843057684083604, 48.051599602315903 ] ] } },
{ "type": "Feature", "properties": { "wmUplineSo": "ORR", "wmType": "Overhead" }, "geometry": { "type": "LineString", "coordinates": [ [ -92.843057684083604, 48.051599602315903 ], [ -92.841788484757004, 48.051299673903401 ] ] } },
{ "type": "Feature", "properties": { "wmUplineSo": "ORR", "wmType": "Overhead" }, "geometry": { "type": "LineString", "coordinates": [ [ -92.852044961808204, 48.0577687987724 ], [ -92.854201506700903, 48.057837848207001 ] ] } },
{ "type": "Feature", "properties": { "wmUplineSo": "ORR", "wmType": "Overhead" }, "geometry": { "type": "LineString", "coordinates": [ [ -92.844712220053097, 48.051996692518401 ], [ -92.844673846971702, 48.0528767909218 ], [ -92.844653627026702, 48.053826237457798 ], [ -92.8446293503671, 48.054742544874003 ], [ -92.844777917128198, 48.055468992009899 ] ] } },
{ "type": "Feature", "properties": { "wmUplineSo": "ORR", "wmType": "Overhead" }, "geometry": { "type": "LineString", "coordinates": [ [ -92.854201506700903, 48.057837848207001 ], [ -92.854861180944894, 48.0572249628894 ] ] } },
{ "type": "Feature", "properties": { "wmUplineSo": "ORR", "wmType": "Overhead" }, "geometry": { "type": "LineString", "coordinates": [ [ -92.857657346872998, 48.059017502020303 ], [ -92.857692757849193, 48.059376085849898 ] ] } },
{ "type": "Feature", "properties": { "wmUplineSo": "ORR", "wmType": "Overhead" }, "geometry": { "type": "LineString", "coordinates": [ [ -92.857692757849193, 48.059376085849898 ], [ -92.857701205293097, 48.0598259186634 ], [ -92.857701205293097, 48.0598259186634 ] ] } },
{ "type": "Feature", "properties": { "wmUplineSo": "ORR", "wmType": "Overhead" }, "geometry": { "type": "LineString", "coordinates": [ [ -92.857401762205498, 48.057963949766503 ], [ -92.857594435628798, 48.057306579093201 ], [ -92.857935587421593, 48.057085319151 ], [ -92.85872773, 48.056571550009998 ], [ -92.859741696865598, 48.056041610581197 ], [ -92.860420772967004, 48.0558458087622 ] ] } },
{ "type": "Feature", "properties": { "wmUplineSo": "ORR", "wmType": "Overhead" }, "geometry": { "type": "LineString", "coordinates": [ [ -92.851767048567595, 48.057172184940697 ], [ -92.850862609966697, 48.057162985329001 ], [ -92.850050655254705, 48.057183165784302 ], [ -92.849452580010194, 48.057383150555602 ], [ -92.848543592507198, 48.057372434022199 ], [ -92.847981088888403, 48.057388830693498 ], [ -92.847591515180895, 48.057404025828603 ] ] } },
{ "type": "Feature", "properties": { "wmUplineSo": "ORR", "wmType": "Overhead" }, "geometry": { "type": "LineString", "coordinates": [ [ -92.854746048722802, 48.060971967753296 ], [ -92.855566715905397, 48.0611311390428 ] ] } },
{ "type": "Feature", "properties": { "wmUplineSo": "ORR", "wmType": "Overhead" }, "geometry": { "type": "LineString", "coordinates": [ [ -92.883589477075304, 48.014674785363702 ], [ -92.883590008324902, 48.0146111735326 ] ] } },
{ "type": "Feature", "properties": { "wmUplineSo": "ORR", "wmType": "Overhead" }, "geometry": { "type": "LineString", "coordinates": [ [ -92.883744229430604, 48.010685969709101 ], [ -92.884946684598305, 48.010311247596 ], [ -92.885933312856395, 48.009990117108302 ] ] } },
{ "type": "Feature", "properties": { "wmUplineSo": "ORR", "wmType": "Overhead" }, "geometry": { "type": "LineString", "coordinates": [ [ -92.885933312856395, 48.009990117108302 ], [ -92.887042826544004, 48.009633053280702 ] ] } },
{ "type": "Feature", "properties": { "wmUplineSo": "ORR", "wmType": "Overhead" }, "geometry": { "type": "LineString", "coordinates": [ [ -92.887042826544004, 48.009633053280702 ], [ -92.8875791542321, 48.009234046515303 ], [ -92.888086772208993, 48.008866842801901 ] ] } },
{ "type": "Feature", "properties": { "wmUplineSo": "ORR", "wmType": "Overhead" }, "geometry": { "type": "LineString", "coordinates": [ [ -92.883589477075304, 48.014674785363702 ], [ -92.883508573216204, 48.014820494028903 ] ] } },
{ "type": "Feature", "properties": { "wmUplineSo": "ORR", "wmType": "Overhead" }, "geometry": { "type": "LineString", "coordinates": [ [ -92.883508573216204, 48.014820494028903 ], [ -92.883409371621994, 48.015357901537797 ], [ -92.883237616909298, 48.0162883261765 ], [ -92.883041734493801, 48.017349413138597 ], [ -92.882902111976605, 48.018105715515297 ] ] } },
{ "type": "Feature", "properties": { "wmUplineSo": "ORR", "wmType": "Overhead" }, "geometry": { "type": "LineString", "coordinates": [ [ -92.867956060492205, 48.026898119820601 ], [ -92.867952583169597, 48.026341264803598 ], [ -92.867927715561507, 48.0260100175799 ] ] } },
{ "type": "Feature", "properties": { "wmUplineSo": "ORR", "wmType": "Overhead" }, "geometry": { "type": "LineString", "coordinates": [ [ -92.867514721900804, 48.028552710727702 ], [ -92.867944177521494, 48.027681308492902 ], [ -92.867956060492205, 48.026898119820601 ] ] } },
{ "type": "Feature", "properties": { "wmUplineSo": "ORR", "wmType": "Overhead" }, "geometry": { "type": "LineString", "coordinates": [ [ -92.867992567003, 48.020473688595402 ], [ -92.867984036386702, 48.0197925497367 ] ] } },
{ "type": "Feature", "properties": { "wmUplineSo": "ORR", "wmType": "Overhead" }, "geometry": { "type": "LineString", "coordinates": [ [ -92.867990246167693, 48.021296719504498 ], [ -92.867992567003, 48.020473688595402 ] ] } },
{ "type": "Feature", "properties": { "wmUplineSo": "ORR", "wmType": "Overhead" }, "geometry": { "type": "LineString", "coordinates": [ [ -92.867990246167693, 48.021296719504498 ], [ -92.868008143782504, 48.021301262656998 ] ] } },
{ "type": "Feature", "properties": { "wmUplineSo": "ORR", "wmType": "Overhead" }, "geometry": { "type": "LineString", "coordinates": [ [ -92.868008143782504, 48.021301262656998 ], [ -92.868751749894798, 48.021342425029196 ], [ -92.869790527457099, 48.021456920377602 ], [ -92.870880758026601, 48.021604869378102 ], [ -92.871583109488, 48.021798547064797 ] ] } },
{ "type": "Feature", "properties": { "wmUplineSo": "ORR", "wmType": "Overhead" }, "geometry": { "type": "LineString", "coordinates": [ [ -92.871583109488, 48.021798547064797 ], [ -92.871578297371897, 48.022288290299997 ] ] } },
{ "type": "Feature", "properties": { "wmUplineSo": "ORR", "wmType": "Overhead" }, "geometry": { "type": "LineString", "coordinates": [ [ -92.871583109488, 48.021798547064797 ], [ -92.871573519269106, 48.0216595150195 ] ] } },
{ "type": "Feature", "properties": { "wmUplineSo": "ORR", "wmType": "Overhead" }, "geometry": { "type": "LineString", "coordinates": [ [ -92.868564519655393, 48.024840839725002 ], [ -92.869666982983404, 48.025084290009197 ], [ -92.870803709391396, 48.025319289725097 ], [ -92.870803709391396, 48.025319289725097 ] ] } },
{ "type": "Feature", "properties": { "wmUplineSo": "ORR", "wmType": "Overhead" }, "geometry": { "type": "LineString", "coordinates": [ [ -92.867958320592805, 48.0268988854558 ], [ -92.867969792575906, 48.026902768694299 ], [ -92.868734438993599, 48.027089422255798 ], [ -92.869679801964494, 48.0273264292601 ] ] } },
{ "type": "Feature", "properties": { "wmUplineSo": "ORR", "wmType": "Overhead" }, "geometry": { "type": "LineString", "coordinates": [ [ -92.867968431417395, 48.024702899740902 ], [ -92.8680420370885, 48.024719101059198 ] ] } },
{ "type": "Feature", "properties": { "wmUplineSo": "ORR", "wmType": "Overhead" }, "geometry": { "type": "LineString", "coordinates": [ [ -92.867514721900804, 48.028552710727702 ], [ -92.868593400906406, 48.0289111402329 ] ] } },
{ "type": "Feature", "properties": { "wmUplineSo": "ORR", "wmType": "Overhead" }, "geometry": { "type": "LineString", "coordinates": [ [ -92.867956060492205, 48.026898119820601 ], [ -92.867958320592805, 48.0268988854558 ] ] } },
{ "type": "Feature", "properties": { "wmUplineSo": "ORR", "wmType": "Overhead" }, "geometry": { "type": "LineString", "coordinates": [ [ -92.8630065879113, 48.032040188285301 ], [ -92.863634442940295, 48.031843716878498 ], [ -92.864592172354804, 48.031086780261496 ] ] } },
{ "type": "Feature", "properties": { "wmUplineSo": "ORR", "wmType": "Overhead" }, "geometry": { "type": "LineString", "coordinates": [ [ -92.860335578593194, 48.032563782708699 ], [ -92.861263063377606, 48.032516272646703 ], [ -92.861306959056094, 48.032507033458202 ], [ -92.862176762164594, 48.032323952639103 ], [ -92.862266835174793, 48.032293152024501 ], [ -92.8630065879113, 48.032040188285301 ] ] } },
{ "type": "Feature", "properties": { "wmUplineSo": "ORR", "wmType": "Overhead" }, "geometry": { "type": "LineString", "coordinates": [ [ -92.858234949539707, 48.032582422116299 ], [ -92.859029138298297, 48.032575140924799 ], [ -92.859743938611601, 48.032568582877403 ], [ -92.8603016874536, 48.032563462633298 ], [ -92.860335578593194, 48.032563782708699 ] ] } },
{ "type": "Feature", "properties": { "wmUplineSo": "ORR", "wmType": "Overhead" }, "geometry": { "type": "LineString", "coordinates": [ [ -92.868299398659602, 48.0319696499879 ], [ -92.868275499680607, 48.032528182986802 ], [ -92.868224870870307, 48.033421745485299 ] ] } },
{ "type": "Feature", "properties": { "wmUplineSo": "ORR", "wmType": "Overhead" }, "geometry": { "type": "LineString", "coordinates": [ [ -92.8548226158848, 48.032545924279397 ], [ -92.854837161240596, 48.0325459749629 ], [ -92.855897506178295, 48.032549664792697 ], [ -92.856032175761399, 48.0325501327208 ], [ -92.857197686184804, 48.032551587300297 ], [ -92.858234949539707, 48.032582422116299 ] ] } },
{ "type": "Feature", "properties": { "wmUplineSo": "ORR", "wmType": "Overhead" }, "geometry": { "type": "LineString", "coordinates": [ [ -92.867286593286394, 48.029105898371498 ], [ -92.868633323174294, 48.029662344144199 ], [ -92.868852097817296, 48.0302647839478 ], [ -92.869039740196996, 48.030864177514097 ], [ -92.8683885036844, 48.031230419353598 ], [ -92.868299398659602, 48.0319696499879 ] ] } },
{ "type": "Feature", "properties": { "wmUplineSo": "ORR", "wmType": "Overhead" }, "geometry": { "type": "LineString", "coordinates": [ [ -92.868224870870307, 48.033421745485299 ], [ -92.8688475579455, 48.034028387259703 ], [ -92.869585782434896, 48.034747805816799 ] ] } },
{ "type": "Feature", "properties": { "wmUplineSo": "ORR", "wmType": "Overhead" }, "geometry": { "type": "LineString", "coordinates": [ [ -92.867274666912706, 48.029098756613898 ], [ -92.867286593286394, 48.029105898371498 ] ] } },
{ "type": "Feature", "properties": { "wmUplineSo": "ORR", "wmType": "Overhead" }, "geometry": { "type": "LineString", "coordinates": [ [ -92.862371750413104, 48.037785959353798 ], [ -92.862770643842694, 48.037921021415798 ], [ -92.862772171366998, 48.037921538619003 ] ] } },
{ "type": "Feature", "properties": { "wmUplineSo": "ORR", "wmType": "Overhead" }, "geometry": { "type": "LineString", "coordinates": [ [ -92.863648467074896, 48.044486387429203 ], [ -92.864398139680304, 48.044922904809198 ], [ -92.864445495770099, 48.044952199161401 ], [ -92.865254083341199, 48.045452381143697 ], [ -92.866223304640499, 48.045428518556101 ] ] } },
{ "type": "Feature", "properties": { "wmUplineSo": "ORR", "wmType": "Overhead" }, "geometry": { "type": "LineString", "coordinates": [ [ -92.859215590026807, 48.043514917563698 ], [ -92.860641225897794, 48.043516655595603 ] ] } },
{ "type": "Feature", "properties": { "wmUplineSo": "ORR", "wmType": "Overhead" }, "geometry": { "type": "LineString", "coordinates": [ [ -92.861251640225007, 48.037241962831402 ], [ -92.8618410498473, 48.037528220305902 ], [ -92.862371750413104, 48.037785959353798 ], [ -92.862371750413104, 48.037785959353798 ] ] } },
{ "type": "Feature", "properties": { "wmUplineSo": "ORR", "wmType": "Overhead" }, "geometry": { "type": "LineString", "coordinates": [ [ -92.851453935141294, 48.032651759950099 ], [ -92.852366318375999, 48.032583089972199 ] ] } },
{ "type": "Feature", "properties": { "wmUplineSo": "ORR", "wmType": "Overhead" }, "geometry": { "type": "LineString", "coordinates": [ [ -92.860318999990298, 48.033405003849602 ], [ -92.860312540216498, 48.034028722061798 ], [ -92.860312540216498, 48.034028722061798 ], [ -92.860307962356003, 48.0344707235475 ], [ -92.8603142201911, 48.034612128275697 ], [ -92.8603142201911, 48.034612128275697 ], [ -92.860341412650001, 48.0352265719469 ], [ -92.860630410619706, 48.035892646611998 ], [ -92.860826539269993, 48.036303295323201 ], [ -92.860941086433797, 48.036543127808201 ], [ -92.861243952248998, 48.037224662921197 ], [ -92.861251640225007, 48.037241962831402 ] ] } },
{ "type": "Feature", "properties": { "wmUplineSo": "ORR", "wmType": "Overhead" }, "geometry": { "type": "LineString", "coordinates": [ [ -92.852366318375999, 48.032583089972199 ], [ -92.852379212708797, 48.032582570721097 ], [ -92.852948141341599, 48.032559658675702 ], [ -92.852991574016698, 48.032559962189502 ], [ -92.853889345949199, 48.032566232271201 ], [ -92.8548226158848, 48.032545924279397 ] ] } },
{ "type": "Feature", "properties": { "wmUplineSo": "ORR", "wmType": "Overhead" }, "geometry": { "type": "LineString", "coordinates": [ [ -92.851453935141294, 48.032651759950099 ], [ -92.851452085029294, 48.032598701452898 ] ] } },
{ "type": "Feature", "properties": { "wmUplineSo": "ORR", "wmType": "Overhead" }, "geometry": { "type": "LineString", "coordinates": [ [ -92.851453935141294, 48.032651759950099 ], [ -92.851455715770797, 48.032728995822097 ] ] } },
{ "type": "Feature", "properties": { "wmUplineSo": "ORR", "wmType": "Overhead" }, "geometry": { "type": "LineString", "coordinates": [ [ -92.847932901328903, 48.033446112634401 ], [ -92.848727867346994, 48.033277729591397 ], [ -92.849975621801306, 48.032924985370698 ], [ -92.851453935141294, 48.032651759950099 ] ] } },
{ "type": "Feature", "properties": { "wmUplineSo": "ORR", "wmType": "Overhead" }, "geometry": { "type": "LineString", "coordinates": [ [ -92.846490737443403, 48.033582386200301 ], [ -92.8471990301407, 48.033585281920203 ], [ -92.847932901328903, 48.033446112634401 ] ] } },
{ "type": "Feature", "properties": { "wmUplineSo": "ORR", "wmType": "Overhead" }, "geometry": { "type": "LineString", "coordinates": [ [ -92.847918385818801, 48.0334337715733 ], [ -92.847410999881305, 48.032739619655601 ] ] } },
{ "type": "Feature", "properties": { "wmUplineSo": "ORR", "wmType": "Overhead" }, "geometry": { "type": "LineString", "coordinates": [ [ -92.847932901328903, 48.033446112634401 ], [ -92.847918385818801, 48.0334337715733 ] ] } },
{ "type": "Feature", "properties": { "wmUplineSo": "ORR", "wmType": "Overhead" }, "geometry": { "type": "LineString", "coordinates": [ [ -92.851452085029294, 48.032598701452898 ], [ -92.851445999989707, 48.031603003848801 ] ] } },
{ "type": "Feature", "properties": { "wmUplineSo": "ORR", "wmType": "Overhead" }, "geometry": { "type": "LineString", "coordinates": [ [ -92.851455715770797, 48.032728995822097 ], [ -92.851351085106401, 48.034653860779699 ], [ -92.851314043169097, 48.0353352770355 ], [ -92.851314043169097, 48.0353352770355 ] ] } },
{ "type": "Feature", "properties": { "wmUplineSo": "ORR", "wmType": "Overhead" }, "geometry": { "type": "LineString", "coordinates": [ [ -92.863186999990504, 48.050036003854203 ], [ -92.863637999990502, 48.050097003854198 ] ] } },
{ "type": "Feature", "properties": { "wmUplineSo": "ORR", "wmType": "Overhead" }, "geometry": { "type": "LineString", "coordinates": [ [ -92.863637999990502, 48.050097003854198 ], [ -92.864176999990505, 48.050299003854199 ] ] } },
{ "type": "Feature", "properties": { "wmUplineSo": "ORR", "wmType": "Overhead" }, "geometry": { "type": "LineString", "coordinates": [ [ -92.851854663876495, 48.048916541127298 ], [ -92.850756160777607, 48.0490333710923 ], [ -92.849878201412196, 48.049066465689798 ], [ -92.848852578639907, 48.049759425098799 ] ] } },
{ "type": "Feature", "properties": { "wmUplineSo": "ORR", "wmType": "Overhead" }, "geometry": { "type": "LineString", "coordinates": [ [ -92.851854663876495, 48.048916541127298 ], [ -92.851653184526896, 48.048832191025802 ] ] } },
{ "type": "Feature", "properties": { "wmUplineSo": "ORR", "wmType": "Overhead" }, "geometry": { "type": "LineString", "coordinates": [ [ -92.851854663876495, 48.048916541127298 ], [ -92.853559716328405, 48.0488000746371 ] ] } },
{ "type": "Feature", "properties": { "wmUplineSo": "ORR", "wmType": "Overhead" }, "geometry": { "type": "LineString", "coordinates": [ [ -92.855566715905397, 48.0611311390428 ], [ -92.856424284862499, 48.061414310621203 ] ] } },
{ "type": "Feature", "properties": { "wmUplineSo": "ORR", "wmType": "Overhead" }, "geometry": { "type": "LineString", "coordinates": [ [ -92.84824506, 48.061277700010002 ], [ -92.847729950350498, 48.0616967005544 ] ] } },
{ "type": "Feature", "properties": { "wmUplineSo": "ORR", "wmType": "Overhead" }, "geometry": { "type": "LineString", "coordinates": [ [ -92.847729950350498, 48.0616967005544 ], [ -92.847076193817102, 48.062394564441902 ] ] } },
{ "type": "Feature", "properties": { "wmUplineSo": "ORR", "wmType": "Overhead" }, "geometry": { "type": "LineString", "coordinates": [ [ -92.847076193817102, 48.062394564441902 ], [ -92.846375975782607, 48.062293507940097 ] ] } },
{ "type": "Feature", "properties": { "wmUplineSo": "ORR", "wmType": "Overhead" }, "geometry": { "type": "LineString", "coordinates": [ [ -92.846375975782607, 48.062293507940097 ], [ -92.845484625012304, 48.062083328645997 ] ] } },
{ "type": "Feature", "properties": { "wmUplineSo": "ORR", "wmType": "Overhead" }, "geometry": { "type": "LineString", "coordinates": [ [ -92.847076193817102, 48.062394564441902 ], [ -92.847274560945493, 48.062990094174602 ] ] } },
{ "type": "Feature", "properties": { "wmUplineSo": "ORR", "wmType": "Overhead" }, "geometry": { "type": "LineString", "coordinates": [ [ -92.845484625012304, 48.062083328645997 ], [ -92.8449812564686, 48.062166965173397 ] ] } },
{ "type": "Feature", "properties": { "wmUplineSo": "ORR", "wmType": "Overhead" }, "geometry": { "type": "LineString", "coordinates": [ [ -92.8449812564686, 48.062166965173397 ], [ -92.843987181879299, 48.062834013637399 ] ] } },
{ "type": "Feature", "properties": { "wmUplineSo": "ORR", "wmType": "Overhead" }, "geometry": { "type": "LineString", "coordinates": [ [ -92.843987181879299, 48.062834013637399 ], [ -92.843645372240999, 48.063258179180202 ] ] } },
{ "type": "Feature", "properties": { "wmUplineSo": "ORR", "wmType": "Overhead" }, "geometry": { "type": "LineString", "coordinates": [ [ -92.843645372240999, 48.063258179180202 ], [ -92.842984042134105, 48.063965045295497 ] ] } },
{ "type": "Feature", "properties": { "wmUplineSo": "ORR", "wmType": "Overhead" }, "geometry": { "type": "LineString", "coordinates": [ [ -92.842984042134105, 48.063965045295497 ], [ -92.8423261832625, 48.064389306643001 ] ] } },
{ "type": "Feature", "properties": { "wmUplineSo": "ORR", "wmType": "Overhead" }, "geometry": { "type": "LineString", "coordinates": [ [ -92.8423261832625, 48.064389306643001 ], [ -92.842362833442493, 48.064746008500201 ] ] } },
{ "type": "Feature", "properties": { "wmUplineSo": "ORR", "wmType": "Overhead" }, "geometry": { "type": "LineString", "coordinates": [ [ -92.842722772997405, 48.066031137349903 ], [ -92.842481843334696, 48.0668898875008 ] ] } },
{ "type": "Feature", "properties": { "wmUplineSo": "ORR", "wmType": "Overhead" }, "geometry": { "type": "LineString", "coordinates": [ [ -92.842481843334696, 48.0668898875008 ], [ -92.842250774612097, 48.067670423207602 ] ] } },
{ "type": "Feature", "properties": { "wmUplineSo": "ORR", "wmType": "Overhead" }, "geometry": { "type": "LineString", "coordinates": [ [ -92.832660207556501, 48.037510557301403 ], [ -92.833845255332903, 48.037284088105203 ], [ -92.835016733499501, 48.037236497330397 ], [ -92.835055102774604, 48.037234938392302 ] ] } },
{ "type": "Feature", "properties": { "wmUplineSo": "ORR", "wmType": "Overhead" }, "geometry": { "type": "LineString", "coordinates": [ [ -92.819792, 48.03329 ], [ -92.819074438591699, 48.033372802660502 ] ] } },
{ "type": "Feature", "properties": { "wmUplineSo": "ORR", "wmType": "Overhead" }, "geometry": { "type": "LineString", "coordinates": [ [ -92.82113743, 48.035793440010004 ], [ -92.820579590777797, 48.035030368339498 ] ] } },
{ "type": "Feature", "properties": { "wmUplineSo": "ORR", "wmType": "Overhead" }, "geometry": { "type": "LineString", "coordinates": [ [ -92.882902111976605, 48.018105715515297 ], [ -92.883391710670594, 48.018844216378596 ] ] } },
{ "type": "Feature", "properties": { "wmUplineSo": "ORR", "wmType": "Overhead" }, "geometry": { "type": "LineString", "coordinates": [ [ -92.852756414089797, 48.059780601528502 ], [ -92.8532866734203, 48.060095847431199 ], [ -92.853582326682698, 48.0604109813737 ] ] } },
{ "type": "Feature", "properties": { "wmUplineSo": "ORR", "wmType": "Overhead" }, "geometry": { "type": "LineString", "coordinates": [ [ -92.843645372240999, 48.063258179180202 ], [ -92.843777723527595, 48.0636468543658 ] ] } },
{ "type": "Feature", "properties": { "wmUplineSo": "ORR", "wmType": "Overhead" }, "geometry": { "type": "LineString", "coordinates": [ [ -92.846490737443403, 48.033582386200301 ], [ -92.846249029130604, 48.033822614138998 ] ] } },
{ "type": "Feature", "properties": { "wmUplineSo": "ORR", "wmType": "Overhead" }, "geometry": { "type": "LineString", "coordinates": [ [ -92.863186999990504, 48.050036003854203 ], [ -92.863861029110396, 48.049798918351499 ], [ -92.864511162729897, 48.049637813478 ], [ -92.865080090584897, 48.0495080770485 ] ] } },
{ "type": "Feature", "properties": { "wmUplineSo": "ORR", "wmType": "Overhead" }, "geometry": { "type": "LineString", "coordinates": [ [ -92.857701205293097, 48.0598259186634 ], [ -92.857765293209695, 48.060302438538997 ] ] } },
{ "type": "Feature", "properties": { "wmUplineSo": "ORR", "wmType": "Overhead" }, "geometry": { "type": "LineString", "coordinates": [ [ -92.831657207569805, 48.036605556796196 ], [ -92.832430208341194, 48.036617557192699 ] ] } },
{ "type": "Feature", "properties": { "wmUplineSo": "ORR", "wmType": "Overhead" }, "geometry": { "type": "LineString", "coordinates": [ [ -92.830896206809399, 48.036594556406001 ], [ -92.831657207569805, 48.036605556796196 ] ] } },
{ "type": "Feature", "properties": { "wmUplineSo": "ORR", "wmType": "Overhead" }, "geometry": { "type": "LineString", "coordinates": [ [ -92.830012765456601, 48.036573202309498 ], [ -92.830896206809399, 48.036594556406001 ] ] } },
{ "type": "Feature", "properties": { "wmUplineSo": "ORR", "wmType": "Overhead" }, "geometry": { "type": "LineString", "coordinates": [ [ -92.8299593225493, 48.035772580884803 ], [ -92.829925740161897, 48.035023030025002 ] ] } },
{ "type": "Feature", "properties": { "wmUplineSo": "ORR", "wmType": "Overhead" }, "geometry": { "type": "LineString", "coordinates": [ [ -92.829925740161897, 48.035023030025002 ], [ -92.829783935346597, 48.034239118072499 ], [ -92.829841729508203, 48.033516139032002 ], [ -92.829901731130306, 48.032793469382497 ] ] } },
{ "type": "Feature", "properties": { "wmUplineSo": "ORR", "wmType": "Overhead" }, "geometry": { "type": "LineString", "coordinates": [ [ -92.8299593225493, 48.035772580884803 ], [ -92.831503536915704, 48.035707004965502 ] ] } },
{ "type": "Feature", "properties": { "wmUplineSo": "ORR", "wmType": "Overhead" }, "geometry": { "type": "LineString", "coordinates": [ [ -92.829925740161897, 48.035023030025002 ], [ -92.831328231289305, 48.034941060892997 ] ] } },
{ "type": "Feature", "properties": { "wmUplineSo": "ORR", "wmType": "Overhead" }, "geometry": { "type": "LineString", "coordinates": [ [ -92.836851216297404, 48.0335775594911 ], [ -92.837717502986095, 48.033182143321099 ], [ -92.838884579997, 48.033239394176498 ], [ -92.839963993736305, 48.033292334053002 ], [ -92.841090613558094, 48.033347578222099 ], [ -92.842374432147494, 48.033410517073399 ], [ -92.843310640459507, 48.033456405285797 ], [ -92.844432503224695, 48.033511383189001 ], [ -92.845438993788505, 48.033560697751298 ] ] } },
{ "type": "Feature", "properties": { "wmUplineSo": "ORR", "wmType": "Overhead" }, "geometry": { "type": "LineString", "coordinates": [ [ -92.854201506700903, 48.057837848207001 ], [ -92.855575575036497, 48.057882432320497 ], [ -92.856480989142597, 48.0579049911928 ] ] } },
{ "type": "Feature", "properties": { "wmUplineSo": "ORR", "wmType": "Overhead" }, "geometry": { "type": "LineString", "coordinates": [ [ -92.853582326682698, 48.0604109813737 ], [ -92.853817350030198, 48.060765349738404 ] ] } },
{ "type": "Feature", "properties": { "wmUplineSo": "ORR", "wmType": "Overhead" }, "geometry": { "type": "LineString", "coordinates": [ [ -92.853817350030198, 48.060765349738404 ], [ -92.854746048722802, 48.060971967753296 ] ] } },
{ "type": "Feature", "properties": { "wmUplineSo": "ORR", "wmType": "Overhead" }, "geometry": { "type": "LineString", "coordinates": [ [ -92.853817350030198, 48.060765349738404 ], [ -92.852945139309597, 48.060615243719901 ] ] } },
{ "type": "Feature", "properties": { "wmUplineSo": "ORR", "wmType": "Overhead" }, "geometry": { "type": "LineString", "coordinates": [ [ -92.871346899343905, 48.022874587046701 ], [ -92.871433336169304, 48.023330131086098 ] ] } },
{ "type": "Feature", "properties": { "wmUplineSo": "ORR", "wmType": "Overhead" }, "geometry": { "type": "LineString", "coordinates": [ [ -92.857765293209695, 48.060302438538997 ], [ -92.85909, 48.060865999999898 ] ] } },
{ "type": "Feature", "properties": { "wmUplineSo": "ORR", "wmType": "Overhead" }, "geometry": { "type": "LineString", "coordinates": [ [ -92.867138260655594, 48.0499448351719 ], [ -92.8671588, 48.050224600009997 ] ] } },
{ "type": "Feature", "properties": { "wmUplineSo": "ORR", "wmType": "Overhead" }, "geometry": { "type": "LineString", "coordinates": [ [ -92.821436877263807, 48.036570157010097 ], [ -92.822901234831093, 48.036566731345303 ] ] } },
{ "type": "Feature", "properties": { "wmUplineSo": "ORR", "wmType": "Overhead" }, "geometry": { "type": "LineString", "coordinates": [ [ -92.824125512365299, 48.036586206671998 ], [ -92.824915154849606, 48.036617168936701 ] ] } },
{ "type": "Feature", "properties": { "wmUplineSo": "ORR", "wmType": "Overhead" }, "geometry": { "type": "LineString", "coordinates": [ [ -92.85909, 48.060865999999898 ], [ -92.860127522739901, 48.061170390986298 ] ] } },
{ "type": "Feature", "properties": { "wmUplineSo": "ORR", "wmType": "Overhead" }, "geometry": { "type": "LineString", "coordinates": [ [ -92.856480989142597, 48.0579049911928 ], [ -92.857401762205498, 48.057963949766503 ] ] } },
{ "type": "Feature", "properties": { "wmUplineSo": "ORR", "wmType": "Overhead" }, "geometry": { "type": "LineString", "coordinates": [ [ -92.857401762205498, 48.057963949766503 ], [ -92.857672232017507, 48.058742621409898 ], [ -92.857657346872998, 48.059017502020303 ] ] } },
{ "type": "Feature", "properties": { "wmUplineSo": "ORR", "wmType": "Overhead" }, "geometry": { "type": "LineString", "coordinates": [ [ -92.856480989142597, 48.0579049911928 ], [ -92.856900374973407, 48.057571189268103 ] ] } },
{ "type": "Feature", "properties": { "wmUplineSo": "ORR", "wmType": "Overhead" }, "geometry": { "type": "LineString", "coordinates": [ [ -92.862310343799294, 48.043533903140002 ], [ -92.862898996650699, 48.043978450574002 ], [ -92.863648467074896, 48.044486387429203 ] ] } },
{ "type": "Feature", "properties": { "wmUplineSo": "ORR", "wmType": "Overhead" }, "geometry": { "type": "LineString", "coordinates": [ [ -92.883399296234302, 48.004879583627201 ], [ -92.884684297063998, 48.005297584280697 ] ] } },
{ "type": "Feature", "properties": { "wmUplineSo": "ORR", "wmType": "Overhead" }, "geometry": { "type": "LineString", "coordinates": [ [ -92.80362693, 48.052763320010001 ], [ -92.804949480780493, 48.052374992639997 ], [ -92.806165848272201, 48.052081774304902 ], [ -92.807323013287899, 48.051802812290603 ], [ -92.80848381, 48.051522960009997 ] ] } },
{ "type": "Feature", "properties": { "wmUplineSo": "ORR", "wmType": "Overhead" }, "geometry": { "type": "LineString", "coordinates": [ [ -92.80848381, 48.051522960009997 ], [ -92.809799240710504, 48.051198435703498 ], [ -92.811060420152998, 48.050887277496599 ] ] } },
{ "type": "Feature", "properties": { "wmUplineSo": "ORR", "wmType": "Overhead" }, "geometry": { "type": "LineString", "coordinates": [ [ -92.830165633485805, 47.964307670833797 ], [ -92.829104158321002, 47.964275456759601 ] ] } },
{ "type": "Feature", "properties": { "wmUplineSo": "ORR", "wmType": "Overhead" }, "geometry": { "type": "LineString", "coordinates": [ [ -92.830912073456702, 47.964282418305203 ], [ -92.830165633485805, 47.964307670833797 ] ] } },
{ "type": "Feature", "properties": { "wmUplineSo": "ORR", "wmType": "Overhead" }, "geometry": { "type": "LineString", "coordinates": [ [ -92.807824314030697, 47.9680663110735 ], [ -92.807654341586201, 47.968092225448302 ], [ -92.807228202488702, 47.968129822268203 ] ] } },
{ "type": "Feature", "properties": { "wmUplineSo": "ORR", "wmType": "Overhead" }, "geometry": { "type": "LineString", "coordinates": [ [ -92.813936380206201, 47.970055222378598 ], [ -92.814292318872603, 47.970149507743201 ], [ -92.814871519834199, 47.970330239841601 ] ] } },
{ "type": "Feature", "properties": { "wmUplineSo": "ORR", "wmType": "Overhead" }, "geometry": { "type": "LineString", "coordinates": [ [ -92.808696810608097, 47.968078068923198 ], [ -92.807824314030697, 47.9680663110735 ] ] } },
{ "type": "Feature", "properties": { "wmUplineSo": "ORR", "wmType": "Overhead" }, "geometry": { "type": "LineString", "coordinates": [ [ -92.806297011008894, 47.9682474722335 ], [ -92.804873515860194, 47.968060034828703 ] ] } },
{ "type": "Feature", "properties": { "wmUplineSo": "ORR", "wmType": "Overhead" }, "geometry": { "type": "LineString", "coordinates": [ [ -92.806297011008894, 47.9682474722335 ], [ -92.806337675658796, 47.971566237630498 ], [ -92.8087164207993, 47.978689907083798 ], [ -92.808415898405499, 47.982319109860299 ], [ -92.807777453855394, 47.982732385681402 ], [ -92.8060967394957, 47.983161419358296 ] ] } },
{ "type": "Feature", "properties": { "wmUplineSo": "ORR", "wmType": "Overhead" }, "geometry": { "type": "LineString", "coordinates": [ [ -92.807228202488702, 47.968129822268203 ], [ -92.806297011008894, 47.9682474722335 ] ] } },
{ "type": "Feature", "properties": { "wmUplineSo": "ORR", "wmType": "Overhead" }, "geometry": { "type": "LineString", "coordinates": [ [ -92.829919094135505, 47.977517156567302 ], [ -92.830668200120002, 47.978020749695197 ] ] } },
{ "type": "Feature", "properties": { "wmUplineSo": "ORR", "wmType": "Overhead" }, "geometry": { "type": "LineString", "coordinates": [ [ -92.832653189915106, 47.975070923977903 ], [ -92.8327682986708, 47.974114728746997 ] ] } },
{ "type": "Feature", "properties": { "wmUplineSo": "ORR", "wmType": "Overhead" }, "geometry": { "type": "LineString", "coordinates": [ [ -92.832653189915106, 47.975070923977903 ], [ -92.83169204, 47.9752791100099 ] ] } },
{ "type": "Feature", "properties": { "wmUplineSo": "ORR", "wmType": "Overhead" }, "geometry": { "type": "LineString", "coordinates": [ [ -92.831908813330003, 47.976860102456001 ], [ -92.832317254117598, 47.975878392992698 ], [ -92.832653189915106, 47.975070923977903 ] ] } },
{ "type": "Feature", "properties": { "wmUplineSo": "ORR", "wmType": "Overhead" }, "geometry": { "type": "LineString", "coordinates": [ [ -92.831947343783796, 47.978586413593398 ], [ -92.831936766091502, 47.978112503510701 ], [ -92.831917340239798, 47.977242149879899 ], [ -92.831908813330003, 47.976860102456001 ] ] } },
{ "type": "Feature", "properties": { "wmUplineSo": "ORR", "wmType": "Overhead" }, "geometry": { "type": "LineString", "coordinates": [ [ -92.830437547575599, 47.993510296639002 ], [ -92.828301215000806, 47.993465950544099 ] ] } },
{ "type": "Feature", "properties": { "wmUplineSo": "ORR", "wmType": "Overhead" }, "geometry": { "type": "LineString", "coordinates": [ [ -92.831795391469399, 47.984932158936097 ], [ -92.831086818409204, 47.9852592534968 ] ] } },
{ "type": "Feature", "properties": { "wmUplineSo": "ORR", "wmType": "Overhead" }, "geometry": { "type": "LineString", "coordinates": [ [ -92.831795391469399, 47.984932158936097 ], [ -92.831799394141299, 47.984765022786803 ], [ -92.831820501688, 47.983883634099399 ], [ -92.831840822382404, 47.983035071979302 ], [ -92.831879414407695, 47.981423444971 ], [ -92.831896708881999, 47.980701182447902 ], [ -92.831916971398698, 47.979854939540097 ], [ -92.831937813924895, 47.978984442550299 ], [ -92.831947343783796, 47.978586413593398 ] ] } },
{ "type": "Feature", "properties": { "wmUplineSo": "ORR", "wmType": "Overhead" }, "geometry": { "type": "LineString", "coordinates": [ [ -92.831716439355702, 47.9895183670628 ], [ -92.8317346026883, 47.9888187781062 ], [ -92.831743368328901, 47.988481148709702 ], [ -92.831749692495293, 47.988049746027897 ], [ -92.831760222088207, 47.987331452936097 ], [ -92.831772484168695, 47.986494947917301 ], [ -92.831782903504106, 47.985784129591103 ], [ -92.831795391469399, 47.984932158936097 ] ] } },
{ "type": "Feature", "properties": { "wmUplineSo": "ORR", "wmType": "Overhead" }, "geometry": { "type": "LineString", "coordinates": [ [ -92.831716439355702, 47.9895183670628 ], [ -92.831716439355603, 47.9895183670628 ], [ -92.831168512289494, 47.989442717759403 ] ] } },
{ "type": "Feature", "properties": { "wmUplineSo": "ORR", "wmType": "Overhead" }, "geometry": { "type": "LineString", "coordinates": [ [ -92.831168512289494, 47.989442717759403 ], [ -92.829745184744397, 47.989525537439903 ] ] } },
{ "type": "Feature", "properties": { "wmUplineSo": "ORR", "wmType": "Overhead" }, "geometry": { "type": "LineString", "coordinates": [ [ -92.831086818409204, 47.9852592534968 ], [ -92.830070896955604, 47.985665587647098 ] ] } },
{ "type": "Feature", "properties": { "wmUplineSo": "ORR", "wmType": "Overhead" }, "geometry": { "type": "LineString", "coordinates": [ [ -92.831613094388302, 47.993531917993202 ], [ -92.831631566884596, 47.992814560189203 ], [ -92.831652856074797, 47.991987793323098 ], [ -92.831675156577305, 47.991121722174199 ], [ -92.831692183988395, 47.990460418285799 ], [ -92.831716439355603, 47.9895183670628 ], [ -92.831716439355702, 47.9895183670628 ] ] } },
{ "type": "Feature", "properties": { "wmUplineSo": "ORR", "wmType": "Overhead" }, "geometry": { "type": "LineString", "coordinates": [ [ -92.831613094388302, 47.993531917993202 ], [ -92.830437547575599, 47.993510296639002 ] ] } },
{ "type": "Feature", "properties": { "wmUplineSo": "ORR", "wmType": "Overhead" }, "geometry": { "type": "LineString", "coordinates": [ [ -92.831537442151202, 47.997999417202102 ], [ -92.830318837985004, 47.997816109591902 ] ] } },
{ "type": "Feature", "properties": { "wmUplineSo": "ORR", "wmType": "Overhead" }, "geometry": { "type": "LineString", "coordinates": [ [ -92.831414248812095, 48.006487230266302 ], [ -92.830312525101903, 48.006230610841499 ] ] } },
{ "type": "Feature", "properties": { "wmUplineSo": "ORR", "wmType": "Overhead" }, "geometry": { "type": "LineString", "coordinates": [ [ -92.831537442151202, 47.997999417202102 ], [ -92.831550802953203, 47.997210481129002 ], [ -92.8315621469701, 47.996540612862702 ], [ -92.831574943133205, 47.995784972302502 ], [ -92.831588812087304, 47.994965954178397 ], [ -92.831600811454507, 47.9942573201157 ], [ -92.831613094388302, 47.993531917993202 ] ] } },
{ "type": "Feature", "properties": { "wmUplineSo": "ORR", "wmType": "Overhead" }, "geometry": { "type": "LineString", "coordinates": [ [ -92.831414248812095, 48.006487230266302 ], [ -92.831432048507196, 48.005635767355997 ], [ -92.831446038261703, 48.004966535052802 ], [ -92.8314600309144, 48.0042971456065 ], [ -92.831474355084595, 48.003611877656297 ], [ -92.831487024479998, 48.003005757935298 ], [ -92.8315046357054, 48.002163189686001 ], [ -92.831518626077795, 48.001493831870803 ], [ -92.8315337639864, 48.000769550291402 ], [ -92.831548080927803, 48.000084528420302 ], [ -92.831563553011506, 47.9993442147439 ], [ -92.831551838237104, 47.9987408723714 ], [ -92.831537442151202, 47.997999417202102 ] ] } },
{ "type": "Feature", "properties": { "wmUplineSo": "ORR", "wmType": "Overhead" }, "geometry": { "type": "LineString", "coordinates": [ [ -92.830312525101903, 48.006230610841499 ], [ -92.828674999988195, 48.006695003841699 ] ] } },
{ "type": "Feature", "properties": { "wmUplineSo": "ORR", "wmType": "Overhead" }, "geometry": { "type": "LineString", "coordinates": [ [ -92.833432218816597, 48.0283215577915 ], [ -92.834507181875694, 48.028077264800999 ] ] } },
{ "type": "Feature", "properties": { "wmUplineSo": "ORR", "wmType": "Overhead" }, "geometry": { "type": "LineString", "coordinates": [ [ -92.831271382646804, 48.016056423729701 ], [ -92.831226036993897, 48.015666704062298 ], [ -92.831226036993897, 48.015666704062298 ], [ -92.831231619468099, 48.015394485554403 ], [ -92.8312389226855, 48.015038353714303 ], [ -92.831244779707902, 48.014752739896302 ], [ -92.831248809668807, 48.014556219560703 ], [ -92.831260892940307, 48.013966971382899 ], [ -92.8312541541885, 48.014295592537799 ], [ -92.831260892940307, 48.013966971382899 ], [ -92.8312635758558, 48.013836135406599 ], [ -92.831274060398798, 48.013324835806003 ], [ -92.8312904485677, 48.012525612490599 ], [ -92.8312904485677, 48.012525612490599 ], [ -92.831305681882796, 48.011782685759897 ], [ -92.831308960505496, 48.011622784788401 ], [ -92.831320921507199, 48.0110394284915 ], [ -92.831320921507199, 48.0110394284915 ], [ -92.831324823784001, 48.010849105451598 ], [ -92.831370678122497, 48.008612571458798 ], [ -92.831386017832301, 48.007864334756803 ], [ -92.8314015152054, 48.007108384083899 ], [ -92.831414248812095, 48.006487230266302 ] ] } },
{ "type": "Feature", "properties": { "wmUplineSo": "ORR", "wmType": "Overhead" }, "geometry": { "type": "LineString", "coordinates": [ [ -92.832341160043498, 48.028301408130403 ], [ -92.8329110316336, 48.028982686077903 ] ] } },
{ "type": "Feature", "properties": { "wmUplineSo": "ORR", "wmType": "Overhead" }, "geometry": { "type": "LineString", "coordinates": [ [ -92.832341160043498, 48.028301408130403 ], [ -92.833432218816597, 48.0283215577915 ] ] } },
{ "type": "Feature", "properties": { "wmUplineSo": "ORR", "wmType": "Overhead" }, "geometry": { "type": "LineString", "coordinates": [ [ -92.831319694973999, 48.028267719928799 ], [ -92.832341160043498, 48.028301408130403 ] ] } },
{ "type": "Feature", "properties": { "wmUplineSo": "ORR", "wmType": "Overhead" }, "geometry": { "type": "LineString", "coordinates": [ [ -92.830924241877895, 48.028316046036799 ], [ -92.830988418111502, 48.028308203517497 ], [ -92.831319694973999, 48.028267719928799 ] ] } },
{ "type": "Feature", "properties": { "wmUplineSo": "ORR", "wmType": "Overhead" }, "geometry": { "type": "LineString", "coordinates": [ [ -92.830924241877895, 48.028316046036799 ], [ -92.831057929709203, 48.027478618187097 ], [ -92.831271382646804, 48.016056423729701 ], [ -92.831271382646804, 48.016056423729701 ] ] } },
{ "type": "Feature", "properties": { "wmUplineSo": "ORR", "wmType": "Overhead" }, "geometry": { "type": "LineString", "coordinates": [ [ -92.825980058127598, 48.036594981854499 ], [ -92.827390988008005, 48.036585207762798 ] ] } },
{ "type": "Feature", "properties": { "wmUplineSo": "ORR", "wmType": "Overhead" }, "geometry": { "type": "LineString", "coordinates": [ [ -92.821436877263807, 48.036570157010097 ], [ -92.82113743, 48.035793440010004 ] ] } },
{ "type": "Feature", "properties": { "wmUplineSo": "ORR", "wmType": "Overhead" }, "geometry": { "type": "LineString", "coordinates": [ [ -92.83169204, 47.9752791100099 ], [ -92.83015763, 47.9755350200099 ] ] } },
{ "type": "Feature", "properties": { "wmUplineSo": "ORR", "wmType": "Overhead" }, "geometry": { "type": "LineString", "coordinates": [ [ -92.83015763, 47.9755350200099 ], [ -92.826919907054304, 47.9749002459004 ] ] } },
{ "type": "Feature", "properties": { "wmUplineSo": "ORR", "wmType": "Overhead" }, "geometry": { "type": "LineString", "coordinates": [ [ -92.826919907054304, 47.9749002459004 ], [ -92.827952776938403, 47.973996491037099 ], [ -92.827527482617299, 47.973806885260998 ] ] } },
{ "type": "Feature", "properties": { "wmUplineSo": "ORR", "wmType": "Overhead" }, "geometry": { "type": "LineString", "coordinates": [ [ -92.826919907054304, 47.9749002459004 ], [ -92.825843123483295, 47.9749208806371 ] ] } },
{ "type": "Feature", "properties": { "wmUplineSo": "ORR", "wmType": "Overhead" }, "geometry": { "type": "LineString", "coordinates": [ [ -92.8327682986708, 47.974114728746997 ], [ -92.832053978908306, 47.9740171201951 ] ] } },
{ "type": "Feature", "properties": { "wmUplineSo": "ORR", "wmType": "Overhead" }, "geometry": { "type": "LineString", "coordinates": [ [ -92.831611894696906, 47.973991543315798 ], [ -92.830735492929307, 47.973940835258603 ] ] } },
{ "type": "Feature", "properties": { "wmUplineSo": "ORR", "wmType": "Overhead" }, "geometry": { "type": "LineString", "coordinates": [ [ -92.832489812722201, 47.973260471091798 ], [ -92.832174778601797, 47.972533463686403 ], [ -92.831790063153903, 47.971056161771799 ] ] } },
{ "type": "Feature", "properties": { "wmUplineSo": "ORR", "wmType": "Overhead" }, "geometry": { "type": "LineString", "coordinates": [ [ -92.831288068689105, 47.969678993484202 ], [ -92.831618550397295, 47.969669720554499 ] ] } },
{ "type": "Feature", "properties": { "wmUplineSo": "ORR", "wmType": "Overhead" }, "geometry": { "type": "LineString", "coordinates": [ [ -92.83401686, 47.969643410009901 ], [ -92.83534006, 47.969610000009901 ] ] } },
{ "type": "Feature", "properties": { "wmUplineSo": "ORR", "wmType": "Overhead" }, "geometry": { "type": "LineString", "coordinates": [ [ -92.831288068689105, 47.969678993484202 ], [ -92.831042337658104, 47.969719916300903 ] ] } },
{ "type": "Feature", "properties": { "wmUplineSo": "ORR", "wmType": "Overhead" }, "geometry": { "type": "LineString", "coordinates": [ [ -92.831042337658104, 47.969719916300903 ], [ -92.83058431, 47.969804850009901 ] ] } },
{ "type": "Feature", "properties": { "wmUplineSo": "ORR", "wmType": "Overhead" }, "geometry": { "type": "LineString", "coordinates": [ [ -92.830968554730504, 47.968802401700799 ], [ -92.830983933430602, 47.968003211007399 ] ] } },
{ "type": "Feature", "properties": { "wmUplineSo": "ORR", "wmType": "Overhead" }, "geometry": { "type": "LineString", "coordinates": [ [ -92.830983933430602, 47.968003211007399 ], [ -92.830502354551101, 47.967928654434097 ] ] } },
{ "type": "Feature", "properties": { "wmUplineSo": "ORR", "wmType": "Overhead" }, "geometry": { "type": "LineString", "coordinates": [ [ -92.830502354551101, 47.967928654434097 ], [ -92.829088469951301, 47.967815678002601 ], [ -92.828852724414403, 47.967759721818503 ] ] } },
{ "type": "Feature", "properties": { "wmUplineSo": "ORR", "wmType": "Overhead" }, "geometry": { "type": "LineString", "coordinates": [ [ -92.830983933430602, 47.968003211007399 ], [ -92.830970493706303, 47.967307361939604 ], [ -92.830955132721201, 47.9665120171206 ], [ -92.830941639561104, 47.965813363711902 ], [ -92.8309264994665, 47.9650294137776 ], [ -92.830912073456702, 47.964282418305203 ] ] } },
{ "type": "Feature", "properties": { "wmUplineSo": "ORR", "wmType": "Overhead" }, "geometry": { "type": "LineString", "coordinates": [ [ -92.828852724414403, 47.967759721818503 ], [ -92.828572574929495, 47.967262182251503 ] ] } },
{ "type": "Feature", "properties": { "wmUplineSo": "ORR", "wmType": "Overhead" }, "geometry": { "type": "LineString", "coordinates": [ [ -92.829104158321002, 47.964275456759601 ], [ -92.826056011432996, 47.964332010080199 ] ] } },
{ "type": "Feature", "properties": { "wmUplineSo": "ORR", "wmType": "Overhead" }, "geometry": { "type": "LineString", "coordinates": [ [ -92.823824704655195, 47.964373358291802 ], [ -92.8236408318012, 47.965254799756202 ] ] } },
{ "type": "Feature", "properties": { "wmUplineSo": "ORR", "wmType": "Overhead" }, "geometry": { "type": "LineString", "coordinates": [ [ -92.823824704655195, 47.964373358291802 ], [ -92.813579883971997, 47.964416421108503 ] ] } },
{ "type": "Feature", "properties": { "wmUplineSo": "ORR", "wmType": "Overhead" }, "geometry": { "type": "LineString", "coordinates": [ [ -92.807649799257703, 47.963056500470103 ], [ -92.80596161, 47.9631691000099 ], [ -92.80596161, 47.9631691000099 ] ] } },
{ "type": "Feature", "properties": { "wmUplineSo": "ORR", "wmType": "Overhead" }, "geometry": { "type": "LineString", "coordinates": [ [ -92.811867999987101, 47.964410003829798 ], [ -92.812035758354995, 47.967509196669603 ] ] } },
{ "type": "Feature", "properties": { "wmUplineSo": "ORR", "wmType": "Overhead" }, "geometry": { "type": "LineString", "coordinates": [ [ -92.812035758354995, 47.967509196669603 ], [ -92.811992299203794, 47.968098221802997 ] ] } },
{ "type": "Feature", "properties": { "wmUplineSo": "ORR", "wmType": "Overhead" }, "geometry": { "type": "LineString", "coordinates": [ [ -92.811992299203794, 47.968098221802997 ], [ -92.812035431170102, 47.968980182108197 ] ] } },
{ "type": "Feature", "properties": { "wmUplineSo": "ORR", "wmType": "Overhead" }, "geometry": { "type": "LineString", "coordinates": [ [ -92.811992299203794, 47.968098221802997 ], [ -92.812442265765597, 47.968170477290698 ] ] } },
{ "type": "Feature", "properties": { "wmUplineSo": "ORR", "wmType": "Overhead" }, "geometry": { "type": "LineString", "coordinates": [ [ -92.812442265765597, 47.968170477290698 ], [ -92.812783540029201, 47.9681167461722 ] ] } },
{ "type": "Feature", "properties": { "wmUplineSo": "ORR", "wmType": "Overhead" }, "geometry": { "type": "LineString", "coordinates": [ [ -92.811992299203794, 47.968098221802997 ], [ -92.810025258773706, 47.968098932136201 ] ] } },
{ "type": "Feature", "properties": { "wmUplineSo": "ORR", "wmType": "Overhead" }, "geometry": { "type": "LineString", "coordinates": [ [ -92.810025258773706, 47.968098932136201 ], [ -92.809369711813105, 47.968088638725703 ] ] } },
{ "type": "Feature", "properties": { "wmUplineSo": "ORR", "wmType": "Overhead" }, "geometry": { "type": "LineString", "coordinates": [ [ -92.809168695443404, 47.969011109390102 ], [ -92.808728933781495, 47.968989873403601 ] ] } },
{ "type": "Feature", "properties": { "wmUplineSo": "ORR", "wmType": "Overhead" }, "geometry": { "type": "LineString", "coordinates": [ [ -92.812035431170102, 47.968980182108197 ], [ -92.811572238056499, 47.9689856442306 ] ] } },
{ "type": "Feature", "properties": { "wmUplineSo": "ORR", "wmType": "Overhead" }, "geometry": { "type": "LineString", "coordinates": [ [ -92.811572238056499, 47.9689856442306 ], [ -92.809930803326594, 47.969004184144801 ], [ -92.809168695443404, 47.969011109390102 ] ] } },
{ "type": "Feature", "properties": { "wmUplineSo": "ORR", "wmType": "Overhead" }, "geometry": { "type": "LineString", "coordinates": [ [ -92.812035431170102, 47.968980182108197 ], [ -92.812140238277706, 47.969437387301703 ] ] } },
{ "type": "Feature", "properties": { "wmUplineSo": "ORR", "wmType": "Overhead" }, "geometry": { "type": "LineString", "coordinates": [ [ -92.812140238277706, 47.969437387301703 ], [ -92.811664481514498, 47.969419966565098 ] ] } },
{ "type": "Feature", "properties": { "wmUplineSo": "ORR", "wmType": "Overhead" }, "geometry": { "type": "LineString", "coordinates": [ [ -92.812140238277706, 47.969437387301703 ], [ -92.812338959259705, 47.969497009234203 ], [ -92.812821214794894, 47.969649197486099 ], [ -92.813936380206201, 47.970055222378598 ] ] } },
{ "type": "Feature", "properties": { "wmUplineSo": "ORR", "wmType": "Overhead" }, "geometry": { "type": "LineString", "coordinates": [ [ -92.813936380206201, 47.970055222378598 ], [ -92.813222743701999, 47.970365436732401 ] ] } },
{ "type": "Feature", "properties": { "wmUplineSo": "ORR", "wmType": "Overhead" }, "geometry": { "type": "LineString", "coordinates": [ [ -92.811281142331495, 48.029772612230701 ], [ -92.81092806, 48.029604410010002 ] ] } },
{ "type": "Feature", "properties": { "wmUplineSo": "ORR", "wmType": "Overhead" }, "geometry": { "type": "LineString", "coordinates": [ [ -92.819792, 48.03329 ], [ -92.819455746019202, 48.0332100664194 ], [ -92.818797095391702, 48.033053489824802 ], [ -92.817455881844296, 48.032734637516398 ], [ -92.816262423130198, 48.032450895104901 ], [ -92.814927099100998, 48.0321334061058 ], [ -92.813814303460703, 48.031868811009502 ], [ -92.812837458817498, 48.031636530555602 ], [ -92.812074168520795, 48.031455023203598 ], [ -92.811869939131498, 48.031406457202699 ], [ -92.8115899640392, 48.030703236148 ] ] } },
{ "type": "Feature", "properties": { "wmUplineSo": "ORR", "wmType": "Overhead" }, "geometry": { "type": "LineString", "coordinates": [ [ -92.8115899640392, 48.030703236148 ], [ -92.811281142331495, 48.029772612230701 ] ] } },
{ "type": "Feature", "properties": { "wmUplineSo": "ORR", "wmType": "Overhead" }, "geometry": { "type": "LineString", "coordinates": [ [ -92.811038035939802, 48.029039995073198 ], [ -92.81066117, 48.027957780009999 ] ] } },
{ "type": "Feature", "properties": { "wmUplineSo": "ORR", "wmType": "Overhead" }, "geometry": { "type": "LineString", "coordinates": [ [ -92.81066117, 48.027957780009999 ], [ -92.810347554104496, 48.027017408813101 ] ] } },
{ "type": "Feature", "properties": { "wmUplineSo": "ORR", "wmType": "Overhead" }, "geometry": { "type": "LineString", "coordinates": [ [ -92.808935357123502, 48.0251686825912 ], [ -92.808948038827197, 48.024329888572296 ], [ -92.808962192694693, 48.023393687128397 ], [ -92.80897548, 48.022514770009899 ] ] } },
{ "type": "Feature", "properties": { "wmUplineSo": "ORR", "wmType": "Overhead" }, "geometry": { "type": "LineString", "coordinates": [ [ -92.818967436632903, 48.038517273189001 ], [ -92.818896718596704, 48.036524298440099 ], [ -92.820190730713605, 48.036574960499003 ] ] } },
{ "type": "Feature", "properties": { "wmUplineSo": "ORR", "wmType": "Overhead" }, "geometry": { "type": "LineString", "coordinates": [ [ -92.818967436632903, 48.038517273189001 ], [ -92.819274155401899, 48.038523838695298 ] ] } },
{ "type": "Feature", "properties": { "wmUplineSo": "ORR", "wmType": "Overhead" }, "geometry": { "type": "LineString", "coordinates": [ [ -92.819274155401899, 48.038523838695298 ], [ -92.819981422439596, 48.038580233884197 ] ] } },
{ "type": "Feature", "properties": { "wmUplineSo": "ORR", "wmType": "Overhead" }, "geometry": { "type": "LineString", "coordinates": [ [ -92.813616928520901, 48.048026680391303 ], [ -92.8142931769097, 48.048019547768597 ] ] } },
{ "type": "Feature", "properties": { "wmUplineSo": "ORR", "wmType": "Overhead" }, "geometry": { "type": "LineString", "coordinates": [ [ -92.816544751091797, 48.040809027274499 ], [ -92.817145438583196, 48.0402446808043 ], [ -92.817325500763602, 48.0400755091853 ], [ -92.817638768048994, 48.039794727465797 ], [ -92.818062874183795, 48.039414594541903 ], [ -92.818243519880795, 48.039261280427397 ], [ -92.818946534980995, 48.038664619659102 ], [ -92.818967436632903, 48.038517273189001 ] ] } },
{ "type": "Feature", "properties": { "wmUplineSo": "ORR", "wmType": "Overhead" }, "geometry": { "type": "LineString", "coordinates": [ [ -92.813616928520901, 48.048026680391303 ], [ -92.813580751763894, 48.047289878997098 ], [ -92.8135432279078, 48.046525619976798 ] ] } },
{ "type": "Feature", "properties": { "wmUplineSo": "ORR", "wmType": "Overhead" }, "geometry": { "type": "LineString", "coordinates": [ [ -92.813501721240698, 48.0456813755318 ], [ -92.812489051444302, 48.0453535205313 ], [ -92.811350482220703, 48.044984889560702 ], [ -92.810036846403904, 48.044559557263 ] ] } },
{ "type": "Feature", "properties": { "wmUplineSo": "ORR", "wmType": "Overhead" }, "geometry": { "type": "LineString", "coordinates": [ [ -92.813449680581101, 48.044622831955003 ], [ -92.813492713973901, 48.044087622622499 ], [ -92.814089452895303, 48.043442097155598 ], [ -92.814652713325799, 48.042832769480498 ], [ -92.815517545556403, 48.041897171888102 ], [ -92.8161383237086, 48.041225573186601 ] ] } },
{ "type": "Feature", "properties": { "wmUplineSo": "ORR", "wmType": "Overhead" }, "geometry": { "type": "LineString", "coordinates": [ [ -92.811060420152998, 48.050887277496599 ], [ -92.8135027406326, 48.050268547692802 ], [ -92.813615776895404, 48.0500720250105 ], [ -92.813616226544298, 48.049273495495697 ], [ -92.813616579968794, 48.048645788006503 ], [ -92.813616819175394, 48.0482209086532 ], [ -92.813616928520901, 48.048026680391303 ] ] } },
{ "type": "Feature", "properties": { "wmUplineSo": "ORR", "wmType": "Overhead" }, "geometry": { "type": "LineString", "coordinates": [ [ -92.832489812722201, 47.973260471091798 ], [ -92.83181382, 47.9733559100099 ] ] } },
{ "type": "Feature", "properties": { "wmUplineSo": "ORR", "wmType": "Overhead" }, "geometry": { "type": "LineString", "coordinates": [ [ -92.867397271680005, 48.028875198794502 ], [ -92.867514721900804, 48.028552710727702 ] ] } },
{ "type": "Feature", "properties": { "wmUplineSo": "ORR", "wmType": "Overhead" }, "geometry": { "type": "LineString", "coordinates": [ [ -92.867274666912706, 48.029098756613898 ], [ -92.867397271680005, 48.028875198794502 ] ] } },
{ "type": "Feature", "properties": { "wmUplineSo": "ORR", "wmType": "Overhead" }, "geometry": { "type": "LineString", "coordinates": [ [ -92.851818683010606, 48.051256376849203 ], [ -92.851805566015599, 48.0519419999451 ] ] } },
{ "type": "Feature", "properties": { "wmUplineSo": "ORR", "wmType": "Overhead" }, "geometry": { "type": "LineString", "coordinates": [ [ -92.847076193817102, 48.062394564441902 ], [ -92.847603, 48.062206000000103 ] ] } },
{ "type": "Feature", "properties": { "wmUplineSo": "ORR", "wmType": "Overhead" }, "geometry": { "type": "LineString", "coordinates": [ [ -92.8236408318012, 47.965254799756202 ], [ -92.823074754896595, 47.965354460512799 ] ] } },
{ "type": "Feature", "properties": { "wmUplineSo": "ORR", "wmType": "Overhead" }, "geometry": { "type": "LineString", "coordinates": [ [ -92.8640617439615, 48.032476336012401 ], [ -92.865286039803706, 48.032771946314 ] ] } },
{ "type": "Feature", "properties": { "wmUplineSo": "ORR", "wmType": "Overhead" }, "geometry": { "type": "LineString", "coordinates": [ [ -92.835958215283299, 48.0336715590322 ], [ -92.834961545851399, 48.033644258902697 ], [ -92.834944231505503, 48.033635685101302 ] ] } },
{ "type": "Feature", "properties": { "wmUplineSo": "ORR", "wmType": "Overhead" }, "geometry": { "type": "LineString", "coordinates": [ [ -92.834944231505503, 48.033635685101302 ], [ -92.833897887310499, 48.033143587612997 ], [ -92.832749231806403, 48.033030398473699 ], [ -92.832075958416496, 48.032966770065997 ] ] } },
{ "type": "Feature", "properties": { "wmUplineSo": "ORR", "wmType": "Overhead" }, "geometry": { "type": "LineString", "coordinates": [ [ -92.859419316278505, 48.041905831351997 ], [ -92.859511057459201, 48.041365402811103 ] ] } },
{ "type": "Feature", "properties": { "wmUplineSo": "ORR", "wmType": "Overhead" }, "geometry": { "type": "LineString", "coordinates": [ [ -92.859511057459201, 48.041365402811103 ], [ -92.860863617418005, 48.041217780641503 ], [ -92.860885902872596, 48.041215348204297 ] ] } },
{ "type": "Feature", "properties": { "wmUplineSo": "ORR", "wmType": "Overhead" }, "geometry": { "type": "LineString", "coordinates": [ [ -92.851805566015599, 48.0519419999451 ], [ -92.851798845982401, 48.052621232732903 ] ] } },
{ "type": "Feature", "properties": { "wmUplineSo": "ORR", "wmType": "Overhead" }, "geometry": { "type": "LineString", "coordinates": [ [ -92.851798845982401, 48.052621232732903 ], [ -92.851807757250896, 48.0533757335321 ] ] } },
{ "type": "Feature", "properties": { "wmUplineSo": "ORR", "wmType": "Overhead" }, "geometry": { "type": "LineString", "coordinates": [ [ -92.845438993788505, 48.033560697751298 ], [ -92.845484742908994, 48.033598275467099 ] ] } },
{ "type": "Feature", "properties": { "wmUplineSo": "ORR", "wmType": "Overhead" }, "geometry": { "type": "LineString", "coordinates": [ [ -92.8509662006025, 48.059870566680402 ], [ -92.850923883171006, 48.060026328512798 ] ] } },
{ "type": "Feature", "properties": { "wmUplineSo": "ORR", "wmType": "Overhead" }, "geometry": { "type": "LineString", "coordinates": [ [ -92.851807757250896, 48.0533757335321 ], [ -92.851808878098296, 48.054064252415102 ] ] } },
{ "type": "Feature", "properties": { "wmUplineSo": "ORR", "wmType": "Overhead" }, "geometry": { "type": "LineString", "coordinates": [ [ -92.80897548, 48.022514770009899 ], [ -92.80905051, 48.021932960009899 ] ] } },
{ "type": "Feature", "properties": { "wmUplineSo": "ORR", "wmType": "Overhead" }, "geometry": { "type": "LineString", "coordinates": [ [ -92.851808878098296, 48.054064252415102 ], [ -92.851797848266102, 48.054650593193998 ] ] } },
{ "type": "Feature", "properties": { "wmUplineSo": "ORR", "wmType": "Overhead" }, "geometry": { "type": "LineString", "coordinates": [ [ -92.851797848266102, 48.054650593193998 ], [ -92.852302017939806, 48.054617975360699 ] ] } },
{ "type": "Feature", "properties": { "wmUplineSo": "ORR", "wmType": "Overhead" }, "geometry": { "type": "LineString", "coordinates": [ [ -92.851797848266102, 48.054650593193998 ], [ -92.8517949613111, 48.055493458073002 ] ] } },
{ "type": "Feature", "properties": { "wmUplineSo": "ORR", "wmType": "Overhead" }, "geometry": { "type": "LineString", "coordinates": [ [ -92.8517949613111, 48.055493458073002 ], [ -92.851781152265005, 48.056328461575497 ] ] } },
{ "type": "Feature", "properties": { "wmUplineSo": "ORR", "wmType": "Overhead" }, "geometry": { "type": "LineString", "coordinates": [ [ -92.851781152265005, 48.056328461575497 ], [ -92.851767048567595, 48.057172184940697 ] ] } },
{ "type": "Feature", "properties": { "wmUplineSo": "ORR", "wmType": "Overhead" }, "geometry": { "type": "LineString", "coordinates": [ [ -92.851767048567595, 48.057172184940697 ], [ -92.850862610233705, 48.0571629856952 ] ] } },
{ "type": "Feature", "properties": { "wmUplineSo": "ORR", "wmType": "Overhead" }, "geometry": { "type": "LineString", "coordinates": [ [ -92.851767048567595, 48.057172184940697 ], [ -92.851765953704401, 48.057762999961398 ] ] } },
{ "type": "Feature", "properties": { "wmUplineSo": "ORR", "wmType": "Overhead" }, "geometry": { "type": "LineString", "coordinates": [ [ -92.851765953704401, 48.057762999961398 ], [ -92.852044961808204, 48.0577687987724 ] ] } },
{ "type": "Feature", "properties": { "wmUplineSo": "ORR", "wmType": "Overhead" }, "geometry": { "type": "LineString", "coordinates": [ [ -92.851765953704401, 48.057762999961398 ], [ -92.852038955021001, 48.058502048230103 ] ] } },
{ "type": "Feature", "properties": { "wmUplineSo": "ORR", "wmType": "Overhead" }, "geometry": { "type": "LineString", "coordinates": [ [ -92.852038955021001, 48.058502048230103 ], [ -92.852045187493005, 48.059356999839302 ] ] } },
{ "type": "Feature", "properties": { "wmUplineSo": "ORR", "wmType": "Overhead" }, "geometry": { "type": "LineString", "coordinates": [ [ -92.852045187493005, 48.059356999839302 ], [ -92.852756414089797, 48.059780601528502 ] ] } },
{ "type": "Feature", "properties": { "wmUplineSo": "ORR", "wmType": "Overhead" }, "geometry": { "type": "LineString", "coordinates": [ [ -92.852045187493005, 48.059356999839302 ], [ -92.8509662006025, 48.059870566680402 ] ] } },
{ "type": "Feature", "properties": { "wmUplineSo": "ORR", "wmType": "Overhead" }, "geometry": { "type": "LineString", "coordinates": [ [ -92.852045187493005, 48.059356999839302 ], [ -92.851995258458999, 48.059778565019201 ] ] } },
{ "type": "Feature", "properties": { "wmUplineSo": "ORR", "wmType": "Overhead" }, "geometry": { "type": "LineString", "coordinates": [ [ -92.851836713904603, 48.050587914012901 ], [ -92.852815, 48.050808 ] ] } },
{ "type": "Feature", "properties": { "wmUplineSo": "ORR", "wmType": "Overhead" }, "geometry": { "type": "LineString", "coordinates": [ [ -92.851863866413296, 48.050622056244599 ], [ -92.851905780322099, 48.050638468488103 ] ] } },
{ "type": "Feature", "properties": { "wmUplineSo": "ORR", "wmType": "Overhead" }, "geometry": { "type": "LineString", "coordinates": [ [ -92.851836713904603, 48.050587914012901 ], [ -92.851863866413296, 48.050622056244599 ] ] } },
{ "type": "Feature", "properties": { "wmUplineSo": "ORR", "wmType": "Overhead" }, "geometry": { "type": "LineString", "coordinates": [ [ -92.851995258458999, 48.059778565019201 ], [ -92.851932017909505, 48.059832443607299 ] ] } },
{ "type": "Feature", "properties": { "wmUplineSo": "ORR", "wmType": "Overhead" }, "geometry": { "type": "LineString", "coordinates": [ [ -92.829919094135505, 47.977517156567302 ], [ -92.829244309584993, 47.9779537132558 ] ] } },
{ "type": "Feature", "properties": { "wmUplineSo": "ORR", "wmType": "Overhead" }, "geometry": { "type": "LineString", "coordinates": [ [ -92.845746204515606, 48.061028156187099 ], [ -92.846361460639599, 48.0602352477664 ] ] } },
{ "type": "Feature", "properties": { "wmUplineSo": "ORR", "wmType": "Overhead" }, "geometry": { "type": "LineString", "coordinates": [ [ -92.8509662006025, 48.059870566680402 ], [ -92.849539498027099, 48.060234281276898 ], [ -92.848879270601103, 48.060816661378702 ] ] } },
{ "type": "Feature", "properties": { "wmUplineSo": "ORR", "wmType": "Overhead" }, "geometry": { "type": "LineString", "coordinates": [ [ -92.848879270601103, 48.060816661378702 ], [ -92.84824506, 48.061277700010002 ] ] } },
{ "type": "Feature", "properties": { "wmUplineSo": "ORR", "wmType": "Overhead" }, "geometry": { "type": "LineString", "coordinates": [ [ -92.83015763, 47.9755350200099 ], [ -92.829919094135505, 47.977517156567302 ] ] } },
{ "type": "Feature", "properties": { "wmUplineSo": "ORR", "wmType": "Overhead" }, "geometry": { "type": "LineString", "coordinates": [ [ -92.83015763, 47.9755350200099 ], [ -92.830102974059201, 47.975886929224004 ] ] } },
{ "type": "Feature", "properties": { "wmUplineSo": "ORR", "wmType": "Overhead" }, "geometry": { "type": "LineString", "coordinates": [ [ -92.830912073456702, 47.964282418305203 ], [ -92.831482736921203, 47.964291738206697 ] ] } },
{ "type": "Feature", "properties": { "wmUplineSo": "ORR", "wmType": "Overhead" }, "geometry": { "type": "LineString", "coordinates": [ [ -92.831790063153903, 47.971056161771799 ], [ -92.831288068689105, 47.969678993484202 ] ] } },
{ "type": "Feature", "properties": { "wmUplineSo": "ORR", "wmType": "Overhead" }, "geometry": { "type": "LineString", "coordinates": [ [ -92.812473800606099, 48.050950474538503 ], [ -92.813512510361704, 48.050694416139699 ], [ -92.813630968280904, 48.050692423618003 ] ] } },
{ "type": "Feature", "properties": { "wmUplineSo": "ORR", "wmType": "Overhead" }, "geometry": { "type": "LineString", "coordinates": [ [ -92.830912073456702, 47.964282418305203 ], [ -92.830897494271198, 47.963847197200401 ] ] } },
{ "type": "Feature", "properties": { "wmUplineSo": "ORR", "wmType": "Overhead" }, "geometry": { "type": "LineString", "coordinates": [ [ -92.831618550397295, 47.969669720554499 ], [ -92.83257512, 47.969606860009897 ] ] } },
{ "type": "Feature", "properties": { "wmUplineSo": "ORR", "wmType": "Overhead" }, "geometry": { "type": "LineString", "coordinates": [ [ -92.832053978908306, 47.9740171201951 ], [ -92.831611894696906, 47.973991543315798 ] ] } },
{ "type": "Feature", "properties": { "wmUplineSo": "ORR", "wmType": "Overhead" }, "geometry": { "type": "LineString", "coordinates": [ [ -92.803846104716797, 48.052054200733302 ], [ -92.803829880491904, 48.052397275483898 ], [ -92.8035530115624, 48.052470939555498 ] ] } },
{ "type": "Feature", "properties": { "wmUplineSo": "ORR", "wmType": "Overhead" }, "geometry": { "type": "LineString", "coordinates": [ [ -92.8327682986708, 47.974114728746997 ], [ -92.832762681775506, 47.974097499165502 ], [ -92.832489812722201, 47.973260471091798 ] ] } },
{ "type": "Feature", "properties": { "wmUplineSo": "ORR", "wmType": "Overhead" }, "geometry": { "type": "LineString", "coordinates": [ [ -92.862371750413104, 48.037785959353798 ], [ -92.862528229521502, 48.0391938109534 ] ] } },
{ "type": "Feature", "properties": { "wmUplineSo": "ORR", "wmType": "Overhead" }, "geometry": { "type": "LineString", "coordinates": [ [ -92.830012765456601, 48.036573202309498 ], [ -92.8299593225493, 48.035772580884803 ] ] } },
{ "type": "Feature", "properties": { "wmUplineSo": "ORR", "wmType": "Overhead" }, "geometry": { "type": "LineString", "coordinates": [ [ -92.8161383237086, 48.041225573186601 ], [ -92.816544751091797, 48.040809027274499 ] ] } },
{ "type": "Feature", "properties": { "wmUplineSo": "ORR", "wmType": "Overhead" }, "geometry": { "type": "LineString", "coordinates": [ [ -92.826056011432996, 47.964332010080199 ], [ -92.823824704655195, 47.964373358291802 ] ] } },
{ "type": "Feature", "properties": { "wmUplineSo": "ORR", "wmType": "Overhead" }, "geometry": { "type": "LineString", "coordinates": [ [ -92.808569, 47.963070000000101 ], [ -92.807649799257703, 47.963056500470103 ] ] } },
{ "type": "Feature", "properties": { "wmUplineSo": "ORR", "wmType": "Overhead" }, "geometry": { "type": "LineString", "coordinates": [ [ -92.831271382646804, 48.016056423729701 ], [ -92.8297444754552, 48.016179009118197 ], [ -92.8288918117469, 48.016774064212797 ] ] } },
{ "type": "Feature", "properties": { "wmUplineSo": "ORR", "wmType": "Overhead" }, "geometry": { "type": "LineString", "coordinates": [ [ -92.83257512, 47.969606860009897 ], [ -92.83401686, 47.969643410009901 ] ] } },
{ "type": "Feature", "properties": { "wmUplineSo": "ORR", "wmType": "Overhead" }, "geometry": { "type": "LineString", "coordinates": [ [ -92.829901731130306, 48.032793469382497 ], [ -92.829973477401197, 48.032078822803001 ] ] } }
]
}
