{
    "type": "FeatureCollection",
    "name": "Clear_Lake_consumer",
    "crs": {
        "type": "name",
        "properties": {
            "name": "urn:ogc:def:crs:OGC:1.3:CRS84"
        }
    },
    "features": [
        {
            "type": "Feature",
            "properties": {
                "Name": "GROTHEER KATHRYN SUE",
                "Address": "4180 MIGISI ROAD",
                "Phone": "6519177922",
                "Phase": "C",
                "Substation": "CLEAR LAKE",
                "Map_location": "159053344",
                "PARCEL_NUMBER": null
            },
            "geometry": {
                "type": "Point",
                "coordinates": [
                    -92.12449691520763,
                    47.80773972256983
                ]
            }
        },
        {
            "type": "Feature",
            "properties": {
                "Name": "HABERMAN FRED WILLIAM",
                "Address": "2969 VAN VAC ROAD",
                "Phone": "6123961119",
                "Phase": "C",
                "Substation": "CLEAR LAKE",
                "Map_location": "145092114",
                "PARCEL_NUMBER": null
            },
            "geometry": {
                "type": "Point",
                "coordinates": [
                    -91.99577116223058,
                    47.91923333393532
                ]
            }
        },
        {
            "type": "Feature",
            "properties": {
                "Name": "ZYLKA ALAN LEONARD",
                "Address": "TBD WALSH ROAD",
                "Phone": "7636948853",
                "Phase": "A",
                "Substation": "CLEAR LAKE",
                "Map_location": "159043425",
                "PARCEL_NUMBER": null
            },
            "geometry": {
                "type": "Point",
                "coordinates": [
                    -92.11183434307726,
                    47.808978799980665
                ]
            }
        },
        {
            "type": "Feature",
            "properties": {
                "Name": "KRAUSE LAWRENCE DAVID",
                "Address": "1539 BEARHEAD STATE PARK RD",
                "Phone": "6128686096",
                "Phase": "A",
                "Substation": "CLEAR LAKE",
                "Map_location": "159032208",
                "PARCEL_NUMBER": null
            },
            "geometry": {
                "type": "Point",
                "coordinates": [
                    -92.09521592988057,
                    47.83299462985058
                ]
            }
        },
        {
            "type": "Feature",
            "properties": {
                "Name": "BAILEY TERRY L",
                "Address": "2173 ROBICH ROAD",
                "Phone": "2184104244",
                "Phase": "C",
                "Substation": "CLEAR LAKE",
                "Map_location": "160000217",
                "PARCEL_NUMBER": null
            },
            "geometry": {
                "type": "Point",
                "coordinates": [
                    -91.95511912557318,
                    47.87947361069599
                ]
            }
        },
        {
            "type": "Feature",
            "properties": {
                "Name": "RISOM SVEN C",
                "Address": "5229 INDIAN POINT RD BOAT HOUS",
                "Phone": "4019328599",
                "Phase": "C",
                "Substation": "CLEAR LAKE",
                "Map_location": "158000324",
                "PARCEL_NUMBER": null
            },
            "geometry": {
                "type": "Point",
                "coordinates": [
                    -92.23451068992995,
                    47.87959082791357
                ]
            }
        },
        {
            "type": "Feature",
            "properties": {
                "Name": "LARSON MARY P",
                "Address": "2176 WOLF CREEK PASS",
                "Phone": "2182351770",
                "Phase": "B",
                "Substation": "CLEAR LAKE",
                "Map_location": "160010616",
                "PARCEL_NUMBER": null
            },
            "geometry": {
                "type": "Point",
                "coordinates": [
                    -92.03086700000001,
                    47.87907499999991
                ]
            }
        },
        {
            "type": "Feature",
            "properties": {
                "Name": "HOUDE CHAD JOSEPH",
                "Address": "1681 BRADACH ROAD",
                "Phone": "2182357015",
                "Phase": "B",
                "Substation": "CLEAR LAKE",
                "Map_location": "159011362",
                "PARCEL_NUMBER": null
            },
            "geometry": {
                "type": "Point",
                "coordinates": [
                    -92.07104282584727,
                    47.845660905402525
                ]
            }
        },
        {
            "type": "Feature",
            "properties": {
                "Name": "RODGERS CHRISTOPHER PAUL",
                "Address": "2296 BALSAM LANE",
                "Phone": "6122214472",
                "Phase": "B",
                "Substation": "CLEAR LAKE",
                "Map_location": "160010615",
                "PARCEL_NUMBER": null
            },
            "geometry": {
                "type": "Point",
                "coordinates": [
                    -92.03253659841565,
                    47.88047843701376
                ]
            }
        },
        {
            "type": "Feature",
            "properties": {
                "Name": "KIPKE JOHN KENNETH",
                "Address": "4057 SWANSON SHORES ROAD",
                "Phone": "6122906080",
                "Phase": "A",
                "Substation": "CLEAR LAKE",
                "Map_location": "159043492",
                "PARCEL_NUMBER": null
            },
            "geometry": {
                "type": "Point",
                "coordinates": [
                    -92.11144974174402,
                    47.802586849219864
                ]
            }
        },
        {
            "type": "Feature",
            "properties": {
                "Name": "MORSE ROBERT",
                "Address": "4195 MIGISI ROAD",
                "Phone": "4024808812",
                "Phase": "C",
                "Substation": "CLEAR LAKE",
                "Map_location": "159053329",
                "PARCEL_NUMBER": null
            },
            "geometry": {
                "type": "Point",
                "coordinates": [
                    -92.12863855345672,
                    47.80971121811498
                ]
            }
        },
        {
            "type": "Feature",
            "properties": {
                "Name": "MURPHY SEAN PATRICK",
                "Address": "4079 SWANSON SHORES RD",
                "Phone": "7012617954",
                "Phase": "A",
                "Substation": "CLEAR LAKE",
                "Map_location": "159043496",
                "PARCEL_NUMBER": null
            },
            "geometry": {
                "type": "Point",
                "coordinates": [
                    -92.112562,
                    47.802723
                ]
            }
        },
        {
            "type": "Feature",
            "properties": {
                "Name": "ANDERSON LINDA JEAN",
                "Address": "3693 MOOSE CREEK TRAIL",
                "Phone": "2182358365",
                "Phase": "C",
                "Substation": "CLEAR LAKE",
                "Map_location": "159001209",
                "PARCEL_NUMBER": null
            },
            "geometry": {
                "type": "Point",
                "coordinates": [
                    -92.07030047918856,
                    47.86377775489817
                ]
            }
        },
        {
            "type": "Feature",
            "properties": {
                "Name": "RISOM SVEN C",
                "Address": "5229 INDIAN POINT RD HOUSE & B",
                "Phone": "4019328599",
                "Phase": "C",
                "Substation": "CLEAR LAKE",
                "Map_location": "158000320",
                "PARCEL_NUMBER": null
            },
            "geometry": {
                "type": "Point",
                "coordinates": [
                    -92.23515486895882,
                    47.87869680314323
                ]
            }
        },
        {
            "type": "Feature",
            "properties": {
                "Name": "JEDLICKI TOBY JOHN",
                "Address": "5217 INDIAN POINT ROAD",
                "Phone": null,
                "Phase": "C",
                "Substation": "CLEAR LAKE",
                "Map_location": "158000321",
                "PARCEL_NUMBER": null
            },
            "geometry": {
                "type": "Point",
                "coordinates": [
                    -92.23385082177582,
                    47.879624399831236
                ]
            }
        },
        {
            "type": "Feature",
            "properties": {
                "Name": "LARSON MARK JAMES",
                "Address": "3775 MUD CREEK ROAD",
                "Phone": "2183499913",
                "Phase": "C",
                "Substation": "CLEAR LAKE",
                "Map_location": "159001407",
                "PARCEL_NUMBER": null
            },
            "geometry": {
                "type": "Point",
                "coordinates": [
                    -92.08541789191412,
                    47.854866557593844
                ]
            }
        },
        {
            "type": "Feature",
            "properties": {
                "Name": "TUMASMITH CHRISTOPHER MATTH",
                "Address": "4051 SWANSON SHORE RD",
                "Phone": null,
                "Phase": "A",
                "Substation": "CLEAR LAKE",
                "Map_location": "159043491",
                "PARCEL_NUMBER": null
            },
            "geometry": {
                "type": "Point",
                "coordinates": [
                    -92.1105570627477,
                    47.801459808405724
                ]
            }
        },
        {
            "type": "Feature",
            "properties": {
                "Name": "ANDREWS MATTHEW TUCKER",
                "Address": "4177 MIGISI RD",
                "Phone": null,
                "Phase": "C",
                "Substation": "CLEAR LAKE",
                "Map_location": "159053341",
                "PARCEL_NUMBER": null
            },
            "geometry": {
                "type": "Point",
                "coordinates": [
                    -92.124446,
                    47.808697999999936
                ]
            }
        },
        {
            "type": "Feature",
            "properties": {
                "Name": "GRUBA SHEILA",
                "Address": "2830 HWY 169",
                "Phone": "2183653080",
                "Phase": "C",
                "Substation": "CLEAR LAKE",
                "Map_location": "160000305",
                "PARCEL_NUMBER": null
            },
            "geometry": {
                "type": "Point",
                "coordinates": [
                    -91.97877316844597,
                    47.87922808094519
                ]
            }
        },
        {
            "type": "Feature",
            "properties": {
                "Name": "AT & T MOBILITY",
                "Address": "3158 HWY 169",
                "Phone": "8663224547",
                "Phase": "B",
                "Substation": "CLEAR LAKE",
                "Map_location": "160010525",
                "PARCEL_NUMBER": null
            },
            "geometry": {
                "type": "Point",
                "coordinates": [
                    -92.01360570912871,
                    47.87632178317951
                ]
            }
        },
        {
            "type": "Feature",
            "properties": {
                "Name": "TILLMAN INFRASTRU CTURE",
                "Address": "3158 HWY 169",
                "Phone": "6463548434",
                "Phase": "B",
                "Substation": "CLEAR LAKE",
                "Map_location": "160010524",
                "PARCEL_NUMBER": null
            },
            "geometry": {
                "type": "Point",
                "coordinates": [
                    -92.01364999999998,
                    47.87638600000013
                ]
            }
        },
        {
            "type": "Feature",
            "properties": {
                "Name": "MACDONALD DIANE KATHRYN",
                "Address": "4154 MIGISI RD E",
                "Phone": null,
                "Phase": "C",
                "Substation": "CLEAR LAKE",
                "Map_location": "159053340",
                "PARCEL_NUMBER": null
            },
            "geometry": {
                "type": "Point",
                "coordinates": [
                    -92.12285039517369,
                    47.80858426736055
                ]
            }
        },
        {
            "type": "Feature",
            "properties": {
                "Name": "HICKMAN JOE D",
                "Address": "1873 BOBENCE RD",
                "Phone": "6127085415",
                "Phase": "C",
                "Substation": "CLEAR LAKE",
                "Map_location": "159011381",
                "PARCEL_NUMBER": null
            },
            "geometry": {
                "type": "Point",
                "coordinates": [
                    -92.06102567005394,
                    47.85862113919689
                ]
            }
        },
        {
            "type": "Feature",
            "properties": {
                "Name": "KRINGSTAD ORLYN ARVID",
                "Address": "1449 COOP POINT RD",
                "Phone": "6122806520",
                "Phase": "C",
                "Substation": "CLEAR LAKE",
                "Map_location": "159032798",
                "PARCEL_NUMBER": null
            },
            "geometry": {
                "type": "Point",
                "coordinates": [
                    -92.09492429669777,
                    47.82687467586048
                ]
            }
        },
        {
            "type": "Feature",
            "properties": {
                "Name": "Customer not found in Customer Table \n(Check with Billing)",
                "Address": null,
                "Phone": null,
                "Phase": "A",
                "Substation": "CLEAR LAKE",
                "Map_location": "159011326",
                "PARCEL_NUMBER": null
            },
            "geometry": {
                "type": "Point",
                "coordinates": [
                    -92.05790700063335,
                    47.85406824635193
                ]
            }
        },
        {
            "type": "Feature",
            "properties": {
                "Name": "LIMPUS DAVID J",
                "Address": "3322 ASPEN LANE",
                "Phone": "3175018368",
                "Phase": "B",
                "Substation": "CLEAR LAKE",
                "Map_location": "160010601",
                "PARCEL_NUMBER": null
            },
            "geometry": {
                "type": "Point",
                "coordinates": [
                    -92.03262079999975,
                    47.887840900009785
                ]
            }
        },
        {
            "type": "Feature",
            "properties": {
                "Name": "WOOD TONY J",
                "Address": "4163 MIGISI RD",
                "Phone": "9523807388",
                "Phase": "C",
                "Substation": "CLEAR LAKE",
                "Map_location": "159053338",
                "PARCEL_NUMBER": null
            },
            "geometry": {
                "type": "Point",
                "coordinates": [
                    -92.1256000999998,
                    47.8055225000097
                ]
            }
        },
        {
            "type": "Feature",
            "properties": {
                "Name": "MARTIN TROY ROGER",
                "Address": "PARCEL 317 0010 01340",
                "Phone": "6123274874",
                "Phase": "C",
                "Substation": "CLEAR LAKE",
                "Map_location": "159000801",
                "PARCEL_NUMBER": null
            },
            "geometry": {
                "type": "Point",
                "coordinates": [
                    -92.1516880999998,
                    47.87353080000975
                ]
            }
        },
        {
            "type": "Feature",
            "properties": {
                "Name": "HAMILTON ROBERT LANSIN",
                "Address": "3478 HWY 169",
                "Phone": "2182351623",
                "Phase": "C",
                "Substation": "CLEAR LAKE",
                "Map_location": "160011807",
                "PARCEL_NUMBER": null
            },
            "geometry": {
                "type": "Point",
                "coordinates": [
                    -92.04704429999975,
                    47.85415410000975
                ]
            }
        },
        {
            "type": "Feature",
            "properties": {
                "Name": "STATE OF MINNESOT A STATE P",
                "Address": "BLDG #B-21057-KIOSK",
                "Phone": "2183007006",
                "Phase": "A",
                "Substation": "CLEAR LAKE",
                "Map_location": "158002501",
                "PARCEL_NUMBER": null
            },
            "geometry": {
                "type": "Point",
                "coordinates": [
                    -92.19793839999981,
                    47.82225700000971
                ]
            }
        },
        {
            "type": "Feature",
            "properties": {
                "Name": "T-MOBILE CENTRAL LLC",
                "Address": "4493 OLD HWY 169 - A1N0875A",
                "Phone": "6122985972",
                "Phase": "C",
                "Substation": "CLEAR LAKE",
                "Map_location": "159002006",
                "PARCEL_NUMBER": null
            },
            "geometry": {
                "type": "Point",
                "coordinates": [
                    -92.15729039999981,
                    47.84228050000973
                ]
            }
        },
        {
            "type": "Feature",
            "properties": {
                "Name": "OESTERREICH ROSA",
                "Address": "2231 ROBICH RD HORSE BARN",
                "Phone": "6513292319",
                "Phase": "C",
                "Substation": "CLEAR LAKE",
                "Map_location": "160000216",
                "PARCEL_NUMBER": null
            },
            "geometry": {
                "type": "Point",
                "coordinates": [
                    -91.95609454246193,
                    47.88106223552045
                ]
            }
        },
        {
            "type": "Feature",
            "properties": {
                "Name": "Customer not found in Customer Table \n(Check with Billing)",
                "Address": null,
                "Phone": null,
                "Phase": "A",
                "Substation": "CLEAR LAKE",
                "Map_location": "159002310",
                "PARCEL_NUMBER": null
            },
            "geometry": {
                "type": "Point",
                "coordinates": [
                    -92.09197559999978,
                    47.84308350000974
                ]
            }
        },
        {
            "type": "Feature",
            "properties": {
                "Name": "KRUTHOFF ROBERT BRIAN",
                "Address": "3507 E LAKE FOUR RD",
                "Phone": "5155700728",
                "Phase": "A",
                "Substation": "CLEAR LAKE",
                "Map_location": "159022506",
                "PARCEL_NUMBER": null
            },
            "geometry": {
                "type": "Point",
                "coordinates": [
                    -92.05437339999976,
                    47.82980250000973
                ]
            }
        },
        {
            "type": "Feature",
            "properties": {
                "Name": "YELTON BRIAN JOHN",
                "Address": "3401 WOLF LAKE RD",
                "Phone": "3096641792",
                "Phase": "B",
                "Substation": "CLEAR LAKE",
                "Map_location": "145053123",
                "PARCEL_NUMBER": null
            },
            "geometry": {
                "type": "Point",
                "coordinates": [
                    -92.04168079999975,
                    47.890023300009794
                ]
            }
        },
        {
            "type": "Feature",
            "properties": {
                "Name": "STATE OF MINNESOT A STATE P",
                "Address": "BLDG #B-21041 WATER TREATMENT",
                "Phone": "2183007006",
                "Phase": "ABC",
                "Substation": "CLEAR LAKE",
                "Map_location": "158001301",
                "PARCEL_NUMBER": null
            },
            "geometry": {
                "type": "Point",
                "coordinates": [
                    -92.18884709999983,
                    47.84888260000974
                ]
            }
        },
        {
            "type": "Feature",
            "properties": {
                "Name": "STATE OF MINNESOT A STATE P",
                "Address": "NO BLDG-DUMP STATION",
                "Phone": "2183007006",
                "Phase": "B",
                "Substation": "CLEAR LAKE",
                "Map_location": "158002405",
                "PARCEL_NUMBER": null
            },
            "geometry": {
                "type": "Point",
                "coordinates": [
                    -92.18745799999982,
                    47.843440900009725
                ]
            }
        },
        {
            "type": "Feature",
            "properties": {
                "Name": "STATE OF MINNESOT A STATE P",
                "Address": "PANEL BD NO BLDG",
                "Phone": "2183007006",
                "Phase": "B",
                "Substation": "CLEAR LAKE",
                "Map_location": "158002401",
                "PARCEL_NUMBER": null
            },
            "geometry": {
                "type": "Point",
                "coordinates": [
                    -92.19057609999982,
                    47.84428500000973
                ]
            }
        },
        {
            "type": "Feature",
            "properties": {
                "Name": "STATE OF MINNESOT A STATE P",
                "Address": "NO BLDG-CAMPGROUND",
                "Phone": "2183007006",
                "Phase": "B",
                "Substation": "CLEAR LAKE",
                "Map_location": "158002403",
                "PARCEL_NUMBER": null
            },
            "geometry": {
                "type": "Point",
                "coordinates": [
                    -92.19464189999981,
                    47.84373740000974
                ]
            }
        },
        {
            "type": "Feature",
            "properties": {
                "Name": "STATE OF MINNESOT A STATE P",
                "Address": "BLDG #B-20965",
                "Phone": "2183007006",
                "Phase": "B",
                "Substation": "CLEAR LAKE",
                "Map_location": "158002404",
                "PARCEL_NUMBER": null
            },
            "geometry": {
                "type": "Point",
                "coordinates": [
                    -92.20024959999984,
                    47.843158300009726
                ]
            }
        },
        {
            "type": "Feature",
            "properties": {
                "Name": "STATE OF MINNESOT A STATE P",
                "Address": "BLD #B-21035",
                "Phone": "2183007006",
                "Phase": "B",
                "Substation": "CLEAR LAKE",
                "Map_location": "158002402",
                "PARCEL_NUMBER": null
            },
            "geometry": {
                "type": "Point",
                "coordinates": [
                    -92.19079579999982,
                    47.84401780000972
                ]
            }
        },
        {
            "type": "Feature",
            "properties": {
                "Name": "HUGHES JAMES M",
                "Address": "MOOSE CREEK TRAIL",
                "Phone": "7155364703",
                "Phase": "C",
                "Substation": "CLEAR LAKE",
                "Map_location": "159001208",
                "PARCEL_NUMBER": null
            },
            "geometry": {
                "type": "Point",
                "coordinates": [
                    -92.06855010999978,
                    47.86328506000975
                ]
            }
        },
        {
            "type": "Feature",
            "properties": {
                "Name": "STATE OF MINNESOT A",
                "Address": "OLD MNTH 169 FIRE 4511",
                "Phone": "2187482426",
                "Phase": "C",
                "Substation": "CLEAR LAKE",
                "Map_location": "159001903",
                "PARCEL_NUMBER": null
            },
            "geometry": {
                "type": "Point",
                "coordinates": [
                    -92.15916209999982,
                    47.84208070000972
                ]
            }
        },
        {
            "type": "Feature",
            "properties": {
                "Name": "VERTIN ANTHONY J",
                "Address": "3379 WOLF LK RD NEW HOUSE",
                "Phone": "7634733664",
                "Phase": "B",
                "Substation": "CLEAR LAKE",
                "Map_location": "145053122",
                "PARCEL_NUMBER": null
            },
            "geometry": {
                "type": "Point",
                "coordinates": [
                    -92.04225129999975,
                    47.892960100009795
                ]
            }
        },
        {
            "type": "Feature",
            "properties": {
                "Name": "WEBER WILLIAM V",
                "Address": "4189 SIX MILE LAKE RD",
                "Phone": "3174329465",
                "Phase": "A",
                "Substation": "CLEAR LAKE",
                "Map_location": "159002107",
                "PARCEL_NUMBER": null
            },
            "geometry": {
                "type": "Point",
                "coordinates": [
                    -92.1253718999998,
                    47.84001240000973
                ]
            }
        },
        {
            "type": "Feature",
            "properties": {
                "Name": "MCCRAY LARRY VAUGHN",
                "Address": "3913 CEDAR ST",
                "Phone": "7343414186",
                "Phase": "C",
                "Substation": "CLEAR LAKE",
                "Map_location": "159032282",
                "PARCEL_NUMBER": null
            },
            "geometry": {
                "type": "Point",
                "coordinates": [
                    -92.09610639999978,
                    47.83664650000973
                ]
            }
        },
        {
            "type": "Feature",
            "properties": {
                "Name": "GOEBEL KEVIN CHARLES",
                "Address": "1779 E ARMSTRONG BAY",
                "Phone": "7634424261",
                "Phase": "A",
                "Substation": "CLEAR LAKE",
                "Map_location": "159001812",
                "PARCEL_NUMBER": null
            },
            "geometry": {
                "type": "Point",
                "coordinates": [
                    -92.16534064813646,
                    47.84989708161041
                ]
            }
        },
        {
            "type": "Feature",
            "properties": {
                "Name": "O'BRIEN DANIEL WILLIAM",
                "Address": "3115 VAN VAC ROAD",
                "Phone": "6517790805",
                "Phase": "C",
                "Substation": "CLEAR LAKE",
                "Map_location": "145052927",
                "PARCEL_NUMBER": null
            },
            "geometry": {
                "type": "Point",
                "coordinates": [
                    -92.01514456629674,
                    47.90393903314645
                ]
            }
        },
        {
            "type": "Feature",
            "properties": {
                "Name": "STATE OF MINNESOT A STATE P",
                "Address": "4714 MURRAY FRST RD - SLP",
                "Phone": "2183007006",
                "Phase": "A",
                "Substation": "CLEAR LAKE",
                "Map_location": "158002504",
                "PARCEL_NUMBER": null
            },
            "geometry": {
                "type": "Point",
                "coordinates": [
                    -92.18499700000002,
                    47.81966599999992
                ]
            }
        },
        {
            "type": "Feature",
            "properties": {
                "Name": "STATE OF MINNESOT A STATE P",
                "Address": "4714 MURRAY FRST RD - CLP",
                "Phone": "2183007006",
                "Phase": "A",
                "Substation": "CLEAR LAKE",
                "Map_location": "158002503",
                "PARCEL_NUMBER": null
            },
            "geometry": {
                "type": "Point",
                "coordinates": [
                    -92.18516312874681,
                    47.82059049559897
                ]
            }
        },
        {
            "type": "Feature",
            "properties": {
                "Name": "KEMNITZ WILLIAM",
                "Address": "4300 HWY 169",
                "Phone": "6126708080",
                "Phase": "A",
                "Substation": "CLEAR LAKE",
                "Map_location": "159002109",
                "PARCEL_NUMBER": null
            },
            "geometry": {
                "type": "Point",
                "coordinates": [
                    -92.13645123633272,
                    47.841648564844554
                ]
            }
        },
        {
            "type": "Feature",
            "properties": {
                "Name": "MUSTONEN JAMES R",
                "Address": "4683 ARMSTRONG BAY RD W",
                "Phone": "3206301002",
                "Phase": "A",
                "Substation": "CLEAR LAKE",
                "Map_location": "159001817",
                "PARCEL_NUMBER": null
            },
            "geometry": {
                "type": "Point",
                "coordinates": [
                    -92.179507418436,
                    47.84779573324366
                ]
            }
        },
        {
            "type": "Feature",
            "properties": {
                "Name": "MAKI CONNIE",
                "Address": "2732 GLENDALOCH RD",
                "Phone": "3204557270",
                "Phase": "C",
                "Substation": "CLEAR LAKE",
                "Map_location": "145092113",
                "PARCEL_NUMBER": null
            },
            "geometry": {
                "type": "Point",
                "coordinates": [
                    -92.00260116586824,
                    47.91965614604445
                ]
            }
        },
        {
            "type": "Feature",
            "properties": {
                "Name": "FRONTIER COMMUNIC ATIONS",
                "Address": "WALSH RD AND MN BLVD INTER",
                "Phone": "7017071015",
                "Phase": "C",
                "Substation": "CLEAR LAKE",
                "Map_location": "159043428",
                "PARCEL_NUMBER": null
            },
            "geometry": {
                "type": "Point",
                "coordinates": [
                    -92.10753929999979,
                    47.8122466000097
                ]
            }
        },
        {
            "type": "Feature",
            "properties": {
                "Name": "NEYMARK MILLARD ADAM",
                "Address": "3951 STOCKING PT DR",
                "Phone": null,
                "Phase": "A",
                "Substation": "CLEAR LAKE",
                "Map_location": "159042798",
                "PARCEL_NUMBER": null
            },
            "geometry": {
                "type": "Point",
                "coordinates": [
                    -92.1007350463883,
                    47.81705049465645
                ]
            }
        },
        {
            "type": "Feature",
            "properties": {
                "Name": "HEATON SCOTT M",
                "Address": "5064 MUD CREEK RD",
                "Phone": "7634345440",
                "Phase": "C",
                "Substation": "CLEAR LAKE",
                "Map_location": "143003504",
                "PARCEL_NUMBER": null
            },
            "geometry": {
                "type": "Point",
                "coordinates": [
                    -92.22101019320628,
                    47.89436523223471
                ]
            }
        },
        {
            "type": "Feature",
            "properties": {
                "Name": "CASE DENISE M",
                "Address": "1424 TRYGG RD",
                "Phone": "9137421524",
                "Phase": "A",
                "Substation": "CLEAR LAKE",
                "Map_location": "159032739",
                "PARCEL_NUMBER": null
            },
            "geometry": {
                "type": "Point",
                "coordinates": [
                    -92.11495099994085,
                    47.8251520037897
                ]
            }
        },
        {
            "type": "Feature",
            "properties": {
                "Name": "EDWARDS LUKE ANDREW",
                "Address": "1576 MINNESOTA AVE",
                "Phone": "9527974957",
                "Phase": "C",
                "Substation": "CLEAR LAKE",
                "Map_location": "159032299",
                "PARCEL_NUMBER": null
            },
            "geometry": {
                "type": "Point",
                "coordinates": [
                    -92.09604800000002,
                    47.83605899999989
                ]
            }
        },
        {
            "type": "Feature",
            "properties": {
                "Name": "METZ CLINTON JOHN",
                "Address": "2310 S BALSAM LANE",
                "Phone": null,
                "Phase": "B",
                "Substation": "CLEAR LAKE",
                "Map_location": "160010614",
                "PARCEL_NUMBER": null
            },
            "geometry": {
                "type": "Point",
                "coordinates": [
                    -92.03221054410398,
                    47.88013947387431
                ]
            }
        },
        {
            "type": "Feature",
            "properties": {
                "Name": "ROME JEFFREY",
                "Address": "2708 GLENDALOCH RD",
                "Phone": "5073986993",
                "Phase": "C",
                "Substation": "CLEAR LAKE",
                "Map_location": "145092112",
                "PARCEL_NUMBER": null
            },
            "geometry": {
                "type": "Point",
                "coordinates": [
                    -92.00146477074327,
                    47.9195297348019
                ]
            }
        },
        {
            "type": "Feature",
            "properties": {
                "Name": "WALES ADDIE",
                "Address": "3795 MUD CREEK RD",
                "Phone": "2182351772",
                "Phase": "C",
                "Substation": "CLEAR LAKE",
                "Map_location": "159001406",
                "PARCEL_NUMBER": null
            },
            "geometry": {
                "type": "Point",
                "coordinates": [
                    -92.09052968908819,
                    47.85282006900589
                ]
            }
        },
        {
            "type": "Feature",
            "properties": {
                "Name": "JANTSCHEK ROBERT J",
                "Address": "3694 MOOSE CREEK TRAIL",
                "Phone": "6128045680",
                "Phase": "C",
                "Substation": "CLEAR LAKE",
                "Map_location": "159001203",
                "PARCEL_NUMBER": null
            },
            "geometry": {
                "type": "Point",
                "coordinates": [
                    -92.07097664105953,
                    47.86303003826011
                ]
            }
        },
        {
            "type": "Feature",
            "properties": {
                "Name": "BARRETT CHRISTOPHER D",
                "Address": "3675 WILDGATE RD",
                "Phone": "6514977846",
                "Phase": "A",
                "Substation": "CLEAR LAKE",
                "Map_location": "159011342",
                "PARCEL_NUMBER": null
            },
            "geometry": {
                "type": "Point",
                "coordinates": [
                    -92.07220219999978,
                    47.85462030000974
                ]
            }
        },
        {
            "type": "Feature",
            "properties": {
                "Name": "OKERLUND DAVID C",
                "Address": "1755 BRADACH RD",
                "Phone": "6413574892",
                "Phase": "B",
                "Substation": "CLEAR LAKE",
                "Map_location": "159011331",
                "PARCEL_NUMBER": null
            },
            "geometry": {
                "type": "Point",
                "coordinates": [
                    -92.06401389999976,
                    47.85274990000974
                ]
            }
        },
        {
            "type": "Feature",
            "properties": {
                "Name": "CHICAGO VOYAGERS DBA WILDER",
                "Address": "1759 BRADACH RD",
                "Phone": "6512604228",
                "Phase": "B",
                "Substation": "CLEAR LAKE",
                "Map_location": "159011309",
                "PARCEL_NUMBER": null
            },
            "geometry": {
                "type": "Point",
                "coordinates": [
                    -92.06388719999977,
                    47.852275500009746
                ]
            }
        },
        {
            "type": "Feature",
            "properties": {
                "Name": "WHEELER KATHLEEN A",
                "Address": "1739 LAKE ST",
                "Phone": "6128039416",
                "Phase": "B",
                "Substation": "CLEAR LAKE",
                "Map_location": "159011320",
                "PARCEL_NUMBER": null
            },
            "geometry": {
                "type": "Point",
                "coordinates": [
                    -92.06452429999977,
                    47.85082980000974
                ]
            }
        },
        {
            "type": "Feature",
            "properties": {
                "Name": "CARLSON SKIP",
                "Address": "1735 BRADACH RD",
                "Phone": "2183653015",
                "Phase": "B",
                "Substation": "CLEAR LAKE",
                "Map_location": "159011319",
                "PARCEL_NUMBER": null
            },
            "geometry": {
                "type": "Point",
                "coordinates": [
                    -92.06444019999977,
                    47.85056330000975
                ]
            }
        },
        {
            "type": "Feature",
            "properties": {
                "Name": "MILLS JOHN DREW",
                "Address": "2939 VAN VAC RD",
                "Phone": "2183655706",
                "Phase": "C",
                "Substation": "CLEAR LAKE",
                "Map_location": "145092105",
                "PARCEL_NUMBER": null
            },
            "geometry": {
                "type": "Point",
                "coordinates": [
                    -91.99214239999972,
                    47.918557000009834
                ]
            }
        },
        {
            "type": "Feature",
            "properties": {
                "Name": "PUCEL JANE V",
                "Address": "1887 BOBENCE RD",
                "Phone": "2183654622",
                "Phase": "C",
                "Substation": "CLEAR LAKE",
                "Map_location": "159011312",
                "PARCEL_NUMBER": null
            },
            "geometry": {
                "type": "Point",
                "coordinates": [
                    -92.06104899999976,
                    47.85932780000975
                ]
            }
        },
        {
            "type": "Feature",
            "properties": {
                "Name": "SEMENICK GARY L",
                "Address": "1859 BOBENCE RD",
                "Phone": "2183654035",
                "Phase": "C",
                "Substation": "CLEAR LAKE",
                "Map_location": "159011350",
                "PARCEL_NUMBER": "317013000030.0"
            },
            "geometry": {
                "type": "Point",
                "coordinates": [
                    -92.06071839999976,
                    47.85776470000976
                ]
            }
        },
        {
            "type": "Feature",
            "properties": {
                "Name": "SEMENICK GARY L",
                "Address": "1859 BOBENCE RD",
                "Phone": "2183654035",
                "Phase": "C",
                "Substation": "CLEAR LAKE",
                "Map_location": "159011350",
                "PARCEL_NUMBER": "317013000040.0"
            },
            "geometry": {
                "type": "Point",
                "coordinates": [
                    -92.06071839999976,
                    47.85776470000976
                ]
            }
        },
        {
            "type": "Feature",
            "properties": {
                "Name": "LARSON ROBERT J",
                "Address": "1773 BRADACH RD",
                "Phone": "5079937464",
                "Phase": "B",
                "Substation": "CLEAR LAKE",
                "Map_location": "159011317",
                "PARCEL_NUMBER": null
            },
            "geometry": {
                "type": "Point",
                "coordinates": [
                    -92.06244579999976,
                    47.85413120000976
                ]
            }
        },
        {
            "type": "Feature",
            "properties": {
                "Name": "LARSON ROBERT J",
                "Address": "1790 BRADACH RD",
                "Phone": "5079937464",
                "Phase": "B",
                "Substation": "CLEAR LAKE",
                "Map_location": "159011339",
                "PARCEL_NUMBER": null
            },
            "geometry": {
                "type": "Point",
                "coordinates": [
                    -92.06137229999976,
                    47.852882200009745
                ]
            }
        },
        {
            "type": "Feature",
            "properties": {
                "Name": "WITCHER DANIEL W",
                "Address": "1774 BRADACH RD",
                "Phone": "2184046711",
                "Phase": "B",
                "Substation": "CLEAR LAKE",
                "Map_location": "159011323",
                "PARCEL_NUMBER": null
            },
            "geometry": {
                "type": "Point",
                "coordinates": [
                    -92.06199499999975,
                    47.85273970000975
                ]
            }
        },
        {
            "type": "Feature",
            "properties": {
                "Name": "FRANCISKOVICH HEATHER FAIRL",
                "Address": "1777 BRADACH RD",
                "Phone": "2182353895",
                "Phase": "B",
                "Substation": "CLEAR LAKE",
                "Map_location": "159011328",
                "PARCEL_NUMBER": "317016700011.0"
            },
            "geometry": {
                "type": "Point",
                "coordinates": [
                    -92.06290033614586,
                    47.85318425997934
                ]
            }
        },
        {
            "type": "Feature",
            "properties": {
                "Name": "FRANCISKOVICH HEATHER FAIRL",
                "Address": "1777 BRADACH RD",
                "Phone": "2182353895",
                "Phase": "B",
                "Substation": "CLEAR LAKE",
                "Map_location": "159011328",
                "PARCEL_NUMBER": "317024000080.0"
            },
            "geometry": {
                "type": "Point",
                "coordinates": [
                    -92.06290033614586,
                    47.85318425997934
                ]
            }
        },
        {
            "type": "Feature",
            "properties": {
                "Name": "FRANCISKOVICH HEATHER FAIRL",
                "Address": "1777 BRADACH RD",
                "Phone": "2182353895",
                "Phase": "B",
                "Substation": "CLEAR LAKE",
                "Map_location": "159011328",
                "PARCEL_NUMBER": "317024000070.0"
            },
            "geometry": {
                "type": "Point",
                "coordinates": [
                    -92.06290033614586,
                    47.85318425997934
                ]
            }
        },
        {
            "type": "Feature",
            "properties": {
                "Name": "CASCARANO MICHELE T",
                "Address": "3622 WILDGATE RD",
                "Phone": "4144056422",
                "Phase": "B",
                "Substation": "CLEAR LAKE",
                "Map_location": "159011334",
                "PARCEL_NUMBER": null
            },
            "geometry": {
                "type": "Point",
                "coordinates": [
                    -92.06403039999977,
                    47.853900900009755
                ]
            }
        },
        {
            "type": "Feature",
            "properties": {
                "Name": "LAINE KATE L",
                "Address": "3624 WILD GATE RD",
                "Phone": "2183800832",
                "Phase": "B",
                "Substation": "CLEAR LAKE",
                "Map_location": "159011335",
                "PARCEL_NUMBER": null
            },
            "geometry": {
                "type": "Point",
                "coordinates": [
                    -92.06401329999976,
                    47.853923800009746
                ]
            }
        },
        {
            "type": "Feature",
            "properties": {
                "Name": "ANDLER THOMAS R",
                "Address": "3626 WILDGATE RD",
                "Phone": "5613099463",
                "Phase": "B",
                "Substation": "CLEAR LAKE",
                "Map_location": "159011333",
                "PARCEL_NUMBER": null
            },
            "geometry": {
                "type": "Point",
                "coordinates": [
                    -92.06498819999977,
                    47.85440270000976
                ]
            }
        },
        {
            "type": "Feature",
            "properties": {
                "Name": "TOUSIGNANT STEVEN J",
                "Address": "3630 WILDGATE RD",
                "Phone": "9523935535",
                "Phase": "B",
                "Substation": "CLEAR LAKE",
                "Map_location": "159011348",
                "PARCEL_NUMBER": null
            },
            "geometry": {
                "type": "Point",
                "coordinates": [
                    -92.06568689999978,
                    47.85469680000974
                ]
            }
        },
        {
            "type": "Feature",
            "properties": {
                "Name": "WOLFF DENISE I",
                "Address": "3634 WILDGATE RD",
                "Phone": "6303655363",
                "Phase": "B",
                "Substation": "CLEAR LAKE",
                "Map_location": "159011349",
                "PARCEL_NUMBER": null
            },
            "geometry": {
                "type": "Point",
                "coordinates": [
                    -92.06662159999978,
                    47.85469200000976
                ]
            }
        },
        {
            "type": "Feature",
            "properties": {
                "Name": "PASANEN DONALD WILLIAM",
                "Address": "3611 HIGHWAY 169",
                "Phone": "3202662282",
                "Phase": "C",
                "Substation": "CLEAR LAKE",
                "Map_location": "159011307",
                "PARCEL_NUMBER": null
            },
            "geometry": {
                "type": "Point",
                "coordinates": [
                    -92.06329829999977,
                    47.85544350000974
                ]
            }
        },
        {
            "type": "Feature",
            "properties": {
                "Name": "BOBENCE JOHN A",
                "Address": "1851 BOBENCE RD",
                "Phone": "6513298185",
                "Phase": "C",
                "Substation": "CLEAR LAKE",
                "Map_location": "159011306",
                "PARCEL_NUMBER": null
            },
            "geometry": {
                "type": "Point",
                "coordinates": [
                    -92.06218449999976,
                    47.85656090000975
                ]
            }
        },
        {
            "type": "Feature",
            "properties": {
                "Name": "HUNTINGTON WAYNE",
                "Address": "3643 HWY 169",
                "Phone": "3205159120",
                "Phase": "C",
                "Substation": "CLEAR LAKE",
                "Map_location": "159011305",
                "PARCEL_NUMBER": null
            },
            "geometry": {
                "type": "Point",
                "coordinates": [
                    -92.06626159999978,
                    47.85704710000974
                ]
            }
        },
        {
            "type": "Feature",
            "properties": {
                "Name": "MCCARRON JEFF W",
                "Address": "3663 HIGHWAY 169",
                "Phone": "3202903497",
                "Phase": "C",
                "Substation": "CLEAR LAKE",
                "Map_location": "159011304",
                "PARCEL_NUMBER": null
            },
            "geometry": {
                "type": "Point",
                "coordinates": [
                    -92.06879199999977,
                    47.857493300009764
                ]
            }
        },
        {
            "type": "Feature",
            "properties": {
                "Name": "BUCKLEY GREGORY MICHAEL",
                "Address": "3667 HIGHWAY 169",
                "Phone": "2182905347",
                "Phase": "C",
                "Substation": "CLEAR LAKE",
                "Map_location": "159011303",
                "PARCEL_NUMBER": null
            },
            "geometry": {
                "type": "Point",
                "coordinates": [
                    -92.07011459999977,
                    47.85756980000974
                ]
            }
        },
        {
            "type": "Feature",
            "properties": {
                "Name": "STUKEL JAMES FREDRICK",
                "Address": "3679 HWY 169",
                "Phone": "2183494639",
                "Phase": "C",
                "Substation": "CLEAR LAKE",
                "Map_location": "159011311",
                "PARCEL_NUMBER": null
            },
            "geometry": {
                "type": "Point",
                "coordinates": [
                    -92.07080899999977,
                    47.857753000009744
                ]
            }
        },
        {
            "type": "Feature",
            "properties": {
                "Name": "JOHNSON PAUL LEONARD",
                "Address": "3681 HIGHWAY 169",
                "Phone": "2183654025",
                "Phase": "C",
                "Substation": "CLEAR LAKE",
                "Map_location": "159011302",
                "PARCEL_NUMBER": null
            },
            "geometry": {
                "type": "Point",
                "coordinates": [
                    -92.07081149999978,
                    47.85777240000976
                ]
            }
        },
        {
            "type": "Feature",
            "properties": {
                "Name": "KKM OF CLEAR LAKE LLC",
                "Address": "3683 HIGHWAY 169",
                "Phone": "6513342323",
                "Phase": "C",
                "Substation": "CLEAR LAKE",
                "Map_location": "159011301",
                "PARCEL_NUMBER": null
            },
            "geometry": {
                "type": "Point",
                "coordinates": [
                    -92.07166289999978,
                    47.85772420000974
                ]
            }
        },
        {
            "type": "Feature",
            "properties": {
                "Name": "MADDERN PHILIP D",
                "Address": "3665 WILDGATE RD",
                "Phone": "2183656648",
                "Phase": "A",
                "Substation": "CLEAR LAKE",
                "Map_location": "159011345",
                "PARCEL_NUMBER": "317001004254.0"
            },
            "geometry": {
                "type": "Point",
                "coordinates": [
                    -92.06943409999977,
                    47.856443000009754
                ]
            }
        },
        {
            "type": "Feature",
            "properties": {
                "Name": "MADDERN PHILIP D",
                "Address": "3665 WILDGATE RD",
                "Phone": "2183656648",
                "Phase": "A",
                "Substation": "CLEAR LAKE",
                "Map_location": "159011345",
                "PARCEL_NUMBER": "317001002191.0"
            },
            "geometry": {
                "type": "Point",
                "coordinates": [
                    -92.06943409999977,
                    47.856443000009754
                ]
            }
        },
        {
            "type": "Feature",
            "properties": {
                "Name": "MADDERN PHILIP D",
                "Address": "3665 WILDGATE RD",
                "Phone": "2183656648",
                "Phase": "A",
                "Substation": "CLEAR LAKE",
                "Map_location": "159011336",
                "PARCEL_NUMBER": "317001004254.0"
            },
            "geometry": {
                "type": "Point",
                "coordinates": [
                    -92.06976509999977,
                    47.854752300009736
                ]
            }
        },
        {
            "type": "Feature",
            "properties": {
                "Name": "MADDERN PHILIP D",
                "Address": "3665 WILDGATE RD",
                "Phone": "2183656648",
                "Phase": "A",
                "Substation": "CLEAR LAKE",
                "Map_location": "159011336",
                "PARCEL_NUMBER": "317001002191.0"
            },
            "geometry": {
                "type": "Point",
                "coordinates": [
                    -92.06976509999977,
                    47.854752300009736
                ]
            }
        },
        {
            "type": "Feature",
            "properties": {
                "Name": "NAFZIGER ADAM M",
                "Address": "1731 BRADACH RD",
                "Phone": "6122392192",
                "Phase": "B",
                "Substation": "CLEAR LAKE",
                "Map_location": "159011318",
                "PARCEL_NUMBER": null
            },
            "geometry": {
                "type": "Point",
                "coordinates": [
                    -92.06453459999977,
                    47.85052390000974
                ]
            }
        },
        {
            "type": "Feature",
            "properties": {
                "Name": "VESEL VINCE A",
                "Address": "5234 MUD CREEK RD",
                "Phone": "2187807055",
                "Phase": "C",
                "Substation": "CLEAR LAKE",
                "Map_location": "143013447",
                "PARCEL_NUMBER": null
            },
            "geometry": {
                "type": "Point",
                "coordinates": [
                    -92.23423499999984,
                    47.8941925000098
                ]
            }
        },
        {
            "type": "Feature",
            "properties": {
                "Name": "BUDOLFSON LYNN R",
                "Address": "408 MUD CREEK RD",
                "Phone": "6123468578",
                "Phase": "C",
                "Substation": "CLEAR LAKE",
                "Map_location": "143013403",
                "PARCEL_NUMBER": null
            },
            "geometry": {
                "type": "Point",
                "coordinates": [
                    -92.23813399999983,
                    47.89268350000979
                ]
            }
        },
        {
            "type": "Feature",
            "properties": {
                "Name": "NILSEN KRISTIN MARIE",
                "Address": "5250 MUD CREEK RD",
                "Phone": "6129268128",
                "Phase": "C",
                "Substation": "CLEAR LAKE",
                "Map_location": "143013404",
                "PARCEL_NUMBER": null
            },
            "geometry": {
                "type": "Point",
                "coordinates": [
                    -92.24001989999982,
                    47.89300030000978
                ]
            }
        },
        {
            "type": "Feature",
            "properties": {
                "Name": "MUELKEN BILL M",
                "Address": "5266 MUD CREEK RD",
                "Phone": "2187807054",
                "Phase": "C",
                "Substation": "CLEAR LAKE",
                "Map_location": "143013405",
                "PARCEL_NUMBER": null
            },
            "geometry": {
                "type": "Point",
                "coordinates": [
                    -92.24073329999985,
                    47.893969000009804
                ]
            }
        },
        {
            "type": "Feature",
            "properties": {
                "Name": "HETHERINGTON EARL V",
                "Address": "4784 MUD CREEK RD",
                "Phone": "6129109679",
                "Phase": "C",
                "Substation": "CLEAR LAKE",
                "Map_location": "143003607",
                "PARCEL_NUMBER": null
            },
            "geometry": {
                "type": "Point",
                "coordinates": [
                    -92.19204179999983,
                    47.892246100009785
                ]
            }
        },
        {
            "type": "Feature",
            "properties": {
                "Name": "STRUSINSKI STEVEN E",
                "Address": "4790 MUD CREEK RD",
                "Phone": "6126705725",
                "Phase": "C",
                "Substation": "CLEAR LAKE",
                "Map_location": "143003603",
                "PARCEL_NUMBER": null
            },
            "geometry": {
                "type": "Point",
                "coordinates": [
                    -92.19250259999983,
                    47.89235510000979
                ]
            }
        },
        {
            "type": "Feature",
            "properties": {
                "Name": "FROST CHARLES M",
                "Address": "4779 MUD CREEK RD",
                "Phone": "9524514494",
                "Phase": "C",
                "Substation": "CLEAR LAKE",
                "Map_location": "143003606",
                "PARCEL_NUMBER": null
            },
            "geometry": {
                "type": "Point",
                "coordinates": [
                    -92.19133719999982,
                    47.89263280000979
                ]
            }
        },
        {
            "type": "Feature",
            "properties": {
                "Name": "LANGENFELD JOHN J",
                "Address": "4783 MUD CREEK RD",
                "Phone": "6513580759",
                "Phase": "C",
                "Substation": "CLEAR LAKE",
                "Map_location": "143003605",
                "PARCEL_NUMBER": null
            },
            "geometry": {
                "type": "Point",
                "coordinates": [
                    -92.1912242450318,
                    47.89264782799912
                ]
            }
        },
        {
            "type": "Feature",
            "properties": {
                "Name": "Customer not found in Customer Table \n(Check with Billing)",
                "Address": null,
                "Phone": null,
                "Phase": "C",
                "Substation": "CLEAR LAKE",
                "Map_location": "143003604",
                "PARCEL_NUMBER": null
            },
            "geometry": {
                "type": "Point",
                "coordinates": [
                    -92.19287546745807,
                    47.89300305698223
                ]
            }
        },
        {
            "type": "Feature",
            "properties": {
                "Name": "TROMBLEY RAYMOND E",
                "Address": "4813 MUD CREEK RD",
                "Phone": "6517773255",
                "Phase": "C",
                "Substation": "CLEAR LAKE",
                "Map_location": "143003602",
                "PARCEL_NUMBER": null
            },
            "geometry": {
                "type": "Point",
                "coordinates": [
                    -92.19443599999983,
                    47.89328500000978
                ]
            }
        },
        {
            "type": "Feature",
            "properties": {
                "Name": "MORSE NATALIA",
                "Address": "3545 UPALONG LN",
                "Phone": "6127590579",
                "Phase": "B",
                "Substation": "CLEAR LAKE",
                "Map_location": "144003604",
                "PARCEL_NUMBER": null
            },
            "geometry": {
                "type": "Point",
                "coordinates": [
                    -92.05507829810645,
                    47.8943825459589
                ]
            }
        },
        {
            "type": "Feature",
            "properties": {
                "Name": "LEVAR ANDREW",
                "Address": "2334 CLARK LAKE RD",
                "Phone": "2183652901",
                "Phase": "B",
                "Substation": "CLEAR LAKE",
                "Map_location": "144003602",
                "PARCEL_NUMBER": "652001005520.0"
            },
            "geometry": {
                "type": "Point",
                "coordinates": [
                    -92.05561550260188,
                    47.89380241564638
                ]
            }
        },
        {
            "type": "Feature",
            "properties": {
                "Name": "Customer not found in Customer Table \n(Check with Billing)",
                "Address": null,
                "Phone": null,
                "Phase": "C",
                "Substation": "CLEAR LAKE",
                "Map_location": "160000101",
                "PARCEL_NUMBER": null
            },
            "geometry": {
                "type": "Point",
                "coordinates": [
                    -91.93982149681665,
                    47.88907080760277
                ]
            }
        },
        {
            "type": "Feature",
            "properties": {
                "Name": "RANGE COOPERATIVE S INC",
                "Address": "HIGHWAY 169",
                "Phone": "2187417393",
                "Phase": "C",
                "Substation": "CLEAR LAKE",
                "Map_location": "160000212",
                "PARCEL_NUMBER": null
            },
            "geometry": {
                "type": "Point",
                "coordinates": [
                    -91.94652460286396,
                    47.887785974398824
                ]
            }
        },
        {
            "type": "Feature",
            "properties": {
                "Name": "KOSCHAK ROBERT G",
                "Address": "2398 HIGHWAY 169",
                "Phone": "2183496568",
                "Phase": "C",
                "Substation": "CLEAR LAKE",
                "Map_location": "145003603",
                "PARCEL_NUMBER": null
            },
            "geometry": {
                "type": "Point",
                "coordinates": [
                    -91.93363177961133,
                    47.89128425448363
                ]
            }
        },
        {
            "type": "Feature",
            "properties": {
                "Name": "SCHULZE JEFF",
                "Address": "2408 HIGHWAY 169",
                "Phone": "2183654220",
                "Phase": "C",
                "Substation": "CLEAR LAKE",
                "Map_location": "145003602",
                "PARCEL_NUMBER": null
            },
            "geometry": {
                "type": "Point",
                "coordinates": [
                    -91.93471768061555,
                    47.891270656151676
                ]
            }
        },
        {
            "type": "Feature",
            "properties": {
                "Name": "HANES GOODLANDER LISA A",
                "Address": "5104 MUD CREEK RD",
                "Phone": "6127186976",
                "Phase": "C",
                "Substation": "CLEAR LAKE",
                "Map_location": "143013436",
                "PARCEL_NUMBER": null
            },
            "geometry": {
                "type": "Point",
                "coordinates": [
                    -92.22401769999983,
                    47.89411390000979
                ]
            }
        },
        {
            "type": "Feature",
            "properties": {
                "Name": "RICHARDSON JOHN MILES",
                "Address": "5152 MUD CREEK RD",
                "Phone": "9523683325",
                "Phase": "C",
                "Substation": "CLEAR LAKE",
                "Map_location": "143013445",
                "PARCEL_NUMBER": null
            },
            "geometry": {
                "type": "Point",
                "coordinates": [
                    -92.22973239999983,
                    47.89476470000981
                ]
            }
        },
        {
            "type": "Feature",
            "properties": {
                "Name": "WALKER DOUGLAS",
                "Address": "5072 MUD CREEK RD",
                "Phone": "8142515517",
                "Phase": "C",
                "Substation": "CLEAR LAKE",
                "Map_location": "143003503",
                "PARCEL_NUMBER": "665001005004.0"
            },
            "geometry": {
                "type": "Point",
                "coordinates": [
                    -92.22204819999983,
                    47.894160900009794
                ]
            }
        },
        {
            "type": "Feature",
            "properties": {
                "Name": "LARSON TERESA LYNNE",
                "Address": "5052 MUD CREEK RD",
                "Phone": "4026898091",
                "Phase": "C",
                "Substation": "CLEAR LAKE",
                "Map_location": "143003501",
                "PARCEL_NUMBER": null
            },
            "geometry": {
                "type": "Point",
                "coordinates": [
                    -92.21868119999985,
                    47.89431180000979
                ]
            }
        },
        {
            "type": "Feature",
            "properties": {
                "Name": "LARSON JOHN A",
                "Address": "3326 ASPEN LANE",
                "Phone": "2183439264",
                "Phase": "B",
                "Substation": "CLEAR LAKE",
                "Map_location": "160010608",
                "PARCEL_NUMBER": null
            },
            "geometry": {
                "type": "Point",
                "coordinates": [
                    -92.03393279999976,
                    47.88726650000979
                ]
            }
        },
        {
            "type": "Feature",
            "properties": {
                "Name": "TARVIN CYNTHIA C",
                "Address": "2146 HWY 169",
                "Phone": null,
                "Phase": "B",
                "Substation": "CLEAR LAKE",
                "Map_location": "160010520",
                "PARCEL_NUMBER": null
            },
            "geometry": {
                "type": "Point",
                "coordinates": [
                    -92.01883039999973,
                    47.879260300009776
                ]
            }
        },
        {
            "type": "Feature",
            "properties": {
                "Name": "LOGAR JON A",
                "Address": "2132 LOGAR RD",
                "Phone": "2183653722",
                "Phase": "B",
                "Substation": "CLEAR LAKE",
                "Map_location": "160010519",
                "PARCEL_NUMBER": null
            },
            "geometry": {
                "type": "Point",
                "coordinates": [
                    -92.01744889999974,
                    47.87992680000979
                ]
            }
        },
        {
            "type": "Feature",
            "properties": {
                "Name": "VERTIN ANTHONY J",
                "Address": "3379 WOLF LAKE ROAD",
                "Phone": "7634733664",
                "Phase": "B",
                "Substation": "CLEAR LAKE",
                "Map_location": "145053118",
                "PARCEL_NUMBER": null
            },
            "geometry": {
                "type": "Point",
                "coordinates": [
                    -92.04054939999975,
                    47.89320800000981
                ]
            }
        },
        {
            "type": "Feature",
            "properties": {
                "Name": "PEYTON TODD MICHAEL",
                "Address": "2254 BALSAM ROAD",
                "Phone": "2188791126",
                "Phase": "B",
                "Substation": "CLEAR LAKE",
                "Map_location": "160010607",
                "PARCEL_NUMBER": null
            },
            "geometry": {
                "type": "Point",
                "coordinates": [
                    -92.03069509999975,
                    47.88246280000978
                ]
            }
        },
        {
            "type": "Feature",
            "properties": {
                "Name": "KELLY STACY J",
                "Address": "2248 BALSAM LN",
                "Phone": "6125887715",
                "Phase": "B",
                "Substation": "CLEAR LAKE",
                "Map_location": "160010610",
                "PARCEL_NUMBER": null
            },
            "geometry": {
                "type": "Point",
                "coordinates": [
                    -92.03084839999974,
                    47.88326850000978
                ]
            }
        },
        {
            "type": "Feature",
            "properties": {
                "Name": "ZIMMERMAN HEIDI",
                "Address": "2242 BALSAM LN",
                "Phone": "6128491516",
                "Phase": "B",
                "Substation": "CLEAR LAKE",
                "Map_location": "160010606",
                "PARCEL_NUMBER": null
            },
            "geometry": {
                "type": "Point",
                "coordinates": [
                    -92.03164059999976,
                    47.88418880000978
                ]
            }
        },
        {
            "type": "Feature",
            "properties": {
                "Name": "PRIJATEL JAMES",
                "Address": "2238 WOLF LAKE RD",
                "Phone": "3202909069",
                "Phase": "B",
                "Substation": "CLEAR LAKE",
                "Map_location": "160010605",
                "PARCEL_NUMBER": null
            },
            "geometry": {
                "type": "Point",
                "coordinates": [
                    -92.03178189999974,
                    47.88459310000979
                ]
            }
        },
        {
            "type": "Feature",
            "properties": {
                "Name": "LEMA ANTHONY",
                "Address": "2234 BALSAM LANE",
                "Phone": "6514022024",
                "Phase": "B",
                "Substation": "CLEAR LAKE",
                "Map_location": "160010612",
                "PARCEL_NUMBER": null
            },
            "geometry": {
                "type": "Point",
                "coordinates": [
                    -92.03237749999974,
                    47.884883000009786
                ]
            }
        },
        {
            "type": "Feature",
            "properties": {
                "Name": "AHO LAUREN JEAN",
                "Address": "2230 BALSAM LANE",
                "Phone": "2182358710",
                "Phase": "B",
                "Substation": "CLEAR LAKE",
                "Map_location": "160010603",
                "PARCEL_NUMBER": null
            },
            "geometry": {
                "type": "Point",
                "coordinates": [
                    -92.03300649999976,
                    47.88515900000979
                ]
            }
        },
        {
            "type": "Feature",
            "properties": {
                "Name": "MYERS PAUL M",
                "Address": "3324 ASPEN LN",
                "Phone": "2183656080",
                "Phase": "B",
                "Substation": "CLEAR LAKE",
                "Map_location": "160010602",
                "PARCEL_NUMBER": null
            },
            "geometry": {
                "type": "Point",
                "coordinates": [
                    -92.03366739999974,
                    47.88739600000979
                ]
            }
        },
        {
            "type": "Feature",
            "properties": {
                "Name": "BROBIN SANDRA M",
                "Address": "3272 ASPEN LANE",
                "Phone": "6127196375",
                "Phase": "B",
                "Substation": "CLEAR LAKE",
                "Map_location": "160010609",
                "PARCEL_NUMBER": null
            },
            "geometry": {
                "type": "Point",
                "coordinates": [
                    -92.03067759999975,
                    47.88804160000979
                ]
            }
        },
        {
            "type": "Feature",
            "properties": {
                "Name": "CHRISTIANSON JAY A",
                "Address": "3248 ASPEN LANE",
                "Phone": "5075536880",
                "Phase": "B",
                "Substation": "CLEAR LAKE",
                "Map_location": "160010517",
                "PARCEL_NUMBER": null
            },
            "geometry": {
                "type": "Point",
                "coordinates": [
                    -92.03019189999976,
                    47.88712090000979
                ]
            }
        },
        {
            "type": "Feature",
            "properties": {
                "Name": "LIEN MARY ELLEN",
                "Address": "2172 WOLF CREEK PASS",
                "Phone": "9526931108",
                "Phase": "B",
                "Substation": "CLEAR LAKE",
                "Map_location": "160010516",
                "PARCEL_NUMBER": null
            },
            "geometry": {
                "type": "Point",
                "coordinates": [
                    -92.02976189999976,
                    47.87855650000978
                ]
            }
        },
        {
            "type": "Feature",
            "properties": {
                "Name": "SCHLIESKE ROBERT BRIAN",
                "Address": "5278 MUD CREEK ROAD",
                "Phone": "6122703318",
                "Phase": "C",
                "Substation": "CLEAR LAKE",
                "Map_location": "143013441",
                "PARCEL_NUMBER": null
            },
            "geometry": {
                "type": "Point",
                "coordinates": [
                    -92.24235289999986,
                    47.89423050000979
                ]
            }
        },
        {
            "type": "Feature",
            "properties": {
                "Name": "SKALICKY MARK",
                "Address": "MUD CREEK RD",
                "Phone": "3206296283",
                "Phase": "C",
                "Substation": "CLEAR LAKE",
                "Map_location": "143013352",
                "PARCEL_NUMBER": null
            },
            "geometry": {
                "type": "Point",
                "coordinates": [
                    -92.25317719330582,
                    47.8964702522222
                ]
            }
        },
        {
            "type": "Feature",
            "properties": {
                "Name": "NACHTWEY MICHAEL F",
                "Address": "5284 MUD CREEK RD",
                "Phone": "7637727156",
                "Phase": "C",
                "Substation": "CLEAR LAKE",
                "Map_location": "143013450",
                "PARCEL_NUMBER": null
            },
            "geometry": {
                "type": "Point",
                "coordinates": [
                    -92.24264529999985,
                    47.8946107000098
                ]
            }
        },
        {
            "type": "Feature",
            "properties": {
                "Name": "BURLOWSKI JEAN RAE",
                "Address": "5293 MUD CREEK RD",
                "Phone": "6512304240",
                "Phase": "C",
                "Substation": "CLEAR LAKE",
                "Map_location": "143013439",
                "PARCEL_NUMBER": null
            },
            "geometry": {
                "type": "Point",
                "coordinates": [
                    -92.24410959999985,
                    47.8940172000098
                ]
            }
        },
        {
            "type": "Feature",
            "properties": {
                "Name": "OLSEN JAIME LEE",
                "Address": "5302 MUD CREEK RD",
                "Phone": "6128347452",
                "Phase": "C",
                "Substation": "CLEAR LAKE",
                "Map_location": "143013406",
                "PARCEL_NUMBER": null
            },
            "geometry": {
                "type": "Point",
                "coordinates": [
                    -92.24536909684801,
                    47.893965988819474
                ]
            }
        },
        {
            "type": "Feature",
            "properties": {
                "Name": "HUBBARD DENNIS",
                "Address": "5399 BIRCH GROVE LK VERM",
                "Phone": "2188793697",
                "Phase": "C",
                "Substation": "CLEAR LAKE",
                "Map_location": "143013326",
                "PARCEL_NUMBER": null
            },
            "geometry": {
                "type": "Point",
                "coordinates": [
                    -92.25504639405318,
                    47.896452354170165
                ]
            }
        },
        {
            "type": "Feature",
            "properties": {
                "Name": "WILLIAMS DAVID L",
                "Address": "5395 LK VERMILION N",
                "Phone": "6157728238",
                "Phase": "C",
                "Substation": "CLEAR LAKE",
                "Map_location": "143013322",
                "PARCEL_NUMBER": null
            },
            "geometry": {
                "type": "Point",
                "coordinates": [
                    -92.25444459431007,
                    47.89624225353673
                ]
            }
        },
        {
            "type": "Feature",
            "properties": {
                "Name": "WESTBY TIM ROLAND",
                "Address": "5385 BEAR CREEK DRIVE",
                "Phone": "6512481942",
                "Phase": "C",
                "Substation": "CLEAR LAKE",
                "Map_location": "143013319",
                "PARCEL_NUMBER": null
            },
            "geometry": {
                "type": "Point",
                "coordinates": [
                    -92.2519756933243,
                    47.89626525097348
                ]
            }
        },
        {
            "type": "Feature",
            "properties": {
                "Name": "WESTBY TIM ROLAND",
                "Address": "5381 LAKE VERMILION NORTH",
                "Phone": "6512481942",
                "Phase": "C",
                "Substation": "CLEAR LAKE",
                "Map_location": "143013351",
                "PARCEL_NUMBER": null
            },
            "geometry": {
                "type": "Point",
                "coordinates": [
                    -92.25119109319431,
                    47.896193050157066
                ]
            }
        },
        {
            "type": "Feature",
            "properties": {
                "Name": "MAGNINE MIKE",
                "Address": "5379 LAKE VERMILION N",
                "Phone": "7157819533",
                "Phase": "C",
                "Substation": "CLEAR LAKE",
                "Map_location": "143013317",
                "PARCEL_NUMBER": null
            },
            "geometry": {
                "type": "Point",
                "coordinates": [
                    -92.25096789231121,
                    47.89653974991899
                ]
            }
        },
        {
            "type": "Feature",
            "properties": {
                "Name": "ANDREASEN GRANT C",
                "Address": "5364 MUD CREEK RD",
                "Phone": "6124760817",
                "Phase": "C",
                "Substation": "CLEAR LAKE",
                "Map_location": "143013314",
                "PARCEL_NUMBER": null
            },
            "geometry": {
                "type": "Point",
                "coordinates": [
                    -92.24884009999984,
                    47.8965954000098
                ]
            }
        },
        {
            "type": "Feature",
            "properties": {
                "Name": "BROWN KEVIN JAMES",
                "Address": "5312 MUD CREEK RD",
                "Phone": "7122666704",
                "Phase": "C",
                "Substation": "CLEAR LAKE",
                "Map_location": "143013309",
                "PARCEL_NUMBER": null
            },
            "geometry": {
                "type": "Point",
                "coordinates": [
                    -92.24615779999985,
                    47.8944646000098
                ]
            }
        },
        {
            "type": "Feature",
            "properties": {
                "Name": "HAUBRICH KATHY",
                "Address": "5308 MUD CREEK RD",
                "Phone": "9522109192",
                "Phase": "C",
                "Substation": "CLEAR LAKE",
                "Map_location": "143013308",
                "PARCEL_NUMBER": null
            },
            "geometry": {
                "type": "Point",
                "coordinates": [
                    -92.24571279999986,
                    47.894414400009794
                ]
            }
        },
        {
            "type": "Feature",
            "properties": {
                "Name": "PERELL THOMAS M",
                "Address": "5306 MUD CREEK RD",
                "Phone": "2183908634",
                "Phase": "C",
                "Substation": "CLEAR LAKE",
                "Map_location": "143013307",
                "PARCEL_NUMBER": null
            },
            "geometry": {
                "type": "Point",
                "coordinates": [
                    -92.24574159999985,
                    47.894410500009805
                ]
            }
        },
        {
            "type": "Feature",
            "properties": {
                "Name": "GOODWIN KIM",
                "Address": "5328 MUD CREEK RD",
                "Phone": "9524700740",
                "Phase": "C",
                "Substation": "CLEAR LAKE",
                "Map_location": "143013310",
                "PARCEL_NUMBER": null
            },
            "geometry": {
                "type": "Point",
                "coordinates": [
                    -92.24725619999984,
                    47.895111200009794
                ]
            }
        },
        {
            "type": "Feature",
            "properties": {
                "Name": "LARSON PAUL N",
                "Address": "5137 INDIAN POINT",
                "Phone": "2183655542",
                "Phase": "C",
                "Substation": "CLEAR LAKE",
                "Map_location": "158000312",
                "PARCEL_NUMBER": null
            },
            "geometry": {
                "type": "Point",
                "coordinates": [
                    -92.23020009999983,
                    47.88145750000979
                ]
            }
        },
        {
            "type": "Feature",
            "properties": {
                "Name": "THE ISLAND INC",
                "Address": "ISLAND",
                "Phone": "4023107219",
                "Phase": "C",
                "Substation": "CLEAR LAKE",
                "Map_location": "158000359",
                "PARCEL_NUMBER": null
            },
            "geometry": {
                "type": "Point",
                "coordinates": [
                    -92.24014069999986,
                    47.885855300009794
                ]
            }
        },
        {
            "type": "Feature",
            "properties": {
                "Name": "LARSON MARY P",
                "Address": "2170 WOLF CR PASS",
                "Phone": "2182351770",
                "Phase": "B",
                "Substation": "CLEAR LAKE",
                "Map_location": "160010515",
                "PARCEL_NUMBER": null
            },
            "geometry": {
                "type": "Point",
                "coordinates": [
                    -92.02977859999974,
                    47.87853660000976
                ]
            }
        },
        {
            "type": "Feature",
            "properties": {
                "Name": "RAVNIKAR ERNEST",
                "Address": "3103 HWY 169",
                "Phone": "9067745024",
                "Phase": "B",
                "Substation": "CLEAR LAKE",
                "Map_location": "160010502",
                "PARCEL_NUMBER": null
            },
            "geometry": {
                "type": "Point",
                "coordinates": [
                    -92.01251469999974,
                    47.88135310000978
                ]
            }
        },
        {
            "type": "Feature",
            "properties": {
                "Name": "STEFANICH TROY NICHOLAS",
                "Address": "3092 HARDER CARTWAY",
                "Phone": "2187806530",
                "Phase": "C",
                "Substation": "CLEAR LAKE",
                "Map_location": "160010510",
                "PARCEL_NUMBER": null
            },
            "geometry": {
                "type": "Point",
                "coordinates": [
                    -92.0171967090865,
                    47.886132358854965
                ]
            }
        },
        {
            "type": "Feature",
            "properties": {
                "Name": "STEFANICH GREG",
                "Address": "3094 HARDER CARTWAY",
                "Phone": "3192663069",
                "Phase": "C",
                "Substation": "CLEAR LAKE",
                "Map_location": "160010512",
                "PARCEL_NUMBER": null
            },
            "geometry": {
                "type": "Point",
                "coordinates": [
                    -92.0171572089628,
                    47.88608215891491
                ]
            }
        },
        {
            "type": "Feature",
            "properties": {
                "Name": "STEFANICH THEODORE",
                "Address": "WOLF LAKE RESORT",
                "Phone": "2183657087",
                "Phase": "C",
                "Substation": "CLEAR LAKE",
                "Map_location": "160010507",
                "PARCEL_NUMBER": null
            },
            "geometry": {
                "type": "Point",
                "coordinates": [
                    -92.01557367040955,
                    47.88740335682874
                ]
            }
        },
        {
            "type": "Feature",
            "properties": {
                "Name": "CUSACK THOMAS J",
                "Address": "3173 VAN VAC RD",
                "Phone": "8056982577",
                "Phase": "C",
                "Substation": "CLEAR LAKE",
                "Map_location": "145053206",
                "PARCEL_NUMBER": null
            },
            "geometry": {
                "type": "Point",
                "coordinates": [
                    -92.01493749999975,
                    47.90007850000981
                ]
            }
        },
        {
            "type": "Feature",
            "properties": {
                "Name": "EVANS JEFFERY T",
                "Address": "3175 VAN VAC RD",
                "Phone": "6516990482",
                "Phase": "C",
                "Substation": "CLEAR LAKE",
                "Map_location": "145053211",
                "PARCEL_NUMBER": null
            },
            "geometry": {
                "type": "Point",
                "coordinates": [
                    -92.01627859999974,
                    47.89920300000981
                ]
            }
        },
        {
            "type": "Feature",
            "properties": {
                "Name": "WOLFE J PATRICK",
                "Address": "3177 OUTLET BAY LANE",
                "Phone": "9522014743",
                "Phase": "C",
                "Substation": "CLEAR LAKE",
                "Map_location": "145053209",
                "PARCEL_NUMBER": null
            },
            "geometry": {
                "type": "Point",
                "coordinates": [
                    -92.01646589999973,
                    47.899121500009805
                ]
            }
        },
        {
            "type": "Feature",
            "properties": {
                "Name": "CANTRELL AL",
                "Address": "3179 VAN VAC RD",
                "Phone": "6084370211",
                "Phase": "C",
                "Substation": "CLEAR LAKE",
                "Map_location": "145053216",
                "PARCEL_NUMBER": null
            },
            "geometry": {
                "type": "Point",
                "coordinates": [
                    -92.0164148902473,
                    47.898226991663684
                ]
            }
        },
        {
            "type": "Feature",
            "properties": {
                "Name": "ERICKSON BERNARD",
                "Address": "3323 WOLF LAKE RD CABIN",
                "Phone": "3202172398",
                "Phase": "B",
                "Substation": "CLEAR LAKE",
                "Map_location": "145053107",
                "PARCEL_NUMBER": "465004005052.0"
            },
            "geometry": {
                "type": "Point",
                "coordinates": [
                    -92.03157309999976,
                    47.89336600000979
                ]
            }
        },
        {
            "type": "Feature",
            "properties": {
                "Name": "MACKIE JAY ROBERT",
                "Address": "3325 WOLF LK RD",
                "Phone": "2183655243",
                "Phase": "B",
                "Substation": "CLEAR LAKE",
                "Map_location": "145053108",
                "PARCEL_NUMBER": null
            },
            "geometry": {
                "type": "Point",
                "coordinates": [
                    -92.03270809999974,
                    47.894155800009784
                ]
            }
        },
        {
            "type": "Feature",
            "properties": {
                "Name": "MACKIE JAY ROBERT",
                "Address": "3327 WOLF LAKE ROAD",
                "Phone": "2183655243",
                "Phase": "B",
                "Substation": "CLEAR LAKE",
                "Map_location": "145053101",
                "PARCEL_NUMBER": null
            },
            "geometry": {
                "type": "Point",
                "coordinates": [
                    -92.03388487924985,
                    47.89439032840746
                ]
            }
        },
        {
            "type": "Feature",
            "properties": {
                "Name": "YOUNG DAVID D",
                "Address": "3343 WOLF LAKE RD",
                "Phone": "2183655758",
                "Phase": "B",
                "Substation": "CLEAR LAKE",
                "Map_location": "145053102",
                "PARCEL_NUMBER": null
            },
            "geometry": {
                "type": "Point",
                "coordinates": [
                    -92.03475999999975,
                    47.89454380000979
                ]
            }
        },
        {
            "type": "Feature",
            "properties": {
                "Name": "MORONI CHRISTINE",
                "Address": "3365 WOLF LAKE RD",
                "Phone": "2183653498",
                "Phase": "B",
                "Substation": "CLEAR LAKE",
                "Map_location": "145053112",
                "PARCEL_NUMBER": null
            },
            "geometry": {
                "type": "Point",
                "coordinates": [
                    -92.03625024796882,
                    47.89471336743567
                ]
            }
        },
        {
            "type": "Feature",
            "properties": {
                "Name": "MITSHULIS GEORGE M",
                "Address": "3367 WOLF LK RD",
                "Phone": "6122404164",
                "Phase": "B",
                "Substation": "CLEAR LAKE",
                "Map_location": "145053114",
                "PARCEL_NUMBER": null
            },
            "geometry": {
                "type": "Point",
                "coordinates": [
                    -92.03694923642648,
                    47.89451492199206
                ]
            }
        },
        {
            "type": "Feature",
            "properties": {
                "Name": "ANDIAMO BURNTSIDE LLC",
                "Address": "3377 WOLF LAKE RD",
                "Phone": "2183707982",
                "Phase": "B",
                "Substation": "CLEAR LAKE",
                "Map_location": "145053103",
                "PARCEL_NUMBER": null
            },
            "geometry": {
                "type": "Point",
                "coordinates": [
                    -92.03911759999974,
                    47.89422980000979
                ]
            }
        },
        {
            "type": "Feature",
            "properties": {
                "Name": "PETRZILKA RICHARD",
                "Address": "3499 TAMARACK LN",
                "Phone": "2183656120",
                "Phase": "B",
                "Substation": "CLEAR LAKE",
                "Map_location": "145053115",
                "PARCEL_NUMBER": "30033000010.0"
            },
            "geometry": {
                "type": "Point",
                "coordinates": [
                    -92.04428287999976,
                    47.892711310009794
                ]
            }
        },
        {
            "type": "Feature",
            "properties": {
                "Name": "PETRZILKA RICHARD",
                "Address": "3499 TAMARACK LANE",
                "Phone": "2183656120",
                "Phase": "B",
                "Substation": "CLEAR LAKE",
                "Map_location": "145053104",
                "PARCEL_NUMBER": null
            },
            "geometry": {
                "type": "Point",
                "coordinates": [
                    -92.04487979999976,
                    47.89299510000979
                ]
            }
        },
        {
            "type": "Feature",
            "properties": {
                "Name": "MACKIE ADAM",
                "Address": "3497 TAMARACK LN",
                "Phone": "2183655243",
                "Phase": "B",
                "Substation": "CLEAR LAKE",
                "Map_location": "145053105",
                "PARCEL_NUMBER": null
            },
            "geometry": {
                "type": "Point",
                "coordinates": [
                    -92.04548559999976,
                    47.8930553000098
                ]
            }
        },
        {
            "type": "Feature",
            "properties": {
                "Name": "KNOP EDWARD C",
                "Address": "3495 TAMARACK ROAD",
                "Phone": "8156942056",
                "Phase": "B",
                "Substation": "CLEAR LAKE",
                "Map_location": "145053110",
                "PARCEL_NUMBER": null
            },
            "geometry": {
                "type": "Point",
                "coordinates": [
                    -92.04658507999976,
                    47.89320374000978
                ]
            }
        },
        {
            "type": "Feature",
            "properties": {
                "Name": "KARICH JESSE T",
                "Address": "3493 TAMARACK ROAD",
                "Phone": "6124231870",
                "Phase": "B",
                "Substation": "CLEAR LAKE",
                "Map_location": "145053116",
                "PARCEL_NUMBER": null
            },
            "geometry": {
                "type": "Point",
                "coordinates": [
                    -92.04674529999976,
                    47.89337540000979
                ]
            }
        },
        {
            "type": "Feature",
            "properties": {
                "Name": "LUTHANEN DOUGLAS W",
                "Address": "3491 TAMARACK RD",
                "Phone": "3162000035",
                "Phase": "B",
                "Substation": "CLEAR LAKE",
                "Map_location": "145053117",
                "PARCEL_NUMBER": null
            },
            "geometry": {
                "type": "Point",
                "coordinates": [
                    -92.04767608999975,
                    47.89278030000979
                ]
            }
        },
        {
            "type": "Feature",
            "properties": {
                "Name": "GUSTAFSON TODD",
                "Address": "2350 BIRCHWOOD LANE",
                "Phone": "2183652330",
                "Phase": "B",
                "Substation": "CLEAR LAKE",
                "Map_location": "145053111",
                "PARCEL_NUMBER": null
            },
            "geometry": {
                "type": "Point",
                "coordinates": [
                    -92.04894596249389,
                    47.89279219531909
                ]
            }
        },
        {
            "type": "Feature",
            "properties": {
                "Name": "OLSEN HANS",
                "Address": "2349 BIRCHWOOD LN",
                "Phone": "2183656318",
                "Phase": "B",
                "Substation": "CLEAR LAKE",
                "Map_location": "145053113",
                "PARCEL_NUMBER": "465004005047.0"
            },
            "geometry": {
                "type": "Point",
                "coordinates": [
                    -92.04916176292744,
                    47.893257495338055
                ]
            }
        },
        {
            "type": "Feature",
            "properties": {
                "Name": "BENJAMIN JEFF W",
                "Address": "3071 VAN VAC RD",
                "Phone": "6128173633",
                "Phase": "C",
                "Substation": "CLEAR LAKE",
                "Map_location": "145052912",
                "PARCEL_NUMBER": null
            },
            "geometry": {
                "type": "Point",
                "coordinates": [
                    -92.0102721804526,
                    47.909614076657995
                ]
            }
        },
        {
            "type": "Feature",
            "properties": {
                "Name": "PERLMUTTER CHARLES",
                "Address": "3075 VAN VAC RD",
                "Phone": "6077600415",
                "Phase": "C",
                "Substation": "CLEAR LAKE",
                "Map_location": "145052911",
                "PARCEL_NUMBER": null
            },
            "geometry": {
                "type": "Point",
                "coordinates": [
                    -92.01049629999973,
                    47.909624500009805
                ]
            }
        },
        {
            "type": "Feature",
            "properties": {
                "Name": "JEWETT RICHARD W",
                "Address": "3081 VAN VAC RD",
                "Phone": "6125816815",
                "Phase": "C",
                "Substation": "CLEAR LAKE",
                "Map_location": "145052902",
                "PARCEL_NUMBER": null
            },
            "geometry": {
                "type": "Point",
                "coordinates": [
                    -92.01047633349708,
                    47.908763571905915
                ]
            }
        },
        {
            "type": "Feature",
            "properties": {
                "Name": "NIELSEN MIKE",
                "Address": "3077 VAN VAC RD",
                "Phone": "2183434829",
                "Phase": "C",
                "Substation": "CLEAR LAKE",
                "Map_location": "145052913",
                "PARCEL_NUMBER": null
            },
            "geometry": {
                "type": "Point",
                "coordinates": [
                    -92.01034309999974,
                    47.909287300009815
                ]
            }
        },
        {
            "type": "Feature",
            "properties": {
                "Name": "ROVA ~ OLSON CABI N LLC",
                "Address": "3083 VAN VAC ROAD",
                "Phone": "6128395148",
                "Phase": "C",
                "Substation": "CLEAR LAKE",
                "Map_location": "145052903",
                "PARCEL_NUMBER": null
            },
            "geometry": {
                "type": "Point",
                "coordinates": [
                    -92.01051587558226,
                    47.90874970408844
                ]
            }
        },
        {
            "type": "Feature",
            "properties": {
                "Name": "BENJAMIN BRENT R",
                "Address": "3085 VAN VAC RD",
                "Phone": "3146606166",
                "Phase": "C",
                "Substation": "CLEAR LAKE",
                "Map_location": "145052909",
                "PARCEL_NUMBER": null
            },
            "geometry": {
                "type": "Point",
                "coordinates": [
                    -92.01059259999974,
                    47.90824310000981
                ]
            }
        },
        {
            "type": "Feature",
            "properties": {
                "Name": "KESS DAVID",
                "Address": "3087 VAN VAC RD",
                "Phone": "2183653928",
                "Phase": "C",
                "Substation": "CLEAR LAKE",
                "Map_location": "145052916",
                "PARCEL_NUMBER": null
            },
            "geometry": {
                "type": "Point",
                "coordinates": [
                    -92.01033609999973,
                    47.907613300009814
                ]
            }
        },
        {
            "type": "Feature",
            "properties": {
                "Name": "KESS PAUL",
                "Address": "3087 VAN VAC RD",
                "Phone": "2183493065",
                "Phase": "C",
                "Substation": "CLEAR LAKE",
                "Map_location": "145052904",
                "PARCEL_NUMBER": null
            },
            "geometry": {
                "type": "Point",
                "coordinates": [
                    -92.01060209999973,
                    47.907350000009814
                ]
            }
        },
        {
            "type": "Feature",
            "properties": {
                "Name": "NESHEIM KARLA",
                "Address": "3091 VAN VAC RD",
                "Phone": "2188211298",
                "Phase": "C",
                "Substation": "CLEAR LAKE",
                "Map_location": "145052905",
                "PARCEL_NUMBER": null
            },
            "geometry": {
                "type": "Point",
                "coordinates": [
                    -92.01063809999972,
                    47.906717900009816
                ]
            }
        },
        {
            "type": "Feature",
            "properties": {
                "Name": "DOMICH CELIA",
                "Address": "3095 VAN VAC RD",
                "Phone": "2182358851",
                "Phase": "C",
                "Substation": "CLEAR LAKE",
                "Map_location": "145052906",
                "PARCEL_NUMBER": null
            },
            "geometry": {
                "type": "Point",
                "coordinates": [
                    -92.0142494088456,
                    47.90558836175814
                ]
            }
        },
        {
            "type": "Feature",
            "properties": {
                "Name": "CORWIN HARRY C",
                "Address": "3133 HWY 404 BURNTSIDE",
                "Phone": "2183285485",
                "Phase": "C",
                "Substation": "CLEAR LAKE",
                "Map_location": "145052910",
                "PARCEL_NUMBER": null
            },
            "geometry": {
                "type": "Point",
                "coordinates": [
                    -92.01563649999973,
                    47.904510800009795
                ]
            }
        },
        {
            "type": "Feature",
            "properties": {
                "Name": "MANDY MICHAEL LEE",
                "Address": "3057 VAN VAC ROAD",
                "Phone": "2183655925",
                "Phase": "C",
                "Substation": "CLEAR LAKE",
                "Map_location": "145092805",
                "PARCEL_NUMBER": null
            },
            "geometry": {
                "type": "Point",
                "coordinates": [
                    -92.00893689999974,
                    47.911050600009794
                ]
            }
        },
        {
            "type": "Feature",
            "properties": {
                "Name": "DOMICH CELIA",
                "Address": "3055 VAN VAC RD",
                "Phone": "2182358851",
                "Phase": "C",
                "Substation": "CLEAR LAKE",
                "Map_location": "145092808",
                "PARCEL_NUMBER": null
            },
            "geometry": {
                "type": "Point",
                "coordinates": [
                    -92.00858989999973,
                    47.9111595000098
                ]
            }
        },
        {
            "type": "Feature",
            "properties": {
                "Name": "TUOMIKOSKI MARY VEE",
                "Address": "3053 VAN VAC RD",
                "Phone": "2182359197",
                "Phase": "C",
                "Substation": "CLEAR LAKE",
                "Map_location": "145092804",
                "PARCEL_NUMBER": null
            },
            "geometry": {
                "type": "Point",
                "coordinates": [
                    -92.00857149999973,
                    47.91191240000981
                ]
            }
        },
        {
            "type": "Feature",
            "properties": {
                "Name": "LEINO WALTER B",
                "Address": "3086 KALEVA BAY RD",
                "Phone": "2183655607",
                "Phase": "C",
                "Substation": "CLEAR LAKE",
                "Map_location": "145092807",
                "PARCEL_NUMBER": null
            },
            "geometry": {
                "type": "Point",
                "coordinates": [
                    -92.00791879999973,
                    47.91229790000982
                ]
            }
        },
        {
            "type": "Feature",
            "properties": {
                "Name": "LOBE MICHELLE M",
                "Address": "3083 KALEVA BAY RD",
                "Phone": "2604376485",
                "Phase": "C",
                "Substation": "CLEAR LAKE",
                "Map_location": "145092819",
                "PARCEL_NUMBER": null
            },
            "geometry": {
                "type": "Point",
                "coordinates": [
                    -92.00877109999973,
                    47.913605400009814
                ]
            }
        },
        {
            "type": "Feature",
            "properties": {
                "Name": "BENJAMIN PARTNERS HIP",
                "Address": "3077 KALEVA BAY RD",
                "Phone": "5074519773",
                "Phase": "C",
                "Substation": "CLEAR LAKE",
                "Map_location": "145092806",
                "PARCEL_NUMBER": null
            },
            "geometry": {
                "type": "Point",
                "coordinates": [
                    -92.00872189999973,
                    47.91368260000982
                ]
            }
        },
        {
            "type": "Feature",
            "properties": {
                "Name": "TANGEN KAREN H",
                "Address": "3073 KALEVA BAY RD",
                "Phone": "6128594009",
                "Phase": "C",
                "Substation": "CLEAR LAKE",
                "Map_location": "145092812",
                "PARCEL_NUMBER": null
            },
            "geometry": {
                "type": "Point",
                "coordinates": [
                    -92.00818029999975,
                    47.91390630000983
                ]
            }
        },
        {
            "type": "Feature",
            "properties": {
                "Name": "GRAHEK MARTY",
                "Address": "3067 KALEVA BAY RD",
                "Phone": "2182088160",
                "Phase": "C",
                "Substation": "CLEAR LAKE",
                "Map_location": "145092811",
                "PARCEL_NUMBER": null
            },
            "geometry": {
                "type": "Point",
                "coordinates": [
                    -92.00729809999973,
                    47.91418440000982
                ]
            }
        },
        {
            "type": "Feature",
            "properties": {
                "Name": "LEINO RONALD JOHN",
                "Address": "3019 VAN VAC RD",
                "Phone": "9492803195",
                "Phase": "C",
                "Substation": "CLEAR LAKE",
                "Map_location": "145092802",
                "PARCEL_NUMBER": null
            },
            "geometry": {
                "type": "Point",
                "coordinates": [
                    -92.00625759999973,
                    47.914624500009815
                ]
            }
        },
        {
            "type": "Feature",
            "properties": {
                "Name": "HORNS JULIE",
                "Address": "3017 VAN VAC RD",
                "Phone": "6128030512",
                "Phase": "C",
                "Substation": "CLEAR LAKE",
                "Map_location": "145092801",
                "PARCEL_NUMBER": null
            },
            "geometry": {
                "type": "Point",
                "coordinates": [
                    -92.00606699999973,
                    47.914937900009825
                ]
            }
        },
        {
            "type": "Feature",
            "properties": {
                "Name": "BENJAMIN PARTNERS HIP",
                "Address": "3011 VAN VAC RD",
                "Phone": "5074519773",
                "Phase": "C",
                "Substation": "CLEAR LAKE",
                "Map_location": "145092814",
                "PARCEL_NUMBER": null
            },
            "geometry": {
                "type": "Point",
                "coordinates": [
                    -92.00585759999971,
                    47.91566690000984
                ]
            }
        },
        {
            "type": "Feature",
            "properties": {
                "Name": "MATTSON JAMES L",
                "Address": "3518 WOLF LAKE RD",
                "Phone": "6127236437",
                "Phase": "B",
                "Substation": "CLEAR LAKE",
                "Map_location": "144003607",
                "PARCEL_NUMBER": null
            },
            "geometry": {
                "type": "Point",
                "coordinates": [
                    -92.05150289992125,
                    47.89239357393378
                ]
            }
        },
        {
            "type": "Feature",
            "properties": {
                "Name": "KAUPPI MARCIA",
                "Address": "3674 WOLF LAKE RD",
                "Phone": "2182905440",
                "Phase": "B",
                "Substation": "CLEAR LAKE",
                "Map_location": "144003605",
                "PARCEL_NUMBER": null
            },
            "geometry": {
                "type": "Point",
                "coordinates": [
                    -92.06889836924827,
                    47.89366412474021
                ]
            }
        },
        {
            "type": "Feature",
            "properties": {
                "Name": "MAYRANEN ERIC LLOYD",
                "Address": "3547 WOLF LAKE RD",
                "Phone": "2183655848",
                "Phase": "B",
                "Substation": "CLEAR LAKE",
                "Map_location": "144003603",
                "PARCEL_NUMBER": "652001005433.0"
            },
            "geometry": {
                "type": "Point",
                "coordinates": [
                    -92.05491749418293,
                    47.89499514546884
                ]
            }
        },
        {
            "type": "Feature",
            "properties": {
                "Name": "KASSAL MARK",
                "Address": "3977 SWANSON SHORES RD",
                "Phone": "6303344685",
                "Phase": "B",
                "Substation": "CLEAR LAKE",
                "Map_location": "159043485",
                "PARCEL_NUMBER": null
            },
            "geometry": {
                "type": "Point",
                "coordinates": [
                    -92.10207889999978,
                    47.80497050000968
                ]
            }
        },
        {
            "type": "Feature",
            "properties": {
                "Name": "OSTERGREN FAMILY CABIN TRUS",
                "Address": "1151 JESSE L. BLVD",
                "Phone": "6123081269",
                "Phase": "B",
                "Substation": "CLEAR LAKE",
                "Map_location": "159043464",
                "PARCEL_NUMBER": null
            },
            "geometry": {
                "type": "Point",
                "coordinates": [
                    -92.10548159999979,
                    47.80544480000968
                ]
            }
        },
        {
            "type": "Feature",
            "properties": {
                "Name": "MILLER KIMBERLY MILES",
                "Address": "3959 SWANSON SHORES",
                "Phone": "6128760212",
                "Phase": "B",
                "Substation": "CLEAR LAKE",
                "Map_location": "159043469",
                "PARCEL_NUMBER": null
            },
            "geometry": {
                "type": "Point",
                "coordinates": [
                    -92.10095039999979,
                    47.805161800009685
                ]
            }
        },
        {
            "type": "Feature",
            "properties": {
                "Name": "MARTIN JASON P",
                "Address": "3955 SWANSON SHORES",
                "Phone": "3195753443",
                "Phase": "B",
                "Substation": "CLEAR LAKE",
                "Map_location": "159043475",
                "PARCEL_NUMBER": null
            },
            "geometry": {
                "type": "Point",
                "coordinates": [
                    -92.09998959999979,
                    47.8048959000097
                ]
            }
        },
        {
            "type": "Feature",
            "properties": {
                "Name": "REITZ BRIAN",
                "Address": "3945 SWANSON SHORE RD",
                "Phone": "6512696420",
                "Phase": "B",
                "Substation": "CLEAR LAKE",
                "Map_location": "159043472",
                "PARCEL_NUMBER": null
            },
            "geometry": {
                "type": "Point",
                "coordinates": [
                    -92.09961829999979,
                    47.80462090000968
                ]
            }
        },
        {
            "type": "Feature",
            "properties": {
                "Name": "HANSON LINDSEY M",
                "Address": "1384 TRYGG RD",
                "Phone": "2185909586",
                "Phase": "A",
                "Substation": "CLEAR LAKE",
                "Map_location": "159052802",
                "PARCEL_NUMBER": null
            },
            "geometry": {
                "type": "Point",
                "coordinates": [
                    -92.1201599999998,
                    47.82153780000969
                ]
            }
        },
        {
            "type": "Feature",
            "properties": {
                "Name": "ERCHUL EDWARD",
                "Address": "1382 TRYGG RD",
                "Phone": "6512265693",
                "Phase": "A",
                "Substation": "CLEAR LAKE",
                "Map_location": "159052818",
                "PARCEL_NUMBER": null
            },
            "geometry": {
                "type": "Point",
                "coordinates": [
                    -92.1199274999998,
                    47.8213468000097
                ]
            }
        },
        {
            "type": "Feature",
            "properties": {
                "Name": "GRUWELL GERILEE",
                "Address": "1376 TRYGG RD",
                "Phone": "3202267153",
                "Phase": "A",
                "Substation": "CLEAR LAKE",
                "Map_location": "159052826",
                "PARCEL_NUMBER": null
            },
            "geometry": {
                "type": "Point",
                "coordinates": [
                    -92.12012610238278,
                    47.820862505805415
                ]
            }
        },
        {
            "type": "Feature",
            "properties": {
                "Name": "SODERBERG KURT N W",
                "Address": "1370 TRYGG RD",
                "Phone": "2183655219",
                "Phase": "A",
                "Substation": "CLEAR LAKE",
                "Map_location": "159052817",
                "PARCEL_NUMBER": null
            },
            "geometry": {
                "type": "Point",
                "coordinates": [
                    -92.11940579999978,
                    47.81956750000971
                ]
            }
        },
        {
            "type": "Feature",
            "properties": {
                "Name": "STALL CHRISTOPHER D",
                "Address": "1368 TRYGG RD",
                "Phone": "6122095302",
                "Phase": "A",
                "Substation": "CLEAR LAKE",
                "Map_location": "159052809",
                "PARCEL_NUMBER": null
            },
            "geometry": {
                "type": "Point",
                "coordinates": [
                    -92.1193807999998,
                    47.819524300009704
                ]
            }
        },
        {
            "type": "Feature",
            "properties": {
                "Name": "JAUSS JAMES",
                "Address": "1196 MINNESOTA BLVD",
                "Phone": "2183439134",
                "Phase": "B",
                "Substation": "CLEAR LAKE",
                "Map_location": "159043402",
                "PARCEL_NUMBER": null
            },
            "geometry": {
                "type": "Point",
                "coordinates": [
                    -92.10259029999979,
                    47.81249690000969
                ]
            }
        },
        {
            "type": "Feature",
            "properties": {
                "Name": "RODORIGO LINDA C",
                "Address": "1145 MINNESOTA BLVD",
                "Phone": "2187801599",
                "Phase": "B",
                "Substation": "CLEAR LAKE",
                "Map_location": "159043406",
                "PARCEL_NUMBER": null
            },
            "geometry": {
                "type": "Point",
                "coordinates": [
                    -92.09797229999978,
                    47.8130479000097
                ]
            }
        },
        {
            "type": "Feature",
            "properties": {
                "Name": "GARCIA LAVONNE CAROLYN",
                "Address": "4089 NORWAY RD",
                "Phone": "6128259421",
                "Phase": "C",
                "Substation": "CLEAR LAKE",
                "Map_location": "159043417",
                "PARCEL_NUMBER": null
            },
            "geometry": {
                "type": "Point",
                "coordinates": [
                    -92.1147163999998,
                    47.8144765000097
                ]
            }
        },
        {
            "type": "Feature",
            "properties": {
                "Name": "LOBE VINCENT M",
                "Address": "4098 NORWAY RD",
                "Phone": "5857395185",
                "Phase": "C",
                "Substation": "CLEAR LAKE",
                "Map_location": "159043329",
                "PARCEL_NUMBER": null
            },
            "geometry": {
                "type": "Point",
                "coordinates": [
                    -92.1157196999998,
                    47.813897000009696
                ]
            }
        },
        {
            "type": "Feature",
            "properties": {
                "Name": "RIPP KENNETH",
                "Address": "1400 WALSH RD",
                "Phone": "2183103394",
                "Phase": "C",
                "Substation": "CLEAR LAKE",
                "Map_location": "159032725",
                "PARCEL_NUMBER": null
            },
            "geometry": {
                "type": "Point",
                "coordinates": [
                    -92.09585499999979,
                    47.82176030000971
                ]
            }
        },
        {
            "type": "Feature",
            "properties": {
                "Name": "WALTER JEFF J",
                "Address": "1458 COOP PT RD",
                "Phone": "6122019142",
                "Phase": "C",
                "Substation": "CLEAR LAKE",
                "Map_location": "159032791",
                "PARCEL_NUMBER": null
            },
            "geometry": {
                "type": "Point",
                "coordinates": [
                    -92.09412389999977,
                    47.82709470000972
                ]
            }
        },
        {
            "type": "Feature",
            "properties": {
                "Name": "REUTER MICHAEL S",
                "Address": "1366 PENINSULA RD",
                "Phone": "5077798449",
                "Phase": "A",
                "Substation": "CLEAR LAKE",
                "Map_location": "159032750",
                "PARCEL_NUMBER": "317023000160.0"
            },
            "geometry": {
                "type": "Point",
                "coordinates": [
                    -92.10700769999978,
                    47.82398510000969
                ]
            }
        },
        {
            "type": "Feature",
            "properties": {
                "Name": "JOHNSON FAMILY IR REVOCABLE",
                "Address": "1468 TRYGG RD",
                "Phone": "6127590588",
                "Phase": "A",
                "Substation": "CLEAR LAKE",
                "Map_location": "159032702",
                "PARCEL_NUMBER": null
            },
            "geometry": {
                "type": "Point",
                "coordinates": [
                    -92.11126339999979,
                    47.83042940000972
                ]
            }
        },
        {
            "type": "Feature",
            "properties": {
                "Name": "VENSKE LEONARD",
                "Address": "1897 DEER HAVEN DRIVE",
                "Phone": "6122053645",
                "Phase": "C",
                "Substation": "CLEAR LAKE",
                "Map_location": "159011424",
                "PARCEL_NUMBER": null
            },
            "geometry": {
                "type": "Point",
                "coordinates": [
                    -92.08226949999977,
                    47.85719250000975
                ]
            }
        },
        {
            "type": "Feature",
            "properties": {
                "Name": "ORAZEM ANTHONY R",
                "Address": "3802 HWY 169",
                "Phone": "3206763117",
                "Phase": "A",
                "Substation": "CLEAR LAKE",
                "Map_location": "159011432",
                "PARCEL_NUMBER": null
            },
            "geometry": {
                "type": "Point",
                "coordinates": [
                    -92.08276629999978,
                    47.85226280000974
                ]
            }
        },
        {
            "type": "Feature",
            "properties": {
                "Name": "KRATZKE SIEGFRIED B",
                "Address": "3583 VICTORIA ST",
                "Phone": "7084239436",
                "Phase": "C",
                "Substation": "CLEAR LAKE",
                "Map_location": "159011356",
                "PARCEL_NUMBER": null
            },
            "geometry": {
                "type": "Point",
                "coordinates": [
                    -92.05801569999976,
                    47.85679010000973
                ]
            }
        },
        {
            "type": "Feature",
            "properties": {
                "Name": "MATTSON ROBERT J",
                "Address": "1860 DEER HAVEN DR",
                "Phone": "2182359956",
                "Phase": "C",
                "Substation": "CLEAR LAKE",
                "Map_location": "159011455",
                "PARCEL_NUMBER": null
            },
            "geometry": {
                "type": "Point",
                "coordinates": [
                    -92.07780989999978,
                    47.85711740000975
                ]
            }
        },
        {
            "type": "Feature",
            "properties": {
                "Name": "LINDBERG RODNEY",
                "Address": "3612 WILDGATE RD",
                "Phone": "2182351518",
                "Phase": "B",
                "Substation": "CLEAR LAKE",
                "Map_location": "159011337",
                "PARCEL_NUMBER": null
            },
            "geometry": {
                "type": "Point",
                "coordinates": [
                    -92.06385449999978,
                    47.85441340000975
                ]
            }
        },
        {
            "type": "Feature",
            "properties": {
                "Name": "GEHRLS KENNETH",
                "Address": "3521 VICTORIA RD",
                "Phone": "9412234358",
                "Phase": "C",
                "Substation": "CLEAR LAKE",
                "Map_location": "159011354",
                "PARCEL_NUMBER": null
            },
            "geometry": {
                "type": "Point",
                "coordinates": [
                    -92.05424749999976,
                    47.856754700009745
                ]
            }
        },
        {
            "type": "Feature",
            "properties": {
                "Name": "RENNER CHARLES A",
                "Address": "1715 BRADACH RD",
                "Phone": "2182350972",
                "Phase": "B",
                "Substation": "CLEAR LAKE",
                "Map_location": "159011338",
                "PARCEL_NUMBER": null
            },
            "geometry": {
                "type": "Point",
                "coordinates": [
                    -92.06538999999977,
                    47.84962990000974
                ]
            }
        },
        {
            "type": "Feature",
            "properties": {
                "Name": "SPICER TANNER J",
                "Address": "1711 BRADACH RD",
                "Phone": "6514030048",
                "Phase": "B",
                "Substation": "CLEAR LAKE",
                "Map_location": "159011330",
                "PARCEL_NUMBER": null
            },
            "geometry": {
                "type": "Point",
                "coordinates": [
                    -92.06603389999977,
                    47.84914610000974
                ]
            }
        },
        {
            "type": "Feature",
            "properties": {
                "Name": "GARRETT DANIEL S",
                "Address": "1703 BRADACH RD",
                "Phone": "2183653437",
                "Phase": "B",
                "Substation": "CLEAR LAKE",
                "Map_location": "159011321",
                "PARCEL_NUMBER": null
            },
            "geometry": {
                "type": "Point",
                "coordinates": [
                    -92.06612359999977,
                    47.848625400009745
                ]
            }
        },
        {
            "type": "Feature",
            "properties": {
                "Name": "LUTHENS DEVON L",
                "Address": "3685 HWY 169",
                "Phone": "2182353595",
                "Phase": "C",
                "Substation": "CLEAR LAKE",
                "Map_location": "159011415",
                "PARCEL_NUMBER": "317010000110.0"
            },
            "geometry": {
                "type": "Point",
                "coordinates": [
                    -92.07285119999977,
                    47.85762320000975
                ]
            }
        },
        {
            "type": "Feature",
            "properties": {
                "Name": "LUTHENS DEVON L",
                "Address": "3685 HWY 169",
                "Phone": "2182353595",
                "Phase": "C",
                "Substation": "CLEAR LAKE",
                "Map_location": "159011415",
                "PARCEL_NUMBER": "317020000010.0"
            },
            "geometry": {
                "type": "Point",
                "coordinates": [
                    -92.07285119999977,
                    47.85762320000975
                ]
            }
        },
        {
            "type": "Feature",
            "properties": {
                "Name": "ALDRICH DAVID LEON",
                "Address": "1842 DEER HAVEN DRIVE",
                "Phone": "2182351391",
                "Phase": "C",
                "Substation": "CLEAR LAKE",
                "Map_location": "159011414",
                "PARCEL_NUMBER": null
            },
            "geometry": {
                "type": "Point",
                "coordinates": [
                    -92.07352869999977,
                    47.857522100009746
                ]
            }
        },
        {
            "type": "Feature",
            "properties": {
                "Name": "GLASS JACQUELINE",
                "Address": "1850 DEER HAVEN DR",
                "Phone": "2183657727",
                "Phase": "C",
                "Substation": "CLEAR LAKE",
                "Map_location": "159011416",
                "PARCEL_NUMBER": null
            },
            "geometry": {
                "type": "Point",
                "coordinates": [
                    -92.07592809999977,
                    47.85740290000975
                ]
            }
        },
        {
            "type": "Feature",
            "properties": {
                "Name": "KLEISER JAMES E",
                "Address": "DAUNKNOWN 00070",
                "Phone": "3105696331",
                "Phase": "C",
                "Substation": "CLEAR LAKE",
                "Map_location": "159011429",
                "PARCEL_NUMBER": null
            },
            "geometry": {
                "type": "Point",
                "coordinates": [
                    -92.07979619999978,
                    47.85863200000975
                ]
            }
        },
        {
            "type": "Feature",
            "properties": {
                "Name": "SKELTON STANFORD",
                "Address": "1896 DEER HAVEN DR",
                "Phone": "2182358446",
                "Phase": "C",
                "Substation": "CLEAR LAKE",
                "Map_location": "159011422",
                "PARCEL_NUMBER": "317020000100.0"
            },
            "geometry": {
                "type": "Point",
                "coordinates": [
                    -92.07952329999978,
                    47.85848960000975
                ]
            }
        },
        {
            "type": "Feature",
            "properties": {
                "Name": "JOHNSTONE BRANDON H",
                "Address": "4823 MUD CREEK RD",
                "Phone": "6127201413",
                "Phase": "C",
                "Substation": "CLEAR LAKE",
                "Map_location": "143003601",
                "PARCEL_NUMBER": null
            },
            "geometry": {
                "type": "Point",
                "coordinates": [
                    -92.1961266818102,
                    47.89324635525427
                ]
            }
        },
        {
            "type": "Feature",
            "properties": {
                "Name": "VOGEL APRIL MARIE",
                "Address": "XXXX BALSAM LANE",
                "Phone": null,
                "Phase": "B",
                "Substation": "CLEAR LAKE",
                "Map_location": "160010611",
                "PARCEL_NUMBER": null
            },
            "geometry": {
                "type": "Point",
                "coordinates": [
                    -92.03090808496177,
                    47.88331959357828
                ]
            }
        },
        {
            "type": "Feature",
            "properties": {
                "Name": "OVERBYE CHARLES CODY",
                "Address": "5377 LAKE VERMILION N",
                "Phone": "2187502385",
                "Phase": "C",
                "Substation": "CLEAR LAKE",
                "Map_location": "143013316",
                "PARCEL_NUMBER": null
            },
            "geometry": {
                "type": "Point",
                "coordinates": [
                    -92.25095719231524,
                    47.89653624990791
                ]
            }
        },
        {
            "type": "Feature",
            "properties": {
                "Name": "Customer not found in Customer Table \n(Check with Billing)",
                "Address": null,
                "Phone": null,
                "Phase": "A",
                "Substation": "CLEAR LAKE",
                "Map_location": "159011352",
                "PARCEL_NUMBER": null
            },
            "geometry": {
                "type": "Point",
                "coordinates": [
                    -92.06877980515327,
                    47.85484166290507
                ]
            }
        },
        {
            "type": "Feature",
            "properties": {
                "Name": "GRIBBLE ANN THERESA",
                "Address": "5131 INDIAN POINT ROAD",
                "Phone": "6514917944",
                "Phase": "C",
                "Substation": "CLEAR LAKE",
                "Map_location": "158000313",
                "PARCEL_NUMBER": null
            },
            "geometry": {
                "type": "Point",
                "coordinates": [
                    -92.23057259999983,
                    47.88305170000979
                ]
            }
        },
        {
            "type": "Feature",
            "properties": {
                "Name": "RALPH A KLOEHN RE VOCABLE T",
                "Address": "4207 SIX MILE LAKE",
                "Phone": "3122866967",
                "Phase": "A",
                "Substation": "CLEAR LAKE",
                "Map_location": "159002101",
                "PARCEL_NUMBER": null
            },
            "geometry": {
                "type": "Point",
                "coordinates": [
                    -92.12812969999979,
                    47.839728600009735
                ]
            }
        },
        {
            "type": "Feature",
            "properties": {
                "Name": "WIELINSKI BETH ANN",
                "Address": "4212 SIX MILE LAKE RD",
                "Phone": "2183491171",
                "Phase": "A",
                "Substation": "CLEAR LAKE",
                "Map_location": "159002102",
                "PARCEL_NUMBER": null
            },
            "geometry": {
                "type": "Point",
                "coordinates": [
                    -92.1280839999998,
                    47.83974600000974
                ]
            }
        },
        {
            "type": "Feature",
            "properties": {
                "Name": "PITKANEN KEITH R",
                "Address": "3856 HWY 169",
                "Phone": "6123601831",
                "Phase": "A",
                "Substation": "CLEAR LAKE",
                "Map_location": "159001402",
                "PARCEL_NUMBER": null
            },
            "geometry": {
                "type": "Point",
                "coordinates": [
                    -92.08787539999979,
                    47.850402300009755
                ]
            }
        },
        {
            "type": "Feature",
            "properties": {
                "Name": "YUND CYNTHIA S",
                "Address": "3828 HWY 169",
                "Phone": "6129639177",
                "Phase": "A",
                "Substation": "CLEAR LAKE",
                "Map_location": "159001401",
                "PARCEL_NUMBER": "317001002357.0"
            },
            "geometry": {
                "type": "Point",
                "coordinates": [
                    -92.08639229999977,
                    47.85160420000974
                ]
            }
        },
        {
            "type": "Feature",
            "properties": {
                "Name": "DRANGE ANDREW S",
                "Address": "3639 MOOSE CREEK TRL",
                "Phone": "2182351962",
                "Phase": "C",
                "Substation": "CLEAR LAKE",
                "Map_location": "159001201",
                "PARCEL_NUMBER": null
            },
            "geometry": {
                "type": "Point",
                "coordinates": [
                    -92.06373449999977,
                    47.86206130000975
                ]
            }
        },
        {
            "type": "Feature",
            "properties": {
                "Name": "SCHUESSLER DAVID M",
                "Address": "3548 VICTORIA ST",
                "Phone": "7632136599",
                "Phase": "C",
                "Substation": "CLEAR LAKE",
                "Map_location": "159011359",
                "PARCEL_NUMBER": null
            },
            "geometry": {
                "type": "Point",
                "coordinates": [
                    -92.05590899999976,
                    47.855906800009755
                ]
            }
        },
        {
            "type": "Feature",
            "properties": {
                "Name": "BENTZ RAE R",
                "Address": "1862 BOBENCE RD",
                "Phone": "2183492353",
                "Phase": "C",
                "Substation": "CLEAR LAKE",
                "Map_location": "159011358",
                "PARCEL_NUMBER": null
            },
            "geometry": {
                "type": "Point",
                "coordinates": [
                    -92.05891319999976,
                    47.85863410000975
                ]
            }
        },
        {
            "type": "Feature",
            "properties": {
                "Name": "MADDERN PHILIP D",
                "Address": "3672 HIGHWAY 169",
                "Phone": "2183656648",
                "Phase": "A",
                "Substation": "CLEAR LAKE",
                "Map_location": "159011357",
                "PARCEL_NUMBER": null
            },
            "geometry": {
                "type": "Point",
                "coordinates": [
                    -92.07030149999977,
                    47.85545880000975
                ]
            }
        },
        {
            "type": "Feature",
            "properties": {
                "Name": "GOEDEKE JOHN G",
                "Address": "3594 RODGERS AVE",
                "Phone": "7632023847",
                "Phase": "B",
                "Substation": "CLEAR LAKE",
                "Map_location": "159011367",
                "PARCEL_NUMBER": null
            },
            "geometry": {
                "type": "Point",
                "coordinates": [
                    -92.06151099999975,
                    47.851090600009734
                ]
            }
        },
        {
            "type": "Feature",
            "properties": {
                "Name": "MARTINETTO PAUL",
                "Address": "1725 BRADACH RD",
                "Phone": "2182292025",
                "Phase": "B",
                "Substation": "CLEAR LAKE",
                "Map_location": "159011366",
                "PARCEL_NUMBER": null
            },
            "geometry": {
                "type": "Point",
                "coordinates": [
                    -92.06475599999978,
                    47.84999250000976
                ]
            }
        },
        {
            "type": "Feature",
            "properties": {
                "Name": "BARNISH JEANMARIE",
                "Address": "1675 BRADACH RD",
                "Phone": "8174312870",
                "Phase": "B",
                "Substation": "CLEAR LAKE",
                "Map_location": "159011360",
                "PARCEL_NUMBER": "280001500252.0"
            },
            "geometry": {
                "type": "Point",
                "coordinates": [
                    -92.07154689999977,
                    47.84539880000973
                ]
            }
        },
        {
            "type": "Feature",
            "properties": {
                "Name": "MONTE JOHN J",
                "Address": "1368 PENINSULA RD",
                "Phone": "2182350400",
                "Phase": "A",
                "Substation": "CLEAR LAKE",
                "Map_location": "159032749",
                "PARCEL_NUMBER": null
            },
            "geometry": {
                "type": "Point",
                "coordinates": [
                    -92.10638419999978,
                    47.824768500009704
                ]
            }
        },
        {
            "type": "Feature",
            "properties": {
                "Name": "WHEELRIGHT BRUCE W",
                "Address": "2503 HWY 169",
                "Phone": "2182351667",
                "Phase": "C",
                "Substation": "CLEAR LAKE",
                "Map_location": "160000102",
                "PARCEL_NUMBER": null
            },
            "geometry": {
                "type": "Point",
                "coordinates": [
                    -91.94371909770042,
                    47.888577670064606
                ]
            }
        },
        {
            "type": "Feature",
            "properties": {
                "Name": "RAVNIKAR ANTHONY J",
                "Address": "3119 HWY 169",
                "Phone": "9522372712",
                "Phase": "B",
                "Substation": "CLEAR LAKE",
                "Map_location": "160010522",
                "PARCEL_NUMBER": null
            },
            "geometry": {
                "type": "Point",
                "coordinates": [
                    -92.01258989999972,
                    47.88128540000977
                ]
            }
        },
        {
            "type": "Feature",
            "properties": {
                "Name": "MUELKEN BILL M",
                "Address": "5266 MUD CREEK RD",
                "Phone": "2187807054",
                "Phase": "C",
                "Substation": "CLEAR LAKE",
                "Map_location": "143013462",
                "PARCEL_NUMBER": null
            },
            "geometry": {
                "type": "Point",
                "coordinates": [
                    -92.24059309999986,
                    47.89377090000979
                ]
            }
        },
        {
            "type": "Feature",
            "properties": {
                "Name": "DOMICH CELIA",
                "Address": "3093 VAN VAC RD",
                "Phone": "2182358851",
                "Phase": "C",
                "Substation": "CLEAR LAKE",
                "Map_location": "145052917",
                "PARCEL_NUMBER": null
            },
            "geometry": {
                "type": "Point",
                "coordinates": [
                    -92.01263589999974,
                    47.9059103000098
                ]
            }
        },
        {
            "type": "Feature",
            "properties": {
                "Name": "BRASSER BRAD C",
                "Address": "2706 GLENDALOCH RD",
                "Phone": "7736151414",
                "Phase": "C",
                "Substation": "CLEAR LAKE",
                "Map_location": "145092110",
                "PARCEL_NUMBER": null
            },
            "geometry": {
                "type": "Point",
                "coordinates": [
                    -92.00053909999971,
                    47.920317100009825
                ]
            }
        },
        {
            "type": "Feature",
            "properties": {
                "Name": "ARTISENSI JAYME ROBERT",
                "Address": "BORNEMANN'S ISLAND",
                "Phone": "2183494840",
                "Phase": "B",
                "Substation": "CLEAR LAKE",
                "Map_location": "145053004",
                "PARCEL_NUMBER": null
            },
            "geometry": {
                "type": "Point",
                "coordinates": [
                    -92.04875437111814,
                    47.90536580959611
                ]
            }
        },
        {
            "type": "Feature",
            "properties": {
                "Name": "SIEM MARK A",
                "Address": "BORNEMANN IS BURNTSIDE",
                "Phone": "8582295577",
                "Phase": "B",
                "Substation": "CLEAR LAKE",
                "Map_location": "145053005",
                "PARCEL_NUMBER": null
            },
            "geometry": {
                "type": "Point",
                "coordinates": [
                    -92.05003257510216,
                    47.90414901238817
                ]
            }
        },
        {
            "type": "Feature",
            "properties": {
                "Name": "DAWSON PATRICIA A",
                "Address": "BEACH IS BURNTSIDE LK",
                "Phone": "2183658405",
                "Phase": "B",
                "Substation": "CLEAR LAKE",
                "Map_location": "145053119",
                "PARCEL_NUMBER": null
            },
            "geometry": {
                "type": "Point",
                "coordinates": [
                    -92.0473413019492,
                    47.89976960963737
                ]
            }
        },
        {
            "type": "Feature",
            "properties": {
                "Name": "ZAMLEN DALE",
                "Address": "5155 INDIAN PT LK VERMILION",
                "Phone": "2187445954",
                "Phase": "C",
                "Substation": "CLEAR LAKE",
                "Map_location": "158000314",
                "PARCEL_NUMBER": null
            },
            "geometry": {
                "type": "Point",
                "coordinates": [
                    -92.2301237750959,
                    47.88056432751853
                ]
            }
        },
        {
            "type": "Feature",
            "properties": {
                "Name": "SIXMILE LLC",
                "Address": "4163 SIX MILE LAKE RD LITTLE C",
                "Phone": "6122829232",
                "Phase": "A",
                "Substation": "CLEAR LAKE",
                "Map_location": "159002103",
                "PARCEL_NUMBER": null
            },
            "geometry": {
                "type": "Point",
                "coordinates": [
                    -92.12401679999981,
                    47.84060720000973
                ]
            }
        },
        {
            "type": "Feature",
            "properties": {
                "Name": "BAJAN RYAN D",
                "Address": "3547 VICTORIA RD",
                "Phone": "8649793403",
                "Phase": "C",
                "Substation": "CLEAR LAKE",
                "Map_location": "159011368",
                "PARCEL_NUMBER": "317016900040.0"
            },
            "geometry": {
                "type": "Point",
                "coordinates": [
                    -92.05528409999975,
                    47.856841100009746
                ]
            }
        },
        {
            "type": "Feature",
            "properties": {
                "Name": "ASH GREGORY S",
                "Address": "3951 SWANSON SHORES RD",
                "Phone": "2183430781",
                "Phase": "B",
                "Substation": "CLEAR LAKE",
                "Map_location": "159043494",
                "PARCEL_NUMBER": null
            },
            "geometry": {
                "type": "Point",
                "coordinates": [
                    -92.09983749999978,
                    47.804838900009685
                ]
            }
        },
        {
            "type": "Feature",
            "properties": {
                "Name": "STILLMAN JOANN W",
                "Address": "3872 BALD EAGLE DR",
                "Phone": "2183911794",
                "Phase": "A",
                "Substation": "CLEAR LAKE",
                "Map_location": "159062605",
                "PARCEL_NUMBER": null
            },
            "geometry": {
                "type": "Point",
                "coordinates": [
                    -92.08985629999978,
                    47.825325800009715
                ]
            }
        },
        {
            "type": "Feature",
            "properties": {
                "Name": "CRAMER KELLY S",
                "Address": "3020 WOLF LAKE RD",
                "Phone": "6513291984",
                "Phase": "B",
                "Substation": "CLEAR LAKE",
                "Map_location": "160010409",
                "PARCEL_NUMBER": null
            },
            "geometry": {
                "type": "Point",
                "coordinates": [
                    -92.00861939999973,
                    47.882649100009786
                ]
            }
        },
        {
            "type": "Feature",
            "properties": {
                "Name": "SCHULZE JEFF",
                "Address": "2451 HWY 169",
                "Phone": "2183654220",
                "Phase": "C",
                "Substation": "CLEAR LAKE",
                "Map_location": "145003613",
                "PARCEL_NUMBER": null
            },
            "geometry": {
                "type": "Point",
                "coordinates": [
                    -91.93857738660975,
                    47.89050816210445
                ]
            }
        },
        {
            "type": "Feature",
            "properties": {
                "Name": "HUBBARD KEVIN P",
                "Address": "1886 BOBENCE RD",
                "Phone": "2182351342",
                "Phase": "C",
                "Substation": "CLEAR LAKE",
                "Map_location": "159011371",
                "PARCEL_NUMBER": null
            },
            "geometry": {
                "type": "Point",
                "coordinates": [
                    -92.05857249999976,
                    47.85932830000975
                ]
            }
        },
        {
            "type": "Feature",
            "properties": {
                "Name": "LEVAR STEVEN J",
                "Address": "2440 CLARK LAKE RD",
                "Phone": "2183418595",
                "Phase": "B",
                "Substation": "CLEAR LAKE",
                "Map_location": "144003608",
                "PARCEL_NUMBER": null
            },
            "geometry": {
                "type": "Point",
                "coordinates": [
                    -92.05435419855947,
                    47.897170714727025
                ]
            }
        },
        {
            "type": "Feature",
            "properties": {
                "Name": "LEVAR THOMAS E",
                "Address": "2444 CLARK LAKE RD",
                "Phone": "2183497668",
                "Phase": "B",
                "Substation": "CLEAR LAKE",
                "Map_location": "144003609",
                "PARCEL_NUMBER": null
            },
            "geometry": {
                "type": "Point",
                "coordinates": [
                    -92.05390339872528,
                    47.8973702143998
                ]
            }
        },
        {
            "type": "Feature",
            "properties": {
                "Name": "Customer not found in Customer Table \n(Check with Billing)",
                "Address": null,
                "Phone": null,
                "Phase": "C",
                "Substation": "CLEAR LAKE",
                "Map_location": "145092825",
                "PARCEL_NUMBER": null
            },
            "geometry": {
                "type": "Point",
                "coordinates": [
                    -92.00926150957737,
                    47.90973994566736
                ]
            }
        },
        {
            "type": "Feature",
            "properties": {
                "Name": "LINDBERG DAN",
                "Address": "2347 BIRCHWOOD LN",
                "Phone": "7637847776",
                "Phase": "B",
                "Substation": "CLEAR LAKE",
                "Map_location": "145053120",
                "PARCEL_NUMBER": null
            },
            "geometry": {
                "type": "Point",
                "coordinates": [
                    -92.05031368620693,
                    47.89304461651236
                ]
            }
        },
        {
            "type": "Feature",
            "properties": {
                "Name": "KIENITZ PAUL MICHAEL",
                "Address": "3650 MOOSE CREEK TRL",
                "Phone": "2183650078",
                "Phase": "C",
                "Substation": "CLEAR LAKE",
                "Map_location": "159001205",
                "PARCEL_NUMBER": "317011200060.0"
            },
            "geometry": {
                "type": "Point",
                "coordinates": [
                    -92.06705473393687,
                    47.861950500554116
                ]
            }
        },
        {
            "type": "Feature",
            "properties": {
                "Name": "Customer not found in Customer Table \n(Check with Billing)",
                "Address": null,
                "Phone": null,
                "Phase": "C",
                "Substation": "CLEAR LAKE",
                "Map_location": "160000103",
                "PARCEL_NUMBER": null
            },
            "geometry": {
                "type": "Point",
                "coordinates": [
                    -91.94436280817175,
                    47.88840140504545
                ]
            }
        },
        {
            "type": "Feature",
            "properties": {
                "Name": "FEDERLY GREG",
                "Address": "3658 MOOSE CREEK TRAIL",
                "Phone": "2183652891",
                "Phase": "C",
                "Substation": "CLEAR LAKE",
                "Map_location": "159001204",
                "PARCEL_NUMBER": null
            },
            "geometry": {
                "type": "Point",
                "coordinates": [
                    -92.06682439999977,
                    47.86249310000975
                ]
            }
        },
        {
            "type": "Feature",
            "properties": {
                "Name": "HARRINGTON DAVID",
                "Address": "1406 TRYGG ROAD",
                "Phone": "6512100912",
                "Phase": "A",
                "Substation": "CLEAR LAKE",
                "Map_location": "159052828",
                "PARCEL_NUMBER": null
            },
            "geometry": {
                "type": "Point",
                "coordinates": [
                    -92.1194997999998,
                    47.8232685000097
                ]
            }
        },
        {
            "type": "Feature",
            "properties": {
                "Name": "KERANEN JOE",
                "Address": "5241 MUD CREEK RD",
                "Phone": "2182351707",
                "Phase": "C",
                "Substation": "CLEAR LAKE",
                "Map_location": "143013464",
                "PARCEL_NUMBER": null
            },
            "geometry": {
                "type": "Point",
                "coordinates": [
                    -92.23406889999983,
                    47.8994275000098
                ]
            }
        },
        {
            "type": "Feature",
            "properties": {
                "Name": "HIEB MICHAEL J",
                "Address": "2945 VAN VAC RD",
                "Phone": "2187247094",
                "Phase": "C",
                "Substation": "CLEAR LAKE",
                "Map_location": "145092822",
                "PARCEL_NUMBER": null
            },
            "geometry": {
                "type": "Point",
                "coordinates": [
                    -91.99331979999971,
                    47.91865460000982
                ]
            }
        },
        {
            "type": "Feature",
            "properties": {
                "Name": "SCHMIDT STEPHEN ANDREW",
                "Address": "3810 MUD CREEK RD",
                "Phone": "4145268839",
                "Phase": "C",
                "Substation": "CLEAR LAKE",
                "Map_location": "159001404",
                "PARCEL_NUMBER": null
            },
            "geometry": {
                "type": "Point",
                "coordinates": [
                    -92.09351629999978,
                    47.85243920000974
                ]
            }
        },
        {
            "type": "Feature",
            "properties": {
                "Name": "MARSHALL WAYNE K",
                "Address": "3145 HWY 169",
                "Phone": "2183433050",
                "Phase": "B",
                "Substation": "CLEAR LAKE",
                "Map_location": "160010523",
                "PARCEL_NUMBER": null
            },
            "geometry": {
                "type": "Point",
                "coordinates": [
                    -92.01456301999973,
                    47.87979533000977
                ]
            }
        },
        {
            "type": "Feature",
            "properties": {
                "Name": "OSTLUND SUSAN G",
                "Address": "1881 BOBENCE RD",
                "Phone": "9522120809",
                "Phase": "C",
                "Substation": "CLEAR LAKE",
                "Map_location": "159011313",
                "PARCEL_NUMBER": null
            },
            "geometry": {
                "type": "Point",
                "coordinates": [
                    -92.06180369999976,
                    47.85876430000975
                ]
            }
        },
        {
            "type": "Feature",
            "properties": {
                "Name": "EISENZIMMER DARREN J",
                "Address": "1699 BRADACH RD",
                "Phone": "7634398037",
                "Phase": "B",
                "Substation": "CLEAR LAKE",
                "Map_location": "159011351",
                "PARCEL_NUMBER": "142002600220.0"
            },
            "geometry": {
                "type": "Point",
                "coordinates": [
                    -92.06677169999978,
                    47.84791420000973
                ]
            }
        },
        {
            "type": "Feature",
            "properties": {
                "Name": "EISENZIMMER DARREN J",
                "Address": "1699 BRADACH RD",
                "Phone": "7634398037",
                "Phase": "B",
                "Substation": "CLEAR LAKE",
                "Map_location": "159011351",
                "PARCEL_NUMBER": "142002600230.0"
            },
            "geometry": {
                "type": "Point",
                "coordinates": [
                    -92.06677169999978,
                    47.84791420000973
                ]
            }
        },
        {
            "type": "Feature",
            "properties": {
                "Name": "GOODWIN KIM",
                "Address": "5332 MUD CREEK RD",
                "Phone": "9524700740",
                "Phase": "C",
                "Substation": "CLEAR LAKE",
                "Map_location": "143013312",
                "PARCEL_NUMBER": null
            },
            "geometry": {
                "type": "Point",
                "coordinates": [
                    -92.24739269999985,
                    47.89576770000979
                ]
            }
        },
        {
            "type": "Feature",
            "properties": {
                "Name": "COLLINS CASEY R",
                "Address": "3538 WOLF LAKE RD",
                "Phone": "9176967335",
                "Phase": "B",
                "Substation": "CLEAR LAKE",
                "Map_location": "144003601",
                "PARCEL_NUMBER": null
            },
            "geometry": {
                "type": "Point",
                "coordinates": [
                    -92.05409688792459,
                    47.89319525187497
                ]
            }
        },
        {
            "type": "Feature",
            "properties": {
                "Name": "SERAPHINE GREGORY",
                "Address": "3300 WOLF LAKE ROAD",
                "Phone": "6123792487",
                "Phase": "B",
                "Substation": "CLEAR LAKE",
                "Map_location": "160010508",
                "PARCEL_NUMBER": null
            },
            "geometry": {
                "type": "Point",
                "coordinates": [
                    -92.02922479999974,
                    47.88827930000978
                ]
            }
        },
        {
            "type": "Feature",
            "properties": {
                "Name": "NORTH JANNA M",
                "Address": "1233 MINNESOTA BLVD",
                "Phone": "2182351527",
                "Phase": "B",
                "Substation": "CLEAR LAKE",
                "Map_location": "159043457",
                "PARCEL_NUMBER": null
            },
            "geometry": {
                "type": "Point",
                "coordinates": [
                    -92.10675608557308,
                    47.811794643648184
                ]
            }
        },
        {
            "type": "Feature",
            "properties": {
                "Name": "GROTEBOER STEVEN",
                "Address": "1858 BOBENCE RD",
                "Phone": null,
                "Phase": "C",
                "Substation": "CLEAR LAKE",
                "Map_location": "159011373",
                "PARCEL_NUMBER": "465022000150.0"
            },
            "geometry": {
                "type": "Point",
                "coordinates": [
                    -92.05863339999976,
                    47.85791340000976
                ]
            }
        },
        {
            "type": "Feature",
            "properties": {
                "Name": "GROTEBOER STEVEN",
                "Address": "1858 BOBENCE RD",
                "Phone": null,
                "Phase": "C",
                "Substation": "CLEAR LAKE",
                "Map_location": "159011373",
                "PARCEL_NUMBER": "317016900020.0"
            },
            "geometry": {
                "type": "Point",
                "coordinates": [
                    -92.05863339999976,
                    47.85791340000976
                ]
            }
        },
        {
            "type": "Feature",
            "properties": {
                "Name": "QUICK CAROLYN M",
                "Address": "3615 ABBY LANE",
                "Phone": "2183655052",
                "Phase": "B",
                "Substation": "CLEAR LAKE",
                "Map_location": "159011364",
                "PARCEL_NUMBER": null
            },
            "geometry": {
                "type": "Point",
                "coordinates": [
                    -92.06311009999976,
                    47.84817370000973
                ]
            }
        },
        {
            "type": "Feature",
            "properties": {
                "Name": "Customer not found in Customer Table \n(Check with Billing)",
                "Address": null,
                "Phone": null,
                "Phase": "B",
                "Substation": "CLEAR LAKE",
                "Map_location": "159011372",
                "PARCEL_NUMBER": null
            },
            "geometry": {
                "type": "Point",
                "coordinates": [
                    -92.06267520984099,
                    47.84599881060705
                ]
            }
        },
        {
            "type": "Feature",
            "properties": {
                "Name": "JEWETT PATRICK",
                "Address": "3061 VAN VAC RD",
                "Phone": "7634385471",
                "Phase": "C",
                "Substation": "CLEAR LAKE",
                "Map_location": "145052901",
                "PARCEL_NUMBER": null
            },
            "geometry": {
                "type": "Point",
                "coordinates": [
                    -92.00960489999974,
                    47.911063700009805
                ]
            }
        },
        {
            "type": "Feature",
            "properties": {
                "Name": "FUNK DEBRA LYNN",
                "Address": "SHINGWUK BEACH",
                "Phone": "6519004163",
                "Phase": "C",
                "Substation": "CLEAR LAKE",
                "Map_location": "145052914",
                "PARCEL_NUMBER": null
            },
            "geometry": {
                "type": "Point",
                "coordinates": [
                    -92.00979009999975,
                    47.91058070000981
                ]
            }
        },
        {
            "type": "Feature",
            "properties": {
                "Name": "NAPPA GARY LEE",
                "Address": "3067 VAN VAC RD",
                "Phone": "2187803933",
                "Phase": "C",
                "Substation": "CLEAR LAKE",
                "Map_location": "145052908",
                "PARCEL_NUMBER": null
            },
            "geometry": {
                "type": "Point",
                "coordinates": [
                    -92.00988339999975,
                    47.91028000000982
                ]
            }
        },
        {
            "type": "Feature",
            "properties": {
                "Name": "GRAHEK MARTY",
                "Address": "3067 KALEVA RD",
                "Phone": "2182088160",
                "Phase": "C",
                "Substation": "CLEAR LAKE",
                "Map_location": "145092813",
                "PARCEL_NUMBER": null
            },
            "geometry": {
                "type": "Point",
                "coordinates": [
                    -92.00807709999972,
                    47.91444940000982
                ]
            }
        },
        {
            "type": "Feature",
            "properties": {
                "Name": "HILPERT SCOTT A",
                "Address": "2699 BURNTSIDE LAKE",
                "Phone": "8474711735",
                "Phase": "C",
                "Substation": "CLEAR LAKE",
                "Map_location": "145092820",
                "PARCEL_NUMBER": null
            },
            "geometry": {
                "type": "Point",
                "coordinates": [
                    -92.00950849999973,
                    47.915476700009805
                ]
            }
        },
        {
            "type": "Feature",
            "properties": {
                "Name": "KNAPP JOYCE",
                "Address": "1535 BEARHEAD ST PK",
                "Phone": "9704209983",
                "Phase": "C",
                "Substation": "CLEAR LAKE",
                "Map_location": "159032294",
                "PARCEL_NUMBER": null
            },
            "geometry": {
                "type": "Point",
                "coordinates": [
                    -92.09630139999979,
                    47.832922600009724
                ]
            }
        },
        {
            "type": "Feature",
            "properties": {
                "Name": "CURTISS MONICA",
                "Address": "1683 BRADACH RD",
                "Phone": "2188272307",
                "Phase": "B",
                "Substation": "CLEAR LAKE",
                "Map_location": "159011377",
                "PARCEL_NUMBER": null
            },
            "geometry": {
                "type": "Point",
                "coordinates": [
                    -92.06994229999977,
                    47.84623400000974
                ]
            }
        },
        {
            "type": "Feature",
            "properties": {
                "Name": "SUNDQUIST CAROLYN H",
                "Address": "3111 VAN VAC RD",
                "Phone": "2187244143",
                "Phase": "C",
                "Substation": "CLEAR LAKE",
                "Map_location": "145052907",
                "PARCEL_NUMBER": null
            },
            "geometry": {
                "type": "Point",
                "coordinates": [
                    -92.01504909999973,
                    47.905432500009816
                ]
            }
        },
        {
            "type": "Feature",
            "properties": {
                "Name": "SUNDQUIST CAROLYN H",
                "Address": "3111 VAN VAC RD GARAGE",
                "Phone": "2187244143",
                "Phase": "C",
                "Substation": "CLEAR LAKE",
                "Map_location": "145052926",
                "PARCEL_NUMBER": null
            },
            "geometry": {
                "type": "Point",
                "coordinates": [
                    -92.0141571076412,
                    47.90541648908505
                ]
            }
        },
        {
            "type": "Feature",
            "properties": {
                "Name": "SPRAY WILLIAM",
                "Address": "3588 RODGERS AVE",
                "Phone": null,
                "Phase": "B",
                "Substation": "CLEAR LAKE",
                "Map_location": "159011374",
                "PARCEL_NUMBER": null
            },
            "geometry": {
                "type": "Point",
                "coordinates": [
                    -92.05988329999975,
                    47.85122070000974
                ]
            }
        },
        {
            "type": "Feature",
            "properties": {
                "Name": "GUSTAFSON DUANE A",
                "Address": "1374 TRYGG RD",
                "Phone": "6126185695",
                "Phase": "A",
                "Substation": "CLEAR LAKE",
                "Map_location": "159052821",
                "PARCEL_NUMBER": null
            },
            "geometry": {
                "type": "Point",
                "coordinates": [
                    -92.11912569999978,
                    47.8203508000097
                ]
            }
        },
        {
            "type": "Feature",
            "properties": {
                "Name": "STOLTENBERG JILL",
                "Address": "1372 TRYGG RD",
                "Phone": "6514848789",
                "Phase": "A",
                "Substation": "CLEAR LAKE",
                "Map_location": "159052831",
                "PARCEL_NUMBER": null
            },
            "geometry": {
                "type": "Point",
                "coordinates": [
                    -92.1202455999998,
                    47.8201860000097
                ]
            }
        },
        {
            "type": "Feature",
            "properties": {
                "Name": "ANTILLA JAMES L",
                "Address": "4411 MUD CREEK RD",
                "Phone": "2189292622",
                "Phase": "C",
                "Substation": "CLEAR LAKE",
                "Map_location": "159000501",
                "PARCEL_NUMBER": null
            },
            "geometry": {
                "type": "Point",
                "coordinates": [
                    -92.14490939999982,
                    47.88013570000978
                ]
            }
        },
        {
            "type": "Feature",
            "properties": {
                "Name": "HOFF GERALD",
                "Address": "1444 BEAR HEAD STATE PARK RD",
                "Phone": "6302509540",
                "Phase": "A",
                "Substation": "CLEAR LAKE",
                "Map_location": "159062630",
                "PARCEL_NUMBER": null
            },
            "geometry": {
                "type": "Point",
                "coordinates": [
                    -92.08146679999977,
                    47.82627640000972
                ]
            }
        },
        {
            "type": "Feature",
            "properties": {
                "Name": "Customer not found in Customer Table \n(Check with Billing)",
                "Address": null,
                "Phone": null,
                "Phase": "B",
                "Substation": "CLEAR LAKE",
                "Map_location": "159011375",
                "PARCEL_NUMBER": null
            },
            "geometry": {
                "type": "Point",
                "coordinates": [
                    -92.06253474847058,
                    47.85125115594953
                ]
            }
        },
        {
            "type": "Feature",
            "properties": {
                "Name": "Customer not found in Customer Table \n(Check with Billing)",
                "Address": null,
                "Phone": null,
                "Phase": "B",
                "Substation": "CLEAR LAKE",
                "Map_location": "159011376",
                "PARCEL_NUMBER": null
            },
            "geometry": {
                "type": "Point",
                "coordinates": [
                    -92.06322710886195,
                    47.851169108665104
                ]
            }
        },
        {
            "type": "Feature",
            "properties": {
                "Name": "DAVIS GAYLON ANTHONY",
                "Address": "1685 BRADACH RD",
                "Phone": "2183654173",
                "Phase": "B",
                "Substation": "CLEAR LAKE",
                "Map_location": "159011378",
                "PARCEL_NUMBER": null
            },
            "geometry": {
                "type": "Point",
                "coordinates": [
                    -92.06865589999977,
                    47.84677390000974
                ]
            }
        },
        {
            "type": "Feature",
            "properties": {
                "Name": "SETTERBERG NATALIA V",
                "Address": "1164 JESSE L BLVD",
                "Phone": "6129009142",
                "Phase": "B",
                "Substation": "CLEAR LAKE",
                "Map_location": "159043484",
                "PARCEL_NUMBER": null
            },
            "geometry": {
                "type": "Point",
                "coordinates": [
                    -92.10629399999979,
                    47.805763800009686
                ]
            }
        },
        {
            "type": "Feature",
            "properties": {
                "Name": "BOLLN REN J",
                "Address": "1823 CAMP LAKE ROAD",
                "Phone": "9096705883",
                "Phase": "B",
                "Substation": "CLEAR LAKE",
                "Map_location": "160011805",
                "PARCEL_NUMBER": null
            },
            "geometry": {
                "type": "Point",
                "coordinates": [
                    -92.05039529999976,
                    47.85373410000973
                ]
            }
        },
        {
            "type": "Feature",
            "properties": {
                "Name": "THE LITTLE RED HE N CABINS",
                "Address": "4115 SWANSON SHORES RD",
                "Phone": "2182441727",
                "Phase": "A",
                "Substation": "CLEAR LAKE",
                "Map_location": "159053323",
                "PARCEL_NUMBER": null
            },
            "geometry": {
                "type": "Point",
                "coordinates": [
                    -92.1165795999998,
                    47.801600600009685
                ]
            }
        },
        {
            "type": "Feature",
            "properties": {
                "Name": "LARSON KATHLEEN S",
                "Address": "4170 SWANSON SHORES RD",
                "Phone": "7635931190",
                "Phase": "C",
                "Substation": "CLEAR LAKE",
                "Map_location": "159053330",
                "PARCEL_NUMBER": null
            },
            "geometry": {
                "type": "Point",
                "coordinates": [
                    -92.1199633999998,
                    47.8063323000097
                ]
            }
        },
        {
            "type": "Feature",
            "properties": {
                "Name": "RODORIGO MARK W",
                "Address": "1146 MINNESOTA BLVD",
                "Phone": "2187493366",
                "Phase": "B",
                "Substation": "CLEAR LAKE",
                "Map_location": "159043405",
                "PARCEL_NUMBER": null
            },
            "geometry": {
                "type": "Point",
                "coordinates": [
                    -92.09815919999978,
                    47.81321540000969
                ]
            }
        },
        {
            "type": "Feature",
            "properties": {
                "Name": "SHANNON LARRY",
                "Address": "1154 MINNESOTA BLVD",
                "Phone": "5079511564",
                "Phase": "B",
                "Substation": "CLEAR LAKE",
                "Map_location": "159043404",
                "PARCEL_NUMBER": "317009000370.0"
            },
            "geometry": {
                "type": "Point",
                "coordinates": [
                    -92.09928069999978,
                    47.812551300009694
                ]
            }
        },
        {
            "type": "Feature",
            "properties": {
                "Name": "LUND WILLIAM FORD",
                "Address": "1169 MINNESOTA BLVD",
                "Phone": "6514367718",
                "Phase": "B",
                "Substation": "CLEAR LAKE",
                "Map_location": "159043407",
                "PARCEL_NUMBER": null
            },
            "geometry": {
                "type": "Point",
                "coordinates": [
                    -92.09971249999978,
                    47.81154510000969
                ]
            }
        },
        {
            "type": "Feature",
            "properties": {
                "Name": "MYNTTI VALERIE A",
                "Address": "1166 MINNESOTA BLVD",
                "Phone": "2183655500",
                "Phase": "B",
                "Substation": "CLEAR LAKE",
                "Map_location": "159043403",
                "PARCEL_NUMBER": null
            },
            "geometry": {
                "type": "Point",
                "coordinates": [
                    -92.10030779999978,
                    47.812095800009686
                ]
            }
        },
        {
            "type": "Feature",
            "properties": {
                "Name": "SPAETH GEORGE C",
                "Address": "1175 MINNESOTA BLVD",
                "Phone": "2183655085",
                "Phase": "B",
                "Substation": "CLEAR LAKE",
                "Map_location": "159043458",
                "PARCEL_NUMBER": "317009000525.0"
            },
            "geometry": {
                "type": "Point",
                "coordinates": [
                    -92.10063019999978,
                    47.81170300000971
                ]
            }
        },
        {
            "type": "Feature",
            "properties": {
                "Name": "TEKAUTZ EDWARD",
                "Address": "1183 MINNESOTA BLVD",
                "Phone": "2183656821",
                "Phase": "B",
                "Substation": "CLEAR LAKE",
                "Map_location": "159043465",
                "PARCEL_NUMBER": null
            },
            "geometry": {
                "type": "Point",
                "coordinates": [
                    -92.10111119999979,
                    47.81099740000969
                ]
            }
        },
        {
            "type": "Feature",
            "properties": {
                "Name": "SZALAPSKI JEFF",
                "Address": "1184 MN BLVD EAGES NEST",
                "Phone": "6125176853",
                "Phase": "B",
                "Substation": "CLEAR LAKE",
                "Map_location": "159043438",
                "PARCEL_NUMBER": null
            },
            "geometry": {
                "type": "Point",
                "coordinates": [
                    -92.10194799999977,
                    47.812303200009694
                ]
            }
        },
        {
            "type": "Feature",
            "properties": {
                "Name": "REICHENSPERGER RO BERT",
                "Address": "1187 MINNESOTA BLVD",
                "Phone": "2187532125",
                "Phase": "B",
                "Substation": "CLEAR LAKE",
                "Map_location": "159043430",
                "PARCEL_NUMBER": null
            },
            "geometry": {
                "type": "Point",
                "coordinates": [
                    -92.10240849999978,
                    47.81074860000968
                ]
            }
        },
        {
            "type": "Feature",
            "properties": {
                "Name": "REICHENSPERGER KAREN",
                "Address": "1199 MINNESOTA BLVD",
                "Phone": "2183657462",
                "Phase": "B",
                "Substation": "CLEAR LAKE",
                "Map_location": "159043440",
                "PARCEL_NUMBER": "317009000630.0"
            },
            "geometry": {
                "type": "Point",
                "coordinates": [
                    -92.10308439999979,
                    47.81139020000969
                ]
            }
        },
        {
            "type": "Feature",
            "properties": {
                "Name": "BERG WILLIAM",
                "Address": "1205 MINNESOTA BLVD",
                "Phone": "2187800529",
                "Phase": "B",
                "Substation": "CLEAR LAKE",
                "Map_location": "159043422",
                "PARCEL_NUMBER": null
            },
            "geometry": {
                "type": "Point",
                "coordinates": [
                    -92.10393699999979,
                    47.8116803000097
                ]
            }
        },
        {
            "type": "Feature",
            "properties": {
                "Name": "ERCHUL DENNIS",
                "Address": "1211 MINNESOTA BLVD",
                "Phone": "2186247673",
                "Phase": "B",
                "Substation": "CLEAR LAKE",
                "Map_location": "159043423",
                "PARCEL_NUMBER": null
            },
            "geometry": {
                "type": "Point",
                "coordinates": [
                    -92.10459519999979,
                    47.811769100009684
                ]
            }
        },
        {
            "type": "Feature",
            "properties": {
                "Name": "JAUSS JOAN A",
                "Address": "1202 MINNESOTA BLVD",
                "Phone": "2182064556",
                "Phase": "B",
                "Substation": "CLEAR LAKE",
                "Map_location": "159043456",
                "PARCEL_NUMBER": "270011001710.0"
            },
            "geometry": {
                "type": "Point",
                "coordinates": [
                    -92.10371799999979,
                    47.81250000000969
                ]
            }
        },
        {
            "type": "Feature",
            "properties": {
                "Name": "JAUSS JOAN A",
                "Address": "1202 MINNESOTA BLVD",
                "Phone": "2182064556",
                "Phase": "B",
                "Substation": "CLEAR LAKE",
                "Map_location": "159043456",
                "PARCEL_NUMBER": "270011001700.0"
            },
            "geometry": {
                "type": "Point",
                "coordinates": [
                    -92.10371799999979,
                    47.81250000000969
                ]
            }
        },
        {
            "type": "Feature",
            "properties": {
                "Name": "JAUSS JOAN A",
                "Address": "1202 MINNESOTA BLVD",
                "Phone": "2182064556",
                "Phase": "B",
                "Substation": "CLEAR LAKE",
                "Map_location": "159043456",
                "PARCEL_NUMBER": "317009000210.0"
            },
            "geometry": {
                "type": "Point",
                "coordinates": [
                    -92.10371799999979,
                    47.81250000000969
                ]
            }
        },
        {
            "type": "Feature",
            "properties": {
                "Name": "JAUSS JOAN A",
                "Address": "1202 MINNESOTA BLVD",
                "Phone": "2182064556",
                "Phase": "B",
                "Substation": "CLEAR LAKE",
                "Map_location": "159043456",
                "PARCEL_NUMBER": "317009000270.0"
            },
            "geometry": {
                "type": "Point",
                "coordinates": [
                    -92.10371799999979,
                    47.81250000000969
                ]
            }
        },
        {
            "type": "Feature",
            "properties": {
                "Name": "JAUSS JOAN A",
                "Address": "1202 MINNESOTA BLVD",
                "Phone": "2182064556",
                "Phase": "B",
                "Substation": "CLEAR LAKE",
                "Map_location": "159043456",
                "PARCEL_NUMBER": "317009000250.0"
            },
            "geometry": {
                "type": "Point",
                "coordinates": [
                    -92.10371799999979,
                    47.81250000000969
                ]
            }
        },
        {
            "type": "Feature",
            "properties": {
                "Name": "TATLEY DEB",
                "Address": "1216 MINNESOTA BLVD",
                "Phone": "6123092822",
                "Phase": "B",
                "Substation": "CLEAR LAKE",
                "Map_location": "159043448",
                "PARCEL_NUMBER": null
            },
            "geometry": {
                "type": "Point",
                "coordinates": [
                    -92.10408736813558,
                    47.81257608470153
                ]
            }
        },
        {
            "type": "Feature",
            "properties": {
                "Name": "BERG MICHAEL",
                "Address": "1219 MINNESOTA BLVD",
                "Phone": "2184043902",
                "Phase": "B",
                "Substation": "CLEAR LAKE",
                "Map_location": "159043408",
                "PARCEL_NUMBER": null
            },
            "geometry": {
                "type": "Point",
                "coordinates": [
                    -92.10502589999979,
                    47.81202750000969
                ]
            }
        },
        {
            "type": "Feature",
            "properties": {
                "Name": "CHIABOTTI DAVID J",
                "Address": "1225 MINNESOTA BLVD",
                "Phone": "2182900181",
                "Phase": "B",
                "Substation": "CLEAR LAKE",
                "Map_location": "159043424",
                "PARCEL_NUMBER": "317009000720.0"
            },
            "geometry": {
                "type": "Point",
                "coordinates": [
                    -92.10585109999978,
                    47.812115100009684
                ]
            }
        },
        {
            "type": "Feature",
            "properties": {
                "Name": "ERCHUL JOSEPH",
                "Address": "1229 MINNESOTA BLVD",
                "Phone": "6122370304",
                "Phase": "B",
                "Substation": "CLEAR LAKE",
                "Map_location": "159043409",
                "PARCEL_NUMBER": null
            },
            "geometry": {
                "type": "Point",
                "coordinates": [
                    -92.10596719999978,
                    47.811937600009685
                ]
            }
        },
        {
            "type": "Feature",
            "properties": {
                "Name": "PERRIZO RICHARD MICHAEL",
                "Address": "1284 WALSH RD",
                "Phone": "6514976795",
                "Phase": "C",
                "Substation": "CLEAR LAKE",
                "Map_location": "159043459",
                "PARCEL_NUMBER": null
            },
            "geometry": {
                "type": "Point",
                "coordinates": [
                    -92.10713269999978,
                    47.8121969000097
                ]
            }
        },
        {
            "type": "Feature",
            "properties": {
                "Name": "WHEELER OLWYN MARIE",
                "Address": "4046 NORWAY RD",
                "Phone": "7049657350",
                "Phase": "C",
                "Substation": "CLEAR LAKE",
                "Map_location": "159043413",
                "PARCEL_NUMBER": null
            },
            "geometry": {
                "type": "Point",
                "coordinates": [
                    -92.1120991773128,
                    47.81226868986442
                ]
            }
        },
        {
            "type": "Feature",
            "properties": {
                "Name": "BARRETT JERRY HOUDER",
                "Address": "4068 NORWAY RD",
                "Phone": "2183656972",
                "Phase": "C",
                "Substation": "CLEAR LAKE",
                "Map_location": "159043414",
                "PARCEL_NUMBER": null
            },
            "geometry": {
                "type": "Point",
                "coordinates": [
                    -92.11313919999981,
                    47.8137399000097
                ]
            }
        },
        {
            "type": "Feature",
            "properties": {
                "Name": "NEMANICH THOMAS S",
                "Address": "4060 NORWAY BEACH RD",
                "Phone": "2183495700",
                "Phase": "C",
                "Substation": "CLEAR LAKE",
                "Map_location": "159043495",
                "PARCEL_NUMBER": null
            },
            "geometry": {
                "type": "Point",
                "coordinates": [
                    -92.1129508999998,
                    47.81350640000969
                ]
            }
        },
        {
            "type": "Feature",
            "properties": {
                "Name": "MONTANA JAMES S",
                "Address": "4069 NORWAY RD",
                "Phone": null,
                "Phase": "C",
                "Substation": "CLEAR LAKE",
                "Map_location": "159043455",
                "PARCEL_NUMBER": null
            },
            "geometry": {
                "type": "Point",
                "coordinates": [
                    -92.1125326999998,
                    47.814773400009706
                ]
            }
        },
        {
            "type": "Feature",
            "properties": {
                "Name": "SCHATZ DEANN M",
                "Address": "4080 NORWAY RD",
                "Phone": "2182901986",
                "Phase": "C",
                "Substation": "CLEAR LAKE",
                "Map_location": "159043415",
                "PARCEL_NUMBER": "317016000050.0"
            },
            "geometry": {
                "type": "Point",
                "coordinates": [
                    -92.1136710999998,
                    47.813934800009704
                ]
            }
        },
        {
            "type": "Feature",
            "properties": {
                "Name": "SCHATZ DEANN M",
                "Address": "4080 NORWAY RD",
                "Phone": "2182901986",
                "Phase": "C",
                "Substation": "CLEAR LAKE",
                "Map_location": "159043415",
                "PARCEL_NUMBER": "317001002561.0"
            },
            "geometry": {
                "type": "Point",
                "coordinates": [
                    -92.1136710999998,
                    47.813934800009704
                ]
            }
        },
        {
            "type": "Feature",
            "properties": {
                "Name": "SCHWARTZ JOANNE E",
                "Address": "1266 WALSH RD",
                "Phone": "2189698115",
                "Phase": "A",
                "Substation": "CLEAR LAKE",
                "Map_location": "159043453",
                "PARCEL_NUMBER": null
            },
            "geometry": {
                "type": "Point",
                "coordinates": [
                    -92.11058069999979,
                    47.8102691000097
                ]
            }
        },
        {
            "type": "Feature",
            "properties": {
                "Name": "BURANDT THOMAS",
                "Address": "1268 WALSH RD",
                "Phone": "6122510453",
                "Phase": "A",
                "Substation": "CLEAR LAKE",
                "Map_location": "159043441",
                "PARCEL_NUMBER": "317019000180.0"
            },
            "geometry": {
                "type": "Point",
                "coordinates": [
                    -92.10988869999979,
                    47.810296200009695
                ]
            }
        },
        {
            "type": "Feature",
            "properties": {
                "Name": "FLOYD RICHARD P",
                "Address": "1264 WALSH RD",
                "Phone": "2183657420",
                "Phase": "C",
                "Substation": "CLEAR LAKE",
                "Map_location": "159043412",
                "PARCEL_NUMBER": null
            },
            "geometry": {
                "type": "Point",
                "coordinates": [
                    -92.11129179999979,
                    47.81017830000968
                ]
            }
        },
        {
            "type": "Feature",
            "properties": {
                "Name": "PEDERSON MARK R",
                "Address": "4126 SWANSONS SHORES RD",
                "Phone": null,
                "Phase": "B",
                "Substation": "CLEAR LAKE",
                "Map_location": "159053333",
                "PARCEL_NUMBER": null
            },
            "geometry": {
                "type": "Point",
                "coordinates": [
                    -92.12035596161537,
                    47.80551462130437
                ]
            }
        },
        {
            "type": "Feature",
            "properties": {
                "Name": "GLENDALOCH INC",
                "Address": "2694 GLENDALOCH RD",
                "Phone": "4022033962",
                "Phase": "C",
                "Substation": "CLEAR LAKE",
                "Map_location": "145092103",
                "PARCEL_NUMBER": null
            },
            "geometry": {
                "type": "Point",
                "coordinates": [
                    -91.99955859999972,
                    47.91869190000982
                ]
            }
        },
        {
            "type": "Feature",
            "properties": {
                "Name": "SPEIER GUY",
                "Address": "2724 GLENDALOCH RD",
                "Phone": "7632033382",
                "Phase": "C",
                "Substation": "CLEAR LAKE",
                "Map_location": "145092102",
                "PARCEL_NUMBER": null
            },
            "geometry": {
                "type": "Point",
                "coordinates": [
                    -92.00146959999972,
                    47.92054430000982
                ]
            }
        },
        {
            "type": "Feature",
            "properties": {
                "Name": "MAKI CONNIE",
                "Address": "2732 GLENDALOCH RD",
                "Phone": "3204557270",
                "Phase": "C",
                "Substation": "CLEAR LAKE",
                "Map_location": "145092106",
                "PARCEL_NUMBER": null
            },
            "geometry": {
                "type": "Point",
                "coordinates": [
                    -92.00218909999971,
                    47.920416800009825
                ]
            }
        },
        {
            "type": "Feature",
            "properties": {
                "Name": "HORNS JAMES",
                "Address": "VAN VAC RD",
                "Phone": "6123797247",
                "Phase": "C",
                "Substation": "CLEAR LAKE",
                "Map_location": "145092107",
                "PARCEL_NUMBER": null
            },
            "geometry": {
                "type": "Point",
                "coordinates": [
                    -92.00272389999974,
                    47.920372400009825
                ]
            }
        },
        {
            "type": "Feature",
            "properties": {
                "Name": "ORR EVELYN",
                "Address": "2740 VAN VAC RD",
                "Phone": "9523580780",
                "Phase": "C",
                "Substation": "CLEAR LAKE",
                "Map_location": "145092108",
                "PARCEL_NUMBER": null
            },
            "geometry": {
                "type": "Point",
                "coordinates": [
                    -92.00319609999973,
                    47.91966250000983
                ]
            }
        },
        {
            "type": "Feature",
            "properties": {
                "Name": "FRANCES M. JAMES REVOCABLE",
                "Address": "2965 VAN VAC RD",
                "Phone": "2183655993",
                "Phase": "C",
                "Substation": "CLEAR LAKE",
                "Map_location": "145092104",
                "PARCEL_NUMBER": null
            },
            "geometry": {
                "type": "Point",
                "coordinates": [
                    -91.99436669999972,
                    47.919251800009825
                ]
            }
        },
        {
            "type": "Feature",
            "properties": {
                "Name": "SHEY KATHY",
                "Address": "2996 VAN VAC RD",
                "Phone": "3193318750",
                "Phase": "C",
                "Substation": "CLEAR LAKE",
                "Map_location": "145092821",
                "PARCEL_NUMBER": null
            },
            "geometry": {
                "type": "Point",
                "coordinates": [
                    -92.00246709999973,
                    47.91537560000982
                ]
            }
        },
        {
            "type": "Feature",
            "properties": {
                "Name": "DEITZ LINDA K",
                "Address": "2997 VAN VAC RD",
                "Phone": "2183652459",
                "Phase": "C",
                "Substation": "CLEAR LAKE",
                "Map_location": "145092815",
                "PARCEL_NUMBER": null
            },
            "geometry": {
                "type": "Point",
                "coordinates": [
                    -92.00464229999974,
                    47.91665620000982
                ]
            }
        },
        {
            "type": "Feature",
            "properties": {
                "Name": "ENQUIST GEORGE",
                "Address": "2687 VAN VAC RD",
                "Phone": "2183654752",
                "Phase": "C",
                "Substation": "CLEAR LAKE",
                "Map_location": "145092816",
                "PARCEL_NUMBER": null
            },
            "geometry": {
                "type": "Point",
                "coordinates": [
                    -92.00466089999973,
                    47.91747790000981
                ]
            }
        },
        {
            "type": "Feature",
            "properties": {
                "Name": "KROSHUS TIMOTHY JAY",
                "Address": "2689 GLENDALOCH RD",
                "Phone": "6514265667",
                "Phase": "C",
                "Substation": "CLEAR LAKE",
                "Map_location": "145092817",
                "PARCEL_NUMBER": null
            },
            "geometry": {
                "type": "Point",
                "coordinates": [
                    -92.00388739999973,
                    47.91779100000983
                ]
            }
        },
        {
            "type": "Feature",
            "properties": {
                "Name": "HANSON JOHN",
                "Address": "2691 GLENDALOCH RD",
                "Phone": "2183653499",
                "Phase": "C",
                "Substation": "CLEAR LAKE",
                "Map_location": "145092818",
                "PARCEL_NUMBER": null
            },
            "geometry": {
                "type": "Point",
                "coordinates": [
                    -92.00483259999973,
                    47.91840980000982
                ]
            }
        },
        {
            "type": "Feature",
            "properties": {
                "Name": "KELLEY JEFF",
                "Address": "1596 BEARHEAD ST PK RD",
                "Phone": "2182354317",
                "Phase": "A",
                "Substation": "CLEAR LAKE",
                "Map_location": "159062384",
                "PARCEL_NUMBER": null
            },
            "geometry": {
                "type": "Point",
                "coordinates": [
                    -92.0865932398703,
                    47.83588657326607
                ]
            }
        },
        {
            "type": "Feature",
            "properties": {
                "Name": "STELLMACH DOUGLAS J",
                "Address": "1749 BEAR HEAD ST PARK",
                "Phone": "2182351934",
                "Phase": "C",
                "Substation": "CLEAR LAKE",
                "Map_location": "159001504",
                "PARCEL_NUMBER": null
            },
            "geometry": {
                "type": "Point",
                "coordinates": [
                    -92.09782339999978,
                    47.846232500009734
                ]
            }
        },
        {
            "type": "Feature",
            "properties": {
                "Name": "CARTER JOSEPH FRANKLIN",
                "Address": "1742 BEARHEAD ST PK RD",
                "Phone": "3207616132",
                "Phase": "A",
                "Substation": "CLEAR LAKE",
                "Map_location": "159001502",
                "PARCEL_NUMBER": null
            },
            "geometry": {
                "type": "Point",
                "coordinates": [
                    -92.09530179999979,
                    47.847743900009746
                ]
            }
        },
        {
            "type": "Feature",
            "properties": {
                "Name": "LUNDSTROM HARLAN L",
                "Address": "3845 DOREM DR ARMSTRONG LK",
                "Phone": "7637808442",
                "Phase": "A",
                "Substation": "CLEAR LAKE",
                "Map_location": "159002308",
                "PARCEL_NUMBER": null
            },
            "geometry": {
                "type": "Point",
                "coordinates": [
                    -92.08862009999979,
                    47.84357110000972
                ]
            }
        },
        {
            "type": "Feature",
            "properties": {
                "Name": "TUCCI CHRIS D",
                "Address": "1739 BEAR HEAD STATE PARK RD",
                "Phone": "7247717038",
                "Phase": "A",
                "Substation": "CLEAR LAKE",
                "Map_location": "159001503",
                "PARCEL_NUMBER": null
            },
            "geometry": {
                "type": "Point",
                "coordinates": [
                    -92.09525799999979,
                    47.84664410000973
                ]
            }
        },
        {
            "type": "Feature",
            "properties": {
                "Name": "LAUTERBACH SHERRY B",
                "Address": "3231 WOLF LAKE ROAD",
                "Phone": "6305318177",
                "Phase": "B",
                "Substation": "CLEAR LAKE",
                "Map_location": "145053203",
                "PARCEL_NUMBER": null
            },
            "geometry": {
                "type": "Point",
                "coordinates": [
                    -92.022902,
                    47.892914999999995
                ]
            }
        },
        {
            "type": "Feature",
            "properties": {
                "Name": "PLUSKWIK ELIZABETH",
                "Address": "1734 BEARHEAD ST PK RD",
                "Phone": "5636762174",
                "Phase": "A",
                "Substation": "CLEAR LAKE",
                "Map_location": "159001403",
                "PARCEL_NUMBER": null
            },
            "geometry": {
                "type": "Point",
                "coordinates": [
                    -92.0940571449035,
                    47.84718678398568
                ]
            }
        },
        {
            "type": "Feature",
            "properties": {
                "Name": "YEAGER PATRICIA A",
                "Address": "3806 DOREM DR",
                "Phone": "7794350712",
                "Phase": "A",
                "Substation": "CLEAR LAKE",
                "Map_location": "159002304",
                "PARCEL_NUMBER": null
            },
            "geometry": {
                "type": "Point",
                "coordinates": [
                    -92.08554539999977,
                    47.84192500000974
                ]
            }
        },
        {
            "type": "Feature",
            "properties": {
                "Name": "SCHWANZ RANDALL L",
                "Address": "3819 DOREM DR",
                "Phone": "2183658445",
                "Phase": "A",
                "Substation": "CLEAR LAKE",
                "Map_location": "159002307",
                "PARCEL_NUMBER": null
            },
            "geometry": {
                "type": "Point",
                "coordinates": [
                    -92.08497139999977,
                    47.843875600009724
                ]
            }
        },
        {
            "type": "Feature",
            "properties": {
                "Name": "WALSH SCOTT G",
                "Address": "3823 DOREM RD",
                "Phone": "9522707062",
                "Phase": "A",
                "Substation": "CLEAR LAKE",
                "Map_location": "159002302",
                "PARCEL_NUMBER": null
            },
            "geometry": {
                "type": "Point",
                "coordinates": [
                    -92.08582289999977,
                    47.84445810000973
                ]
            }
        },
        {
            "type": "Feature",
            "properties": {
                "Name": "BALBACH WAYNE K",
                "Address": "3802 EMERY LANE",
                "Phone": "5073172017",
                "Phase": "A",
                "Substation": "CLEAR LAKE",
                "Map_location": "159002306",
                "PARCEL_NUMBER": null
            },
            "geometry": {
                "type": "Point",
                "coordinates": [
                    -92.08435399999978,
                    47.84301040000973
                ]
            }
        },
        {
            "type": "Feature",
            "properties": {
                "Name": "JORISSEN JAMES M",
                "Address": "3891 DOREM DR",
                "Phone": "6514021309",
                "Phase": "A",
                "Substation": "CLEAR LAKE",
                "Map_location": "159002303",
                "PARCEL_NUMBER": null
            },
            "geometry": {
                "type": "Point",
                "coordinates": [
                    -92.09273419999978,
                    47.84428860000973
                ]
            }
        },
        {
            "type": "Feature",
            "properties": {
                "Name": "SLIFER MICHELE M",
                "Address": "3831 DOREM DR",
                "Phone": "6512474998",
                "Phase": "A",
                "Substation": "CLEAR LAKE",
                "Map_location": "159002301",
                "PARCEL_NUMBER": null
            },
            "geometry": {
                "type": "Point",
                "coordinates": [
                    -92.08723949999978,
                    47.843706800009734
                ]
            }
        },
        {
            "type": "Feature",
            "properties": {
                "Name": "WOODWARD KIRK",
                "Address": "3875 DOREM DR",
                "Phone": "9135233437",
                "Phase": "A",
                "Substation": "CLEAR LAKE",
                "Map_location": "159002309",
                "PARCEL_NUMBER": null
            },
            "geometry": {
                "type": "Point",
                "coordinates": [
                    -92.09181499999978,
                    47.84407210000974
                ]
            }
        },
        {
            "type": "Feature",
            "properties": {
                "Name": "Customer not found in Customer Table \n(Check with Billing)",
                "Address": null,
                "Phone": null,
                "Phase": "A",
                "Substation": "CLEAR LAKE",
                "Map_location": "159002305",
                "PARCEL_NUMBER": null
            },
            "geometry": {
                "type": "Point",
                "coordinates": [
                    -92.09274566928035,
                    47.84335322178972
                ]
            }
        },
        {
            "type": "Feature",
            "properties": {
                "Name": "ERICKSON CABIN LL C",
                "Address": "1432 TRYGG ROAD",
                "Phone": "7635285531",
                "Phase": "A",
                "Substation": "CLEAR LAKE",
                "Map_location": "159032752",
                "PARCEL_NUMBER": null
            },
            "geometry": {
                "type": "Point",
                "coordinates": [
                    -92.1136693999998,
                    47.82488760000971
                ]
            }
        },
        {
            "type": "Feature",
            "properties": {
                "Name": "DANIEL SCOTT C",
                "Address": "1418 TRYGG RD",
                "Phone": "7142258418",
                "Phase": "A",
                "Substation": "CLEAR LAKE",
                "Map_location": "159052801",
                "PARCEL_NUMBER": null
            },
            "geometry": {
                "type": "Point",
                "coordinates": [
                    -92.1175362999998,
                    47.823572900009715
                ]
            }
        },
        {
            "type": "Feature",
            "properties": {
                "Name": "ODLAND DOROTHY LOUISE",
                "Address": "1430 TRYGG RD",
                "Phone": "6123779141",
                "Phase": "A",
                "Substation": "CLEAR LAKE",
                "Map_location": "159032768",
                "PARCEL_NUMBER": null
            },
            "geometry": {
                "type": "Point",
                "coordinates": [
                    -92.11394499999979,
                    47.82424750000972
                ]
            }
        },
        {
            "type": "Feature",
            "properties": {
                "Name": "MIDTLING MARY C",
                "Address": "1425 TRYGG RD",
                "Phone": "2182909983",
                "Phase": "A",
                "Substation": "CLEAR LAKE",
                "Map_location": "159032717",
                "PARCEL_NUMBER": null
            },
            "geometry": {
                "type": "Point",
                "coordinates": [
                    -92.11448384561753,
                    47.82611500243
                ]
            }
        },
        {
            "type": "Feature",
            "properties": {
                "Name": "ROGERS LYNN",
                "Address": "1482 TRYGG RD",
                "Phone": "2183654480",
                "Phase": "A",
                "Substation": "CLEAR LAKE",
                "Map_location": "159032211",
                "PARCEL_NUMBER": "317001003581.0"
            },
            "geometry": {
                "type": "Point",
                "coordinates": [
                    -92.1112631999998,
                    47.83250960000973
                ]
            }
        },
        {
            "type": "Feature",
            "properties": {
                "Name": "ROGERS LYNN",
                "Address": "1482 TRYGG RD",
                "Phone": "2183654480",
                "Phase": "A",
                "Substation": "CLEAR LAKE",
                "Map_location": "159032211",
                "PARCEL_NUMBER": "317001003680.0"
            },
            "geometry": {
                "type": "Point",
                "coordinates": [
                    -92.1112631999998,
                    47.83250960000973
                ]
            }
        },
        {
            "type": "Feature",
            "properties": {
                "Name": "STAGE BONNIE",
                "Address": "1476 KLONDIKE RD",
                "Phone": "2182691473",
                "Phase": "A",
                "Substation": "CLEAR LAKE",
                "Map_location": "159032222",
                "PARCEL_NUMBER": "317001003697.0"
            },
            "geometry": {
                "type": "Point",
                "coordinates": [
                    -92.11084689999979,
                    47.831776400009716
                ]
            }
        },
        {
            "type": "Feature",
            "properties": {
                "Name": "STAGE BONNIE",
                "Address": "1476 KLONDIKE RD",
                "Phone": "2182691473",
                "Phase": "A",
                "Substation": "CLEAR LAKE",
                "Map_location": "159032222",
                "PARCEL_NUMBER": "317001003698.0"
            },
            "geometry": {
                "type": "Point",
                "coordinates": [
                    -92.11084689999979,
                    47.831776400009716
                ]
            }
        },
        {
            "type": "Feature",
            "properties": {
                "Name": "LINEER FRED N",
                "Address": "1466 KLONDIKE RD",
                "Phone": "6125998082",
                "Phase": "A",
                "Substation": "CLEAR LAKE",
                "Map_location": "159032703",
                "PARCEL_NUMBER": null
            },
            "geometry": {
                "type": "Point",
                "coordinates": [
                    -92.11097819999979,
                    47.83018270000971
                ]
            }
        },
        {
            "type": "Feature",
            "properties": {
                "Name": "HUTCHINSON TOD R",
                "Address": "1470 KLONDIKE RD",
                "Phone": null,
                "Phase": "A",
                "Substation": "CLEAR LAKE",
                "Map_location": "159032720",
                "PARCEL_NUMBER": null
            },
            "geometry": {
                "type": "Point",
                "coordinates": [
                    -92.1116073499998,
                    47.83086869000972
                ]
            }
        },
        {
            "type": "Feature",
            "properties": {
                "Name": "NYQUIST JERED R",
                "Address": "1456 TRYGG ROAD",
                "Phone": "6129611726",
                "Phase": "A",
                "Substation": "CLEAR LAKE",
                "Map_location": "159032774",
                "PARCEL_NUMBER": null
            },
            "geometry": {
                "type": "Point",
                "coordinates": [
                    -92.11002649999979,
                    47.82865130000972
                ]
            }
        },
        {
            "type": "Feature",
            "properties": {
                "Name": "MCINTYRE LORI",
                "Address": "1450 TRYGG RD",
                "Phone": "6512388157",
                "Phase": "A",
                "Substation": "CLEAR LAKE",
                "Map_location": "159032779",
                "PARCEL_NUMBER": null
            },
            "geometry": {
                "type": "Point",
                "coordinates": [
                    -92.1120408999998,
                    47.828137200009714
                ]
            }
        },
        {
            "type": "Feature",
            "properties": {
                "Name": "Customer not found in Customer Table \n(Check with Billing)",
                "Address": null,
                "Phone": null,
                "Phase": "A",
                "Substation": "CLEAR LAKE",
                "Map_location": "159032704",
                "PARCEL_NUMBER": null
            },
            "geometry": {
                "type": "Point",
                "coordinates": [
                    -92.1118640999998,
                    47.827339500009714
                ]
            }
        },
        {
            "type": "Feature",
            "properties": {
                "Name": "THON JUDITH A",
                "Address": "1440 TRYGG ROAD",
                "Phone": "9524140759",
                "Phase": "A",
                "Substation": "CLEAR LAKE",
                "Map_location": "159032705",
                "PARCEL_NUMBER": null
            },
            "geometry": {
                "type": "Point",
                "coordinates": [
                    -92.11233349999979,
                    47.82675570000972
                ]
            }
        },
        {
            "type": "Feature",
            "properties": {
                "Name": "MEYER CHARLES W",
                "Address": "1392 PENINSULA RD",
                "Phone": "2183653051",
                "Phase": "A",
                "Substation": "CLEAR LAKE",
                "Map_location": "159032744",
                "PARCEL_NUMBER": null
            },
            "geometry": {
                "type": "Point",
                "coordinates": [
                    -92.11063799999978,
                    47.825638700009705
                ]
            }
        },
        {
            "type": "Feature",
            "properties": {
                "Name": "HILL LINDA L",
                "Address": "1385 PENNINSULA RD",
                "Phone": "6513020302",
                "Phase": "A",
                "Substation": "CLEAR LAKE",
                "Map_location": "159032721",
                "PARCEL_NUMBER": null
            },
            "geometry": {
                "type": "Point",
                "coordinates": [
                    -92.11079406999978,
                    47.82467270000971
                ]
            }
        },
        {
            "type": "Feature",
            "properties": {
                "Name": "RAGAN CHARLES R",
                "Address": "1332 PENINSULA RD",
                "Phone": "6122092762",
                "Phase": "A",
                "Substation": "CLEAR LAKE",
                "Map_location": "159032707",
                "PARCEL_NUMBER": null
            },
            "geometry": {
                "type": "Point",
                "coordinates": [
                    -92.10523649999979,
                    47.82191450000971
                ]
            }
        },
        {
            "type": "Feature",
            "properties": {
                "Name": "KOHN HENRY",
                "Address": "1338 PENNINSULA RD",
                "Phone": "2183655178",
                "Phase": "A",
                "Substation": "CLEAR LAKE",
                "Map_location": "159032706",
                "PARCEL_NUMBER": null
            },
            "geometry": {
                "type": "Point",
                "coordinates": [
                    -92.10694209999978,
                    47.82234800000971
                ]
            }
        },
        {
            "type": "Feature",
            "properties": {
                "Name": "LINDE SCOTT",
                "Address": "1337 PENINSULA RD",
                "Phone": "8057987356",
                "Phase": "A",
                "Substation": "CLEAR LAKE",
                "Map_location": "159032727",
                "PARCEL_NUMBER": null
            },
            "geometry": {
                "type": "Point",
                "coordinates": [
                    -92.1082105999998,
                    47.8223216000097
                ]
            }
        },
        {
            "type": "Feature",
            "properties": {
                "Name": "STOKES CYNTHIA C",
                "Address": "1331 PENINSULA RD",
                "Phone": "6122209501",
                "Phase": "A",
                "Substation": "CLEAR LAKE",
                "Map_location": "159032719",
                "PARCEL_NUMBER": null
            },
            "geometry": {
                "type": "Point",
                "coordinates": [
                    -92.10707659999979,
                    47.82174890000971
                ]
            }
        },
        {
            "type": "Feature",
            "properties": {
                "Name": "PRATT MARK E",
                "Address": "1364 PENINSULA RD",
                "Phone": "2182351716",
                "Phase": "A",
                "Substation": "CLEAR LAKE",
                "Map_location": "159032716",
                "PARCEL_NUMBER": null
            },
            "geometry": {
                "type": "Point",
                "coordinates": [
                    -92.10737370549525,
                    47.82349607154047
                ]
            }
        },
        {
            "type": "Feature",
            "properties": {
                "Name": "BOLLAND JAMES D",
                "Address": "1363 PENINSULA RD",
                "Phone": null,
                "Phase": "A",
                "Substation": "CLEAR LAKE",
                "Map_location": "159032755",
                "PARCEL_NUMBER": null
            },
            "geometry": {
                "type": "Point",
                "coordinates": [
                    -92.10916429999979,
                    47.8222638000097
                ]
            }
        },
        {
            "type": "Feature",
            "properties": {
                "Name": "CEBELINSKI DAN F",
                "Address": "1370 PENINSULA RD",
                "Phone": "6125544447",
                "Phase": "A",
                "Substation": "CLEAR LAKE",
                "Map_location": "159032776",
                "PARCEL_NUMBER": null
            },
            "geometry": {
                "type": "Point",
                "coordinates": [
                    -92.10697119999979,
                    47.82494860000971
                ]
            }
        },
        {
            "type": "Feature",
            "properties": {
                "Name": "DAWSON MARGARET L",
                "Address": "1386 PENINSULA RD",
                "Phone": "3173705679",
                "Phase": "A",
                "Substation": "CLEAR LAKE",
                "Map_location": "159032718",
                "PARCEL_NUMBER": null
            },
            "geometry": {
                "type": "Point",
                "coordinates": [
                    -92.10922369999979,
                    47.82603560000969
                ]
            }
        },
        {
            "type": "Feature",
            "properties": {
                "Name": "RIEBEL ROCEHLLE M",
                "Address": "1359 PENINSULA RD",
                "Phone": "9082446975",
                "Phase": "A",
                "Substation": "CLEAR LAKE",
                "Map_location": "159032753",
                "PARCEL_NUMBER": null
            },
            "geometry": {
                "type": "Point",
                "coordinates": [
                    -92.11128359999978,
                    47.822179600009704
                ]
            }
        },
        {
            "type": "Feature",
            "properties": {
                "Name": "HILL SHERRY E",
                "Address": "1376 PENINSULA RD",
                "Phone": "2187606181",
                "Phase": "A",
                "Substation": "CLEAR LAKE",
                "Map_location": "159032751",
                "PARCEL_NUMBER": null
            },
            "geometry": {
                "type": "Point",
                "coordinates": [
                    -92.10913178750386,
                    47.82490874953728
                ]
            }
        },
        {
            "type": "Feature",
            "properties": {
                "Name": "CUNNINGHAM ELTON W",
                "Address": "1374 PENINSULA RD",
                "Phone": "6513986070",
                "Phase": "A",
                "Substation": "CLEAR LAKE",
                "Map_location": "159032785",
                "PARCEL_NUMBER": null
            },
            "geometry": {
                "type": "Point",
                "coordinates": [
                    -92.1086045999998,
                    47.8247874000097
                ]
            }
        },
        {
            "type": "Feature",
            "properties": {
                "Name": "FRIED DEREK L",
                "Address": "1332 TRYGG RD",
                "Phone": "6122323480",
                "Phase": "A",
                "Substation": "CLEAR LAKE",
                "Map_location": "159053305",
                "PARCEL_NUMBER": null
            },
            "geometry": {
                "type": "Point",
                "coordinates": [
                    -92.1213337999998,
                    47.815597000009696
                ]
            }
        },
        {
            "type": "Feature",
            "properties": {
                "Name": "STEVENSON TIMOTHY SCOTT",
                "Address": "1334 TRYGG RD",
                "Phone": "6123108211",
                "Phase": "A",
                "Substation": "CLEAR LAKE",
                "Map_location": "159052804",
                "PARCEL_NUMBER": null
            },
            "geometry": {
                "type": "Point",
                "coordinates": [
                    -92.12031471140084,
                    47.816422722986964
                ]
            }
        },
        {
            "type": "Feature",
            "properties": {
                "Name": "DAMBERG BERIK VERN",
                "Address": "1336 TRYGG RD",
                "Phone": "6128652310",
                "Phase": "A",
                "Substation": "CLEAR LAKE",
                "Map_location": "159052803",
                "PARCEL_NUMBER": null
            },
            "geometry": {
                "type": "Point",
                "coordinates": [
                    -92.11994059999981,
                    47.816530400009704
                ]
            }
        },
        {
            "type": "Feature",
            "properties": {
                "Name": "FRIED DEREK L",
                "Address": "1328 TRYGG RD",
                "Phone": "6122323480",
                "Phase": "A",
                "Substation": "CLEAR LAKE",
                "Map_location": "159053320",
                "PARCEL_NUMBER": null
            },
            "geometry": {
                "type": "Point",
                "coordinates": [
                    -92.1224871999998,
                    47.8161614000097
                ]
            }
        },
        {
            "type": "Feature",
            "properties": {
                "Name": "LAINE CAROL J",
                "Address": "1322 TRYGG ROAD",
                "Phone": "2183654401",
                "Phase": "A",
                "Substation": "CLEAR LAKE",
                "Map_location": "159053311",
                "PARCEL_NUMBER": null
            },
            "geometry": {
                "type": "Point",
                "coordinates": [
                    -92.1231512999998,
                    47.815777000009696
                ]
            }
        },
        {
            "type": "Feature",
            "properties": {
                "Name": "JOKELA ERIC",
                "Address": "1318 TRYGG RD",
                "Phone": "3522844851",
                "Phase": "A",
                "Substation": "CLEAR LAKE",
                "Map_location": "159053314",
                "PARCEL_NUMBER": null
            },
            "geometry": {
                "type": "Point",
                "coordinates": [
                    -92.1234764999998,
                    47.815970300009695
                ]
            }
        },
        {
            "type": "Feature",
            "properties": {
                "Name": "STROBECK JEROME G",
                "Address": "1314 TRYGG RD",
                "Phone": "6127999327",
                "Phase": "A",
                "Substation": "CLEAR LAKE",
                "Map_location": "159053306",
                "PARCEL_NUMBER": null
            },
            "geometry": {
                "type": "Point",
                "coordinates": [
                    -92.1245634156795,
                    47.81565260164474
                ]
            }
        },
        {
            "type": "Feature",
            "properties": {
                "Name": "ELY TRUST",
                "Address": "1312 TRYGG ROAD",
                "Phone": "5153713890",
                "Phase": "A",
                "Substation": "CLEAR LAKE",
                "Map_location": "159053307",
                "PARCEL_NUMBER": null
            },
            "geometry": {
                "type": "Point",
                "coordinates": [
                    -92.1246535999998,
                    47.815747200009696
                ]
            }
        },
        {
            "type": "Feature",
            "properties": {
                "Name": "LETOURNEAU RON G",
                "Address": "1302 TRYGG RD",
                "Phone": "3133007013",
                "Phase": "A",
                "Substation": "CLEAR LAKE",
                "Map_location": "159053308",
                "PARCEL_NUMBER": null
            },
            "geometry": {
                "type": "Point",
                "coordinates": [
                    -92.12519449999981,
                    47.8152117000097
                ]
            }
        },
        {
            "type": "Feature",
            "properties": {
                "Name": "OWENS JOSEPH F",
                "Address": "1300 TRYGG RD",
                "Phone": "2183652522",
                "Phase": "A",
                "Substation": "CLEAR LAKE",
                "Map_location": "159053327",
                "PARCEL_NUMBER": "317017000240.0"
            },
            "geometry": {
                "type": "Point",
                "coordinates": [
                    -92.1263729999998,
                    47.81464420000969
                ]
            }
        },
        {
            "type": "Feature",
            "properties": {
                "Name": "QUICK SUSAN",
                "Address": "1309 TRYGG RD",
                "Phone": "6512359538",
                "Phase": "A",
                "Substation": "CLEAR LAKE",
                "Map_location": "159053322",
                "PARCEL_NUMBER": null
            },
            "geometry": {
                "type": "Point",
                "coordinates": [
                    -92.1276391999998,
                    47.814188500009685
                ]
            }
        },
        {
            "type": "Feature",
            "properties": {
                "Name": "SUGDEN PAUL LESLIE",
                "Address": "1338 TRYGG RD",
                "Phone": "6127515428",
                "Phase": "A",
                "Substation": "CLEAR LAKE",
                "Map_location": "159052810",
                "PARCEL_NUMBER": null
            },
            "geometry": {
                "type": "Point",
                "coordinates": [
                    -92.11936079999978,
                    47.817270900009696
                ]
            }
        },
        {
            "type": "Feature",
            "properties": {
                "Name": "CABIN 21 LLC",
                "Address": "1342 TRYGG RD",
                "Phone": "6122517492",
                "Phase": "A",
                "Substation": "CLEAR LAKE",
                "Map_location": "159052829",
                "PARCEL_NUMBER": null
            },
            "geometry": {
                "type": "Point",
                "coordinates": [
                    -92.1210295999998,
                    47.8176991000097
                ]
            }
        },
        {
            "type": "Feature",
            "properties": {
                "Name": "GULDBRANDSEN FRANK",
                "Address": "1348 TRYGG RD",
                "Phone": "2185911427",
                "Phase": "A",
                "Substation": "CLEAR LAKE",
                "Map_location": "159052819",
                "PARCEL_NUMBER": "317017000090.0"
            },
            "geometry": {
                "type": "Point",
                "coordinates": [
                    -92.1215333999998,
                    47.8180020000097
                ]
            }
        },
        {
            "type": "Feature",
            "properties": {
                "Name": "FABANO VIC",
                "Address": "1354 TRYGG RD",
                "Phone": "9529418151",
                "Phase": "A",
                "Substation": "CLEAR LAKE",
                "Map_location": "159052815",
                "PARCEL_NUMBER": null
            },
            "geometry": {
                "type": "Point",
                "coordinates": [
                    -92.1198390999998,
                    47.81842650000969
                ]
            }
        },
        {
            "type": "Feature",
            "properties": {
                "Name": "SEATON PAUL J",
                "Address": "1356 TRYGG ROAD",
                "Phone": "6514595012",
                "Phase": "A",
                "Substation": "CLEAR LAKE",
                "Map_location": "159052813",
                "PARCEL_NUMBER": null
            },
            "geometry": {
                "type": "Point",
                "coordinates": [
                    -92.1199703999998,
                    47.81896400000969
                ]
            }
        },
        {
            "type": "Feature",
            "properties": {
                "Name": "RITTERLING MELANIE M.A.",
                "Address": "4167 SIX MILE LAKE RD BIG CABI",
                "Phone": "5074826393",
                "Phase": "A",
                "Substation": "CLEAR LAKE",
                "Map_location": "159002104",
                "PARCEL_NUMBER": null
            },
            "geometry": {
                "type": "Point",
                "coordinates": [
                    -92.1256880999998,
                    47.84274300000973
                ]
            }
        },
        {
            "type": "Feature",
            "properties": {
                "Name": "MCBRIDE CLAUDIA L",
                "Address": "4124 SIX MILE RD",
                "Phone": "2185906989",
                "Phase": "A",
                "Substation": "CLEAR LAKE",
                "Map_location": "159002105",
                "PARCEL_NUMBER": null
            },
            "geometry": {
                "type": "Point",
                "coordinates": [
                    -92.1187667799998,
                    47.83877945000972
                ]
            }
        },
        {
            "type": "Feature",
            "properties": {
                "Name": "JOHNSON MICHAEL J",
                "Address": "1657 TRYGG RD",
                "Phone": "2185904536",
                "Phase": "A",
                "Substation": "CLEAR LAKE",
                "Map_location": "159002202",
                "PARCEL_NUMBER": null
            },
            "geometry": {
                "type": "Point",
                "coordinates": [
                    -92.1109302999998,
                    47.840860100009735
                ]
            }
        },
        {
            "type": "Feature",
            "properties": {
                "Name": "PETROSKEY STANLEY",
                "Address": "4548 FOUR MILE LK",
                "Phone": "2187536472",
                "Phase": "A",
                "Substation": "CLEAR LAKE",
                "Map_location": "159001901",
                "PARCEL_NUMBER": null
            },
            "geometry": {
                "type": "Point",
                "coordinates": [
                    -92.16049169999981,
                    47.835387700009726
                ]
            }
        },
        {
            "type": "Feature",
            "properties": {
                "Name": "CARLSON JON WARREN",
                "Address": "4724 HWY 169",
                "Phone": "2187500267",
                "Phase": "A",
                "Substation": "CLEAR LAKE",
                "Map_location": "159003002",
                "PARCEL_NUMBER": "270001004837.0"
            },
            "geometry": {
                "type": "Point",
                "coordinates": [
                    -92.17838093740755,
                    47.82802201295282
                ]
            }
        },
        {
            "type": "Feature",
            "properties": {
                "Name": "ROY BRADLEY PAUL",
                "Address": "4730 MURRAY RD",
                "Phone": "2182901756",
                "Phase": "A",
                "Substation": "CLEAR LAKE",
                "Map_location": "159003001",
                "PARCEL_NUMBER": null
            },
            "geometry": {
                "type": "Point",
                "coordinates": [
                    -92.17898588374679,
                    47.82657772848369
                ]
            }
        },
        {
            "type": "Feature",
            "properties": {
                "Name": "ZORMAN BRENDON S",
                "Address": "4704 HWY 169",
                "Phone": "2182903439",
                "Phase": "A",
                "Substation": "CLEAR LAKE",
                "Map_location": "159003003",
                "PARCEL_NUMBER": null
            },
            "geometry": {
                "type": "Point",
                "coordinates": [
                    -92.17634280319685,
                    47.829503791821644
                ]
            }
        },
        {
            "type": "Feature",
            "properties": {
                "Name": "PLANTON JANA S",
                "Address": "1733 ARMSTRONG BAY RD",
                "Phone": "2183654151",
                "Phase": "A",
                "Substation": "CLEAR LAKE",
                "Map_location": "159001809",
                "PARCEL_NUMBER": null
            },
            "geometry": {
                "type": "Point",
                "coordinates": [
                    -92.17100806480636,
                    47.84797286858447
                ]
            }
        },
        {
            "type": "Feature",
            "properties": {
                "Name": "MINER GARY BRUCE",
                "Address": "1737 EAST ARMSTRONG BAY RD",
                "Phone": "7633507378",
                "Phase": "A",
                "Substation": "CLEAR LAKE",
                "Map_location": "159001801",
                "PARCEL_NUMBER": null
            },
            "geometry": {
                "type": "Point",
                "coordinates": [
                    -92.17073406494958,
                    47.847858868561225
                ]
            }
        },
        {
            "type": "Feature",
            "properties": {
                "Name": "PLANTON JAMES A",
                "Address": "1727 E. ARMSTRONG BAY ROAD",
                "Phone": "2183432339",
                "Phase": "A",
                "Substation": "CLEAR LAKE",
                "Map_location": "159001807",
                "PARCEL_NUMBER": null
            },
            "geometry": {
                "type": "Point",
                "coordinates": [
                    -92.17245176229751,
                    47.8475561128424
                ]
            }
        },
        {
            "type": "Feature",
            "properties": {
                "Name": "ESTATE OF AGNES E YAPEL",
                "Address": "2036 E ARMSTRONG BAY",
                "Phone": "6514914560",
                "Phase": "A",
                "Substation": "CLEAR LAKE",
                "Map_location": "159001810",
                "PARCEL_NUMBER": null
            },
            "geometry": {
                "type": "Point",
                "coordinates": [
                    -92.17299094573954,
                    47.847965883344905
                ]
            }
        },
        {
            "type": "Feature",
            "properties": {
                "Name": "CARY JULIE",
                "Address": "4675 W ARMSTRONG BAY RD",
                "Phone": "6306051077",
                "Phase": "A",
                "Substation": "CLEAR LAKE",
                "Map_location": "159001804",
                "PARCEL_NUMBER": null
            },
            "geometry": {
                "type": "Point",
                "coordinates": [
                    -92.17761944384823,
                    47.847678884395286
                ]
            }
        },
        {
            "type": "Feature",
            "properties": {
                "Name": "PUSTOVAR TOM M",
                "Address": "4679 WEST ARMSTRONG BAY",
                "Phone": "2183413642",
                "Phase": "A",
                "Substation": "CLEAR LAKE",
                "Map_location": "159001816",
                "PARCEL_NUMBER": null
            },
            "geometry": {
                "type": "Point",
                "coordinates": [
                    -92.17832135791656,
                    47.84734043789518
                ]
            }
        },
        {
            "type": "Feature",
            "properties": {
                "Name": "KORHONEN-BRULA LINDA J",
                "Address": "4540 LARUE MINE RD",
                "Phone": null,
                "Phase": "A",
                "Substation": "CLEAR LAKE",
                "Map_location": "159001806",
                "PARCEL_NUMBER": null
            },
            "geometry": {
                "type": "Point",
                "coordinates": [
                    -92.17896034124739,
                    47.851692884703525
                ]
            }
        },
        {
            "type": "Feature",
            "properties": {
                "Name": "BODINE MARK ROBERT",
                "Address": "E ARMSTRONG BAY LK VERM",
                "Phone": "2188273746",
                "Phase": "A",
                "Substation": "CLEAR LAKE",
                "Map_location": "159001813",
                "PARCEL_NUMBER": null
            },
            "geometry": {
                "type": "Point",
                "coordinates": [
                    -92.16529344815612,
                    47.84989928159969
                ]
            }
        },
        {
            "type": "Feature",
            "properties": {
                "Name": "RUDLONG LUKE E",
                "Address": "1763 E ARMSTRONG BAY ROAD",
                "Phone": "5072519220",
                "Phase": "A",
                "Substation": "CLEAR LAKE",
                "Map_location": "159001811",
                "PARCEL_NUMBER": null
            },
            "geometry": {
                "type": "Point",
                "coordinates": [
                    -92.16818884742652,
                    47.84881368225579
                ]
            }
        },
        {
            "type": "Feature",
            "properties": {
                "Name": "STONE GARY R",
                "Address": "1578 BEARHEAD ST PK RD",
                "Phone": "6126165789",
                "Phase": "A",
                "Substation": "CLEAR LAKE",
                "Map_location": "159062390",
                "PARCEL_NUMBER": null
            },
            "geometry": {
                "type": "Point",
                "coordinates": [
                    -92.09061649999977,
                    47.83539480000972
                ]
            }
        },
        {
            "type": "Feature",
            "properties": {
                "Name": "FULLER ELEANOR MAY",
                "Address": "3938 CEDAR ST",
                "Phone": "2183650064",
                "Phase": "C",
                "Substation": "CLEAR LAKE",
                "Map_location": "159032271",
                "PARCEL_NUMBER": "317008000090.0"
            },
            "geometry": {
                "type": "Point",
                "coordinates": [
                    -92.0987861999998,
                    47.83618070000973
                ]
            }
        },
        {
            "type": "Feature",
            "properties": {
                "Name": "FULLER ELEANOR MAY",
                "Address": "3938 CEDAR ST",
                "Phone": "2183650064",
                "Phase": "C",
                "Substation": "CLEAR LAKE",
                "Map_location": "159032271",
                "PARCEL_NUMBER": "317008100070.0"
            },
            "geometry": {
                "type": "Point",
                "coordinates": [
                    -92.0987861999998,
                    47.83618070000973
                ]
            }
        },
        {
            "type": "Feature",
            "properties": {
                "Name": "FULLER ELEANOR MAY",
                "Address": "3938 CEDAR ST",
                "Phone": "2183650064",
                "Phase": "C",
                "Substation": "CLEAR LAKE",
                "Map_location": "159032271",
                "PARCEL_NUMBER": "317008100040.0"
            },
            "geometry": {
                "type": "Point",
                "coordinates": [
                    -92.0987861999998,
                    47.83618070000973
                ]
            }
        },
        {
            "type": "Feature",
            "properties": {
                "Name": "MCCUBBIN KIM DALE",
                "Address": "1577 BEAR HEAD ST PARK",
                "Phone": "6308050600",
                "Phase": "C",
                "Substation": "CLEAR LAKE",
                "Map_location": "159032268",
                "PARCEL_NUMBER": null
            },
            "geometry": {
                "type": "Point",
                "coordinates": [
                    -92.09895909999979,
                    47.83670780000973
                ]
            }
        },
        {
            "type": "Feature",
            "properties": {
                "Name": "DELICH STEVEN",
                "Address": "1569 BEARHEAD ST PARK RD",
                "Phone": "9522922137",
                "Phase": "C",
                "Substation": "CLEAR LAKE",
                "Map_location": "159032201",
                "PARCEL_NUMBER": null
            },
            "geometry": {
                "type": "Point",
                "coordinates": [
                    -92.09804561076612,
                    47.83568220069952
                ]
            }
        },
        {
            "type": "Feature",
            "properties": {
                "Name": "KROMER DAVID R",
                "Address": "3936 BIRCH STREET",
                "Phone": "2183655078",
                "Phase": "C",
                "Substation": "CLEAR LAKE",
                "Map_location": "159032202",
                "PARCEL_NUMBER": null
            },
            "geometry": {
                "type": "Point",
                "coordinates": [
                    -92.09682539999979,
                    47.83530310000972
                ]
            }
        },
        {
            "type": "Feature",
            "properties": {
                "Name": "TOWNSHIP OF EAGLE S NEST",
                "Address": "1552 BEARHEAD ST PK RD",
                "Phone": "2183654573",
                "Phase": "A",
                "Substation": "CLEAR LAKE",
                "Map_location": "159032293",
                "PARCEL_NUMBER": null
            },
            "geometry": {
                "type": "Point",
                "coordinates": [
                    -92.09419570150064,
                    47.83325877968712
                ]
            }
        },
        {
            "type": "Feature",
            "properties": {
                "Name": "TOWNSHIP OF EAGLE S NEST",
                "Address": "1552 BEARHEAD ST PK RD",
                "Phone": "2183654573",
                "Phase": "A",
                "Substation": "CLEAR LAKE",
                "Map_location": "159032285",
                "PARCEL_NUMBER": null
            },
            "geometry": {
                "type": "Point",
                "coordinates": [
                    -92.09430099999979,
                    47.83409620000973
                ]
            }
        },
        {
            "type": "Feature",
            "properties": {
                "Name": "BOWERS MICHAEL",
                "Address": "1549 BEAR HEAD RD",
                "Phone": "2183652181",
                "Phase": "B",
                "Substation": "CLEAR LAKE",
                "Map_location": "159032203",
                "PARCEL_NUMBER": null
            },
            "geometry": {
                "type": "Point",
                "coordinates": [
                    -92.09601329999978,
                    47.83374630000972
                ]
            }
        },
        {
            "type": "Feature",
            "properties": {
                "Name": "HICKS MICHAEL",
                "Address": "1543 BEARHEAD STATE PK RD",
                "Phone": "5132897763",
                "Phase": "B",
                "Substation": "CLEAR LAKE",
                "Map_location": "159032262",
                "PARCEL_NUMBER": null
            },
            "geometry": {
                "type": "Point",
                "coordinates": [
                    -92.09620551921562,
                    47.83356125722525
                ]
            }
        },
        {
            "type": "Feature",
            "properties": {
                "Name": "FREDERICK DAVID L",
                "Address": "1529 BEARHEAD ST PK RD",
                "Phone": "2182900975",
                "Phase": "A",
                "Substation": "CLEAR LAKE",
                "Map_location": "159032261",
                "PARCEL_NUMBER": null
            },
            "geometry": {
                "type": "Point",
                "coordinates": [
                    -92.09645179999978,
                    47.832211100009715
                ]
            }
        },
        {
            "type": "Feature",
            "properties": {
                "Name": "LABERNIK A R",
                "Address": "1521 BEARHEAD ST RD",
                "Phone": "2187243606",
                "Phase": "A",
                "Substation": "CLEAR LAKE",
                "Map_location": "159032207",
                "PARCEL_NUMBER": null
            },
            "geometry": {
                "type": "Point",
                "coordinates": [
                    -92.09628559999979,
                    47.83198190000972
                ]
            }
        },
        {
            "type": "Feature",
            "properties": {
                "Name": "MUSTONEN JAMES R",
                "Address": "1519 BEAR HEAD STATE",
                "Phone": "3206301002",
                "Phase": "A",
                "Substation": "CLEAR LAKE",
                "Map_location": "159032249",
                "PARCEL_NUMBER": null
            },
            "geometry": {
                "type": "Point",
                "coordinates": [
                    -92.09600479999979,
                    47.831267000009724
                ]
            }
        },
        {
            "type": "Feature",
            "properties": {
                "Name": "KRAUSE LAWRENCE DAVID",
                "Address": "1539 BEARHEAD ST PK RD",
                "Phone": "6128686096",
                "Phase": "C",
                "Substation": "CLEAR LAKE",
                "Map_location": "159032204",
                "PARCEL_NUMBER": null
            },
            "geometry": {
                "type": "Point",
                "coordinates": [
                    -92.09647369999979,
                    47.83292960000972
                ]
            }
        },
        {
            "type": "Feature",
            "properties": {
                "Name": "KNAPP JOYCE",
                "Address": "1535 BEARHEAD ST PK",
                "Phone": "9704209983",
                "Phase": "C",
                "Substation": "CLEAR LAKE",
                "Map_location": "159032205",
                "PARCEL_NUMBER": null
            },
            "geometry": {
                "type": "Point",
                "coordinates": [
                    -92.09656199999979,
                    47.83271860000972
                ]
            }
        },
        {
            "type": "Feature",
            "properties": {
                "Name": "KLOBUCHAR SHELDON",
                "Address": "1531 BRHEAD ST PK RD",
                "Phone": "2182354386",
                "Phase": "C",
                "Substation": "CLEAR LAKE",
                "Map_location": "159032206",
                "PARCEL_NUMBER": null
            },
            "geometry": {
                "type": "Point",
                "coordinates": [
                    -92.09658509999979,
                    47.83247550000972
                ]
            }
        },
        {
            "type": "Feature",
            "properties": {
                "Name": "EWING ROBERT",
                "Address": "1486 BEARHEAD ST PARK RD",
                "Phone": "5072728858",
                "Phase": "A",
                "Substation": "CLEAR LAKE",
                "Map_location": "159062603",
                "PARCEL_NUMBER": null
            },
            "geometry": {
                "type": "Point",
                "coordinates": [
                    -92.0936301999998,
                    47.83008450000972
                ]
            }
        },
        {
            "type": "Feature",
            "properties": {
                "Name": "SHEMON GARY",
                "Address": "1509 BEARHEAD ST PK RD",
                "Phone": "2183655825",
                "Phase": "C",
                "Substation": "CLEAR LAKE",
                "Map_location": "159032292",
                "PARCEL_NUMBER": null
            },
            "geometry": {
                "type": "Point",
                "coordinates": [
                    -92.09529389999979,
                    47.83078200000971
                ]
            }
        },
        {
            "type": "Feature",
            "properties": {
                "Name": "SHEMON GARY",
                "Address": "1509 BEARHEAD ST PK RD",
                "Phone": "2183655825",
                "Phase": "C",
                "Substation": "CLEAR LAKE",
                "Map_location": "159032220",
                "PARCEL_NUMBER": null
            },
            "geometry": {
                "type": "Point",
                "coordinates": [
                    -92.09469506325026,
                    47.830709713242356
                ]
            }
        },
        {
            "type": "Feature",
            "properties": {
                "Name": "QUICK DAVID",
                "Address": "1481 BEARHEAD PARK RD",
                "Phone": "7635419742",
                "Phase": "C",
                "Substation": "CLEAR LAKE",
                "Map_location": "159062615",
                "PARCEL_NUMBER": null
            },
            "geometry": {
                "type": "Point",
                "coordinates": [
                    -92.09147559999978,
                    47.82804420000972
                ]
            }
        },
        {
            "type": "Feature",
            "properties": {
                "Name": "ROEBUCK MICHAEL R",
                "Address": "1472 COOP PT RD",
                "Phone": "6123630464",
                "Phase": "C",
                "Substation": "CLEAR LAKE",
                "Map_location": "159062602",
                "PARCEL_NUMBER": null
            },
            "geometry": {
                "type": "Point",
                "coordinates": [
                    -92.09382189999978,
                    47.82837400000971
                ]
            }
        },
        {
            "type": "Feature",
            "properties": {
                "Name": "MORIN KATHRYN J",
                "Address": "1475 COOP PT RD",
                "Phone": "6128682642",
                "Phase": "C",
                "Substation": "CLEAR LAKE",
                "Map_location": "159032713",
                "PARCEL_NUMBER": null
            },
            "geometry": {
                "type": "Point",
                "coordinates": [
                    -92.09444419999978,
                    47.828278500009716
                ]
            }
        },
        {
            "type": "Feature",
            "properties": {
                "Name": "KAUTTO DAVID JON",
                "Address": "1471 COOP PT RD",
                "Phone": "6514840275",
                "Phase": "C",
                "Substation": "CLEAR LAKE",
                "Map_location": "159032701",
                "PARCEL_NUMBER": null
            },
            "geometry": {
                "type": "Point",
                "coordinates": [
                    -92.0940368999998,
                    47.828085900009725
                ]
            }
        },
        {
            "type": "Feature",
            "properties": {
                "Name": "HENDRICKSON MARTY",
                "Address": "1465 COOPERATOR'S POINT",
                "Phone": "2187504598",
                "Phase": "C",
                "Substation": "CLEAR LAKE",
                "Map_location": "159032715",
                "PARCEL_NUMBER": null
            },
            "geometry": {
                "type": "Point",
                "coordinates": [
                    -92.09393019999978,
                    47.827611900009714
                ]
            }
        },
        {
            "type": "Feature",
            "properties": {
                "Name": "KOSKI STEVEN H",
                "Address": "1461 COOP PT RD",
                "Phone": "2183801056",
                "Phase": "C",
                "Substation": "CLEAR LAKE",
                "Map_location": "159032714",
                "PARCEL_NUMBER": null
            },
            "geometry": {
                "type": "Point",
                "coordinates": [
                    -92.09449899999979,
                    47.82738600000971
                ]
            }
        },
        {
            "type": "Feature",
            "properties": {
                "Name": "WALTER JEFF J",
                "Address": "1458 COOP PT RD",
                "Phone": "6122019142",
                "Phase": "C",
                "Substation": "CLEAR LAKE",
                "Map_location": "159032742",
                "PARCEL_NUMBER": null
            },
            "geometry": {
                "type": "Point",
                "coordinates": [
                    -92.09445189999978,
                    47.826794900009695
                ]
            }
        },
        {
            "type": "Feature",
            "properties": {
                "Name": "SALO JANICE MARIE",
                "Address": "1456 COOP PT RD",
                "Phone": "6514372618",
                "Phase": "C",
                "Substation": "CLEAR LAKE",
                "Map_location": "159032796",
                "PARCEL_NUMBER": null
            },
            "geometry": {
                "type": "Point",
                "coordinates": [
                    -92.09471959999979,
                    47.826832800009704
                ]
            }
        },
        {
            "type": "Feature",
            "properties": {
                "Name": "IVONEN JON F",
                "Address": "1455 COOP POINT RD",
                "Phone": "8174750556",
                "Phase": "C",
                "Substation": "CLEAR LAKE",
                "Map_location": "159032789",
                "PARCEL_NUMBER": null
            },
            "geometry": {
                "type": "Point",
                "coordinates": [
                    -92.09484199999977,
                    47.826983000009704
                ]
            }
        },
        {
            "type": "Feature",
            "properties": {
                "Name": "KETTUNEN ERIC G",
                "Address": "1446 CO OP POINT RD",
                "Phone": "6128603073",
                "Phase": "C",
                "Substation": "CLEAR LAKE",
                "Map_location": "159032799",
                "PARCEL_NUMBER": null
            },
            "geometry": {
                "type": "Point",
                "coordinates": [
                    -92.09487319999978,
                    47.82662500000971
                ]
            }
        },
        {
            "type": "Feature",
            "properties": {
                "Name": "KOSKI SALLY KAY",
                "Address": "1453 COOP PT RD",
                "Phone": "2187602036",
                "Phase": "C",
                "Substation": "CLEAR LAKE",
                "Map_location": "159032777",
                "PARCEL_NUMBER": null
            },
            "geometry": {
                "type": "Point",
                "coordinates": [
                    -92.09493989999979,
                    47.82702790000971
                ]
            }
        },
        {
            "type": "Feature",
            "properties": {
                "Name": "YEADON MICHELE L",
                "Address": "1476 COOP POINT RD",
                "Phone": "5072595381",
                "Phase": "C",
                "Substation": "CLEAR LAKE",
                "Map_location": "159062604",
                "PARCEL_NUMBER": null
            },
            "geometry": {
                "type": "Point",
                "coordinates": [
                    -92.09387389999979,
                    47.828804200009714
                ]
            }
        },
        {
            "type": "Feature",
            "properties": {
                "Name": "SIMONSON MARGARET JOAN",
                "Address": "1487 COOP PT RD",
                "Phone": "6512705258",
                "Phase": "C",
                "Substation": "CLEAR LAKE",
                "Map_location": "159032711",
                "PARCEL_NUMBER": null
            },
            "geometry": {
                "type": "Point",
                "coordinates": [
                    -92.09387083101194,
                    47.82869599480479
                ]
            }
        },
        {
            "type": "Feature",
            "properties": {
                "Name": "ROSANDICH ROGER",
                "Address": "1491 COOP PT RD",
                "Phone": "2187411165",
                "Phase": "C",
                "Substation": "CLEAR LAKE",
                "Map_location": "159032710",
                "PARCEL_NUMBER": null
            },
            "geometry": {
                "type": "Point",
                "coordinates": [
                    -92.09430469999978,
                    47.82913650000972
                ]
            }
        },
        {
            "type": "Feature",
            "properties": {
                "Name": "DAVIDSON JOLENE KAY",
                "Address": "1493 COOP PT",
                "Phone": "3202745614",
                "Phase": "C",
                "Substation": "CLEAR LAKE",
                "Map_location": "159032782",
                "PARCEL_NUMBER": null
            },
            "geometry": {
                "type": "Point",
                "coordinates": [
                    -92.09475749999979,
                    47.82936290000971
                ]
            }
        },
        {
            "type": "Feature",
            "properties": {
                "Name": "MCDONALD JAMES P",
                "Address": "1497 BEAR HEAD ST PK RD",
                "Phone": "5073814040",
                "Phase": "C",
                "Substation": "CLEAR LAKE",
                "Map_location": "159032709",
                "PARCEL_NUMBER": null
            },
            "geometry": {
                "type": "Point",
                "coordinates": [
                    -92.0951,
                    47.82988600000006
                ]
            }
        },
        {
            "type": "Feature",
            "properties": {
                "Name": "ANDREAE ALAN B",
                "Address": "1499 BEARHEAD STATE PARK ROAD",
                "Phone": "2182351010",
                "Phase": "C",
                "Substation": "CLEAR LAKE",
                "Map_location": "159032741",
                "PARCEL_NUMBER": null
            },
            "geometry": {
                "type": "Point",
                "coordinates": [
                    -92.09538289999979,
                    47.82999210000971
                ]
            }
        },
        {
            "type": "Feature",
            "properties": {
                "Name": "O'HARA-FRYKMAN ANN MARIE",
                "Address": "1503 BEAR HEAD ST PK",
                "Phone": "6122701220",
                "Phase": "C",
                "Substation": "CLEAR LAKE",
                "Map_location": "159032708",
                "PARCEL_NUMBER": null
            },
            "geometry": {
                "type": "Point",
                "coordinates": [
                    -92.09543039999978,
                    47.83026340000971
                ]
            }
        },
        {
            "type": "Feature",
            "properties": {
                "Name": "CHRISTIANSON SCOTT B",
                "Address": "1515 BEARHEAD ST PK RD",
                "Phone": "6129683822",
                "Phase": "A",
                "Substation": "CLEAR LAKE",
                "Map_location": "159032210",
                "PARCEL_NUMBER": null
            },
            "geometry": {
                "type": "Point",
                "coordinates": [
                    -92.09617729999978,
                    47.831289300009715
                ]
            }
        },
        {
            "type": "Feature",
            "properties": {
                "Name": "GROTHE NEAL C",
                "Address": "1507 BEARHEAD ST PK",
                "Phone": "6513316554",
                "Phase": "C",
                "Substation": "CLEAR LAKE",
                "Map_location": "159032740",
                "PARCEL_NUMBER": null
            },
            "geometry": {
                "type": "Point",
                "coordinates": [
                    -92.09577519999979,
                    47.83052460000972
                ]
            }
        },
        {
            "type": "Feature",
            "properties": {
                "Name": "LEARY SARA B",
                "Address": "1477 BEARHEAD ST PK",
                "Phone": "7817801805",
                "Phase": "C",
                "Substation": "CLEAR LAKE",
                "Map_location": "159062673",
                "PARCEL_NUMBER": null
            },
            "geometry": {
                "type": "Point",
                "coordinates": [
                    -92.09062089999979,
                    47.8268402000097
                ]
            }
        },
        {
            "type": "Feature",
            "properties": {
                "Name": "CRICHTON NICHOLAS J",
                "Address": "1458 BEAR HEAD ST PK RD",
                "Phone": "6512704893",
                "Phase": "A",
                "Substation": "CLEAR LAKE",
                "Map_location": "159062676",
                "PARCEL_NUMBER": null
            },
            "geometry": {
                "type": "Point",
                "coordinates": [
                    -92.08474999999977,
                    47.82637500000971
                ]
            }
        },
        {
            "type": "Feature",
            "properties": {
                "Name": "MEIER GORDON HUGH",
                "Address": "3780 RUSTIC WOOD DR",
                "Phone": "2183655567",
                "Phase": "A",
                "Substation": "CLEAR LAKE",
                "Map_location": "159062678",
                "PARCEL_NUMBER": null
            },
            "geometry": {
                "type": "Point",
                "coordinates": [
                    -92.08228370741213,
                    47.82237474021989
                ]
            }
        },
        {
            "type": "Feature",
            "properties": {
                "Name": "WALLIN KAREN LEE",
                "Address": "3772 RUSTIC WOOD RD",
                "Phone": "8157842304",
                "Phase": "A",
                "Substation": "CLEAR LAKE",
                "Map_location": "159062621",
                "PARCEL_NUMBER": null
            },
            "geometry": {
                "type": "Point",
                "coordinates": [
                    -92.08151849999977,
                    47.822283500009696
                ]
            }
        },
        {
            "type": "Feature",
            "properties": {
                "Name": "SNUGGERUD WILLIAM A",
                "Address": "3794 RUSTIC WOOD ROAD",
                "Phone": "9522884178",
                "Phase": "A",
                "Substation": "CLEAR LAKE",
                "Map_location": "159062606",
                "PARCEL_NUMBER": null
            },
            "geometry": {
                "type": "Point",
                "coordinates": [
                    -92.08261312828199,
                    47.82288948002432
                ]
            }
        },
        {
            "type": "Feature",
            "properties": {
                "Name": "HARMON RICHARD",
                "Address": "1453 BEARHEAD ST PK",
                "Phone": "5154501467",
                "Phase": "A",
                "Substation": "CLEAR LAKE",
                "Map_location": "159062651",
                "PARCEL_NUMBER": null
            },
            "geometry": {
                "type": "Point",
                "coordinates": [
                    -92.08363459999977,
                    47.8231489000097
                ]
            }
        },
        {
            "type": "Feature",
            "properties": {
                "Name": "CAROTHERS GARY D",
                "Address": "1467 BEAR HEAD ST PK",
                "Phone": "6145814618",
                "Phase": "A",
                "Substation": "CLEAR LAKE",
                "Map_location": "159062665",
                "PARCEL_NUMBER": null
            },
            "geometry": {
                "type": "Point",
                "coordinates": [
                    -92.08725649999978,
                    47.82378060000969
                ]
            }
        },
        {
            "type": "Feature",
            "properties": {
                "Name": "GIEGERICH BARBARA J",
                "Address": "1465 BEAR HEAD ST PK",
                "Phone": "8157290629",
                "Phase": "A",
                "Substation": "CLEAR LAKE",
                "Map_location": "159062645",
                "PARCEL_NUMBER": null
            },
            "geometry": {
                "type": "Point",
                "coordinates": [
                    -92.08718759999978,
                    47.82387520000971
                ]
            }
        },
        {
            "type": "Feature",
            "properties": {
                "Name": "GIERICH KENNETH",
                "Address": "1463 BEARHEAD ST PK RD",
                "Phone": "3095307932",
                "Phase": "A",
                "Substation": "CLEAR LAKE",
                "Map_location": "159062644",
                "PARCEL_NUMBER": null
            },
            "geometry": {
                "type": "Point",
                "coordinates": [
                    -92.08666059999977,
                    47.8238078000097
                ]
            }
        },
        {
            "type": "Feature",
            "properties": {
                "Name": "SCHULZE GEORGE S",
                "Address": "1461 BEARHEAD ST PK RD",
                "Phone": "7634347219",
                "Phase": "A",
                "Substation": "CLEAR LAKE",
                "Map_location": "159062620",
                "PARCEL_NUMBER": null
            },
            "geometry": {
                "type": "Point",
                "coordinates": [
                    -92.08608519999979,
                    47.82386540000971
                ]
            }
        },
        {
            "type": "Feature",
            "properties": {
                "Name": "MORAVITZ RONALD S",
                "Address": "1459 BEARHEAD ST PK",
                "Phone": "2183655984",
                "Phase": "A",
                "Substation": "CLEAR LAKE",
                "Map_location": "159062646",
                "PARCEL_NUMBER": null
            },
            "geometry": {
                "type": "Point",
                "coordinates": [
                    -92.08583789999977,
                    47.82352950000971
                ]
            }
        },
        {
            "type": "Feature",
            "properties": {
                "Name": "BALL GINGER",
                "Address": "1471 BEARHEAD ST PK RD",
                "Phone": "9524745363",
                "Phase": "A",
                "Substation": "CLEAR LAKE",
                "Map_location": "159062618",
                "PARCEL_NUMBER": null
            },
            "geometry": {
                "type": "Point",
                "coordinates": [
                    -92.08799559999977,
                    47.82380950000971
                ]
            }
        },
        {
            "type": "Feature",
            "properties": {
                "Name": "STEPHENS BRADLEY S",
                "Address": "1469 BEARHEAD STATE PARK RD",
                "Phone": "6517920205",
                "Phase": "A",
                "Substation": "CLEAR LAKE",
                "Map_location": "159062619",
                "PARCEL_NUMBER": null
            },
            "geometry": {
                "type": "Point",
                "coordinates": [
                    -92.0879384999998,
                    47.82374530000971
                ]
            }
        },
        {
            "type": "Feature",
            "properties": {
                "Name": "DRZYCIMSKI DEB",
                "Address": "1457 BEARHEAD STATE PARK RD",
                "Phone": "5152382503",
                "Phase": "A",
                "Substation": "CLEAR LAKE",
                "Map_location": "159062666",
                "PARCEL_NUMBER": null
            },
            "geometry": {
                "type": "Point",
                "coordinates": [
                    -92.08454859999978,
                    47.823422500009706
                ]
            }
        },
        {
            "type": "Feature",
            "properties": {
                "Name": "GAULKE GREGORY N",
                "Address": "1455 BEAR HEAD ST PK RD",
                "Phone": "2182351911",
                "Phase": "A",
                "Substation": "CLEAR LAKE",
                "Map_location": "159062697",
                "PARCEL_NUMBER": null
            },
            "geometry": {
                "type": "Point",
                "coordinates": [
                    -92.08367129999978,
                    47.823561500009724
                ]
            }
        },
        {
            "type": "Feature",
            "properties": {
                "Name": "MADDERN PHILIP D",
                "Address": "1417 BEARHEAD ST PK",
                "Phone": "2183656648",
                "Phase": "A",
                "Substation": "CLEAR LAKE",
                "Map_location": "159062652",
                "PARCEL_NUMBER": null
            },
            "geometry": {
                "type": "Point",
                "coordinates": [
                    -92.07489249999978,
                    47.82421030000972
                ]
            }
        },
        {
            "type": "Feature",
            "properties": {
                "Name": "SWENSON DUANE",
                "Address": "1411 BEARHEAD ST PARK R",
                "Phone": "6514263355",
                "Phase": "A",
                "Substation": "CLEAR LAKE",
                "Map_location": "159062670",
                "PARCEL_NUMBER": null
            },
            "geometry": {
                "type": "Point",
                "coordinates": [
                    -92.07325659999977,
                    47.822994000009714
                ]
            }
        },
        {
            "type": "Feature",
            "properties": {
                "Name": "SLADE BARBARA",
                "Address": "1382 BEAR HEAD ST PK RD",
                "Phone": "3312164474",
                "Phase": "A",
                "Substation": "CLEAR LAKE",
                "Map_location": "159022521",
                "PARCEL_NUMBER": null
            },
            "geometry": {
                "type": "Point",
                "coordinates": [
                    -92.06616829999977,
                    47.82383320000972
                ]
            }
        },
        {
            "type": "Feature",
            "properties": {
                "Name": "MIKKELSON DIRK R",
                "Address": "1384 BEARHEAD ST PK RD",
                "Phone": "6122477093",
                "Phase": "A",
                "Substation": "CLEAR LAKE",
                "Map_location": "159022541",
                "PARCEL_NUMBER": null
            },
            "geometry": {
                "type": "Point",
                "coordinates": [
                    -92.06661139999977,
                    47.823684600009706
                ]
            }
        },
        {
            "type": "Feature",
            "properties": {
                "Name": "JUNEK GREGORY E",
                "Address": "3627 WEST LAKE 4 RD",
                "Phone": "2182353991",
                "Phase": "A",
                "Substation": "CLEAR LAKE",
                "Map_location": "159022524",
                "PARCEL_NUMBER": null
            },
            "geometry": {
                "type": "Point",
                "coordinates": [
                    -92.06168459999977,
                    47.82595480000971
                ]
            }
        },
        {
            "type": "Feature",
            "properties": {
                "Name": "RUND TIMOTHY J",
                "Address": "3623 W LAKE FOUR RD",
                "Phone": "7039756098",
                "Phase": "A",
                "Substation": "CLEAR LAKE",
                "Map_location": "159022536",
                "PARCEL_NUMBER": "395013400290.0"
            },
            "geometry": {
                "type": "Point",
                "coordinates": [
                    -92.06173109999976,
                    47.825921700009715
                ]
            }
        },
        {
            "type": "Feature",
            "properties": {
                "Name": "NOVAK TRAVIS",
                "Address": "3607 LAKE FOUR RD W",
                "Phone": "6124810835",
                "Phase": "A",
                "Substation": "CLEAR LAKE",
                "Map_location": "159022537",
                "PARCEL_NUMBER": null
            },
            "geometry": {
                "type": "Point",
                "coordinates": [
                    -92.05983279999975,
                    47.82510380000972
                ]
            }
        },
        {
            "type": "Feature",
            "properties": {
                "Name": "JAM DENISE K",
                "Address": "3609 W LAKE 4 RD",
                "Phone": "2182357142",
                "Phase": "A",
                "Substation": "CLEAR LAKE",
                "Map_location": "159022540",
                "PARCEL_NUMBER": null
            },
            "geometry": {
                "type": "Point",
                "coordinates": [
                    -92.06031129999975,
                    47.825603600009714
                ]
            }
        },
        {
            "type": "Feature",
            "properties": {
                "Name": "STOCKEY WALTER M",
                "Address": "3613 W LAKE FOUR RD",
                "Phone": "2187491953",
                "Phase": "A",
                "Substation": "CLEAR LAKE",
                "Map_location": "159022531",
                "PARCEL_NUMBER": null
            },
            "geometry": {
                "type": "Point",
                "coordinates": [
                    -92.06041659999975,
                    47.82630660000971
                ]
            }
        },
        {
            "type": "Feature",
            "properties": {
                "Name": "KROETZ JERRY",
                "Address": "3615 W LAKE FOUR RD",
                "Phone": "6082352282",
                "Phase": "A",
                "Substation": "CLEAR LAKE",
                "Map_location": "159022532",
                "PARCEL_NUMBER": null
            },
            "geometry": {
                "type": "Point",
                "coordinates": [
                    -92.05939899999976,
                    47.82660320000971
                ]
            }
        },
        {
            "type": "Feature",
            "properties": {
                "Name": "HILLMEYER MICHAEL JOSEPH",
                "Address": "3617 W LAKE 4 RD",
                "Phone": "2183100890",
                "Phase": "A",
                "Substation": "CLEAR LAKE",
                "Map_location": "159022533",
                "PARCEL_NUMBER": null
            },
            "geometry": {
                "type": "Point",
                "coordinates": [
                    -92.05955799999975,
                    47.82698180000971
                ]
            }
        },
        {
            "type": "Feature",
            "properties": {
                "Name": "TRAIL-JOHNSON DOUGLAS MARK",
                "Address": "3501 E LAKE FOUR RD",
                "Phone": "6512281332",
                "Phase": "A",
                "Substation": "CLEAR LAKE",
                "Map_location": "159022501",
                "PARCEL_NUMBER": null
            },
            "geometry": {
                "type": "Point",
                "coordinates": [
                    -92.05315499999976,
                    47.82975500000973
                ]
            }
        },
        {
            "type": "Feature",
            "properties": {
                "Name": "OJALA DANIEL A",
                "Address": "3505 E LAKE 4 RD",
                "Phone": "2183653269",
                "Phase": "A",
                "Substation": "CLEAR LAKE",
                "Map_location": "159022505",
                "PARCEL_NUMBER": null
            },
            "geometry": {
                "type": "Point",
                "coordinates": [
                    -92.05433009999976,
                    47.830096300009714
                ]
            }
        },
        {
            "type": "Feature",
            "properties": {
                "Name": "KNIGHTS DANIEL",
                "Address": "3509 E LAKE FOUR RD",
                "Phone": "5109009015",
                "Phase": "A",
                "Substation": "CLEAR LAKE",
                "Map_location": "159022507",
                "PARCEL_NUMBER": null
            },
            "geometry": {
                "type": "Point",
                "coordinates": [
                    -92.05478219999976,
                    47.82973540000972
                ]
            }
        },
        {
            "type": "Feature",
            "properties": {
                "Name": "MADUENA JAMES",
                "Address": "3519 E LAKE 4 RD",
                "Phone": "5052502236",
                "Phase": "A",
                "Substation": "CLEAR LAKE",
                "Map_location": "159022538",
                "PARCEL_NUMBER": null
            },
            "geometry": {
                "type": "Point",
                "coordinates": [
                    -92.05728449999975,
                    47.8293479000097
                ]
            }
        },
        {
            "type": "Feature",
            "properties": {
                "Name": "MULLENBACH RICHARD A",
                "Address": "3521 E LK 4 RD",
                "Phone": null,
                "Phase": "A",
                "Substation": "CLEAR LAKE",
                "Map_location": "159022504",
                "PARCEL_NUMBER": null
            },
            "geometry": {
                "type": "Point",
                "coordinates": [
                    -92.05742644999977,
                    47.8292350800097
                ]
            }
        },
        {
            "type": "Feature",
            "properties": {
                "Name": "DEROSIER BRANDON MICHAEL",
                "Address": "3525 E LAKE FOUR RD",
                "Phone": "2184914337",
                "Phase": "A",
                "Substation": "CLEAR LAKE",
                "Map_location": "159022514",
                "PARCEL_NUMBER": "317011000130.0"
            },
            "geometry": {
                "type": "Point",
                "coordinates": [
                    -92.05661599999976,
                    47.82803770000971
                ]
            }
        },
        {
            "type": "Feature",
            "properties": {
                "Name": "DEROSIER BRANDON MICHAEL",
                "Address": "3525 E LAKE FOUR RD",
                "Phone": "2184914337",
                "Phase": "A",
                "Substation": "CLEAR LAKE",
                "Map_location": "159022514",
                "PARCEL_NUMBER": "317011000140.0"
            },
            "geometry": {
                "type": "Point",
                "coordinates": [
                    -92.05661599999976,
                    47.82803770000971
                ]
            }
        },
        {
            "type": "Feature",
            "properties": {
                "Name": "OSTERGREN DOUGLAS W",
                "Address": "3527 E LAKE FOUR RD",
                "Phone": "6514847947",
                "Phase": "A",
                "Substation": "CLEAR LAKE",
                "Map_location": "159022539",
                "PARCEL_NUMBER": null
            },
            "geometry": {
                "type": "Point",
                "coordinates": [
                    -92.05669959999976,
                    47.828028200009705
                ]
            }
        },
        {
            "type": "Feature",
            "properties": {
                "Name": "MOGUSH JEFFREY",
                "Address": "3529 EAST LAKE FOUR RD",
                "Phone": "2183657645",
                "Phase": "A",
                "Substation": "CLEAR LAKE",
                "Map_location": "159022517",
                "PARCEL_NUMBER": null
            },
            "geometry": {
                "type": "Point",
                "coordinates": [
                    -92.05604559999976,
                    47.827403900009706
                ]
            }
        },
        {
            "type": "Feature",
            "properties": {
                "Name": "GOLDER SUZANNE MARIE",
                "Address": "13930 E LAKE FOUR RD",
                "Phone": "9524234073",
                "Phase": "A",
                "Substation": "CLEAR LAKE",
                "Map_location": "159022519",
                "PARCEL_NUMBER": null
            },
            "geometry": {
                "type": "Point",
                "coordinates": [
                    -92.05590839999977,
                    47.82572340000973
                ]
            }
        },
        {
            "type": "Feature",
            "properties": {
                "Name": "MCCASLAND THOMAS",
                "Address": "3596 W. LAKE FOUR ROAD",
                "Phone": "7134444151",
                "Phase": "A",
                "Substation": "CLEAR LAKE",
                "Map_location": "159022543",
                "PARCEL_NUMBER": null
            },
            "geometry": {
                "type": "Point",
                "coordinates": [
                    -92.05918229999976,
                    47.82459640000971
                ]
            }
        },
        {
            "type": "Feature",
            "properties": {
                "Name": "CRACAS FAMILY TRU ST",
                "Address": "3597 WEST LAKE FOUR RD",
                "Phone": "8603073072",
                "Phase": "A",
                "Substation": "CLEAR LAKE",
                "Map_location": "159022527",
                "PARCEL_NUMBER": null
            },
            "geometry": {
                "type": "Point",
                "coordinates": [
                    -92.05910336590829,
                    47.82488613654829
                ]
            }
        },
        {
            "type": "Feature",
            "properties": {
                "Name": "BRENKE DOUGLAS L",
                "Address": "3591 W LAKE FOUR RD",
                "Phone": "5073824748",
                "Phase": "A",
                "Substation": "CLEAR LAKE",
                "Map_location": "159022525",
                "PARCEL_NUMBER": null
            },
            "geometry": {
                "type": "Point",
                "coordinates": [
                    -92.05837169999975,
                    47.825021000009706
                ]
            }
        },
        {
            "type": "Feature",
            "properties": {
                "Name": "RUTHFORD PAULETTE M",
                "Address": "1407 E LAKE FOUR RD",
                "Phone": "6127010931",
                "Phase": "A",
                "Substation": "CLEAR LAKE",
                "Map_location": "159022542",
                "PARCEL_NUMBER": null
            },
            "geometry": {
                "type": "Point",
                "coordinates": [
                    -92.05763079999976,
                    47.82399220000971
                ]
            }
        },
        {
            "type": "Feature",
            "properties": {
                "Name": "EAGLES NEST 4 LLC",
                "Address": "3575 E LAKE FOUR RD",
                "Phone": "9524523878",
                "Phase": "A",
                "Substation": "CLEAR LAKE",
                "Map_location": "159022520",
                "PARCEL_NUMBER": null
            },
            "geometry": {
                "type": "Point",
                "coordinates": [
                    -92.05652899999976,
                    47.8253534000097
                ]
            }
        },
        {
            "type": "Feature",
            "properties": {
                "Name": "CHOQUETTE DAVID M",
                "Address": "1371 BEARHEAD ST PK RD",
                "Phone": "2183432626",
                "Phase": "A",
                "Substation": "CLEAR LAKE",
                "Map_location": "159022522",
                "PARCEL_NUMBER": null
            },
            "geometry": {
                "type": "Point",
                "coordinates": [
                    -92.06423789999977,
                    47.81955880000971
                ]
            }
        },
        {
            "type": "Feature",
            "properties": {
                "Name": "BEARHEAD LAKE STA TE PARK",
                "Address": "9301 BEARHEAD LAKE STATE PARK",
                "Phone": "2182352521",
                "Phase": "A",
                "Substation": "CLEAR LAKE",
                "Map_location": "172000204",
                "PARCEL_NUMBER": null
            },
            "geometry": {
                "type": "Point",
                "coordinates": [
                    -92.0789095459685,
                    47.79456893996943
                ]
            }
        },
        {
            "type": "Feature",
            "properties": {
                "Name": "STATE OF MINNESOT A",
                "Address": "9301 BEAR HEAD STATE PK RD",
                "Phone": "2182352521",
                "Phase": "A",
                "Substation": "CLEAR LAKE",
                "Map_location": "172000201",
                "PARCEL_NUMBER": null
            },
            "geometry": {
                "type": "Point",
                "coordinates": [
                    -92.08299079999978,
                    47.79433690000968
                ]
            }
        },
        {
            "type": "Feature",
            "properties": {
                "Name": "STATE OF MINNESOT A",
                "Address": "9311 BEARHEAD STATE PARK RD",
                "Phone": "2182352521",
                "Phase": "A",
                "Substation": "CLEAR LAKE",
                "Map_location": "172000202",
                "PARCEL_NUMBER": null
            },
            "geometry": {
                "type": "Point",
                "coordinates": [
                    -92.08276366999978,
                    47.79490280000969
                ]
            }
        },
        {
            "type": "Feature",
            "properties": {
                "Name": "STATE OF MINNESOT A",
                "Address": "9301 BEAR HEAD RD",
                "Phone": "2183352521",
                "Phase": "A",
                "Substation": "CLEAR LAKE",
                "Map_location": "172000203",
                "PARCEL_NUMBER": null
            },
            "geometry": {
                "type": "Point",
                "coordinates": [
                    -92.08347545015326,
                    47.79143965638995
                ]
            }
        },
        {
            "type": "Feature",
            "properties": {
                "Name": "BEARHEAD LAKE STA TE PARK",
                "Address": "EMBARRASS",
                "Phone": "2182352521",
                "Phase": "A",
                "Substation": "CLEAR LAKE",
                "Map_location": "172000205",
                "PARCEL_NUMBER": null
            },
            "geometry": {
                "type": "Point",
                "coordinates": [
                    -92.08504919999977,
                    47.79150250000968
                ]
            }
        },
        {
            "type": "Feature",
            "properties": {
                "Name": "BENN JEFF",
                "Address": "3869 SWANSON SHORES DR",
                "Phone": "3202411921",
                "Phase": "B",
                "Substation": "CLEAR LAKE",
                "Map_location": "159043493",
                "PARCEL_NUMBER": null
            },
            "geometry": {
                "type": "Point",
                "coordinates": [
                    -92.09398229999978,
                    47.80672160000967
                ]
            }
        },
        {
            "type": "Feature",
            "properties": {
                "Name": "MCGURRAN KELLY T",
                "Address": "3857 SWANSON SHORES RD",
                "Phone": "6513237405",
                "Phase": "B",
                "Substation": "CLEAR LAKE",
                "Map_location": "159043483",
                "PARCEL_NUMBER": null
            },
            "geometry": {
                "type": "Point",
                "coordinates": [
                    -92.09392159999979,
                    47.8071496000097
                ]
            }
        },
        {
            "type": "Feature",
            "properties": {
                "Name": "ZIEGLER MARY BE",
                "Address": "3849 SWANSON SHORES RD",
                "Phone": "5073347055",
                "Phase": "B",
                "Substation": "CLEAR LAKE",
                "Map_location": "159043487",
                "PARCEL_NUMBER": null
            },
            "geometry": {
                "type": "Point",
                "coordinates": [
                    -92.09324229999979,
                    47.80768780000969
                ]
            }
        },
        {
            "type": "Feature",
            "properties": {
                "Name": "BERNARDSON DAVID MARK",
                "Address": "3845 SWANSON SHRS RD",
                "Phone": "7636569126",
                "Phase": "B",
                "Substation": "CLEAR LAKE",
                "Map_location": "159043468",
                "PARCEL_NUMBER": null
            },
            "geometry": {
                "type": "Point",
                "coordinates": [
                    -92.09381779999978,
                    47.80826900000969
                ]
            }
        },
        {
            "type": "Feature",
            "properties": {
                "Name": "THOMPSON-TRUST BETTY L",
                "Address": "3833 SWANSON SHORES",
                "Phone": "5152303560",
                "Phase": "B",
                "Substation": "CLEAR LAKE",
                "Map_location": "159043462",
                "PARCEL_NUMBER": null
            },
            "geometry": {
                "type": "Point",
                "coordinates": [
                    -92.09433279999979,
                    47.80892440000969
                ]
            }
        },
        {
            "type": "Feature",
            "properties": {
                "Name": "ZIMMERMAN TOM H",
                "Address": "3877 SWANSONS SHORES RD",
                "Phone": "6512600342",
                "Phase": "B",
                "Substation": "CLEAR LAKE",
                "Map_location": "159043477",
                "PARCEL_NUMBER": null
            },
            "geometry": {
                "type": "Point",
                "coordinates": [
                    -92.09417259999978,
                    47.80533680000968
                ]
            }
        },
        {
            "type": "Feature",
            "properties": {
                "Name": "MOORE THOMAS E",
                "Address": "3891 SWANSON SHORE RD",
                "Phone": "3202609264",
                "Phase": "B",
                "Substation": "CLEAR LAKE",
                "Map_location": "159043478",
                "PARCEL_NUMBER": null
            },
            "geometry": {
                "type": "Point",
                "coordinates": [
                    -92.09443749999977,
                    47.80454560000969
                ]
            }
        },
        {
            "type": "Feature",
            "properties": {
                "Name": "KEMP JULIE R",
                "Address": "3907 SWANSON SHORES",
                "Phone": "6512021724",
                "Phase": "B",
                "Substation": "CLEAR LAKE",
                "Map_location": "159043481",
                "PARCEL_NUMBER": null
            },
            "geometry": {
                "type": "Point",
                "coordinates": [
                    -92.09690243678628,
                    47.80399500343499
                ]
            }
        },
        {
            "type": "Feature",
            "properties": {
                "Name": "MINK DAVID H",
                "Address": "3929 SWANSON SHORES RD",
                "Phone": "6513343865",
                "Phase": "B",
                "Substation": "CLEAR LAKE",
                "Map_location": "159043498",
                "PARCEL_NUMBER": null
            },
            "geometry": {
                "type": "Point",
                "coordinates": [
                    -92.09851449999978,
                    47.80392280000969
                ]
            }
        },
        {
            "type": "Feature",
            "properties": {
                "Name": "ERZAR THOMAS B",
                "Address": "1163 JESSE L BLVD",
                "Phone": "3202491096",
                "Phase": "B",
                "Substation": "CLEAR LAKE",
                "Map_location": "159043439",
                "PARCEL_NUMBER": null
            },
            "geometry": {
                "type": "Point",
                "coordinates": [
                    -92.10617899999978,
                    47.80620310000968
                ]
            }
        },
        {
            "type": "Feature",
            "properties": {
                "Name": "KAPPENMAN JOHN G",
                "Address": "1150 JESSE BLVD",
                "Phone": "2183914015",
                "Phase": "B",
                "Substation": "CLEAR LAKE",
                "Map_location": "159043479",
                "PARCEL_NUMBER": null
            },
            "geometry": {
                "type": "Point",
                "coordinates": [
                    -92.10579309999979,
                    47.80527910000969
                ]
            }
        },
        {
            "type": "Feature",
            "properties": {
                "Name": "FRONTIER COMMUNIC ATIONS",
                "Address": "SWANSN SHRS AND JESE BLVD",
                "Phone": "7017071015",
                "Phase": "B",
                "Substation": "CLEAR LAKE",
                "Map_location": "159043474",
                "PARCEL_NUMBER": null
            },
            "geometry": {
                "type": "Point",
                "coordinates": [
                    -92.10414009999978,
                    47.80456900000969
                ]
            }
        },
        {
            "type": "Feature",
            "properties": {
                "Name": "SOMERMEYER MICHAEL",
                "Address": "3989 SWANSON SHORES RD",
                "Phone": "6512928533",
                "Phase": "B",
                "Substation": "CLEAR LAKE",
                "Map_location": "159043467",
                "PARCEL_NUMBER": null
            },
            "geometry": {
                "type": "Point",
                "coordinates": [
                    -92.10490879999979,
                    47.80475580000969
                ]
            }
        },
        {
            "type": "Feature",
            "properties": {
                "Name": "RHOADES DEBRA LEE",
                "Address": "3997 SWANSON SHORES RD",
                "Phone": "3199391961",
                "Phase": "B",
                "Substation": "CLEAR LAKE",
                "Map_location": "159043470",
                "PARCEL_NUMBER": null
            },
            "geometry": {
                "type": "Point",
                "coordinates": [
                    -92.10473559999978,
                    47.80360800000968
                ]
            }
        },
        {
            "type": "Feature",
            "properties": {
                "Name": "MUSTONEN LARRY E",
                "Address": "1252 WALSH RD",
                "Phone": "6514353008",
                "Phase": "A",
                "Substation": "CLEAR LAKE",
                "Map_location": "159043460",
                "PARCEL_NUMBER": null
            },
            "geometry": {
                "type": "Point",
                "coordinates": [
                    -92.1124189135996,
                    47.807938047250396
                ]
            }
        },
        {
            "type": "Feature",
            "properties": {
                "Name": "PENGAL FRANK MARK",
                "Address": "1250 WALSH RD",
                "Phone": "2189290195",
                "Phase": "A",
                "Substation": "CLEAR LAKE",
                "Map_location": "159043461",
                "PARCEL_NUMBER": null
            },
            "geometry": {
                "type": "Point",
                "coordinates": [
                    -92.11226060681341,
                    47.80796703859096
                ]
            }
        },
        {
            "type": "Feature",
            "properties": {
                "Name": "ELKINS BRYCE B",
                "Address": "1244 WALSH RD",
                "Phone": "2606913778",
                "Phase": "A",
                "Substation": "CLEAR LAKE",
                "Map_location": "159043463",
                "PARCEL_NUMBER": "317019100060.0"
            },
            "geometry": {
                "type": "Point",
                "coordinates": [
                    -92.1142024999998,
                    47.807887100009694
                ]
            }
        },
        {
            "type": "Feature",
            "properties": {
                "Name": "ELKINS BRYCE B",
                "Address": "1244 WALSH RD",
                "Phone": "2606913778",
                "Phase": "A",
                "Substation": "CLEAR LAKE",
                "Map_location": "159043463",
                "PARCEL_NUMBER": "317019000030.0"
            },
            "geometry": {
                "type": "Point",
                "coordinates": [
                    -92.1142024999998,
                    47.807887100009694
                ]
            }
        },
        {
            "type": "Feature",
            "properties": {
                "Name": "ELKINS NANCY J",
                "Address": "1246 WALSH RD",
                "Phone": "2187809904",
                "Phase": "A",
                "Substation": "CLEAR LAKE",
                "Map_location": "159043490",
                "PARCEL_NUMBER": null
            },
            "geometry": {
                "type": "Point",
                "coordinates": [
                    -92.1141803999998,
                    47.807842500009706
                ]
            }
        },
        {
            "type": "Feature",
            "properties": {
                "Name": "RUNQUIST JONAS ANDREW",
                "Address": "1251 WALSH RD",
                "Phone": "6125906242",
                "Phase": "C",
                "Substation": "CLEAR LAKE",
                "Map_location": "159043499",
                "PARCEL_NUMBER": null
            },
            "geometry": {
                "type": "Point",
                "coordinates": [
                    -92.1146862999998,
                    47.80929100000969
                ]
            }
        },
        {
            "type": "Feature",
            "properties": {
                "Name": "VAN KOOTEN RICHARD J",
                "Address": "1241 WALSH RD",
                "Phone": "8123602634",
                "Phase": "C",
                "Substation": "CLEAR LAKE",
                "Map_location": "159043488",
                "PARCEL_NUMBER": null
            },
            "geometry": {
                "type": "Point",
                "coordinates": [
                    -92.11508829999978,
                    47.808478300009696
                ]
            }
        },
        {
            "type": "Feature",
            "properties": {
                "Name": "CARLSON DONALD J",
                "Address": "1242 WALSH RD",
                "Phone": "2187803910",
                "Phase": "B",
                "Substation": "CLEAR LAKE",
                "Map_location": "159043489",
                "PARCEL_NUMBER": null
            },
            "geometry": {
                "type": "Point",
                "coordinates": [
                    -92.1149469999998,
                    47.80706860000968
                ]
            }
        },
        {
            "type": "Feature",
            "properties": {
                "Name": "NEMANICH MICHAEL",
                "Address": "1240 WALSH RD",
                "Phone": "7635451125",
                "Phase": "B",
                "Substation": "CLEAR LAKE",
                "Map_location": "159043476",
                "PARCEL_NUMBER": null
            },
            "geometry": {
                "type": "Point",
                "coordinates": [
                    -92.1154060999998,
                    47.807136300009695
                ]
            }
        },
        {
            "type": "Feature",
            "properties": {
                "Name": "VALENTIK BARBARA M",
                "Address": "1233 WALSH ROAD",
                "Phone": "2059142002",
                "Phase": "C",
                "Substation": "CLEAR LAKE",
                "Map_location": "159053324",
                "PARCEL_NUMBER": null
            },
            "geometry": {
                "type": "Point",
                "coordinates": [
                    -92.11659659999977,
                    47.80760660000969
                ]
            }
        },
        {
            "type": "Feature",
            "properties": {
                "Name": "PAVELICH GERALD",
                "Address": "4172 SWANSON SHORES RD",
                "Phone": "9522394596",
                "Phase": "C",
                "Substation": "CLEAR LAKE",
                "Map_location": "159053332",
                "PARCEL_NUMBER": null
            },
            "geometry": {
                "type": "Point",
                "coordinates": [
                    -92.1177402999998,
                    47.80677530000969
                ]
            }
        },
        {
            "type": "Feature",
            "properties": {
                "Name": "DECKER BEVERLY A",
                "Address": "1220 WALSH RD",
                "Phone": "6128755855",
                "Phase": "C",
                "Substation": "CLEAR LAKE",
                "Map_location": "159053325",
                "PARCEL_NUMBER": null
            },
            "geometry": {
                "type": "Point",
                "coordinates": [
                    -92.1177067999998,
                    47.80656640000971
                ]
            }
        },
        {
            "type": "Feature",
            "properties": {
                "Name": "ROTH SHANE",
                "Address": "4043 SWANSON SHORE RD",
                "Phone": "6122808075",
                "Phase": "C",
                "Substation": "CLEAR LAKE",
                "Map_location": "159043480",
                "PARCEL_NUMBER": null
            },
            "geometry": {
                "type": "Point",
                "coordinates": [
                    -92.10976389999979,
                    47.80162160000969
                ]
            }
        },
        {
            "type": "Feature",
            "properties": {
                "Name": "POTTER RONALD LEE",
                "Address": "4004 SWANSONS SHORES",
                "Phone": "2183653766",
                "Phase": "C",
                "Substation": "CLEAR LAKE",
                "Map_location": "172000301",
                "PARCEL_NUMBER": null
            },
            "geometry": {
                "type": "Point",
                "coordinates": [
                    -92.10160294422354,
                    47.79843706044719
                ]
            }
        },
        {
            "type": "Feature",
            "properties": {
                "Name": "KAWELL MARK A",
                "Address": "4025 SWANSON SHORES RD",
                "Phone": "6124905820",
                "Phase": "C",
                "Substation": "CLEAR LAKE",
                "Map_location": "159043473",
                "PARCEL_NUMBER": null
            },
            "geometry": {
                "type": "Point",
                "coordinates": [
                    -92.10605169999978,
                    47.80172110000968
                ]
            }
        },
        {
            "type": "Feature",
            "properties": {
                "Name": "BERGQUIST JOHN A",
                "Address": "4001 SWANSON SHORES",
                "Phone": "4808372855",
                "Phase": "B",
                "Substation": "CLEAR LAKE",
                "Map_location": "159043471",
                "PARCEL_NUMBER": null
            },
            "geometry": {
                "type": "Point",
                "coordinates": [
                    -92.10505209999978,
                    47.802549800009686
                ]
            }
        },
        {
            "type": "Feature",
            "properties": {
                "Name": "LENKER MARY F",
                "Address": "4087 NORWAY RD",
                "Phone": "9529035321",
                "Phase": "C",
                "Substation": "CLEAR LAKE",
                "Map_location": "159043426",
                "PARCEL_NUMBER": null
            },
            "geometry": {
                "type": "Point",
                "coordinates": [
                    -92.1144823999998,
                    47.8143280000097
                ]
            }
        },
        {
            "type": "Feature",
            "properties": {
                "Name": "ALDRIDGE RICHARD",
                "Address": "4088 NORWAY RD",
                "Phone": "7852601414",
                "Phase": "C",
                "Substation": "CLEAR LAKE",
                "Map_location": "159043416",
                "PARCEL_NUMBER": null
            },
            "geometry": {
                "type": "Point",
                "coordinates": [
                    -92.1146805999998,
                    47.814251900009715
                ]
            }
        },
        {
            "type": "Feature",
            "properties": {
                "Name": "HAGEMEYER LARRY A",
                "Address": "4097 NORWAY ROAD",
                "Phone": "5058228436",
                "Phase": "C",
                "Substation": "CLEAR LAKE",
                "Map_location": "159043342",
                "PARCEL_NUMBER": null
            },
            "geometry": {
                "type": "Point",
                "coordinates": [
                    -92.11530849999978,
                    47.8141940000097
                ]
            }
        },
        {
            "type": "Feature",
            "properties": {
                "Name": "SCHOBER MARK A",
                "Address": "1299 WALSH RD",
                "Phone": "2185907061",
                "Phase": "C",
                "Substation": "CLEAR LAKE",
                "Map_location": "159042766",
                "PARCEL_NUMBER": null
            },
            "geometry": {
                "type": "Point",
                "coordinates": [
                    -92.11109992587163,
                    47.81672692346068
                ]
            }
        },
        {
            "type": "Feature",
            "properties": {
                "Name": "FLESVIG RICHARD",
                "Address": "1298 WALSH RD",
                "Phone": "2183652253",
                "Phase": "C",
                "Substation": "CLEAR LAKE",
                "Map_location": "159043401",
                "PARCEL_NUMBER": null
            },
            "geometry": {
                "type": "Point",
                "coordinates": [
                    -92.10818789999978,
                    47.81482720000968
                ]
            }
        },
        {
            "type": "Feature",
            "properties": {
                "Name": "LAMPPA H ROGER",
                "Address": "1272 WALSH ROAD",
                "Phone": "6514827788",
                "Phase": "A",
                "Substation": "CLEAR LAKE",
                "Map_location": "159043427",
                "PARCEL_NUMBER": null
            },
            "geometry": {
                "type": "Point",
                "coordinates": [
                    -92.10910829999979,
                    47.8106038000097
                ]
            }
        },
        {
            "type": "Feature",
            "properties": {
                "Name": "LEENHOUTS WILLIAM J",
                "Address": "1276 WALSH RD",
                "Phone": "2482514057",
                "Phase": "A",
                "Substation": "CLEAR LAKE",
                "Map_location": "159043411",
                "PARCEL_NUMBER": null
            },
            "geometry": {
                "type": "Point",
                "coordinates": [
                    -92.10836849999978,
                    47.810773500009695
                ]
            }
        },
        {
            "type": "Feature",
            "properties": {
                "Name": "ANDERSON COREY D",
                "Address": "1280 WALSH RD",
                "Phone": "7634421950",
                "Phase": "A",
                "Substation": "CLEAR LAKE",
                "Map_location": "159043445",
                "PARCEL_NUMBER": null
            },
            "geometry": {
                "type": "Point",
                "coordinates": [
                    -92.10781139999979,
                    47.8113717000097
                ]
            }
        },
        {
            "type": "Feature",
            "properties": {
                "Name": "WHITE JAMES L",
                "Address": "1278 WALSH RD",
                "Phone": "2183652961",
                "Phase": "A",
                "Substation": "CLEAR LAKE",
                "Map_location": "159043486",
                "PARCEL_NUMBER": null
            },
            "geometry": {
                "type": "Point",
                "coordinates": [
                    -92.10815529999978,
                    47.81121450000968
                ]
            }
        },
        {
            "type": "Feature",
            "properties": {
                "Name": "ANDERSON BYRON JAMES",
                "Address": "1282 WALSH RD",
                "Phone": "2183657728",
                "Phase": "C",
                "Substation": "CLEAR LAKE",
                "Map_location": "159043410",
                "PARCEL_NUMBER": "317009000790.0"
            },
            "geometry": {
                "type": "Point",
                "coordinates": [
                    -92.10744886408467,
                    47.81174786801155
                ]
            }
        },
        {
            "type": "Feature",
            "properties": {
                "Name": "WHITE JAMES L",
                "Address": "1278 WALSH RD",
                "Phone": "2183652961",
                "Phase": "C",
                "Substation": "CLEAR LAKE",
                "Map_location": "159043482",
                "PARCEL_NUMBER": null
            },
            "geometry": {
                "type": "Point",
                "coordinates": [
                    -92.10884249999978,
                    47.811906700009686
                ]
            }
        },
        {
            "type": "Feature",
            "properties": {
                "Name": "NEMANICH GEORGE J",
                "Address": "1254 MINNESOTA LANE",
                "Phone": "7635469415",
                "Phase": "A",
                "Substation": "CLEAR LAKE",
                "Map_location": "159043431",
                "PARCEL_NUMBER": null
            },
            "geometry": {
                "type": "Point",
                "coordinates": [
                    -92.10575029999978,
                    47.813959200009705
                ]
            }
        },
        {
            "type": "Feature",
            "properties": {
                "Name": "TEKAUTZ JOHN",
                "Address": "1256 MINNESOTA LANE",
                "Phone": "2183653685",
                "Phase": "C",
                "Substation": "CLEAR LAKE",
                "Map_location": "159043447",
                "PARCEL_NUMBER": null
            },
            "geometry": {
                "type": "Point",
                "coordinates": [
                    -92.10711839999979,
                    47.8141954000097
                ]
            }
        },
        {
            "type": "Feature",
            "properties": {
                "Name": "STEFANICH RICHARD ALAN",
                "Address": "1252 MINNESOTA LANE",
                "Phone": "2187442205",
                "Phase": "A",
                "Substation": "CLEAR LAKE",
                "Map_location": "159043437",
                "PARCEL_NUMBER": null
            },
            "geometry": {
                "type": "Point",
                "coordinates": [
                    -92.10494439999978,
                    47.8135714000097
                ]
            }
        },
        {
            "type": "Feature",
            "properties": {
                "Name": "DAHL DAWN M",
                "Address": "1250 MINNESOTA LANE",
                "Phone": "2187802900",
                "Phase": "A",
                "Substation": "CLEAR LAKE",
                "Map_location": "159043432",
                "PARCEL_NUMBER": null
            },
            "geometry": {
                "type": "Point",
                "coordinates": [
                    -92.10397259999979,
                    47.8142398000097
                ]
            }
        },
        {
            "type": "Feature",
            "properties": {
                "Name": "TERAUDS JURIS",
                "Address": "1300 WALSH RD",
                "Phone": "6122011199",
                "Phase": "A",
                "Substation": "CLEAR LAKE",
                "Map_location": "159042720",
                "PARCEL_NUMBER": null
            },
            "geometry": {
                "type": "Point",
                "coordinates": [
                    -92.10475719999978,
                    47.8161498000097
                ]
            }
        },
        {
            "type": "Feature",
            "properties": {
                "Name": "SZEWCZYK PHIL",
                "Address": "1302 WALSH RD",
                "Phone": "7798611253",
                "Phase": "C",
                "Substation": "CLEAR LAKE",
                "Map_location": "159042721",
                "PARCEL_NUMBER": null
            },
            "geometry": {
                "type": "Point",
                "coordinates": [
                    -92.1063925999998,
                    47.81577310000971
                ]
            }
        },
        {
            "type": "Feature",
            "properties": {
                "Name": "LACKNER DONALD T",
                "Address": "1311 WALSH RD",
                "Phone": "9524658490",
                "Phase": "C",
                "Substation": "CLEAR LAKE",
                "Map_location": "159042792",
                "PARCEL_NUMBER": null
            },
            "geometry": {
                "type": "Point",
                "coordinates": [
                    -92.10712809999978,
                    47.817301300009696
                ]
            }
        },
        {
            "type": "Feature",
            "properties": {
                "Name": "NEWINSKI LAURA M",
                "Address": "1317 WALSH RD",
                "Phone": "6122320675",
                "Phase": "C",
                "Substation": "CLEAR LAKE",
                "Map_location": "159042791",
                "PARCEL_NUMBER": null
            },
            "geometry": {
                "type": "Point",
                "coordinates": [
                    -92.10698179999979,
                    47.8175229400097
                ]
            }
        },
        {
            "type": "Feature",
            "properties": {
                "Name": "SHEPEL LAWRENCE F",
                "Address": "1314 WALSH RD",
                "Phone": "3062274747",
                "Phase": "A",
                "Substation": "CLEAR LAKE",
                "Map_location": "159042728",
                "PARCEL_NUMBER": null
            },
            "geometry": {
                "type": "Point",
                "coordinates": [
                    -92.10450429999979,
                    47.816792500009704
                ]
            }
        },
        {
            "type": "Feature",
            "properties": {
                "Name": "BIRD JUSTINA M",
                "Address": "1318 WALSH RD",
                "Phone": "6129684984",
                "Phase": "A",
                "Substation": "CLEAR LAKE",
                "Map_location": "159042749",
                "PARCEL_NUMBER": null
            },
            "geometry": {
                "type": "Point",
                "coordinates": [
                    -92.10446334132992,
                    47.81752518667808
                ]
            }
        },
        {
            "type": "Feature",
            "properties": {
                "Name": "KOTCHEVAR ETHEL G",
                "Address": "1323 WALSH RD",
                "Phone": "6129269652",
                "Phase": "A",
                "Substation": "CLEAR LAKE",
                "Map_location": "159042752",
                "PARCEL_NUMBER": null
            },
            "geometry": {
                "type": "Point",
                "coordinates": [
                    -92.10513849999978,
                    47.818386000009696
                ]
            }
        },
        {
            "type": "Feature",
            "properties": {
                "Name": "KOSTELAC MARY E",
                "Address": "3944 STOCKING PT",
                "Phone": "6513981878",
                "Phase": "A",
                "Substation": "CLEAR LAKE",
                "Map_location": "159042734",
                "PARCEL_NUMBER": null
            },
            "geometry": {
                "type": "Point",
                "coordinates": [
                    -92.09939249999978,
                    47.817261600009694
                ]
            }
        },
        {
            "type": "Feature",
            "properties": {
                "Name": "KRYSTOSEK DALE E",
                "Address": "3945 STOCKING PT DR",
                "Phone": "2185564111",
                "Phase": "A",
                "Substation": "CLEAR LAKE",
                "Map_location": "159042735",
                "PARCEL_NUMBER": null
            },
            "geometry": {
                "type": "Point",
                "coordinates": [
                    -92.09948639999979,
                    47.81762210000969
                ]
            }
        },
        {
            "type": "Feature",
            "properties": {
                "Name": "O'HAGAN FLORA M",
                "Address": "3937 STOCKING PT DR",
                "Phone": "2182907145",
                "Phase": "A",
                "Substation": "CLEAR LAKE",
                "Map_location": "159042751",
                "PARCEL_NUMBER": null
            },
            "geometry": {
                "type": "Point",
                "coordinates": [
                    -92.09890619999979,
                    47.81762210000971
                ]
            }
        },
        {
            "type": "Feature",
            "properties": {
                "Name": "BOUTANG MICHAEL J",
                "Address": "STOCKING PT RD",
                "Phone": "6124018005",
                "Phase": "A",
                "Substation": "CLEAR LAKE",
                "Map_location": "159042733",
                "PARCEL_NUMBER": null
            },
            "geometry": {
                "type": "Point",
                "coordinates": [
                    -92.10110019999979,
                    47.8168678000097
                ]
            }
        },
        {
            "type": "Feature",
            "properties": {
                "Name": "WILLER MOLLY G",
                "Address": "3984 STOCKING PT RD",
                "Phone": "6127081578",
                "Phase": "A",
                "Substation": "CLEAR LAKE",
                "Map_location": "159042754",
                "PARCEL_NUMBER": null
            },
            "geometry": {
                "type": "Point",
                "coordinates": [
                    -92.10293749999978,
                    47.817996800009716
                ]
            }
        },
        {
            "type": "Feature",
            "properties": {
                "Name": "REICHENSPERGER ROBERT J",
                "Address": "3995 STOCKING PT DR",
                "Phone": "2187803861",
                "Phase": "A",
                "Substation": "CLEAR LAKE",
                "Map_location": "159042797",
                "PARCEL_NUMBER": "317021000030.0"
            },
            "geometry": {
                "type": "Point",
                "coordinates": [
                    -92.10247748976488,
                    47.818175025417474
                ]
            }
        },
        {
            "type": "Feature",
            "properties": {
                "Name": "CLARK JON R",
                "Address": "1331 WALSH RD",
                "Phone": "6129226054",
                "Phase": "A",
                "Substation": "CLEAR LAKE",
                "Map_location": "159042744",
                "PARCEL_NUMBER": null
            },
            "geometry": {
                "type": "Point",
                "coordinates": [
                    -92.10456729999977,
                    47.8189398000097
                ]
            }
        },
        {
            "type": "Feature",
            "properties": {
                "Name": "ANDERSON MICHAEL D",
                "Address": "1334 WALSH RD",
                "Phone": "6513885881",
                "Phase": "A",
                "Substation": "CLEAR LAKE",
                "Map_location": "159042736",
                "PARCEL_NUMBER": null
            },
            "geometry": {
                "type": "Point",
                "coordinates": [
                    -92.10339759999978,
                    47.8190428000097
                ]
            }
        },
        {
            "type": "Feature",
            "properties": {
                "Name": "JAMES RONALD B",
                "Address": "1338 WALSH RD",
                "Phone": "2182350178",
                "Phase": "C",
                "Substation": "CLEAR LAKE",
                "Map_location": "159042750",
                "PARCEL_NUMBER": "317015000090.0"
            },
            "geometry": {
                "type": "Point",
                "coordinates": [
                    -92.10349969999979,
                    47.81962910000971
                ]
            }
        },
        {
            "type": "Feature",
            "properties": {
                "Name": "CLEMENTS JANE K",
                "Address": "1335 WALSH RD",
                "Phone": "2186516902",
                "Phase": "C",
                "Substation": "CLEAR LAKE",
                "Map_location": "159042746",
                "PARCEL_NUMBER": null
            },
            "geometry": {
                "type": "Point",
                "coordinates": [
                    -92.10394639999978,
                    47.81971630000971
                ]
            }
        },
        {
            "type": "Feature",
            "properties": {
                "Name": "BERG FAMILY TRUST",
                "Address": "1340 WALSH RD",
                "Phone": "8159886061",
                "Phase": "A",
                "Substation": "CLEAR LAKE",
                "Map_location": "159032738",
                "PARCEL_NUMBER": null
            },
            "geometry": {
                "type": "Point",
                "coordinates": [
                    -92.10269729999979,
                    47.81993540000969
                ]
            }
        },
        {
            "type": "Feature",
            "properties": {
                "Name": "HEGG MARGARET LOIS",
                "Address": "1341 WALSH ROAD",
                "Phone": "9529344015",
                "Phase": "C",
                "Substation": "CLEAR LAKE",
                "Map_location": "159032759",
                "PARCEL_NUMBER": null
            },
            "geometry": {
                "type": "Point",
                "coordinates": [
                    -92.10414979999979,
                    47.820128200009705
                ]
            }
        },
        {
            "type": "Feature",
            "properties": {
                "Name": "DIXON ROBERT W",
                "Address": "1348 WALSH ROAD",
                "Phone": "8153898779",
                "Phase": "A",
                "Substation": "CLEAR LAKE",
                "Map_location": "159032737",
                "PARCEL_NUMBER": null
            },
            "geometry": {
                "type": "Point",
                "coordinates": [
                    -92.10251349999979,
                    47.820393400009706
                ]
            }
        },
        {
            "type": "Feature",
            "properties": {
                "Name": "LAHTI PAUL",
                "Address": "1350 WALSH RD",
                "Phone": "6127197585",
                "Phase": "A",
                "Substation": "CLEAR LAKE",
                "Map_location": "159032748",
                "PARCEL_NUMBER": null
            },
            "geometry": {
                "type": "Point",
                "coordinates": [
                    -92.10237949999978,
                    47.8208991000097
                ]
            }
        },
        {
            "type": "Feature",
            "properties": {
                "Name": "URBAN ANDREW C",
                "Address": "1347 WALSH ROAD",
                "Phone": "2183655047",
                "Phase": "C",
                "Substation": "CLEAR LAKE",
                "Map_location": "159032764",
                "PARCEL_NUMBER": null
            },
            "geometry": {
                "type": "Point",
                "coordinates": [
                    -92.10359679999979,
                    47.82084310000971
                ]
            }
        },
        {
            "type": "Feature",
            "properties": {
                "Name": "LEKATZ MITCHELL H",
                "Address": "1354 WALSH RD",
                "Phone": "2183434032",
                "Phase": "A",
                "Substation": "CLEAR LAKE",
                "Map_location": "159032736",
                "PARCEL_NUMBER": "317015000040.0"
            },
            "geometry": {
                "type": "Point",
                "coordinates": [
                    -92.10204069999979,
                    47.82114410000971
                ]
            }
        },
        {
            "type": "Feature",
            "properties": {
                "Name": "SAYOVITZ FRANK",
                "Address": "1356 WALSH RD",
                "Phone": "2182351987",
                "Phase": "A",
                "Substation": "CLEAR LAKE",
                "Map_location": "159032735",
                "PARCEL_NUMBER": null
            },
            "geometry": {
                "type": "Point",
                "coordinates": [
                    -92.10172859999977,
                    47.82135340000971
                ]
            }
        },
        {
            "type": "Feature",
            "properties": {
                "Name": "MANNING FAYE M",
                "Address": "1360 WALSH ROAD",
                "Phone": "7632495211",
                "Phase": "A",
                "Substation": "CLEAR LAKE",
                "Map_location": "159032734",
                "PARCEL_NUMBER": null
            },
            "geometry": {
                "type": "Point",
                "coordinates": [
                    -92.10147079999979,
                    47.821596300009716
                ]
            }
        },
        {
            "type": "Feature",
            "properties": {
                "Name": "COLE JEAN",
                "Address": "1351 WALSH RD",
                "Phone": "2187805347",
                "Phase": "A",
                "Substation": "CLEAR LAKE",
                "Map_location": "159032795",
                "PARCEL_NUMBER": null
            },
            "geometry": {
                "type": "Point",
                "coordinates": [
                    -92.10254759999978,
                    47.8218282000097
                ]
            }
        },
        {
            "type": "Feature",
            "properties": {
                "Name": "HARRISON SCOTT MORGAN",
                "Address": "1363 WALSH ROAD",
                "Phone": "9522121919",
                "Phase": "A",
                "Substation": "CLEAR LAKE",
                "Map_location": "159032757",
                "PARCEL_NUMBER": null
            },
            "geometry": {
                "type": "Point",
                "coordinates": [
                    -92.10236609999978,
                    47.82234410000972
                ]
            }
        },
        {
            "type": "Feature",
            "properties": {
                "Name": "MILLER JOHN J",
                "Address": "1366 WALSH RD",
                "Phone": "3194764261",
                "Phase": "C",
                "Substation": "CLEAR LAKE",
                "Map_location": "159032786",
                "PARCEL_NUMBER": null
            },
            "geometry": {
                "type": "Point",
                "coordinates": [
                    -92.10081689999978,
                    47.8221004000097
                ]
            }
        },
        {
            "type": "Feature",
            "properties": {
                "Name": "KOCHEVAR MICHAEL A",
                "Address": "1372 WALSH RD",
                "Phone": "8474284903",
                "Phase": "A",
                "Substation": "CLEAR LAKE",
                "Map_location": "159032733",
                "PARCEL_NUMBER": null
            },
            "geometry": {
                "type": "Point",
                "coordinates": [
                    -92.09915739999978,
                    47.82240190000972
                ]
            }
        },
        {
            "type": "Feature",
            "properties": {
                "Name": "FLATEN JOHN P",
                "Address": "1375 WALSH RD",
                "Phone": "2183658801",
                "Phase": "C",
                "Substation": "CLEAR LAKE",
                "Map_location": "159032754",
                "PARCEL_NUMBER": null
            },
            "geometry": {
                "type": "Point",
                "coordinates": [
                    -92.10028579999978,
                    47.822932700009694
                ]
            }
        },
        {
            "type": "Feature",
            "properties": {
                "Name": "KOCHEVAR MICHAEL A",
                "Address": "1384 WALSH RD",
                "Phone": "8474284903",
                "Phase": "A",
                "Substation": "CLEAR LAKE",
                "Map_location": "159032732",
                "PARCEL_NUMBER": null
            },
            "geometry": {
                "type": "Point",
                "coordinates": [
                    -92.09844399999979,
                    47.82206680000971
                ]
            }
        },
        {
            "type": "Feature",
            "properties": {
                "Name": "RIPP KEVIN G",
                "Address": "1390 WALSH RD",
                "Phone": "3028936932",
                "Phase": "A",
                "Substation": "CLEAR LAKE",
                "Map_location": "159032758",
                "PARCEL_NUMBER": null
            },
            "geometry": {
                "type": "Point",
                "coordinates": [
                    -92.09798919999979,
                    47.821792100009716
                ]
            }
        },
        {
            "type": "Feature",
            "properties": {
                "Name": "NEWHOUSE MARK A",
                "Address": "1381 WALSH RD",
                "Phone": "6416915079",
                "Phase": "A",
                "Substation": "CLEAR LAKE",
                "Map_location": "159032747",
                "PARCEL_NUMBER": null
            },
            "geometry": {
                "type": "Point",
                "coordinates": [
                    -92.09903589999979,
                    47.8227016000097
                ]
            }
        },
        {
            "type": "Feature",
            "properties": {
                "Name": "RONBECK JEFFREY S",
                "Address": "1385 WALSH RD",
                "Phone": "9529384824",
                "Phase": "A",
                "Substation": "CLEAR LAKE",
                "Map_location": "159032731",
                "PARCEL_NUMBER": null
            },
            "geometry": {
                "type": "Point",
                "coordinates": [
                    -92.09865259999978,
                    47.822557300009706
                ]
            }
        },
        {
            "type": "Feature",
            "properties": {
                "Name": "RIEBEL DAVID",
                "Address": "1387 WALSH RD",
                "Phone": "5072518842",
                "Phase": "A",
                "Substation": "CLEAR LAKE",
                "Map_location": "159032730",
                "PARCEL_NUMBER": null
            },
            "geometry": {
                "type": "Point",
                "coordinates": [
                    -92.09820469999978,
                    47.82250490000971
                ]
            }
        },
        {
            "type": "Feature",
            "properties": {
                "Name": "ENGSTROM DANIEL J",
                "Address": "1392 WALSH RD",
                "Phone": "6129875335",
                "Phase": "C",
                "Substation": "CLEAR LAKE",
                "Map_location": "159032760",
                "PARCEL_NUMBER": null
            },
            "geometry": {
                "type": "Point",
                "coordinates": [
                    -92.09759049999978,
                    47.82175810000971
                ]
            }
        },
        {
            "type": "Feature",
            "properties": {
                "Name": "GERVAIS GLORIA",
                "Address": "1431 WALSH RD",
                "Phone": "2183654233",
                "Phase": "A",
                "Substation": "CLEAR LAKE",
                "Map_location": "159032743",
                "PARCEL_NUMBER": "30029001570.0"
            },
            "geometry": {
                "type": "Point",
                "coordinates": [
                    -92.09351149145557,
                    47.823861218645256
                ]
            }
        },
        {
            "type": "Feature",
            "properties": {
                "Name": "GERVAIS GLORIA",
                "Address": "1431 WALSH RD",
                "Phone": "2183654233",
                "Phase": "A",
                "Substation": "CLEAR LAKE",
                "Map_location": "159032743",
                "PARCEL_NUMBER": "317004000010.0"
            },
            "geometry": {
                "type": "Point",
                "coordinates": [
                    -92.09351149145557,
                    47.823861218645256
                ]
            }
        },
        {
            "type": "Feature",
            "properties": {
                "Name": "JOHNSON HOLLY A",
                "Address": "1423 WALSH RD",
                "Phone": "6127091942",
                "Phase": "C",
                "Substation": "CLEAR LAKE",
                "Map_location": "159032788",
                "PARCEL_NUMBER": null
            },
            "geometry": {
                "type": "Point",
                "coordinates": [
                    -92.09478879999979,
                    47.823856800009715
                ]
            }
        },
        {
            "type": "Feature",
            "properties": {
                "Name": "SODERSTROM JEFF",
                "Address": "1424 WALSH RD",
                "Phone": "9524768291",
                "Phase": "A",
                "Substation": "CLEAR LAKE",
                "Map_location": "159062650",
                "PARCEL_NUMBER": null
            },
            "geometry": {
                "type": "Point",
                "coordinates": [
                    -92.0929661999998,
                    47.82273050000971
                ]
            }
        },
        {
            "type": "Feature",
            "properties": {
                "Name": "JIEDE JAMES H",
                "Address": "1426 WALSH RD",
                "Phone": "2183654771",
                "Phase": "A",
                "Substation": "CLEAR LAKE",
                "Map_location": "159062623",
                "PARCEL_NUMBER": null
            },
            "geometry": {
                "type": "Point",
                "coordinates": [
                    -92.09289229999979,
                    47.822707300009704
                ]
            }
        },
        {
            "type": "Feature",
            "properties": {
                "Name": "SIEPKER DANIEL EDWARD",
                "Address": "1416 WALSH ROAD",
                "Phone": "7122540368",
                "Phase": "A",
                "Substation": "CLEAR LAKE",
                "Map_location": "159032780",
                "PARCEL_NUMBER": null
            },
            "geometry": {
                "type": "Point",
                "coordinates": [
                    -92.09435799999979,
                    47.82279460000971
                ]
            }
        },
        {
            "type": "Feature",
            "properties": {
                "Name": "Customer not found in Customer Table \n(Check with Billing)",
                "Address": null,
                "Phone": null,
                "Phase": "C",
                "Substation": "CLEAR LAKE",
                "Map_location": "159032756",
                "PARCEL_NUMBER": null
            },
            "geometry": {
                "type": "Point",
                "coordinates": [
                    -92.0949914035174,
                    47.82359086382636
                ]
            }
        },
        {
            "type": "Feature",
            "properties": {
                "Name": "MATTSON TERRY",
                "Address": "1412 WALSH RD",
                "Phone": "2183493903",
                "Phase": "A",
                "Substation": "CLEAR LAKE",
                "Map_location": "159032769",
                "PARCEL_NUMBER": "317004000560.0"
            },
            "geometry": {
                "type": "Point",
                "coordinates": [
                    -92.09520829999978,
                    47.822314300009715
                ]
            }
        },
        {
            "type": "Feature",
            "properties": {
                "Name": "SCHABER RICHARD",
                "Address": "1408 WALSH RD",
                "Phone": "7152187442",
                "Phase": "A",
                "Substation": "CLEAR LAKE",
                "Map_location": "159032775",
                "PARCEL_NUMBER": null
            },
            "geometry": {
                "type": "Point",
                "coordinates": [
                    -92.09525309999978,
                    47.8223827000097
                ]
            }
        },
        {
            "type": "Feature",
            "properties": {
                "Name": "WACHTLER GLENN",
                "Address": "1396 WALSH RD",
                "Phone": "7154261172",
                "Phase": "C",
                "Substation": "CLEAR LAKE",
                "Map_location": "159032726",
                "PARCEL_NUMBER": null
            },
            "geometry": {
                "type": "Point",
                "coordinates": [
                    -92.09689049999979,
                    47.82161730000971
                ]
            }
        },
        {
            "type": "Feature",
            "properties": {
                "Name": "HERTAUS AL",
                "Address": "1389 WALSH RD",
                "Phone": "5076653381",
                "Phase": "C",
                "Substation": "CLEAR LAKE",
                "Map_location": "159032763",
                "PARCEL_NUMBER": null
            },
            "geometry": {
                "type": "Point",
                "coordinates": [
                    -92.09778949999979,
                    47.82254990000969
                ]
            }
        },
        {
            "type": "Feature",
            "properties": {
                "Name": "SHADY LANE ESTATE S",
                "Address": "1391 WALSH RD",
                "Phone": "2183436819",
                "Phase": "C",
                "Substation": "CLEAR LAKE",
                "Map_location": "159032729",
                "PARCEL_NUMBER": null
            },
            "geometry": {
                "type": "Point",
                "coordinates": [
                    -92.0974655999998,
                    47.82277330000973
                ]
            }
        },
        {
            "type": "Feature",
            "properties": {
                "Name": "MCCAULEY TOM",
                "Address": "1453 WALSH ROAD",
                "Phone": "2182348865",
                "Phase": "A",
                "Substation": "CLEAR LAKE",
                "Map_location": "159062679",
                "PARCEL_NUMBER": null
            },
            "geometry": {
                "type": "Point",
                "coordinates": [
                    -92.09151769999978,
                    47.8257011000097
                ]
            }
        },
        {
            "type": "Feature",
            "properties": {
                "Name": "SUTHERLAND SUSAN LYNN",
                "Address": "1449 WALSH RD",
                "Phone": "2183657745",
                "Phase": "A",
                "Substation": "CLEAR LAKE",
                "Map_location": "159062616",
                "PARCEL_NUMBER": "317001004280.0"
            },
            "geometry": {
                "type": "Point",
                "coordinates": [
                    -92.09170279999978,
                    47.82550910000972
                ]
            }
        },
        {
            "type": "Feature",
            "properties": {
                "Name": "FRONTIER COMMUNIC ATIONS",
                "Address": "ELY-EAGLES NEST",
                "Phone": "7017071015",
                "Phase": "A",
                "Substation": "CLEAR LAKE",
                "Map_location": "159062687",
                "PARCEL_NUMBER": null
            },
            "geometry": {
                "type": "Point",
                "coordinates": [
                    -92.09076219999979,
                    47.82563060000971
                ]
            }
        },
        {
            "type": "Feature",
            "properties": {
                "Name": "MEIN CHRIS",
                "Address": "1440 WALSH RD",
                "Phone": "6514897494",
                "Phase": "A",
                "Substation": "CLEAR LAKE",
                "Map_location": "159062655",
                "PARCEL_NUMBER": null
            },
            "geometry": {
                "type": "Point",
                "coordinates": [
                    -92.09117819999979,
                    47.823481100009715
                ]
            }
        },
        {
            "type": "Feature",
            "properties": {
                "Name": "KAETTERHENRY DENNIS W",
                "Address": "3864 BALD EAGLE DR",
                "Phone": "6512852225",
                "Phase": "A",
                "Substation": "CLEAR LAKE",
                "Map_location": "159062698",
                "PARCEL_NUMBER": null
            },
            "geometry": {
                "type": "Point",
                "coordinates": [
                    -92.0892468999998,
                    47.82400160000971
                ]
            }
        },
        {
            "type": "Feature",
            "properties": {
                "Name": "CASEY STEPHEN",
                "Address": "3860 BALD EAGLE DR",
                "Phone": "6515878167",
                "Phase": "A",
                "Substation": "CLEAR LAKE",
                "Map_location": "159062614",
                "PARCEL_NUMBER": null
            },
            "geometry": {
                "type": "Point",
                "coordinates": [
                    -92.08929809999978,
                    47.82401970000971
                ]
            }
        },
        {
            "type": "Feature",
            "properties": {
                "Name": "TORGRIMSON ROBERT",
                "Address": "1458 WALSH RD",
                "Phone": "2185903654",
                "Phase": "A",
                "Substation": "CLEAR LAKE",
                "Map_location": "159062617",
                "PARCEL_NUMBER": null
            },
            "geometry": {
                "type": "Point",
                "coordinates": [
                    -92.0898950999998,
                    47.823863800009704
                ]
            }
        },
        {
            "type": "Feature",
            "properties": {
                "Name": "SIMMONS RICK",
                "Address": "1535 FOUR MILE LAKE RD",
                "Phone": "2187536438",
                "Phase": "A",
                "Substation": "CLEAR LAKE",
                "Map_location": "159002002",
                "PARCEL_NUMBER": null
            },
            "geometry": {
                "type": "Point",
                "coordinates": [
                    -92.15558179999981,
                    47.83133300000971
                ]
            }
        },
        {
            "type": "Feature",
            "properties": {
                "Name": "LASECKE DAVID E",
                "Address": "4590 ARMSTRONG BAY LK VERM",
                "Phone": "6513736855",
                "Phase": "A",
                "Substation": "CLEAR LAKE",
                "Map_location": "159001815",
                "PARCEL_NUMBER": null
            },
            "geometry": {
                "type": "Point",
                "coordinates": [
                    -92.16685767804877,
                    47.85057427449414
                ]
            }
        },
        {
            "type": "Feature",
            "properties": {
                "Name": "Customer not found in Customer Table \n(Check with Billing)",
                "Address": null,
                "Phone": null,
                "Phase": "A",
                "Substation": "CLEAR LAKE",
                "Map_location": "159001814",
                "PARCEL_NUMBER": null
            },
            "geometry": {
                "type": "Point",
                "coordinates": [
                    -92.1653912448412,
                    47.85064522083518
                ]
            }
        },
        {
            "type": "Feature",
            "properties": {
                "Name": "ALSBACH NEAL EVAN",
                "Address": "1481 COOP PT RD",
                "Phone": "3068745421",
                "Phase": "C",
                "Substation": "CLEAR LAKE",
                "Map_location": "159032712",
                "PARCEL_NUMBER": null
            },
            "geometry": {
                "type": "Point",
                "coordinates": [
                    -92.09434809999979,
                    47.828639200009704
                ]
            }
        },
        {
            "type": "Feature",
            "properties": {
                "Name": "Customer not found in Customer Table \n(Check with Billing)",
                "Address": null,
                "Phone": null,
                "Phase": "A",
                "Substation": "CLEAR LAKE",
                "Map_location": "159062653",
                "PARCEL_NUMBER": null
            },
            "geometry": {
                "type": "Point",
                "coordinates": [
                    -92.0732349161854,
                    47.825675123330406
                ]
            }
        },
        {
            "type": "Feature",
            "properties": {
                "Name": "BURANDT DANIEL P",
                "Address": "1409 WALSH RD",
                "Phone": "6124478662",
                "Phase": "A",
                "Substation": "CLEAR LAKE",
                "Map_location": "159032767",
                "PARCEL_NUMBER": "80001001040.0"
            },
            "geometry": {
                "type": "Point",
                "coordinates": [
                    -92.09533299993954,
                    47.8227280037892
                ]
            }
        },
        {
            "type": "Feature",
            "properties": {
                "Name": "RANTALA BRYAN JAMES",
                "Address": "1395 WALSH RD",
                "Phone": "2184093609",
                "Phase": "C",
                "Substation": "CLEAR LAKE",
                "Map_location": "159032728",
                "PARCEL_NUMBER": null
            },
            "geometry": {
                "type": "Point",
                "coordinates": [
                    -92.09708559999979,
                    47.8227079000097
                ]
            }
        },
        {
            "type": "Feature",
            "properties": {
                "Name": "CASWELL CHAD",
                "Address": "3853 BALD EAGLE DR",
                "Phone": "6512458455",
                "Phase": "A",
                "Substation": "CLEAR LAKE",
                "Map_location": "159062699",
                "PARCEL_NUMBER": null
            },
            "geometry": {
                "type": "Point",
                "coordinates": [
                    -92.09052329598397,
                    47.82366926784666
                ]
            }
        },
        {
            "type": "Feature",
            "properties": {
                "Name": "JOHNSON IRENE",
                "Address": "1423 LAKE FOUR RD",
                "Phone": "2182351023",
                "Phase": "A",
                "Substation": "CLEAR LAKE",
                "Map_location": "159022544",
                "PARCEL_NUMBER": null
            },
            "geometry": {
                "type": "Point",
                "coordinates": [
                    -92.05771699999977,
                    47.8239932000097
                ]
            }
        },
        {
            "type": "Feature",
            "properties": {
                "Name": "DEMING PETER",
                "Address": "2120 RAILROAD TRAIL",
                "Phone": "5188731133",
                "Phase": "B",
                "Substation": "CLEAR LAKE",
                "Map_location": "160010506",
                "PARCEL_NUMBER": null
            },
            "geometry": {
                "type": "Point",
                "coordinates": [
                    -92.02335659999974,
                    47.877759100009776
                ]
            }
        },
        {
            "type": "Feature",
            "properties": {
                "Name": "KREBSBACH JOHN P",
                "Address": "2108 RAILROAD TRAIL",
                "Phone": "2183652496",
                "Phase": "B",
                "Substation": "CLEAR LAKE",
                "Map_location": "160010513",
                "PARCEL_NUMBER": null
            },
            "geometry": {
                "type": "Point",
                "coordinates": [
                    -92.02474959999977,
                    47.877527100009765
                ]
            }
        },
        {
            "type": "Feature",
            "properties": {
                "Name": "MCKENZIE TIMOTHY CHARLES",
                "Address": "2140 WOLF CREEK PASS",
                "Phone": "2183655136",
                "Phase": "B",
                "Substation": "CLEAR LAKE",
                "Map_location": "160010514",
                "PARCEL_NUMBER": null
            },
            "geometry": {
                "type": "Point",
                "coordinates": [
                    -92.02773889999975,
                    47.87820190000978
                ]
            }
        },
        {
            "type": "Feature",
            "properties": {
                "Name": "SORJANEN NANCY E",
                "Address": "2130 WOLF CREEK PASS",
                "Phone": "6129268825",
                "Phase": "B",
                "Substation": "CLEAR LAKE",
                "Map_location": "160010504",
                "PARCEL_NUMBER": null
            },
            "geometry": {
                "type": "Point",
                "coordinates": [
                    -92.02737499993457,
                    47.87818400380467
                ]
            }
        },
        {
            "type": "Feature",
            "properties": {
                "Name": "OLSON JOHN G",
                "Address": "2316 BALSAM LANE",
                "Phone": "7156905989",
                "Phase": "B",
                "Substation": "CLEAR LAKE",
                "Map_location": "160010613",
                "PARCEL_NUMBER": null
            },
            "geometry": {
                "type": "Point",
                "coordinates": [
                    -92.03169579999974,
                    47.87941810000978
                ]
            }
        },
        {
            "type": "Feature",
            "properties": {
                "Name": "TORGERSON MARTIN EARL",
                "Address": "3240 HWY 169",
                "Phone": "2183656011",
                "Phase": "C",
                "Substation": "CLEAR LAKE",
                "Map_location": "160010804",
                "PARCEL_NUMBER": null
            },
            "geometry": {
                "type": "Point",
                "coordinates": [
                    -92.02355209999976,
                    47.87254500000978
                ]
            }
        },
        {
            "type": "Feature",
            "properties": {
                "Name": "KRAUSE GLENN D",
                "Address": "3314 HWY 169",
                "Phone": "2188792650",
                "Phase": "C",
                "Substation": "CLEAR LAKE",
                "Map_location": "160010803",
                "PARCEL_NUMBER": null
            },
            "geometry": {
                "type": "Point",
                "coordinates": [
                    -92.02880249999974,
                    47.865873400009775
                ]
            }
        },
        {
            "type": "Feature",
            "properties": {
                "Name": "MEVISSEN CAROL A",
                "Address": "3314 HWY 169",
                "Phone": "7637420771",
                "Phase": "C",
                "Substation": "CLEAR LAKE",
                "Map_location": "160010805",
                "PARCEL_NUMBER": null
            },
            "geometry": {
                "type": "Point",
                "coordinates": [
                    -92.02893099999974,
                    47.865957400009755
                ]
            }
        },
        {
            "type": "Feature",
            "properties": {
                "Name": "VOGL SARAH M",
                "Address": "3420 HWY 169",
                "Phone": "6124437542",
                "Phase": "C",
                "Substation": "CLEAR LAKE",
                "Map_location": "160010704",
                "PARCEL_NUMBER": null
            },
            "geometry": {
                "type": "Point",
                "coordinates": [
                    -92.04086303999975,
                    47.859252930009745
                ]
            }
        },
        {
            "type": "Feature",
            "properties": {
                "Name": "NICKOLSON AARON RICHARD",
                "Address": "3419 HWY 169",
                "Phone": "2183498055",
                "Phase": "C",
                "Substation": "CLEAR LAKE",
                "Map_location": "160010701",
                "PARCEL_NUMBER": "465003001150.0"
            },
            "geometry": {
                "type": "Point",
                "coordinates": [
                    -92.04164529999974,
                    47.859902300009736
                ]
            }
        },
        {
            "type": "Feature",
            "properties": {
                "Name": "NICKOLSON AARON RICHARD",
                "Address": "3417 HWY 169",
                "Phone": "2183498055",
                "Phase": "C",
                "Substation": "CLEAR LAKE",
                "Map_location": "160010702",
                "PARCEL_NUMBER": null
            },
            "geometry": {
                "type": "Point",
                "coordinates": [
                    -92.04165239999976,
                    47.85996360000974
                ]
            }
        },
        {
            "type": "Feature",
            "properties": {
                "Name": "FOX VICTORIA L",
                "Address": "3444 HWY 169",
                "Phone": "9528468822",
                "Phase": "B",
                "Substation": "CLEAR LAKE",
                "Map_location": "160011803",
                "PARCEL_NUMBER": null
            },
            "geometry": {
                "type": "Point",
                "coordinates": [
                    -92.04465309999976,
                    47.85596010000976
                ]
            }
        },
        {
            "type": "Feature",
            "properties": {
                "Name": "POTTERJOY PHILIP",
                "Address": "3441 HWY 169",
                "Phone": "2183403359",
                "Phase": "C",
                "Substation": "CLEAR LAKE",
                "Map_location": "160011801",
                "PARCEL_NUMBER": null
            },
            "geometry": {
                "type": "Point",
                "coordinates": [
                    -92.04402279999975,
                    47.85775440000974
                ]
            }
        },
        {
            "type": "Feature",
            "properties": {
                "Name": "MN DEPT OF TRANSP ORTATION",
                "Address": "RWIS SITE 19 MP275.25",
                "Phone": "2187252825",
                "Phase": "C",
                "Substation": "CLEAR LAKE",
                "Map_location": "160011804",
                "PARCEL_NUMBER": null
            },
            "geometry": {
                "type": "Point",
                "coordinates": [
                    -92.04817229999976,
                    47.854402000009756
                ]
            }
        },
        {
            "type": "Feature",
            "properties": {
                "Name": "MINIER ERVIN L",
                "Address": "3442 HWY 169",
                "Phone": "2183654702",
                "Phase": "C",
                "Substation": "CLEAR LAKE",
                "Map_location": "160011802",
                "PARCEL_NUMBER": null
            },
            "geometry": {
                "type": "Point",
                "coordinates": [
                    -92.04224389999975,
                    47.856843400009744
                ]
            }
        },
        {
            "type": "Feature",
            "properties": {
                "Name": "FOSSE RICHARD LEE",
                "Address": "1804 CAMP LAKE RD",
                "Phone": "6514830146",
                "Phase": "C",
                "Substation": "CLEAR LAKE",
                "Map_location": "160011806",
                "PARCEL_NUMBER": null
            },
            "geometry": {
                "type": "Point",
                "coordinates": [
                    -92.04690989999976,
                    47.853162100009726
                ]
            }
        },
        {
            "type": "Feature",
            "properties": {
                "Name": "PASANEN DONALD C",
                "Address": "3524 HWY 169",
                "Phone": "6517925109",
                "Phase": "C",
                "Substation": "CLEAR LAKE",
                "Map_location": "159011310",
                "PARCEL_NUMBER": "317001002180.0"
            },
            "geometry": {
                "type": "Point",
                "coordinates": [
                    -92.05457589999976,
                    47.85345210000974
                ]
            }
        },
        {
            "type": "Feature",
            "properties": {
                "Name": "VAN DYKE MARSHA M",
                "Address": "1820 BRADACH RD",
                "Phone": "3202198039",
                "Phase": "C",
                "Substation": "CLEAR LAKE",
                "Map_location": "159011325",
                "PARCEL_NUMBER": "317022000970.0"
            },
            "geometry": {
                "type": "Point",
                "coordinates": [
                    -92.05674679999976,
                    47.85304290000973
                ]
            }
        },
        {
            "type": "Feature",
            "properties": {
                "Name": "VAN DYKE MARSHA M",
                "Address": "1820 BRADACH RD",
                "Phone": "3202198039",
                "Phase": "C",
                "Substation": "CLEAR LAKE",
                "Map_location": "159011325",
                "PARCEL_NUMBER": "317012000090.0"
            },
            "geometry": {
                "type": "Point",
                "coordinates": [
                    -92.05674679999976,
                    47.85304290000973
                ]
            }
        },
        {
            "type": "Feature",
            "properties": {
                "Name": "SAUER ELLEN ARDITH",
                "Address": "1818 BRADACH RD",
                "Phone": "2182354367",
                "Phase": "C",
                "Substation": "CLEAR LAKE",
                "Map_location": "159011327",
                "PARCEL_NUMBER": null
            },
            "geometry": {
                "type": "Point",
                "coordinates": [
                    -92.05802750296624,
                    47.853041336568545
                ]
            }
        },
        {
            "type": "Feature",
            "properties": {
                "Name": "HOPKINS MELISSA",
                "Address": "1814 BRADACH RD",
                "Phone": "6513342192",
                "Phase": "C",
                "Substation": "CLEAR LAKE",
                "Map_location": "159011346",
                "PARCEL_NUMBER": null
            },
            "geometry": {
                "type": "Point",
                "coordinates": [
                    -92.05853309999976,
                    47.85304150000975
                ]
            }
        },
        {
            "type": "Feature",
            "properties": {
                "Name": "GREENEY JAY MICHAEL",
                "Address": "1812 BRADACH RD",
                "Phone": "6512604228",
                "Phase": "C",
                "Substation": "CLEAR LAKE",
                "Map_location": "159011353",
                "PARCEL_NUMBER": null
            },
            "geometry": {
                "type": "Point",
                "coordinates": [
                    -92.06034909999975,
                    47.85319310000974
                ]
            }
        },
        {
            "type": "Feature",
            "properties": {
                "Name": "CASHMAN HOLLY LEANN",
                "Address": "3587 HWY 169",
                "Phone": "3195405000",
                "Phase": "C",
                "Substation": "CLEAR LAKE",
                "Map_location": "159011308",
                "PARCEL_NUMBER": null
            },
            "geometry": {
                "type": "Point",
                "coordinates": [
                    -92.06143759999976,
                    47.854733300009755
                ]
            }
        },
        {
            "type": "Feature",
            "properties": {
                "Name": "KOOPMAN GREG",
                "Address": "1855 BOBENCE RD",
                "Phone": "7632344923",
                "Phase": "C",
                "Substation": "CLEAR LAKE",
                "Map_location": "159011361",
                "PARCEL_NUMBER": null
            },
            "geometry": {
                "type": "Point",
                "coordinates": [
                    -92.06089009999975,
                    47.85682940000975
                ]
            }
        },
        {
            "type": "Feature",
            "properties": {
                "Name": "Customer not found in Customer Table \n(Check with Billing)",
                "Address": null,
                "Phone": null,
                "Phase": "B",
                "Substation": "CLEAR LAKE",
                "Map_location": "160010505",
                "PARCEL_NUMBER": null
            },
            "geometry": {
                "type": "Point",
                "coordinates": [
                    -92.02626820168831,
                    47.87806130122167
                ]
            }
        },
        {
            "type": "Feature",
            "properties": {
                "Name": "Customer not found in Customer Table \n(Check with Billing)",
                "Address": null,
                "Phone": null,
                "Phase": "B",
                "Substation": "CLEAR LAKE",
                "Map_location": "160010518",
                "PARCEL_NUMBER": null
            },
            "geometry": {
                "type": "Point",
                "coordinates": [
                    -92.02992221253386,
                    47.877944981134036
                ]
            }
        },
        {
            "type": "Feature",
            "properties": {
                "Name": "Customer not found in Customer Table \n(Check with Billing)",
                "Address": null,
                "Phone": null,
                "Phase": "C",
                "Substation": "CLEAR LAKE",
                "Map_location": "160010802",
                "PARCEL_NUMBER": null
            },
            "geometry": {
                "type": "Point",
                "coordinates": [
                    -92.02811619414982,
                    47.86568267408934
                ]
            }
        },
        {
            "type": "Feature",
            "properties": {
                "Name": "Customer not found in Customer Table \n(Check with Billing)",
                "Address": null,
                "Phone": null,
                "Phase": "C",
                "Substation": "CLEAR LAKE",
                "Map_location": "160010703",
                "PARCEL_NUMBER": null
            },
            "geometry": {
                "type": "Point",
                "coordinates": [
                    -92.04128264999976,
                    47.85935974000975
                ]
            }
        },
        {
            "type": "Feature",
            "properties": {
                "Name": "SUNDELL JEFFREY K",
                "Address": "3233 WOLF LK RD",
                "Phone": "2182351800",
                "Phase": "B",
                "Substation": "CLEAR LAKE",
                "Map_location": "145053218",
                "PARCEL_NUMBER": null
            },
            "geometry": {
                "type": "Point",
                "coordinates": [
                    -92.02020119999973,
                    47.8943110000098
                ]
            }
        },
        {
            "type": "Feature",
            "properties": {
                "Name": "Customer not found in Customer Table \n(Check with Billing)",
                "Address": null,
                "Phone": null,
                "Phase": "B",
                "Substation": "CLEAR LAKE",
                "Map_location": "145053222",
                "PARCEL_NUMBER": null
            },
            "geometry": {
                "type": "Point",
                "coordinates": [
                    -92.02115509436358,
                    47.88980163187499
                ]
            }
        },
        {
            "type": "Feature",
            "properties": {
                "Name": "HEIN JOSH J",
                "Address": "3242 WOLF LAKE RD",
                "Phone": null,
                "Phase": "B",
                "Substation": "CLEAR LAKE",
                "Map_location": "145053219",
                "PARCEL_NUMBER": "465004005175.0"
            },
            "geometry": {
                "type": "Point",
                "coordinates": [
                    -92.02077609999975,
                    47.890176700009796
                ]
            }
        },
        {
            "type": "Feature",
            "properties": {
                "Name": "DWORSKY MARLO I",
                "Address": "3230 WOLF LAKE RD",
                "Phone": "6125987393",
                "Phase": "B",
                "Substation": "CLEAR LAKE",
                "Map_location": "145053224",
                "PARCEL_NUMBER": "465004005176.0"
            },
            "geometry": {
                "type": "Point",
                "coordinates": [
                    -92.02060919999974,
                    47.8902226000098
                ]
            }
        },
        {
            "type": "Feature",
            "properties": {
                "Name": "PIRAGIS NANCY",
                "Address": "3147 WOLF LAKE RD",
                "Phone": "2183434082",
                "Phase": "C",
                "Substation": "CLEAR LAKE",
                "Map_location": "145053212",
                "PARCEL_NUMBER": "465004005206.0"
            },
            "geometry": {
                "type": "Point",
                "coordinates": [
                    -92.01447754722915,
                    47.8945289323424
                ]
            }
        },
        {
            "type": "Feature",
            "properties": {
                "Name": "THOMPSON DOUGLAS R",
                "Address": "3165 WOLF LAKE RD",
                "Phone": "2183653653",
                "Phase": "C",
                "Substation": "CLEAR LAKE",
                "Map_location": "145053217",
                "PARCEL_NUMBER": null
            },
            "geometry": {
                "type": "Point",
                "coordinates": [
                    -92.01616709999973,
                    47.89399930000978
                ]
            }
        },
        {
            "type": "Feature",
            "properties": {
                "Name": "CLAEYS CARROLL E",
                "Address": "4083 NORWAY RD",
                "Phone": "3193299637",
                "Phase": "C",
                "Substation": "CLEAR LAKE",
                "Map_location": "159043418",
                "PARCEL_NUMBER": null
            },
            "geometry": {
                "type": "Point",
                "coordinates": [
                    -92.11377639999981,
                    47.8144586000097
                ]
            }
        },
        {
            "type": "Feature",
            "properties": {
                "Name": "KRUSE ROBERT JAMES",
                "Address": "4079 NORWAY ROAD",
                "Phone": "9528290290",
                "Phase": "C",
                "Substation": "CLEAR LAKE",
                "Map_location": "159043419",
                "PARCEL_NUMBER": null
            },
            "geometry": {
                "type": "Point",
                "coordinates": [
                    -92.11334599999981,
                    47.8143897000097
                ]
            }
        },
        {
            "type": "Feature",
            "properties": {
                "Name": "Customer not found in Customer Table \n(Check with Billing)",
                "Address": null,
                "Phone": null,
                "Phase": "C",
                "Substation": "CLEAR LAKE",
                "Map_location": "145053207",
                "PARCEL_NUMBER": null
            },
            "geometry": {
                "type": "Point",
                "coordinates": [
                    -92.01431571381718,
                    47.89387816660915
                ]
            }
        },
        {
            "type": "Feature",
            "properties": {
                "Name": "OJALA RICHARD A",
                "Address": "2552 HWY 169",
                "Phone": "2183656905",
                "Phase": "C",
                "Substation": "CLEAR LAKE",
                "Map_location": "160000201",
                "PARCEL_NUMBER": "465004005660.0"
            },
            "geometry": {
                "type": "Point",
                "coordinates": [
                    -91.94909352274937,
                    47.882594178507006
                ]
            }
        },
        {
            "type": "Feature",
            "properties": {
                "Name": "TORNFELT ROBERT E",
                "Address": "2958 HWY 169",
                "Phone": "4252177678",
                "Phase": "C",
                "Substation": "CLEAR LAKE",
                "Map_location": "160000402",
                "PARCEL_NUMBER": null
            },
            "geometry": {
                "type": "Point",
                "coordinates": [
                    -91.9941329586481,
                    47.88374874761142
                ]
            }
        },
        {
            "type": "Feature",
            "properties": {
                "Name": "OESTERREICH ROSA",
                "Address": "2945 HWY 169",
                "Phone": "6513292319",
                "Phase": "C",
                "Substation": "CLEAR LAKE",
                "Map_location": "160000401",
                "PARCEL_NUMBER": null
            },
            "geometry": {
                "type": "Point",
                "coordinates": [
                    -91.9925573510875,
                    47.88556664513449
                ]
            }
        },
        {
            "type": "Feature",
            "properties": {
                "Name": "HAMMONS JAMES",
                "Address": "2922 HWY 169",
                "Phone": "2182485276",
                "Phase": "C",
                "Substation": "CLEAR LAKE",
                "Map_location": "160000403",
                "PARCEL_NUMBER": null
            },
            "geometry": {
                "type": "Point",
                "coordinates": [
                    -91.98957145700481,
                    47.88304284063401
                ]
            }
        },
        {
            "type": "Feature",
            "properties": {
                "Name": "DERONDE LARRY D",
                "Address": "3070 HWY 169",
                "Phone": "6412032727",
                "Phase": "C",
                "Substation": "CLEAR LAKE",
                "Map_location": "160010405",
                "PARCEL_NUMBER": null
            },
            "geometry": {
                "type": "Point",
                "coordinates": [
                    -92.00693809999974,
                    47.87987710000978
                ]
            }
        },
        {
            "type": "Feature",
            "properties": {
                "Name": "RAVNIKAR ANTHONY J",
                "Address": "3016 WOLF LK RD",
                "Phone": "9522372712",
                "Phase": "C",
                "Substation": "CLEAR LAKE",
                "Map_location": "160010406",
                "PARCEL_NUMBER": null
            },
            "geometry": {
                "type": "Point",
                "coordinates": [
                    -92.00879539999973,
                    47.88105550000978
                ]
            }
        },
        {
            "type": "Feature",
            "properties": {
                "Name": "FRONTIER COMMUNIC ATIONS",
                "Address": "JCT 169 AND 404 WOLF LK RD",
                "Phone": "7017071015",
                "Phase": "C",
                "Substation": "CLEAR LAKE",
                "Map_location": "160010404",
                "PARCEL_NUMBER": null
            },
            "geometry": {
                "type": "Point",
                "coordinates": [
                    -92.00636979999973,
                    47.88145810000977
                ]
            }
        },
        {
            "type": "Feature",
            "properties": {
                "Name": "JOHANSEN KENT W",
                "Address": "2916 HWY 169",
                "Phone": "3204202340",
                "Phase": "C",
                "Substation": "CLEAR LAKE",
                "Map_location": "160000408",
                "PARCEL_NUMBER": "465003000595.0"
            },
            "geometry": {
                "type": "Point",
                "coordinates": [
                    -91.98782965680076,
                    47.882648537973736
                ]
            }
        },
        {
            "type": "Feature",
            "properties": {
                "Name": "UNGERECHT PERCY F",
                "Address": "2152 BOUNDARY RD",
                "Phone": "2182359343",
                "Phase": "C",
                "Substation": "CLEAR LAKE",
                "Map_location": "160000301",
                "PARCEL_NUMBER": null
            },
            "geometry": {
                "type": "Point",
                "coordinates": [
                    -91.974058759517,
                    47.87825631698264
                ]
            }
        },
        {
            "type": "Feature",
            "properties": {
                "Name": "KOSCHAK ROBERT G",
                "Address": "HWY 1",
                "Phone": "2183496568",
                "Phase": "C",
                "Substation": "CLEAR LAKE",
                "Map_location": "160000302",
                "PARCEL_NUMBER": null
            },
            "geometry": {
                "type": "Point",
                "coordinates": [
                    -91.97298344920605,
                    47.8810163152415
                ]
            }
        },
        {
            "type": "Feature",
            "properties": {
                "Name": "DOCKS ON WHEELS I NC",
                "Address": "2195 TWIN LAKES ROAD",
                "Phone": "2183656210",
                "Phase": "C",
                "Substation": "CLEAR LAKE",
                "Map_location": "160000303",
                "PARCEL_NUMBER": null
            },
            "geometry": {
                "type": "Point",
                "coordinates": [
                    -91.972406854033,
                    47.87944281440827
                ]
            }
        },
        {
            "type": "Feature",
            "properties": {
                "Name": "OESTERREICH ROSA",
                "Address": "2231 ROBICH RD HOUSE",
                "Phone": "6513292319",
                "Phase": "C",
                "Substation": "CLEAR LAKE",
                "Map_location": "160000203",
                "PARCEL_NUMBER": null
            },
            "geometry": {
                "type": "Point",
                "coordinates": [
                    -91.95566252897976,
                    47.88246728860575
                ]
            }
        },
        {
            "type": "Feature",
            "properties": {
                "Name": "KRISH JUDY W",
                "Address": "2144 TWIN LAKES RD",
                "Phone": "2182359188",
                "Phase": "C",
                "Substation": "CLEAR LAKE",
                "Map_location": "160000205",
                "PARCEL_NUMBER": "465004003130.0"
            },
            "geometry": {
                "type": "Point",
                "coordinates": [
                    -91.95858115418373,
                    47.875796493307895
                ]
            }
        },
        {
            "type": "Feature",
            "properties": {
                "Name": "KRISH JUDY W",
                "Address": "2144 TWIN LAKES RD",
                "Phone": "2182359188",
                "Phase": "C",
                "Substation": "CLEAR LAKE",
                "Map_location": "160000205",
                "PARCEL_NUMBER": "465003000300.0"
            },
            "geometry": {
                "type": "Point",
                "coordinates": [
                    -91.95858115418373,
                    47.875796493307895
                ]
            }
        },
        {
            "type": "Feature",
            "properties": {
                "Name": "KRISH JUDY W",
                "Address": "2144 TWIN LAKES RD",
                "Phone": "2182359188",
                "Phase": "C",
                "Substation": "CLEAR LAKE",
                "Map_location": "160000205",
                "PARCEL_NUMBER": "465003000307.0"
            },
            "geometry": {
                "type": "Point",
                "coordinates": [
                    -91.95858115418373,
                    47.875796493307895
                ]
            }
        },
        {
            "type": "Feature",
            "properties": {
                "Name": "KRISH JUDY W",
                "Address": "2144 TWIN LAKES RD",
                "Phone": "2182359188",
                "Phase": "C",
                "Substation": "CLEAR LAKE",
                "Map_location": "160000205",
                "PARCEL_NUMBER": "175007104095.0"
            },
            "geometry": {
                "type": "Point",
                "coordinates": [
                    -91.95858115418373,
                    47.875796493307895
                ]
            }
        },
        {
            "type": "Feature",
            "properties": {
                "Name": "KRISH JUDY W",
                "Address": "2144 TWIN LAKES RD",
                "Phone": "2182359188",
                "Phase": "C",
                "Substation": "CLEAR LAKE",
                "Map_location": "160000205",
                "PARCEL_NUMBER": "175007104081.0"
            },
            "geometry": {
                "type": "Point",
                "coordinates": [
                    -91.95858115418373,
                    47.875796493307895
                ]
            }
        },
        {
            "type": "Feature",
            "properties": {
                "Name": "PETERSON CLYDE WILLIAM",
                "Address": "2140 TWIN LKS RD",
                "Phone": "2182357888",
                "Phase": "C",
                "Substation": "CLEAR LAKE",
                "Map_location": "160000206",
                "PARCEL_NUMBER": null
            },
            "geometry": {
                "type": "Point",
                "coordinates": [
                    -91.95656945219982,
                    47.87585769021796
                ]
            }
        },
        {
            "type": "Feature",
            "properties": {
                "Name": "KOSCHAK ROBERT G",
                "Address": "2125 TWIN LKS RD",
                "Phone": "2183496568",
                "Phase": "C",
                "Substation": "CLEAR LAKE",
                "Map_location": "160000210",
                "PARCEL_NUMBER": null
            },
            "geometry": {
                "type": "Point",
                "coordinates": [
                    -91.95464045109523,
                    47.87568118726284
                ]
            }
        },
        {
            "type": "Feature",
            "properties": {
                "Name": "EIBLER JEFF W",
                "Address": "2125 TWIN LAKES RD",
                "Phone": "2183416043",
                "Phase": "C",
                "Substation": "CLEAR LAKE",
                "Map_location": "160000207",
                "PARCEL_NUMBER": "465003000495.0"
            },
            "geometry": {
                "type": "Point",
                "coordinates": [
                    -91.95522115200639,
                    47.87556368815813
                ]
            }
        },
        {
            "type": "Feature",
            "properties": {
                "Name": "EIBLER JEFF W",
                "Address": "2125 TWIN LAKES RD",
                "Phone": "2183416043",
                "Phase": "C",
                "Substation": "CLEAR LAKE",
                "Map_location": "160000207",
                "PARCEL_NUMBER": "580001001730.0"
            },
            "geometry": {
                "type": "Point",
                "coordinates": [
                    -91.95522115200639,
                    47.87556368815813
                ]
            }
        },
        {
            "type": "Feature",
            "properties": {
                "Name": "RICE SABRINA",
                "Address": "2102 TWIN LAKES ROAD",
                "Phone": "6512788468",
                "Phase": "C",
                "Substation": "CLEAR LAKE",
                "Map_location": "160000208",
                "PARCEL_NUMBER": null
            },
            "geometry": {
                "type": "Point",
                "coordinates": [
                    -91.95511944445838,
                    47.87776278792876
                ]
            }
        },
        {
            "type": "Feature",
            "properties": {
                "Name": "ROBICH BONNIE",
                "Address": "2208 ROBICH RD",
                "Phone": "2182353602",
                "Phase": "C",
                "Substation": "CLEAR LAKE",
                "Map_location": "160000204",
                "PARCEL_NUMBER": null
            },
            "geometry": {
                "type": "Point",
                "coordinates": [
                    -91.95484983196494,
                    47.88137578739452
                ]
            }
        },
        {
            "type": "Feature",
            "properties": {
                "Name": "ROBICH RUDOLPH FRANK",
                "Address": "2200 ROBICH RD",
                "Phone": "2182357725",
                "Phase": "C",
                "Substation": "CLEAR LAKE",
                "Map_location": "160000214",
                "PARCEL_NUMBER": null
            },
            "geometry": {
                "type": "Point",
                "coordinates": [
                    -91.95291243091606,
                    47.8811806844268
                ]
            }
        },
        {
            "type": "Feature",
            "properties": {
                "Name": "VERIZON WIRELESS",
                "Address": "4493 HIGHWAY 169 SITE 18100",
                "Phone": "7013610006",
                "Phase": "C",
                "Substation": "CLEAR LAKE",
                "Map_location": "159002003",
                "PARCEL_NUMBER": null
            },
            "geometry": {
                "type": "Point",
                "coordinates": [
                    -92.15730529999982,
                    47.84232370000973
                ]
            }
        },
        {
            "type": "Feature",
            "properties": {
                "Name": "AT & T MOBILITY",
                "Address": "4493 OLD HWY 169",
                "Phone": "8663224547",
                "Phase": "C",
                "Substation": "CLEAR LAKE",
                "Map_location": "159002004",
                "PARCEL_NUMBER": null
            },
            "geometry": {
                "type": "Point",
                "coordinates": [
                    -92.1572745999998,
                    47.84232200000974
                ]
            }
        },
        {
            "type": "Feature",
            "properties": {
                "Name": "BACHSCHNEIDER ROBERT H",
                "Address": "5348 MUD CREEK RD",
                "Phone": "6122673750",
                "Phase": "C",
                "Substation": "CLEAR LAKE",
                "Map_location": "143013349",
                "PARCEL_NUMBER": null
            },
            "geometry": {
                "type": "Point",
                "coordinates": [
                    -92.24819719999985,
                    47.896391900009796
                ]
            }
        },
        {
            "type": "Feature",
            "properties": {
                "Name": "OJALA JOSH",
                "Address": "2599 HWY 169",
                "Phone": "2182357562",
                "Phase": "C",
                "Substation": "CLEAR LAKE",
                "Map_location": "160000209",
                "PARCEL_NUMBER": null
            },
            "geometry": {
                "type": "Point",
                "coordinates": [
                    -91.95456991873108,
                    47.88520358683725
                ]
            }
        },
        {
            "type": "Feature",
            "properties": {
                "Name": "Customer not found in Customer Table \n(Check with Billing)",
                "Address": null,
                "Phone": null,
                "Phase": "C",
                "Substation": "CLEAR LAKE",
                "Map_location": "160000211",
                "PARCEL_NUMBER": null
            },
            "geometry": {
                "type": "Point",
                "coordinates": [
                    -91.95570480302413,
                    47.88321988661275
                ]
            }
        },
        {
            "type": "Feature",
            "properties": {
                "Name": "ROBICH PAUL CHARLES",
                "Address": "2210 ROBICH ROAD",
                "Phone": "2182351555",
                "Phase": "C",
                "Substation": "CLEAR LAKE",
                "Map_location": "160000213",
                "PARCEL_NUMBER": null
            },
            "geometry": {
                "type": "Point",
                "coordinates": [
                    -91.95541648998754,
                    47.882303281654046
                ]
            }
        },
        {
            "type": "Feature",
            "properties": {
                "Name": "MATSCHINER ALEC J",
                "Address": "3123 WOLF LAKE LN",
                "Phone": "2182351613",
                "Phase": "B",
                "Substation": "CLEAR LAKE",
                "Map_location": "160010511",
                "PARCEL_NUMBER": "465003000745.0"
            },
            "geometry": {
                "type": "Point",
                "coordinates": [
                    -92.01277923999973,
                    47.88550186000979
                ]
            }
        },
        {
            "type": "Feature",
            "properties": {
                "Name": "TEMPLE STEVEN W",
                "Address": "3075 WOLF LK LANE",
                "Phone": "8156259587",
                "Phase": "B",
                "Substation": "CLEAR LAKE",
                "Map_location": "160010521",
                "PARCEL_NUMBER": null
            },
            "geometry": {
                "type": "Point",
                "coordinates": [
                    -92.01031299999973,
                    47.885326100009785
                ]
            }
        },
        {
            "type": "Feature",
            "properties": {
                "Name": "SCHOCKE TERRY L",
                "Address": "3120 WOLF LAKE LANE",
                "Phone": "2183033294",
                "Phase": "B",
                "Substation": "CLEAR LAKE",
                "Map_location": "160010509",
                "PARCEL_NUMBER": null
            },
            "geometry": {
                "type": "Point",
                "coordinates": [
                    -92.01220702999973,
                    47.88496399000979
                ]
            }
        },
        {
            "type": "Feature",
            "properties": {
                "Name": "HAGEDORN PHILIP A",
                "Address": "3125 WOLF LK LN",
                "Phone": "2183652690",
                "Phase": "B",
                "Substation": "CLEAR LAKE",
                "Map_location": "160010503",
                "PARCEL_NUMBER": null
            },
            "geometry": {
                "type": "Point",
                "coordinates": [
                    -92.01365189999974,
                    47.885223000009795
                ]
            }
        },
        {
            "type": "Feature",
            "properties": {
                "Name": "SMITH GARY LEE",
                "Address": "3071 WOLF LAKE LANE HOUSE",
                "Phone": "2183654620",
                "Phase": "B",
                "Substation": "CLEAR LAKE",
                "Map_location": "160010407",
                "PARCEL_NUMBER": null
            },
            "geometry": {
                "type": "Point",
                "coordinates": [
                    -92.00823409999974,
                    47.884666300009776
                ]
            }
        },
        {
            "type": "Feature",
            "properties": {
                "Name": "KACZMAREK CHRISTOPHER A",
                "Address": "3031 WOLF LAKE RD",
                "Phone": "2182350457",
                "Phase": "C",
                "Substation": "CLEAR LAKE",
                "Map_location": "160010410",
                "PARCEL_NUMBER": null
            },
            "geometry": {
                "type": "Point",
                "coordinates": [
                    -92.00723349999974,
                    47.884957500009776
                ]
            }
        },
        {
            "type": "Feature",
            "properties": {
                "Name": "SMITH GARY LEE",
                "Address": "3071 WOLF LAKE LANE GUEST HOUS",
                "Phone": "2183654620",
                "Phase": "B",
                "Substation": "CLEAR LAKE",
                "Map_location": "160010411",
                "PARCEL_NUMBER": null
            },
            "geometry": {
                "type": "Point",
                "coordinates": [
                    -92.00916159999974,
                    47.88468360000979
                ]
            }
        },
        {
            "type": "Feature",
            "properties": {
                "Name": "JENNINGS RICHARD HUNTER",
                "Address": "3605 MOOSE CREEK TRAIL",
                "Phone": "4238215255",
                "Phase": "C",
                "Substation": "CLEAR LAKE",
                "Map_location": "159001265",
                "PARCEL_NUMBER": null
            },
            "geometry": {
                "type": "Point",
                "coordinates": [
                    -92.06045719999976,
                    47.86003580000975
                ]
            }
        },
        {
            "type": "Feature",
            "properties": {
                "Name": "RANK DALE N",
                "Address": "3610 MOOSE CREEK TRAIL",
                "Phone": "2183408773",
                "Phase": "C",
                "Substation": "CLEAR LAKE",
                "Map_location": "159001270",
                "PARCEL_NUMBER": null
            },
            "geometry": {
                "type": "Point",
                "coordinates": [
                    -92.06173939999975,
                    47.85991520000976
                ]
            }
        },
        {
            "type": "Feature",
            "properties": {
                "Name": "LAMERS CATHY M",
                "Address": "1911 GROUSE RIDGE RD",
                "Phone": "6512389235",
                "Phase": "C",
                "Substation": "CLEAR LAKE",
                "Map_location": "159001202",
                "PARCEL_NUMBER": null
            },
            "geometry": {
                "type": "Point",
                "coordinates": [
                    -92.06424259999976,
                    47.86079900000974
                ]
            }
        },
        {
            "type": "Feature",
            "properties": {
                "Name": "SCHIMKA DANIEL J",
                "Address": "3636 MOOSE CREEK TRAIL",
                "Phone": "6303804082",
                "Phase": "C",
                "Substation": "CLEAR LAKE",
                "Map_location": "159001206",
                "PARCEL_NUMBER": null
            },
            "geometry": {
                "type": "Point",
                "coordinates": [
                    -92.06405550341543,
                    47.86091825455098
                ]
            }
        },
        {
            "type": "Feature",
            "properties": {
                "Name": "WHITE NICOLE J",
                "Address": "3579 RODGERS AVE",
                "Phone": "2187508154",
                "Phase": "B",
                "Substation": "CLEAR LAKE",
                "Map_location": "159011363",
                "PARCEL_NUMBER": "317022000450.0"
            },
            "geometry": {
                "type": "Point",
                "coordinates": [
                    -92.05908199999976,
                    47.85179710000974
                ]
            }
        },
        {
            "type": "Feature",
            "properties": {
                "Name": "VOILES STEVE L",
                "Address": "3567 RODGERS AVE",
                "Phone": "2184041098",
                "Phase": "B",
                "Substation": "CLEAR LAKE",
                "Map_location": "159011369",
                "PARCEL_NUMBER": null
            },
            "geometry": {
                "type": "Point",
                "coordinates": [
                    -92.05853309999976,
                    47.85232180000975
                ]
            }
        },
        {
            "type": "Feature",
            "properties": {
                "Name": "FRAUNE CHRIS",
                "Address": "3591 RODGERS AVE",
                "Phone": "9523341359",
                "Phase": "B",
                "Substation": "CLEAR LAKE",
                "Map_location": "159011365",
                "PARCEL_NUMBER": "317022000310.0"
            },
            "geometry": {
                "type": "Point",
                "coordinates": [
                    -92.06055669439367,
                    47.85176402371453
                ]
            }
        },
        {
            "type": "Feature",
            "properties": {
                "Name": "FRAUNE CHRIS",
                "Address": "3591 RODGERS AVE",
                "Phone": "9523341359",
                "Phase": "B",
                "Substation": "CLEAR LAKE",
                "Map_location": "159011365",
                "PARCEL_NUMBER": "317022000160.0"
            },
            "geometry": {
                "type": "Point",
                "coordinates": [
                    -92.06055669439367,
                    47.85176402371453
                ]
            }
        },
        {
            "type": "Feature",
            "properties": {
                "Name": "BIRD BRIAN",
                "Address": "3699 WILDGATE ROAD",
                "Phone": "2183402425",
                "Phase": "A",
                "Substation": "CLEAR LAKE",
                "Map_location": "159011457",
                "PARCEL_NUMBER": null
            },
            "geometry": {
                "type": "Point",
                "coordinates": [
                    -92.07602699999977,
                    47.85442700000975
                ]
            }
        },
        {
            "type": "Feature",
            "properties": {
                "Name": "LARSON KENNETH",
                "Address": "3687 WILDGATE ROAD",
                "Phone": "2182358324",
                "Phase": "A",
                "Substation": "CLEAR LAKE",
                "Map_location": "159011443",
                "PARCEL_NUMBER": null
            },
            "geometry": {
                "type": "Point",
                "coordinates": [
                    -92.07218719999977,
                    47.85464940000974
                ]
            }
        },
        {
            "type": "Feature",
            "properties": {
                "Name": "KOSKI CLIFFORD W",
                "Address": "3728 HIGHWAY 169",
                "Phone": null,
                "Phase": "A",
                "Substation": "CLEAR LAKE",
                "Map_location": "159011458",
                "PARCEL_NUMBER": null
            },
            "geometry": {
                "type": "Point",
                "coordinates": [
                    -92.07522859999978,
                    47.85567890000974
                ]
            }
        },
        {
            "type": "Feature",
            "properties": {
                "Name": "LEWIS BRYAN LYNN",
                "Address": "3245 WOLF LAKE RD",
                "Phone": "9524490045",
                "Phase": "B",
                "Substation": "CLEAR LAKE",
                "Map_location": "145053221",
                "PARCEL_NUMBER": null
            },
            "geometry": {
                "type": "Point",
                "coordinates": [
                    -92.02309109999975,
                    47.894406300009784
                ]
            }
        },
        {
            "type": "Feature",
            "properties": {
                "Name": "LAUTERBACH SHERRY B",
                "Address": "3239 WOLF LK RD",
                "Phone": "6305318177",
                "Phase": "B",
                "Substation": "CLEAR LAKE",
                "Map_location": "145053204",
                "PARCEL_NUMBER": null
            },
            "geometry": {
                "type": "Point",
                "coordinates": [
                    -92.02295929999975,
                    47.8943327300098
                ]
            }
        },
        {
            "type": "Feature",
            "properties": {
                "Name": "BARGEN DONALD R",
                "Address": "2375 VISTE POINT RD HOME",
                "Phone": "7656536169",
                "Phase": "B",
                "Substation": "CLEAR LAKE",
                "Map_location": "145053213",
                "PARCEL_NUMBER": null
            },
            "geometry": {
                "type": "Point",
                "coordinates": [
                    -92.02423329999975,
                    47.894673300009806
                ]
            }
        },
        {
            "type": "Feature",
            "properties": {
                "Name": "LEWIS BRYAN LYNN",
                "Address": "3245 WOLF LAKE RD",
                "Phone": "9524490045",
                "Phase": "B",
                "Substation": "CLEAR LAKE",
                "Map_location": "145053223",
                "PARCEL_NUMBER": null
            },
            "geometry": {
                "type": "Point",
                "coordinates": [
                    -92.02482399999974,
                    47.89375610000979
                ]
            }
        },
        {
            "type": "Feature",
            "properties": {
                "Name": "Customer not found in Customer Table \n(Check with Billing)",
                "Address": null,
                "Phone": null,
                "Phase": "B",
                "Substation": "CLEAR LAKE",
                "Map_location": "145053220",
                "PARCEL_NUMBER": null
            },
            "geometry": {
                "type": "Point",
                "coordinates": [
                    -92.02487959999975,
                    47.8937538000098
                ]
            }
        },
        {
            "type": "Feature",
            "properties": {
                "Name": "HAYEK PETE",
                "Address": "2412 VISTE POINT",
                "Phone": "2183657445",
                "Phase": "B",
                "Substation": "CLEAR LAKE",
                "Map_location": "145053214",
                "PARCEL_NUMBER": "465004005146.0"
            },
            "geometry": {
                "type": "Point",
                "coordinates": [
                    -92.02308109999974,
                    47.896090600009806
                ]
            }
        },
        {
            "type": "Feature",
            "properties": {
                "Name": "WHITE BARBARA COLGLAZIE",
                "Address": "2415 VISTE RD",
                "Phone": "6127195136",
                "Phase": "B",
                "Substation": "CLEAR LAKE",
                "Map_location": "145053215",
                "PARCEL_NUMBER": null
            },
            "geometry": {
                "type": "Point",
                "coordinates": [
                    -92.02293709999974,
                    47.89662360000979
                ]
            }
        },
        {
            "type": "Feature",
            "properties": {
                "Name": "KUZEL ANDREA E",
                "Address": "3319 WOLF LK RD",
                "Phone": "6128123174",
                "Phase": "B",
                "Substation": "CLEAR LAKE",
                "Map_location": "145053205",
                "PARCEL_NUMBER": null
            },
            "geometry": {
                "type": "Point",
                "coordinates": [
                    -92.0266593158494,
                    47.89626640808733
                ]
            }
        },
        {
            "type": "Feature",
            "properties": {
                "Name": "WEBER DUANE L",
                "Address": "3732 HWY 169",
                "Phone": "7634344134",
                "Phase": "A",
                "Substation": "CLEAR LAKE",
                "Map_location": "159011459",
                "PARCEL_NUMBER": null
            },
            "geometry": {
                "type": "Point",
                "coordinates": [
                    -92.0771673151852,
                    47.85461925524891
                ]
            }
        },
        {
            "type": "Feature",
            "properties": {
                "Name": "HARRINGTON BRIAN",
                "Address": "4165 MIGISI RD E",
                "Phone": null,
                "Phase": "C",
                "Substation": "CLEAR LAKE",
                "Map_location": "159053334",
                "PARCEL_NUMBER": null
            },
            "geometry": {
                "type": "Point",
                "coordinates": [
                    -92.12358603165139,
                    47.80884362090087
                ]
            }
        },
        {
            "type": "Feature",
            "properties": {
                "Name": "FRONTIER COMMUNIC ATIONS",
                "Address": "4493 OLD HWY 169",
                "Phone": "7017071015",
                "Phase": "C",
                "Substation": "CLEAR LAKE",
                "Map_location": "159002005",
                "PARCEL_NUMBER": null
            },
            "geometry": {
                "type": "Point",
                "coordinates": [
                    -92.15729519999981,
                    47.842276300009736
                ]
            }
        },
        {
            "type": "Feature",
            "properties": {
                "Name": "JOHNSON MARK",
                "Address": "4151 E MIGISI RD",
                "Phone": "6514261215",
                "Phase": "C",
                "Substation": "CLEAR LAKE",
                "Map_location": "159053335",
                "PARCEL_NUMBER": null
            },
            "geometry": {
                "type": "Point",
                "coordinates": [
                    -92.1223604999998,
                    47.808924800009684
                ]
            }
        },
        {
            "type": "Feature",
            "properties": {
                "Name": "TOPP HENRY ANDREW SCOTT",
                "Address": "1255 WALSH RD",
                "Phone": "6123281821",
                "Phase": "B",
                "Substation": "CLEAR LAKE",
                "Map_location": "159043421",
                "PARCEL_NUMBER": null
            },
            "geometry": {
                "type": "Point",
                "coordinates": [
                    -92.1133145999998,
                    47.8090775000097
                ]
            }
        },
        {
            "type": "Feature",
            "properties": {
                "Name": "HANS M JAMES",
                "Address": "3039 WOLF LAKE RD",
                "Phone": "2182210982",
                "Phase": "C",
                "Substation": "CLEAR LAKE",
                "Map_location": "160010412",
                "PARCEL_NUMBER": "465003000610.0"
            },
            "geometry": {
                "type": "Point",
                "coordinates": [
                    -92.00278979999973,
                    47.88765540000978
                ]
            }
        },
        {
            "type": "Feature",
            "properties": {
                "Name": "PULLAR STEVEN LEE",
                "Address": "1568 MINNESOTA AVE",
                "Phone": "2186000297",
                "Phase": "C",
                "Substation": "CLEAR LAKE",
                "Map_location": "159032281",
                "PARCEL_NUMBER": null
            },
            "geometry": {
                "type": "Point",
                "coordinates": [
                    -92.09565569999978,
                    47.83565140000973
                ]
            }
        },
        {
            "type": "Feature",
            "properties": {
                "Name": "HORNS JAMES",
                "Address": "2742 GLENDALOCH RD",
                "Phone": "6123797247",
                "Phase": "C",
                "Substation": "CLEAR LAKE",
                "Map_location": "145092111",
                "PARCEL_NUMBER": null
            },
            "geometry": {
                "type": "Point",
                "coordinates": [
                    -92.00290329999972,
                    47.91969860000981
                ]
            }
        },
        {
            "type": "Feature",
            "properties": {
                "Name": "CHEVALIER TAMMY",
                "Address": "3820 S HWY 169",
                "Phone": "6128500866",
                "Phase": "A",
                "Substation": "CLEAR LAKE",
                "Map_location": "159001405",
                "PARCEL_NUMBER": null
            },
            "geometry": {
                "type": "Point",
                "coordinates": [
                    -92.08468199999977,
                    47.85218470000974
                ]
            }
        },
        {
            "type": "Feature",
            "properties": {
                "Name": "VOLLOM DANIEL",
                "Address": "4052 NORWAY RD",
                "Phone": "6518959422",
                "Phase": "C",
                "Substation": "CLEAR LAKE",
                "Map_location": "159043420",
                "PARCEL_NUMBER": "317016100020.0"
            },
            "geometry": {
                "type": "Point",
                "coordinates": [
                    -92.11162719999979,
                    47.812882400009684
                ]
            }
        },
        {
            "type": "Feature",
            "properties": {
                "Name": "SALMINEN NANCY J",
                "Address": "1415 WALSH RD",
                "Phone": "2182097808",
                "Phase": "A",
                "Substation": "CLEAR LAKE",
                "Map_location": "159032766",
                "PARCEL_NUMBER": null
            },
            "geometry": {
                "type": "Point",
                "coordinates": [
                    -92.09458619999978,
                    47.822949700009694
                ]
            }
        },
        {
            "type": "Feature",
            "properties": {
                "Name": "BEARHEAD LAKE STA TE PARK",
                "Address": "9301 BEAR HEAD STATE PARK RD",
                "Phone": "2182352521",
                "Phase": "A",
                "Substation": "CLEAR LAKE",
                "Map_location": "172000206",
                "PARCEL_NUMBER": null
            },
            "geometry": {
                "type": "Point",
                "coordinates": [
                    -92.07950129999978,
                    47.78710250000966
                ]
            }
        },
        {
            "type": "Feature",
            "properties": {
                "Name": "JACKSON TODD MICHAEL",
                "Address": "1243 WALSH RD",
                "Phone": null,
                "Phase": "C",
                "Substation": "CLEAR LAKE",
                "Map_location": "159043497",
                "PARCEL_NUMBER": null
            },
            "geometry": {
                "type": "Point",
                "coordinates": [
                    -92.11498879999981,
                    47.80894210000969
                ]
            }
        },
        {
            "type": "Feature",
            "properties": {
                "Name": "TRAPANESE FRANK A",
                "Address": "4157 MIGISI RD",
                "Phone": "6513885465",
                "Phase": "C",
                "Substation": "CLEAR LAKE",
                "Map_location": "159053336",
                "PARCEL_NUMBER": null
            },
            "geometry": {
                "type": "Point",
                "coordinates": [
                    -92.1226915999998,
                    47.808906600009706
                ]
            }
        },
        {
            "type": "Feature",
            "properties": {
                "Name": "LANGOWSKI HAROLD R",
                "Address": "1394 WALSH RD",
                "Phone": "2187490808",
                "Phase": "C",
                "Substation": "CLEAR LAKE",
                "Map_location": "159032772",
                "PARCEL_NUMBER": null
            },
            "geometry": {
                "type": "Point",
                "coordinates": [
                    -92.09700969999979,
                    47.8217789000097
                ]
            }
        },
        {
            "type": "Feature",
            "properties": {
                "Name": "OGORMAN BLAINE",
                "Address": "3120 VAN VAC RD",
                "Phone": "6127995349",
                "Phase": "C",
                "Substation": "CLEAR LAKE",
                "Map_location": "145092823",
                "PARCEL_NUMBER": null
            },
            "geometry": {
                "type": "Point",
                "coordinates": [
                    -92.00808909999975,
                    47.903573100009794
                ]
            }
        },
        {
            "type": "Feature",
            "properties": {
                "Name": "LILJA DARREN",
                "Address": "2115 TWIN LAKES ROAD",
                "Phone": "6512497283",
                "Phase": "C",
                "Substation": "CLEAR LAKE",
                "Map_location": "160000215",
                "PARCEL_NUMBER": null
            },
            "geometry": {
                "type": "Point",
                "coordinates": [
                    -91.95364384523229,
                    47.87715048568404
                ]
            }
        },
        {
            "type": "Feature",
            "properties": {
                "Name": "JOHNSON DANTON L",
                "Address": "3646 MOOSE CREEK TRAIL",
                "Phone": "2183656420",
                "Phase": "C",
                "Substation": "CLEAR LAKE",
                "Map_location": "159001207",
                "PARCEL_NUMBER": null
            },
            "geometry": {
                "type": "Point",
                "coordinates": [
                    -92.06475234999978,
                    47.86216164000975
                ]
            }
        },
        {
            "type": "Feature",
            "properties": {
                "Name": "ERICKSON BERNARD",
                "Address": "3323 WOLF LAKE RD HOUSE",
                "Phone": "3202172398",
                "Phase": "B",
                "Substation": "CLEAR LAKE",
                "Map_location": "145053121",
                "PARCEL_NUMBER": "465004005052.0"
            },
            "geometry": {
                "type": "Point",
                "coordinates": [
                    -92.03210229999975,
                    47.89405660000979
                ]
            }
        },
        {
            "type": "Feature",
            "properties": {
                "Name": "OBERHELMAN MATT",
                "Address": "4265 SIX MILE LAKE RD",
                "Phone": null,
                "Phase": "A",
                "Substation": "CLEAR LAKE",
                "Map_location": "159002106",
                "PARCEL_NUMBER": null
            },
            "geometry": {
                "type": "Point",
                "coordinates": [
                    -92.1308833999998,
                    47.83940720000973
                ]
            }
        },
        {
            "type": "Feature",
            "properties": {
                "Name": "CHARTIER J JACOB",
                "Address": "INDIAN POINT RD",
                "Phone": null,
                "Phase": "C",
                "Substation": "CLEAR LAKE",
                "Map_location": "158000322",
                "PARCEL_NUMBER": null
            },
            "geometry": {
                "type": "Point",
                "coordinates": [
                    -92.23377551466794,
                    47.87963988410289
                ]
            }
        },
        {
            "type": "Feature",
            "properties": {
                "Name": "STATE OF MINNESOT A",
                "Address": "9301 BEAR HEAD STATE PARK ROAD",
                "Phone": "2182352521",
                "Phase": "A",
                "Substation": "CLEAR LAKE",
                "Map_location": "172000207",
                "PARCEL_NUMBER": null
            },
            "geometry": {
                "type": "Point",
                "coordinates": [
                    -92.08346974158991,
                    47.79153285519178
                ]
            }
        },
        {
            "type": "Feature",
            "properties": {
                "Name": "BARTON ROBERT BRUCE",
                "Address": "3687 HWY 169",
                "Phone": "2182351227",
                "Phase": "C",
                "Substation": "CLEAR LAKE",
                "Map_location": "159011379",
                "PARCEL_NUMBER": null
            },
            "geometry": {
                "type": "Point",
                "coordinates": [
                    -92.07156559999977,
                    47.85749490000975
                ]
            }
        },
        {
            "type": "Feature",
            "properties": {
                "Name": "LIESTER THOMAS WILLIAM",
                "Address": "XXXX MUD CREEK RD",
                "Phone": null,
                "Phase": "C",
                "Substation": "CLEAR LAKE",
                "Map_location": "159000502",
                "PARCEL_NUMBER": null
            },
            "geometry": {
                "type": "Point",
                "coordinates": [
                    -92.14674544028027,
                    47.87700301254613
                ]
            }
        },
        {
            "type": "Feature",
            "properties": {
                "Name": "LINQUIST DEBRA ANN",
                "Address": "3604 W LK FOUR RD",
                "Phone": null,
                "Phase": "A",
                "Substation": "CLEAR LAKE",
                "Map_location": "159022545",
                "PARCEL_NUMBER": null
            },
            "geometry": {
                "type": "Point",
                "coordinates": [
                    -92.06064579999976,
                    47.82404220000971
                ]
            }
        },
        {
            "type": "Feature",
            "properties": {
                "Name": "GUGGISBERG ALLEN CHARLES",
                "Address": "4118 SWANSONS SHORES RD",
                "Phone": "9073889226",
                "Phase": "A",
                "Substation": "CLEAR LAKE",
                "Map_location": "159053343",
                "PARCEL_NUMBER": null
            },
            "geometry": {
                "type": "Point",
                "coordinates": [
                    -92.12153508187427,
                    47.80171043205366
                ]
            }
        },
        {
            "type": "Feature",
            "properties": {
                "Name": "PUSTOVAR TOM M",
                "Address": "4673 WEST ARMSTRONG BAY RD",
                "Phone": "2183413642",
                "Phase": "A",
                "Substation": "CLEAR LAKE",
                "Map_location": "159001818",
                "PARCEL_NUMBER": null
            },
            "geometry": {
                "type": "Point",
                "coordinates": [
                    -92.17681985925208,
                    47.84794293318963
                ]
            }
        },
        {
            "type": "Feature",
            "properties": {
                "Name": "MILLER ROBERT EARL",
                "Address": "2935 VAN VAC RD",
                "Phone": "4023468538",
                "Phase": "C",
                "Substation": "CLEAR LAKE",
                "Map_location": "145092824",
                "PARCEL_NUMBER": null
            },
            "geometry": {
                "type": "Point",
                "coordinates": [
                    -91.99178825093524,
                    47.917862074783876
                ]
            }
        },
        {
            "type": "Feature",
            "properties": {
                "Name": "STATE OF MINNESOT A STATE P",
                "Address": "NO BLDG-SEPTIC CABIN",
                "Phone": "2183007006",
                "Phase": "C",
                "Substation": "CLEAR LAKE",
                "Map_location": "158001304",
                "PARCEL_NUMBER": null
            },
            "geometry": {
                "type": "Point",
                "coordinates": [
                    -92.18604739999984,
                    47.84760950000974
                ]
            }
        },
        {
            "type": "Feature",
            "properties": {
                "Name": "STOCKLER BILL J",
                "Address": "1148 WALSH RD",
                "Phone": "7634863854",
                "Phase": "A",
                "Substation": "CLEAR LAKE",
                "Map_location": "159053337",
                "PARCEL_NUMBER": null
            },
            "geometry": {
                "type": "Point",
                "coordinates": [
                    -92.1162333999998,
                    47.80374710000969
                ]
            }
        },
        {
            "type": "Feature",
            "properties": {
                "Name": "STATE OF MINNESOT A STATE P",
                "Address": "CAMPER CABINS",
                "Phone": "2183007006",
                "Phase": "B",
                "Substation": "CLEAR LAKE",
                "Map_location": "158001305",
                "PARCEL_NUMBER": null
            },
            "geometry": {
                "type": "Point",
                "coordinates": [
                    -92.19156711251738,
                    47.84791121872699
                ]
            }
        },
        {
            "type": "Feature",
            "properties": {
                "Name": "GRUBA SHEILA",
                "Address": "2830 HWY 169",
                "Phone": "2183653080",
                "Phase": "C",
                "Substation": "CLEAR LAKE",
                "Map_location": "160000304",
                "PARCEL_NUMBER": null
            },
            "geometry": {
                "type": "Point",
                "coordinates": [
                    -91.98084596200779,
                    47.88001156247903
                ]
            }
        },
        {
            "type": "Feature",
            "properties": {
                "Name": "ST LOUIS CO HWY D EPT",
                "Address": "BEARHEAD PK & WALSH-WO252878 ID128.01",
                "Phone": "2183652380",
                "Phase": "A",
                "Substation": "CLEAR LAKE",
                "Map_location": "159062607SL",
                "PARCEL_NUMBER": null
            },
            "geometry": {
                "type": "Point",
                "coordinates": [
                    -92.08946167061683,
                    47.82712736300207
                ]
            }
        },
        {
            "type": "Feature",
            "properties": {
                "Name": "LOWE JAMIE WILLIAM",
                "Address": "3393 WOLF LAKE RD",
                "Phone": null,
                "Phase": "B",
                "Substation": "CLEAR LAKE",
                "Map_location": "145053124",
                "PARCEL_NUMBER": null
            },
            "geometry": {
                "type": "Point",
                "coordinates": [
                    -92.04017699993531,
                    47.89024600380831
                ]
            }
        },
        {
            "type": "Feature",
            "properties": {
                "Name": "ROSS GARY DON",
                "Address": "5400 BEAR CREEK DR",
                "Phone": "2184103848",
                "Phase": "C",
                "Substation": "CLEAR LAKE",
                "Map_location": "143013369",
                "PARCEL_NUMBER": null
            },
            "geometry": {
                "type": "Point",
                "coordinates": [
                    -92.25484058234449,
                    47.89672668477813
                ]
            }
        },
        {
            "type": "Feature",
            "properties": {
                "Name": "FRONTIER COMMUNIC ATIONS",
                "Address": "190' N ON BOBENCE OFF HWY 1/16",
                "Phone": "7017071015",
                "Phase": "A",
                "Substation": "CLEAR LAKE",
                "Map_location": "159011380",
                "PARCEL_NUMBER": null
            },
            "geometry": {
                "type": "Point",
                "coordinates": [
                    -92.06169546479003,
                    47.85525543012292
                ]
            }
        },
        {
            "type": "Feature",
            "properties": {
                "Name": "PRESTON JON MICHAEL",
                "Address": "4150 MIGISI RD E",
                "Phone": null,
                "Phase": "C",
                "Substation": "CLEAR LAKE",
                "Map_location": "159053342",
                "PARCEL_NUMBER": null
            },
            "geometry": {
                "type": "Point",
                "coordinates": [
                    -92.12040771993692,
                    47.80793745848029
                ]
            }
        },
        {
            "type": "Feature",
            "properties": {
                "Name": "MAKI ERIC JAY",
                "Address": "1675 BEAR HEAD STATE PARK ROAD",
                "Phone": "2187809745",
                "Phase": "A",
                "Substation": "CLEAR LAKE",
                "Map_location": "159001408",
                "PARCEL_NUMBER": null
            },
            "geometry": {
                "type": "Point",
                "coordinates": [
                    -92.09427988879284,
                    47.84422063324227
                ]
            }
        },
        {
            "type": "Feature",
            "properties": {
                "Name": "NEMANICH FAMILY C ABIN TRUS",
                "Address": "1254 MINNESOTA LANE NEW CABIN",
                "Phone": "7635451125",
                "Phase": "A",
                "Substation": "CLEAR LAKE",
                "Map_location": "159043433",
                "PARCEL_NUMBER": null
            },
            "geometry": {
                "type": "Point",
                "coordinates": [
                    -92.10573379999977,
                    47.813961800009686
                ]
            }
        },
        {
            "type": "Feature",
            "properties": {
                "Name": "GRAHEK THOMAS M",
                "Address": "3345 WOLF LAKE ROAD",
                "Phone": "7703309940",
                "Phase": "B",
                "Substation": "CLEAR LAKE",
                "Map_location": "145053109",
                "PARCEL_NUMBER": null
            },
            "geometry": {
                "type": "Point",
                "coordinates": [
                    -92.0358752916511,
                    47.89422344089085
                ]
            }
        },
        {
            "type": "Feature",
            "properties": {
                "Name": "LINDBERG JON TODD",
                "Address": "4183 E MIGISI RD",
                "Phone": null,
                "Phase": "C",
                "Substation": "CLEAR LAKE",
                "Map_location": "159053339",
                "PARCEL_NUMBER": null
            },
            "geometry": {
                "type": "Point",
                "coordinates": [
                    -92.12555012470636,
                    47.80921878633427
                ]
            }
        },
        {
            "type": "Feature",
            "properties": {
                "Name": "LEVAR FRANK MATHIAS",
                "Address": "2450 CLARK LAKE ROAD",
                "Phone": "7818449173",
                "Phase": "B",
                "Substation": "CLEAR LAKE",
                "Map_location": "144003610",
                "PARCEL_NUMBER": null
            },
            "geometry": {
                "type": "Point",
                "coordinates": [
                    -92.05359842416549,
                    47.89853664042178
                ]
            }
        },
        {
            "type": "Feature",
            "properties": {
                "Name": "BROWNE LINNEA",
                "Address": "1406 WALSH RD",
                "Phone": "6512715331",
                "Phase": "C",
                "Substation": "CLEAR LAKE",
                "Map_location": "159032724",
                "PARCEL_NUMBER": null
            },
            "geometry": {
                "type": "Point",
                "coordinates": [
                    -92.09592019999978,
                    47.82185700000971
                ]
            }
        },
        {
            "type": "Feature",
            "properties": {
                "Name": "DAUL JENNIFER E",
                "Address": "3827 SWANSON SHORES RD",
                "Phone": "6512617099",
                "Phase": "B",
                "Substation": "CLEAR LAKE",
                "Map_location": "159043466",
                "PARCEL_NUMBER": null
            },
            "geometry": {
                "type": "Point",
                "coordinates": [
                    -92.09389079999977,
                    47.80947830000968
                ]
            }
        },
        {
            "type": "Feature",
            "properties": {
                "Name": "STATE OF MINNESOT A STATE P",
                "Address": "NO BLDG-WIFI",
                "Phone": "2183007006",
                "Phase": "A",
                "Substation": "CLEAR LAKE",
                "Map_location": "158001303",
                "PARCEL_NUMBER": null
            },
            "geometry": {
                "type": "Point",
                "coordinates": [
                    -92.18364609999982,
                    47.847282000009734
                ]
            }
        },
        {
            "type": "Feature",
            "properties": {
                "Name": "STATE OF MINNESOT A STATE P",
                "Address": "4714 MURRAY FRST RD - NLP",
                "Phone": "2183007006",
                "Phase": "A",
                "Substation": "CLEAR LAKE",
                "Map_location": "158002502",
                "PARCEL_NUMBER": null
            },
            "geometry": {
                "type": "Point",
                "coordinates": [
                    -92.185151,
                    47.821726000000055
                ]
            }
        }
    ]
}