{
    "type": "FeatureCollection",
    "name": "Cotton_consumer",
    "crs": {
        "type": "name",
        "properties": {
            "name": "urn:ogc:def:crs:OGC:1.3:CRS84"
        }
    },
    "features": [
        {
            "type": "Feature",
            "properties": {
                "Name": "MAGNEY CHRIS JAMES",
                "Address": "8702 EVERGREEN LANE",
                "Phone": "2187283040",
                "Phase": "C",
                "Substation": "COTTON",
                "Map_location": "313043034",
                "PARCEL_NUMBER": null
            },
            "geometry": {
                "type": "Point",
                "coordinates": [
                    -92.4200187918472,
                    47.13925240525466
                ]
            }
        },
        {
            "type": "Feature",
            "properties": {
                "Name": "Customer not found in Customer Table \n(Check with Billing)",
                "Address": null,
                "Phone": null,
                "Phase": "C",
                "Substation": "COTTON",
                "Map_location": "290003306",
                "PARCEL_NUMBER": null
            },
            "geometry": {
                "type": "Point",
                "coordinates": [
                    -92.63558785999996,
                    47.21093514000898
                ]
            }
        },
        {
            "type": "Feature",
            "properties": {
                "Name": "GREAT RIVER ENERG Y",
                "Address": "BUG CREEK RD",
                "Phone": "7634455428",
                "Phase": "A",
                "Substation": "COTTON",
                "Map_location": "312031418",
                "PARCEL_NUMBER": null
            },
            "geometry": {
                "type": "Point",
                "coordinates": [
                    -92.46803899999992,
                    47.15922500000893
                ]
            }
        },
        {
            "type": "Feature",
            "properties": {
                "Name": "Customer not found in Customer Table \n(Check with Billing)",
                "Address": null,
                "Phone": null,
                "Phase": "A",
                "Substation": "COTTON",
                "Map_location": "292032814",
                "PARCEL_NUMBER": null
            },
            "geometry": {
                "type": "Point",
                "coordinates": [
                    -92.3775694299999,
                    47.21598136000901
                ]
            }
        },
        {
            "type": "Feature",
            "properties": {
                "Name": "TALARICO NANCY ANN",
                "Address": "7196 COMSTOCK LAKE RD",
                "Phone": "2186243788",
                "Phase": "B",
                "Substation": "COTTON",
                "Map_location": "312031318",
                "PARCEL_NUMBER": null
            },
            "geometry": {
                "type": "Point",
                "coordinates": [
                    -92.43961339999991,
                    47.16773960000894
                ]
            }
        },
        {
            "type": "Feature",
            "properties": {
                "Name": "JACOBSON TODD LEE",
                "Address": "1285 BLACKBURN RD",
                "Phone": "2187220722",
                "Phase": "A",
                "Substation": "COTTON",
                "Map_location": "292003440",
                "PARCEL_NUMBER": null
            },
            "geometry": {
                "type": "Point",
                "coordinates": [
                    -92.36016732999988,
                    47.212035150008994
                ]
            }
        },
        {
            "type": "Feature",
            "properties": {
                "Name": "WISCONSIN CENTRAL LTD",
                "Address": "TRACKS AND HWY 7 CN 48.14",
                "Phone": "5143994700",
                "Phase": "C",
                "Substation": "COTTON",
                "Map_location": "290003401",
                "PARCEL_NUMBER": null
            },
            "geometry": {
                "type": "Point",
                "coordinates": [
                    -92.60325459999994,
                    47.19727830000898
                ]
            }
        },
        {
            "type": "Feature",
            "properties": {
                "Name": "BOETTCHER HOLLY ANN",
                "Address": "7912 HWY 7",
                "Phone": null,
                "Phase": "B",
                "Substation": "COTTON",
                "Map_location": "332001111",
                "PARCEL_NUMBER": null
            },
            "geometry": {
                "type": "Point",
                "coordinates": [
                    -92.59831554999994,
                    47.08590904000884
                ]
            }
        },
        {
            "type": "Feature",
            "properties": {
                "Name": "MESEDAHL LOREN MICHAEL",
                "Address": "1169 WATER HEN RD",
                "Phone": "2187299519",
                "Phase": "B",
                "Substation": "COTTON",
                "Map_location": "292053556",
                "PARCEL_NUMBER": null
            },
            "geometry": {
                "type": "Point",
                "coordinates": [
                    -92.34535012999989,
                    47.20324689000899
                ]
            }
        },
        {
            "type": "Feature",
            "properties": {
                "Name": "WISCONSIN CENTRAL LTD",
                "Address": "LOC 20 MP49",
                "Phone": "5143994700",
                "Phase": "A",
                "Substation": "COTTON",
                "Map_location": "292003201",
                "PARCEL_NUMBER": null
            },
            "geometry": {
                "type": "Point",
                "coordinates": [
                    -92.3982001999999,
                    47.21045860000901
                ]
            }
        },
        {
            "type": "Feature",
            "properties": {
                "Name": "FRONTIER COMMUNIC ATIONS",
                "Address": "235'W OF KELSEY RD AND CTY 7",
                "Phone": "7017071015",
                "Phase": "B",
                "Substation": "COTTON",
                "Map_location": "311012218",
                "PARCEL_NUMBER": null
            },
            "geometry": {
                "type": "Point",
                "coordinates": [
                    -92.59954999999992,
                    47.14654030000893
                ]
            }
        },
        {
            "type": "Feature",
            "properties": {
                "Name": "FRYE KIMBERLY A",
                "Address": "9159 STICKNEY RD N",
                "Phone": null,
                "Phase": "C",
                "Substation": "COTTON",
                "Map_location": "290002903",
                "PARCEL_NUMBER": null
            },
            "geometry": {
                "type": "Point",
                "coordinates": [
                    -92.64836351869849,
                    47.21945385239177
                ]
            }
        },
        {
            "type": "Feature",
            "properties": {
                "Name": "WISCONSIN CENTRAL LTD",
                "Address": "LOC 18 - MP45",
                "Phone": "5143994700",
                "Phase": "B",
                "Substation": "COTTON",
                "Map_location": "313001501",
                "PARCEL_NUMBER": null
            },
            "geometry": {
                "type": "Point",
                "coordinates": [
                    -92.36292839999989,
                    47.16145640000894
                ]
            }
        },
        {
            "type": "Feature",
            "properties": {
                "Name": "FRONTIER COMMUNIC ATIONS",
                "Address": "100' N OF POPLAR RD AND CROSS",
                "Phone": "7017071015",
                "Phase": "C",
                "Substation": "COTTON",
                "Map_location": "311001710",
                "PARCEL_NUMBER": null
            },
            "geometry": {
                "type": "Point",
                "coordinates": [
                    -92.65233639999994,
                    47.16081680000893
                ]
            }
        },
        {
            "type": "Feature",
            "properties": {
                "Name": "ENDICOTT DAVE N",
                "Address": "1148 HAWTHORNE LN",
                "Phone": "2188218615",
                "Phase": "B",
                "Substation": "COTTON",
                "Map_location": "291003305",
                "PARCEL_NUMBER": null
            },
            "geometry": {
                "type": "Point",
                "coordinates": [
                    -92.49866375547006,
                    47.20103434968401
                ]
            }
        },
        {
            "type": "Feature",
            "properties": {
                "Name": "ARROWHEAD COMMUNI CATIONS",
                "Address": "JCT OF CTY 59 AND CTY 542",
                "Phone": "2183465500",
                "Phase": "A",
                "Substation": "COTTON",
                "Map_location": "292022943",
                "PARCEL_NUMBER": null
            },
            "geometry": {
                "type": "Point",
                "coordinates": [
                    -92.4069239999999,
                    47.216403400009014
                ]
            }
        },
        {
            "type": "Feature",
            "properties": {
                "Name": "FRONTIER COMMUNIC ATIONS",
                "Address": "83' N OF CTY 133 AND CTY 7",
                "Phone": "7017071015",
                "Phase": "B",
                "Substation": "COTTON",
                "Map_location": "332001508",
                "PARCEL_NUMBER": null
            },
            "geometry": {
                "type": "Point",
                "coordinates": [
                    -92.59902901999995,
                    47.07015174000883
                ]
            }
        },
        {
            "type": "Feature",
            "properties": {
                "Name": "WISCONSIN CENTRAL LTD",
                "Address": "LOC 8 MP39 1850S OFF CR 133 DO",
                "Phone": "5143994700",
                "Phase": "B",
                "Substation": "COTTON",
                "Map_location": "332002203",
                "PARCEL_NUMBER": null
            },
            "geometry": {
                "type": "Point",
                "coordinates": [
                    -92.59904349999994,
                    47.06491210000884
                ]
            }
        },
        {
            "type": "Feature",
            "properties": {
                "Name": "WISCONSIN CENTRAL LTD",
                "Address": "ARKOLA RD AND HWY 7",
                "Phone": "5143994700",
                "Phase": "C",
                "Substation": "COTTON",
                "Map_location": "311011508",
                "PARCEL_NUMBER": null
            },
            "geometry": {
                "type": "Point",
                "coordinates": [
                    -92.60180959999992,
                    47.16829510000896
                ]
            }
        },
        {
            "type": "Feature",
            "properties": {
                "Name": "WISCONSIN CENTRAL LTD",
                "Address": "LOC 9 MP 41",
                "Phone": "5143994700",
                "Phase": "B",
                "Substation": "COTTON",
                "Map_location": "332001002",
                "PARCEL_NUMBER": null
            },
            "geometry": {
                "type": "Point",
                "coordinates": [
                    -92.59889809999994,
                    47.09376600000887
                ]
            }
        },
        {
            "type": "Feature",
            "properties": {
                "Name": "JULIN TODD MYRON",
                "Address": "7112 COMSTOCK LAKE RD",
                "Phone": "2183485959",
                "Phase": "B",
                "Substation": "COTTON",
                "Map_location": "312011213",
                "PARCEL_NUMBER": "662002200020.0"
            },
            "geometry": {
                "type": "Point",
                "coordinates": [
                    -92.4328053999999,
                    47.16927760000896
                ]
            }
        },
        {
            "type": "Feature",
            "properties": {
                "Name": "LOVE THOMAS JAY",
                "Address": "5246 N COMSTOCK LAKE ROAD",
                "Phone": "2183906884",
                "Phase": "C",
                "Substation": "COTTON",
                "Map_location": "293042780",
                "PARCEL_NUMBER": null
            },
            "geometry": {
                "type": "Point",
                "coordinates": [
                    -92.23339339999984,
                    47.215638400009006
                ]
            }
        },
        {
            "type": "Feature",
            "properties": {
                "Name": "HAAG RAIJA",
                "Address": "7017 HWY 53",
                "Phone": "2183409091",
                "Phase": "A",
                "Substation": "COTTON",
                "Map_location": "354000302",
                "PARCEL_NUMBER": "475001000375.0"
            },
            "geometry": {
                "type": "Point",
                "coordinates": [
                    -92.47201399999992,
                    47.019650000008774
                ]
            }
        },
        {
            "type": "Feature",
            "properties": {
                "Name": "BURLINGTON NORTHE RN SF",
                "Address": "HWY 213 MCDAVITT RD",
                "Phone": "4023445760",
                "Phase": "C",
                "Substation": "COTTON",
                "Map_location": "290002002",
                "PARCEL_NUMBER": null
            },
            "geometry": {
                "type": "Point",
                "coordinates": [
                    -92.64189290135162,
                    47.22870945723049
                ]
            }
        },
        {
            "type": "Feature",
            "properties": {
                "Name": "LARSON GREGORY ALAN",
                "Address": "8698 EVERGREEN LANE",
                "Phone": "6125970619",
                "Phase": "C",
                "Substation": "COTTON",
                "Map_location": "313043030",
                "PARCEL_NUMBER": null
            },
            "geometry": {
                "type": "Point",
                "coordinates": [
                    -92.41994629999992,
                    47.13907860000891
                ]
            }
        },
        {
            "type": "Feature",
            "properties": {
                "Name": "KOWARSCH EUGENE C",
                "Address": "8176 GLEN JUNCTION RD",
                "Phone": "6512958994",
                "Phase": "A",
                "Substation": "COTTON",
                "Map_location": "312001805",
                "PARCEL_NUMBER": "465005000080.0"
            },
            "geometry": {
                "type": "Point",
                "coordinates": [
                    -92.54371559999993,
                    47.159667900008934
                ]
            }
        },
        {
            "type": "Feature",
            "properties": {
                "Name": "MAKI ROBERT DAVID",
                "Address": "9014 COUNTY RD 892",
                "Phone": "2182909211",
                "Phase": "C",
                "Substation": "COTTON",
                "Map_location": "312031417",
                "PARCEL_NUMBER": null
            },
            "geometry": {
                "type": "Point",
                "coordinates": [
                    -92.47208529999992,
                    47.164284800008936
                ]
            }
        },
        {
            "type": "Feature",
            "properties": {
                "Name": "JOHNSON BRIAN WADE",
                "Address": "8699A HWY 53 HOUSE A",
                "Phone": "2183498684",
                "Phase": "C",
                "Substation": "COTTON",
                "Map_location": "312002703",
                "PARCEL_NUMBER": null
            },
            "geometry": {
                "type": "Point",
                "coordinates": [
                    -92.47423926548328,
                    47.138072024714454
                ]
            }
        },
        {
            "type": "Feature",
            "properties": {
                "Name": "WISCONSIN CENTRAL LTD",
                "Address": "CLOSE TO MELRUDE RD",
                "Phone": "5143994700",
                "Phase": "A",
                "Substation": "COTTON",
                "Map_location": "292001904",
                "PARCEL_NUMBER": null
            },
            "geometry": {
                "type": "Point",
                "coordinates": [
                    -92.4093132999999,
                    47.23436960000901
                ]
            }
        },
        {
            "type": "Feature",
            "properties": {
                "Name": "PETERSEN MARK LEROY",
                "Address": "LOT 33 S STRAND LAKE RD",
                "Phone": "2184829911",
                "Phase": "C",
                "Substation": "COTTON",
                "Map_location": "313043018",
                "PARCEL_NUMBER": null
            },
            "geometry": {
                "type": "Point",
                "coordinates": [
                    -92.4147163999999,
                    47.13644080000891
                ]
            }
        },
        {
            "type": "Feature",
            "properties": {
                "Name": "TRACY BRADY JAMES",
                "Address": "7523 LINDELOF RD",
                "Phone": null,
                "Phase": "A",
                "Substation": "COTTON",
                "Map_location": "333002405",
                "PARCEL_NUMBER": "490001003731.0"
            },
            "geometry": {
                "type": "Point",
                "coordinates": [
                    -92.44145099999992,
                    47.05676140000884
                ]
            }
        },
        {
            "type": "Feature",
            "properties": {
                "Name": "TRACY BRADY JAMES",
                "Address": "7523 LINDELOF RD",
                "Phone": null,
                "Phase": "A",
                "Substation": "COTTON",
                "Map_location": "333002405",
                "PARCEL_NUMBER": "490001003660.0"
            },
            "geometry": {
                "type": "Point",
                "coordinates": [
                    -92.44145099999992,
                    47.05676140000884
                ]
            }
        },
        {
            "type": "Feature",
            "properties": {
                "Name": "ELIASON TROY WALTER",
                "Address": "5101 E COMSTOCK LK RD",
                "Phone": "2187295617",
                "Phase": "C",
                "Substation": "COTTON",
                "Map_location": "293042681",
                "PARCEL_NUMBER": null
            },
            "geometry": {
                "type": "Point",
                "coordinates": [
                    -92.21566946999984,
                    47.218374260009014
                ]
            }
        },
        {
            "type": "Feature",
            "properties": {
                "Name": "C.C. RIDER'S SNOW MOBILE CL",
                "Address": "8901 HWY 53",
                "Phone": null,
                "Phase": "A",
                "Substation": "COTTON",
                "Map_location": "314031521",
                "PARCEL_NUMBER": null
            },
            "geometry": {
                "type": "Point",
                "coordinates": [
                    -92.47388675980879,
                    47.155314669961705
                ]
            }
        },
        {
            "type": "Feature",
            "properties": {
                "Name": "COON'S AGGREGATE SUPPLY CO,",
                "Address": "6831 HIGHWAY 53",
                "Phone": "2187297544",
                "Phase": "C",
                "Substation": "COTTON",
                "Map_location": "354001024",
                "PARCEL_NUMBER": null
            },
            "geometry": {
                "type": "Point",
                "coordinates": [
                    -92.47273682538311,
                    47.00945321795605
                ]
            }
        },
        {
            "type": "Feature",
            "properties": {
                "Name": "SRM MATERIALS LLC",
                "Address": "6764 HIGHWAY 53",
                "Phone": "2183914837",
                "Phase": "ABC",
                "Substation": "COTTON",
                "Map_location": "354001120",
                "PARCEL_NUMBER": null
            },
            "geometry": {
                "type": "Point",
                "coordinates": [
                    -92.46431332913046,
                    47.00569189162355
                ]
            }
        },
        {
            "type": "Feature",
            "properties": {
                "Name": "BECKER PAUL RAYMOND",
                "Address": "9400 BIRCH RD",
                "Phone": null,
                "Phase": "B",
                "Substation": "COTTON",
                "Map_location": "332000704",
                "PARCEL_NUMBER": null
            },
            "geometry": {
                "type": "Point",
                "coordinates": [
                    -92.67254476640505,
                    47.08535510605511
                ]
            }
        },
        {
            "type": "Feature",
            "properties": {
                "Name": "CHAPMAN JANET S",
                "Address": "6691 EAGLE POINT DR",
                "Phone": "3305094248",
                "Phase": "A",
                "Substation": "COTTON",
                "Map_location": "292022954",
                "PARCEL_NUMBER": null
            },
            "geometry": {
                "type": "Point",
                "coordinates": [
                    -92.38784385915619,
                    47.21958481661259
                ]
            }
        },
        {
            "type": "Feature",
            "properties": {
                "Name": "WISCONSIN CENTRAL LTD",
                "Address": "LOC 25 MP 39.20",
                "Phone": "5143994700",
                "Phase": "B",
                "Substation": "COTTON",
                "Map_location": "334001501",
                "PARCEL_NUMBER": null
            },
            "geometry": {
                "type": "Point",
                "coordinates": [
                    -92.34854889999988,
                    47.07817990000884
                ]
            }
        },
        {
            "type": "Feature",
            "properties": {
                "Name": "KROG JENNIFER",
                "Address": "6533 BERG LK DR",
                "Phone": "2183934874",
                "Phase": "A",
                "Substation": "COTTON",
                "Map_location": "292032833",
                "PARCEL_NUMBER": null
            },
            "geometry": {
                "type": "Point",
                "coordinates": [
                    -92.3797945999999,
                    47.227640300009
                ]
            }
        },
        {
            "type": "Feature",
            "properties": {
                "Name": "HAGE CLAYTON BRUCE",
                "Address": "9009 HWY 53 S",
                "Phone": "2184825593",
                "Phase": "A",
                "Substation": "COTTON",
                "Map_location": "312031507",
                "PARCEL_NUMBER": null
            },
            "geometry": {
                "type": "Point",
                "coordinates": [
                    -92.47524305999991,
                    47.162931460008934
                ]
            }
        },
        {
            "type": "Feature",
            "properties": {
                "Name": "ERICKSON ERIC ALBIN",
                "Address": "9005 HWY 53",
                "Phone": "2184825249",
                "Phase": "A",
                "Substation": "COTTON",
                "Map_location": "312031512",
                "PARCEL_NUMBER": "305002002730.0"
            },
            "geometry": {
                "type": "Point",
                "coordinates": [
                    -92.47868539999992,
                    47.16423730000894
                ]
            }
        },
        {
            "type": "Feature",
            "properties": {
                "Name": "ERICKSON ERIC ALBIN",
                "Address": "9005 HWY 53",
                "Phone": "2184825249",
                "Phase": "A",
                "Substation": "COTTON",
                "Map_location": "312031512",
                "PARCEL_NUMBER": "305002002760.0"
            },
            "geometry": {
                "type": "Point",
                "coordinates": [
                    -92.47868539999992,
                    47.16423730000894
                ]
            }
        },
        {
            "type": "Feature",
            "properties": {
                "Name": "LAMAR ADVERTISING CO",
                "Address": "BILBORD COTTON W HWY 53",
                "Phone": "8002347293",
                "Phase": "B",
                "Substation": "COTTON",
                "Map_location": "312031515",
                "PARCEL_NUMBER": null
            },
            "geometry": {
                "type": "Point",
                "coordinates": [
                    -92.4758287999999,
                    47.16571420000894
                ]
            }
        },
        {
            "type": "Feature",
            "properties": {
                "Name": "T-MOBILE CENTRAL LLC",
                "Address": "9007 HWY 53",
                "Phone": "6122985972",
                "Phase": "A",
                "Substation": "COTTON",
                "Map_location": "312031516",
                "PARCEL_NUMBER": null
            },
            "geometry": {
                "type": "Point",
                "coordinates": [
                    -92.47732552999993,
                    47.16291114000894
                ]
            }
        },
        {
            "type": "Feature",
            "properties": {
                "Name": "CELLULAR ONE",
                "Address": "COTTON SITE",
                "Phone": "2187860860",
                "Phase": "A",
                "Substation": "COTTON",
                "Map_location": "312031514",
                "PARCEL_NUMBER": null
            },
            "geometry": {
                "type": "Point",
                "coordinates": [
                    -92.47737279999991,
                    47.162894400008945
                ]
            }
        },
        {
            "type": "Feature",
            "properties": {
                "Name": "TOWN OF COTTON",
                "Address": "9087 HIGHWAY 53",
                "Phone": "2184823216",
                "Phase": "B",
                "Substation": "COTTON",
                "Map_location": "312031509",
                "PARCEL_NUMBER": null
            },
            "geometry": {
                "type": "Point",
                "coordinates": [
                    -92.47736166999991,
                    47.168098830008944
                ]
            }
        },
        {
            "type": "Feature",
            "properties": {
                "Name": "HELANDER RICKY LEE",
                "Address": "9095 HWY 53",
                "Phone": "2182190123",
                "Phase": "B",
                "Substation": "COTTON",
                "Map_location": "312031501",
                "PARCEL_NUMBER": null
            },
            "geometry": {
                "type": "Point",
                "coordinates": [
                    -92.47743173999991,
                    47.16875164000895
                ]
            }
        },
        {
            "type": "Feature",
            "properties": {
                "Name": "RANDALL WENDI L",
                "Address": "7548 ARKOLA RD",
                "Phone": "9524465211",
                "Phase": "B",
                "Substation": "COTTON",
                "Map_location": "312031508",
                "PARCEL_NUMBER": "673001000835.0"
            },
            "geometry": {
                "type": "Point",
                "coordinates": [
                    -92.47747465999991,
                    47.169165110008954
                ]
            }
        },
        {
            "type": "Feature",
            "properties": {
                "Name": "RANDALL WENDI L",
                "Address": "7548 ARKOLA RD",
                "Phone": "9524465211",
                "Phase": "B",
                "Substation": "COTTON",
                "Map_location": "312031508",
                "PARCEL_NUMBER": "305002001780.0"
            },
            "geometry": {
                "type": "Point",
                "coordinates": [
                    -92.47747465999991,
                    47.169165110008954
                ]
            }
        },
        {
            "type": "Feature",
            "properties": {
                "Name": "RANDALL WENDI L",
                "Address": "7548 ARKOLA RD",
                "Phone": "9524465211",
                "Phase": "B",
                "Substation": "COTTON",
                "Map_location": "312031508",
                "PARCEL_NUMBER": "305002001737.0"
            },
            "geometry": {
                "type": "Point",
                "coordinates": [
                    -92.47747465999991,
                    47.169165110008954
                ]
            }
        },
        {
            "type": "Feature",
            "properties": {
                "Name": "BASSA TIM",
                "Address": "7578 ARKOLA RD",
                "Phone": "2183900395",
                "Phase": "B",
                "Substation": "COTTON",
                "Map_location": "312031504",
                "PARCEL_NUMBER": null
            },
            "geometry": {
                "type": "Point",
                "coordinates": [
                    -92.48069352300037,
                    47.16900157766546
                ]
            }
        },
        {
            "type": "Feature",
            "properties": {
                "Name": "COTTON COMMUNITY CHURCH",
                "Address": "7566 ARKOLA RD",
                "Phone": "2184825570",
                "Phase": "B",
                "Substation": "COTTON",
                "Map_location": "312031503",
                "PARCEL_NUMBER": null
            },
            "geometry": {
                "type": "Point",
                "coordinates": [
                    -92.48057513017874,
                    47.16874475191617
                ]
            }
        },
        {
            "type": "Feature",
            "properties": {
                "Name": "RANDALL WENDI L",
                "Address": "7567 ARKOLA RD COTTON GARAGE",
                "Phone": "9524465211",
                "Phase": "B",
                "Substation": "COTTON",
                "Map_location": "312021019",
                "PARCEL_NUMBER": null
            },
            "geometry": {
                "type": "Point",
                "coordinates": [
                    -92.47987322999991,
                    47.16934814000894
                ]
            }
        },
        {
            "type": "Feature",
            "properties": {
                "Name": "ERJAVEC LINDA J",
                "Address": "7589 ARKOLA RD",
                "Phone": "2184101365",
                "Phase": "B",
                "Substation": "COTTON",
                "Map_location": "312021020",
                "PARCEL_NUMBER": null
            },
            "geometry": {
                "type": "Point",
                "coordinates": [
                    -92.48218477774027,
                    47.16955040356244
                ]
            }
        },
        {
            "type": "Feature",
            "properties": {
                "Name": "OLSON CHERYL L",
                "Address": "7591 ARKOLA RD",
                "Phone": "2183486048",
                "Phase": "B",
                "Substation": "COTTON",
                "Map_location": "312021021",
                "PARCEL_NUMBER": null
            },
            "geometry": {
                "type": "Point",
                "coordinates": [
                    -92.48242959324301,
                    47.1697500103362
                ]
            }
        },
        {
            "type": "Feature",
            "properties": {
                "Name": "NELSON ALAN W",
                "Address": "7607 ARKOLA RD HOUSE",
                "Phone": "2183494216",
                "Phase": "B",
                "Substation": "COTTON",
                "Map_location": "312021023",
                "PARCEL_NUMBER": null
            },
            "geometry": {
                "type": "Point",
                "coordinates": [
                    -92.48439459999993,
                    47.16972290000894
                ]
            }
        },
        {
            "type": "Feature",
            "properties": {
                "Name": "LINDQUIST JOSH EIVIN",
                "Address": "7595 ARKOLA RD HOUSE",
                "Phone": "2187501704",
                "Phase": "C",
                "Substation": "COTTON",
                "Map_location": "312021022",
                "PARCEL_NUMBER": null
            },
            "geometry": {
                "type": "Point",
                "coordinates": [
                    -92.48291109999991,
                    47.16945990000894
                ]
            }
        },
        {
            "type": "Feature",
            "properties": {
                "Name": "GERLACH PAYTON J",
                "Address": "7592 ARKOLA RD",
                "Phone": "2184616560",
                "Phase": "C",
                "Substation": "COTTON",
                "Map_location": "312031511",
                "PARCEL_NUMBER": null
            },
            "geometry": {
                "type": "Point",
                "coordinates": [
                    -92.48274452999993,
                    47.16892373000895
                ]
            }
        },
        {
            "type": "Feature",
            "properties": {
                "Name": "SYRIA SUSAN A",
                "Address": "7612 ARKOLA RD",
                "Phone": "2189403658",
                "Phase": "B",
                "Substation": "COTTON",
                "Map_location": "312031505",
                "PARCEL_NUMBER": "305002002650.0"
            },
            "geometry": {
                "type": "Point",
                "coordinates": [
                    -92.48479138999991,
                    47.16878902000894
                ]
            }
        },
        {
            "type": "Feature",
            "properties": {
                "Name": "SYRIA SUSAN A",
                "Address": "7612 ARKOLA RD",
                "Phone": "2189403658",
                "Phase": "B",
                "Substation": "COTTON",
                "Map_location": "312031505",
                "PARCEL_NUMBER": "305002002651.0"
            },
            "geometry": {
                "type": "Point",
                "coordinates": [
                    -92.48479138999991,
                    47.16878902000894
                ]
            }
        },
        {
            "type": "Feature",
            "properties": {
                "Name": "ST LOUIS CO HWY D EPT",
                "Address": "7628 ARKOLA RD",
                "Phone": "2183105986",
                "Phase": "C",
                "Substation": "COTTON",
                "Map_location": "312031513",
                "PARCEL_NUMBER": null
            },
            "geometry": {
                "type": "Point",
                "coordinates": [
                    -92.48581579999993,
                    47.16691200000894
                ]
            }
        },
        {
            "type": "Feature",
            "properties": {
                "Name": "OLSON ALYSSA MAY",
                "Address": "7779 ARKOLA RD",
                "Phone": "2183418070",
                "Phase": "A",
                "Substation": "COTTON",
                "Map_location": "312000907",
                "PARCEL_NUMBER": "305002001500.0"
            },
            "geometry": {
                "type": "Point",
                "coordinates": [
                    -92.50276285999993,
                    47.16919360000895
                ]
            }
        },
        {
            "type": "Feature",
            "properties": {
                "Name": "BORCHARDT JOYCE ELAINE",
                "Address": "7780 ARKOLA RD",
                "Phone": "6128023744",
                "Phase": "A",
                "Substation": "COTTON",
                "Map_location": "312001601",
                "PARCEL_NUMBER": null
            },
            "geometry": {
                "type": "Point",
                "coordinates": [
                    -92.50283795999992,
                    47.16850296000895
                ]
            }
        },
        {
            "type": "Feature",
            "properties": {
                "Name": "REINHARDT JESSICA N",
                "Address": "7849 ARKOLA RD",
                "Phone": "6123860949",
                "Phase": "B",
                "Substation": "COTTON",
                "Map_location": "312000904",
                "PARCEL_NUMBER": "305002001470.0"
            },
            "geometry": {
                "type": "Point",
                "coordinates": [
                    -92.51029969999993,
                    47.16928790000896
                ]
            }
        },
        {
            "type": "Feature",
            "properties": {
                "Name": "NELSON JEAN M",
                "Address": "7871 ARKOLA RD",
                "Phone": "2184825298",
                "Phase": "C",
                "Substation": "COTTON",
                "Map_location": "312000903",
                "PARCEL_NUMBER": "305002001460.0"
            },
            "geometry": {
                "type": "Point",
                "coordinates": [
                    -92.51183509999993,
                    47.169914770008944
                ]
            }
        },
        {
            "type": "Feature",
            "properties": {
                "Name": "KORPI MICHAEL WILLIAM",
                "Address": "7807 ARKOLA RD",
                "Phone": "2187501017",
                "Phase": "C",
                "Substation": "COTTON",
                "Map_location": "312000905",
                "PARCEL_NUMBER": "300001005270.0"
            },
            "geometry": {
                "type": "Point",
                "coordinates": [
                    -92.50469356644466,
                    47.16944791479954
                ]
            }
        },
        {
            "type": "Feature",
            "properties": {
                "Name": "BUSH RANDY",
                "Address": "7797 ARKOLA RD",
                "Phone": "2184823281",
                "Phase": "C",
                "Substation": "COTTON",
                "Map_location": "312000906",
                "PARCEL_NUMBER": null
            },
            "geometry": {
                "type": "Point",
                "coordinates": [
                    -92.50465756640702,
                    47.16944211475562
                ]
            }
        },
        {
            "type": "Feature",
            "properties": {
                "Name": "NELSON JEAN M",
                "Address": "7871 ARKOLA RD",
                "Phone": "2184825298",
                "Phase": "ABC",
                "Substation": "COTTON",
                "Map_location": "312000909",
                "PARCEL_NUMBER": "305002001460.0"
            },
            "geometry": {
                "type": "Point",
                "coordinates": [
                    -92.51296679999993,
                    47.170340800008944
                ]
            }
        },
        {
            "type": "Feature",
            "properties": {
                "Name": "KOWARSCH DAVID JOHN",
                "Address": "7817 ARKOLA RD",
                "Phone": "2184217178",
                "Phase": "A",
                "Substation": "COTTON",
                "Map_location": "312000908",
                "PARCEL_NUMBER": null
            },
            "geometry": {
                "type": "Point",
                "coordinates": [
                    -92.50647700000003,
                    47.169572000000116
                ]
            }
        },
        {
            "type": "Feature",
            "properties": {
                "Name": "RANDS GENE R",
                "Address": "7864 ARKOLA RD",
                "Phone": "2184095233",
                "Phase": "A",
                "Substation": "COTTON",
                "Map_location": "312001602",
                "PARCEL_NUMBER": "305002002840.0"
            },
            "geometry": {
                "type": "Point",
                "coordinates": [
                    -92.51079449999993,
                    47.16790860000894
                ]
            }
        },
        {
            "type": "Feature",
            "properties": {
                "Name": "PARROW ZACH B",
                "Address": "7904 ARKOLA RD",
                "Phone": "2182900631",
                "Phase": "B",
                "Substation": "COTTON",
                "Map_location": "312001701",
                "PARCEL_NUMBER": "305002002952.0"
            },
            "geometry": {
                "type": "Point",
                "coordinates": [
                    -92.51596029999993,
                    47.16878910000895
                ]
            }
        },
        {
            "type": "Feature",
            "properties": {
                "Name": "PRESTON BRYAN E",
                "Address": "7903 ARKOLA RD",
                "Phone": "2185918835",
                "Phase": "A",
                "Substation": "COTTON",
                "Map_location": "312000805",
                "PARCEL_NUMBER": null
            },
            "geometry": {
                "type": "Point",
                "coordinates": [
                    -92.51578755303007,
                    47.169396709914075
                ]
            }
        },
        {
            "type": "Feature",
            "properties": {
                "Name": "MUSOLF JOY R",
                "Address": "7916 ARKOLA RD",
                "Phone": "2184282382",
                "Phase": "A",
                "Substation": "COTTON",
                "Map_location": "312001705",
                "PARCEL_NUMBER": "305002002956.0"
            },
            "geometry": {
                "type": "Point",
                "coordinates": [
                    -92.51662959999992,
                    47.16827530000895
                ]
            }
        },
        {
            "type": "Feature",
            "properties": {
                "Name": "DASS BRADLEY",
                "Address": "7924 ARKOLA RD",
                "Phone": "2183435650",
                "Phase": "B",
                "Substation": "COTTON",
                "Map_location": "312001704",
                "PARCEL_NUMBER": "305002002955.0"
            },
            "geometry": {
                "type": "Point",
                "coordinates": [
                    -92.51782949999992,
                    47.168598000008956
                ]
            }
        },
        {
            "type": "Feature",
            "properties": {
                "Name": "DASS BRADLEY",
                "Address": "7924 ARKOLA RD",
                "Phone": "2183435650",
                "Phase": "B",
                "Substation": "COTTON",
                "Map_location": "312001704",
                "PARCEL_NUMBER": "305002002951.0"
            },
            "geometry": {
                "type": "Point",
                "coordinates": [
                    -92.51782949999992,
                    47.168598000008956
                ]
            }
        },
        {
            "type": "Feature",
            "properties": {
                "Name": "HAGE DAWN",
                "Address": "7925 ARKOLA RD",
                "Phone": "2183930298",
                "Phase": "A",
                "Substation": "COTTON",
                "Map_location": "312000803",
                "PARCEL_NUMBER": "305002001332.0"
            },
            "geometry": {
                "type": "Point",
                "coordinates": [
                    -92.51850289999993,
                    47.16920130000896
                ]
            }
        },
        {
            "type": "Feature",
            "properties": {
                "Name": "PIGUET CLAUDE",
                "Address": "7947 ARKOLA RD",
                "Phone": "2184823672",
                "Phase": "A",
                "Substation": "COTTON",
                "Map_location": "312000804",
                "PARCEL_NUMBER": "305002001333.0"
            },
            "geometry": {
                "type": "Point",
                "coordinates": [
                    -92.52022407134724,
                    47.169524644739305
                ]
            }
        },
        {
            "type": "Feature",
            "properties": {
                "Name": "PIGUET CLAUDE",
                "Address": "7947 ARKOLA RD",
                "Phone": "2184823672",
                "Phase": "A",
                "Substation": "COTTON",
                "Map_location": "312000804",
                "PARCEL_NUMBER": "305002002966.0"
            },
            "geometry": {
                "type": "Point",
                "coordinates": [
                    -92.52022407134724,
                    47.169524644739305
                ]
            }
        },
        {
            "type": "Feature",
            "properties": {
                "Name": "PIGUET CLAUDE",
                "Address": "7947 ARKOLA RD",
                "Phone": "2184823672",
                "Phase": "A",
                "Substation": "COTTON",
                "Map_location": "312000804",
                "PARCEL_NUMBER": "305002002965.0"
            },
            "geometry": {
                "type": "Point",
                "coordinates": [
                    -92.52022407134724,
                    47.169524644739305
                ]
            }
        },
        {
            "type": "Feature",
            "properties": {
                "Name": "VOIGT RACHEL ANNE",
                "Address": "7928 ARKOLA RD",
                "Phone": "2183915802",
                "Phase": "A",
                "Substation": "COTTON",
                "Map_location": "312001703",
                "PARCEL_NUMBER": null
            },
            "geometry": {
                "type": "Point",
                "coordinates": [
                    -92.51881084999991,
                    47.16874161000895
                ]
            }
        },
        {
            "type": "Feature",
            "properties": {
                "Name": "VOIGT RACHEL ANNE",
                "Address": "7928 ARKOLA RD",
                "Phone": "2183915802",
                "Phase": "A",
                "Substation": "COTTON",
                "Map_location": "312001708",
                "PARCEL_NUMBER": null
            },
            "geometry": {
                "type": "Point",
                "coordinates": [
                    -92.51886679999993,
                    47.16738610000895
                ]
            }
        },
        {
            "type": "Feature",
            "properties": {
                "Name": "SOSNOWSKI PETER M",
                "Address": "8000 ARKOLA RD",
                "Phone": "2184823271",
                "Phase": "A",
                "Substation": "COTTON",
                "Map_location": "312001707",
                "PARCEL_NUMBER": null
            },
            "geometry": {
                "type": "Point",
                "coordinates": [
                    -92.52629018999991,
                    47.16838853000894
                ]
            }
        },
        {
            "type": "Feature",
            "properties": {
                "Name": "RANDALL TIMOTHY F",
                "Address": "8011 ARKOLA RD",
                "Phone": "2183483250",
                "Phase": "C",
                "Substation": "COTTON",
                "Map_location": "312000802",
                "PARCEL_NUMBER": "305002001320.0"
            },
            "geometry": {
                "type": "Point",
                "coordinates": [
                    -92.52712301999993,
                    47.169182200008954
                ]
            }
        },
        {
            "type": "Feature",
            "properties": {
                "Name": "RANDALL TIMOTHY F",
                "Address": "8011 ARKOLA RD",
                "Phone": "2183483250",
                "Phase": "C",
                "Substation": "COTTON",
                "Map_location": "312000802",
                "PARCEL_NUMBER": "305002001310.0"
            },
            "geometry": {
                "type": "Point",
                "coordinates": [
                    -92.52712301999993,
                    47.169182200008954
                ]
            }
        },
        {
            "type": "Feature",
            "properties": {
                "Name": "RANDALL TIMOTHY F",
                "Address": "8011 ARKOLA RD",
                "Phone": "2183483250",
                "Phase": "C",
                "Substation": "COTTON",
                "Map_location": "312000802",
                "PARCEL_NUMBER": "305002001290.0"
            },
            "geometry": {
                "type": "Point",
                "coordinates": [
                    -92.52712301999993,
                    47.169182200008954
                ]
            }
        },
        {
            "type": "Feature",
            "properties": {
                "Name": "WENDELL FRANK C",
                "Address": "8059 ARKOLA RD",
                "Phone": "2184823274",
                "Phase": "A",
                "Substation": "COTTON",
                "Map_location": "312000801",
                "PARCEL_NUMBER": null
            },
            "geometry": {
                "type": "Point",
                "coordinates": [
                    -92.53188389999993,
                    47.16914410000894
                ]
            }
        },
        {
            "type": "Feature",
            "properties": {
                "Name": "FITZPATRICK TOM J",
                "Address": "8050 ARKOLA RD",
                "Phone": null,
                "Phase": "A",
                "Substation": "COTTON",
                "Map_location": "312001702",
                "PARCEL_NUMBER": null
            },
            "geometry": {
                "type": "Point",
                "coordinates": [
                    -92.52957321999993,
                    47.16455907000896
                ]
            }
        },
        {
            "type": "Feature",
            "properties": {
                "Name": "ERNST LEONARD A",
                "Address": "8108 GLEN JCT RD",
                "Phone": "2187295580",
                "Phase": "A",
                "Substation": "COTTON",
                "Map_location": "312001801",
                "PARCEL_NUMBER": null
            },
            "geometry": {
                "type": "Point",
                "coordinates": [
                    -92.53761929999992,
                    47.159843100008935
                ]
            }
        },
        {
            "type": "Feature",
            "properties": {
                "Name": "OLSTAD JOHN",
                "Address": "9004 MURPHY RD",
                "Phone": "2189661538",
                "Phase": "A",
                "Substation": "COTTON",
                "Map_location": "312001706",
                "PARCEL_NUMBER": null
            },
            "geometry": {
                "type": "Point",
                "coordinates": [
                    -92.53649019999993,
                    47.16203640000893
                ]
            }
        },
        {
            "type": "Feature",
            "properties": {
                "Name": "GAGNON GARY RYAN",
                "Address": "9210 MURPHY RD",
                "Phone": "2183918941",
                "Phase": "C",
                "Substation": "COTTON",
                "Map_location": "312000501",
                "PARCEL_NUMBER": "305002000800.0"
            },
            "geometry": {
                "type": "Point",
                "coordinates": [
                    -92.53471399999992,
                    47.18532200000895
                ]
            }
        },
        {
            "type": "Feature",
            "properties": {
                "Name": "GAGNON GARY RYAN",
                "Address": "9210 MURPHY RD",
                "Phone": "2183918941",
                "Phase": "C",
                "Substation": "COTTON",
                "Map_location": "312000501",
                "PARCEL_NUMBER": "305002000810.0"
            },
            "geometry": {
                "type": "Point",
                "coordinates": [
                    -92.53471399999992,
                    47.18532200000895
                ]
            }
        },
        {
            "type": "Feature",
            "properties": {
                "Name": "HAGE BARRY A",
                "Address": "8341 ARKOLA RD",
                "Phone": "2183486182",
                "Phase": "C",
                "Substation": "COTTON",
                "Map_location": "311001205",
                "PARCEL_NUMBER": "405001002050.0"
            },
            "geometry": {
                "type": "Point",
                "coordinates": [
                    -92.56149451999994,
                    47.17004446000894
                ]
            }
        },
        {
            "type": "Feature",
            "properties": {
                "Name": "HAGE BARRY A",
                "Address": "8341 ARKOLA RD",
                "Phone": "2183486182",
                "Phase": "C",
                "Substation": "COTTON",
                "Map_location": "311001205",
                "PARCEL_NUMBER": "405001002080.0"
            },
            "geometry": {
                "type": "Point",
                "coordinates": [
                    -92.56149451999994,
                    47.17004446000894
                ]
            }
        },
        {
            "type": "Feature",
            "properties": {
                "Name": "HAGE BARRY A",
                "Address": "8341 ARKOLA RD",
                "Phone": "2183486182",
                "Phase": "C",
                "Substation": "COTTON",
                "Map_location": "311001205",
                "PARCEL_NUMBER": "15006600230.0"
            },
            "geometry": {
                "type": "Point",
                "coordinates": [
                    -92.56149451999994,
                    47.17004446000894
                ]
            }
        },
        {
            "type": "Feature",
            "properties": {
                "Name": "HAGE BARRY A",
                "Address": "8341 ARKOLA RD",
                "Phone": "2183486182",
                "Phase": "C",
                "Substation": "COTTON",
                "Map_location": "311001205",
                "PARCEL_NUMBER": "305002000470.0"
            },
            "geometry": {
                "type": "Point",
                "coordinates": [
                    -92.56149451999994,
                    47.17004446000894
                ]
            }
        },
        {
            "type": "Feature",
            "properties": {
                "Name": "PETERSON-KORPI CAROL",
                "Address": "8399 ARKOLA ROAD",
                "Phone": "2184272251",
                "Phase": "C",
                "Substation": "COTTON",
                "Map_location": "311001204",
                "PARCEL_NUMBER": null
            },
            "geometry": {
                "type": "Point",
                "coordinates": [
                    -92.56793509999994,
                    47.169541500008954
                ]
            }
        },
        {
            "type": "Feature",
            "properties": {
                "Name": "NOVOSELAC MICHAEL",
                "Address": "8403 PEARY JUNCTION RD",
                "Phone": "2184272524",
                "Phase": "A",
                "Substation": "COTTON",
                "Map_location": "311001201",
                "PARCEL_NUMBER": null
            },
            "geometry": {
                "type": "Point",
                "coordinates": [
                    -92.56795629999995,
                    47.17646370000896
                ]
            }
        },
        {
            "type": "Feature",
            "properties": {
                "Name": "ANDERSON LORI J",
                "Address": "8394 FINN ROAD",
                "Phone": "2183102742",
                "Phase": "A",
                "Substation": "COTTON",
                "Map_location": "311011305",
                "PARCEL_NUMBER": null
            },
            "geometry": {
                "type": "Point",
                "coordinates": [
                    -92.56648683412993,
                    47.16039340750263
                ]
            }
        },
        {
            "type": "Feature",
            "properties": {
                "Name": "KIRKPATRICK TODD M",
                "Address": "9299 MURPHY RD",
                "Phone": "6129641860",
                "Phase": "C",
                "Substation": "COTTON",
                "Map_location": "312000703",
                "PARCEL_NUMBER": null
            },
            "geometry": {
                "type": "Point",
                "coordinates": [
                    -92.53666700999993,
                    47.18321658000897
                ]
            }
        },
        {
            "type": "Feature",
            "properties": {
                "Name": "ARMSTRONG KRISTINE SOPHIA",
                "Address": "8338 ARKOLA RD",
                "Phone": "2186008285",
                "Phase": "A",
                "Substation": "COTTON",
                "Map_location": "311011307",
                "PARCEL_NUMBER": null
            },
            "geometry": {
                "type": "Point",
                "coordinates": [
                    -92.56183180999993,
                    47.16734093000895
                ]
            }
        },
        {
            "type": "Feature",
            "properties": {
                "Name": "YOUNG PATRICIA LOUISE",
                "Address": "8491 PEARY JUNCTION ROAD",
                "Phone": "2184272620",
                "Phase": "A",
                "Substation": "COTTON",
                "Map_location": "311001206",
                "PARCEL_NUMBER": null
            },
            "geometry": {
                "type": "Point",
                "coordinates": [
                    -92.57726409229998,
                    47.175898964167956
                ]
            }
        },
        {
            "type": "Feature",
            "properties": {
                "Name": "BORG RICHARD",
                "Address": "8402 PEARY JUNCTION RD",
                "Phone": "2186242022",
                "Phase": "A",
                "Substation": "COTTON",
                "Map_location": "311001207",
                "PARCEL_NUMBER": null
            },
            "geometry": {
                "type": "Point",
                "coordinates": [
                    -92.5643982005928,
                    47.17533252382961
                ]
            }
        },
        {
            "type": "Feature",
            "properties": {
                "Name": "KALLBERG DANIEL",
                "Address": "9001 PEARY ROAD",
                "Phone": "2185762495",
                "Phase": "A",
                "Substation": "COTTON",
                "Map_location": "311011405",
                "PARCEL_NUMBER": null
            },
            "geometry": {
                "type": "Point",
                "coordinates": [
                    -92.57913069222062,
                    47.16046665623086
                ]
            }
        },
        {
            "type": "Feature",
            "properties": {
                "Name": "KALLBERG CLINTON",
                "Address": "8492 FINN ROAD",
                "Phone": "2184108199",
                "Phase": "A",
                "Substation": "COTTON",
                "Map_location": "311011303",
                "PARCEL_NUMBER": null
            },
            "geometry": {
                "type": "Point",
                "coordinates": [
                    -92.5771936994903,
                    47.16035274876494
                ]
            }
        },
        {
            "type": "Feature",
            "properties": {
                "Name": "ANDERSON JOSEPH ALLEN",
                "Address": "8355 FINN RD",
                "Phone": "2188309354",
                "Phase": "A",
                "Substation": "COTTON",
                "Map_location": "311011301",
                "PARCEL_NUMBER": null
            },
            "geometry": {
                "type": "Point",
                "coordinates": [
                    -92.56286284072233,
                    47.16102719353958
                ]
            }
        },
        {
            "type": "Feature",
            "properties": {
                "Name": "BICKFORD MARK W",
                "Address": "8572 KELSEY WHITEFACE",
                "Phone": "2183550585",
                "Phase": "A",
                "Substation": "COTTON",
                "Map_location": "311012302",
                "PARCEL_NUMBER": null
            },
            "geometry": {
                "type": "Point",
                "coordinates": [
                    -92.58620134999994,
                    47.153174810008935
                ]
            }
        },
        {
            "type": "Feature",
            "properties": {
                "Name": "ESKUCHEN KURT G",
                "Address": "8512 WHITEFACE KELSEY RD",
                "Phone": "6127471995",
                "Phase": "A",
                "Substation": "COTTON",
                "Map_location": "311012301",
                "PARCEL_NUMBER": null
            },
            "geometry": {
                "type": "Point",
                "coordinates": [
                    -92.57968156999995,
                    47.15252364000892
                ]
            }
        },
        {
            "type": "Feature",
            "properties": {
                "Name": "BICKFORD MARK W",
                "Address": "8367 KELSEY WHITEFACE RD",
                "Phone": "2183550585",
                "Phase": "A",
                "Substation": "COTTON",
                "Map_location": "311011306",
                "PARCEL_NUMBER": "405001002240.0"
            },
            "geometry": {
                "type": "Point",
                "coordinates": [
                    -92.56434101999993,
                    47.15461553000895
                ]
            }
        },
        {
            "type": "Feature",
            "properties": {
                "Name": "BICKFORD WAYNE E",
                "Address": "8258 KELSEY WHITEFACE RD",
                "Phone": "2184616938",
                "Phase": "A",
                "Substation": "COTTON",
                "Map_location": "312001902",
                "PARCEL_NUMBER": "305002003310.0"
            },
            "geometry": {
                "type": "Point",
                "coordinates": [
                    -92.55362716999993,
                    47.15273344000892
                ]
            }
        },
        {
            "type": "Feature",
            "properties": {
                "Name": "BICKFORD WAYNE E",
                "Address": "8258 KELSEY WHITEFACE RD",
                "Phone": "2184616938",
                "Phase": "A",
                "Substation": "COTTON",
                "Map_location": "312001902",
                "PARCEL_NUMBER": "305002003210.0"
            },
            "geometry": {
                "type": "Point",
                "coordinates": [
                    -92.55362716999993,
                    47.15273344000892
                ]
            }
        },
        {
            "type": "Feature",
            "properties": {
                "Name": "BICKFORD WAYNE E",
                "Address": "8258 KELSEY WHITEFACE RD",
                "Phone": "2184616938",
                "Phase": "A",
                "Substation": "COTTON",
                "Map_location": "312001902",
                "PARCEL_NUMBER": "305002003320.0"
            },
            "geometry": {
                "type": "Point",
                "coordinates": [
                    -92.55362716999993,
                    47.15273344000892
                ]
            }
        },
        {
            "type": "Feature",
            "properties": {
                "Name": "BICKFORD STEVEN",
                "Address": "8212 KELSEY WHITEFACE RD",
                "Phone": "2184823678",
                "Phase": "A",
                "Substation": "COTTON",
                "Map_location": "312001901",
                "PARCEL_NUMBER": null
            },
            "geometry": {
                "type": "Point",
                "coordinates": [
                    -92.54914108999995,
                    47.15321791000893
                ]
            }
        },
        {
            "type": "Feature",
            "properties": {
                "Name": "SOULES CAVANAUGH",
                "Address": "8215 KELSEY WHITEFACE RD",
                "Phone": "7075998685",
                "Phase": "A",
                "Substation": "COTTON",
                "Map_location": "312001802",
                "PARCEL_NUMBER": null
            },
            "geometry": {
                "type": "Point",
                "coordinates": [
                    -92.54936925999995,
                    47.155496040008934
                ]
            }
        },
        {
            "type": "Feature",
            "properties": {
                "Name": "SOLBERG NICHOLAS M",
                "Address": "8580 ARKOLA ROAD",
                "Phone": "2182480484",
                "Phase": "A",
                "Substation": "COTTON",
                "Map_location": "311011401",
                "PARCEL_NUMBER": null
            },
            "geometry": {
                "type": "Point",
                "coordinates": [
                    -92.58702359999994,
                    47.16789480000896
                ]
            }
        },
        {
            "type": "Feature",
            "properties": {
                "Name": "PETRUZALEK VINCE",
                "Address": "9069 HWY 7",
                "Phone": "2184825272",
                "Phase": "B",
                "Substation": "COTTON",
                "Map_location": "311011503",
                "PARCEL_NUMBER": null
            },
            "geometry": {
                "type": "Point",
                "coordinates": [
                    -92.60007749999994,
                    47.16570610000896
                ]
            }
        },
        {
            "type": "Feature",
            "properties": {
                "Name": "MYHRE TINA L",
                "Address": "9094 HWY 7",
                "Phone": "2184283068",
                "Phase": "B",
                "Substation": "COTTON",
                "Map_location": "311011402",
                "PARCEL_NUMBER": null
            },
            "geometry": {
                "type": "Point",
                "coordinates": [
                    -92.59892239999995,
                    47.16790052000895
                ]
            }
        },
        {
            "type": "Feature",
            "properties": {
                "Name": "KELSEY VOL FIRE D EPT",
                "Address": "9091 HWY 7",
                "Phone": "2184103113",
                "Phase": "C",
                "Substation": "COTTON",
                "Map_location": "311011505",
                "PARCEL_NUMBER": null
            },
            "geometry": {
                "type": "Point",
                "coordinates": [
                    -92.60019334283577,
                    47.168247151050586
                ]
            }
        },
        {
            "type": "Feature",
            "properties": {
                "Name": "WISCONSIN CENTRAL LTD",
                "Address": "ARKOLA RD AND HWY 7 W",
                "Phone": "5143994700",
                "Phase": "C",
                "Substation": "COTTON",
                "Map_location": "311011506",
                "PARCEL_NUMBER": null
            },
            "geometry": {
                "type": "Point",
                "coordinates": [
                    -92.60179679999993,
                    47.16833230000895
                ]
            }
        },
        {
            "type": "Feature",
            "properties": {
                "Name": "FRONTIER COMMUNIC ATIONS",
                "Address": "JCT HWYS 7 AND 52",
                "Phone": "7017071015",
                "Phase": "C",
                "Substation": "COTTON",
                "Map_location": "311001101",
                "PARCEL_NUMBER": null
            },
            "geometry": {
                "type": "Point",
                "coordinates": [
                    -92.59900772026906,
                    47.16879251429077
                ]
            }
        },
        {
            "type": "Feature",
            "properties": {
                "Name": "KACER GENE",
                "Address": "8817 KACER RD",
                "Phone": "2184272231",
                "Phase": "C",
                "Substation": "COTTON",
                "Map_location": "311001001",
                "PARCEL_NUMBER": "405001001560.0"
            },
            "geometry": {
                "type": "Point",
                "coordinates": [
                    -92.60639531434039,
                    47.18027711414492
                ]
            }
        },
        {
            "type": "Feature",
            "properties": {
                "Name": "KACER GENE",
                "Address": "8817 KACER RD",
                "Phone": "2184272231",
                "Phase": "C",
                "Substation": "COTTON",
                "Map_location": "311001001",
                "PARCEL_NUMBER": "405001001580.0"
            },
            "geometry": {
                "type": "Point",
                "coordinates": [
                    -92.60639531434039,
                    47.18027711414492
                ]
            }
        },
        {
            "type": "Feature",
            "properties": {
                "Name": "KACER GENE",
                "Address": "8817 KACER RD",
                "Phone": "2184272231",
                "Phase": "C",
                "Substation": "COTTON",
                "Map_location": "311001001",
                "PARCEL_NUMBER": "405001001590.0"
            },
            "geometry": {
                "type": "Point",
                "coordinates": [
                    -92.60639531434039,
                    47.18027711414492
                ]
            }
        },
        {
            "type": "Feature",
            "properties": {
                "Name": "KACER GENE",
                "Address": "8817 KACER RD",
                "Phone": "2184272231",
                "Phase": "C",
                "Substation": "COTTON",
                "Map_location": "311001001",
                "PARCEL_NUMBER": "405001001600.0"
            },
            "geometry": {
                "type": "Point",
                "coordinates": [
                    -92.60639531434039,
                    47.18027711414492
                ]
            }
        },
        {
            "type": "Feature",
            "properties": {
                "Name": "BIELICKI MIKE",
                "Address": "8783 KACER RD",
                "Phone": "6512748517",
                "Phase": "C",
                "Substation": "COTTON",
                "Map_location": "311001003",
                "PARCEL_NUMBER": null
            },
            "geometry": {
                "type": "Point",
                "coordinates": [
                    -92.60277036999994,
                    47.179249720008976
                ]
            }
        },
        {
            "type": "Feature",
            "properties": {
                "Name": "PRUDHOMME MAMIE MARIE",
                "Address": "9216 HWY 7",
                "Phone": "2189663541",
                "Phase": "C",
                "Substation": "COTTON",
                "Map_location": "311001102",
                "PARCEL_NUMBER": null
            },
            "geometry": {
                "type": "Point",
                "coordinates": [
                    -92.59901024454656,
                    47.17643006514012
                ]
            }
        },
        {
            "type": "Feature",
            "properties": {
                "Name": "PERROTTI ROBYN",
                "Address": "9265 HIGHWAY 7",
                "Phone": "3072507106",
                "Phase": "C",
                "Substation": "COTTON",
                "Map_location": "311001002",
                "PARCEL_NUMBER": null
            },
            "geometry": {
                "type": "Point",
                "coordinates": [
                    -92.6003405286031,
                    47.180772067464304
                ]
            }
        },
        {
            "type": "Feature",
            "properties": {
                "Name": "HILTUNEN RICHARD J",
                "Address": "8863 HWY 7",
                "Phone": "2184272647",
                "Phase": "B",
                "Substation": "COTTON",
                "Map_location": "311012203",
                "PARCEL_NUMBER": "405001003772.0"
            },
            "geometry": {
                "type": "Point",
                "coordinates": [
                    -92.59983109999995,
                    47.15113200000892
                ]
            }
        },
        {
            "type": "Feature",
            "properties": {
                "Name": "SIMEK MIKE S",
                "Address": "8835 HWY 7",
                "Phone": "2187803009",
                "Phase": "B",
                "Substation": "COTTON",
                "Map_location": "311012204",
                "PARCEL_NUMBER": "405001005090.0"
            },
            "geometry": {
                "type": "Point",
                "coordinates": [
                    -92.60013799999994,
                    47.14920910000892
                ]
            }
        },
        {
            "type": "Feature",
            "properties": {
                "Name": "SIMEK MIKE S",
                "Address": "8835 HWY 7",
                "Phone": "2187803009",
                "Phase": "B",
                "Substation": "COTTON",
                "Map_location": "311012204",
                "PARCEL_NUMBER": "405001003770.0"
            },
            "geometry": {
                "type": "Point",
                "coordinates": [
                    -92.60013799999994,
                    47.14920910000892
                ]
            }
        },
        {
            "type": "Feature",
            "properties": {
                "Name": "SIMEK MIKE S",
                "Address": "8835 HWY 7",
                "Phone": "2187803009",
                "Phase": "B",
                "Substation": "COTTON",
                "Map_location": "311012204",
                "PARCEL_NUMBER": "405001004125.0"
            },
            "geometry": {
                "type": "Point",
                "coordinates": [
                    -92.60013799999994,
                    47.14920910000892
                ]
            }
        },
        {
            "type": "Feature",
            "properties": {
                "Name": "SIMEK MIKE S",
                "Address": "8835 HWY 7",
                "Phone": "2187803009",
                "Phase": "B",
                "Substation": "COTTON",
                "Map_location": "311012204",
                "PARCEL_NUMBER": "405001003850.0"
            },
            "geometry": {
                "type": "Point",
                "coordinates": [
                    -92.60013799999994,
                    47.14920910000892
                ]
            }
        },
        {
            "type": "Feature",
            "properties": {
                "Name": "PERSONS JOSEPH A",
                "Address": "8680 KELSEY WHITEFACE",
                "Phone": "2183902448",
                "Phase": "B",
                "Substation": "COTTON",
                "Map_location": "311012313",
                "PARCEL_NUMBER": null
            },
            "geometry": {
                "type": "Point",
                "coordinates": [
                    -92.59307383999995,
                    47.14934653000891
                ]
            }
        },
        {
            "type": "Feature",
            "properties": {
                "Name": "SCHROEDER MARK",
                "Address": "8908 HWY 7",
                "Phone": "2185902134",
                "Phase": "B",
                "Substation": "COTTON",
                "Map_location": "311011406",
                "PARCEL_NUMBER": "405001002373.0"
            },
            "geometry": {
                "type": "Point",
                "coordinates": [
                    -92.59882417999992,
                    47.154084770008936
                ]
            }
        },
        {
            "type": "Feature",
            "properties": {
                "Name": "SCHROEDER MARK",
                "Address": "8908 HWY 7",
                "Phone": "2185902134",
                "Phase": "B",
                "Substation": "COTTON",
                "Map_location": "311011406",
                "PARCEL_NUMBER": "405001002370.0"
            },
            "geometry": {
                "type": "Point",
                "coordinates": [
                    -92.59882417999992,
                    47.154084770008936
                ]
            }
        },
        {
            "type": "Feature",
            "properties": {
                "Name": "OMUNDSON ERIK J",
                "Address": "8768 HIGHWAY 29",
                "Phone": "2183400608",
                "Phase": "B",
                "Substation": "COTTON",
                "Map_location": "311012215",
                "PARCEL_NUMBER": null
            },
            "geometry": {
                "type": "Point",
                "coordinates": [
                    -92.60677188999996,
                    47.14538982000893
                ]
            }
        },
        {
            "type": "Feature",
            "properties": {
                "Name": "KELSEY TOWN HALL",
                "Address": "8734 HWY 29",
                "Phone": "2184272323",
                "Phase": "B",
                "Substation": "COTTON",
                "Map_location": "311012207",
                "PARCEL_NUMBER": null
            },
            "geometry": {
                "type": "Point",
                "coordinates": [
                    -92.60337209999994,
                    47.14660650000892
                ]
            }
        },
        {
            "type": "Feature",
            "properties": {
                "Name": "KELSEY COMMUNITY CHURCH",
                "Address": "8781 HWY 7",
                "Phone": "2184616938",
                "Phase": "B",
                "Substation": "COTTON",
                "Map_location": "311012213",
                "PARCEL_NUMBER": null
            },
            "geometry": {
                "type": "Point",
                "coordinates": [
                    -92.59995199999994,
                    47.145459600008934
                ]
            }
        },
        {
            "type": "Feature",
            "properties": {
                "Name": "BASSA JUSTIN TIMOTHY",
                "Address": "8782 HWY 7",
                "Phone": "2183904558",
                "Phase": "B",
                "Substation": "COTTON",
                "Map_location": "311012306",
                "PARCEL_NUMBER": null
            },
            "geometry": {
                "type": "Point",
                "coordinates": [
                    -92.59877795999995,
                    47.14535202000892
                ]
            }
        },
        {
            "type": "Feature",
            "properties": {
                "Name": "JOHNSON KIM D",
                "Address": "8796 HWY 7",
                "Phone": "2185768843",
                "Phase": "B",
                "Substation": "COTTON",
                "Map_location": "311012305",
                "PARCEL_NUMBER": "405001004130.0"
            },
            "geometry": {
                "type": "Point",
                "coordinates": [
                    -92.59874905999993,
                    47.1466813900089
                ]
            }
        },
        {
            "type": "Feature",
            "properties": {
                "Name": "FOSLE DENNIS PETER",
                "Address": "8812 PERSON RD",
                "Phone": "2184272588",
                "Phase": "B",
                "Substation": "COTTON",
                "Map_location": "311012205",
                "PARCEL_NUMBER": null
            },
            "geometry": {
                "type": "Point",
                "coordinates": [
                    -92.61527582999994,
                    47.14665425000892
                ]
            }
        },
        {
            "type": "Feature",
            "properties": {
                "Name": "NELSON STEVEN DAVID",
                "Address": "8878 HIGHWAY 29",
                "Phone": "4062071444",
                "Phase": "B",
                "Substation": "COTTON",
                "Map_location": "311012209",
                "PARCEL_NUMBER": null
            },
            "geometry": {
                "type": "Point",
                "coordinates": [
                    -92.61757850999994,
                    47.1395351500089
                ]
            }
        },
        {
            "type": "Feature",
            "properties": {
                "Name": "NELSON GARY E",
                "Address": "9027 HIGHWAY 29",
                "Phone": "2183931124",
                "Phase": "B",
                "Substation": "COTTON",
                "Map_location": "311002101",
                "PARCEL_NUMBER": null
            },
            "geometry": {
                "type": "Point",
                "coordinates": [
                    -92.63396320999995,
                    47.13949682000891
                ]
            }
        },
        {
            "type": "Feature",
            "properties": {
                "Name": "MURRAY SUSAN G",
                "Address": "8707 W MCKAY ROAD",
                "Phone": "6512700245",
                "Phase": "B",
                "Substation": "COTTON",
                "Map_location": "311002701",
                "PARCEL_NUMBER": null
            },
            "geometry": {
                "type": "Point",
                "coordinates": [
                    -92.60179671999992,
                    47.138895440008916
                ]
            }
        },
        {
            "type": "Feature",
            "properties": {
                "Name": "WISCONSIN CENTRAL LTD",
                "Address": "8707 W MCKAY RD",
                "Phone": "5143994700",
                "Phase": "B",
                "Substation": "COTTON",
                "Map_location": "311002704",
                "PARCEL_NUMBER": null
            },
            "geometry": {
                "type": "Point",
                "coordinates": [
                    -92.6011528175584,
                    47.13925358706704
                ]
            }
        },
        {
            "type": "Feature",
            "properties": {
                "Name": "FORNERIS DOMINICK JAMESWARD",
                "Address": "8691 HWY 7",
                "Phone": "2183916498",
                "Phase": "B",
                "Substation": "COTTON",
                "Map_location": "311002702",
                "PARCEL_NUMBER": null
            },
            "geometry": {
                "type": "Point",
                "coordinates": [
                    -92.60033625999995,
                    47.13888883000891
                ]
            }
        },
        {
            "type": "Feature",
            "properties": {
                "Name": "DUNSMORE EMMA R",
                "Address": "8688 MCKAY RD",
                "Phone": "2186267334",
                "Phase": "B",
                "Substation": "COTTON",
                "Map_location": "311002601",
                "PARCEL_NUMBER": null
            },
            "geometry": {
                "type": "Point",
                "coordinates": [
                    -92.59786426999993,
                    47.1390915800089
                ]
            }
        },
        {
            "type": "Feature",
            "properties": {
                "Name": "SLYGH STEVEN",
                "Address": "8638 MCKAY ROAD",
                "Phone": "2184272323",
                "Phase": "B",
                "Substation": "COTTON",
                "Map_location": "311002602",
                "PARCEL_NUMBER": null
            },
            "geometry": {
                "type": "Point",
                "coordinates": [
                    -92.59362805999994,
                    47.13888746000892
                ]
            }
        },
        {
            "type": "Feature",
            "properties": {
                "Name": "JACKSON JAN",
                "Address": "8593 MCKAY ROAD",
                "Phone": "2184272616",
                "Phase": "B",
                "Substation": "COTTON",
                "Map_location": "311012312",
                "PARCEL_NUMBER": null
            },
            "geometry": {
                "type": "Point",
                "coordinates": [
                    -92.58778330901217,
                    47.13998865045024
                ]
            }
        },
        {
            "type": "Feature",
            "properties": {
                "Name": "GAGNON GARY RYAN",
                "Address": "9205 MURPHY RD",
                "Phone": "2183918941",
                "Phase": "C",
                "Substation": "COTTON",
                "Map_location": "312000701",
                "PARCEL_NUMBER": null
            },
            "geometry": {
                "type": "Point",
                "coordinates": [
                    -92.53915104999993,
                    47.177405610008954
                ]
            }
        },
        {
            "type": "Feature",
            "properties": {
                "Name": "Customer not found in Customer Table \n(Check with Billing)",
                "Address": null,
                "Phone": null,
                "Phase": "A",
                "Substation": "COTTON",
                "Map_location": "311011404",
                "PARCEL_NUMBER": null
            },
            "geometry": {
                "type": "Point",
                "coordinates": [
                    -92.58235271999995,
                    47.154020230008925
                ]
            }
        },
        {
            "type": "Feature",
            "properties": {
                "Name": "JOHNSON JAKE L",
                "Address": "8452 KELSEY WHITEFACE RD",
                "Phone": "2187500615",
                "Phase": "A",
                "Substation": "COTTON",
                "Map_location": "311012401",
                "PARCEL_NUMBER": "405001004290.0"
            },
            "geometry": {
                "type": "Point",
                "coordinates": [
                    -92.57349308999994,
                    47.15293294000892
                ]
            }
        },
        {
            "type": "Feature",
            "properties": {
                "Name": "Customer not found in Customer Table \n(Check with Billing)",
                "Address": null,
                "Phone": null,
                "Phase": "C",
                "Substation": "COTTON",
                "Map_location": "311001004",
                "PARCEL_NUMBER": null
            },
            "geometry": {
                "type": "Point",
                "coordinates": [
                    -92.60053916749823,
                    47.18064103811456
                ]
            }
        },
        {
            "type": "Feature",
            "properties": {
                "Name": "HOY GERALD VINCENT",
                "Address": "8757 KELSEY WHITEFACE R",
                "Phone": "2184915797",
                "Phase": "B",
                "Substation": "COTTON",
                "Map_location": "311011504",
                "PARCEL_NUMBER": null
            },
            "geometry": {
                "type": "Point",
                "coordinates": [
                    -92.60545424999994,
                    47.15427719000892
                ]
            }
        },
        {
            "type": "Feature",
            "properties": {
                "Name": "Customer not found in Customer Table \n(Check with Billing)",
                "Address": null,
                "Phone": null,
                "Phase": "B",
                "Substation": "COTTON",
                "Map_location": "311012201",
                "PARCEL_NUMBER": null
            },
            "geometry": {
                "type": "Point",
                "coordinates": [
                    -92.60256383999993,
                    47.153564230008925
                ]
            }
        },
        {
            "type": "Feature",
            "properties": {
                "Name": "Customer not found in Customer Table \n(Check with Billing)",
                "Address": null,
                "Phone": null,
                "Phase": "B",
                "Substation": "COTTON",
                "Map_location": "311011403",
                "PARCEL_NUMBER": null
            },
            "geometry": {
                "type": "Point",
                "coordinates": [
                    -92.59888684893897,
                    47.15415345306385
                ]
            }
        },
        {
            "type": "Feature",
            "properties": {
                "Name": "Customer not found in Customer Table \n(Check with Billing)",
                "Address": null,
                "Phone": null,
                "Phase": "B",
                "Substation": "COTTON",
                "Map_location": "311012303",
                "PARCEL_NUMBER": null
            },
            "geometry": {
                "type": "Point",
                "coordinates": [
                    -92.59862535999993,
                    47.153759590008924
                ]
            }
        },
        {
            "type": "Feature",
            "properties": {
                "Name": "Customer not found in Customer Table \n(Check with Billing)",
                "Address": null,
                "Phone": null,
                "Phase": "B",
                "Substation": "COTTON",
                "Map_location": "311012214",
                "PARCEL_NUMBER": null
            },
            "geometry": {
                "type": "Point",
                "coordinates": [
                    -92.60086439166629,
                    47.14609956002815
                ]
            }
        },
        {
            "type": "Feature",
            "properties": {
                "Name": "Customer not found in Customer Table \n(Check with Billing)",
                "Address": null,
                "Phone": null,
                "Phase": "B",
                "Substation": "COTTON",
                "Map_location": "311002102",
                "PARCEL_NUMBER": null
            },
            "geometry": {
                "type": "Point",
                "coordinates": [
                    -92.63052485999995,
                    47.13946560000891
                ]
            }
        },
        {
            "type": "Feature",
            "properties": {
                "Name": "Customer not found in Customer Table \n(Check with Billing)",
                "Address": null,
                "Phone": null,
                "Phase": "B",
                "Substation": "COTTON",
                "Map_location": "311002801",
                "PARCEL_NUMBER": null
            },
            "geometry": {
                "type": "Point",
                "coordinates": [
                    -92.62113628999995,
                    47.136497780008916
                ]
            }
        },
        {
            "type": "Feature",
            "properties": {
                "Name": "KOWARSCH KEVIN JON",
                "Address": "8846 ERICKSON ROAD",
                "Phone": "2183911101",
                "Phase": "B",
                "Substation": "COTTON",
                "Map_location": "311012403",
                "PARCEL_NUMBER": null
            },
            "geometry": {
                "type": "Point",
                "coordinates": [
                    -92.57234209999994,
                    47.14567627000891
                ]
            }
        },
        {
            "type": "Feature",
            "properties": {
                "Name": "KOWARSCH KERRY A",
                "Address": "8818 ERICKSON ROAD",
                "Phone": "2183437314",
                "Phase": "B",
                "Substation": "COTTON",
                "Map_location": "311012402",
                "PARCEL_NUMBER": null
            },
            "geometry": {
                "type": "Point",
                "coordinates": [
                    -92.57604214999995,
                    47.146170830008934
                ]
            }
        },
        {
            "type": "Feature",
            "properties": {
                "Name": "JACOBSON WILLIAM",
                "Address": "8439 MCKAY RD",
                "Phone": null,
                "Phase": "B",
                "Substation": "COTTON",
                "Map_location": "311012405",
                "PARCEL_NUMBER": null
            },
            "geometry": {
                "type": "Point",
                "coordinates": [
                    -92.57209985096765,
                    47.139503866870974
                ]
            }
        },
        {
            "type": "Feature",
            "properties": {
                "Name": "MARSH JOEL MICHAEL",
                "Address": "8401 MCKAY RD",
                "Phone": "6128684554",
                "Phase": "B",
                "Substation": "COTTON",
                "Map_location": "311012407",
                "PARCEL_NUMBER": null
            },
            "geometry": {
                "type": "Point",
                "coordinates": [
                    -92.56859868999993,
                    47.141112620008926
                ]
            }
        },
        {
            "type": "Feature",
            "properties": {
                "Name": "SLYGH LONNY AARON",
                "Address": "8400 MCKAY ROAD",
                "Phone": "2189669197",
                "Phase": "B",
                "Substation": "COTTON",
                "Map_location": "311002501",
                "PARCEL_NUMBER": null
            },
            "geometry": {
                "type": "Point",
                "coordinates": [
                    -92.56831805999994,
                    47.13850796000891
                ]
            }
        },
        {
            "type": "Feature",
            "properties": {
                "Name": "BROWN GLENN",
                "Address": "8397 MCKAY RD",
                "Phone": "7634975225",
                "Phase": "B",
                "Substation": "COTTON",
                "Map_location": "311012409",
                "PARCEL_NUMBER": null
            },
            "geometry": {
                "type": "Point",
                "coordinates": [
                    -92.56767265999994,
                    47.1406993900089
                ]
            }
        },
        {
            "type": "Feature",
            "properties": {
                "Name": "WISCONSIN CENTRAL LTD",
                "Address": "HWY 7",
                "Phone": "5143994700",
                "Phase": "B",
                "Substation": "COTTON",
                "Map_location": "311003401",
                "PARCEL_NUMBER": null
            },
            "geometry": {
                "type": "Point",
                "coordinates": [
                    -92.59937159999993,
                    47.11643130000891
                ]
            }
        },
        {
            "type": "Feature",
            "properties": {
                "Name": "BAKER JEFFREY A",
                "Address": "8132 HWY 7",
                "Phone": "2183916509",
                "Phase": "B",
                "Substation": "COTTON",
                "Map_location": "332000201",
                "PARCEL_NUMBER": null
            },
            "geometry": {
                "type": "Point",
                "coordinates": [
                    -92.59775203720845,
                    47.10051028158524
                ]
            }
        },
        {
            "type": "Feature",
            "properties": {
                "Name": "GENISE RONALD A",
                "Address": "8102 HWY 7",
                "Phone": "2184214966",
                "Phase": "B",
                "Substation": "COTTON",
                "Map_location": "332000202",
                "PARCEL_NUMBER": null
            },
            "geometry": {
                "type": "Point",
                "coordinates": [
                    -92.59812578999993,
                    47.098688540008865
                ]
            }
        },
        {
            "type": "Feature",
            "properties": {
                "Name": "WISCONSIN CENTRAL LTD",
                "Address": "CORNER OF HWY 7 AND LAKE NICHO",
                "Phone": "5143994700",
                "Phase": "B",
                "Substation": "COTTON",
                "Map_location": "332000303",
                "PARCEL_NUMBER": null
            },
            "geometry": {
                "type": "Point",
                "coordinates": [
                    -92.59888259999994,
                    47.09866540000887
                ]
            }
        },
        {
            "type": "Feature",
            "properties": {
                "Name": "RASK MICHAEL J",
                "Address": "8061 HWY 7",
                "Phone": "9205405785",
                "Phase": "B",
                "Substation": "COTTON",
                "Map_location": "332001001",
                "PARCEL_NUMBER": null
            },
            "geometry": {
                "type": "Point",
                "coordinates": [
                    -92.60000229999994,
                    47.095399400008866
                ]
            }
        },
        {
            "type": "Feature",
            "properties": {
                "Name": "Customer not found in Customer Table \n(Check with Billing)",
                "Address": null,
                "Phone": null,
                "Phase": "B",
                "Substation": "COTTON",
                "Map_location": "332001104",
                "PARCEL_NUMBER": null
            },
            "geometry": {
                "type": "Point",
                "coordinates": [
                    -92.59662240999992,
                    47.090460710008855
                ]
            }
        },
        {
            "type": "Feature",
            "properties": {
                "Name": "ENGEN CAROL L",
                "Address": "7909 ASPEN RD",
                "Phone": "2182064428",
                "Phase": "B",
                "Substation": "COTTON",
                "Map_location": "332000702",
                "PARCEL_NUMBER": "440002000850.0"
            },
            "geometry": {
                "type": "Point",
                "coordinates": [
                    -92.67236295999996,
                    47.08660395000885
                ]
            }
        },
        {
            "type": "Feature",
            "properties": {
                "Name": "ENGEN CAROL L",
                "Address": "7909 ASPEN RD",
                "Phone": "2182064428",
                "Phase": "B",
                "Substation": "COTTON",
                "Map_location": "332000702",
                "PARCEL_NUMBER": "440002000890.0"
            },
            "geometry": {
                "type": "Point",
                "coordinates": [
                    -92.67236295999996,
                    47.08660395000885
                ]
            }
        },
        {
            "type": "Feature",
            "properties": {
                "Name": "ENGEN CAROL L",
                "Address": "7909 ASPEN RD",
                "Phone": "2182064428",
                "Phase": "B",
                "Substation": "COTTON",
                "Map_location": "332000702",
                "PARCEL_NUMBER": "440002000860.0"
            },
            "geometry": {
                "type": "Point",
                "coordinates": [
                    -92.67236295999996,
                    47.08660395000885
                ]
            }
        },
        {
            "type": "Feature",
            "properties": {
                "Name": "KARELS PAUL",
                "Address": "7897 BLUE SPRUCE RD",
                "Phone": "2189967076",
                "Phase": "B",
                "Substation": "COTTON",
                "Map_location": "332001801",
                "PARCEL_NUMBER": "440002002622.0"
            },
            "geometry": {
                "type": "Point",
                "coordinates": [
                    -92.66420729999994,
                    47.08558630000885
                ]
            }
        },
        {
            "type": "Feature",
            "properties": {
                "Name": "MCMILLAN JAMES",
                "Address": "7925 BLUE SPRUCE RD",
                "Phone": "2183107379",
                "Phase": "B",
                "Substation": "COTTON",
                "Map_location": "332000701",
                "PARCEL_NUMBER": null
            },
            "geometry": {
                "type": "Point",
                "coordinates": [
                    -92.66221189999996,
                    47.08774930000887
                ]
            }
        },
        {
            "type": "Feature",
            "properties": {
                "Name": "MORSE SCOTT",
                "Address": "7956 BLUE SPRUCE RD",
                "Phone": "2183496929",
                "Phase": "B",
                "Substation": "COTTON",
                "Map_location": "332000803",
                "PARCEL_NUMBER": "440002001000.0"
            },
            "geometry": {
                "type": "Point",
                "coordinates": [
                    -92.66089148999994,
                    47.09003476000886
                ]
            }
        },
        {
            "type": "Feature",
            "properties": {
                "Name": "MORSE SCOTT",
                "Address": "7956 BLUE SPRUCE RD",
                "Phone": "2183496929",
                "Phase": "B",
                "Substation": "COTTON",
                "Map_location": "332000803",
                "PARCEL_NUMBER": "440002001030.0"
            },
            "geometry": {
                "type": "Point",
                "coordinates": [
                    -92.66089148999994,
                    47.09003476000886
                ]
            }
        },
        {
            "type": "Feature",
            "properties": {
                "Name": "MORSE DEREK",
                "Address": "7899 BLUE SPRUCE RD",
                "Phone": "2183903578",
                "Phase": "B",
                "Substation": "COTTON",
                "Map_location": "332000703",
                "PARCEL_NUMBER": null
            },
            "geometry": {
                "type": "Point",
                "coordinates": [
                    -92.66386806999995,
                    47.08599031000886
                ]
            }
        },
        {
            "type": "Feature",
            "properties": {
                "Name": "CLASS WILLIAM",
                "Address": "9219 SWENSON RD",
                "Phone": "2183404862",
                "Phase": "B",
                "Substation": "COTTON",
                "Map_location": "332000802",
                "PARCEL_NUMBER": null
            },
            "geometry": {
                "type": "Point",
                "coordinates": [
                    -92.65188429999996,
                    47.08975110000887
                ]
            }
        },
        {
            "type": "Feature",
            "properties": {
                "Name": "MERRITT WILLIAM ROBERT",
                "Address": "7934 HWY 7",
                "Phone": "6514421593",
                "Phase": "B",
                "Substation": "COTTON",
                "Map_location": "332001105",
                "PARCEL_NUMBER": null
            },
            "geometry": {
                "type": "Point",
                "coordinates": [
                    -92.59691409999995,
                    47.08670919000886
                ]
            }
        },
        {
            "type": "Feature",
            "properties": {
                "Name": "RICE ERNEST A",
                "Address": "7890 HIGHWAY 7",
                "Phone": "2182480540",
                "Phase": "B",
                "Substation": "COTTON",
                "Map_location": "332001401",
                "PARCEL_NUMBER": null
            },
            "geometry": {
                "type": "Point",
                "coordinates": [
                    -92.59816949999994,
                    47.08352410000884
                ]
            }
        },
        {
            "type": "Feature",
            "properties": {
                "Name": "Customer not found in Customer Table \n(Check with Billing)",
                "Address": null,
                "Phone": null,
                "Phase": "B",
                "Substation": "COTTON",
                "Map_location": "332001504",
                "PARCEL_NUMBER": null
            },
            "geometry": {
                "type": "Point",
                "coordinates": [
                    -92.60048498200105,
                    47.080235394721676
                ]
            }
        },
        {
            "type": "Feature",
            "properties": {
                "Name": "BLUNTACH JOANNAH BIASAR",
                "Address": "7820 KINGSLEY RD",
                "Phone": "2189661318",
                "Phase": "B",
                "Substation": "COTTON",
                "Map_location": "332001503",
                "PARCEL_NUMBER": "440002002130.0"
            },
            "geometry": {
                "type": "Point",
                "coordinates": [
                    -92.60591279999996,
                    47.07842810000883
                ]
            }
        },
        {
            "type": "Feature",
            "properties": {
                "Name": "BLUNTACH JOANNAH BIASAR",
                "Address": "7820 KINGSLEY RD",
                "Phone": "2189661318",
                "Phase": "B",
                "Substation": "COTTON",
                "Map_location": "332001503",
                "PARCEL_NUMBER": "355003000010.0"
            },
            "geometry": {
                "type": "Point",
                "coordinates": [
                    -92.60591279999996,
                    47.07842810000883
                ]
            }
        },
        {
            "type": "Feature",
            "properties": {
                "Name": "BURLINGTON NORTHE RN SF",
                "Address": "W OF HWY 7 AND 133",
                "Phone": "4023445760",
                "Phase": "B",
                "Substation": "COTTON",
                "Map_location": "332002202",
                "PARCEL_NUMBER": null
            },
            "geometry": {
                "type": "Point",
                "coordinates": [
                    -92.60702899997591,
                    47.069283003579535
                ]
            }
        },
        {
            "type": "Feature",
            "properties": {
                "Name": "SCHRAUTEMYER ROBERT J",
                "Address": "8761 HWY 133",
                "Phone": "2184271027",
                "Phase": "B",
                "Substation": "COTTON",
                "Map_location": "332001505",
                "PARCEL_NUMBER": null
            },
            "geometry": {
                "type": "Point",
                "coordinates": [
                    -92.60477479999994,
                    47.06972700000884
                ]
            }
        },
        {
            "type": "Feature",
            "properties": {
                "Name": "Customer not found in Customer Table \n(Check with Billing)",
                "Address": null,
                "Phone": null,
                "Phase": "B",
                "Substation": "COTTON",
                "Map_location": "332001506",
                "PARCEL_NUMBER": null
            },
            "geometry": {
                "type": "Point",
                "coordinates": [
                    -92.60375226949641,
                    47.0697424867744
                ]
            }
        },
        {
            "type": "Feature",
            "properties": {
                "Name": "WISCONSIN CENTRAL LTD",
                "Address": "HWY 7 AND 133 PAYNE SIGNAL LGT",
                "Phone": "5143994700",
                "Phase": "B",
                "Substation": "COTTON",
                "Map_location": "332002201",
                "PARCEL_NUMBER": null
            },
            "geometry": {
                "type": "Point",
                "coordinates": [
                    -92.59903572999994,
                    47.06952056000883
                ]
            }
        },
        {
            "type": "Feature",
            "properties": {
                "Name": "DAVERN COLLEEN C",
                "Address": "8852 ARKOLA ROAD",
                "Phone": "2183482998",
                "Phase": "C",
                "Substation": "COTTON",
                "Map_location": "311011501",
                "PARCEL_NUMBER": null
            },
            "geometry": {
                "type": "Point",
                "coordinates": [
                    -92.61559769999992,
                    47.16701543000895
                ]
            }
        },
        {
            "type": "Feature",
            "properties": {
                "Name": "PENN JESSICA M",
                "Address": "9015 ARKOLA ROAD",
                "Phone": "2183489950",
                "Phase": "C",
                "Substation": "COTTON",
                "Map_location": "311000905",
                "PARCEL_NUMBER": "405001001505.0"
            },
            "geometry": {
                "type": "Point",
                "coordinates": [
                    -92.63312924559813,
                    47.169027030469046
                ]
            }
        },
        {
            "type": "Feature",
            "properties": {
                "Name": "DICKSON RICHARD CLARENCE",
                "Address": "8938 ARKOLA RD",
                "Phone": "2184272667",
                "Phase": "C",
                "Substation": "COTTON",
                "Map_location": "311001604",
                "PARCEL_NUMBER": "405001002682.0"
            },
            "geometry": {
                "type": "Point",
                "coordinates": [
                    -92.62534299999994,
                    47.16803290000896
                ]
            }
        },
        {
            "type": "Feature",
            "properties": {
                "Name": "DICKSON RICHARD CLARENCE",
                "Address": "8938 ARKOLA RD",
                "Phone": "2184272667",
                "Phase": "C",
                "Substation": "COTTON",
                "Map_location": "311001604",
                "PARCEL_NUMBER": "405001002800.0"
            },
            "geometry": {
                "type": "Point",
                "coordinates": [
                    -92.62534299999994,
                    47.16803290000896
                ]
            }
        },
        {
            "type": "Feature",
            "properties": {
                "Name": "DICKSON RICHARD CLARENCE",
                "Address": "8938 ARKOLA RD",
                "Phone": "2184272667",
                "Phase": "C",
                "Substation": "COTTON",
                "Map_location": "311001604",
                "PARCEL_NUMBER": "405001001530.0"
            },
            "geometry": {
                "type": "Point",
                "coordinates": [
                    -92.62534299999994,
                    47.16803290000896
                ]
            }
        },
        {
            "type": "Feature",
            "properties": {
                "Name": "DICKSON RICHARD CLARENCE",
                "Address": "8938 ARKOLA RD",
                "Phone": "2184272667",
                "Phase": "C",
                "Substation": "COTTON",
                "Map_location": "311001604",
                "PARCEL_NUMBER": "405001002812.0"
            },
            "geometry": {
                "type": "Point",
                "coordinates": [
                    -92.62534299999994,
                    47.16803290000896
                ]
            }
        },
        {
            "type": "Feature",
            "properties": {
                "Name": "DICKSON RICHARD CLARENCE",
                "Address": "8938 ARKOLA RD",
                "Phone": "2184272667",
                "Phase": "C",
                "Substation": "COTTON",
                "Map_location": "311001604",
                "PARCEL_NUMBER": "405001002525.0"
            },
            "geometry": {
                "type": "Point",
                "coordinates": [
                    -92.62534299999994,
                    47.16803290000896
                ]
            }
        },
        {
            "type": "Feature",
            "properties": {
                "Name": "DICKSON RICHARD CLARENCE",
                "Address": "8938 ARKOLA RD",
                "Phone": "2184272667",
                "Phase": "C",
                "Substation": "COTTON",
                "Map_location": "311001604",
                "PARCEL_NUMBER": "405001002555.0"
            },
            "geometry": {
                "type": "Point",
                "coordinates": [
                    -92.62534299999994,
                    47.16803290000896
                ]
            }
        },
        {
            "type": "Feature",
            "properties": {
                "Name": "JOHNSON BRENDA J",
                "Address": "8929 ARKOLA ROAD",
                "Phone": "2184106310",
                "Phase": "C",
                "Substation": "COTTON",
                "Map_location": "311000903",
                "PARCEL_NUMBER": null
            },
            "geometry": {
                "type": "Point",
                "coordinates": [
                    -92.62344952999995,
                    47.16892874000895
                ]
            }
        },
        {
            "type": "Feature",
            "properties": {
                "Name": "SIMEK ROBERT",
                "Address": "9133 PARSSINEN RD",
                "Phone": "2184272776",
                "Phase": "C",
                "Substation": "COTTON",
                "Map_location": "311000902",
                "PARCEL_NUMBER": "405001001500.0"
            },
            "geometry": {
                "type": "Point",
                "coordinates": [
                    -92.63174492999994,
                    47.17050374000894
                ]
            }
        },
        {
            "type": "Feature",
            "properties": {
                "Name": "INCONTRO JOSEPH T",
                "Address": "9212 PARSSINEN RD",
                "Phone": "4028712502",
                "Phase": "C",
                "Substation": "COTTON",
                "Map_location": "311000901",
                "PARCEL_NUMBER": "405001001400.0"
            },
            "geometry": {
                "type": "Point",
                "coordinates": [
                    -92.63053959999996,
                    47.17651430000895
                ]
            }
        },
        {
            "type": "Feature",
            "properties": {
                "Name": "INCONTRO JOSEPH T",
                "Address": "9212 PARSSINEN RD",
                "Phone": "4028712502",
                "Phase": "C",
                "Substation": "COTTON",
                "Map_location": "311000901",
                "PARCEL_NUMBER": "405001001410.0"
            },
            "geometry": {
                "type": "Point",
                "coordinates": [
                    -92.63053959999996,
                    47.17651430000895
                ]
            }
        },
        {
            "type": "Feature",
            "properties": {
                "Name": "SIMEK STEVE",
                "Address": "8992 POPLAR ROAD",
                "Phone": "2184272422",
                "Phase": "C",
                "Substation": "COTTON",
                "Map_location": "311001704",
                "PARCEL_NUMBER": null
            },
            "geometry": {
                "type": "Point",
                "coordinates": [
                    -92.65161379999996,
                    47.15985850000893
                ]
            }
        },
        {
            "type": "Feature",
            "properties": {
                "Name": "SAVER KYLE TERRANCE",
                "Address": "9092 ARKOLA RD",
                "Phone": "2183901530",
                "Phase": "C",
                "Substation": "COTTON",
                "Map_location": "311001603",
                "PARCEL_NUMBER": "405001002740.0"
            },
            "geometry": {
                "type": "Point",
                "coordinates": [
                    -92.64184189999996,
                    47.160849100008946
                ]
            }
        },
        {
            "type": "Feature",
            "properties": {
                "Name": "SAVER KYLE TERRANCE",
                "Address": "9092 ARKOLA RD",
                "Phone": "2183901530",
                "Phase": "C",
                "Substation": "COTTON",
                "Map_location": "311001603",
                "PARCEL_NUMBER": "305002001740.0"
            },
            "geometry": {
                "type": "Point",
                "coordinates": [
                    -92.64184189999996,
                    47.160849100008946
                ]
            }
        },
        {
            "type": "Feature",
            "properties": {
                "Name": "SHARP AMANDA VIOLET",
                "Address": "9323 OAK RD",
                "Phone": "2187500814",
                "Phase": "C",
                "Substation": "COTTON",
                "Map_location": "311001803",
                "PARCEL_NUMBER": "405001003205.0"
            },
            "geometry": {
                "type": "Point",
                "coordinates": [
                    -92.66556618527181,
                    47.15349068456764
                ]
            }
        },
        {
            "type": "Feature",
            "properties": {
                "Name": "JACOBS DANIEL C",
                "Address": "9320 CROSS RD",
                "Phone": "2187807486",
                "Phase": "C",
                "Substation": "COTTON",
                "Map_location": "311001802",
                "PARCEL_NUMBER": null
            },
            "geometry": {
                "type": "Point",
                "coordinates": [
                    -92.66507929999995,
                    47.15906400000894
                ]
            }
        },
        {
            "type": "Feature",
            "properties": {
                "Name": "VANWAVE JAN MICHAEL",
                "Address": "9245 OAK ROAD",
                "Phone": "2184272322",
                "Phase": "C",
                "Substation": "COTTON",
                "Map_location": "311001707",
                "PARCEL_NUMBER": null
            },
            "geometry": {
                "type": "Point",
                "coordinates": [
                    -92.65654094999995,
                    47.15349971000894
                ]
            }
        },
        {
            "type": "Feature",
            "properties": {
                "Name": "SIMEK STEVE",
                "Address": "9159 OAK ROAD",
                "Phone": "2184272422",
                "Phase": "C",
                "Substation": "COTTON",
                "Map_location": "311001708",
                "PARCEL_NUMBER": null
            },
            "geometry": {
                "type": "Point",
                "coordinates": [
                    -92.64768559999996,
                    47.15401250000894
                ]
            }
        },
        {
            "type": "Feature",
            "properties": {
                "Name": "SIMEK GARY EDWARD",
                "Address": "9151 OAK RD",
                "Phone": "2184218843",
                "Phase": "C",
                "Substation": "COTTON",
                "Map_location": "311001706",
                "PARCEL_NUMBER": "405001002442.0"
            },
            "geometry": {
                "type": "Point",
                "coordinates": [
                    -92.64679049999994,
                    47.153689700008925
                ]
            }
        },
        {
            "type": "Feature",
            "properties": {
                "Name": "WREN JACKLYNN HARRIET",
                "Address": "8850 POPLAR ROAD",
                "Phone": "2183903563",
                "Phase": "C",
                "Substation": "COTTON",
                "Map_location": "311002002",
                "PARCEL_NUMBER": null
            },
            "geometry": {
                "type": "Point",
                "coordinates": [
                    -92.64783279999996,
                    47.149391100008934
                ]
            }
        },
        {
            "type": "Feature",
            "properties": {
                "Name": "KOWARSCH EUGENE",
                "Address": "9371 HWY 29",
                "Phone": "2184272680",
                "Phase": "C",
                "Substation": "COTTON",
                "Map_location": "311001901",
                "PARCEL_NUMBER": "405001003290.0"
            },
            "geometry": {
                "type": "Point",
                "coordinates": [
                    -92.67015415999995,
                    47.13912054000891
                ]
            }
        },
        {
            "type": "Feature",
            "properties": {
                "Name": "ANDERSON KIRK ANDREW",
                "Address": "9302 HWY 29",
                "Phone": "2187804775",
                "Phase": "C",
                "Substation": "COTTON",
                "Map_location": "311002902",
                "PARCEL_NUMBER": null
            },
            "geometry": {
                "type": "Point",
                "coordinates": [
                    -92.66247800999996,
                    47.13744426000891
                ]
            }
        },
        {
            "type": "Feature",
            "properties": {
                "Name": "PIRKOLA BRADLEY R",
                "Address": "9315 HWY 29",
                "Phone": "2187212726",
                "Phase": "C",
                "Substation": "COTTON",
                "Map_location": "311001902",
                "PARCEL_NUMBER": "405001003365.0"
            },
            "geometry": {
                "type": "Point",
                "coordinates": [
                    -92.66398229999994,
                    47.139803400008915
                ]
            }
        },
        {
            "type": "Feature",
            "properties": {
                "Name": "MCKAY DONALD W",
                "Address": "9208 HWY 29",
                "Phone": "2188780161",
                "Phase": "C",
                "Substation": "COTTON",
                "Map_location": "311002904",
                "PARCEL_NUMBER": null
            },
            "geometry": {
                "type": "Point",
                "coordinates": [
                    -92.65362309999996,
                    47.135872800008904
                ]
            }
        },
        {
            "type": "Feature",
            "properties": {
                "Name": "GILBERTSON DONALD B",
                "Address": "9210 HWY 29",
                "Phone": "2184272727",
                "Phase": "C",
                "Substation": "COTTON",
                "Map_location": "311002901",
                "PARCEL_NUMBER": null
            },
            "geometry": {
                "type": "Point",
                "coordinates": [
                    -92.65326712999995,
                    47.138580960008916
                ]
            }
        },
        {
            "type": "Feature",
            "properties": {
                "Name": "SIMEK STEVE",
                "Address": "9285 HWY 29",
                "Phone": "2184272422",
                "Phase": "C",
                "Substation": "COTTON",
                "Map_location": "311002004",
                "PARCEL_NUMBER": null
            },
            "geometry": {
                "type": "Point",
                "coordinates": [
                    -92.66157209999996,
                    47.13990438000891
                ]
            }
        },
        {
            "type": "Feature",
            "properties": {
                "Name": "ULSHAFER DARYL",
                "Address": "9139 HWY 29",
                "Phone": "2184271014",
                "Phase": "C",
                "Substation": "COTTON",
                "Map_location": "311002006",
                "PARCEL_NUMBER": "405001003542.0"
            },
            "geometry": {
                "type": "Point",
                "coordinates": [
                    -92.64524229999996,
                    47.14054960000892
                ]
            }
        },
        {
            "type": "Feature",
            "properties": {
                "Name": "RUDIE JAMES",
                "Address": "9160 SAX RD",
                "Phone": "6513308948",
                "Phase": "C",
                "Substation": "COTTON",
                "Map_location": "290003203",
                "PARCEL_NUMBER": null
            },
            "geometry": {
                "type": "Point",
                "coordinates": [
                    -92.64893084999994,
                    47.209776540008995
                ]
            }
        },
        {
            "type": "Feature",
            "properties": {
                "Name": "KESTNER LINDSAY",
                "Address": "9199 SAX RD SHACK",
                "Phone": "9522887148",
                "Phase": "C",
                "Substation": "COTTON",
                "Map_location": "290002904",
                "PARCEL_NUMBER": null
            },
            "geometry": {
                "type": "Point",
                "coordinates": [
                    -92.65220939999996,
                    47.21149530000901
                ]
            }
        },
        {
            "type": "Feature",
            "properties": {
                "Name": "FRONTIER COMMUNIC ATIONS",
                "Address": "SAX RD AND STICKNEY",
                "Phone": "7017071015",
                "Phase": "C",
                "Substation": "COTTON",
                "Map_location": "290003102",
                "PARCEL_NUMBER": null
            },
            "geometry": {
                "type": "Point",
                "coordinates": [
                    -92.66343555999995,
                    47.210997080008994
                ]
            }
        },
        {
            "type": "Feature",
            "properties": {
                "Name": "DORNHECKER JAMES R",
                "Address": "1251 STICKNEY RD",
                "Phone": null,
                "Phase": "C",
                "Substation": "COTTON",
                "Map_location": "290003101",
                "PARCEL_NUMBER": "435002005620.0"
            },
            "geometry": {
                "type": "Point",
                "coordinates": [
                    -92.66413595999995,
                    47.207936450008994
                ]
            }
        },
        {
            "type": "Feature",
            "properties": {
                "Name": "DORNHECKER JAMES R",
                "Address": "1251 STICKNEY RD",
                "Phone": null,
                "Phase": "C",
                "Substation": "COTTON",
                "Map_location": "290003101",
                "PARCEL_NUMBER": "435002005630.0"
            },
            "geometry": {
                "type": "Point",
                "coordinates": [
                    -92.66413595999995,
                    47.207936450008994
                ]
            }
        },
        {
            "type": "Feature",
            "properties": {
                "Name": "DORNHECKER JAMES R",
                "Address": "1251 STICKNEY RD",
                "Phone": null,
                "Phase": "C",
                "Substation": "COTTON",
                "Map_location": "290003101",
                "PARCEL_NUMBER": "435002005600.0"
            },
            "geometry": {
                "type": "Point",
                "coordinates": [
                    -92.66413595999995,
                    47.207936450008994
                ]
            }
        },
        {
            "type": "Feature",
            "properties": {
                "Name": "PAULSON MICHAEL P",
                "Address": "1140 STICKNEY RD",
                "Phone": "2183439083",
                "Phase": "C",
                "Substation": "COTTON",
                "Map_location": "290003205",
                "PARCEL_NUMBER": "435002005860.0"
            },
            "geometry": {
                "type": "Point",
                "coordinates": [
                    -92.66223609999994,
                    47.199593300008985
                ]
            }
        },
        {
            "type": "Feature",
            "properties": {
                "Name": "PAULSON MICHAEL P",
                "Address": "1140 STICKNEY RD",
                "Phone": "2183439083",
                "Phase": "C",
                "Substation": "COTTON",
                "Map_location": "290003205",
                "PARCEL_NUMBER": "435002005870.0"
            },
            "geometry": {
                "type": "Point",
                "coordinates": [
                    -92.66223609999994,
                    47.199593300008985
                ]
            }
        },
        {
            "type": "Feature",
            "properties": {
                "Name": "CAMPBELL NANCY",
                "Address": "9262 GRAY RD",
                "Phone": "2187246635",
                "Phase": "C",
                "Substation": "COTTON",
                "Map_location": "311000502",
                "PARCEL_NUMBER": null
            },
            "geometry": {
                "type": "Point",
                "coordinates": [
                    -92.66169145999996,
                    47.19605847000898
                ]
            }
        },
        {
            "type": "Feature",
            "properties": {
                "Name": "WHITEFISH MFG INC",
                "Address": "9006 SAX ROAD",
                "Phone": "2183101166",
                "Phase": "C",
                "Substation": "COTTON",
                "Map_location": "290003304",
                "PARCEL_NUMBER": null
            },
            "geometry": {
                "type": "Point",
                "coordinates": [
                    -92.63293615999994,
                    47.21103284000899
                ]
            }
        },
        {
            "type": "Feature",
            "properties": {
                "Name": "FORREST DIANE LOUISE",
                "Address": "8986 SAX RD",
                "Phone": "2184615438",
                "Phase": "C",
                "Substation": "COTTON",
                "Map_location": "290003303",
                "PARCEL_NUMBER": "435002005950.0"
            },
            "geometry": {
                "type": "Point",
                "coordinates": [
                    -92.62881809999996,
                    47.210572800009
                ]
            }
        },
        {
            "type": "Feature",
            "properties": {
                "Name": "BURLINGTON NORTHE RN SF",
                "Address": "HWY 28 SAX RD CRANBERRY",
                "Phone": "4023445760",
                "Phase": "C",
                "Substation": "COTTON",
                "Map_location": "290003305",
                "PARCEL_NUMBER": null
            },
            "geometry": {
                "type": "Point",
                "coordinates": [
                    -92.62120149999994,
                    47.211379030009006
                ]
            }
        },
        {
            "type": "Feature",
            "properties": {
                "Name": "KICK GREGORY ROBERT",
                "Address": "1360 MCDAVITT RD",
                "Phone": "2184272472",
                "Phase": "C",
                "Substation": "COTTON",
                "Map_location": "290002805",
                "PARCEL_NUMBER": null
            },
            "geometry": {
                "type": "Point",
                "coordinates": [
                    -92.64117649999994,
                    47.215756400009
                ]
            }
        },
        {
            "type": "Feature",
            "properties": {
                "Name": "Customer not found in Customer Table \n(Check with Billing)",
                "Address": null,
                "Phone": null,
                "Phase": "C",
                "Substation": "COTTON",
                "Map_location": "290002803",
                "PARCEL_NUMBER": null
            },
            "geometry": {
                "type": "Point",
                "coordinates": [
                    -92.63324384386824,
                    47.21981406095075
                ]
            }
        },
        {
            "type": "Feature",
            "properties": {
                "Name": "KICK GREGORY ROBERT",
                "Address": "1429 MCDAVITT RD",
                "Phone": "2184272472",
                "Phase": "C",
                "Substation": "COTTON",
                "Map_location": "290002901",
                "PARCEL_NUMBER": "435002005110.0"
            },
            "geometry": {
                "type": "Point",
                "coordinates": [
                    -92.64268565999996,
                    47.22063882000899
                ]
            }
        },
        {
            "type": "Feature",
            "properties": {
                "Name": "KICK GREGORY ROBERT",
                "Address": "1429 MCDAVITT RD",
                "Phone": "2184272472",
                "Phase": "C",
                "Substation": "COTTON",
                "Map_location": "290002901",
                "PARCEL_NUMBER": "435002005130.0"
            },
            "geometry": {
                "type": "Point",
                "coordinates": [
                    -92.64268565999996,
                    47.22063882000899
                ]
            }
        },
        {
            "type": "Feature",
            "properties": {
                "Name": "KICK GREGORY ROBERT",
                "Address": "1429 MCDAVITT RD",
                "Phone": "2184272472",
                "Phase": "C",
                "Substation": "COTTON",
                "Map_location": "290002901",
                "PARCEL_NUMBER": "435002005040.0"
            },
            "geometry": {
                "type": "Point",
                "coordinates": [
                    -92.64268565999996,
                    47.22063882000899
                ]
            }
        },
        {
            "type": "Feature",
            "properties": {
                "Name": "KICK GREGORY ROBERT",
                "Address": "1424 MCDAVITT RD",
                "Phone": "2184272472",
                "Phase": "C",
                "Substation": "COTTON",
                "Map_location": "290002802",
                "PARCEL_NUMBER": null
            },
            "geometry": {
                "type": "Point",
                "coordinates": [
                    -92.6410329950792,
                    47.22045749601354
                ]
            }
        },
        {
            "type": "Feature",
            "properties": {
                "Name": "MILLER MICHAEL E",
                "Address": "1463 MCDAVITT RD",
                "Phone": "2188394845",
                "Phase": "C",
                "Substation": "COTTON",
                "Map_location": "290002907",
                "PARCEL_NUMBER": null
            },
            "geometry": {
                "type": "Point",
                "coordinates": [
                    -92.64249689999995,
                    47.22320758000903
                ]
            }
        },
        {
            "type": "Feature",
            "properties": {
                "Name": "UDOVICH FAWNDALENE M",
                "Address": "1458 MCDAVITT RD",
                "Phone": "2182904534",
                "Phase": "C",
                "Substation": "COTTON",
                "Map_location": "290002801",
                "PARCEL_NUMBER": null
            },
            "geometry": {
                "type": "Point",
                "coordinates": [
                    -92.64144479999996,
                    47.222846440009015
                ]
            }
        },
        {
            "type": "Feature",
            "properties": {
                "Name": "BURLINGTON NORTHE RN SF",
                "Address": "HWY 213 MCDAVITT RD",
                "Phone": "4023445760",
                "Phase": "C",
                "Substation": "COTTON",
                "Map_location": "290002001",
                "PARCEL_NUMBER": null
            },
            "geometry": {
                "type": "Point",
                "coordinates": [
                    -92.6421074009622,
                    47.22883065769128
                ]
            }
        },
        {
            "type": "Feature",
            "properties": {
                "Name": "LUCKAS KEN G",
                "Address": "1658 MCDAVITT RD",
                "Phone": "2184272417",
                "Phase": "C",
                "Substation": "COTTON",
                "Map_location": "290002101",
                "PARCEL_NUMBER": null
            },
            "geometry": {
                "type": "Point",
                "coordinates": [
                    -92.64109818999994,
                    47.23725915000902
                ]
            }
        },
        {
            "type": "Feature",
            "properties": {
                "Name": "SANDBULTE GREG B",
                "Address": "8282 W ROSE LAKE DR",
                "Phone": null,
                "Phase": "B",
                "Substation": "COTTON",
                "Map_location": "334010609",
                "PARCEL_NUMBER": null
            },
            "geometry": {
                "type": "Point",
                "coordinates": [
                    -92.42036439999991,
                    47.108830680008865
                ]
            }
        },
        {
            "type": "Feature",
            "properties": {
                "Name": "JOHNSON KEVIN",
                "Address": "8223 W ROSE LAKE DR",
                "Phone": "2184094661",
                "Phase": "C",
                "Substation": "COTTON",
                "Map_location": "334010616",
                "PARCEL_NUMBER": null
            },
            "geometry": {
                "type": "Point",
                "coordinates": [
                    -92.41944818999991,
                    47.10657063000888
                ]
            }
        },
        {
            "type": "Feature",
            "properties": {
                "Name": "MILLS MICHAEL R",
                "Address": "8227 W ROSE LAKE DR",
                "Phone": null,
                "Phase": "C",
                "Substation": "COTTON",
                "Map_location": "334010617",
                "PARCEL_NUMBER": null
            },
            "geometry": {
                "type": "Point",
                "coordinates": [
                    -92.41926440999991,
                    47.106481930008876
                ]
            }
        },
        {
            "type": "Feature",
            "properties": {
                "Name": "HALBAKKEN EMILY",
                "Address": "8231 W ROSE LK RD",
                "Phone": "2185905106",
                "Phase": "C",
                "Substation": "COTTON",
                "Map_location": "334010618",
                "PARCEL_NUMBER": null
            },
            "geometry": {
                "type": "Point",
                "coordinates": [
                    -92.41880586999991,
                    47.10625041000888
                ]
            }
        },
        {
            "type": "Feature",
            "properties": {
                "Name": "PAUL WILLIAM D",
                "Address": "8237 W ROSE LAKE DRIVE",
                "Phone": "2183456216",
                "Phase": "C",
                "Substation": "COTTON",
                "Map_location": "334010620",
                "PARCEL_NUMBER": null
            },
            "geometry": {
                "type": "Point",
                "coordinates": [
                    -92.4176410999999,
                    47.106004200008876
                ]
            }
        },
        {
            "type": "Feature",
            "properties": {
                "Name": "STRUM SCOTT",
                "Address": "8236 W ROSE LK DR",
                "Phone": "2183919193",
                "Phase": "C",
                "Substation": "COTTON",
                "Map_location": "334010656",
                "PARCEL_NUMBER": null
            },
            "geometry": {
                "type": "Point",
                "coordinates": [
                    -92.41834669999992,
                    47.10576830000889
                ]
            }
        },
        {
            "type": "Feature",
            "properties": {
                "Name": "NIELSEN CLAUDIA KRISTINE",
                "Address": "8232 W ROSE LK DR",
                "Phone": "2186267591",
                "Phase": "C",
                "Substation": "COTTON",
                "Map_location": "334010657",
                "PARCEL_NUMBER": null
            },
            "geometry": {
                "type": "Point",
                "coordinates": [
                    -92.41863025999992,
                    47.105476520008885
                ]
            }
        },
        {
            "type": "Feature",
            "properties": {
                "Name": "WATTERS ELLEN",
                "Address": "8243 W ROSE LAKE DRIVE",
                "Phone": "6512081480",
                "Phase": "C",
                "Substation": "COTTON",
                "Map_location": "334010621",
                "PARCEL_NUMBER": null
            },
            "geometry": {
                "type": "Point",
                "coordinates": [
                    -92.4171499999999,
                    47.10610006000888
                ]
            }
        },
        {
            "type": "Feature",
            "properties": {
                "Name": "NORDALE JOHN E",
                "Address": "8249 ROSE LAKE RD",
                "Phone": "6513358342",
                "Phase": "C",
                "Substation": "COTTON",
                "Map_location": "334010622",
                "PARCEL_NUMBER": null
            },
            "geometry": {
                "type": "Point",
                "coordinates": [
                    -92.41707469999992,
                    47.10661050000887
                ]
            }
        },
        {
            "type": "Feature",
            "properties": {
                "Name": "SIMONSON ELIZABETH HUNTER",
                "Address": "8253 E ROSE LAKE DR",
                "Phone": "2183914772",
                "Phase": "C",
                "Substation": "COTTON",
                "Map_location": "334010623",
                "PARCEL_NUMBER": null
            },
            "geometry": {
                "type": "Point",
                "coordinates": [
                    -92.4166589199999,
                    47.106904050008886
                ]
            }
        },
        {
            "type": "Feature",
            "properties": {
                "Name": "LARSON ANNE E",
                "Address": "8255 E ROSE LAKE DRIVE",
                "Phone": "2184281014",
                "Phase": "C",
                "Substation": "COTTON",
                "Map_location": "334010624",
                "PARCEL_NUMBER": null
            },
            "geometry": {
                "type": "Point",
                "coordinates": [
                    -92.4164248299999,
                    47.10675817000888
                ]
            }
        },
        {
            "type": "Feature",
            "properties": {
                "Name": "JOHNSON GORDON",
                "Address": "6980 LAKE ELORA DRIVE",
                "Phone": "2183494395",
                "Phase": "C",
                "Substation": "COTTON",
                "Map_location": "334010655",
                "PARCEL_NUMBER": null
            },
            "geometry": {
                "type": "Point",
                "coordinates": [
                    -92.4157222199999,
                    47.105957450008866
                ]
            }
        },
        {
            "type": "Feature",
            "properties": {
                "Name": "MARCONETT ROBERT",
                "Address": "6953 LK ELORA DR",
                "Phone": "2187424219",
                "Phase": "C",
                "Substation": "COTTON",
                "Map_location": "334010660",
                "PARCEL_NUMBER": null
            },
            "geometry": {
                "type": "Point",
                "coordinates": [
                    -92.4146652299999,
                    47.10603836000886
                ]
            }
        },
        {
            "type": "Feature",
            "properties": {
                "Name": "TUHKANEN JIM PAUL",
                "Address": "6970 LAKE ELORA DR",
                "Phone": "2183108274",
                "Phase": "C",
                "Substation": "COTTON",
                "Map_location": "334010654",
                "PARCEL_NUMBER": null
            },
            "geometry": {
                "type": "Point",
                "coordinates": [
                    -92.4146388999999,
                    47.105686200008876
                ]
            }
        },
        {
            "type": "Feature",
            "properties": {
                "Name": "HOFF THOMAS E",
                "Address": "8266 E ROSE LK DR",
                "Phone": "9529235563",
                "Phase": "C",
                "Substation": "COTTON",
                "Map_location": "334010640",
                "PARCEL_NUMBER": null
            },
            "geometry": {
                "type": "Point",
                "coordinates": [
                    -92.41476750782547,
                    47.10735537774062
                ]
            }
        },
        {
            "type": "Feature",
            "properties": {
                "Name": "HOFF THOMAS E",
                "Address": "8269 E ROSE LK DR",
                "Phone": "9529235563",
                "Phase": "C",
                "Substation": "COTTON",
                "Map_location": "334010630",
                "PARCEL_NUMBER": null
            },
            "geometry": {
                "type": "Point",
                "coordinates": [
                    -92.4151055999999,
                    47.10803140000888
                ]
            }
        },
        {
            "type": "Feature",
            "properties": {
                "Name": "BREINER STEPHANIE MARIE",
                "Address": "8265 E ROSE LAKE DR",
                "Phone": null,
                "Phase": "C",
                "Substation": "COTTON",
                "Map_location": "334010629",
                "PARCEL_NUMBER": null
            },
            "geometry": {
                "type": "Point",
                "coordinates": [
                    -92.4153085999999,
                    47.10777860000888
                ]
            }
        },
        {
            "type": "Feature",
            "properties": {
                "Name": "LINDBERG GARY KENNETH",
                "Address": "8263 E ROSE LAKE DRIVE",
                "Phone": "7632480304",
                "Phase": "C",
                "Substation": "COTTON",
                "Map_location": "334010628",
                "PARCEL_NUMBER": null
            },
            "geometry": {
                "type": "Point",
                "coordinates": [
                    -92.4158527999999,
                    47.10750330000887
                ]
            }
        },
        {
            "type": "Feature",
            "properties": {
                "Name": "LAROQUE JON D",
                "Address": "8276 W ROSE LK DR",
                "Phone": "6512025847",
                "Phase": "B",
                "Substation": "COTTON",
                "Map_location": "334010611",
                "PARCEL_NUMBER": null
            },
            "geometry": {
                "type": "Point",
                "coordinates": [
                    -92.42047219999992,
                    47.108482390008874
                ]
            }
        },
        {
            "type": "Feature",
            "properties": {
                "Name": "SEITZ THOMAS JOSEPH",
                "Address": "8280 W ROSE LAKE DR",
                "Phone": "2187411198",
                "Phase": "B",
                "Substation": "COTTON",
                "Map_location": "334010610",
                "PARCEL_NUMBER": null
            },
            "geometry": {
                "type": "Point",
                "coordinates": [
                    -92.42048029999991,
                    47.10848710000889
                ]
            }
        },
        {
            "type": "Feature",
            "properties": {
                "Name": "NELSON SUSANNE B",
                "Address": "8270 W ROSE LK DR",
                "Phone": "2184289882",
                "Phase": "C",
                "Substation": "COTTON",
                "Map_location": "334010612",
                "PARCEL_NUMBER": null
            },
            "geometry": {
                "type": "Point",
                "coordinates": [
                    -92.42059106634032,
                    47.10793578098156
                ]
            }
        },
        {
            "type": "Feature",
            "properties": {
                "Name": "GOLDFINE JASON S",
                "Address": "8268 W ROSE LK DR",
                "Phone": "7153942955",
                "Phase": "C",
                "Substation": "COTTON",
                "Map_location": "334010613",
                "PARCEL_NUMBER": null
            },
            "geometry": {
                "type": "Point",
                "coordinates": [
                    -92.42061747999992,
                    47.10782442000888
                ]
            }
        },
        {
            "type": "Feature",
            "properties": {
                "Name": "JUNTUNEN RODNEY DARRELL",
                "Address": "8215 W ROSE LK DR",
                "Phone": "2188793120",
                "Phase": "C",
                "Substation": "COTTON",
                "Map_location": "334010614",
                "PARCEL_NUMBER": null
            },
            "geometry": {
                "type": "Point",
                "coordinates": [
                    -92.42025039999992,
                    47.107282100008874
                ]
            }
        },
        {
            "type": "Feature",
            "properties": {
                "Name": "PARENTEAU DIANNE",
                "Address": "8217 W ROSE LK DR",
                "Phone": "2185907263",
                "Phase": "C",
                "Substation": "COTTON",
                "Map_location": "334010615",
                "PARCEL_NUMBER": null
            },
            "geometry": {
                "type": "Point",
                "coordinates": [
                    -92.42022299999991,
                    47.10728810000888
                ]
            }
        },
        {
            "type": "Feature",
            "properties": {
                "Name": "MENDOZA DON J",
                "Address": "8257 E ROSE LAKE DRIVE",
                "Phone": "2183456257",
                "Phase": "C",
                "Substation": "COTTON",
                "Map_location": "334010625",
                "PARCEL_NUMBER": null
            },
            "geometry": {
                "type": "Point",
                "coordinates": [
                    -92.41589029999992,
                    47.107058600008884
                ]
            }
        },
        {
            "type": "Feature",
            "properties": {
                "Name": "LYONS MICHELLE",
                "Address": "8250 E ROSE LAKE DR",
                "Phone": "2183486143",
                "Phase": "C",
                "Substation": "COTTON",
                "Map_location": "334010663",
                "PARCEL_NUMBER": "673001000834.0"
            },
            "geometry": {
                "type": "Point",
                "coordinates": [
                    -92.4158553999999,
                    47.106499700008875
                ]
            }
        },
        {
            "type": "Feature",
            "properties": {
                "Name": "RANDALL ALAN H",
                "Address": "6964 LAKE ELORA DR",
                "Phone": "2183108298",
                "Phase": "C",
                "Substation": "COTTON",
                "Map_location": "334010653",
                "PARCEL_NUMBER": null
            },
            "geometry": {
                "type": "Point",
                "coordinates": [
                    -92.4144713899999,
                    47.10554237000888
                ]
            }
        },
        {
            "type": "Feature",
            "properties": {
                "Name": "SWIERC JOHN JOZEF",
                "Address": "8284 W ROSE LAKE DR - GUEST HO",
                "Phone": "2182690535",
                "Phase": "B",
                "Substation": "COTTON",
                "Map_location": "334010607",
                "PARCEL_NUMBER": null
            },
            "geometry": {
                "type": "Point",
                "coordinates": [
                    -92.42018522182993,
                    47.10912096599157
                ]
            }
        },
        {
            "type": "Feature",
            "properties": {
                "Name": "SWIERC JOHN JOZEF",
                "Address": "8284 W ROSE LAKE DR",
                "Phone": "2182690535",
                "Phase": "B",
                "Substation": "COTTON",
                "Map_location": "334010608",
                "PARCEL_NUMBER": "10103000510.0"
            },
            "geometry": {
                "type": "Point",
                "coordinates": [
                    -92.42014231999991,
                    47.10932110000888
                ]
            }
        },
        {
            "type": "Feature",
            "properties": {
                "Name": "LUND DONALD E",
                "Address": "8286 ROSE LAKE DR",
                "Phone": "4026597299",
                "Phase": "B",
                "Substation": "COTTON",
                "Map_location": "334010606",
                "PARCEL_NUMBER": null
            },
            "geometry": {
                "type": "Point",
                "coordinates": [
                    -92.42026609999992,
                    47.10975880000889
                ]
            }
        },
        {
            "type": "Feature",
            "properties": {
                "Name": "PERKINS GLENN",
                "Address": "8290 W ROSE LAKE DR",
                "Phone": "6129279715",
                "Phase": "B",
                "Substation": "COTTON",
                "Map_location": "334010605",
                "PARCEL_NUMBER": null
            },
            "geometry": {
                "type": "Point",
                "coordinates": [
                    -92.42027284999992,
                    47.10983673000888
                ]
            }
        },
        {
            "type": "Feature",
            "properties": {
                "Name": "JULIAN RANDY L",
                "Address": "8292 W ROSE LK DR",
                "Phone": "2183456274",
                "Phase": "B",
                "Substation": "COTTON",
                "Map_location": "334010603",
                "PARCEL_NUMBER": null
            },
            "geometry": {
                "type": "Point",
                "coordinates": [
                    -92.42036409999992,
                    47.11036580000887
                ]
            }
        },
        {
            "type": "Feature",
            "properties": {
                "Name": "MATTSON DAVID NORMAN",
                "Address": "8294 W ROSE LAKE DR",
                "Phone": "6514526292",
                "Phase": "B",
                "Substation": "COTTON",
                "Map_location": "334010604",
                "PARCEL_NUMBER": null
            },
            "geometry": {
                "type": "Point",
                "coordinates": [
                    -92.42035359999991,
                    47.11046980000887
                ]
            }
        },
        {
            "type": "Feature",
            "properties": {
                "Name": "RICH JOHN A.",
                "Address": "8336 W ROSE LK DR",
                "Phone": "6125032108",
                "Phase": "B",
                "Substation": "COTTON",
                "Map_location": "313053114",
                "PARCEL_NUMBER": null
            },
            "geometry": {
                "type": "Point",
                "coordinates": [
                    -92.4190317999999,
                    47.1120725000089
                ]
            }
        },
        {
            "type": "Feature",
            "properties": {
                "Name": "KOCH MARY FRANCES",
                "Address": "8330 WEST ROSE LAKE DR",
                "Phone": "2183456664",
                "Phase": "B",
                "Substation": "COTTON",
                "Map_location": "313053115",
                "PARCEL_NUMBER": null
            },
            "geometry": {
                "type": "Point",
                "coordinates": [
                    -92.41905213999992,
                    47.11209985000888
                ]
            }
        },
        {
            "type": "Feature",
            "properties": {
                "Name": "BOSCH CAROL VIRGINIA",
                "Address": "8326 WEST ROSE LKDR",
                "Phone": "9529266019",
                "Phase": "B",
                "Substation": "COTTON",
                "Map_location": "313053169",
                "PARCEL_NUMBER": null
            },
            "geometry": {
                "type": "Point",
                "coordinates": [
                    -92.41915493999991,
                    47.111805600008864
                ]
            }
        },
        {
            "type": "Feature",
            "properties": {
                "Name": "WATTS SHELDON JOHN",
                "Address": "8296 W ROSE LK DR SOCIAL RESEA",
                "Phone": "2183931935",
                "Phase": "B",
                "Substation": "COTTON",
                "Map_location": "334010601",
                "PARCEL_NUMBER": null
            },
            "geometry": {
                "type": "Point",
                "coordinates": [
                    -92.41973956999992,
                    47.11114595000888
                ]
            }
        },
        {
            "type": "Feature",
            "properties": {
                "Name": "SCHLENVOGT TIMOTHY ALAN",
                "Address": "8298 W ROSE LAKE DR",
                "Phone": "2183411251",
                "Phase": "B",
                "Substation": "COTTON",
                "Map_location": "313053117",
                "PARCEL_NUMBER": "673005000140.0"
            },
            "geometry": {
                "type": "Point",
                "coordinates": [
                    -92.41970610817998,
                    47.11102838666577
                ]
            }
        },
        {
            "type": "Feature",
            "properties": {
                "Name": "SCHLENVOGT TIMOTHY ALAN",
                "Address": "8298 W ROSE LAKE DR",
                "Phone": "2183411251",
                "Phase": "B",
                "Substation": "COTTON",
                "Map_location": "313053117",
                "PARCEL_NUMBER": "305004000010.0"
            },
            "geometry": {
                "type": "Point",
                "coordinates": [
                    -92.41970610817998,
                    47.11102838666577
                ]
            }
        },
        {
            "type": "Feature",
            "properties": {
                "Name": "KOELEMAN BARBRO L",
                "Address": "8322 W ROSE LK DR",
                "Phone": "6123967250",
                "Phase": "B",
                "Substation": "COTTON",
                "Map_location": "313053116",
                "PARCEL_NUMBER": null
            },
            "geometry": {
                "type": "Point",
                "coordinates": [
                    -92.41963559999992,
                    47.111314300008885
                ]
            }
        },
        {
            "type": "Feature",
            "properties": {
                "Name": "JEANETTA LISA",
                "Address": "8338 WEST ROSE LK DR",
                "Phone": "2187280510",
                "Phase": "B",
                "Substation": "COTTON",
                "Map_location": "313053174",
                "PARCEL_NUMBER": null
            },
            "geometry": {
                "type": "Point",
                "coordinates": [
                    -92.4181895999999,
                    47.11236690000888
                ]
            }
        },
        {
            "type": "Feature",
            "properties": {
                "Name": "SHEPHERD CAMERON",
                "Address": "8344 WEST ROSE LAKE DR",
                "Phone": "2183404421",
                "Phase": "B",
                "Substation": "COTTON",
                "Map_location": "313053157",
                "PARCEL_NUMBER": null
            },
            "geometry": {
                "type": "Point",
                "coordinates": [
                    -92.41835009999991,
                    47.112596550008874
                ]
            }
        },
        {
            "type": "Feature",
            "properties": {
                "Name": "MAHONEY MATT P",
                "Address": "8346 W ROSE LAKE DR",
                "Phone": "2185911044",
                "Phase": "B",
                "Substation": "COTTON",
                "Map_location": "313053113",
                "PARCEL_NUMBER": null
            },
            "geometry": {
                "type": "Point",
                "coordinates": [
                    -92.4178735999999,
                    47.11280190000888
                ]
            }
        },
        {
            "type": "Feature",
            "properties": {
                "Name": "ERICKSEN STEPHANIE",
                "Address": "8352 W ROSE LK",
                "Phone": "2187298627",
                "Phase": "B",
                "Substation": "COTTON",
                "Map_location": "313053110",
                "PARCEL_NUMBER": null
            },
            "geometry": {
                "type": "Point",
                "coordinates": [
                    -92.41736179999991,
                    47.11289623000888
                ]
            }
        },
        {
            "type": "Feature",
            "properties": {
                "Name": "JOHANSEN LAUREL",
                "Address": "8354 W ROSE LAKE DR",
                "Phone": "6122679591",
                "Phase": "B",
                "Substation": "COTTON",
                "Map_location": "313053111",
                "PARCEL_NUMBER": null
            },
            "geometry": {
                "type": "Point",
                "coordinates": [
                    -92.41699730999991,
                    47.112837050008906
                ]
            }
        },
        {
            "type": "Feature",
            "properties": {
                "Name": "LETOURNEAU DON",
                "Address": "8360 W ROSE LAKE DR",
                "Phone": "2183483270",
                "Phase": "B",
                "Substation": "COTTON",
                "Map_location": "313053109",
                "PARCEL_NUMBER": null
            },
            "geometry": {
                "type": "Point",
                "coordinates": [
                    -92.4167292999999,
                    47.11326280000889
                ]
            }
        },
        {
            "type": "Feature",
            "properties": {
                "Name": "BETLACH MATTHEW M",
                "Address": "8362 W ROSE LK DR",
                "Phone": "6122974189",
                "Phase": "B",
                "Substation": "COTTON",
                "Map_location": "313053108",
                "PARCEL_NUMBER": null
            },
            "geometry": {
                "type": "Point",
                "coordinates": [
                    -92.4163970699999,
                    47.113364520008886
                ]
            }
        },
        {
            "type": "Feature",
            "properties": {
                "Name": "MAECKELBERGH KENNETH G",
                "Address": "8370 W ROSE LAKE DR",
                "Phone": "2183458109",
                "Phase": "B",
                "Substation": "COTTON",
                "Map_location": "313053106",
                "PARCEL_NUMBER": null
            },
            "geometry": {
                "type": "Point",
                "coordinates": [
                    -92.4158357999999,
                    47.11359930000888
                ]
            }
        },
        {
            "type": "Feature",
            "properties": {
                "Name": "VANDEUSEN SUZANNE",
                "Address": "8376 WEST ROSE LK DR",
                "Phone": "6513433674",
                "Phase": "B",
                "Substation": "COTTON",
                "Map_location": "313053105",
                "PARCEL_NUMBER": null
            },
            "geometry": {
                "type": "Point",
                "coordinates": [
                    -92.41544699999992,
                    47.11377580000888
                ]
            }
        },
        {
            "type": "Feature",
            "properties": {
                "Name": "SERRE THOMAS",
                "Address": "8363 W ROSE LK DR",
                "Phone": "2183106371",
                "Phase": "B",
                "Substation": "COTTON",
                "Map_location": "313053104",
                "PARCEL_NUMBER": null
            },
            "geometry": {
                "type": "Point",
                "coordinates": [
                    -92.4148593999999,
                    47.11399130000888
                ]
            }
        },
        {
            "type": "Feature",
            "properties": {
                "Name": "DAKOVIC MLADEN",
                "Address": "8359 WEST ROSE LK DR",
                "Phone": "2187220566",
                "Phase": "B",
                "Substation": "COTTON",
                "Map_location": "313053103",
                "PARCEL_NUMBER": null
            },
            "geometry": {
                "type": "Point",
                "coordinates": [
                    -92.4138885299999,
                    47.11376691000889
                ]
            }
        },
        {
            "type": "Feature",
            "properties": {
                "Name": "TOLAND JULIE A",
                "Address": "8351 WEST ROSE LAKE DRIVE",
                "Phone": "2185902523",
                "Phase": "B",
                "Substation": "COTTON",
                "Map_location": "313053160",
                "PARCEL_NUMBER": null
            },
            "geometry": {
                "type": "Point",
                "coordinates": [
                    -92.4131709999999,
                    47.11381630000889
                ]
            }
        },
        {
            "type": "Feature",
            "properties": {
                "Name": "TOLAND JULIE A",
                "Address": "8341 WEST ROSE LK DR",
                "Phone": "2185902523",
                "Phase": "B",
                "Substation": "COTTON",
                "Map_location": "313053101",
                "PARCEL_NUMBER": null
            },
            "geometry": {
                "type": "Point",
                "coordinates": [
                    -92.4132592499999,
                    47.113192550008876
                ]
            }
        },
        {
            "type": "Feature",
            "properties": {
                "Name": "PICHETTI PAUL L",
                "Address": "8337 W ROSE LAKE DR",
                "Phone": "2183484916",
                "Phase": "B",
                "Substation": "COTTON",
                "Map_location": "313053155",
                "PARCEL_NUMBER": null
            },
            "geometry": {
                "type": "Point",
                "coordinates": [
                    -92.4128103299999,
                    47.11305457000887
                ]
            }
        },
        {
            "type": "Feature",
            "properties": {
                "Name": "BRADLEY CHRISTINE E",
                "Address": "8327 E ROSE LAKE DR",
                "Phone": "2185903875",
                "Phase": "B",
                "Substation": "COTTON",
                "Map_location": "313053153",
                "PARCEL_NUMBER": null
            },
            "geometry": {
                "type": "Point",
                "coordinates": [
                    -92.4128341799999,
                    47.11267515000888
                ]
            }
        },
        {
            "type": "Feature",
            "properties": {
                "Name": "LARSON KENNETH C",
                "Address": "8323 E ROSE LK RD",
                "Phone": "2183902100",
                "Phase": "B",
                "Substation": "COTTON",
                "Map_location": "313053152",
                "PARCEL_NUMBER": null
            },
            "geometry": {
                "type": "Point",
                "coordinates": [
                    -92.4134701999999,
                    47.11239160000889
                ]
            }
        },
        {
            "type": "Feature",
            "properties": {
                "Name": "BREKKE DAWN M",
                "Address": "8321 E ROSE LK DR",
                "Phone": "6127477944",
                "Phase": "B",
                "Substation": "COTTON",
                "Map_location": "313053156",
                "PARCEL_NUMBER": null
            },
            "geometry": {
                "type": "Point",
                "coordinates": [
                    -92.4135606999999,
                    47.11233910000888
                ]
            }
        },
        {
            "type": "Feature",
            "properties": {
                "Name": "MATTEI CATHERINE L",
                "Address": "8311 E ROSE LK DR",
                "Phone": "2183844117",
                "Phase": "B",
                "Substation": "COTTON",
                "Map_location": "313053159",
                "PARCEL_NUMBER": null
            },
            "geometry": {
                "type": "Point",
                "coordinates": [
                    -92.4130024999999,
                    47.111633700008895
                ]
            }
        },
        {
            "type": "Feature",
            "properties": {
                "Name": "SIMONSON ELIZABETH HUNTER",
                "Address": "8315 E ROSE LAKE DR UNIT 5",
                "Phone": "2183914772",
                "Phase": "B",
                "Substation": "COTTON",
                "Map_location": "313053150",
                "PARCEL_NUMBER": null
            },
            "geometry": {
                "type": "Point",
                "coordinates": [
                    -92.4125824099999,
                    47.111854790008884
                ]
            }
        },
        {
            "type": "Feature",
            "properties": {
                "Name": "SPENCER TIMOTHY J",
                "Address": "8307 E ROSE LAKE DR",
                "Phone": "6517770440",
                "Phase": "B",
                "Substation": "COTTON",
                "Map_location": "313053149",
                "PARCEL_NUMBER": null
            },
            "geometry": {
                "type": "Point",
                "coordinates": [
                    -92.4124510799999,
                    47.11151256000888
                ]
            }
        },
        {
            "type": "Feature",
            "properties": {
                "Name": "MALARK WILLIAM",
                "Address": "8299 E ROSE LK DR",
                "Phone": "6122818301",
                "Phase": "C",
                "Substation": "COTTON",
                "Map_location": "334010638",
                "PARCEL_NUMBER": null
            },
            "geometry": {
                "type": "Point",
                "coordinates": [
                    -92.4124166999999,
                    47.110380230008886
                ]
            }
        },
        {
            "type": "Feature",
            "properties": {
                "Name": "KOCHEVAR EDWARD",
                "Address": "8295 E ROSE LK DR",
                "Phone": "2185254661",
                "Phase": "C",
                "Substation": "COTTON",
                "Map_location": "334010637",
                "PARCEL_NUMBER": null
            },
            "geometry": {
                "type": "Point",
                "coordinates": [
                    -92.4125170899999,
                    47.11038771000889
                ]
            }
        },
        {
            "type": "Feature",
            "properties": {
                "Name": "MALARK WILLIAM",
                "Address": "8299 ROSE LK RD",
                "Phone": "6122818301",
                "Phase": "C",
                "Substation": "COTTON",
                "Map_location": "334010639",
                "PARCEL_NUMBER": null
            },
            "geometry": {
                "type": "Point",
                "coordinates": [
                    -92.41247172733657,
                    47.11038197218297
                ]
            }
        },
        {
            "type": "Feature",
            "properties": {
                "Name": "SPENCER LISA",
                "Address": "8289 E ROSE LAKE DR",
                "Phone": "2183104641",
                "Phase": "C",
                "Substation": "COTTON",
                "Map_location": "334010636",
                "PARCEL_NUMBER": null
            },
            "geometry": {
                "type": "Point",
                "coordinates": [
                    -92.4128237299999,
                    47.10979764000889
                ]
            }
        },
        {
            "type": "Feature",
            "properties": {
                "Name": "MILLER JAMES A",
                "Address": "8285 E ROSE LK DR",
                "Phone": "2183456459",
                "Phase": "C",
                "Substation": "COTTON",
                "Map_location": "334010635",
                "PARCEL_NUMBER": null
            },
            "geometry": {
                "type": "Point",
                "coordinates": [
                    -92.4133690999999,
                    47.10908280000888
                ]
            }
        },
        {
            "type": "Feature",
            "properties": {
                "Name": "HEIMBACH STEPHEN",
                "Address": "8283 E ROSE LAKE DRIVE",
                "Phone": "2185909071",
                "Phase": "C",
                "Substation": "COTTON",
                "Map_location": "334010634",
                "PARCEL_NUMBER": null
            },
            "geometry": {
                "type": "Point",
                "coordinates": [
                    -92.4132127499999,
                    47.108984720008884
                ]
            }
        },
        {
            "type": "Feature",
            "properties": {
                "Name": "HEIMBACH ANN M",
                "Address": "8279 E ROSE LAKE DR",
                "Phone": "2183103891",
                "Phase": "C",
                "Substation": "COTTON",
                "Map_location": "334010633",
                "PARCEL_NUMBER": null
            },
            "geometry": {
                "type": "Point",
                "coordinates": [
                    -92.4136047999999,
                    47.108634800008886
                ]
            }
        },
        {
            "type": "Feature",
            "properties": {
                "Name": "MACNALLY JACK C",
                "Address": "8273 E ROSE LK DR",
                "Phone": "2183483856",
                "Phase": "C",
                "Substation": "COTTON",
                "Map_location": "334010631",
                "PARCEL_NUMBER": null
            },
            "geometry": {
                "type": "Point",
                "coordinates": [
                    -92.4140813999999,
                    47.10819280000887
                ]
            }
        },
        {
            "type": "Feature",
            "properties": {
                "Name": "CARLSON SCOTT C",
                "Address": "8275 E ROSE LAKE DR",
                "Phone": "2183480810",
                "Phase": "C",
                "Substation": "COTTON",
                "Map_location": "334010632",
                "PARCEL_NUMBER": null
            },
            "geometry": {
                "type": "Point",
                "coordinates": [
                    -92.41399549999991,
                    47.1081706000089
                ]
            }
        },
        {
            "type": "Feature",
            "properties": {
                "Name": "RICH JAMES F",
                "Address": "8356 W ROSE LK DR",
                "Phone": "2183483667",
                "Phase": "B",
                "Substation": "COTTON",
                "Map_location": "313053162",
                "PARCEL_NUMBER": null
            },
            "geometry": {
                "type": "Point",
                "coordinates": [
                    -92.4169371199999,
                    47.11272410000888
                ]
            }
        },
        {
            "type": "Feature",
            "properties": {
                "Name": "MARCONETT ROBERT",
                "Address": "6953 LK ELORA DR BARN",
                "Phone": "2187424219",
                "Phase": "C",
                "Substation": "COTTON",
                "Map_location": "334010641",
                "PARCEL_NUMBER": null
            },
            "geometry": {
                "type": "Point",
                "coordinates": [
                    -92.41295567999991,
                    47.10577839000887
                ]
            }
        },
        {
            "type": "Feature",
            "properties": {
                "Name": "SCHULTZ DAVID ROBERT",
                "Address": "6944 LK ELORA DR",
                "Phone": "2183458759",
                "Phase": "C",
                "Substation": "COTTON",
                "Map_location": "334010650",
                "PARCEL_NUMBER": null
            },
            "geometry": {
                "type": "Point",
                "coordinates": [
                    -92.4120320999999,
                    47.10479400000887
                ]
            }
        },
        {
            "type": "Feature",
            "properties": {
                "Name": "JAMES CHRISTOPHER F",
                "Address": "6938 LAKE ELORA DR",
                "Phone": "2183915495",
                "Phase": "C",
                "Substation": "COTTON",
                "Map_location": "334010648",
                "PARCEL_NUMBER": null
            },
            "geometry": {
                "type": "Point",
                "coordinates": [
                    -92.4108450499999,
                    47.10480581000888
                ]
            }
        },
        {
            "type": "Feature",
            "properties": {
                "Name": "TRIHEY THOMAS",
                "Address": "6934 LAKE ELORA DRIVE",
                "Phone": "5076355633",
                "Phase": "C",
                "Substation": "COTTON",
                "Map_location": "334010647",
                "PARCEL_NUMBER": null
            },
            "geometry": {
                "type": "Point",
                "coordinates": [
                    -92.4104339999638,
                    47.104947003589174
                ]
            }
        },
        {
            "type": "Feature",
            "properties": {
                "Name": "BURG LAURIE B",
                "Address": "6930 LAKE ELORA DRIVE",
                "Phone": "2183930194",
                "Phase": "C",
                "Substation": "COTTON",
                "Map_location": "334010646",
                "PARCEL_NUMBER": null
            },
            "geometry": {
                "type": "Point",
                "coordinates": [
                    -92.41024499996381,
                    47.10507100358922
                ]
            }
        },
        {
            "type": "Feature",
            "properties": {
                "Name": "LORENTZSON HAROLD C",
                "Address": "6922 LAKE ELORA DR",
                "Phone": "2183456553",
                "Phase": "C",
                "Substation": "COTTON",
                "Map_location": "334010645",
                "PARCEL_NUMBER": null
            },
            "geometry": {
                "type": "Point",
                "coordinates": [
                    -92.4096470999999,
                    47.10578900000889
                ]
            }
        },
        {
            "type": "Feature",
            "properties": {
                "Name": "DEROCHE RANDY",
                "Address": "6914 LK ELORA DR",
                "Phone": "2185901875",
                "Phase": "C",
                "Substation": "COTTON",
                "Map_location": "334010643",
                "PARCEL_NUMBER": null
            },
            "geometry": {
                "type": "Point",
                "coordinates": [
                    -92.4090306999999,
                    47.10568810000888
                ]
            }
        },
        {
            "type": "Feature",
            "properties": {
                "Name": "KOGLIN DAVID G",
                "Address": "6918 LAKE ELORA DR",
                "Phone": "2183434976",
                "Phase": "C",
                "Substation": "COTTON",
                "Map_location": "334010644",
                "PARCEL_NUMBER": null
            },
            "geometry": {
                "type": "Point",
                "coordinates": [
                    -92.4090593999999,
                    47.10529090000888
                ]
            }
        },
        {
            "type": "Feature",
            "properties": {
                "Name": "CLOSE TRACY L",
                "Address": "8198 LOON POINT RD",
                "Phone": "2185253655",
                "Phase": "C",
                "Substation": "COTTON",
                "Map_location": "334020623",
                "PARCEL_NUMBER": "365001006072.0"
            },
            "geometry": {
                "type": "Point",
                "coordinates": [
                    -92.4118517299999,
                    47.103912590008854
                ]
            }
        },
        {
            "type": "Feature",
            "properties": {
                "Name": "BRANDT JAMES W",
                "Address": "8204 LOON POINT RD",
                "Phone": "2183558258",
                "Phase": "C",
                "Substation": "COTTON",
                "Map_location": "334010649",
                "PARCEL_NUMBER": null
            },
            "geometry": {
                "type": "Point",
                "coordinates": [
                    -92.4116718899999,
                    47.104059560008885
                ]
            }
        },
        {
            "type": "Feature",
            "properties": {
                "Name": "SASS DIANE M",
                "Address": "8201 LOON POINT ROAD",
                "Phone": "7634387944",
                "Phase": "C",
                "Substation": "COTTON",
                "Map_location": "334020634",
                "PARCEL_NUMBER": null
            },
            "geometry": {
                "type": "Point",
                "coordinates": [
                    -92.4123193999999,
                    47.10385950000887
                ]
            }
        },
        {
            "type": "Feature",
            "properties": {
                "Name": "MICHALSKI JOHN D",
                "Address": "8189 LOON PT RD",
                "Phone": "2183483984",
                "Phase": "C",
                "Substation": "COTTON",
                "Map_location": "334020633",
                "PARCEL_NUMBER": null
            },
            "geometry": {
                "type": "Point",
                "coordinates": [
                    -92.41192454448934,
                    47.1031355684222
                ]
            }
        },
        {
            "type": "Feature",
            "properties": {
                "Name": "BUTLER JOSEPH C",
                "Address": "8179 LOON POINT ROAD",
                "Phone": "2189693179",
                "Phase": "C",
                "Substation": "COTTON",
                "Map_location": "334020632",
                "PARCEL_NUMBER": null
            },
            "geometry": {
                "type": "Point",
                "coordinates": [
                    -92.41364139999992,
                    47.10262960000887
                ]
            }
        },
        {
            "type": "Feature",
            "properties": {
                "Name": "SCHAFHAUSER JAMES J",
                "Address": "8176 LOON POINT ROAD",
                "Phone": "6122829821",
                "Phase": "C",
                "Substation": "COTTON",
                "Map_location": "334020630",
                "PARCEL_NUMBER": null
            },
            "geometry": {
                "type": "Point",
                "coordinates": [
                    -92.4131578699999,
                    47.102169890008874
                ]
            }
        },
        {
            "type": "Feature",
            "properties": {
                "Name": "HAMMANN PATRICK K",
                "Address": "8173 LOON POINT ROAD",
                "Phone": null,
                "Phase": "C",
                "Substation": "COTTON",
                "Map_location": "334020631",
                "PARCEL_NUMBER": null
            },
            "geometry": {
                "type": "Point",
                "coordinates": [
                    -92.4137234799999,
                    47.101910880008866
                ]
            }
        },
        {
            "type": "Feature",
            "properties": {
                "Name": "FULTON ROBERT C",
                "Address": "8190 LOON POINT ROAD",
                "Phone": "2187272434",
                "Phase": "C",
                "Substation": "COTTON",
                "Map_location": "334020629",
                "PARCEL_NUMBER": null
            },
            "geometry": {
                "type": "Point",
                "coordinates": [
                    -92.4119390999999,
                    47.103077600008874
                ]
            }
        },
        {
            "type": "Feature",
            "properties": {
                "Name": "BRANDT KAREN MARIE",
                "Address": "8196 LOON PT RD",
                "Phone": "2185919817",
                "Phase": "C",
                "Substation": "COTTON",
                "Map_location": "334020636",
                "PARCEL_NUMBER": null
            },
            "geometry": {
                "type": "Point",
                "coordinates": [
                    -92.4119642999999,
                    47.103085800008884
                ]
            }
        },
        {
            "type": "Feature",
            "properties": {
                "Name": "NELSON DARRELL L",
                "Address": "6952 LAKE ELORA DR",
                "Phone": "2183456657",
                "Phase": "C",
                "Substation": "COTTON",
                "Map_location": "334010652",
                "PARCEL_NUMBER": null
            },
            "geometry": {
                "type": "Point",
                "coordinates": [
                    -92.4130559999999,
                    47.10513410000888
                ]
            }
        },
        {
            "type": "Feature",
            "properties": {
                "Name": "RYAN RICHARD JAMES",
                "Address": "6946 LAKE ELORA DR",
                "Phone": "6122109882",
                "Phase": "C",
                "Substation": "COTTON",
                "Map_location": "334010651",
                "PARCEL_NUMBER": null
            },
            "geometry": {
                "type": "Point",
                "coordinates": [
                    -92.4130151999999,
                    47.105154500008865
                ]
            }
        },
        {
            "type": "Feature",
            "properties": {
                "Name": "SAVER KORY M",
                "Address": "6912 LK ELORA DR",
                "Phone": "2185903549",
                "Phase": "C",
                "Substation": "COTTON",
                "Map_location": "334010642",
                "PARCEL_NUMBER": null
            },
            "geometry": {
                "type": "Point",
                "coordinates": [
                    -92.4086008699999,
                    47.10553116000886
                ]
            }
        },
        {
            "type": "Feature",
            "properties": {
                "Name": "GRONSETH KURT ROBERT",
                "Address": "6910 LAKE ELORA DR",
                "Phone": "2185901988",
                "Phase": "C",
                "Substation": "COTTON",
                "Map_location": "334010529",
                "PARCEL_NUMBER": null
            },
            "geometry": {
                "type": "Point",
                "coordinates": [
                    -92.4080488999999,
                    47.105605900008875
                ]
            }
        },
        {
            "type": "Feature",
            "properties": {
                "Name": "ROSATI JAMES",
                "Address": "6902 LAKE ELORA DRIVE",
                "Phone": "2187247354",
                "Phase": "C",
                "Substation": "COTTON",
                "Map_location": "334010532",
                "PARCEL_NUMBER": null
            },
            "geometry": {
                "type": "Point",
                "coordinates": [
                    -92.4071975899999,
                    47.106043600008874
                ]
            }
        },
        {
            "type": "Feature",
            "properties": {
                "Name": "LOWRY WILLIAM E",
                "Address": "6906 LAKE ELORA DR",
                "Phone": "2189697219",
                "Phase": "C",
                "Substation": "COTTON",
                "Map_location": "334010531",
                "PARCEL_NUMBER": "673005000710.0"
            },
            "geometry": {
                "type": "Point",
                "coordinates": [
                    -92.4081800099999,
                    47.106173400008885
                ]
            }
        },
        {
            "type": "Feature",
            "properties": {
                "Name": "DALLUM MARCUS J",
                "Address": "6908 LAKE ELORA DRIVE",
                "Phone": "2182605707",
                "Phase": "C",
                "Substation": "COTTON",
                "Map_location": "334010530",
                "PARCEL_NUMBER": null
            },
            "geometry": {
                "type": "Point",
                "coordinates": [
                    -92.4079212999999,
                    47.105601800008884
                ]
            }
        },
        {
            "type": "Feature",
            "properties": {
                "Name": "ELDEN STEVEN",
                "Address": "6896 LK ELORA DR",
                "Phone": "2183492475",
                "Phase": "C",
                "Substation": "COTTON",
                "Map_location": "334010533",
                "PARCEL_NUMBER": null
            },
            "geometry": {
                "type": "Point",
                "coordinates": [
                    -92.4081444999999,
                    47.10652270000889
                ]
            }
        },
        {
            "type": "Feature",
            "properties": {
                "Name": "BOHLANDER GRACE C",
                "Address": "6894 LK ELORA DR",
                "Phone": "2183458039",
                "Phase": "C",
                "Substation": "COTTON",
                "Map_location": "334010534",
                "PARCEL_NUMBER": null
            },
            "geometry": {
                "type": "Point",
                "coordinates": [
                    -92.4072952299999,
                    47.10656866000887
                ]
            }
        },
        {
            "type": "Feature",
            "properties": {
                "Name": "SODERBERG DARYL",
                "Address": "6882 LAKE ELORA DR",
                "Phone": "2183402620",
                "Phase": "C",
                "Substation": "COTTON",
                "Map_location": "334010538",
                "PARCEL_NUMBER": "673005000860.0"
            },
            "geometry": {
                "type": "Point",
                "coordinates": [
                    -92.4071960399999,
                    47.107192790008874
                ]
            }
        },
        {
            "type": "Feature",
            "properties": {
                "Name": "WESTENDORF GORDON A",
                "Address": "6884 LAKE ELORA DR",
                "Phone": "2185918587",
                "Phase": "C",
                "Substation": "COTTON",
                "Map_location": "334010537",
                "PARCEL_NUMBER": null
            },
            "geometry": {
                "type": "Point",
                "coordinates": [
                    -92.4071731599999,
                    47.10707219000888
                ]
            }
        },
        {
            "type": "Feature",
            "properties": {
                "Name": "PICCONATTO J",
                "Address": "6872 LAKE ELORA DR",
                "Phone": "7634397589",
                "Phase": "C",
                "Substation": "COTTON",
                "Map_location": "334010542",
                "PARCEL_NUMBER": null
            },
            "geometry": {
                "type": "Point",
                "coordinates": [
                    -92.4072862999999,
                    47.108010600008875
                ]
            }
        },
        {
            "type": "Feature",
            "properties": {
                "Name": "MONTGOMERY CARLA JOY",
                "Address": "6876 LAKE ELORA DR",
                "Phone": null,
                "Phase": "C",
                "Substation": "COTTON",
                "Map_location": "334010540",
                "PARCEL_NUMBER": null
            },
            "geometry": {
                "type": "Point",
                "coordinates": [
                    -92.4068887899999,
                    47.10757467000888
                ]
            }
        },
        {
            "type": "Feature",
            "properties": {
                "Name": "BROCK EMELINE",
                "Address": "6878 LAKE ELORA DR",
                "Phone": "2184647207",
                "Phase": "C",
                "Substation": "COTTON",
                "Map_location": "334010555",
                "PARCEL_NUMBER": null
            },
            "geometry": {
                "type": "Point",
                "coordinates": [
                    -92.4070079135237,
                    47.10745065149151
                ]
            }
        },
        {
            "type": "Feature",
            "properties": {
                "Name": "SANDSTROM LEE D",
                "Address": "6892 LAKE ELORA DR",
                "Phone": "2183104976",
                "Phase": "C",
                "Substation": "COTTON",
                "Map_location": "334010535",
                "PARCEL_NUMBER": null
            },
            "geometry": {
                "type": "Point",
                "coordinates": [
                    -92.4075193999999,
                    47.106994200008884
                ]
            }
        },
        {
            "type": "Feature",
            "properties": {
                "Name": "RODEN MARY KAY",
                "Address": "6874 LAKE ELORA DR",
                "Phone": "2184285693",
                "Phase": "C",
                "Substation": "COTTON",
                "Map_location": "334010541",
                "PARCEL_NUMBER": null
            },
            "geometry": {
                "type": "Point",
                "coordinates": [
                    -92.4072696999999,
                    47.10800220000887
                ]
            }
        },
        {
            "type": "Feature",
            "properties": {
                "Name": "PRICE MICHAEL",
                "Address": "6866 LK ELORA DR",
                "Phone": "2187295753",
                "Phase": "C",
                "Substation": "COTTON",
                "Map_location": "334010543",
                "PARCEL_NUMBER": null
            },
            "geometry": {
                "type": "Point",
                "coordinates": [
                    -92.4066533999999,
                    47.108195500008875
                ]
            }
        },
        {
            "type": "Feature",
            "properties": {
                "Name": "CRANDALL DWAIN D",
                "Address": "6850 LAKE ELORA DR",
                "Phone": "2183456279",
                "Phase": "C",
                "Substation": "COTTON",
                "Map_location": "334010545",
                "PARCEL_NUMBER": "673005000970.0"
            },
            "geometry": {
                "type": "Point",
                "coordinates": [
                    -92.4061302999999,
                    47.109011000008884
                ]
            }
        },
        {
            "type": "Feature",
            "properties": {
                "Name": "CRANDALL DWAIN D",
                "Address": "6850 LAKE ELORA DR",
                "Phone": "2183456279",
                "Phase": "C",
                "Substation": "COTTON",
                "Map_location": "334010545",
                "PARCEL_NUMBER": "673005001000.0"
            },
            "geometry": {
                "type": "Point",
                "coordinates": [
                    -92.4061302999999,
                    47.109011000008884
                ]
            }
        },
        {
            "type": "Feature",
            "properties": {
                "Name": "E & J REALTY LLC",
                "Address": "6848 LK ELORA DR",
                "Phone": "2183900151",
                "Phase": "C",
                "Substation": "COTTON",
                "Map_location": "334010546",
                "PARCEL_NUMBER": null
            },
            "geometry": {
                "type": "Point",
                "coordinates": [
                    -92.4050785299999,
                    47.10933139000888
                ]
            }
        },
        {
            "type": "Feature",
            "properties": {
                "Name": "WESTENDORF GORDON A",
                "Address": "6842 LAKE ELORA",
                "Phone": "2185918587",
                "Phase": "C",
                "Substation": "COTTON",
                "Map_location": "334010547",
                "PARCEL_NUMBER": null
            },
            "geometry": {
                "type": "Point",
                "coordinates": [
                    -92.4046520599999,
                    47.109245740008866
                ]
            }
        },
        {
            "type": "Feature",
            "properties": {
                "Name": "FILIATRAULT LAINE JEANNE MA",
                "Address": "6865 ELORA LK DR",
                "Phone": "2183939071",
                "Phase": "C",
                "Substation": "COTTON",
                "Map_location": "334010550",
                "PARCEL_NUMBER": null
            },
            "geometry": {
                "type": "Point",
                "coordinates": [
                    -92.40525099999991,
                    47.10999700000889
                ]
            }
        },
        {
            "type": "Feature",
            "properties": {
                "Name": "HONDL LUNETTE",
                "Address": "6816 LK ELORA DR",
                "Phone": "7012604124",
                "Phase": "C",
                "Substation": "COTTON",
                "Map_location": "334010551",
                "PARCEL_NUMBER": null
            },
            "geometry": {
                "type": "Point",
                "coordinates": [
                    -92.4016059999999,
                    47.11073750000889
                ]
            }
        },
        {
            "type": "Feature",
            "properties": {
                "Name": "FULDA TERRY L",
                "Address": "6808 LK ELORA DR",
                "Phone": "2183481019",
                "Phase": "C",
                "Substation": "COTTON",
                "Map_location": "334010552",
                "PARCEL_NUMBER": null
            },
            "geometry": {
                "type": "Point",
                "coordinates": [
                    -92.4004014999999,
                    47.11084120000888
                ]
            }
        },
        {
            "type": "Feature",
            "properties": {
                "Name": "PETERSON JASON T",
                "Address": "6802 LAKE ELORA DR",
                "Phone": "7632263630",
                "Phase": "C",
                "Substation": "COTTON",
                "Map_location": "334010553",
                "PARCEL_NUMBER": null
            },
            "geometry": {
                "type": "Point",
                "coordinates": [
                    -92.3986062999999,
                    47.110154100008884
                ]
            }
        },
        {
            "type": "Feature",
            "properties": {
                "Name": "ERICKSON RAYMOND L",
                "Address": "6858 LK ELORA DR",
                "Phone": "2187247698",
                "Phase": "C",
                "Substation": "COTTON",
                "Map_location": "334010544",
                "PARCEL_NUMBER": null
            },
            "geometry": {
                "type": "Point",
                "coordinates": [
                    -92.4059450299999,
                    47.10898163000888
                ]
            }
        },
        {
            "type": "Feature",
            "properties": {
                "Name": "MOREN JOHN JAMES",
                "Address": "7017 THREE LAKES RD",
                "Phone": "2183458281",
                "Phase": "C",
                "Substation": "COTTON",
                "Map_location": "334000601",
                "PARCEL_NUMBER": null
            },
            "geometry": {
                "type": "Point",
                "coordinates": [
                    -92.42260779999991,
                    47.09801240000888
                ]
            }
        },
        {
            "type": "Feature",
            "properties": {
                "Name": "SIMMEN GEORGE JOSEPH",
                "Address": "7001 ELM LANE",
                "Phone": "2185908598",
                "Phase": "C",
                "Substation": "COTTON",
                "Map_location": "334020627",
                "PARCEL_NUMBER": null
            },
            "geometry": {
                "type": "Point",
                "coordinates": [
                    -92.4185596999999,
                    47.09901290000887
                ]
            }
        },
        {
            "type": "Feature",
            "properties": {
                "Name": "KRUSZ DANIEL STEVEN",
                "Address": "6958 THREE LAKES RD",
                "Phone": "2184094031",
                "Phase": "C",
                "Substation": "COTTON",
                "Map_location": "334000703",
                "PARCEL_NUMBER": "673001000972.0"
            },
            "geometry": {
                "type": "Point",
                "coordinates": [
                    -92.41655459999991,
                    47.09665820000887
                ]
            }
        },
        {
            "type": "Feature",
            "properties": {
                "Name": "GULLAND ERIC D",
                "Address": "6917 THREE LAKES RD",
                "Phone": "2185913737",
                "Phase": "C",
                "Substation": "COTTON",
                "Map_location": "334020619",
                "PARCEL_NUMBER": "10336002390.0"
            },
            "geometry": {
                "type": "Point",
                "coordinates": [
                    -92.4111521799999,
                    47.096834030008864
                ]
            }
        },
        {
            "type": "Feature",
            "properties": {
                "Name": "GULLAND ERIC D",
                "Address": "6917 THREE LAKES RD",
                "Phone": "2185913737",
                "Phase": "C",
                "Substation": "COTTON",
                "Map_location": "334020619",
                "PARCEL_NUMBER": "10336002030.0"
            },
            "geometry": {
                "type": "Point",
                "coordinates": [
                    -92.4111521799999,
                    47.096834030008864
                ]
            }
        },
        {
            "type": "Feature",
            "properties": {
                "Name": "JOHNSON PAUL STEVEN",
                "Address": "8112 POMANDER WALK",
                "Phone": "6122506382",
                "Phase": "C",
                "Substation": "COTTON",
                "Map_location": "334020616",
                "PARCEL_NUMBER": null
            },
            "geometry": {
                "type": "Point",
                "coordinates": [
                    -92.4116812408968,
                    47.09752838646798
                ]
            }
        },
        {
            "type": "Feature",
            "properties": {
                "Name": "JOHNSON RUSSELL C",
                "Address": "8114 POMANDER WALK RD",
                "Phone": "2186281437",
                "Phase": "C",
                "Substation": "COTTON",
                "Map_location": "334020615",
                "PARCEL_NUMBER": null
            },
            "geometry": {
                "type": "Point",
                "coordinates": [
                    -92.41168157744387,
                    47.0980398763625
                ]
            }
        },
        {
            "type": "Feature",
            "properties": {
                "Name": "SCHNEIDERMAN LARRY A",
                "Address": "8118 POMANDER WALK RD",
                "Phone": "6127510937",
                "Phase": "C",
                "Substation": "COTTON",
                "Map_location": "334020622",
                "PARCEL_NUMBER": null
            },
            "geometry": {
                "type": "Point",
                "coordinates": [
                    -92.4113845899999,
                    47.09834799000886
                ]
            }
        },
        {
            "type": "Feature",
            "properties": {
                "Name": "HALVERSON DUANE ALAN",
                "Address": "8120 POMANDER WALK",
                "Phone": "2185919913",
                "Phase": "C",
                "Substation": "COTTON",
                "Map_location": "334020614",
                "PARCEL_NUMBER": null
            },
            "geometry": {
                "type": "Point",
                "coordinates": [
                    -92.41120851449456,
                    47.09855223374855
                ]
            }
        },
        {
            "type": "Feature",
            "properties": {
                "Name": "STAM SHAWN",
                "Address": "8124 POMANDER WALK",
                "Phone": "7014123912",
                "Phase": "C",
                "Substation": "COTTON",
                "Map_location": "334020605",
                "PARCEL_NUMBER": null
            },
            "geometry": {
                "type": "Point",
                "coordinates": [
                    -92.41126471423628,
                    47.09865253381642
                ]
            }
        },
        {
            "type": "Feature",
            "properties": {
                "Name": "KORPI JOHN T",
                "Address": "8130 POMANDER WALK",
                "Phone": "7852940235",
                "Phase": "C",
                "Substation": "COTTON",
                "Map_location": "334020626",
                "PARCEL_NUMBER": null
            },
            "geometry": {
                "type": "Point",
                "coordinates": [
                    -92.41269501342735,
                    47.09902103557181
                ]
            }
        },
        {
            "type": "Feature",
            "properties": {
                "Name": "CARLSON JULIE",
                "Address": "8134 POMANDER WALK RD",
                "Phone": "2183456852",
                "Phase": "C",
                "Substation": "COTTON",
                "Map_location": "334020624",
                "PARCEL_NUMBER": "673003000230.0"
            },
            "geometry": {
                "type": "Point",
                "coordinates": [
                    -92.41275681186781,
                    47.09961463564021
                ]
            }
        },
        {
            "type": "Feature",
            "properties": {
                "Name": "CARLSON JULIE",
                "Address": "8134 POMANDER WALK RD",
                "Phone": "2183456852",
                "Phase": "C",
                "Substation": "COTTON",
                "Map_location": "334020624",
                "PARCEL_NUMBER": "673003000240.0"
            },
            "geometry": {
                "type": "Point",
                "coordinates": [
                    -92.41275681186781,
                    47.09961463564021
                ]
            }
        },
        {
            "type": "Feature",
            "properties": {
                "Name": "HANSON BART E",
                "Address": "8135 POMANDER WALK RD",
                "Phone": "6122016661",
                "Phase": "C",
                "Substation": "COTTON",
                "Map_location": "334020603",
                "PARCEL_NUMBER": null
            },
            "geometry": {
                "type": "Point",
                "coordinates": [
                    -92.41288241315637,
                    47.099131835801
                ]
            }
        },
        {
            "type": "Feature",
            "properties": {
                "Name": "HUSBY RICHARD",
                "Address": "6963 ELM LN",
                "Phone": "2184643786",
                "Phase": "C",
                "Substation": "COTTON",
                "Map_location": "334020607",
                "PARCEL_NUMBER": null
            },
            "geometry": {
                "type": "Point",
                "coordinates": [
                    -92.41469599999992,
                    47.09816810000886
                ]
            }
        },
        {
            "type": "Feature",
            "properties": {
                "Name": "KERO MARY E",
                "Address": "6973 ELM LANE DODO",
                "Phone": "2183910820",
                "Phase": "C",
                "Substation": "COTTON",
                "Map_location": "334020608",
                "PARCEL_NUMBER": null
            },
            "geometry": {
                "type": "Point",
                "coordinates": [
                    -92.41556408999992,
                    47.098483620008864
                ]
            }
        },
        {
            "type": "Feature",
            "properties": {
                "Name": "BOBEN SANDRA J",
                "Address": "6975 ELM LANE DODO",
                "Phone": "2186241928",
                "Phase": "C",
                "Substation": "COTTON",
                "Map_location": "334020621",
                "PARCEL_NUMBER": null
            },
            "geometry": {
                "type": "Point",
                "coordinates": [
                    -92.41580549999992,
                    47.09892160000885
                ]
            }
        },
        {
            "type": "Feature",
            "properties": {
                "Name": "OLSON BRIAN S",
                "Address": "6977 ELM LANE",
                "Phone": null,
                "Phase": "C",
                "Substation": "COTTON",
                "Map_location": "334020620",
                "PARCEL_NUMBER": null
            },
            "geometry": {
                "type": "Point",
                "coordinates": [
                    -92.4159425899999,
                    47.09886201000887
                ]
            }
        },
        {
            "type": "Feature",
            "properties": {
                "Name": "HILL THEODORE W",
                "Address": "6981 ELM LANE",
                "Phone": "2183939243",
                "Phase": "C",
                "Substation": "COTTON",
                "Map_location": "334020609",
                "PARCEL_NUMBER": null
            },
            "geometry": {
                "type": "Point",
                "coordinates": [
                    -92.4163288999999,
                    47.09934160000886
                ]
            }
        },
        {
            "type": "Feature",
            "properties": {
                "Name": "FRISELL JAMES A",
                "Address": "6983 ELM LN",
                "Phone": "6122705694",
                "Phase": "C",
                "Substation": "COTTON",
                "Map_location": "334020610",
                "PARCEL_NUMBER": null
            },
            "geometry": {
                "type": "Point",
                "coordinates": [
                    -92.41658154999992,
                    47.09934273000887
                ]
            }
        },
        {
            "type": "Feature",
            "properties": {
                "Name": "LINDSTROM KIMBERLY D",
                "Address": "6985 ELM LANE DODO LAKE",
                "Phone": "2183458000",
                "Phase": "C",
                "Substation": "COTTON",
                "Map_location": "334020611",
                "PARCEL_NUMBER": null
            },
            "geometry": {
                "type": "Point",
                "coordinates": [
                    -92.4169492799999,
                    47.09942290000887
                ]
            }
        },
        {
            "type": "Feature",
            "properties": {
                "Name": "FRISELL JAMES A",
                "Address": "6987 ELM LN",
                "Phone": "6122705694",
                "Phase": "C",
                "Substation": "COTTON",
                "Map_location": "334020625",
                "PARCEL_NUMBER": null
            },
            "geometry": {
                "type": "Point",
                "coordinates": [
                    -92.41729981867294,
                    47.09896549326121
                ]
            }
        },
        {
            "type": "Feature",
            "properties": {
                "Name": "SIMMEN GEORGE JOSEPH",
                "Address": "7001 ELM LN",
                "Phone": "2185908598",
                "Phase": "C",
                "Substation": "COTTON",
                "Map_location": "334020613",
                "PARCEL_NUMBER": "660001000530.0"
            },
            "geometry": {
                "type": "Point",
                "coordinates": [
                    -92.41831749999992,
                    47.09920837000886
                ]
            }
        },
        {
            "type": "Feature",
            "properties": {
                "Name": "SIMMEN GEORGE JOSEPH",
                "Address": "7001 ELM LN",
                "Phone": "2185908598",
                "Phase": "C",
                "Substation": "COTTON",
                "Map_location": "334020613",
                "PARCEL_NUMBER": "673001000930.0"
            },
            "geometry": {
                "type": "Point",
                "coordinates": [
                    -92.41831749999992,
                    47.09920837000886
                ]
            }
        },
        {
            "type": "Feature",
            "properties": {
                "Name": "LTMAN FAMILY CABI N LLC",
                "Address": "6999 ELM LANE",
                "Phone": "9529136375",
                "Phase": "C",
                "Substation": "COTTON",
                "Map_location": "334020612",
                "PARCEL_NUMBER": null
            },
            "geometry": {
                "type": "Point",
                "coordinates": [
                    -92.4182955899999,
                    47.09925779000886
                ]
            }
        },
        {
            "type": "Feature",
            "properties": {
                "Name": "HAUGE KIM K",
                "Address": "8147 POMANDER WALK RD",
                "Phone": "2182600082",
                "Phase": "C",
                "Substation": "COTTON",
                "Map_location": "334020628",
                "PARCEL_NUMBER": "673003000380.0"
            },
            "geometry": {
                "type": "Point",
                "coordinates": [
                    -92.41287921080658,
                    47.10002203578559
                ]
            }
        },
        {
            "type": "Feature",
            "properties": {
                "Name": "HAUGE KIM K",
                "Address": "8147 POMANDER WALK RD",
                "Phone": "2182600082",
                "Phase": "C",
                "Substation": "COTTON",
                "Map_location": "334020628",
                "PARCEL_NUMBER": "673003000180.0"
            },
            "geometry": {
                "type": "Point",
                "coordinates": [
                    -92.41287921080658,
                    47.10002203578559
                ]
            }
        },
        {
            "type": "Feature",
            "properties": {
                "Name": "HANSEN BRIAN K",
                "Address": "8141 POMANDER WALK",
                "Phone": "2183431545",
                "Phase": "C",
                "Substation": "COTTON",
                "Map_location": "334020602",
                "PARCEL_NUMBER": null
            },
            "geometry": {
                "type": "Point",
                "coordinates": [
                    -92.41284081097955,
                    47.0999548357392
                ]
            }
        },
        {
            "type": "Feature",
            "properties": {
                "Name": "HALEY LINDA C",
                "Address": "8136 POMANDER WALK RD",
                "Phone": "6517777947",
                "Phase": "C",
                "Substation": "COTTON",
                "Map_location": "334020601",
                "PARCEL_NUMBER": null
            },
            "geometry": {
                "type": "Point",
                "coordinates": [
                    -92.41278081203603,
                    47.09955193567054
                ]
            }
        },
        {
            "type": "Feature",
            "properties": {
                "Name": "SPREITZER JAMES",
                "Address": "8119 POMANDER WALK",
                "Phone": "2187246973",
                "Phase": "C",
                "Substation": "COTTON",
                "Map_location": "334020606",
                "PARCEL_NUMBER": null
            },
            "geometry": {
                "type": "Point",
                "coordinates": [
                    -92.41290911315599,
                    47.099133135833846
                ]
            }
        },
        {
            "type": "Feature",
            "properties": {
                "Name": "MADILL WILLIAM P",
                "Address": "6915 THREE LAKES ROAD",
                "Phone": "2184648638",
                "Phase": "C",
                "Substation": "COTTON",
                "Map_location": "334020617",
                "PARCEL_NUMBER": null
            },
            "geometry": {
                "type": "Point",
                "coordinates": [
                    -92.4106941799999,
                    47.09683360000886
                ]
            }
        },
        {
            "type": "Feature",
            "properties": {
                "Name": "THOM DENISE E",
                "Address": "6909 THREE LAKES RD",
                "Phone": "5073303353",
                "Phase": "C",
                "Substation": "COTTON",
                "Map_location": "334020618",
                "PARCEL_NUMBER": "673003000330.0"
            },
            "geometry": {
                "type": "Point",
                "coordinates": [
                    -92.4101725099999,
                    47.096811130008874
                ]
            }
        },
        {
            "type": "Feature",
            "properties": {
                "Name": "BUTTON BUCK LODGE",
                "Address": "6904 THREE LAKES RD",
                "Phone": "2183938803",
                "Phase": "C",
                "Substation": "COTTON",
                "Map_location": "334000701",
                "PARCEL_NUMBER": null
            },
            "geometry": {
                "type": "Point",
                "coordinates": [
                    -92.4091052999999,
                    47.09605770000888
                ]
            }
        },
        {
            "type": "Feature",
            "properties": {
                "Name": "RUHANEN STEVE",
                "Address": "6896 THREE LAKES RD",
                "Phone": "2187213532",
                "Phase": "C",
                "Substation": "COTTON",
                "Map_location": "334000801",
                "PARCEL_NUMBER": null
            },
            "geometry": {
                "type": "Point",
                "coordinates": [
                    -92.4077271699999,
                    47.09640830000887
                ]
            }
        },
        {
            "type": "Feature",
            "properties": {
                "Name": "TOMAN DAVE",
                "Address": "6889 THREE LKS RD",
                "Phone": "6507147967",
                "Phase": "C",
                "Substation": "COTTON",
                "Map_location": "334020635",
                "PARCEL_NUMBER": null
            },
            "geometry": {
                "type": "Point",
                "coordinates": [
                    -92.4071162999999,
                    47.09691970000886
                ]
            }
        },
        {
            "type": "Feature",
            "properties": {
                "Name": "PETERSON BRIAN M",
                "Address": "6871 WINKLE LANE",
                "Phone": "6127997934",
                "Phase": "C",
                "Substation": "COTTON",
                "Map_location": "334020515",
                "PARCEL_NUMBER": null
            },
            "geometry": {
                "type": "Point",
                "coordinates": [
                    -92.4060625999999,
                    47.09719287000886
                ]
            }
        },
        {
            "type": "Feature",
            "properties": {
                "Name": "STADELMAN KELLY SUZANNE",
                "Address": "6867 WINKEL LN",
                "Phone": "6512610691",
                "Phase": "C",
                "Substation": "COTTON",
                "Map_location": "334020525",
                "PARCEL_NUMBER": null
            },
            "geometry": {
                "type": "Point",
                "coordinates": [
                    -92.4055638399999,
                    47.09790350000887
                ]
            }
        },
        {
            "type": "Feature",
            "properties": {
                "Name": "FERDIG BRENT ALLEN",
                "Address": "6865 WINKLE LANE",
                "Phone": "7637860560",
                "Phase": "C",
                "Substation": "COTTON",
                "Map_location": "334020514",
                "PARCEL_NUMBER": null
            },
            "geometry": {
                "type": "Point",
                "coordinates": [
                    -92.4052447599999,
                    47.09816484000888
                ]
            }
        },
        {
            "type": "Feature",
            "properties": {
                "Name": "JOHNSON GLEN",
                "Address": "6861 WINKLE LANE",
                "Phone": "2186244136",
                "Phase": "C",
                "Substation": "COTTON",
                "Map_location": "334020518",
                "PARCEL_NUMBER": null
            },
            "geometry": {
                "type": "Point",
                "coordinates": [
                    -92.4051879999999,
                    47.09829900000887
                ]
            }
        },
        {
            "type": "Feature",
            "properties": {
                "Name": "ERKKILA RONALD R",
                "Address": "6853 WINKEL LN",
                "Phone": "2188795197",
                "Phase": "C",
                "Substation": "COTTON",
                "Map_location": "334020519",
                "PARCEL_NUMBER": null
            },
            "geometry": {
                "type": "Point",
                "coordinates": [
                    -92.4049478999999,
                    47.09859380000887
                ]
            }
        },
        {
            "type": "Feature",
            "properties": {
                "Name": "BERG RHONDA",
                "Address": "6849 WINKLE LANE",
                "Phone": "2183917939",
                "Phase": "C",
                "Substation": "COTTON",
                "Map_location": "334020513",
                "PARCEL_NUMBER": null
            },
            "geometry": {
                "type": "Point",
                "coordinates": [
                    -92.40440804106186,
                    47.09891335762116
                ]
            }
        },
        {
            "type": "Feature",
            "properties": {
                "Name": "OSBORNE JOAN E",
                "Address": "6841 WINKLE LANE",
                "Phone": "6107551389",
                "Phase": "C",
                "Substation": "COTTON",
                "Map_location": "334020512",
                "PARCEL_NUMBER": null
            },
            "geometry": {
                "type": "Point",
                "coordinates": [
                    -92.4043116999999,
                    47.09912890000887
                ]
            }
        },
        {
            "type": "Feature",
            "properties": {
                "Name": "PETERSON KEVIN",
                "Address": "6837 WINKLE LANE",
                "Phone": "2183487755",
                "Phase": "C",
                "Substation": "COTTON",
                "Map_location": "334020511",
                "PARCEL_NUMBER": null
            },
            "geometry": {
                "type": "Point",
                "coordinates": [
                    -92.40393907711349,
                    47.0994782344442
                ]
            }
        },
        {
            "type": "Feature",
            "properties": {
                "Name": "Customer not found in Customer Table \n(Check with Billing)",
                "Address": null,
                "Phone": null,
                "Phase": "C",
                "Substation": "COTTON",
                "Map_location": "334020507",
                "PARCEL_NUMBER": null
            },
            "geometry": {
                "type": "Point",
                "coordinates": [
                    -92.40217054741416,
                    47.100511407279974
                ]
            }
        },
        {
            "type": "Feature",
            "properties": {
                "Name": "HARTEL DANIEL",
                "Address": "6817 WINKLE LANE",
                "Phone": "2185907050",
                "Phase": "C",
                "Substation": "COTTON",
                "Map_location": "334020508",
                "PARCEL_NUMBER": null
            },
            "geometry": {
                "type": "Point",
                "coordinates": [
                    -92.4022414299999,
                    47.100305870008874
                ]
            }
        },
        {
            "type": "Feature",
            "properties": {
                "Name": "PAULSON MARK",
                "Address": "6813 WINKLE LANE",
                "Phone": "2187300257",
                "Phase": "C",
                "Substation": "COTTON",
                "Map_location": "334020506",
                "PARCEL_NUMBER": null
            },
            "geometry": {
                "type": "Point",
                "coordinates": [
                    -92.4016679499999,
                    47.10069278000887
                ]
            }
        },
        {
            "type": "Feature",
            "properties": {
                "Name": "ZBARACKI THOMAS",
                "Address": "6805 WINKLE LN",
                "Phone": "2187275988",
                "Phase": "C",
                "Substation": "COTTON",
                "Map_location": "334020528",
                "PARCEL_NUMBER": null
            },
            "geometry": {
                "type": "Point",
                "coordinates": [
                    -92.4013650899999,
                    47.10092769000886
                ]
            }
        },
        {
            "type": "Feature",
            "properties": {
                "Name": "CHARTIER THOMAS",
                "Address": "6808 WINKLE LANE",
                "Phone": null,
                "Phase": "C",
                "Substation": "COTTON",
                "Map_location": "334020505",
                "PARCEL_NUMBER": null
            },
            "geometry": {
                "type": "Point",
                "coordinates": [
                    -92.4011409999999,
                    47.10069050000887
                ]
            }
        },
        {
            "type": "Feature",
            "properties": {
                "Name": "GLASS DIANA L",
                "Address": "6821 WINKLE LANE",
                "Phone": "7634344907",
                "Phase": "C",
                "Substation": "COTTON",
                "Map_location": "334020529",
                "PARCEL_NUMBER": null
            },
            "geometry": {
                "type": "Point",
                "coordinates": [
                    -92.40255508999991,
                    47.100256390008866
                ]
            }
        },
        {
            "type": "Feature",
            "properties": {
                "Name": "JOHNSON BROOK J",
                "Address": "6799 WINKLE LN",
                "Phone": "2185253156",
                "Phase": "C",
                "Substation": "COTTON",
                "Map_location": "334020516",
                "PARCEL_NUMBER": null
            },
            "geometry": {
                "type": "Point",
                "coordinates": [
                    -92.40079261000746,
                    47.10131562000889
                ]
            }
        },
        {
            "type": "Feature",
            "properties": {
                "Name": "KAUFMAN WAYNE I",
                "Address": "6797 WINKLE LANE",
                "Phone": "5152313955",
                "Phase": "C",
                "Substation": "COTTON",
                "Map_location": "334020503",
                "PARCEL_NUMBER": null
            },
            "geometry": {
                "type": "Point",
                "coordinates": [
                    -92.4007927099999,
                    47.101320320008874
                ]
            }
        },
        {
            "type": "Feature",
            "properties": {
                "Name": "PUCKETT LYNDA MARIE",
                "Address": "6793 WINKLE LANE",
                "Phone": "2185912482",
                "Phase": "C",
                "Substation": "COTTON",
                "Map_location": "334020520",
                "PARCEL_NUMBER": null
            },
            "geometry": {
                "type": "Point",
                "coordinates": [
                    -92.40040204457617,
                    47.1011683609302
                ]
            }
        },
        {
            "type": "Feature",
            "properties": {
                "Name": "CAMPBELL BRIAN ROBERT",
                "Address": "6789 WINKLE LANE -CABIN BY LAK",
                "Phone": "2183271813",
                "Phase": "C",
                "Substation": "COTTON",
                "Map_location": "334020502",
                "PARCEL_NUMBER": null
            },
            "geometry": {
                "type": "Point",
                "coordinates": [
                    -92.3998612599999,
                    47.101807230008866
                ]
            }
        },
        {
            "type": "Feature",
            "properties": {
                "Name": "MAUS BRENDA S",
                "Address": "6755 WINKLE LANE",
                "Phone": "2183436033",
                "Phase": "C",
                "Substation": "COTTON",
                "Map_location": "334020522",
                "PARCEL_NUMBER": null
            },
            "geometry": {
                "type": "Point",
                "coordinates": [
                    -92.397872435933,
                    47.1029748437878
                ]
            }
        },
        {
            "type": "Feature",
            "properties": {
                "Name": "SHAW THOMAS L",
                "Address": "6751 WINKLE LANE",
                "Phone": "2187298823",
                "Phase": "C",
                "Substation": "COTTON",
                "Map_location": "334020527",
                "PARCEL_NUMBER": null
            },
            "geometry": {
                "type": "Point",
                "coordinates": [
                    -92.39668126464831,
                    47.10339683328187
                ]
            }
        },
        {
            "type": "Feature",
            "properties": {
                "Name": "JOHNSON BEV L",
                "Address": "6774 WINKLE LN",
                "Phone": "2186243425",
                "Phase": "C",
                "Substation": "COTTON",
                "Map_location": "334020501",
                "PARCEL_NUMBER": null
            },
            "geometry": {
                "type": "Point",
                "coordinates": [
                    -92.3984547899999,
                    47.102012470008866
                ]
            }
        },
        {
            "type": "Feature",
            "properties": {
                "Name": "KOLU ABRAHAM R",
                "Address": "6782 WINKLE LANE",
                "Phone": "2182908453",
                "Phase": "C",
                "Substation": "COTTON",
                "Map_location": "334020524",
                "PARCEL_NUMBER": null
            },
            "geometry": {
                "type": "Point",
                "coordinates": [
                    -92.39933206128933,
                    47.10186251914891
                ]
            }
        },
        {
            "type": "Feature",
            "properties": {
                "Name": "KAUFMAN WAYNE I",
                "Address": "6797 WINKLE LANE GARAGE",
                "Phone": "5152313955",
                "Phase": "C",
                "Substation": "COTTON",
                "Map_location": "334020526",
                "PARCEL_NUMBER": null
            },
            "geometry": {
                "type": "Point",
                "coordinates": [
                    -92.4005506499999,
                    47.101076840008865
                ]
            }
        },
        {
            "type": "Feature",
            "properties": {
                "Name": "BARRETT JOHN",
                "Address": "6830 THREE LAKES RD",
                "Phone": "2183902007",
                "Phase": "C",
                "Substation": "COTTON",
                "Map_location": "334020509",
                "PARCEL_NUMBER": null
            },
            "geometry": {
                "type": "Point",
                "coordinates": [
                    -92.4010976499999,
                    47.099213110008854
                ]
            }
        },
        {
            "type": "Feature",
            "properties": {
                "Name": "GORDHAMER DAVID",
                "Address": "6800 THREE LAKES RD",
                "Phone": "6128396682",
                "Phase": "C",
                "Substation": "COTTON",
                "Map_location": "334020504",
                "PARCEL_NUMBER": null
            },
            "geometry": {
                "type": "Point",
                "coordinates": [
                    -92.39724877902249,
                    47.09939931223152
                ]
            }
        },
        {
            "type": "Feature",
            "properties": {
                "Name": "GORDHAMER DAVID",
                "Address": "6770 THREE LAKES RD",
                "Phone": "6128396682",
                "Phase": "C",
                "Substation": "COTTON",
                "Map_location": "334000802",
                "PARCEL_NUMBER": null
            },
            "geometry": {
                "type": "Point",
                "coordinates": [
                    -92.40111288587758,
                    47.094037071455816
                ]
            }
        },
        {
            "type": "Feature",
            "properties": {
                "Name": "SPENCER MARY P",
                "Address": "6628 THREE LAKES RD",
                "Phone": "2184640901",
                "Phase": "C",
                "Substation": "COTTON",
                "Map_location": "334000403",
                "PARCEL_NUMBER": null
            },
            "geometry": {
                "type": "Point",
                "coordinates": [
                    -92.3798369899999,
                    47.10253186000887
                ]
            }
        },
        {
            "type": "Feature",
            "properties": {
                "Name": "PETERSON LESTER W",
                "Address": "6575 THREE LAKES RD",
                "Phone": "2187220668",
                "Phase": "C",
                "Substation": "COTTON",
                "Map_location": "334000404",
                "PARCEL_NUMBER": null
            },
            "geometry": {
                "type": "Point",
                "coordinates": [
                    -92.37310057153988,
                    47.103050228215615
                ]
            }
        },
        {
            "type": "Feature",
            "properties": {
                "Name": "WOLFE MARK A",
                "Address": "7551 LAKE NICHOLS RD",
                "Phone": "5074294399",
                "Phase": "C",
                "Substation": "COTTON",
                "Map_location": "333001006",
                "PARCEL_NUMBER": null
            },
            "geometry": {
                "type": "Point",
                "coordinates": [
                    -92.47746939999993,
                    47.08685780000885
                ]
            }
        },
        {
            "type": "Feature",
            "properties": {
                "Name": "MADDEN COLLEEN F",
                "Address": "7537 LAKE NICHOLS RD",
                "Phone": "2189401580",
                "Phase": "B",
                "Substation": "COTTON",
                "Map_location": "333001004",
                "PARCEL_NUMBER": "490001001492.0"
            },
            "geometry": {
                "type": "Point",
                "coordinates": [
                    -92.47628034999991,
                    47.08714773000886
                ]
            }
        },
        {
            "type": "Feature",
            "properties": {
                "Name": "SLYGH GREGORY K",
                "Address": "7540 LK NICHOLS RD",
                "Phone": "2187217314",
                "Phase": "B",
                "Substation": "COTTON",
                "Map_location": "333001005",
                "PARCEL_NUMBER": null
            },
            "geometry": {
                "type": "Point",
                "coordinates": [
                    -92.47606672999991,
                    47.08607200000886
                ]
            }
        },
        {
            "type": "Feature",
            "properties": {
                "Name": "DALEY SCOTT LAWRENCE",
                "Address": "7996 HWY 53",
                "Phone": "4078730393",
                "Phase": "A",
                "Substation": "COTTON",
                "Map_location": "333001101",
                "PARCEL_NUMBER": null
            },
            "geometry": {
                "type": "Point",
                "coordinates": [
                    -92.47045147999991,
                    47.089898160008865
                ]
            }
        },
        {
            "type": "Feature",
            "properties": {
                "Name": "CHAPMAN RICHARD CARL",
                "Address": "7885 LK NICHOLS RD",
                "Phone": "2183489726",
                "Phase": "C",
                "Substation": "COTTON",
                "Map_location": "333000901",
                "PARCEL_NUMBER": null
            },
            "geometry": {
                "type": "Point",
                "coordinates": [
                    -92.51188308999993,
                    47.089587130008866
                ]
            }
        },
        {
            "type": "Feature",
            "properties": {
                "Name": "BURTON KEVIN B",
                "Address": "7900 LAKE NICHOLS RD",
                "Phone": "2183490722",
                "Phase": "A",
                "Substation": "COTTON",
                "Map_location": "333020841",
                "PARCEL_NUMBER": null
            },
            "geometry": {
                "type": "Point",
                "coordinates": [
                    -92.51565129999993,
                    47.08639630000885
                ]
            }
        },
        {
            "type": "Feature",
            "properties": {
                "Name": "HAMILTON NEIL H",
                "Address": "7927 LAKE NICHOLS RD",
                "Phone": "6127215927",
                "Phase": "C",
                "Substation": "COTTON",
                "Map_location": "333020811",
                "PARCEL_NUMBER": null
            },
            "geometry": {
                "type": "Point",
                "coordinates": [
                    -92.51898619999993,
                    47.08728250000886
                ]
            }
        },
        {
            "type": "Feature",
            "properties": {
                "Name": "VEECH DALE RAYMOND",
                "Address": "8088 LAKE NICHOLS RD",
                "Phone": "2184280200",
                "Phase": "C",
                "Substation": "COTTON",
                "Map_location": "333020801",
                "PARCEL_NUMBER": null
            },
            "geometry": {
                "type": "Point",
                "coordinates": [
                    -92.53334800000002,
                    47.097634000000085
                ]
            }
        },
        {
            "type": "Feature",
            "properties": {
                "Name": "NEUBARTH ROGER G",
                "Address": "8084 NICHOLS LK RD",
                "Phone": "3208644230",
                "Phase": "C",
                "Substation": "COTTON",
                "Map_location": "333020832",
                "PARCEL_NUMBER": null
            },
            "geometry": {
                "type": "Point",
                "coordinates": [
                    -92.53230259999992,
                    47.09783410000885
                ]
            }
        },
        {
            "type": "Feature",
            "properties": {
                "Name": "NEUBARTH JAYSON",
                "Address": "8082 NICHOLS LK RD N",
                "Phone": "3202601626",
                "Phase": "C",
                "Substation": "COTTON",
                "Map_location": "333020824",
                "PARCEL_NUMBER": null
            },
            "geometry": {
                "type": "Point",
                "coordinates": [
                    -92.53197244999993,
                    47.09761742000887
                ]
            }
        },
        {
            "type": "Feature",
            "properties": {
                "Name": "THOMPSON JOHN",
                "Address": "8080 NICHOLS LK RD",
                "Phone": "2187281781",
                "Phase": "C",
                "Substation": "COTTON",
                "Map_location": "333020817",
                "PARCEL_NUMBER": null
            },
            "geometry": {
                "type": "Point",
                "coordinates": [
                    -92.53189749999993,
                    47.097424800008866
                ]
            }
        },
        {
            "type": "Feature",
            "properties": {
                "Name": "TWARDOWSKI MICHAEL P",
                "Address": "8078 LK NICHOLS RD",
                "Phone": "2183494290",
                "Phase": "C",
                "Substation": "COTTON",
                "Map_location": "333020802",
                "PARCEL_NUMBER": null
            },
            "geometry": {
                "type": "Point",
                "coordinates": [
                    -92.53150958999993,
                    47.09742436000887
                ]
            }
        },
        {
            "type": "Feature",
            "properties": {
                "Name": "HAGADORN PATRICIA MARION",
                "Address": "8076 LK NICHOLS RD",
                "Phone": "2184093321",
                "Phase": "C",
                "Substation": "COTTON",
                "Map_location": "333020803",
                "PARCEL_NUMBER": null
            },
            "geometry": {
                "type": "Point",
                "coordinates": [
                    -92.53128070999993,
                    47.09747395000887
                ]
            }
        },
        {
            "type": "Feature",
            "properties": {
                "Name": "TRACY BRYAN",
                "Address": "8072 LAKE NICHOLS RD",
                "Phone": "2183458213",
                "Phase": "C",
                "Substation": "COTTON",
                "Map_location": "333020804",
                "PARCEL_NUMBER": null
            },
            "geometry": {
                "type": "Point",
                "coordinates": [
                    -92.53085530999994,
                    47.09737526000887
                ]
            }
        },
        {
            "type": "Feature",
            "properties": {
                "Name": "MILLER PAUL",
                "Address": "8070 LAKE NICHOLS RD",
                "Phone": "2185254066",
                "Phase": "C",
                "Substation": "COTTON",
                "Map_location": "333020805",
                "PARCEL_NUMBER": null
            },
            "geometry": {
                "type": "Point",
                "coordinates": [
                    -92.53052137999993,
                    47.09737594000887
                ]
            }
        },
        {
            "type": "Feature",
            "properties": {
                "Name": "WALTERS SHEA S",
                "Address": "8068 LAKE NICHOLS RD",
                "Phone": "2184095477",
                "Phase": "C",
                "Substation": "COTTON",
                "Map_location": "333020819",
                "PARCEL_NUMBER": "490003000130.0"
            },
            "geometry": {
                "type": "Point",
                "coordinates": [
                    -92.53022151134363,
                    47.097264100701054
                ]
            }
        },
        {
            "type": "Feature",
            "properties": {
                "Name": "WALLER SHERRI L",
                "Address": "8066 LAKE NICHOLS DR",
                "Phone": "2185919039",
                "Phase": "C",
                "Substation": "COTTON",
                "Map_location": "333020820",
                "PARCEL_NUMBER": null
            },
            "geometry": {
                "type": "Point",
                "coordinates": [
                    -92.53010093999991,
                    47.09741292000887
                ]
            }
        },
        {
            "type": "Feature",
            "properties": {
                "Name": "RISH ERIC J",
                "Address": "8064 LAKE NICHOLS RD",
                "Phone": "2182609155",
                "Phase": "C",
                "Substation": "COTTON",
                "Map_location": "333020818",
                "PARCEL_NUMBER": null
            },
            "geometry": {
                "type": "Point",
                "coordinates": [
                    -92.52982181999992,
                    47.09760527000886
                ]
            }
        },
        {
            "type": "Feature",
            "properties": {
                "Name": "WALLER JAMES W",
                "Address": "8062 LK NICHOLS",
                "Phone": "2185530833",
                "Phase": "C",
                "Substation": "COTTON",
                "Map_location": "333020806",
                "PARCEL_NUMBER": null
            },
            "geometry": {
                "type": "Point",
                "coordinates": [
                    -92.52975962999994,
                    47.097025590008876
                ]
            }
        },
        {
            "type": "Feature",
            "properties": {
                "Name": "UDENBERG NEIL E",
                "Address": "8058 LAKE NICHOLS",
                "Phone": "2185914519",
                "Phase": "C",
                "Substation": "COTTON",
                "Map_location": "333020833",
                "PARCEL_NUMBER": null
            },
            "geometry": {
                "type": "Point",
                "coordinates": [
                    -92.52859957999993,
                    47.09708836000886
                ]
            }
        },
        {
            "type": "Feature",
            "properties": {
                "Name": "PROVOST THOMAS R",
                "Address": "8056 LAKE NICHOLS RD",
                "Phone": "2183938257",
                "Phase": "C",
                "Substation": "COTTON",
                "Map_location": "333020807",
                "PARCEL_NUMBER": null
            },
            "geometry": {
                "type": "Point",
                "coordinates": [
                    -92.52856879999992,
                    47.096798300008906
                ]
            }
        },
        {
            "type": "Feature",
            "properties": {
                "Name": "BERINI JOSEPH PAUL",
                "Address": "8050 LAKE NICHOLS RD",
                "Phone": "2183903149",
                "Phase": "C",
                "Substation": "COTTON",
                "Map_location": "333020822",
                "PARCEL_NUMBER": null
            },
            "geometry": {
                "type": "Point",
                "coordinates": [
                    -92.52764471999527,
                    47.09662333503862
                ]
            }
        },
        {
            "type": "Feature",
            "properties": {
                "Name": "JOHNSON JERRY",
                "Address": "8012 FOREST COURT RD",
                "Phone": "2183419801",
                "Phase": "C",
                "Substation": "COTTON",
                "Map_location": "333020829",
                "PARCEL_NUMBER": null
            },
            "geometry": {
                "type": "Point",
                "coordinates": [
                    -92.52622012253148,
                    47.096643534479874
                ]
            }
        },
        {
            "type": "Feature",
            "properties": {
                "Name": "SCHOFIELD BRADLEY WILLIAM",
                "Address": "8026 NICHOLS LK RD",
                "Phone": "2183456607",
                "Phase": "C",
                "Substation": "COTTON",
                "Map_location": "333020828",
                "PARCEL_NUMBER": null
            },
            "geometry": {
                "type": "Point",
                "coordinates": [
                    -92.52520624999993,
                    47.09670856000885
                ]
            }
        },
        {
            "type": "Feature",
            "properties": {
                "Name": "CURRIER JOCELYN M",
                "Address": "8023 LAKE NICHOLS RD",
                "Phone": "3175096100",
                "Phase": "C",
                "Substation": "COTTON",
                "Map_location": "333020810",
                "PARCEL_NUMBER": "490001001050.0"
            },
            "geometry": {
                "type": "Point",
                "coordinates": [
                    -92.52421209999993,
                    47.09659660000886
                ]
            }
        },
        {
            "type": "Feature",
            "properties": {
                "Name": "KAPAUN LESLIE",
                "Address": "8005 LK NICHOLS RD",
                "Phone": "6516819635",
                "Phase": "C",
                "Substation": "COTTON",
                "Map_location": "333020840",
                "PARCEL_NUMBER": null
            },
            "geometry": {
                "type": "Point",
                "coordinates": [
                    -92.52256429999993,
                    47.093949000008855
                ]
            }
        },
        {
            "type": "Feature",
            "properties": {
                "Name": "KAPAUN VICKI",
                "Address": "7998 LK NICHOLS RD",
                "Phone": "6516819635",
                "Phase": "C",
                "Substation": "COTTON",
                "Map_location": "333020838",
                "PARCEL_NUMBER": null
            },
            "geometry": {
                "type": "Point",
                "coordinates": [
                    -92.52416925999992,
                    47.09324754000885
                ]
            }
        },
        {
            "type": "Feature",
            "properties": {
                "Name": "PIRKOLA DEAN J",
                "Address": "8028 FOREST COURT RD",
                "Phone": "2183458225",
                "Phase": "C",
                "Substation": "COTTON",
                "Map_location": "333020842",
                "PARCEL_NUMBER": null
            },
            "geometry": {
                "type": "Point",
                "coordinates": [
                    -92.5271126526,
                    47.09660294070424
                ]
            }
        },
        {
            "type": "Feature",
            "properties": {
                "Name": "PIRKOLA BRIAN J",
                "Address": "8026 FOREST COURT RD",
                "Phone": "2184282547",
                "Phase": "C",
                "Substation": "COTTON",
                "Map_location": "333020821",
                "PARCEL_NUMBER": null
            },
            "geometry": {
                "type": "Point",
                "coordinates": [
                    -92.52715175776156,
                    47.09659926733198
                ]
            }
        },
        {
            "type": "Feature",
            "properties": {
                "Name": "SANDY KELLY G",
                "Address": "8024 FOREST CT",
                "Phone": "2183905037",
                "Phase": "C",
                "Substation": "COTTON",
                "Map_location": "333020830",
                "PARCEL_NUMBER": null
            },
            "geometry": {
                "type": "Point",
                "coordinates": [
                    -92.52705929611568,
                    47.09663268675791
                ]
            }
        },
        {
            "type": "Feature",
            "properties": {
                "Name": "BERG VALERIE K",
                "Address": "6754 REINKE RD",
                "Phone": "2183908087",
                "Phase": "A",
                "Substation": "COTTON",
                "Map_location": "313022025",
                "PARCEL_NUMBER": null
            },
            "geometry": {
                "type": "Point",
                "coordinates": [
                    -92.39651632338784,
                    47.14823049323754
                ]
            }
        },
        {
            "type": "Feature",
            "properties": {
                "Name": "Customer not found in Customer Table \n(Check with Billing)",
                "Address": null,
                "Phone": null,
                "Phase": "B",
                "Substation": "COTTON",
                "Map_location": "313032209",
                "PARCEL_NUMBER": null
            },
            "geometry": {
                "type": "Point",
                "coordinates": [
                    -92.36060573999988,
                    47.14775490000893
                ]
            }
        },
        {
            "type": "Feature",
            "properties": {
                "Name": "Customer not found in Customer Table \n(Check with Billing)",
                "Address": null,
                "Phone": null,
                "Phase": "B",
                "Substation": "COTTON",
                "Map_location": "313032219",
                "PARCEL_NUMBER": null
            },
            "geometry": {
                "type": "Point",
                "coordinates": [
                    -92.36116918999988,
                    47.14824292000892
                ]
            }
        },
        {
            "type": "Feature",
            "properties": {
                "Name": "Customer not found in Customer Table \n(Check with Billing)",
                "Address": null,
                "Phone": null,
                "Phase": "B",
                "Substation": "COTTON",
                "Map_location": "334001402",
                "PARCEL_NUMBER": null
            },
            "geometry": {
                "type": "Point",
                "coordinates": [
                    -92.34417311290672,
                    47.08050702478849
                ]
            }
        },
        {
            "type": "Feature",
            "properties": {
                "Name": "Customer not found in Customer Table \n(Check with Billing)",
                "Address": null,
                "Phone": null,
                "Phase": "A",
                "Substation": "COTTON",
                "Map_location": "312021056",
                "PARCEL_NUMBER": null
            },
            "geometry": {
                "type": "Point",
                "coordinates": [
                    -92.47420072301617,
                    47.16964037585505
                ]
            }
        },
        {
            "type": "Feature",
            "properties": {
                "Name": "Customer not found in Customer Table \n(Check with Billing)",
                "Address": null,
                "Phone": null,
                "Phase": "C",
                "Substation": "COTTON",
                "Map_location": "312021039",
                "PARCEL_NUMBER": null
            },
            "geometry": {
                "type": "Point",
                "coordinates": [
                    -92.47782434999992,
                    47.172239830008955
                ]
            }
        },
        {
            "type": "Feature",
            "properties": {
                "Name": "Customer not found in Customer Table \n(Check with Billing)",
                "Address": null,
                "Phone": null,
                "Phase": "B",
                "Substation": "COTTON",
                "Map_location": "312021053",
                "PARCEL_NUMBER": null
            },
            "geometry": {
                "type": "Point",
                "coordinates": [
                    -92.47989634678562,
                    47.178950731813416
                ]
            }
        },
        {
            "type": "Feature",
            "properties": {
                "Name": "Customer not found in Customer Table \n(Check with Billing)",
                "Address": null,
                "Phone": null,
                "Phase": "B",
                "Substation": "COTTON",
                "Map_location": "312021002",
                "PARCEL_NUMBER": null
            },
            "geometry": {
                "type": "Point",
                "coordinates": [
                    -92.49000224999992,
                    47.18326840000897
                ]
            }
        },
        {
            "type": "Feature",
            "properties": {
                "Name": "Customer not found in Customer Table \n(Check with Billing)",
                "Address": null,
                "Phone": null,
                "Phase": "B",
                "Substation": "COTTON",
                "Map_location": "291003301",
                "PARCEL_NUMBER": null
            },
            "geometry": {
                "type": "Point",
                "coordinates": [
                    -92.49762579574973,
                    47.20293340257459
                ]
            }
        },
        {
            "type": "Feature",
            "properties": {
                "Name": "BARBEAU ANTHONY",
                "Address": "7733 GRAY RD",
                "Phone": "6512380873",
                "Phase": "B",
                "Substation": "COTTON",
                "Map_location": "291003302",
                "PARCEL_NUMBER": null
            },
            "geometry": {
                "type": "Point",
                "coordinates": [
                    -92.49732065999993,
                    47.19809307000899
                ]
            }
        },
        {
            "type": "Feature",
            "properties": {
                "Name": "Customer not found in Customer Table \n(Check with Billing)",
                "Address": null,
                "Phone": null,
                "Phase": "B",
                "Substation": "COTTON",
                "Map_location": "291003401",
                "PARCEL_NUMBER": null
            },
            "geometry": {
                "type": "Point",
                "coordinates": [
                    -92.48761756999993,
                    47.20848892000898
                ]
            }
        },
        {
            "type": "Feature",
            "properties": {
                "Name": "Customer not found in Customer Table \n(Check with Billing)",
                "Address": null,
                "Phone": null,
                "Phase": "B",
                "Substation": "COTTON",
                "Map_location": "291003403",
                "PARCEL_NUMBER": null
            },
            "geometry": {
                "type": "Point",
                "coordinates": [
                    -92.4873313883786,
                    47.212224074406585
                ]
            }
        },
        {
            "type": "Feature",
            "properties": {
                "Name": "Customer not found in Customer Table \n(Check with Billing)",
                "Address": null,
                "Phone": null,
                "Phase": "A",
                "Substation": "COTTON",
                "Map_location": "312031414",
                "PARCEL_NUMBER": null
            },
            "geometry": {
                "type": "Point",
                "coordinates": [
                    -92.46031220999991,
                    47.15880729000893
                ]
            }
        },
        {
            "type": "Feature",
            "properties": {
                "Name": "Customer not found in Customer Table \n(Check with Billing)",
                "Address": null,
                "Phone": null,
                "Phase": "B",
                "Substation": "COTTON",
                "Map_location": "312042329",
                "PARCEL_NUMBER": null
            },
            "geometry": {
                "type": "Point",
                "coordinates": [
                    -92.45374252591317,
                    47.14338254580643
                ]
            }
        },
        {
            "type": "Feature",
            "properties": {
                "Name": "KARPPINEN KELLY GENE",
                "Address": "7281 KAUPPI LAKE RD",
                "Phone": "2185905293",
                "Phase": "B",
                "Substation": "COTTON",
                "Map_location": "312042407",
                "PARCEL_NUMBER": null
            },
            "geometry": {
                "type": "Point",
                "coordinates": [
                    -92.44996405469811,
                    47.145186870832305
                ]
            }
        },
        {
            "type": "Feature",
            "properties": {
                "Name": "KILBOURN STEVEN J",
                "Address": "8871 LYNN LN",
                "Phone": "2183907568",
                "Phase": "B",
                "Substation": "COTTON",
                "Map_location": "312042422",
                "PARCEL_NUMBER": null
            },
            "geometry": {
                "type": "Point",
                "coordinates": [
                    -92.44860081999991,
                    47.15017025000893
                ]
            }
        },
        {
            "type": "Feature",
            "properties": {
                "Name": "S2 RENTAL PROPERT IES",
                "Address": "9105 HWY 53 OLD RESTAURANT BUI",
                "Phone": "2183914777",
                "Phase": "A",
                "Substation": "COTTON",
                "Map_location": "312002312",
                "PARCEL_NUMBER": null
            },
            "geometry": {
                "type": "Point",
                "coordinates": [
                    -92.4720770499999,
                    47.14259517000892
                ]
            }
        },
        {
            "type": "Feature",
            "properties": {
                "Name": "Customer not found in Customer Table \n(Check with Billing)",
                "Address": null,
                "Phone": null,
                "Phase": "C",
                "Substation": "COTTON",
                "Map_location": "312003504",
                "PARCEL_NUMBER": null
            },
            "geometry": {
                "type": "Point",
                "coordinates": [
                    -92.47033019155253,
                    47.12545255845276
                ]
            }
        },
        {
            "type": "Feature",
            "properties": {
                "Name": "Customer not found in Customer Table \n(Check with Billing)",
                "Address": null,
                "Phone": null,
                "Phase": "C",
                "Substation": "COTTON",
                "Map_location": "333000203",
                "PARCEL_NUMBER": null
            },
            "geometry": {
                "type": "Point",
                "coordinates": [
                    -92.46999861568233,
                    47.104416562583104
                ]
            }
        },
        {
            "type": "Feature",
            "properties": {
                "Name": "NELSON ANDREW STEVEN",
                "Address": "7285 THREE LKS RD",
                "Phone": "2182902402",
                "Phase": "B",
                "Substation": "COTTON",
                "Map_location": "333000102",
                "PARCEL_NUMBER": null
            },
            "geometry": {
                "type": "Point",
                "coordinates": [
                    -92.44956728759225,
                    47.10522730030306
                ]
            }
        },
        {
            "type": "Feature",
            "properties": {
                "Name": "KARO BARBARA",
                "Address": "7225 THREE LAKES RD",
                "Phone": "5129491975",
                "Phase": "B",
                "Substation": "COTTON",
                "Map_location": "333000103",
                "PARCEL_NUMBER": null
            },
            "geometry": {
                "type": "Point",
                "coordinates": [
                    -92.4418093299999,
                    47.10486057000888
                ]
            }
        },
        {
            "type": "Feature",
            "properties": {
                "Name": "Customer not found in Customer Table \n(Check with Billing)",
                "Address": null,
                "Phone": null,
                "Phase": "B",
                "Substation": "COTTON",
                "Map_location": "333000207",
                "PARCEL_NUMBER": null
            },
            "geometry": {
                "type": "Point",
                "coordinates": [
                    -92.45524422256818,
                    47.10651023994199
                ]
            }
        },
        {
            "type": "Feature",
            "properties": {
                "Name": "Customer not found in Customer Table \n(Check with Billing)",
                "Address": null,
                "Phone": null,
                "Phase": "B",
                "Substation": "COTTON",
                "Map_location": "334010602",
                "PARCEL_NUMBER": null
            },
            "geometry": {
                "type": "Point",
                "coordinates": [
                    -92.41980894610676,
                    47.11062089184136
                ]
            }
        },
        {
            "type": "Feature",
            "properties": {
                "Name": "Customer not found in Customer Table \n(Check with Billing)",
                "Address": null,
                "Phone": null,
                "Phase": "B",
                "Substation": "COTTON",
                "Map_location": "313053154",
                "PARCEL_NUMBER": null
            },
            "geometry": {
                "type": "Point",
                "coordinates": [
                    -92.4130172799999,
                    47.11278523000889
                ]
            }
        },
        {
            "type": "Feature",
            "properties": {
                "Name": "Customer not found in Customer Table \n(Check with Billing)",
                "Address": null,
                "Phone": null,
                "Phase": "B",
                "Substation": "COTTON",
                "Map_location": "313053151",
                "PARCEL_NUMBER": null
            },
            "geometry": {
                "type": "Point",
                "coordinates": [
                    -92.41370065653818,
                    47.112280233539906
                ]
            }
        },
        {
            "type": "Feature",
            "properties": {
                "Name": "BERGMAN JAMES DANIEL",
                "Address": "6886 LAKE ELORA DRIVE",
                "Phone": "2183902456",
                "Phase": "C",
                "Substation": "COTTON",
                "Map_location": "334010536",
                "PARCEL_NUMBER": null
            },
            "geometry": {
                "type": "Point",
                "coordinates": [
                    -92.4076096199999,
                    47.10699093000888
                ]
            }
        },
        {
            "type": "Feature",
            "properties": {
                "Name": "WALKER SMITH NANCY",
                "Address": "6827 WINKLE LANE",
                "Phone": "5125174393",
                "Phase": "C",
                "Substation": "COTTON",
                "Map_location": "334020523",
                "PARCEL_NUMBER": null
            },
            "geometry": {
                "type": "Point",
                "coordinates": [
                    -92.4034197999999,
                    47.09977620000887
                ]
            }
        },
        {
            "type": "Feature",
            "properties": {
                "Name": "Customer not found in Customer Table \n(Check with Billing)",
                "Address": null,
                "Phone": null,
                "Phase": "C",
                "Substation": "COTTON",
                "Map_location": "334020517",
                "PARCEL_NUMBER": null
            },
            "geometry": {
                "type": "Point",
                "coordinates": [
                    -92.40167505875719,
                    47.10094471209287
                ]
            }
        },
        {
            "type": "Feature",
            "properties": {
                "Name": "ST.GEORGE PAULA",
                "Address": "8020 FOREST CRT RD",
                "Phone": "2185917305",
                "Phase": "C",
                "Substation": "COTTON",
                "Map_location": "333020816",
                "PARCEL_NUMBER": null
            },
            "geometry": {
                "type": "Point",
                "coordinates": [
                    -92.52662582198408,
                    47.096429934636156
                ]
            }
        },
        {
            "type": "Feature",
            "properties": {
                "Name": "FRONTIER COMMUNIC ATIONS",
                "Address": "LK NICHOLS RD",
                "Phone": "7017071015",
                "Phase": "B",
                "Substation": "COTTON",
                "Map_location": "333020834",
                "PARCEL_NUMBER": null
            },
            "geometry": {
                "type": "Point",
                "coordinates": [
                    -92.52283579999991,
                    47.087527100008856
                ]
            }
        },
        {
            "type": "Feature",
            "properties": {
                "Name": "PEDERSON MICHAEL D",
                "Address": "8040 SOUTH SHORE DR",
                "Phone": "7025883101",
                "Phase": "A",
                "Substation": "COTTON",
                "Map_location": "333001701",
                "PARCEL_NUMBER": null
            },
            "geometry": {
                "type": "Point",
                "coordinates": [
                    -92.52656228999993,
                    47.08341715000883
                ]
            }
        },
        {
            "type": "Feature",
            "properties": {
                "Name": "KONING CORY",
                "Address": "8022 SOUTH SHORE DR",
                "Phone": "2183902392",
                "Phase": "A",
                "Substation": "COTTON",
                "Map_location": "333001703",
                "PARCEL_NUMBER": null
            },
            "geometry": {
                "type": "Point",
                "coordinates": [
                    -92.52329684999992,
                    47.083417190008845
                ]
            }
        },
        {
            "type": "Feature",
            "properties": {
                "Name": "PENHALE MICHELLE LYNN",
                "Address": "7961 LAKE NICHOLS RD",
                "Phone": "9068692673",
                "Phase": "C",
                "Substation": "COTTON",
                "Map_location": "333020823",
                "PARCEL_NUMBER": null
            },
            "geometry": {
                "type": "Point",
                "coordinates": [
                    -92.52324629999993,
                    47.087955900008836
                ]
            }
        },
        {
            "type": "Feature",
            "properties": {
                "Name": "KETOLA LAURI A",
                "Address": "8031 E SHORE DR",
                "Phone": "2182137115",
                "Phase": "A",
                "Substation": "COTTON",
                "Map_location": "333020825",
                "PARCEL_NUMBER": null
            },
            "geometry": {
                "type": "Point",
                "coordinates": [
                    -92.52847579999991,
                    47.090353800008856
                ]
            }
        },
        {
            "type": "Feature",
            "properties": {
                "Name": "PRIESTLEY PAUL",
                "Address": "8037 E SHORE DR",
                "Phone": "2182963996",
                "Phase": "A",
                "Substation": "COTTON",
                "Map_location": "333020831",
                "PARCEL_NUMBER": "490001500060.0"
            },
            "geometry": {
                "type": "Point",
                "coordinates": [
                    -92.52876479999992,
                    47.09030650000885
                ]
            }
        },
        {
            "type": "Feature",
            "properties": {
                "Name": "CAMPBELL WADE P",
                "Address": "8049 EAST SHORE RD",
                "Phone": "6513385965",
                "Phase": "A",
                "Substation": "COTTON",
                "Map_location": "333020813",
                "PARCEL_NUMBER": null
            },
            "geometry": {
                "type": "Point",
                "coordinates": [
                    -92.52999012065943,
                    47.089395435668365
                ]
            }
        },
        {
            "type": "Feature",
            "properties": {
                "Name": "MEHLING TERRENCE",
                "Address": "LK NICHOLS E SHORE DR",
                "Phone": "2186243388",
                "Phase": "A",
                "Substation": "COTTON",
                "Map_location": "333020815",
                "PARCEL_NUMBER": null
            },
            "geometry": {
                "type": "Point",
                "coordinates": [
                    -92.52909869999993,
                    47.09008110000885
                ]
            }
        },
        {
            "type": "Feature",
            "properties": {
                "Name": "BOLLWEG SHARON M",
                "Address": "8047 E SHORE RD",
                "Phone": "6123866227",
                "Phase": "A",
                "Substation": "COTTON",
                "Map_location": "333020812",
                "PARCEL_NUMBER": null
            },
            "geometry": {
                "type": "Point",
                "coordinates": [
                    -92.52990882999991,
                    47.08938418000885
                ]
            }
        },
        {
            "type": "Feature",
            "properties": {
                "Name": "GASCOIGNE MICHAEL",
                "Address": "8055 EAST SHORE DRIVE",
                "Phone": "9522400074",
                "Phase": "A",
                "Substation": "COTTON",
                "Map_location": "333020837",
                "PARCEL_NUMBER": null
            },
            "geometry": {
                "type": "Point",
                "coordinates": [
                    -92.52985209999993,
                    47.08886060000884
                ]
            }
        },
        {
            "type": "Feature",
            "properties": {
                "Name": "FOSTER DAVID W",
                "Address": "8061 EAST SHORE DRIVE",
                "Phone": "6513283312",
                "Phase": "A",
                "Substation": "COTTON",
                "Map_location": "333020826",
                "PARCEL_NUMBER": null
            },
            "geometry": {
                "type": "Point",
                "coordinates": [
                    -92.53100929999992,
                    47.08848350000886
                ]
            }
        },
        {
            "type": "Feature",
            "properties": {
                "Name": "ZAMZOW JOEL",
                "Address": "8002 BYSTEDT RD",
                "Phone": "2184641692",
                "Phase": "A",
                "Substation": "COTTON",
                "Map_location": "333020835",
                "PARCEL_NUMBER": null
            },
            "geometry": {
                "type": "Point",
                "coordinates": [
                    -92.53154329999994,
                    47.087075000008845
                ]
            }
        },
        {
            "type": "Feature",
            "properties": {
                "Name": "BJERKNESS DAVID J",
                "Address": "8173 SOUTH SHORE DR",
                "Phone": "2188799384",
                "Phase": "A",
                "Substation": "COTTON",
                "Map_location": "333010718",
                "PARCEL_NUMBER": null
            },
            "geometry": {
                "type": "Point",
                "coordinates": [
                    -92.54233029999993,
                    47.08663150000887
                ]
            }
        },
        {
            "type": "Feature",
            "properties": {
                "Name": "BERG RICHARD HENRY",
                "Address": "8171 SO SHORE DR",
                "Phone": "2183911091",
                "Phase": "A",
                "Substation": "COTTON",
                "Map_location": "333010734",
                "PARCEL_NUMBER": null
            },
            "geometry": {
                "type": "Point",
                "coordinates": [
                    -92.54190409999994,
                    47.086435600008855
                ]
            }
        },
        {
            "type": "Feature",
            "properties": {
                "Name": "DIMBERIO TED",
                "Address": "8167 LAKE NICHOLS",
                "Phone": "3203963284",
                "Phase": "A",
                "Substation": "COTTON",
                "Map_location": "333010735",
                "PARCEL_NUMBER": null
            },
            "geometry": {
                "type": "Point",
                "coordinates": [
                    -92.54179539999993,
                    47.086029300008846
                ]
            }
        },
        {
            "type": "Feature",
            "properties": {
                "Name": "HALLFRISCH DAVID CHRISTOPH",
                "Address": "8163 NICHOLAS LK RD",
                "Phone": "2183930734",
                "Phase": "A",
                "Substation": "COTTON",
                "Map_location": "333010719",
                "PARCEL_NUMBER": null
            },
            "geometry": {
                "type": "Point",
                "coordinates": [
                    -92.54155179999992,
                    47.08590250000884
                ]
            }
        },
        {
            "type": "Feature",
            "properties": {
                "Name": "JENSEN CHRISTOPHER DAVID",
                "Address": "8161 S SHORE DR",
                "Phone": "6515921584",
                "Phase": "A",
                "Substation": "COTTON",
                "Map_location": "333010720",
                "PARCEL_NUMBER": null
            },
            "geometry": {
                "type": "Point",
                "coordinates": [
                    -92.54151842999993,
                    47.08575836000885
                ]
            }
        },
        {
            "type": "Feature",
            "properties": {
                "Name": "JOHNSON DALE C",
                "Address": "8164 S SHORE DR",
                "Phone": "6516599551",
                "Phase": "A",
                "Substation": "COTTON",
                "Map_location": "333010739",
                "PARCEL_NUMBER": null
            },
            "geometry": {
                "type": "Point",
                "coordinates": [
                    -92.54229090999993,
                    47.08537050000886
                ]
            }
        },
        {
            "type": "Feature",
            "properties": {
                "Name": "KOLAR JAMES WOODS",
                "Address": "8159 S SHORE DR",
                "Phone": "2187243759",
                "Phase": "A",
                "Substation": "COTTON",
                "Map_location": "333010721",
                "PARCEL_NUMBER": null
            },
            "geometry": {
                "type": "Point",
                "coordinates": [
                    -92.54108592999994,
                    47.08558623000885
                ]
            }
        },
        {
            "type": "Feature",
            "properties": {
                "Name": "BREY CATHERINE J",
                "Address": "8157 S SHORE DR",
                "Phone": "2187241850",
                "Phase": "A",
                "Substation": "COTTON",
                "Map_location": "333010756",
                "PARCEL_NUMBER": null
            },
            "geometry": {
                "type": "Point",
                "coordinates": [
                    -92.54081479999992,
                    47.08572780000885
                ]
            }
        },
        {
            "type": "Feature",
            "properties": {
                "Name": "KOLAR JAMES WOODS",
                "Address": "8153 S SHORE DR",
                "Phone": "2187243759",
                "Phase": "A",
                "Substation": "COTTON",
                "Map_location": "333010742",
                "PARCEL_NUMBER": null
            },
            "geometry": {
                "type": "Point",
                "coordinates": [
                    -92.54010190615368,
                    47.08533351158815
                ]
            }
        },
        {
            "type": "Feature",
            "properties": {
                "Name": "LOCHEN MICHAEL PATRICK",
                "Address": "8151 S SHORE DR",
                "Phone": "6517703186",
                "Phase": "A",
                "Substation": "COTTON",
                "Map_location": "333010752",
                "PARCEL_NUMBER": null
            },
            "geometry": {
                "type": "Point",
                "coordinates": [
                    -92.53993425999992,
                    47.08544195000884
                ]
            }
        },
        {
            "type": "Feature",
            "properties": {
                "Name": "TYKWARD JEFFERY W",
                "Address": "8159 CABIN RD",
                "Phone": "2186890431",
                "Phase": "A",
                "Substation": "COTTON",
                "Map_location": "333010736",
                "PARCEL_NUMBER": null
            },
            "geometry": {
                "type": "Point",
                "coordinates": [
                    -92.53914661999993,
                    47.08536615000885
                ]
            }
        },
        {
            "type": "Feature",
            "properties": {
                "Name": "NOWAK MIKE S",
                "Address": "8147 CABIN LAKE ROAD",
                "Phone": "6512786149",
                "Phase": "A",
                "Substation": "COTTON",
                "Map_location": "333010723",
                "PARCEL_NUMBER": null
            },
            "geometry": {
                "type": "Point",
                "coordinates": [
                    -92.53901649999992,
                    47.08585400000885
                ]
            }
        },
        {
            "type": "Feature",
            "properties": {
                "Name": "PASEK JUDY M",
                "Address": "8143 CABIN LK RD",
                "Phone": "2187220697",
                "Phase": "A",
                "Substation": "COTTON",
                "Map_location": "333010731",
                "PARCEL_NUMBER": null
            },
            "geometry": {
                "type": "Point",
                "coordinates": [
                    -92.53852863999992,
                    47.085987950008864
                ]
            }
        },
        {
            "type": "Feature",
            "properties": {
                "Name": "BELLAND EDMUND JOHN",
                "Address": "8131 CABIN RD",
                "Phone": "6123638132",
                "Phase": "A",
                "Substation": "COTTON",
                "Map_location": "333010724",
                "PARCEL_NUMBER": null
            },
            "geometry": {
                "type": "Point",
                "coordinates": [
                    -92.53768513588867,
                    47.08648185662614
                ]
            }
        },
        {
            "type": "Feature",
            "properties": {
                "Name": "MCEWEN JOHN W",
                "Address": "8125 CABIN CIRCLE",
                "Phone": "2185910031",
                "Phase": "A",
                "Substation": "COTTON",
                "Map_location": "333010725",
                "PARCEL_NUMBER": null
            },
            "geometry": {
                "type": "Point",
                "coordinates": [
                    -92.53686542999992,
                    47.08617868000886
                ]
            }
        },
        {
            "type": "Feature",
            "properties": {
                "Name": "HENDERSHOTT TODD M",
                "Address": "8115 CABIN RD",
                "Phone": "6512471066",
                "Phase": "A",
                "Substation": "COTTON",
                "Map_location": "333010726",
                "PARCEL_NUMBER": null
            },
            "geometry": {
                "type": "Point",
                "coordinates": [
                    -92.53600959999993,
                    47.08627030000885
                ]
            }
        },
        {
            "type": "Feature",
            "properties": {
                "Name": "SKOGLUND RAYMOND",
                "Address": "8105 CABIN RD",
                "Phone": "2183904685",
                "Phase": "A",
                "Substation": "COTTON",
                "Map_location": "333010753",
                "PARCEL_NUMBER": "67400200.0"
            },
            "geometry": {
                "type": "Point",
                "coordinates": [
                    -92.53495359999992,
                    47.08640230000887
                ]
            }
        },
        {
            "type": "Feature",
            "properties": {
                "Name": "SKOGLUND RAYMOND",
                "Address": "8105 CABIN RD",
                "Phone": "2183904685",
                "Phase": "A",
                "Substation": "COTTON",
                "Map_location": "333010753",
                "PARCEL_NUMBER": "67400220.0"
            },
            "geometry": {
                "type": "Point",
                "coordinates": [
                    -92.53495359999992,
                    47.08640230000887
                ]
            }
        },
        {
            "type": "Feature",
            "properties": {
                "Name": "JANSSEN JIM M",
                "Address": "8109 CABIN RD",
                "Phone": "9523937515",
                "Phase": "A",
                "Substation": "COTTON",
                "Map_location": "333010728",
                "PARCEL_NUMBER": null
            },
            "geometry": {
                "type": "Point",
                "coordinates": [
                    -92.53516379999994,
                    47.08660540000886
                ]
            }
        },
        {
            "type": "Feature",
            "properties": {
                "Name": "ANDERSON THOMAS A",
                "Address": "8103 CABIN RD",
                "Phone": "2183907508",
                "Phase": "A",
                "Substation": "COTTON",
                "Map_location": "333010740",
                "PARCEL_NUMBER": null
            },
            "geometry": {
                "type": "Point",
                "coordinates": [
                    -92.53446354999993,
                    47.08661582000886
                ]
            }
        },
        {
            "type": "Feature",
            "properties": {
                "Name": "SLYGH JEFFREY ALLEN",
                "Address": "8101 CABIN RD",
                "Phone": "2186265601",
                "Phase": "A",
                "Substation": "COTTON",
                "Map_location": "333020827",
                "PARCEL_NUMBER": null
            },
            "geometry": {
                "type": "Point",
                "coordinates": [
                    -92.53403492999993,
                    47.08680811000885
                ]
            }
        },
        {
            "type": "Feature",
            "properties": {
                "Name": "BAKER ED",
                "Address": "8113 CABIN RD",
                "Phone": "2184915868",
                "Phase": "A",
                "Substation": "COTTON",
                "Map_location": "333010727",
                "PARCEL_NUMBER": null
            },
            "geometry": {
                "type": "Point",
                "coordinates": [
                    -92.53553710999994,
                    47.08646218000885
                ]
            }
        },
        {
            "type": "Feature",
            "properties": {
                "Name": "WENDROTH MARK",
                "Address": "8090 SOUTH SHORE DR",
                "Phone": "7638988181",
                "Phase": "A",
                "Substation": "COTTON",
                "Map_location": "333001704",
                "PARCEL_NUMBER": null
            },
            "geometry": {
                "type": "Point",
                "coordinates": [
                    -92.53422489999993,
                    47.08326980000884
                ]
            }
        },
        {
            "type": "Feature",
            "properties": {
                "Name": "JOHNSON CURT M",
                "Address": "8150 S SHORE NICHOLS LAKE",
                "Phone": "6512707741",
                "Phase": "A",
                "Substation": "COTTON",
                "Map_location": "333010761",
                "PARCEL_NUMBER": null
            },
            "geometry": {
                "type": "Point",
                "coordinates": [
                    -92.54049349999994,
                    47.08479794000884
                ]
            }
        },
        {
            "type": "Feature",
            "properties": {
                "Name": "WARREN LISA M",
                "Address": "8265 S SHORE DR",
                "Phone": "9522202565",
                "Phase": "A",
                "Substation": "COTTON",
                "Map_location": "333010702",
                "PARCEL_NUMBER": null
            },
            "geometry": {
                "type": "Point",
                "coordinates": [
                    -92.55022152999993,
                    47.09250689000888
                ]
            }
        },
        {
            "type": "Feature",
            "properties": {
                "Name": "LARSON PHIL G",
                "Address": "8266 S SHORE DR",
                "Phone": "2182138274",
                "Phase": "A",
                "Substation": "COTTON",
                "Map_location": "333010758",
                "PARCEL_NUMBER": null
            },
            "geometry": {
                "type": "Point",
                "coordinates": [
                    -92.55005089999995,
                    47.09160600000886
                ]
            }
        },
        {
            "type": "Feature",
            "properties": {
                "Name": "MARCINIAK JENNIFER M",
                "Address": "8263 S SHORE DR",
                "Phone": "2183912770",
                "Phase": "A",
                "Substation": "COTTON",
                "Map_location": "333010732",
                "PARCEL_NUMBER": null
            },
            "geometry": {
                "type": "Point",
                "coordinates": [
                    -92.54943429999993,
                    47.09201361000886
                ]
            }
        },
        {
            "type": "Feature",
            "properties": {
                "Name": "COCHRAN WILLIAM",
                "Address": "8261 S SHORE DR",
                "Phone": "9528880055",
                "Phase": "A",
                "Substation": "COTTON",
                "Map_location": "333010733",
                "PARCEL_NUMBER": null
            },
            "geometry": {
                "type": "Point",
                "coordinates": [
                    -92.54886679999993,
                    47.09219480000886
                ]
            }
        },
        {
            "type": "Feature",
            "properties": {
                "Name": "FREUND ELIZABETH",
                "Address": "8257 S SHORE DR",
                "Phone": "7634394884",
                "Phase": "A",
                "Substation": "COTTON",
                "Map_location": "333010744",
                "PARCEL_NUMBER": null
            },
            "geometry": {
                "type": "Point",
                "coordinates": [
                    -92.54805866999993,
                    47.09176275000886
                ]
            }
        },
        {
            "type": "Feature",
            "properties": {
                "Name": "BRISBIN RON H",
                "Address": "8259 S SHORE DR",
                "Phone": "2187214179",
                "Phase": "A",
                "Substation": "COTTON",
                "Map_location": "333010729",
                "PARCEL_NUMBER": null
            },
            "geometry": {
                "type": "Point",
                "coordinates": [
                    -92.54847859999992,
                    47.09154440000885
                ]
            }
        },
        {
            "type": "Feature",
            "properties": {
                "Name": "SAUKKO RICHARD L",
                "Address": "8255 S SHORE DR",
                "Phone": "2187502994",
                "Phase": "A",
                "Substation": "COTTON",
                "Map_location": "333010705",
                "PARCEL_NUMBER": null
            },
            "geometry": {
                "type": "Point",
                "coordinates": [
                    -92.54756946999994,
                    47.09161079000885
                ]
            }
        },
        {
            "type": "Feature",
            "properties": {
                "Name": "ZIEMSKI JAY L",
                "Address": "8251 S SHORE DR",
                "Phone": "2184289938",
                "Phase": "A",
                "Substation": "COTTON",
                "Map_location": "333010703",
                "PARCEL_NUMBER": null
            },
            "geometry": {
                "type": "Point",
                "coordinates": [
                    -92.54715489999992,
                    47.09134740000886
                ]
            }
        },
        {
            "type": "Feature",
            "properties": {
                "Name": "KROENING MICHAEL A",
                "Address": "8253 SOUTH SHORE DR",
                "Phone": "5079517545",
                "Phase": "A",
                "Substation": "COTTON",
                "Map_location": "333010746",
                "PARCEL_NUMBER": null
            },
            "geometry": {
                "type": "Point",
                "coordinates": [
                    -92.54712696999994,
                    47.09150398000886
                ]
            }
        },
        {
            "type": "Feature",
            "properties": {
                "Name": "LEWANSKI ERIC JAMES",
                "Address": "8245 S SHORE DR",
                "Phone": "6512168858",
                "Phase": "A",
                "Substation": "COTTON",
                "Map_location": "333010706",
                "PARCEL_NUMBER": null
            },
            "geometry": {
                "type": "Point",
                "coordinates": [
                    -92.54764090999994,
                    47.090633740008855
                ]
            }
        },
        {
            "type": "Feature",
            "properties": {
                "Name": "DAVIDSON CHARLES JAMES",
                "Address": "8246 S SHORE DR",
                "Phone": "2183913692",
                "Phase": "A",
                "Substation": "COTTON",
                "Map_location": "333010749",
                "PARCEL_NUMBER": null
            },
            "geometry": {
                "type": "Point",
                "coordinates": [
                    -92.54869749999995,
                    47.090879300008865
                ]
            }
        },
        {
            "type": "Feature",
            "properties": {
                "Name": "FISHER-MLYNARCZYK HEIDI",
                "Address": "8237 S SHORE DR",
                "Phone": "2183493022",
                "Phase": "A",
                "Substation": "COTTON",
                "Map_location": "333010707",
                "PARCEL_NUMBER": "490002000190.0"
            },
            "geometry": {
                "type": "Point",
                "coordinates": [
                    -92.54767141999994,
                    47.09000189000887
                ]
            }
        },
        {
            "type": "Feature",
            "properties": {
                "Name": "FISHER-MLYNARCZYK HEIDI",
                "Address": "8237 S SHORE DR",
                "Phone": "2183493022",
                "Phase": "A",
                "Substation": "COTTON",
                "Map_location": "333010707",
                "PARCEL_NUMBER": "490002000180.0"
            },
            "geometry": {
                "type": "Point",
                "coordinates": [
                    -92.54767141999994,
                    47.09000189000887
                ]
            }
        },
        {
            "type": "Feature",
            "properties": {
                "Name": "FREDRICKSON SCOTT ALLEN",
                "Address": "8232 S SHORE DRIVE",
                "Phone": "2182900211",
                "Phase": "A",
                "Substation": "COTTON",
                "Map_location": "333010747",
                "PARCEL_NUMBER": null
            },
            "geometry": {
                "type": "Point",
                "coordinates": [
                    -92.54757299999994,
                    47.08911360000886
                ]
            }
        },
        {
            "type": "Feature",
            "properties": {
                "Name": "WILBUR LAURA A",
                "Address": "8235 SO SHORE DR",
                "Phone": "9522900294",
                "Phase": "A",
                "Substation": "COTTON",
                "Map_location": "333010755",
                "PARCEL_NUMBER": null
            },
            "geometry": {
                "type": "Point",
                "coordinates": [
                    -92.54685059999994,
                    47.089340600008846
                ]
            }
        },
        {
            "type": "Feature",
            "properties": {
                "Name": "KOLENDA DOMINIC A",
                "Address": "8225 SO SHORE DR",
                "Phone": "2183430309",
                "Phase": "A",
                "Substation": "COTTON",
                "Map_location": "333010730",
                "PARCEL_NUMBER": null
            },
            "geometry": {
                "type": "Point",
                "coordinates": [
                    -92.54640359999995,
                    47.08976280000887
                ]
            }
        },
        {
            "type": "Feature",
            "properties": {
                "Name": "RADZAK STEPHEN P",
                "Address": "8221 SOUTH SHORE DRIVE",
                "Phone": "5074205135",
                "Phase": "A",
                "Substation": "COTTON",
                "Map_location": "333010743",
                "PARCEL_NUMBER": null
            },
            "geometry": {
                "type": "Point",
                "coordinates": [
                    -92.54590759999994,
                    47.08988800000886
                ]
            }
        },
        {
            "type": "Feature",
            "properties": {
                "Name": "RADZAK KAREN I",
                "Address": "8219 SOUTH SHORE DR",
                "Phone": "2187221398",
                "Phase": "A",
                "Substation": "COTTON",
                "Map_location": "333010741",
                "PARCEL_NUMBER": null
            },
            "geometry": {
                "type": "Point",
                "coordinates": [
                    -92.54572549999993,
                    47.09003412000886
                ]
            }
        },
        {
            "type": "Feature",
            "properties": {
                "Name": "ROTHMEIER WILLIAM",
                "Address": "8213 S SHORE RD",
                "Phone": "2184284151",
                "Phase": "A",
                "Substation": "COTTON",
                "Map_location": "333010710",
                "PARCEL_NUMBER": null
            },
            "geometry": {
                "type": "Point",
                "coordinates": [
                    -92.54539199999994,
                    47.08987562000885
                ]
            }
        },
        {
            "type": "Feature",
            "properties": {
                "Name": "SELIN CASEY",
                "Address": "7965 WHITE PINE DR",
                "Phone": "2185914848",
                "Phase": "A",
                "Substation": "COTTON",
                "Map_location": "333010714",
                "PARCEL_NUMBER": null
            },
            "geometry": {
                "type": "Point",
                "coordinates": [
                    -92.54456699999993,
                    47.089993300008864
                ]
            }
        },
        {
            "type": "Feature",
            "properties": {
                "Name": "DAVIDSON CHARLES M",
                "Address": "8216 S SHORE DR",
                "Phone": "2185900396",
                "Phase": "A",
                "Substation": "COTTON",
                "Map_location": "333010748",
                "PARCEL_NUMBER": null
            },
            "geometry": {
                "type": "Point",
                "coordinates": [
                    -92.54567116999995,
                    47.08857859000886
                ]
            }
        },
        {
            "type": "Feature",
            "properties": {
                "Name": "ANDERSON MERRILL SHANE",
                "Address": "7969 WHITE PINE DR",
                "Phone": "2183497114",
                "Phase": "A",
                "Substation": "COTTON",
                "Map_location": "333010711",
                "PARCEL_NUMBER": "490001001000.0"
            },
            "geometry": {
                "type": "Point",
                "coordinates": [
                    -92.54389117999995,
                    47.08939491000887
                ]
            }
        },
        {
            "type": "Feature",
            "properties": {
                "Name": "ANDERSON MERRILL SHANE",
                "Address": "7969 WHITE PINE DR",
                "Phone": "2183497114",
                "Phase": "A",
                "Substation": "COTTON",
                "Map_location": "333010711",
                "PARCEL_NUMBER": "490001000930.0"
            },
            "geometry": {
                "type": "Point",
                "coordinates": [
                    -92.54389117999995,
                    47.08939491000887
                ]
            }
        },
        {
            "type": "Feature",
            "properties": {
                "Name": "NORTHLAND TOWNSHI P",
                "Address": "8194 S SHORE DR",
                "Phone": "2183937007",
                "Phase": "A",
                "Substation": "COTTON",
                "Map_location": "333010754",
                "PARCEL_NUMBER": null
            },
            "geometry": {
                "type": "Point",
                "coordinates": [
                    -92.54489879999994,
                    47.08810810000886
                ]
            }
        },
        {
            "type": "Feature",
            "properties": {
                "Name": "BENSON ALICIA S",
                "Address": "8205 S SHORE DR",
                "Phone": "2183480091",
                "Phase": "A",
                "Substation": "COTTON",
                "Map_location": "333010751",
                "PARCEL_NUMBER": "490002000480.0"
            },
            "geometry": {
                "type": "Point",
                "coordinates": [
                    -92.54392261999995,
                    47.08829201000887
                ]
            }
        },
        {
            "type": "Feature",
            "properties": {
                "Name": "LANGER DEAN V",
                "Address": "7966 WHITE PINE DR",
                "Phone": "6514821101",
                "Phase": "A",
                "Substation": "COTTON",
                "Map_location": "333010745",
                "PARCEL_NUMBER": null
            },
            "geometry": {
                "type": "Point",
                "coordinates": [
                    -92.54360116999995,
                    47.08869022000886
                ]
            }
        },
        {
            "type": "Feature",
            "properties": {
                "Name": "SEE HENRY S",
                "Address": "7976 WHITE PINE DR LAKE NICHOL",
                "Phone": "8036062851",
                "Phase": "A",
                "Substation": "COTTON",
                "Map_location": "333010717",
                "PARCEL_NUMBER": null
            },
            "geometry": {
                "type": "Point",
                "coordinates": [
                    -92.54146279999993,
                    47.08866900000887
                ]
            }
        },
        {
            "type": "Feature",
            "properties": {
                "Name": "JOHNSON DEBRA KAY",
                "Address": "7982 WHITE PINE DRIVE",
                "Phone": "9522500510",
                "Phase": "A",
                "Substation": "COTTON",
                "Map_location": "333010716",
                "PARCEL_NUMBER": null
            },
            "geometry": {
                "type": "Point",
                "coordinates": [
                    -92.5418583230831,
                    47.08897471673563
                ]
            }
        },
        {
            "type": "Feature",
            "properties": {
                "Name": "SEE FREDERICK H",
                "Address": "7990 WHITE PINE DR",
                "Phone": "2183456447",
                "Phase": "A",
                "Substation": "COTTON",
                "Map_location": "333010713",
                "PARCEL_NUMBER": "490002000360.0"
            },
            "geometry": {
                "type": "Point",
                "coordinates": [
                    -92.54227109999992,
                    47.08986660000885
                ]
            }
        },
        {
            "type": "Feature",
            "properties": {
                "Name": "SEE FREDERICK H",
                "Address": "7975 WHITE PINE DR",
                "Phone": "2183456447",
                "Phase": "A",
                "Substation": "COTTON",
                "Map_location": "333010712",
                "PARCEL_NUMBER": null
            },
            "geometry": {
                "type": "Point",
                "coordinates": [
                    -92.54263325999993,
                    47.089783550008846
                ]
            }
        },
        {
            "type": "Feature",
            "properties": {
                "Name": "NOBLE CINDY K",
                "Address": "7972 WHITE PINE DR",
                "Phone": "6512631667",
                "Phase": "A",
                "Substation": "COTTON",
                "Map_location": "333010750",
                "PARCEL_NUMBER": null
            },
            "geometry": {
                "type": "Point",
                "coordinates": [
                    -92.54307575999994,
                    47.08992088000887
                ]
            }
        },
        {
            "type": "Feature",
            "properties": {
                "Name": "TERRELL RENEE S",
                "Address": "7983 WHITE PINE DR",
                "Phone": "2183918876",
                "Phase": "A",
                "Substation": "COTTON",
                "Map_location": "333010715",
                "PARCEL_NUMBER": "490002000400.0"
            },
            "geometry": {
                "type": "Point",
                "coordinates": [
                    -92.54206773161407,
                    47.089177291426665
                ]
            }
        },
        {
            "type": "Feature",
            "properties": {
                "Name": "ENTZMINGER MITCH TYLER",
                "Address": "8249 S SHORE DR",
                "Phone": "7632339986",
                "Phase": "A",
                "Substation": "COTTON",
                "Map_location": "333010704",
                "PARCEL_NUMBER": null
            },
            "geometry": {
                "type": "Point",
                "coordinates": [
                    -92.54727192999994,
                    47.09130180000885
                ]
            }
        },
        {
            "type": "Feature",
            "properties": {
                "Name": "RAHN BRUCE A",
                "Address": "7586 HWY 133",
                "Phone": "3205839582",
                "Phase": "C",
                "Substation": "COTTON",
                "Map_location": "333002201",
                "PARCEL_NUMBER": null
            },
            "geometry": {
                "type": "Point",
                "coordinates": [
                    -92.48071299999992,
                    47.06872630000884
                ]
            }
        },
        {
            "type": "Feature",
            "properties": {
                "Name": "HAGEN TOMMY J",
                "Address": "7423 BERKLUND ROAD",
                "Phone": "2183917969",
                "Phase": "A",
                "Substation": "COTTON",
                "Map_location": "333001403",
                "PARCEL_NUMBER": null
            },
            "geometry": {
                "type": "Point",
                "coordinates": [
                    -92.46224721999991,
                    47.06861382000882
                ]
            }
        },
        {
            "type": "Feature",
            "properties": {
                "Name": "MACKEY JANELLE M",
                "Address": "7200 BERKLUND RD",
                "Phone": "2185372202",
                "Phase": "A",
                "Substation": "COTTON",
                "Map_location": "333002301",
                "PARCEL_NUMBER": "490001003460.0"
            },
            "geometry": {
                "type": "Point",
                "coordinates": [
                    -92.45158798999991,
                    47.068265930008835
                ]
            }
        },
        {
            "type": "Feature",
            "properties": {
                "Name": "BRINER CAROL JEAN",
                "Address": "7526 BERG RD",
                "Phone": "2183456936",
                "Phase": "C",
                "Substation": "COTTON",
                "Map_location": "333002703",
                "PARCEL_NUMBER": "490001004110.0"
            },
            "geometry": {
                "type": "Point",
                "coordinates": [
                    -92.47434759999992,
                    47.05407620000881
                ]
            }
        },
        {
            "type": "Feature",
            "properties": {
                "Name": "REIMER DAVID P",
                "Address": "7678 BERG RD",
                "Phone": "2183103725",
                "Phase": "C",
                "Substation": "COTTON",
                "Map_location": "333002701",
                "PARCEL_NUMBER": null
            },
            "geometry": {
                "type": "Point",
                "coordinates": [
                    -92.49062720999993,
                    47.05397268000882
                ]
            }
        },
        {
            "type": "Feature",
            "properties": {
                "Name": "KREAGER JEFF",
                "Address": "7155 BERKLUND RD",
                "Phone": "2183400391",
                "Phase": "A",
                "Substation": "COTTON",
                "Map_location": "333001301",
                "PARCEL_NUMBER": null
            },
            "geometry": {
                "type": "Point",
                "coordinates": [
                    -92.44408886999992,
                    47.06844063000883
                ]
            }
        },
        {
            "type": "Feature",
            "properties": {
                "Name": "EFFINGER DEAN",
                "Address": "7247 BERKLUND RD",
                "Phone": "2187271928",
                "Phase": "A",
                "Substation": "COTTON",
                "Map_location": "333001302",
                "PARCEL_NUMBER": null
            },
            "geometry": {
                "type": "Point",
                "coordinates": [
                    -92.43443760999992,
                    47.06878637000884
                ]
            }
        },
        {
            "type": "Feature",
            "properties": {
                "Name": "JOHNSON DANIEL I",
                "Address": "7142 BERKLUND RD",
                "Phone": null,
                "Phase": "A",
                "Substation": "COTTON",
                "Map_location": "333002404",
                "PARCEL_NUMBER": null
            },
            "geometry": {
                "type": "Point",
                "coordinates": [
                    -92.4333245999999,
                    47.067582200008836
                ]
            }
        },
        {
            "type": "Feature",
            "properties": {
                "Name": "SARALAMPI SCOTT J",
                "Address": "7630 LINDELOF RD",
                "Phone": "2183939013",
                "Phase": "A",
                "Substation": "COTTON",
                "Map_location": "333002401",
                "PARCEL_NUMBER": "550002001770.0"
            },
            "geometry": {
                "type": "Point",
                "coordinates": [
                    -92.43695969999992,
                    47.06290260000883
                ]
            }
        },
        {
            "type": "Feature",
            "properties": {
                "Name": "SARALAMPI SCOTT J",
                "Address": "7630 LINDELOF RD",
                "Phone": "2183939013",
                "Phase": "A",
                "Substation": "COTTON",
                "Map_location": "333002401",
                "PARCEL_NUMBER": "490001003630.0"
            },
            "geometry": {
                "type": "Point",
                "coordinates": [
                    -92.43695969999992,
                    47.06290260000883
                ]
            }
        },
        {
            "type": "Feature",
            "properties": {
                "Name": "SARALAMPI SCOTT J",
                "Address": "7630 LINDELOF RD",
                "Phone": "2183939013",
                "Phase": "A",
                "Substation": "COTTON",
                "Map_location": "333002401",
                "PARCEL_NUMBER": "490001003642.0"
            },
            "geometry": {
                "type": "Point",
                "coordinates": [
                    -92.43695969999992,
                    47.06290260000883
                ]
            }
        },
        {
            "type": "Feature",
            "properties": {
                "Name": "KOLENDA JOSEPH A",
                "Address": "7592 LINDELOF RD",
                "Phone": "2184915951",
                "Phase": "A",
                "Substation": "COTTON",
                "Map_location": "333002403",
                "PARCEL_NUMBER": "490001003750.0"
            },
            "geometry": {
                "type": "Point",
                "coordinates": [
                    -92.4382114999999,
                    47.060301240008826
                ]
            }
        },
        {
            "type": "Feature",
            "properties": {
                "Name": "TRACY BRYAN",
                "Address": "7545 LINDELOF RD",
                "Phone": "2183458213",
                "Phase": "A",
                "Substation": "COTTON",
                "Map_location": "333002402",
                "PARCEL_NUMBER": "490003000100.0"
            },
            "geometry": {
                "type": "Point",
                "coordinates": [
                    -92.43987146123511,
                    47.057008708749
                ]
            }
        },
        {
            "type": "Feature",
            "properties": {
                "Name": "TRACY BRYAN",
                "Address": "7545 LINDELOF RD",
                "Phone": "2183458213",
                "Phase": "A",
                "Substation": "COTTON",
                "Map_location": "333002402",
                "PARCEL_NUMBER": "490001003842.0"
            },
            "geometry": {
                "type": "Point",
                "coordinates": [
                    -92.43987146123511,
                    47.057008708749
                ]
            }
        },
        {
            "type": "Feature",
            "properties": {
                "Name": "TRACY BRYAN",
                "Address": "7545 LINDELOF RD",
                "Phone": "2183458213",
                "Phase": "A",
                "Substation": "COTTON",
                "Map_location": "333002402",
                "PARCEL_NUMBER": "490001003840.0"
            },
            "geometry": {
                "type": "Point",
                "coordinates": [
                    -92.43987146123511,
                    47.057008708749
                ]
            }
        },
        {
            "type": "Feature",
            "properties": {
                "Name": "TRACY BRYAN",
                "Address": "7545 LINDELOF RD",
                "Phone": "2183458213",
                "Phase": "A",
                "Substation": "COTTON",
                "Map_location": "333002402",
                "PARCEL_NUMBER": "490001003844.0"
            },
            "geometry": {
                "type": "Point",
                "coordinates": [
                    -92.43987146123511,
                    47.057008708749
                ]
            }
        },
        {
            "type": "Feature",
            "properties": {
                "Name": "JAWORSKI MARK L",
                "Address": "7450 HIGHWAY 53",
                "Phone": "7637575246",
                "Phase": "B",
                "Substation": "COTTON",
                "Map_location": "333002601",
                "PARCEL_NUMBER": null
            },
            "geometry": {
                "type": "Point",
                "coordinates": [
                    -92.45655711999991,
                    47.0479680300088
                ]
            }
        },
        {
            "type": "Feature",
            "properties": {
                "Name": "LAMAR ADVERTISING CO",
                "Address": "CANYON W SIDE HWY 53",
                "Phone": "8002347293",
                "Phase": "B",
                "Substation": "COTTON",
                "Map_location": "333032706",
                "PARCEL_NUMBER": null
            },
            "geometry": {
                "type": "Point",
                "coordinates": [
                    -92.47135799999991,
                    47.042584170008794
                ]
            }
        },
        {
            "type": "Feature",
            "properties": {
                "Name": "AMBERG LAWRENCE D",
                "Address": "7315 HWY 53",
                "Phone": "2185908257",
                "Phase": "B",
                "Substation": "COTTON",
                "Map_location": "333032704",
                "PARCEL_NUMBER": "490001004270.0"
            },
            "geometry": {
                "type": "Point",
                "coordinates": [
                    -92.47187520999991,
                    47.04187520000881
                ]
            }
        },
        {
            "type": "Feature",
            "properties": {
                "Name": "AMBERG LAWRENCE D",
                "Address": "7315 HWY 53",
                "Phone": "2185908257",
                "Phase": "B",
                "Substation": "COTTON",
                "Map_location": "333032705",
                "PARCEL_NUMBER": "490001004270.0"
            },
            "geometry": {
                "type": "Point",
                "coordinates": [
                    -92.47202943999993,
                    47.04127270000881
                ]
            }
        },
        {
            "type": "Feature",
            "properties": {
                "Name": "LARSON CHESTER",
                "Address": "7493 HARRIS RD",
                "Phone": "2183456662",
                "Phase": "B",
                "Substation": "COTTON",
                "Map_location": "333032603",
                "PARCEL_NUMBER": null
            },
            "geometry": {
                "type": "Point",
                "coordinates": [
                    -92.47010739999993,
                    47.0403442000088
                ]
            }
        },
        {
            "type": "Feature",
            "properties": {
                "Name": "LARSON CHESTER",
                "Address": "HARRIS RD",
                "Phone": "2183456662",
                "Phase": "B",
                "Substation": "COTTON",
                "Map_location": "333032606",
                "PARCEL_NUMBER": null
            },
            "geometry": {
                "type": "Point",
                "coordinates": [
                    -92.46976739999992,
                    47.04019010000879
                ]
            }
        },
        {
            "type": "Feature",
            "properties": {
                "Name": "TRACY DONALD LEE",
                "Address": "7391 HARRIS RD HOME",
                "Phone": "2183430787",
                "Phase": "B",
                "Substation": "COTTON",
                "Map_location": "333032602",
                "PARCEL_NUMBER": null
            },
            "geometry": {
                "type": "Point",
                "coordinates": [
                    -92.45927779999991,
                    47.04067660000881
                ]
            }
        },
        {
            "type": "Feature",
            "properties": {
                "Name": "WOOD JOHN",
                "Address": "7380 HARRIS RD",
                "Phone": "2183456521",
                "Phase": "B",
                "Substation": "COTTON",
                "Map_location": "333033507",
                "PARCEL_NUMBER": "490001005430.0"
            },
            "geometry": {
                "type": "Point",
                "coordinates": [
                    -92.45844102999992,
                    47.03849818000878
                ]
            }
        },
        {
            "type": "Feature",
            "properties": {
                "Name": "WOOD JOHN",
                "Address": "7380 HARRIS RD",
                "Phone": "2183456521",
                "Phase": "B",
                "Substation": "COTTON",
                "Map_location": "333033507",
                "PARCEL_NUMBER": "490001005460.0"
            },
            "geometry": {
                "type": "Point",
                "coordinates": [
                    -92.45844102999992,
                    47.03849818000878
                ]
            }
        },
        {
            "type": "Feature",
            "properties": {
                "Name": "WOOD JOHN",
                "Address": "7380 HARRIS RD",
                "Phone": "2183456521",
                "Phase": "B",
                "Substation": "COTTON",
                "Map_location": "333033507",
                "PARCEL_NUMBER": "320001003270.0"
            },
            "geometry": {
                "type": "Point",
                "coordinates": [
                    -92.45844102999992,
                    47.03849818000878
                ]
            }
        },
        {
            "type": "Feature",
            "properties": {
                "Name": "TRACY RAYMOND LEE",
                "Address": "7349 HARRIS RD",
                "Phone": "2183482122",
                "Phase": "B",
                "Substation": "COTTON",
                "Map_location": "333032604",
                "PARCEL_NUMBER": "490001004100.0"
            },
            "geometry": {
                "type": "Point",
                "coordinates": [
                    -92.4548173999999,
                    47.03995820000879
                ]
            }
        },
        {
            "type": "Feature",
            "properties": {
                "Name": "TRACY RAYMOND LEE",
                "Address": "7349 HARRIS RD",
                "Phone": "2183482122",
                "Phase": "B",
                "Substation": "COTTON",
                "Map_location": "333032604",
                "PARCEL_NUMBER": "490001004092.0"
            },
            "geometry": {
                "type": "Point",
                "coordinates": [
                    -92.4548173999999,
                    47.03995820000879
                ]
            }
        },
        {
            "type": "Feature",
            "properties": {
                "Name": "WEBER TONIA T",
                "Address": "7288 HWY 53",
                "Phone": null,
                "Phase": "A",
                "Substation": "COTTON",
                "Map_location": "333033502",
                "PARCEL_NUMBER": null
            },
            "geometry": {
                "type": "Point",
                "coordinates": [
                    -92.47027569999992,
                    47.03934950000879
                ]
            }
        },
        {
            "type": "Feature",
            "properties": {
                "Name": "LAMAR ADVERTISING CO",
                "Address": "SIGN AT CANYON",
                "Phone": "8002347293",
                "Phase": "A",
                "Substation": "COTTON",
                "Map_location": "333033513",
                "PARCEL_NUMBER": null
            },
            "geometry": {
                "type": "Point",
                "coordinates": [
                    -92.47029069999994,
                    47.03869217000881
                ]
            }
        },
        {
            "type": "Feature",
            "properties": {
                "Name": "ST PETERS LUTHERA N CHURCH",
                "Address": "7260 HWY 53",
                "Phone": "2183456662",
                "Phase": "A",
                "Substation": "COTTON",
                "Map_location": "333033503",
                "PARCEL_NUMBER": null
            },
            "geometry": {
                "type": "Point",
                "coordinates": [
                    -92.47025709999991,
                    47.037037500008786
                ]
            }
        },
        {
            "type": "Feature",
            "properties": {
                "Name": "MINNESOTA HIGHWAY DEPT",
                "Address": "7259 HIGHWAY 53 -CANYON SITE",
                "Phone": "2187497798",
                "Phase": "B",
                "Substation": "COTTON",
                "Map_location": "333033409",
                "PARCEL_NUMBER": null
            },
            "geometry": {
                "type": "Point",
                "coordinates": [
                    -92.47296619999992,
                    47.037321800008804
                ]
            }
        },
        {
            "type": "Feature",
            "properties": {
                "Name": "MILLER STEPHANIE L",
                "Address": "7297 HWY 53",
                "Phone": "2185915726",
                "Phase": "B",
                "Substation": "COTTON",
                "Map_location": "333033404",
                "PARCEL_NUMBER": "490001005265.0"
            },
            "geometry": {
                "type": "Point",
                "coordinates": [
                    -92.47208466541908,
                    47.039446528973315
                ]
            }
        },
        {
            "type": "Feature",
            "properties": {
                "Name": "MILLER STEPHANIE L",
                "Address": "7297 HWY 53",
                "Phone": "2185915726",
                "Phase": "B",
                "Substation": "COTTON",
                "Map_location": "333033404",
                "PARCEL_NUMBER": "475001004830.0"
            },
            "geometry": {
                "type": "Point",
                "coordinates": [
                    -92.47208466541908,
                    47.039446528973315
                ]
            }
        },
        {
            "type": "Feature",
            "properties": {
                "Name": "WATKINS JENNIFER LYNN",
                "Address": "7307 HWY 53 N",
                "Phone": "2183934776",
                "Phase": "B",
                "Substation": "COTTON",
                "Map_location": "333032702",
                "PARCEL_NUMBER": null
            },
            "geometry": {
                "type": "Point",
                "coordinates": [
                    -92.47178809869771,
                    47.04025303065446
                ]
            }
        },
        {
            "type": "Feature",
            "properties": {
                "Name": "MILLER NICK",
                "Address": "7283 HWY 53 CAR WASH AND DAWGH",
                "Phone": null,
                "Phase": "B",
                "Substation": "COTTON",
                "Map_location": "333033410",
                "PARCEL_NUMBER": null
            },
            "geometry": {
                "type": "Point",
                "coordinates": [
                    -92.47254099999994,
                    47.0386308000088
                ]
            }
        },
        {
            "type": "Feature",
            "properties": {
                "Name": "FRONTIER COMMUNIC ATIONS",
                "Address": "BY CANYON GAS STATION",
                "Phone": "7017071015",
                "Phase": "B",
                "Substation": "COTTON",
                "Map_location": "333033414",
                "PARCEL_NUMBER": null
            },
            "geometry": {
                "type": "Point",
                "coordinates": [
                    -92.47196949999993,
                    47.03795770000879
                ]
            }
        },
        {
            "type": "Feature",
            "properties": {
                "Name": "NORTHLAND TOWNSHI P",
                "Address": "7271 HWY 53",
                "Phone": "2183937007",
                "Phase": "B",
                "Substation": "COTTON",
                "Map_location": "333033408",
                "PARCEL_NUMBER": null
            },
            "geometry": {
                "type": "Point",
                "coordinates": [
                    -92.47184879999993,
                    47.0377445000088
                ]
            }
        },
        {
            "type": "Feature",
            "properties": {
                "Name": "MCCORISON DANIEL JOSEPH",
                "Address": "7480 HARRIS RD",
                "Phone": "2187307597",
                "Phase": "B",
                "Substation": "COTTON",
                "Map_location": "333033514",
                "PARCEL_NUMBER": null
            },
            "geometry": {
                "type": "Point",
                "coordinates": [
                    -92.46846969999991,
                    47.039153900008806
                ]
            }
        },
        {
            "type": "Feature",
            "properties": {
                "Name": "SCHMIDT MARILYN J",
                "Address": "7229 HWY 53",
                "Phone": "2183404844",
                "Phase": "B",
                "Substation": "COTTON",
                "Map_location": "333033413",
                "PARCEL_NUMBER": null
            },
            "geometry": {
                "type": "Point",
                "coordinates": [
                    -92.47267149999992,
                    47.0345378000088
                ]
            }
        },
        {
            "type": "Feature",
            "properties": {
                "Name": "POYNTER RANDY",
                "Address": "7230 HWY 53",
                "Phone": "2183488080",
                "Phase": "C",
                "Substation": "COTTON",
                "Map_location": "333033504",
                "PARCEL_NUMBER": "490001005500.0"
            },
            "geometry": {
                "type": "Point",
                "coordinates": [
                    -92.47018072999991,
                    47.0347258500088
                ]
            }
        },
        {
            "type": "Feature",
            "properties": {
                "Name": "LOGELIN ALLEN R",
                "Address": "7190 HWY 53",
                "Phone": "2183916127",
                "Phase": "B",
                "Substation": "COTTON",
                "Map_location": "333033506",
                "PARCEL_NUMBER": null
            },
            "geometry": {
                "type": "Point",
                "coordinates": [
                    -92.47038469999993,
                    47.03215630000879
                ]
            }
        },
        {
            "type": "Feature",
            "properties": {
                "Name": "METTLER CINDY L",
                "Address": "7181 HWY 53",
                "Phone": "2187503991",
                "Phase": "B",
                "Substation": "COTTON",
                "Map_location": "333033402",
                "PARCEL_NUMBER": "490001005390.0"
            },
            "geometry": {
                "type": "Point",
                "coordinates": [
                    -92.47197981999992,
                    47.03095692000879
                ]
            }
        },
        {
            "type": "Feature",
            "properties": {
                "Name": "METTLER CINDY L",
                "Address": "7181 HWY 53",
                "Phone": "2187503991",
                "Phase": "B",
                "Substation": "COTTON",
                "Map_location": "333033402",
                "PARCEL_NUMBER": "490001005380.0"
            },
            "geometry": {
                "type": "Point",
                "coordinates": [
                    -92.47197981999992,
                    47.03095692000879
                ]
            }
        },
        {
            "type": "Feature",
            "properties": {
                "Name": "METTLER CINDY L",
                "Address": "7181 HWY 53",
                "Phone": "2187503991",
                "Phase": "B",
                "Substation": "COTTON",
                "Map_location": "333033402",
                "PARCEL_NUMBER": "305001005090.0"
            },
            "geometry": {
                "type": "Point",
                "coordinates": [
                    -92.47197981999992,
                    47.03095692000879
                ]
            }
        },
        {
            "type": "Feature",
            "properties": {
                "Name": "MARCINIAK DANA",
                "Address": "7145 HIGHWAY 53",
                "Phone": "2185901752",
                "Phase": "B",
                "Substation": "COTTON",
                "Map_location": "333033403",
                "PARCEL_NUMBER": null
            },
            "geometry": {
                "type": "Point",
                "coordinates": [
                    -92.47311319999993,
                    47.028328200008794
                ]
            }
        },
        {
            "type": "Feature",
            "properties": {
                "Name": "LOGELIN ALLEN R",
                "Address": "7190 HWY 53 SIGN",
                "Phone": "2183916127",
                "Phase": "B",
                "Substation": "COTTON",
                "Map_location": "333033509",
                "PARCEL_NUMBER": null
            },
            "geometry": {
                "type": "Point",
                "coordinates": [
                    -92.47032969999991,
                    47.03132090000879
                ]
            }
        },
        {
            "type": "Feature",
            "properties": {
                "Name": "LOGELIN ALLEN R",
                "Address": "7194 HWY 53",
                "Phone": "2183916127",
                "Phase": "B",
                "Substation": "COTTON",
                "Map_location": "333033515",
                "PARCEL_NUMBER": null
            },
            "geometry": {
                "type": "Point",
                "coordinates": [
                    -92.46970111396939,
                    47.03304368765984
                ]
            }
        },
        {
            "type": "Feature",
            "properties": {
                "Name": "SCHMIDT MARILYN J",
                "Address": "7229 HWY 53",
                "Phone": "2183404844",
                "Phase": "B",
                "Substation": "COTTON",
                "Map_location": "333033416",
                "PARCEL_NUMBER": null
            },
            "geometry": {
                "type": "Point",
                "coordinates": [
                    -92.47167504999992,
                    47.036446960008796
                ]
            }
        },
        {
            "type": "Feature",
            "properties": {
                "Name": "WOOD PETER J",
                "Address": "7102 HWY 53",
                "Phone": "2183456483",
                "Phase": "A",
                "Substation": "COTTON",
                "Map_location": "354000201",
                "PARCEL_NUMBER": null
            },
            "geometry": {
                "type": "Point",
                "coordinates": [
                    -92.46985029999993,
                    47.025420500008785
                ]
            }
        },
        {
            "type": "Feature",
            "properties": {
                "Name": "WOOD PETER J",
                "Address": "7102 HWY 53 HOUSE",
                "Phone": "2183456483",
                "Phase": "A",
                "Substation": "COTTON",
                "Map_location": "333003512",
                "PARCEL_NUMBER": null
            },
            "geometry": {
                "type": "Point",
                "coordinates": [
                    -92.46688739999992,
                    47.0265345000088
                ]
            }
        },
        {
            "type": "Feature",
            "properties": {
                "Name": "WALLGREN BRAD",
                "Address": "7073 HWY 53",
                "Phone": "2184911334",
                "Phase": "A",
                "Substation": "COTTON",
                "Map_location": "354000301",
                "PARCEL_NUMBER": null
            },
            "geometry": {
                "type": "Point",
                "coordinates": [
                    -92.47171226999993,
                    47.02350031000881
                ]
            }
        },
        {
            "type": "Feature",
            "properties": {
                "Name": "MOBERG RODNEY E",
                "Address": "5895 MORLEY BEACH RD",
                "Phone": "2184823317",
                "Phase": "B",
                "Substation": "COTTON",
                "Map_location": "314001878",
                "PARCEL_NUMBER": null
            },
            "geometry": {
                "type": "Point",
                "coordinates": [
                    -92.30162249999987,
                    47.16828410000895
                ]
            }
        },
        {
            "type": "Feature",
            "properties": {
                "Name": "LARSON TODD",
                "Address": "7483 HARRIS RD",
                "Phone": "2183484616",
                "Phase": "B",
                "Substation": "COTTON",
                "Map_location": "333032605",
                "PARCEL_NUMBER": "305002002780.0"
            },
            "geometry": {
                "type": "Point",
                "coordinates": [
                    -92.46872109999993,
                    47.03987180000881
                ]
            }
        },
        {
            "type": "Feature",
            "properties": {
                "Name": "ZWICKEY WILL M",
                "Address": "8391 FINN RD",
                "Phone": "7637670374",
                "Phase": "A",
                "Substation": "COTTON",
                "Map_location": "311011308",
                "PARCEL_NUMBER": null
            },
            "geometry": {
                "type": "Point",
                "coordinates": [
                    -92.56719018999993,
                    47.16152471000893
                ]
            }
        },
        {
            "type": "Feature",
            "properties": {
                "Name": "MOLINE LARRY A",
                "Address": "1361 MCDAVIT RD",
                "Phone": "2186249355",
                "Phase": "C",
                "Substation": "COTTON",
                "Map_location": "290002908",
                "PARCEL_NUMBER": null
            },
            "geometry": {
                "type": "Point",
                "coordinates": [
                    -92.64221157999995,
                    47.215822730009
                ]
            }
        },
        {
            "type": "Feature",
            "properties": {
                "Name": "KICK RORY",
                "Address": "1319 MCDAVITT RD",
                "Phone": "2184272753",
                "Phase": "C",
                "Substation": "COTTON",
                "Map_location": "290002909",
                "PARCEL_NUMBER": null
            },
            "geometry": {
                "type": "Point",
                "coordinates": [
                    -92.64363459999996,
                    47.212147100009005
                ]
            }
        },
        {
            "type": "Feature",
            "properties": {
                "Name": "OLSON MICHAEL",
                "Address": "5093 E COMSTOCK LAKE RD",
                "Phone": "2187248244",
                "Phase": "C",
                "Substation": "COTTON",
                "Map_location": "293042674",
                "PARCEL_NUMBER": null
            },
            "geometry": {
                "type": "Point",
                "coordinates": [
                    -92.21448487999984,
                    47.218705860009
                ]
            }
        },
        {
            "type": "Feature",
            "properties": {
                "Name": "SCHEUERMANN TODD L",
                "Address": "8678 KELSEY WHITEFACE RIVER RD",
                "Phone": "5182581230",
                "Phase": "B",
                "Substation": "COTTON",
                "Map_location": "311012314",
                "PARCEL_NUMBER": null
            },
            "geometry": {
                "type": "Point",
                "coordinates": [
                    -92.59214109999995,
                    47.149645600008924
                ]
            }
        },
        {
            "type": "Feature",
            "properties": {
                "Name": "BARNARD ERIC",
                "Address": "8477 MCKAY RD",
                "Phone": "7635875896",
                "Phase": "B",
                "Substation": "COTTON",
                "Map_location": "311012410",
                "PARCEL_NUMBER": null
            },
            "geometry": {
                "type": "Point",
                "coordinates": [
                    -92.57604429999994,
                    47.1393005000089
                ]
            }
        },
        {
            "type": "Feature",
            "properties": {
                "Name": "SCHNEIDER BRYAN C",
                "Address": "7737 MOBERG RD",
                "Phone": "2183902056",
                "Phase": "B",
                "Substation": "COTTON",
                "Map_location": "312000412",
                "PARCEL_NUMBER": "305002000566.0"
            },
            "geometry": {
                "type": "Point",
                "coordinates": [
                    -92.49918929896474,
                    47.19159315100312
                ]
            }
        },
        {
            "type": "Feature",
            "properties": {
                "Name": "SCHNEIDER BRYAN C",
                "Address": "7737 MOBERG RD",
                "Phone": "2183902056",
                "Phase": "B",
                "Substation": "COTTON",
                "Map_location": "312000412",
                "PARCEL_NUMBER": "305002000575.0"
            },
            "geometry": {
                "type": "Point",
                "coordinates": [
                    -92.49918929896474,
                    47.19159315100312
                ]
            }
        },
        {
            "type": "Feature",
            "properties": {
                "Name": "LANGILA DALE L",
                "Address": "7996 ARKOLA RD",
                "Phone": "2185913760",
                "Phase": "C",
                "Substation": "COTTON",
                "Map_location": "312001709",
                "PARCEL_NUMBER": null
            },
            "geometry": {
                "type": "Point",
                "coordinates": [
                    -92.52533642467887,
                    47.16852071926689
                ]
            }
        },
        {
            "type": "Feature",
            "properties": {
                "Name": "KOPIC RANDY",
                "Address": "9225 LINDSTROM RD",
                "Phone": "2183933389",
                "Phase": "B",
                "Substation": "COTTON",
                "Map_location": "312011111",
                "PARCEL_NUMBER": "305002001930.0"
            },
            "geometry": {
                "type": "Point",
                "coordinates": [
                    -92.45704365679677,
                    47.17821741642237
                ]
            }
        },
        {
            "type": "Feature",
            "properties": {
                "Name": "KOPIC RANDY",
                "Address": "9225 LINDSTROM RD",
                "Phone": "2183933389",
                "Phase": "B",
                "Substation": "COTTON",
                "Map_location": "312011111",
                "PARCEL_NUMBER": "305002001840.0"
            },
            "geometry": {
                "type": "Point",
                "coordinates": [
                    -92.45704365679677,
                    47.17821741642237
                ]
            }
        },
        {
            "type": "Feature",
            "properties": {
                "Name": "THOMPSON JEROD RONALD",
                "Address": "7215 COMSTOCK LAKE RD",
                "Phone": "2183905349",
                "Phase": "A",
                "Substation": "COTTON",
                "Map_location": "312011211",
                "PARCEL_NUMBER": null
            },
            "geometry": {
                "type": "Point",
                "coordinates": [
                    -92.44185159999992,
                    47.16931830000894
                ]
            }
        },
        {
            "type": "Feature",
            "properties": {
                "Name": "NELSON ALAN W",
                "Address": "7607 ARKOLA RD GARAGE",
                "Phone": "2183494216",
                "Phase": "B",
                "Substation": "COTTON",
                "Map_location": "312021059",
                "PARCEL_NUMBER": null
            },
            "geometry": {
                "type": "Point",
                "coordinates": [
                    -92.48428847999993,
                    47.16959157000894
                ]
            }
        },
        {
            "type": "Feature",
            "properties": {
                "Name": "BAUCH JORDAN T",
                "Address": "7158 COMSTOCK LAKE RD",
                "Phone": "6513538355",
                "Phase": "C",
                "Substation": "COTTON",
                "Map_location": "312031313",
                "PARCEL_NUMBER": null
            },
            "geometry": {
                "type": "Point",
                "coordinates": [
                    -92.43571969999992,
                    47.16718760000895
                ]
            }
        },
        {
            "type": "Feature",
            "properties": {
                "Name": "GREENHAW DAVID M",
                "Address": "6839 FIREFLY TRAIL",
                "Phone": "2187502330",
                "Phase": "A",
                "Substation": "COTTON",
                "Map_location": "313001707",
                "PARCEL_NUMBER": null
            },
            "geometry": {
                "type": "Point",
                "coordinates": [
                    -92.4027160999999,
                    47.16711900000895
                ]
            }
        },
        {
            "type": "Feature",
            "properties": {
                "Name": "MALHEREK MICHAEL",
                "Address": "7006 BUG CREEK RD",
                "Phone": "3209636573",
                "Phase": "C",
                "Substation": "COTTON",
                "Map_location": "313001812",
                "PARCEL_NUMBER": "305001003046.0"
            },
            "geometry": {
                "type": "Point",
                "coordinates": [
                    -92.4217402999999,
                    47.15835640000894
                ]
            }
        },
        {
            "type": "Feature",
            "properties": {
                "Name": "SAVOIE TROY SCOTT",
                "Address": "8428 MUNGER SHAW RD",
                "Phone": "6122095054",
                "Phase": "B",
                "Substation": "COTTON",
                "Map_location": "313003501",
                "PARCEL_NUMBER": null
            },
            "geometry": {
                "type": "Point",
                "coordinates": [
                    -92.33910449999989,
                    47.122933100008886
                ]
            }
        },
        {
            "type": "Feature",
            "properties": {
                "Name": "TRIEBWASSER AMIDON W",
                "Address": "7688 GRAY RD MAIN HOUSE",
                "Phone": "2184823477",
                "Phase": "B",
                "Substation": "COTTON",
                "Map_location": "312000305",
                "PARCEL_NUMBER": null
            },
            "geometry": {
                "type": "Point",
                "coordinates": [
                    -92.49177456764521,
                    47.19776863508022
                ]
            }
        },
        {
            "type": "Feature",
            "properties": {
                "Name": "TRIEBWASSER AMIDON W",
                "Address": "7688 GRAY RD PUMP HOUSE",
                "Phone": "2184823477",
                "Phase": "B",
                "Substation": "COTTON",
                "Map_location": "312000313",
                "PARCEL_NUMBER": null
            },
            "geometry": {
                "type": "Point",
                "coordinates": [
                    -92.49168847504778,
                    47.19614633493158
                ]
            }
        },
        {
            "type": "Feature",
            "properties": {
                "Name": "NELSON MICHAEL T",
                "Address": "SWENSON RD",
                "Phone": "3202961084",
                "Phase": "B",
                "Substation": "COTTON",
                "Map_location": "332001507",
                "PARCEL_NUMBER": null
            },
            "geometry": {
                "type": "Point",
                "coordinates": [
                    -92.60052266999995,
                    47.08376923000885
                ]
            }
        },
        {
            "type": "Feature",
            "properties": {
                "Name": "MORSE CLYDE EDWARD",
                "Address": "7896 BLUE SPRUCE RD",
                "Phone": "2183402040",
                "Phase": "B",
                "Substation": "COTTON",
                "Map_location": "332001701",
                "PARCEL_NUMBER": null
            },
            "geometry": {
                "type": "Point",
                "coordinates": [
                    -92.66127989999995,
                    47.085780000008846
                ]
            }
        },
        {
            "type": "Feature",
            "properties": {
                "Name": "Customer not found in Customer Table \n(Check with Billing)",
                "Address": null,
                "Phone": null,
                "Phase": "A",
                "Substation": "COTTON",
                "Map_location": "333010760",
                "PARCEL_NUMBER": null
            },
            "geometry": {
                "type": "Point",
                "coordinates": [
                    -92.53620162999992,
                    47.085333290008855
                ]
            }
        },
        {
            "type": "Feature",
            "properties": {
                "Name": "ZAMZOW JOEL",
                "Address": "8003 BYSTEDT RD",
                "Phone": "2183906270",
                "Phase": "A",
                "Substation": "COTTON",
                "Map_location": "333020843",
                "PARCEL_NUMBER": null
            },
            "geometry": {
                "type": "Point",
                "coordinates": [
                    -92.52997607999993,
                    47.086846250008854
                ]
            }
        },
        {
            "type": "Feature",
            "properties": {
                "Name": "SMITH PATRICK",
                "Address": "6992 LK ELORA DR",
                "Phone": "6122210267",
                "Phase": "C",
                "Substation": "COTTON",
                "Map_location": "334010676",
                "PARCEL_NUMBER": null
            },
            "geometry": {
                "type": "Point",
                "coordinates": [
                    -92.41678556999992,
                    47.10588829000886
                ]
            }
        },
        {
            "type": "Feature",
            "properties": {
                "Name": "Customer not found in Customer Table \n(Check with Billing)",
                "Address": null,
                "Phone": null,
                "Phase": "A",
                "Substation": "COTTON",
                "Map_location": "333020814",
                "PARCEL_NUMBER": null
            },
            "geometry": {
                "type": "Point",
                "coordinates": [
                    -92.53162003930126,
                    47.086934575724115
                ]
            }
        },
        {
            "type": "Feature",
            "properties": {
                "Name": "Customer not found in Customer Table \n(Check with Billing)",
                "Address": null,
                "Phone": null,
                "Phase": "A",
                "Substation": "COTTON",
                "Map_location": "333010722",
                "PARCEL_NUMBER": null
            },
            "geometry": {
                "type": "Point",
                "coordinates": [
                    -92.5391941553806,
                    47.08589172183559
                ]
            }
        },
        {
            "type": "Feature",
            "properties": {
                "Name": "Customer not found in Customer Table \n(Check with Billing)",
                "Address": null,
                "Phone": null,
                "Phase": "A",
                "Substation": "COTTON",
                "Map_location": "333010737",
                "PARCEL_NUMBER": null
            },
            "geometry": {
                "type": "Point",
                "coordinates": [
                    -92.54727955999994,
                    47.090824960008845
                ]
            }
        },
        {
            "type": "Feature",
            "properties": {
                "Name": "ANDERSON ANTOINETTE",
                "Address": "7872 HWY 53",
                "Phone": "2185049291",
                "Phase": "B",
                "Substation": "COTTON",
                "Map_location": "333001401",
                "PARCEL_NUMBER": null
            },
            "geometry": {
                "type": "Point",
                "coordinates": [
                    -92.47118069999992,
                    47.08118930000885
                ]
            }
        },
        {
            "type": "Feature",
            "properties": {
                "Name": "Customer not found in Customer Table \n(Check with Billing)",
                "Address": null,
                "Phone": null,
                "Phase": "A",
                "Substation": "COTTON",
                "Map_location": "333033510",
                "PARCEL_NUMBER": null
            },
            "geometry": {
                "type": "Point",
                "coordinates": [
                    -92.47022382565757,
                    47.036983217022474
                ]
            }
        },
        {
            "type": "Feature",
            "properties": {
                "Name": "Customer not found in Customer Table \n(Check with Billing)",
                "Address": null,
                "Phone": null,
                "Phase": "B",
                "Substation": "COTTON",
                "Map_location": "333033508",
                "PARCEL_NUMBER": null
            },
            "geometry": {
                "type": "Point",
                "coordinates": [
                    -92.47053955663063,
                    47.03123620345045
                ]
            }
        },
        {
            "type": "Feature",
            "properties": {
                "Name": "GIESE MICHAEL ROGER",
                "Address": "E COMSTOCK LAKE RD",
                "Phone": "2182138643",
                "Phase": "C",
                "Substation": "COTTON",
                "Map_location": "293042677",
                "PARCEL_NUMBER": null
            },
            "geometry": {
                "type": "Point",
                "coordinates": [
                    -92.21492433999984,
                    47.21814454000901
                ]
            }
        },
        {
            "type": "Feature",
            "properties": {
                "Name": "FERKINGSTAD JERRY P",
                "Address": "6967 HWY 53",
                "Phone": "2183456731",
                "Phase": "A",
                "Substation": "COTTON",
                "Map_location": "354000304",
                "PARCEL_NUMBER": "475001000460.0"
            },
            "geometry": {
                "type": "Point",
                "coordinates": [
                    -92.47259060999993,
                    47.015231210008785
                ]
            }
        },
        {
            "type": "Feature",
            "properties": {
                "Name": "FERKINGSTAD JERRY P",
                "Address": "6967 HWY 53",
                "Phone": "2183456731",
                "Phase": "A",
                "Substation": "COTTON",
                "Map_location": "354000304",
                "PARCEL_NUMBER": "475001000470.0"
            },
            "geometry": {
                "type": "Point",
                "coordinates": [
                    -92.47259060999993,
                    47.015231210008785
                ]
            }
        },
        {
            "type": "Feature",
            "properties": {
                "Name": "Customer not found in Customer Table \n(Check with Billing)",
                "Address": null,
                "Phone": null,
                "Phase": "A",
                "Substation": "COTTON",
                "Map_location": "292002736",
                "PARCEL_NUMBER": null
            },
            "geometry": {
                "type": "Point",
                "coordinates": [
                    -92.36512757737489,
                    47.214347459095194
                ]
            }
        },
        {
            "type": "Feature",
            "properties": {
                "Name": "Customer not found in Customer Table \n(Check with Billing)",
                "Address": null,
                "Phone": null,
                "Phase": "B",
                "Substation": "COTTON",
                "Map_location": "311012217",
                "PARCEL_NUMBER": null
            },
            "geometry": {
                "type": "Point",
                "coordinates": [
                    -92.60025344999994,
                    47.153650650008935
                ]
            }
        },
        {
            "type": "Feature",
            "properties": {
                "Name": "HARTEL DANIEL",
                "Address": "8103 POMANDER WALK",
                "Phone": "2185907050",
                "Phase": "C",
                "Substation": "COTTON",
                "Map_location": "334020639",
                "PARCEL_NUMBER": null
            },
            "geometry": {
                "type": "Point",
                "coordinates": [
                    -92.41354639999992,
                    47.097431400008865
                ]
            }
        },
        {
            "type": "Feature",
            "properties": {
                "Name": "Customer not found in Customer Table \n(Check with Billing)",
                "Address": null,
                "Phone": null,
                "Phase": "B",
                "Substation": "COTTON",
                "Map_location": "311012212",
                "PARCEL_NUMBER": null
            },
            "geometry": {
                "type": "Point",
                "coordinates": [
                    -92.59976213999992,
                    47.153309450008926
                ]
            }
        },
        {
            "type": "Feature",
            "properties": {
                "Name": "DELANGHE ERNEST",
                "Address": "6726 ARIZONA RD",
                "Phone": "9528903020",
                "Phase": "A",
                "Substation": "COTTON",
                "Map_location": "292022053",
                "PARCEL_NUMBER": null
            },
            "geometry": {
                "type": "Point",
                "coordinates": [
                    -92.3939527999999,
                    47.22979280000901
                ]
            }
        },
        {
            "type": "Feature",
            "properties": {
                "Name": "PALMQUIST DAN",
                "Address": "6007 MORLEY BEACH RD",
                "Phone": "2188798339",
                "Phase": "B",
                "Substation": "COTTON",
                "Map_location": "313011311",
                "PARCEL_NUMBER": null
            },
            "geometry": {
                "type": "Point",
                "coordinates": [
                    -92.31382039999987,
                    47.15988480000894
                ]
            }
        },
        {
            "type": "Feature",
            "properties": {
                "Name": "SPANIER CURT J",
                "Address": "HWY 7",
                "Phone": "7637535276",
                "Phase": "B",
                "Substation": "COTTON",
                "Map_location": "332011109",
                "PARCEL_NUMBER": null
            },
            "geometry": {
                "type": "Point",
                "coordinates": [
                    -92.59831420999993,
                    47.092936700008856
                ]
            }
        },
        {
            "type": "Feature",
            "properties": {
                "Name": "BOCK PAUL A",
                "Address": "9139 PEARY RD",
                "Phone": "2183930778",
                "Phase": "A",
                "Substation": "COTTON",
                "Map_location": "311001103",
                "PARCEL_NUMBER": null
            },
            "geometry": {
                "type": "Point",
                "coordinates": [
                    -92.57819663999993,
                    47.17062522000896
                ]
            }
        },
        {
            "type": "Feature",
            "properties": {
                "Name": "WISCONSIN CENTRAL LTD",
                "Address": "LOC 19 - MP 47.2",
                "Phone": "5143994700",
                "Phase": "A",
                "Substation": "COTTON",
                "Map_location": "313000406",
                "PARCEL_NUMBER": null
            },
            "geometry": {
                "type": "Point",
                "coordinates": [
                    -92.3718212999999,
                    47.191520700008965
                ]
            }
        },
        {
            "type": "Feature",
            "properties": {
                "Name": "BURLINGTON NORTHE RN SF",
                "Address": "HWY 29 KELSEY",
                "Phone": "4023445760",
                "Phase": "B",
                "Substation": "COTTON",
                "Map_location": "311012216",
                "PARCEL_NUMBER": null
            },
            "geometry": {
                "type": "Point",
                "coordinates": [
                    -92.61428549999995,
                    47.14196710000892
                ]
            }
        },
        {
            "type": "Feature",
            "properties": {
                "Name": "WIHANTO NICK D",
                "Address": "7014 BUG CREEK RD",
                "Phone": null,
                "Phase": "C",
                "Substation": "COTTON",
                "Map_location": "313001814",
                "PARCEL_NUMBER": null
            },
            "geometry": {
                "type": "Point",
                "coordinates": [
                    -92.4211295999999,
                    47.16210330000893
                ]
            }
        },
        {
            "type": "Feature",
            "properties": {
                "Name": "O'BRIEN KEVIN P",
                "Address": "6041 MORLEY BEACH RD",
                "Phone": "6512530212",
                "Phase": "B",
                "Substation": "COTTON",
                "Map_location": "313011307",
                "PARCEL_NUMBER": null
            },
            "geometry": {
                "type": "Point",
                "coordinates": [
                    -92.31901390999988,
                    47.15704753000893
                ]
            }
        },
        {
            "type": "Feature",
            "properties": {
                "Name": "MCKAY CASEY JOSEPH",
                "Address": "7217 KAUPPI LAKE RD",
                "Phone": "2184091001",
                "Phase": "B",
                "Substation": "COTTON",
                "Map_location": "312002430",
                "PARCEL_NUMBER": "305002004252.0"
            },
            "geometry": {
                "type": "Point",
                "coordinates": [
                    -92.44670119999992,
                    47.14500360000892
                ]
            }
        },
        {
            "type": "Feature",
            "properties": {
                "Name": "LAPLANTE MARTIN J",
                "Address": "6840 LK ELORA DR",
                "Phone": "2183436882",
                "Phase": "C",
                "Substation": "COTTON",
                "Map_location": "334010548",
                "PARCEL_NUMBER": null
            },
            "geometry": {
                "type": "Point",
                "coordinates": [
                    -92.4047746099999,
                    47.10969529000887
                ]
            }
        },
        {
            "type": "Feature",
            "properties": {
                "Name": "FRENCH CLUB",
                "Address": "6838 LAKE ELORA DRIVE",
                "Phone": "2183456788",
                "Phase": "C",
                "Substation": "COTTON",
                "Map_location": "334020556",
                "PARCEL_NUMBER": null
            },
            "geometry": {
                "type": "Point",
                "coordinates": [
                    -92.4040235399999,
                    47.11042785000888
                ]
            }
        },
        {
            "type": "Feature",
            "properties": {
                "Name": "SMITH RYAN PATRICK",
                "Address": "6978 ELM LANE",
                "Phone": "6513414561",
                "Phase": "C",
                "Substation": "COTTON",
                "Map_location": "334020640",
                "PARCEL_NUMBER": null
            },
            "geometry": {
                "type": "Point",
                "coordinates": [
                    -92.41672078999991,
                    47.098141930008865
                ]
            }
        },
        {
            "type": "Feature",
            "properties": {
                "Name": "BODIN KARL EDWARD",
                "Address": "5258 N COMSTOCK LAKE RD",
                "Phone": "7176152999",
                "Phase": "C",
                "Substation": "COTTON",
                "Map_location": "293042758",
                "PARCEL_NUMBER": null
            },
            "geometry": {
                "type": "Point",
                "coordinates": [
                    -92.23253359999985,
                    47.214470600009
                ]
            }
        },
        {
            "type": "Feature",
            "properties": {
                "Name": "MCDEVITT LYNETTE JOY",
                "Address": "5262 N COMSTOCK LK RD",
                "Phone": "2187295513",
                "Phase": "C",
                "Substation": "COTTON",
                "Map_location": "293042750",
                "PARCEL_NUMBER": null
            },
            "geometry": {
                "type": "Point",
                "coordinates": [
                    -92.23262249999985,
                    47.214439600009
                ]
            }
        },
        {
            "type": "Feature",
            "properties": {
                "Name": "Customer not found in Customer Table \n(Check with Billing)",
                "Address": null,
                "Phone": null,
                "Phase": "C",
                "Substation": "COTTON",
                "Map_location": "311011302",
                "PARCEL_NUMBER": null
            },
            "geometry": {
                "type": "Point",
                "coordinates": [
                    -92.57411288388265,
                    47.1678017213863
                ]
            }
        },
        {
            "type": "Feature",
            "properties": {
                "Name": "WASTE MANAGEMENT",
                "Address": "6830 HWY 53 SHOP",
                "Phone": "2183456303",
                "Phase": "B",
                "Substation": "COTTON",
                "Map_location": "354001186",
                "PARCEL_NUMBER": null
            },
            "geometry": {
                "type": "Point",
                "coordinates": [
                    -92.4654024130889,
                    47.01385164380433
                ]
            }
        },
        {
            "type": "Feature",
            "properties": {
                "Name": "WASTE MANAGEMENT",
                "Address": "6830 HIGHWAY 53",
                "Phone": "2183456303",
                "Phase": "B",
                "Substation": "COTTON",
                "Map_location": "354001189",
                "PARCEL_NUMBER": null
            },
            "geometry": {
                "type": "Point",
                "coordinates": [
                    -92.46379509931694,
                    47.009850146591106
                ]
            }
        },
        {
            "type": "Feature",
            "properties": {
                "Name": "WASTE MANAGEMENT",
                "Address": "VOYAGEUR IND LANDFILL",
                "Phone": "2183456303",
                "Phase": "B",
                "Substation": "COTTON",
                "Map_location": "354001184",
                "PARCEL_NUMBER": null
            },
            "geometry": {
                "type": "Point",
                "coordinates": [
                    -92.46587689710513,
                    47.00981064285108
                ]
            }
        },
        {
            "type": "Feature",
            "properties": {
                "Name": "SHOWERS DAVID G",
                "Address": "7446 HWY 53",
                "Phone": "2183908826",
                "Phase": "B",
                "Substation": "COTTON",
                "Map_location": "333002673",
                "PARCEL_NUMBER": null
            },
            "geometry": {
                "type": "Point",
                "coordinates": [
                    -92.46594299999991,
                    47.049690000008816
                ]
            }
        },
        {
            "type": "Feature",
            "properties": {
                "Name": "ENOCHS MARK B",
                "Address": "1219 PEARSON RD",
                "Phone": "9523349257",
                "Phase": "B",
                "Substation": "COTTON",
                "Map_location": "292053554",
                "PARCEL_NUMBER": null
            },
            "geometry": {
                "type": "Point",
                "coordinates": [
                    -92.32859659999988,
                    47.20579410000898
                ]
            }
        },
        {
            "type": "Feature",
            "properties": {
                "Name": "BUJOLD THEODORE",
                "Address": "1189 PEARSON DR",
                "Phone": "2185913844",
                "Phase": "B",
                "Substation": "COTTON",
                "Map_location": "292053567",
                "PARCEL_NUMBER": null
            },
            "geometry": {
                "type": "Point",
                "coordinates": [
                    -92.32959499999988,
                    47.204972100008995
                ]
            }
        },
        {
            "type": "Feature",
            "properties": {
                "Name": "KING RODNEY C",
                "Address": "1231 PEARSON RD",
                "Phone": "2184823491",
                "Phase": "B",
                "Substation": "COTTON",
                "Map_location": "292053544",
                "PARCEL_NUMBER": null
            },
            "geometry": {
                "type": "Point",
                "coordinates": [
                    -92.32786029999988,
                    47.20642930000899
                ]
            }
        },
        {
            "type": "Feature",
            "properties": {
                "Name": "LEMON THOMAS M",
                "Address": "1187 PEARSON DR",
                "Phone": "2185254306",
                "Phase": "B",
                "Substation": "COTTON",
                "Map_location": "292053568",
                "PARCEL_NUMBER": null
            },
            "geometry": {
                "type": "Point",
                "coordinates": [
                    -92.33111789999988,
                    47.20400430000899
                ]
            }
        },
        {
            "type": "Feature",
            "properties": {
                "Name": "Customer not found in Customer Table \n(Check with Billing)",
                "Address": null,
                "Phone": null,
                "Phase": "A",
                "Substation": "COTTON",
                "Map_location": "354001037",
                "PARCEL_NUMBER": null
            },
            "geometry": {
                "type": "Point",
                "coordinates": [
                    -92.47257309324523,
                    47.00193635358035
                ]
            }
        },
        {
            "type": "Feature",
            "properties": {
                "Name": "SMITH ARTHUR DAVID",
                "Address": "6795 HIGHWAY 53",
                "Phone": "2184914925",
                "Phase": "A",
                "Substation": "COTTON",
                "Map_location": "354001038",
                "PARCEL_NUMBER": null
            },
            "geometry": {
                "type": "Point",
                "coordinates": [
                    -92.47212849999991,
                    47.00234840000876
                ]
            }
        },
        {
            "type": "Feature",
            "properties": {
                "Name": "Customer not found in Customer Table \n(Check with Billing)",
                "Address": null,
                "Phone": null,
                "Phase": "B",
                "Substation": "COTTON",
                "Map_location": "332001108",
                "PARCEL_NUMBER": "440002001516.0"
            },
            "geometry": {
                "type": "Point",
                "coordinates": [
                    -92.59835724863146,
                    47.09615786962935
                ]
            }
        },
        {
            "type": "Feature",
            "properties": {
                "Name": "Customer not found in Customer Table \n(Check with Billing)",
                "Address": null,
                "Phone": null,
                "Phase": "B",
                "Substation": "COTTON",
                "Map_location": "332001108",
                "PARCEL_NUMBER": "440002001280.0"
            },
            "geometry": {
                "type": "Point",
                "coordinates": [
                    -92.59835724863146,
                    47.09615786962935
                ]
            }
        },
        {
            "type": "Feature",
            "properties": {
                "Name": "Customer not found in Customer Table \n(Check with Billing)",
                "Address": null,
                "Phone": null,
                "Phase": "B",
                "Substation": "COTTON",
                "Map_location": "332001108",
                "PARCEL_NUMBER": "440002001285.0"
            },
            "geometry": {
                "type": "Point",
                "coordinates": [
                    -92.59835724863146,
                    47.09615786962935
                ]
            }
        },
        {
            "type": "Feature",
            "properties": {
                "Name": "GASKELL GREG A",
                "Address": "8072 HIGHWAY 7",
                "Phone": "2183438967",
                "Phase": "B",
                "Substation": "COTTON",
                "Map_location": "332001110",
                "PARCEL_NUMBER": null
            },
            "geometry": {
                "type": "Point",
                "coordinates": [
                    -92.59802789999995,
                    47.096613000008865
                ]
            }
        },
        {
            "type": "Feature",
            "properties": {
                "Name": "ST LOUIS COUNTY",
                "Address": "CSAH 133 & TH 53",
                "Phone": "2182620150",
                "Phase": "C",
                "Substation": "COTTON",
                "Map_location": "333002202",
                "PARCEL_NUMBER": null
            },
            "geometry": {
                "type": "Point",
                "coordinates": [
                    -92.47202997933569,
                    47.0684303109203
                ]
            }
        },
        {
            "type": "Feature",
            "properties": {
                "Name": "DAHLIN KATHRYN MARIE",
                "Address": "8259 E ROSE LAKE DRIVE",
                "Phone": "2183489741",
                "Phase": "C",
                "Substation": "COTTON",
                "Map_location": "334010626",
                "PARCEL_NUMBER": null
            },
            "geometry": {
                "type": "Point",
                "coordinates": [
                    -92.4159005999999,
                    47.107014000008874
                ]
            }
        },
        {
            "type": "Feature",
            "properties": {
                "Name": "WAGNER SALLY A",
                "Address": "8261 E ROSE LAKE DRIVE",
                "Phone": "2183456355",
                "Phase": "C",
                "Substation": "COTTON",
                "Map_location": "334010627",
                "PARCEL_NUMBER": null
            },
            "geometry": {
                "type": "Point",
                "coordinates": [
                    -92.41566197999991,
                    47.107463740008875
                ]
            }
        },
        {
            "type": "Feature",
            "properties": {
                "Name": "SIMEK SCOTT",
                "Address": "8731 POPLAR RD",
                "Phone": "2184283716",
                "Phase": "C",
                "Substation": "COTTON",
                "Map_location": "311002007",
                "PARCEL_NUMBER": "60001000900.0"
            },
            "geometry": {
                "type": "Point",
                "coordinates": [
                    -92.65382589999996,
                    47.14135990000891
                ]
            }
        },
        {
            "type": "Feature",
            "properties": {
                "Name": "SIMEK SCOTT",
                "Address": "8731 POPLAR RD",
                "Phone": "2184283716",
                "Phase": "C",
                "Substation": "COTTON",
                "Map_location": "311002007",
                "PARCEL_NUMBER": "60001000910.0"
            },
            "geometry": {
                "type": "Point",
                "coordinates": [
                    -92.65382589999996,
                    47.14135990000891
                ]
            }
        },
        {
            "type": "Feature",
            "properties": {
                "Name": "SIMEK SCOTT",
                "Address": "8731 POPLAR RD",
                "Phone": "2184283716",
                "Phase": "C",
                "Substation": "COTTON",
                "Map_location": "311002007",
                "PARCEL_NUMBER": "405001003490.0"
            },
            "geometry": {
                "type": "Point",
                "coordinates": [
                    -92.65382589999996,
                    47.14135990000891
                ]
            }
        },
        {
            "type": "Feature",
            "properties": {
                "Name": "RYLANDER CAROL",
                "Address": "HWY 53",
                "Phone": "6514295626",
                "Phase": "A",
                "Substation": "COTTON",
                "Map_location": "312002604",
                "PARCEL_NUMBER": null
            },
            "geometry": {
                "type": "Point",
                "coordinates": [
                    -92.46729939999992,
                    47.1264987000089
                ]
            }
        },
        {
            "type": "Feature",
            "properties": {
                "Name": "CHINIKAYLO SERGEY P",
                "Address": "6096 ELDE RD",
                "Phone": "7632452087",
                "Phase": "B",
                "Substation": "COTTON",
                "Map_location": "313011380",
                "PARCEL_NUMBER": "305003300010.0"
            },
            "geometry": {
                "type": "Point",
                "coordinates": [
                    -92.32172559999988,
                    47.161294600008944
                ]
            }
        },
        {
            "type": "Feature",
            "properties": {
                "Name": "REIMER JEANNINE",
                "Address": "8964 KEALEY RD",
                "Phone": "6513196024",
                "Phase": "B",
                "Substation": "COTTON",
                "Map_location": "313011383",
                "PARCEL_NUMBER": null
            },
            "geometry": {
                "type": "Point",
                "coordinates": [
                    -92.32285627999988,
                    47.15956392000893
                ]
            }
        },
        {
            "type": "Feature",
            "properties": {
                "Name": "DEDINA JAMES E",
                "Address": "8958 KEALY RD",
                "Phone": "2183900918",
                "Phase": "B",
                "Substation": "COTTON",
                "Map_location": "313011377",
                "PARCEL_NUMBER": null
            },
            "geometry": {
                "type": "Point",
                "coordinates": [
                    -92.3223225999999,
                    47.158667800008935
                ]
            }
        },
        {
            "type": "Feature",
            "properties": {
                "Name": "POHL JAMES M",
                "Address": "8976 KEALY RD",
                "Phone": "2184281965",
                "Phase": "B",
                "Substation": "COTTON",
                "Map_location": "313011385",
                "PARCEL_NUMBER": null
            },
            "geometry": {
                "type": "Point",
                "coordinates": [
                    -92.32176059999989,
                    47.16045480000893
                ]
            }
        },
        {
            "type": "Feature",
            "properties": {
                "Name": "VERIZON WIRELESS",
                "Address": "7505 HIGHWAY 133 SITE 13319",
                "Phone": "7013610006",
                "Phase": "C",
                "Substation": "COTTON",
                "Map_location": "333001502",
                "PARCEL_NUMBER": null
            },
            "geometry": {
                "type": "Point",
                "coordinates": [
                    -92.47416239999993,
                    47.069989100008826
                ]
            }
        },
        {
            "type": "Feature",
            "properties": {
                "Name": "Customer not found in Customer Table \n(Check with Billing)",
                "Address": null,
                "Phone": null,
                "Phase": "C",
                "Substation": "COTTON",
                "Map_location": "333001503",
                "PARCEL_NUMBER": null
            },
            "geometry": {
                "type": "Point",
                "coordinates": [
                    -92.47413959999992,
                    47.06998060000883
                ]
            }
        },
        {
            "type": "Feature",
            "properties": {
                "Name": "AT & T MOBILITY",
                "Address": "7507 CTY RD 133",
                "Phone": "8663224547",
                "Phase": "C",
                "Substation": "COTTON",
                "Map_location": "333001505",
                "PARCEL_NUMBER": null
            },
            "geometry": {
                "type": "Point",
                "coordinates": [
                    -92.47415599999991,
                    47.06996740000884
                ]
            }
        },
        {
            "type": "Feature",
            "properties": {
                "Name": "JONGEWAARD PETER KIEBEL",
                "Address": "7009 THREE LAKES RD",
                "Phone": "2183414017",
                "Phase": "C",
                "Substation": "COTTON",
                "Map_location": "334020638",
                "PARCEL_NUMBER": null
            },
            "geometry": {
                "type": "Point",
                "coordinates": [
                    -92.42145259999991,
                    47.09811870000887
                ]
            }
        },
        {
            "type": "Feature",
            "properties": {
                "Name": "LOOF BRIAN",
                "Address": "7005 THREE LAKES RD",
                "Phone": "2187214418",
                "Phase": "C",
                "Substation": "COTTON",
                "Map_location": "334020641",
                "PARCEL_NUMBER": null
            },
            "geometry": {
                "type": "Point",
                "coordinates": [
                    -92.42018239999992,
                    47.098085000008865
                ]
            }
        },
        {
            "type": "Feature",
            "properties": {
                "Name": "DEGROOT ROBERT A",
                "Address": "9421 MINK RD",
                "Phone": "5073301187",
                "Phase": "A",
                "Substation": "COTTON",
                "Map_location": "313000405",
                "PARCEL_NUMBER": null
            },
            "geometry": {
                "type": "Point",
                "coordinates": [
                    -92.3683070999999,
                    47.19273610000897
                ]
            }
        },
        {
            "type": "Feature",
            "properties": {
                "Name": "FEDORUK ELIZABETH",
                "Address": "6384 PIONEER LK RD",
                "Phone": "6122012809",
                "Phase": "B",
                "Substation": "COTTON",
                "Map_location": "313032202",
                "PARCEL_NUMBER": null
            },
            "geometry": {
                "type": "Point",
                "coordinates": [
                    -92.35465759999988,
                    47.14990100000892
                ]
            }
        },
        {
            "type": "Feature",
            "properties": {
                "Name": "KUKLIS JIM DALE",
                "Address": "5951 MORLEY BEACH RD",
                "Phone": "2188792160",
                "Phase": "B",
                "Substation": "COTTON",
                "Map_location": "313011320",
                "PARCEL_NUMBER": null
            },
            "geometry": {
                "type": "Point",
                "coordinates": [
                    -92.30741229999987,
                    47.16434890000893
                ]
            }
        },
        {
            "type": "Feature",
            "properties": {
                "Name": "PETERSON JAMES W",
                "Address": "8561 MCKAY RD",
                "Phone": "2184272359",
                "Phase": "B",
                "Substation": "COTTON",
                "Map_location": "311012309",
                "PARCEL_NUMBER": null
            },
            "geometry": {
                "type": "Point",
                "coordinates": [
                    -92.58496988999993,
                    47.14014818000892
                ]
            }
        },
        {
            "type": "Feature",
            "properties": {
                "Name": "RODBERG STEVEN A",
                "Address": "8748 ERICKSON RD",
                "Phone": "6512063344",
                "Phase": "B",
                "Substation": "COTTON",
                "Map_location": "311012411",
                "PARCEL_NUMBER": null
            },
            "geometry": {
                "type": "Point",
                "coordinates": [
                    -92.57814739999995,
                    47.14168500000892
                ]
            }
        },
        {
            "type": "Feature",
            "properties": {
                "Name": "EAST NICOLE",
                "Address": "5827 MORLEY BEACH ROAD",
                "Phone": "6514703651",
                "Phase": "B",
                "Substation": "COTTON",
                "Map_location": "314010762",
                "PARCEL_NUMBER": null
            },
            "geometry": {
                "type": "Point",
                "coordinates": [
                    -92.29695700000002,
                    47.17063699999988
                ]
            }
        },
        {
            "type": "Feature",
            "properties": {
                "Name": "ROSSITER DANIEL",
                "Address": "5841 MORLEY BEACH RD",
                "Phone": "6517843357",
                "Phase": "B",
                "Substation": "COTTON",
                "Map_location": "314010752",
                "PARCEL_NUMBER": null
            },
            "geometry": {
                "type": "Point",
                "coordinates": [
                    -92.29876686999987,
                    47.169858550008954
                ]
            }
        },
        {
            "type": "Feature",
            "properties": {
                "Name": "KINNEY PETER T",
                "Address": "5888 ELDIE RD",
                "Phone": "6122024817",
                "Phase": "B",
                "Substation": "COTTON",
                "Map_location": "314010751",
                "PARCEL_NUMBER": null
            },
            "geometry": {
                "type": "Point",
                "coordinates": [
                    -92.30166998999987,
                    47.17149760000895
                ]
            }
        },
        {
            "type": "Feature",
            "properties": {
                "Name": "MILLER STEPHEN J",
                "Address": "5886 ELDE RD",
                "Phone": "9522019274",
                "Phase": "B",
                "Substation": "COTTON",
                "Map_location": "314010735",
                "PARCEL_NUMBER": null
            },
            "geometry": {
                "type": "Point",
                "coordinates": [
                    -92.3007236270161,
                    47.171858886790496
                ]
            }
        },
        {
            "type": "Feature",
            "properties": {
                "Name": "FRANKE BOBBY",
                "Address": "7117 COMSTOCK LK RD",
                "Phone": "2189662015",
                "Phase": "A",
                "Substation": "COTTON",
                "Map_location": "312011212",
                "PARCEL_NUMBER": null
            },
            "geometry": {
                "type": "Point",
                "coordinates": [
                    -92.4328748899999,
                    47.171109110008956
                ]
            }
        },
        {
            "type": "Feature",
            "properties": {
                "Name": "WISURI DOUG CHARLES",
                "Address": "9180 MURPHY RD",
                "Phone": "6125083372",
                "Phase": "C",
                "Substation": "COTTON",
                "Map_location": "312000806",
                "PARCEL_NUMBER": null
            },
            "geometry": {
                "type": "Point",
                "coordinates": [
                    -92.53501589999993,
                    47.179328600008965
                ]
            }
        },
        {
            "type": "Feature",
            "properties": {
                "Name": "LEGUTKO CHELSEY A",
                "Address": "9110 MURPHY RD",
                "Phone": "2186391673",
                "Phase": "C",
                "Substation": "COTTON",
                "Map_location": "312000807",
                "PARCEL_NUMBER": null
            },
            "geometry": {
                "type": "Point",
                "coordinates": [
                    -92.53637969999993,
                    47.177301200008955
                ]
            }
        },
        {
            "type": "Feature",
            "properties": {
                "Name": "THOMPSON JEROD RONALD",
                "Address": "7208 EAST COMSTOCK LAKE RD",
                "Phone": "2183905349",
                "Phase": "C",
                "Substation": "COTTON",
                "Map_location": "312031315",
                "PARCEL_NUMBER": null
            },
            "geometry": {
                "type": "Point",
                "coordinates": [
                    -92.44152541310784,
                    47.16696517739852
                ]
            }
        },
        {
            "type": "Feature",
            "properties": {
                "Name": "STASSEN MICHAEL H",
                "Address": "8445 KELSEY WHITEFACE RD",
                "Phone": "7632342776",
                "Phase": "A",
                "Substation": "COTTON",
                "Map_location": "311011310",
                "PARCEL_NUMBER": null
            },
            "geometry": {
                "type": "Point",
                "coordinates": [
                    -92.57282273999995,
                    47.15382062000892
                ]
            }
        },
        {
            "type": "Feature",
            "properties": {
                "Name": "MAUS GARRY L",
                "Address": "7473 COMSTOCK LAKE RD",
                "Phone": "2184093095",
                "Phase": "A",
                "Substation": "COTTON",
                "Map_location": "312011113",
                "PARCEL_NUMBER": null
            },
            "geometry": {
                "type": "Point",
                "coordinates": [
                    -92.47017200999991,
                    47.16956855000895
                ]
            }
        },
        {
            "type": "Feature",
            "properties": {
                "Name": "AMERICAN TOWER CO RP",
                "Address": "9007 HWY 53",
                "Phone": "7703081833",
                "Phase": "A",
                "Substation": "COTTON",
                "Map_location": "312031519",
                "PARCEL_NUMBER": null
            },
            "geometry": {
                "type": "Point",
                "coordinates": [
                    -92.47733599999992,
                    47.16294350000894
                ]
            }
        },
        {
            "type": "Feature",
            "properties": {
                "Name": "HARRIS CORPORATIO N",
                "Address": "9007 HWY 53",
                "Phone": "7036686150",
                "Phase": "A",
                "Substation": "COTTON",
                "Map_location": "312031518",
                "PARCEL_NUMBER": null
            },
            "geometry": {
                "type": "Point",
                "coordinates": [
                    -92.47743679999992,
                    47.16291260000892
                ]
            }
        },
        {
            "type": "Feature",
            "properties": {
                "Name": "PETERSON STEPHANIE",
                "Address": "6840 ARIZONA RD",
                "Phone": "2185906037",
                "Phase": "A",
                "Substation": "COTTON",
                "Map_location": "292022054",
                "PARCEL_NUMBER": null
            },
            "geometry": {
                "type": "Point",
                "coordinates": [
                    -92.4024480999999,
                    47.23406910000903
                ]
            }
        },
        {
            "type": "Feature",
            "properties": {
                "Name": "KLIEVER JOE",
                "Address": "1233 CAMERON DRIVE",
                "Phone": "6128109054",
                "Phase": "A",
                "Substation": "COTTON",
                "Map_location": "292043498",
                "PARCEL_NUMBER": null
            },
            "geometry": {
                "type": "Point",
                "coordinates": [
                    -92.35668779999989,
                    47.201584300008975
                ]
            }
        },
        {
            "type": "Feature",
            "properties": {
                "Name": "SAUER LAUREL A",
                "Address": "6154 PINEHURST RD",
                "Phone": "6088315561",
                "Phase": "B",
                "Substation": "COTTON",
                "Map_location": "292053569",
                "PARCEL_NUMBER": null
            },
            "geometry": {
                "type": "Point",
                "coordinates": [
                    -92.33507389999988,
                    47.20605760000898
                ]
            }
        },
        {
            "type": "Feature",
            "properties": {
                "Name": "BERGSTROM STEVEN R",
                "Address": "6279 BASS COVE RD",
                "Phone": "2183481854",
                "Phase": "A",
                "Substation": "COTTON",
                "Map_location": "292003570",
                "PARCEL_NUMBER": null
            },
            "geometry": {
                "type": "Point",
                "coordinates": [
                    -92.34202909999989,
                    47.21187380000901
                ]
            }
        },
        {
            "type": "Feature",
            "properties": {
                "Name": "DISCH JACOB L",
                "Address": "7187 THREE LAKES RD",
                "Phone": "2184288382",
                "Phase": "B",
                "Substation": "COTTON",
                "Map_location": "333000107",
                "PARCEL_NUMBER": "490001000030.0"
            },
            "geometry": {
                "type": "Point",
                "coordinates": [
                    -92.43755129999991,
                    47.10495380000887
                ]
            }
        },
        {
            "type": "Feature",
            "properties": {
                "Name": "DISCH JACOB L",
                "Address": "7187 THREE LAKES RD",
                "Phone": "2184288382",
                "Phase": "B",
                "Substation": "COTTON",
                "Map_location": "333000107",
                "PARCEL_NUMBER": "490001000025.0"
            },
            "geometry": {
                "type": "Point",
                "coordinates": [
                    -92.43755129999991,
                    47.10495380000887
                ]
            }
        },
        {
            "type": "Feature",
            "properties": {
                "Name": "SWENSON DAVID LOWELL",
                "Address": "8115 GLEN JUNCTION RD",
                "Phone": "2184825217",
                "Phase": "A",
                "Substation": "COTTON",
                "Map_location": "312001803",
                "PARCEL_NUMBER": "387039300050.0"
            },
            "geometry": {
                "type": "Point",
                "coordinates": [
                    -92.53898559999992,
                    47.16278640000894
                ]
            }
        },
        {
            "type": "Feature",
            "properties": {
                "Name": "SWENSON DAVID LOWELL",
                "Address": "8115 GLEN JUNCTION RD",
                "Phone": "2184825217",
                "Phase": "A",
                "Substation": "COTTON",
                "Map_location": "312001803",
                "PARCEL_NUMBER": "305002002350.0"
            },
            "geometry": {
                "type": "Point",
                "coordinates": [
                    -92.53898559999992,
                    47.16278640000894
                ]
            }
        },
        {
            "type": "Feature",
            "properties": {
                "Name": "KASZYNSKI MICHAEL E",
                "Address": "8709 SOUTH STRAND LAKE RD",
                "Phone": "6519980554",
                "Phase": "C",
                "Substation": "COTTON",
                "Map_location": "313022035",
                "PARCEL_NUMBER": null
            },
            "geometry": {
                "type": "Point",
                "coordinates": [
                    -92.4070157999999,
                    47.14295460000891
                ]
            }
        },
        {
            "type": "Feature",
            "properties": {
                "Name": "PFAFF TERRANCE ARNOLD",
                "Address": "4979 COMSTOCK LAKE RD",
                "Phone": null,
                "Phase": "C",
                "Substation": "COTTON",
                "Map_location": "293042679",
                "PARCEL_NUMBER": null
            },
            "geometry": {
                "type": "Point",
                "coordinates": [
                    -92.21099170999986,
                    47.222471830009
                ]
            }
        },
        {
            "type": "Feature",
            "properties": {
                "Name": "ANDERSON BRIAN M",
                "Address": "1395 BLACKBURN DR",
                "Phone": "2184285460",
                "Phase": "A",
                "Substation": "COTTON",
                "Map_location": "292002737",
                "PARCEL_NUMBER": null
            },
            "geometry": {
                "type": "Point",
                "coordinates": [
                    -92.36576329999988,
                    47.214212100009
                ]
            }
        },
        {
            "type": "Feature",
            "properties": {
                "Name": "BROWN JOSEPH R",
                "Address": "1308 ANNIE DR",
                "Phone": "2187299185",
                "Phase": "A",
                "Substation": "COTTON",
                "Map_location": "292043499",
                "PARCEL_NUMBER": "380001003160.0"
            },
            "geometry": {
                "type": "Point",
                "coordinates": [
                    -92.35908099999989,
                    47.21038660000899
                ]
            }
        },
        {
            "type": "Feature",
            "properties": {
                "Name": "JOHNSON MATTHEW W",
                "Address": "6806 LAKE ELORA DRIVE",
                "Phone": "2182697509",
                "Phase": "C",
                "Substation": "COTTON",
                "Map_location": "334010557",
                "PARCEL_NUMBER": null
            },
            "geometry": {
                "type": "Point",
                "coordinates": [
                    -92.3989828999999,
                    47.11038820000886
                ]
            }
        },
        {
            "type": "Feature",
            "properties": {
                "Name": "PETERSEN JOHN E",
                "Address": "8134 LAKE NICHOLS RD",
                "Phone": "3192665849",
                "Phase": "C",
                "Substation": "COTTON",
                "Map_location": "333000701",
                "PARCEL_NUMBER": null
            },
            "geometry": {
                "type": "Point",
                "coordinates": [
                    -92.53918828206298,
                    47.09651168561016
                ]
            }
        },
        {
            "type": "Feature",
            "properties": {
                "Name": "RALIDAK SHANNON",
                "Address": "8972 KEALY ROAD",
                "Phone": "2184272511",
                "Phase": "B",
                "Substation": "COTTON",
                "Map_location": "313011386",
                "PARCEL_NUMBER": null
            },
            "geometry": {
                "type": "Point",
                "coordinates": [
                    -92.32228009999989,
                    47.15995100000894
                ]
            }
        },
        {
            "type": "Feature",
            "properties": {
                "Name": "KURIATNYK MICHAEL",
                "Address": "1124 HAWTHORNE LANE",
                "Phone": "2184045214",
                "Phase": "B",
                "Substation": "COTTON",
                "Map_location": "291003304",
                "PARCEL_NUMBER": null
            },
            "geometry": {
                "type": "Point",
                "coordinates": [
                    -92.4985924649315,
                    47.19896454957599
                ]
            }
        },
        {
            "type": "Feature",
            "properties": {
                "Name": "LUCZAK CHESTER L",
                "Address": "8703 S STRAND LAKE RD",
                "Phone": "2183499331",
                "Phase": "C",
                "Substation": "COTTON",
                "Map_location": "313022034",
                "PARCEL_NUMBER": null
            },
            "geometry": {
                "type": "Point",
                "coordinates": [
                    -92.4080322999999,
                    47.14266910000893
                ]
            }
        },
        {
            "type": "Feature",
            "properties": {
                "Name": "Customer not found in Customer Table \n(Check with Billing)",
                "Address": null,
                "Phone": null,
                "Phase": "B",
                "Substation": "COTTON",
                "Map_location": "291003303",
                "PARCEL_NUMBER": null
            },
            "geometry": {
                "type": "Point",
                "coordinates": [
                    -92.49845849083731,
                    47.198560133381086
                ]
            }
        },
        {
            "type": "Feature",
            "properties": {
                "Name": "SUTICH STEVE",
                "Address": "8066 ARKOLA RD",
                "Phone": "2184823628",
                "Phase": "A",
                "Substation": "COTTON",
                "Map_location": "312001710",
                "PARCEL_NUMBER": null
            },
            "geometry": {
                "type": "Point",
                "coordinates": [
                    -92.53207409999992,
                    47.167231300008936
                ]
            }
        },
        {
            "type": "Feature",
            "properties": {
                "Name": "RINGHOFER STEVE",
                "Address": "7268 BUG CREEK RD",
                "Phone": "5073199515",
                "Phase": "A",
                "Substation": "COTTON",
                "Map_location": "312031365",
                "PARCEL_NUMBER": null
            },
            "geometry": {
                "type": "Point",
                "coordinates": [
                    -92.44724319999992,
                    47.15741880000895
                ]
            }
        },
        {
            "type": "Feature",
            "properties": {
                "Name": "WARK JOSEPH LEROY",
                "Address": "8311 SOUTH STRAND LAKE RD",
                "Phone": "2184287590",
                "Phase": "B",
                "Substation": "COTTON",
                "Map_location": "313053178",
                "PARCEL_NUMBER": null
            },
            "geometry": {
                "type": "Point",
                "coordinates": [
                    -92.42132259999991,
                    47.11196110000889
                ]
            }
        },
        {
            "type": "Feature",
            "properties": {
                "Name": "JOHNSON LEIF ERIC",
                "Address": "8124 ARKOLA RD",
                "Phone": "2184105519",
                "Phase": "A",
                "Substation": "COTTON",
                "Map_location": "312001804",
                "PARCEL_NUMBER": null
            },
            "geometry": {
                "type": "Point",
                "coordinates": [
                    -92.53848129999993,
                    47.167762100008936
                ]
            }
        },
        {
            "type": "Feature",
            "properties": {
                "Name": "KOLQUIST BRETT T",
                "Address": "6318 BASS COVE RD",
                "Phone": null,
                "Phase": "A",
                "Substation": "COTTON",
                "Map_location": "292003571",
                "PARCEL_NUMBER": null
            },
            "geometry": {
                "type": "Point",
                "coordinates": [
                    -92.34469939999988,
                    47.20965940000899
                ]
            }
        },
        {
            "type": "Feature",
            "properties": {
                "Name": "KAPAUN JOSEPH JULIUS",
                "Address": "NICHOLS LAKE RD",
                "Phone": "9528868923",
                "Phase": "C",
                "Substation": "COTTON",
                "Map_location": "333000903",
                "PARCEL_NUMBER": "490001005262.0"
            },
            "geometry": {
                "type": "Point",
                "coordinates": [
                    -92.49752979999991,
                    47.087385100008845
                ]
            }
        },
        {
            "type": "Feature",
            "properties": {
                "Name": "KAPAUN JOSEPH JULIUS",
                "Address": "NICHOLS LAKE RD",
                "Phone": "9528868923",
                "Phase": "C",
                "Substation": "COTTON",
                "Map_location": "333000903",
                "PARCEL_NUMBER": "490001005264.0"
            },
            "geometry": {
                "type": "Point",
                "coordinates": [
                    -92.49752979999991,
                    47.087385100008845
                ]
            }
        },
        {
            "type": "Feature",
            "properties": {
                "Name": "SIMEK'S FARM LLC",
                "Address": "8997 ARKOLA RD",
                "Phone": "2183434664",
                "Phase": "C",
                "Substation": "COTTON",
                "Map_location": "311001709",
                "PARCEL_NUMBER": null
            },
            "geometry": {
                "type": "Point",
                "coordinates": [
                    -92.64193849999994,
                    47.16029230000895
                ]
            }
        },
        {
            "type": "Feature",
            "properties": {
                "Name": "MILLER NICK",
                "Address": "7283 STATE HIGHWAY 53",
                "Phone": null,
                "Phase": "B",
                "Substation": "COTTON",
                "Map_location": "333033405",
                "PARCEL_NUMBER": null
            },
            "geometry": {
                "type": "Point",
                "coordinates": [
                    -92.47315495999993,
                    47.03883360000879
                ]
            }
        },
        {
            "type": "Feature",
            "properties": {
                "Name": "ABRAHAMSON JON M",
                "Address": "5590 ARGOS RD",
                "Phone": "9524357909",
                "Phase": "C",
                "Substation": "COTTON",
                "Map_location": "314000802",
                "PARCEL_NUMBER": null
            },
            "geometry": {
                "type": "Point",
                "coordinates": [
                    -92.26901179999986,
                    47.18319210000897
                ]
            }
        },
        {
            "type": "Feature",
            "properties": {
                "Name": "STENBERG JASON ALLAN",
                "Address": "6282 STENBERG ROAD",
                "Phone": null,
                "Phase": "B",
                "Substation": "COTTON",
                "Map_location": "292053572",
                "PARCEL_NUMBER": null
            },
            "geometry": {
                "type": "Point",
                "coordinates": [
                    -92.3442077999999,
                    47.20307630000899
                ]
            }
        },
        {
            "type": "Feature",
            "properties": {
                "Name": "Customer not found in Customer Table \n(Check with Billing)",
                "Address": null,
                "Phone": null,
                "Phase": "B",
                "Substation": "COTTON",
                "Map_location": "312031317",
                "PARCEL_NUMBER": null
            },
            "geometry": {
                "type": "Point",
                "coordinates": [
                    -92.44361930399714,
                    47.16672344880966
                ]
            }
        },
        {
            "type": "Feature",
            "properties": {
                "Name": "AIR FIBER, INC",
                "Address": "8110 MUNGER SHAW RD",
                "Phone": "7153956150",
                "Phase": "B",
                "Substation": "COTTON",
                "Map_location": "334000204",
                "PARCEL_NUMBER": null
            },
            "geometry": {
                "type": "Point",
                "coordinates": [
                    -92.34280729999989,
                    47.09702080000886
                ]
            }
        },
        {
            "type": "Feature",
            "properties": {
                "Name": "PELGER RACHEL L",
                "Address": "8494 PERRY JUNCTION RD",
                "Phone": "2344250309",
                "Phase": "A",
                "Substation": "COTTON",
                "Map_location": "311001208",
                "PARCEL_NUMBER": null
            },
            "geometry": {
                "type": "Point",
                "coordinates": [
                    -92.57733449542016,
                    47.175432764397335
                ]
            }
        },
        {
            "type": "Feature",
            "properties": {
                "Name": "VANWAVE JAN MICHAEL",
                "Address": "8887 LYNN LANE",
                "Phone": "2184272322",
                "Phase": "B",
                "Substation": "COTTON",
                "Map_location": "312042431",
                "PARCEL_NUMBER": null
            },
            "geometry": {
                "type": "Point",
                "coordinates": [
                    -92.44913079999992,
                    47.15056320000892
                ]
            }
        },
        {
            "type": "Feature",
            "properties": {
                "Name": "SODERLUND LUKE SVEN",
                "Address": "7442 BUG CREEK ROAD",
                "Phone": "2185905859",
                "Phase": "A",
                "Substation": "COTTON",
                "Map_location": "312031416",
                "PARCEL_NUMBER": null
            },
            "geometry": {
                "type": "Point",
                "coordinates": [
                    -92.46531129999991,
                    47.15740950000894
                ]
            }
        },
        {
            "type": "Feature",
            "properties": {
                "Name": "FOSTER BRITTANY M",
                "Address": "9255 MURPHY RD",
                "Phone": "6125909620",
                "Phase": "C",
                "Substation": "COTTON",
                "Map_location": "312000704",
                "PARCEL_NUMBER": null
            },
            "geometry": {
                "type": "Point",
                "coordinates": [
                    -92.53687000101735,
                    47.179800818190465
                ]
            }
        },
        {
            "type": "Feature",
            "properties": {
                "Name": "TWINING SCOTT MATHEW",
                "Address": "7034 THREE LAKES RD",
                "Phone": "2185919834",
                "Phase": "C",
                "Substation": "COTTON",
                "Map_location": "334000643",
                "PARCEL_NUMBER": null
            },
            "geometry": {
                "type": "Point",
                "coordinates": [
                    -92.42417995879913,
                    47.09965193710889
                ]
            }
        },
        {
            "type": "Feature",
            "properties": {
                "Name": "BUSSERT MICHAEL E",
                "Address": "6873 LILY LAKE ROAD",
                "Phone": "5073303451",
                "Phase": "A",
                "Substation": "COTTON",
                "Map_location": "313001708",
                "PARCEL_NUMBER": null
            },
            "geometry": {
                "type": "Point",
                "coordinates": [
                    -92.4069608999999,
                    47.155518800008934
                ]
            }
        },
        {
            "type": "Feature",
            "properties": {
                "Name": "Customer not found in Customer Table \n(Check with Billing)",
                "Address": null,
                "Phone": null,
                "Phase": "C",
                "Substation": "COTTON",
                "Map_location": "293042602",
                "PARCEL_NUMBER": null
            },
            "geometry": {
                "type": "Point",
                "coordinates": [
                    -92.21068066952184,
                    47.221975826392246
                ]
            }
        },
        {
            "type": "Feature",
            "properties": {
                "Name": "ST LOUIS COUNTY",
                "Address": "CSAH 49 AND US 53 - 49.01",
                "Phone": null,
                "Phase": "A",
                "Substation": "COTTON",
                "Map_location": "333000208",
                "PARCEL_NUMBER": null
            },
            "geometry": {
                "type": "Point",
                "coordinates": [
                    -92.47119109999991,
                    47.104500800008864
                ]
            }
        },
        {
            "type": "Feature",
            "properties": {
                "Name": "GROTH KALI MARIE",
                "Address": "7436 KAUPPI LAKE RD",
                "Phone": null,
                "Phase": "B",
                "Substation": "COTTON",
                "Map_location": "312042334",
                "PARCEL_NUMBER": null
            },
            "geometry": {
                "type": "Point",
                "coordinates": [
                    -92.46514256423153,
                    47.14675707708505
                ]
            }
        },
        {
            "type": "Feature",
            "properties": {
                "Name": "ANDRIYCHUK ROMAN G",
                "Address": "9079 ARKOLA RD",
                "Phone": "7635164206",
                "Phase": "C",
                "Substation": "COTTON",
                "Map_location": "311000906",
                "PARCEL_NUMBER": null
            },
            "geometry": {
                "type": "Point",
                "coordinates": [
                    -92.63830529999994,
                    47.16848450000895
                ]
            }
        },
        {
            "type": "Feature",
            "properties": {
                "Name": "CAMPBELL BRIAN ROBERT",
                "Address": "6789 WINKLE LANE - RV SITE",
                "Phone": null,
                "Phase": "C",
                "Substation": "COTTON",
                "Map_location": "334020530",
                "PARCEL_NUMBER": null
            },
            "geometry": {
                "type": "Point",
                "coordinates": [
                    -92.39785764774064,
                    47.100188272225864
                ]
            }
        },
        {
            "type": "Feature",
            "properties": {
                "Name": "T-MOBILE CENTRAL LLC",
                "Address": "7507 HIGHWAY 133 - A1N0857",
                "Phone": "6122985972",
                "Phase": "C",
                "Substation": "COTTON",
                "Map_location": "333001506",
                "PARCEL_NUMBER": null
            },
            "geometry": {
                "type": "Point",
                "coordinates": [
                    -92.47416389999991,
                    47.06995180000882
                ]
            }
        },
        {
            "type": "Feature",
            "properties": {
                "Name": "CLANCEY JEFFREY SCOTT",
                "Address": "8866 STRAND LAKE RD",
                "Phone": null,
                "Phase": "C",
                "Substation": "COTTON",
                "Map_location": "313022036",
                "PARCEL_NUMBER": null
            },
            "geometry": {
                "type": "Point",
                "coordinates": [
                    -92.4101450199999,
                    47.151926490008925
                ]
            }
        },
        {
            "type": "Feature",
            "properties": {
                "Name": "HUOTARI KIMBERLEY K",
                "Address": "6372 WATER HEN RD N",
                "Phone": "2185138569",
                "Phase": "A",
                "Substation": "COTTON",
                "Map_location": "292043404",
                "PARCEL_NUMBER": null
            },
            "geometry": {
                "type": "Point",
                "coordinates": [
                    -92.35485410513104,
                    47.2119018110546
                ]
            }
        },
        {
            "type": "Feature",
            "properties": {
                "Name": "LAMAR ADVERTISING CO",
                "Address": "E OF HWY 53 N OF COMSTOCK LK R",
                "Phone": "8002347293",
                "Phase": "B",
                "Substation": "COTTON",
                "Map_location": "312021061",
                "PARCEL_NUMBER": null
            },
            "geometry": {
                "type": "Point",
                "coordinates": [
                    -92.47627170318049,
                    47.17387469213989
                ]
            }
        },
        {
            "type": "Feature",
            "properties": {
                "Name": "LUITEN STEVEN ALLEN",
                "Address": "5068 E COMSTOCK LK RD",
                "Phone": "2183914777",
                "Phase": "C",
                "Substation": "COTTON",
                "Map_location": "293042678",
                "PARCEL_NUMBER": null
            },
            "geometry": {
                "type": "Point",
                "coordinates": [
                    -92.2120597808692,
                    47.21950585039772
                ]
            }
        },
        {
            "type": "Feature",
            "properties": {
                "Name": "HAGBERG WESLEY A",
                "Address": "1213 CAMERON DR",
                "Phone": "7153926970",
                "Phase": "A",
                "Substation": "COTTON",
                "Map_location": "292043474",
                "PARCEL_NUMBER": null
            },
            "geometry": {
                "type": "Point",
                "coordinates": [
                    -92.35831854541608,
                    47.20233073373262
                ]
            }
        },
        {
            "type": "Feature",
            "properties": {
                "Name": "SRM MATERIALS LLC",
                "Address": "6764 HIGHWAY 53",
                "Phone": "2183914837",
                "Phase": "ABC",
                "Substation": "COTTON",
                "Map_location": "354001170",
                "PARCEL_NUMBER": null
            },
            "geometry": {
                "type": "Point",
                "coordinates": [
                    -92.46957366848541,
                    47.00559101171016
                ]
            }
        },
        {
            "type": "Feature",
            "properties": {
                "Name": "HALL DEBRA M",
                "Address": "5052 NE COMSTOCK BAY RD",
                "Phone": "2186244272",
                "Phase": "C",
                "Substation": "COTTON",
                "Map_location": "293042683",
                "PARCEL_NUMBER": null
            },
            "geometry": {
                "type": "Point",
                "coordinates": [
                    -92.21374599995106,
                    47.2260520036225
                ]
            }
        },
        {
            "type": "Feature",
            "properties": {
                "Name": "SRM MATERIALS LLC",
                "Address": "6764 HIGHWAY 53",
                "Phone": "2183914837",
                "Phase": "A",
                "Substation": "COTTON",
                "Map_location": "354001164",
                "PARCEL_NUMBER": null
            },
            "geometry": {
                "type": "Point",
                "coordinates": [
                    -92.46931249999993,
                    47.00102870000875
                ]
            }
        },
        {
            "type": "Feature",
            "properties": {
                "Name": "RIBAR JOEL M",
                "Address": "1244 BLACKBURN DRIVE",
                "Phone": "6125982458",
                "Phase": "A",
                "Substation": "COTTON",
                "Map_location": "292003306",
                "PARCEL_NUMBER": null
            },
            "geometry": {
                "type": "Point",
                "coordinates": [
                    -92.36668389999988,
                    47.208708400008994
                ]
            }
        },
        {
            "type": "Feature",
            "properties": {
                "Name": "T-MOBILE CENTRAL LLC",
                "Address": "8110 MUNGER SHAW RD A1N0887A",
                "Phone": "6122985972",
                "Phase": "B",
                "Substation": "COTTON",
                "Map_location": "334000206",
                "PARCEL_NUMBER": null
            },
            "geometry": {
                "type": "Point",
                "coordinates": [
                    -92.34284659999989,
                    47.09695330000888
                ]
            }
        },
        {
            "type": "Feature",
            "properties": {
                "Name": "NEPHEW ROBERT EDWARD",
                "Address": "7333 KAUPPI LAKE RD",
                "Phone": null,
                "Phase": "B",
                "Substation": "COTTON",
                "Map_location": "312042333",
                "PARCEL_NUMBER": null
            },
            "geometry": {
                "type": "Point",
                "coordinates": [
                    -92.4559363324531,
                    47.14508267844501
                ]
            }
        },
        {
            "type": "Feature",
            "properties": {
                "Name": "OUR LAST RESORT L LC",
                "Address": "LOT 5 - STRAND LAKE",
                "Phone": "9529742051",
                "Phase": "C",
                "Substation": "COTTON",
                "Map_location": "313001905",
                "PARCEL_NUMBER": null
            },
            "geometry": {
                "type": "Point",
                "coordinates": [
                    -92.41904709999991,
                    47.14020180000893
                ]
            }
        },
        {
            "type": "Feature",
            "properties": {
                "Name": "BARBER CHARLES LESLIE",
                "Address": "5139 COMSTOCK LAKE RD",
                "Phone": "2183482065",
                "Phase": "C",
                "Substation": "COTTON",
                "Map_location": "293003416",
                "PARCEL_NUMBER": null
            },
            "geometry": {
                "type": "Point",
                "coordinates": [
                    -92.2215471033631,
                    47.20491234618487
                ]
            }
        },
        {
            "type": "Feature",
            "properties": {
                "Name": "WISCONSIN CENTRAL LTD",
                "Address": "TRACKS AND SAX RD CN 50.14",
                "Phone": "5143994700",
                "Phase": "C",
                "Substation": "COTTON",
                "Map_location": "290002707",
                "PARCEL_NUMBER": null
            },
            "geometry": {
                "type": "Point",
                "coordinates": [
                    -92.60337229999995,
                    47.22612660000902
                ]
            }
        },
        {
            "type": "Feature",
            "properties": {
                "Name": "WEIDMAN PETER SCHARBER",
                "Address": "8686 EVERGREEN LANE",
                "Phone": "2183487959",
                "Phase": "C",
                "Substation": "COTTON",
                "Map_location": "313043033",
                "PARCEL_NUMBER": null
            },
            "geometry": {
                "type": "Point",
                "coordinates": [
                    -92.42073599999992,
                    47.138087400008914
                ]
            }
        },
        {
            "type": "Feature",
            "properties": {
                "Name": "LAKE COUNTRY POWE R",
                "Address": "8962 HIGHWAY 53 COTTON SUBSTATION",
                "Phone": "8004219959",
                "Phase": "A",
                "Substation": "COTTON",
                "Map_location": "312031407",
                "PARCEL_NUMBER": null
            },
            "geometry": {
                "type": "Point",
                "coordinates": [
                    -92.47216527499843,
                    47.1601029830731
                ]
            }
        },
        {
            "type": "Feature",
            "properties": {
                "Name": "MATUSZAK DENNIS RICHARD",
                "Address": "1489 CACKLEBERRY DR",
                "Phone": null,
                "Phase": "A",
                "Substation": "COTTON",
                "Map_location": "292022923",
                "PARCEL_NUMBER": null
            },
            "geometry": {
                "type": "Point",
                "coordinates": [
                    -92.39445384126974,
                    47.225327715583475
                ]
            }
        },
        {
            "type": "Feature",
            "properties": {
                "Name": "BURLINGTON NORTHE RN SF",
                "Address": "8903 SAX RD AND CRANBERRY LN",
                "Phone": "4023445760",
                "Phase": "C",
                "Substation": "COTTON",
                "Map_location": "290002806",
                "PARCEL_NUMBER": null
            },
            "geometry": {
                "type": "Point",
                "coordinates": [
                    -92.62159835821971,
                    47.21201187120211
                ]
            }
        },
        {
            "type": "Feature",
            "properties": {
                "Name": "FARLEIGH ASHLEY CREED",
                "Address": "7485 KAUPPI LAKE RD",
                "Phone": "2182607596",
                "Phase": "B",
                "Substation": "COTTON",
                "Map_location": "312002370",
                "PARCEL_NUMBER": "305002004060.0"
            },
            "geometry": {
                "type": "Point",
                "coordinates": [
                    -92.47068158999991,
                    47.147746680008915
                ]
            }
        },
        {
            "type": "Feature",
            "properties": {
                "Name": "FARLEIGH ASHLEY CREED",
                "Address": "7485 KAUPPI LAKE RD",
                "Phone": "2182607596",
                "Phase": "B",
                "Substation": "COTTON",
                "Map_location": "312002370",
                "PARCEL_NUMBER": "305002004030.0"
            },
            "geometry": {
                "type": "Point",
                "coordinates": [
                    -92.47068158999991,
                    47.147746680008915
                ]
            }
        },
        {
            "type": "Feature",
            "properties": {
                "Name": "FARLEIGH ASHLEY CREED",
                "Address": "7485 KAUPPI LAKE RD",
                "Phone": "2182607596",
                "Phase": "B",
                "Substation": "COTTON",
                "Map_location": "312002370",
                "PARCEL_NUMBER": "305002004070.0"
            },
            "geometry": {
                "type": "Point",
                "coordinates": [
                    -92.47068158999991,
                    47.147746680008915
                ]
            }
        },
        {
            "type": "Feature",
            "properties": {
                "Name": "FARLEIGH ASHLEY CREED",
                "Address": "7485 KAUPPI LAKE RD",
                "Phone": "2182607596",
                "Phase": "B",
                "Substation": "COTTON",
                "Map_location": "312002370",
                "PARCEL_NUMBER": "305002004040.0"
            },
            "geometry": {
                "type": "Point",
                "coordinates": [
                    -92.47068158999991,
                    47.147746680008915
                ]
            }
        },
        {
            "type": "Feature",
            "properties": {
                "Name": "HASCALL BRANDI A",
                "Address": "7539 MCKAY RD",
                "Phone": "4023679530",
                "Phase": "C",
                "Substation": "COTTON",
                "Map_location": "312002203",
                "PARCEL_NUMBER": "305002003910.0"
            },
            "geometry": {
                "type": "Point",
                "coordinates": [
                    -92.47616300000003,
                    47.14024400000002
                ]
            }
        },
        {
            "type": "Feature",
            "properties": {
                "Name": "HASCALL BRANDI A",
                "Address": "7539 MCKAY RD",
                "Phone": "4023679530",
                "Phase": "C",
                "Substation": "COTTON",
                "Map_location": "312002203",
                "PARCEL_NUMBER": "305002003890.0"
            },
            "geometry": {
                "type": "Point",
                "coordinates": [
                    -92.47616300000003,
                    47.14024400000002
                ]
            }
        },
        {
            "type": "Feature",
            "properties": {
                "Name": "SRM MATERIALS LLC",
                "Address": "6764 HWY 73",
                "Phone": "2183914837",
                "Phase": "ABC",
                "Substation": "COTTON",
                "Map_location": "354001115",
                "PARCEL_NUMBER": null
            },
            "geometry": {
                "type": "Point",
                "coordinates": [
                    -92.46658471152422,
                    47.00639361862933
                ]
            }
        },
        {
            "type": "Feature",
            "properties": {
                "Name": "MATTILA KEVIN HALVOR",
                "Address": "6340 N WATERHEN RD",
                "Phone": "2187221057",
                "Phase": "A",
                "Substation": "COTTON",
                "Map_location": "292002750",
                "PARCEL_NUMBER": null
            },
            "geometry": {
                "type": "Point",
                "coordinates": [
                    -92.35016947236035,
                    47.21263432849687
                ]
            }
        },
        {
            "type": "Feature",
            "properties": {
                "Name": "DEAN JENNIFER N",
                "Address": "KAUPPI LK RD",
                "Phone": "6126700048",
                "Phase": "B",
                "Substation": "COTTON",
                "Map_location": "312042332",
                "PARCEL_NUMBER": null
            },
            "geometry": {
                "type": "Point",
                "coordinates": [
                    -92.46348189999992,
                    47.148252500008915
                ]
            }
        },
        {
            "type": "Feature",
            "properties": {
                "Name": "BOWLES DENNIS E",
                "Address": "7013 HWY 53",
                "Phone": "2185908841",
                "Phase": "A",
                "Substation": "COTTON",
                "Map_location": "354000305",
                "PARCEL_NUMBER": null
            },
            "geometry": {
                "type": "Point",
                "coordinates": [
                    -92.472022598646,
                    47.019097882610666
                ]
            }
        },
        {
            "type": "Feature",
            "properties": {
                "Name": "COON'S AGGREGATE SUPPLY CO,",
                "Address": "6831 HIGHWAY 53",
                "Phone": "2187297544",
                "Phase": "ABC",
                "Substation": "COTTON",
                "Map_location": "354001023",
                "PARCEL_NUMBER": null
            },
            "geometry": {
                "type": "Point",
                "coordinates": [
                    -92.47472698999992,
                    47.009730250008765
                ]
            }
        },
        {
            "type": "Feature",
            "properties": {
                "Name": "TRAUTMAN WILLIAM J",
                "Address": "8052 FOREST COURT RD",
                "Phone": null,
                "Phase": "C",
                "Substation": "COTTON",
                "Map_location": "333020844",
                "PARCEL_NUMBER": null
            },
            "geometry": {
                "type": "Point",
                "coordinates": [
                    -92.52644546117875,
                    47.09716475017215
                ]
            }
        },
        {
            "type": "Feature",
            "properties": {
                "Name": "MILLS MICHAEL R",
                "Address": "7045 THREE LAKES RD",
                "Phone": null,
                "Phase": "C",
                "Substation": "COTTON",
                "Map_location": "334020643",
                "PARCEL_NUMBER": null
            },
            "geometry": {
                "type": "Point",
                "coordinates": [
                    -92.42206565482948,
                    47.102123420936046
                ]
            }
        },
        {
            "type": "Feature",
            "properties": {
                "Name": "EMERSON BRADLEY RAY",
                "Address": "7437 BERKLUND RD",
                "Phone": null,
                "Phase": "A",
                "Substation": "COTTON",
                "Map_location": "333001455",
                "PARCEL_NUMBER": null
            },
            "geometry": {
                "type": "Point",
                "coordinates": [
                    -92.46443218030898,
                    47.06956783187053
                ]
            }
        },
        {
            "type": "Feature",
            "properties": {
                "Name": "BIERWERTH ANDY BLAIR",
                "Address": "1622 MCDAVITT RD",
                "Phone": "6122510687",
                "Phase": "C",
                "Substation": "COTTON",
                "Map_location": "290002103",
                "PARCEL_NUMBER": null
            },
            "geometry": {
                "type": "Point",
                "coordinates": [
                    -92.64047752999996,
                    47.23439220000903
                ]
            }
        },
        {
            "type": "Feature",
            "properties": {
                "Name": "FULLERTON DOUG L",
                "Address": "9045 BAWDEN RD",
                "Phone": "2189941672",
                "Phase": "C",
                "Substation": "COTTON",
                "Map_location": "290002102",
                "PARCEL_NUMBER": "435002003830.0"
            },
            "geometry": {
                "type": "Point",
                "coordinates": [
                    -92.63557679999995,
                    47.232869410009016
                ]
            }
        },
        {
            "type": "Feature",
            "properties": {
                "Name": "FULLERTON DOUG L",
                "Address": "9045 BAWDEN RD",
                "Phone": "2189941672",
                "Phase": "C",
                "Substation": "COTTON",
                "Map_location": "290002102",
                "PARCEL_NUMBER": "435002003840.0"
            },
            "geometry": {
                "type": "Point",
                "coordinates": [
                    -92.63557679999995,
                    47.232869410009016
                ]
            }
        },
        {
            "type": "Feature",
            "properties": {
                "Name": "LEDOUX JEFFREY ALLEN",
                "Address": "1572 MCDAVITT RD",
                "Phone": "2188852079",
                "Phase": "C",
                "Substation": "COTTON",
                "Map_location": "290002104",
                "PARCEL_NUMBER": null
            },
            "geometry": {
                "type": "Point",
                "coordinates": [
                    -92.64074071999995,
                    47.23109796000901
                ]
            }
        },
        {
            "type": "Feature",
            "properties": {
                "Name": "MILLER DYLAN C",
                "Address": "7455 COMSTOCK LK RD",
                "Phone": "2186267534",
                "Phase": "A",
                "Substation": "COTTON",
                "Map_location": "312011104",
                "PARCEL_NUMBER": null
            },
            "geometry": {
                "type": "Point",
                "coordinates": [
                    -92.4676409999999,
                    47.16999790000893
                ]
            }
        },
        {
            "type": "Feature",
            "properties": {
                "Name": "ROFFERS HANNAH",
                "Address": "7439 COMSTOCK LK RD",
                "Phone": "2183902519",
                "Phase": "A",
                "Substation": "COTTON",
                "Map_location": "312011103",
                "PARCEL_NUMBER": null
            },
            "geometry": {
                "type": "Point",
                "coordinates": [
                    -92.46664087999991,
                    47.16993893000896
                ]
            }
        },
        {
            "type": "Feature",
            "properties": {
                "Name": "LAFAVE KAYLYNN K",
                "Address": "7438 COMSTOCK LK RD",
                "Phone": "2184991630",
                "Phase": "C",
                "Substation": "COTTON",
                "Map_location": "312031402",
                "PARCEL_NUMBER": null
            },
            "geometry": {
                "type": "Point",
                "coordinates": [
                    -92.46710853840143,
                    47.16806882757505
                ]
            }
        },
        {
            "type": "Feature",
            "properties": {
                "Name": "LARSON GREG ALAN",
                "Address": "7408 COMSTOCK LK RD",
                "Phone": "2184100337",
                "Phase": "C",
                "Substation": "COTTON",
                "Map_location": "312031401",
                "PARCEL_NUMBER": null
            },
            "geometry": {
                "type": "Point",
                "coordinates": [
                    -92.46316171999992,
                    47.168632880008964
                ]
            }
        },
        {
            "type": "Feature",
            "properties": {
                "Name": "MONTOYE LARRY A",
                "Address": "7407 COMSTOCK LK RD",
                "Phone": "2185917421",
                "Phase": "A",
                "Substation": "COTTON",
                "Map_location": "312011105",
                "PARCEL_NUMBER": null
            },
            "geometry": {
                "type": "Point",
                "coordinates": [
                    -92.46275569999992,
                    47.169814940008955
                ]
            }
        },
        {
            "type": "Feature",
            "properties": {
                "Name": "HAGE KENNETH C",
                "Address": "7369 COMSTOCK LK RD",
                "Phone": "2184823340",
                "Phase": "C",
                "Substation": "COTTON",
                "Map_location": "312011106",
                "PARCEL_NUMBER": null
            },
            "geometry": {
                "type": "Point",
                "coordinates": [
                    -92.45794280999992,
                    47.169755680008954
                ]
            }
        },
        {
            "type": "Feature",
            "properties": {
                "Name": "MONACELLI DEBBIE RAE",
                "Address": "7298 COMSTOCK LAKE RD",
                "Phone": "2182489759",
                "Phase": "C",
                "Substation": "COTTON",
                "Map_location": "312031305",
                "PARCEL_NUMBER": null
            },
            "geometry": {
                "type": "Point",
                "coordinates": [
                    -92.45123699999992,
                    47.16565850000896
                ]
            }
        },
        {
            "type": "Feature",
            "properties": {
                "Name": "KINCHELOE PETRA",
                "Address": "7340 COMSTOCK LAKE RD",
                "Phone": "2184823002",
                "Phase": "C",
                "Substation": "COTTON",
                "Map_location": "312031412",
                "PARCEL_NUMBER": null
            },
            "geometry": {
                "type": "Point",
                "coordinates": [
                    -92.45862879999991,
                    47.163322600008954
                ]
            }
        },
        {
            "type": "Feature",
            "properties": {
                "Name": "ZIMMERMAN MICHAEL",
                "Address": "7270 COMSTOCK LAKE RD",
                "Phone": "3202902501",
                "Phase": "C",
                "Substation": "COTTON",
                "Map_location": "312031314",
                "PARCEL_NUMBER": null
            },
            "geometry": {
                "type": "Point",
                "coordinates": [
                    -92.44740009999991,
                    47.16608570000896
                ]
            }
        },
        {
            "type": "Feature",
            "properties": {
                "Name": "REED RANDALL J",
                "Address": "7246 COMSTOCK LK RD",
                "Phone": "2184825559",
                "Phase": "C",
                "Substation": "COTTON",
                "Map_location": "312031308",
                "PARCEL_NUMBER": null
            },
            "geometry": {
                "type": "Point",
                "coordinates": [
                    -92.44564559999992,
                    47.165854400008946
                ]
            }
        },
        {
            "type": "Feature",
            "properties": {
                "Name": "DOBLE DEREK S",
                "Address": "7135 COMSTOCK LAKE RD",
                "Phone": "2187216630",
                "Phase": "A",
                "Substation": "COTTON",
                "Map_location": "312011207",
                "PARCEL_NUMBER": "305002002122.0"
            },
            "geometry": {
                "type": "Point",
                "coordinates": [
                    -92.43518560999992,
                    47.16962758000896
                ]
            }
        },
        {
            "type": "Feature",
            "properties": {
                "Name": "MOBERG RANDY",
                "Address": "9077 JENKINS RD",
                "Phone": "2184823327",
                "Phase": "A",
                "Substation": "COTTON",
                "Map_location": "312011204",
                "PARCEL_NUMBER": "10029000510.0"
            },
            "geometry": {
                "type": "Point",
                "coordinates": [
                    -92.43098279999991,
                    47.17037840000894
                ]
            }
        },
        {
            "type": "Feature",
            "properties": {
                "Name": "MOBERG RANDY",
                "Address": "9077 JENKINS RD",
                "Phone": "2184823327",
                "Phase": "A",
                "Substation": "COTTON",
                "Map_location": "312011204",
                "PARCEL_NUMBER": "10029000540.0"
            },
            "geometry": {
                "type": "Point",
                "coordinates": [
                    -92.43098279999991,
                    47.17037840000894
                ]
            }
        },
        {
            "type": "Feature",
            "properties": {
                "Name": "MOBERG RANDY",
                "Address": "9077 JENKINS RD",
                "Phone": "2184823327",
                "Phase": "A",
                "Substation": "COTTON",
                "Map_location": "312011204",
                "PARCEL_NUMBER": "139005004760.0"
            },
            "geometry": {
                "type": "Point",
                "coordinates": [
                    -92.43098279999991,
                    47.17037840000894
                ]
            }
        },
        {
            "type": "Feature",
            "properties": {
                "Name": "MORRIS MARK R",
                "Address": "7105 COMSTOCK LK RD",
                "Phone": "2183439790",
                "Phase": "A",
                "Substation": "COTTON",
                "Map_location": "312011201",
                "PARCEL_NUMBER": null
            },
            "geometry": {
                "type": "Point",
                "coordinates": [
                    -92.4324722399999,
                    47.171269330008954
                ]
            }
        },
        {
            "type": "Feature",
            "properties": {
                "Name": "Customer not found in Customer Table \n(Check with Billing)",
                "Address": null,
                "Phone": null,
                "Phase": "A",
                "Substation": "COTTON",
                "Map_location": "312011202",
                "PARCEL_NUMBER": null
            },
            "geometry": {
                "type": "Point",
                "coordinates": [
                    -92.43186012680951,
                    47.17019769704514
                ]
            }
        },
        {
            "type": "Feature",
            "properties": {
                "Name": "FARMAKES JOHN",
                "Address": "9038 JENKINS RD",
                "Phone": "6129618227",
                "Phase": "A",
                "Substation": "COTTON",
                "Map_location": "313001807",
                "PARCEL_NUMBER": null
            },
            "geometry": {
                "type": "Point",
                "coordinates": [
                    -92.42757819999991,
                    47.16791670000894
                ]
            }
        },
        {
            "type": "Feature",
            "properties": {
                "Name": "KEOUGH LARRY M",
                "Address": "9140 JENKINS RD",
                "Phone": "9316294738",
                "Phase": "B",
                "Substation": "COTTON",
                "Map_location": "313000713",
                "PARCEL_NUMBER": null
            },
            "geometry": {
                "type": "Point",
                "coordinates": [
                    -92.42637679999991,
                    47.16973050000896
                ]
            }
        },
        {
            "type": "Feature",
            "properties": {
                "Name": "JOHNSON CYNTHIA ANN",
                "Address": "9029 JENKINS RD",
                "Phone": "2182607662",
                "Phase": "C",
                "Substation": "COTTON",
                "Map_location": "312031304",
                "PARCEL_NUMBER": null
            },
            "geometry": {
                "type": "Point",
                "coordinates": [
                    -92.43068039999991,
                    47.16688710000895
                ]
            }
        },
        {
            "type": "Feature",
            "properties": {
                "Name": "PRICE HARMONI ELIZABETH",
                "Address": "7034 COMSTOCK LK RD",
                "Phone": "2185914761",
                "Phase": "C",
                "Substation": "COTTON",
                "Map_location": "313000712",
                "PARCEL_NUMBER": null
            },
            "geometry": {
                "type": "Point",
                "coordinates": [
                    -92.4224095999999,
                    47.17124060000895
                ]
            }
        },
        {
            "type": "Feature",
            "properties": {
                "Name": "ELLING STEPHANIE A",
                "Address": "6981 COMSTOCK LAKE RD",
                "Phone": "2187805205",
                "Phase": "C",
                "Substation": "COTTON",
                "Map_location": "313000704",
                "PARCEL_NUMBER": "305001001156.0"
            },
            "geometry": {
                "type": "Point",
                "coordinates": [
                    -92.4177875199999,
                    47.17359054000896
                ]
            }
        },
        {
            "type": "Feature",
            "properties": {
                "Name": "ARROWHEAD COMMUNI CATIONS",
                "Address": "6935 COMSTOCK LAKE RD",
                "Phone": "2183465500",
                "Phase": "A",
                "Substation": "COTTON",
                "Map_location": "313000706",
                "PARCEL_NUMBER": null
            },
            "geometry": {
                "type": "Point",
                "coordinates": [
                    -92.4142479999999,
                    47.17336110000896
                ]
            }
        },
        {
            "type": "Feature",
            "properties": {
                "Name": "HILSGEN MEGAN",
                "Address": "9201 MELRUDE RD",
                "Phone": "3202960975",
                "Phase": "A",
                "Substation": "COTTON",
                "Map_location": "313000710",
                "PARCEL_NUMBER": "305001001080.0"
            },
            "geometry": {
                "type": "Point",
                "coordinates": [
                    -92.4209896299999,
                    47.17731198000895
                ]
            }
        },
        {
            "type": "Feature",
            "properties": {
                "Name": "BJORK KEVIN T",
                "Address": "9263 MELRUDE RD",
                "Phone": "2183916568",
                "Phase": "A",
                "Substation": "COTTON",
                "Map_location": "313000702",
                "PARCEL_NUMBER": "305001001050.0"
            },
            "geometry": {
                "type": "Point",
                "coordinates": [
                    -92.4196001799999,
                    47.18131273000896
                ]
            }
        },
        {
            "type": "Feature",
            "properties": {
                "Name": "DAHL ANGEL",
                "Address": "9276 MELRUDE RD",
                "Phone": "2183487913",
                "Phase": "A",
                "Substation": "COTTON",
                "Map_location": "313000701",
                "PARCEL_NUMBER": "305001001020.0"
            },
            "geometry": {
                "type": "Point",
                "coordinates": [
                    -92.4172393899999,
                    47.18228305000897
                ]
            }
        },
        {
            "type": "Feature",
            "properties": {
                "Name": "MCDONALD DANIEL",
                "Address": "6857 BERG LAKE DR",
                "Phone": "8505705701",
                "Phase": "A",
                "Substation": "COTTON",
                "Map_location": "292022942",
                "PARCEL_NUMBER": null
            },
            "geometry": {
                "type": "Point",
                "coordinates": [
                    -92.4066526099999,
                    47.217223370009
                ]
            }
        },
        {
            "type": "Feature",
            "properties": {
                "Name": "HARTWICK JOHN L",
                "Address": "1388 HARTWICK DR",
                "Phone": "2183437464",
                "Phase": "A",
                "Substation": "COTTON",
                "Map_location": "292022932",
                "PARCEL_NUMBER": null
            },
            "geometry": {
                "type": "Point",
                "coordinates": [
                    -92.4050753299999,
                    47.21864643000901
                ]
            }
        },
        {
            "type": "Feature",
            "properties": {
                "Name": "HARTWICK DAVID EMMETT",
                "Address": "1400 HARTWICK RD",
                "Phone": "2185913028",
                "Phase": "A",
                "Substation": "COTTON",
                "Map_location": "292022918",
                "PARCEL_NUMBER": null
            },
            "geometry": {
                "type": "Point",
                "coordinates": [
                    -92.4048974999999,
                    47.21918940000899
                ]
            }
        },
        {
            "type": "Feature",
            "properties": {
                "Name": "HARTWICK JOHN L",
                "Address": "1397 HARTWICK RD",
                "Phone": "2183437464",
                "Phase": "A",
                "Substation": "COTTON",
                "Map_location": "292022917",
                "PARCEL_NUMBER": null
            },
            "geometry": {
                "type": "Point",
                "coordinates": [
                    -92.4052703099999,
                    47.219260560009005
                ]
            }
        },
        {
            "type": "Feature",
            "properties": {
                "Name": "MCCALL TIM",
                "Address": "1410 HARTWICK RD",
                "Phone": null,
                "Phase": "A",
                "Substation": "COTTON",
                "Map_location": "292022919",
                "PARCEL_NUMBER": null
            },
            "geometry": {
                "type": "Point",
                "coordinates": [
                    -92.4038695699999,
                    47.219218540009024
                ]
            }
        },
        {
            "type": "Feature",
            "properties": {
                "Name": "HALLFRISCH BRUCE W",
                "Address": "1365 CAKLEBERRY RD",
                "Phone": "2183434406",
                "Phase": "A",
                "Substation": "COTTON",
                "Map_location": "292022948",
                "PARCEL_NUMBER": null
            },
            "geometry": {
                "type": "Point",
                "coordinates": [
                    -92.40271292999991,
                    47.21977205000901
                ]
            }
        },
        {
            "type": "Feature",
            "properties": {
                "Name": "GOLDBERG PATRICE L",
                "Address": "1453 HARTWICK RD",
                "Phone": "7153928367",
                "Phase": "A",
                "Substation": "COTTON",
                "Map_location": "292022920",
                "PARCEL_NUMBER": null
            },
            "geometry": {
                "type": "Point",
                "coordinates": [
                    -92.40097779999991,
                    47.22192050000901
                ]
            }
        },
        {
            "type": "Feature",
            "properties": {
                "Name": "TRIEBWASSER BLAKE A",
                "Address": "1430 MELRUDE RD",
                "Phone": "2183933984",
                "Phase": "A",
                "Substation": "COTTON",
                "Map_location": "292022945",
                "PARCEL_NUMBER": null
            },
            "geometry": {
                "type": "Point",
                "coordinates": [
                    -92.4079663599999,
                    47.221999610009
                ]
            }
        },
        {
            "type": "Feature",
            "properties": {
                "Name": "HOLMGREN RICHARD ERIC",
                "Address": "1428 MELRUDE RD",
                "Phone": "2183493363",
                "Phase": "A",
                "Substation": "COTTON",
                "Map_location": "292022953",
                "PARCEL_NUMBER": "320001004716.0"
            },
            "geometry": {
                "type": "Point",
                "coordinates": [
                    -92.4079427999999,
                    47.222080100009016
                ]
            }
        },
        {
            "type": "Feature",
            "properties": {
                "Name": "OSTERN DONALD A",
                "Address": "1432 MELRUDE RD",
                "Phone": "2187339843",
                "Phase": "A",
                "Substation": "COTTON",
                "Map_location": "292022915",
                "PARCEL_NUMBER": null
            },
            "geometry": {
                "type": "Point",
                "coordinates": [
                    -92.4079212999999,
                    47.222020300009
                ]
            }
        },
        {
            "type": "Feature",
            "properties": {
                "Name": "ZELASCO MATTHEW J",
                "Address": "1315 MELRUDE RD",
                "Phone": "2185905639",
                "Phase": "A",
                "Substation": "COTTON",
                "Map_location": "292003001",
                "PARCEL_NUMBER": "320001005012.0"
            },
            "geometry": {
                "type": "Point",
                "coordinates": [
                    -92.4129955999999,
                    47.21408460000901
                ]
            }
        },
        {
            "type": "Feature",
            "properties": {
                "Name": "ZELASCO MATTHEW J",
                "Address": "1315 MELRUDE RD",
                "Phone": "2185905639",
                "Phase": "A",
                "Substation": "COTTON",
                "Map_location": "292003001",
                "PARCEL_NUMBER": "320001005010.0"
            },
            "geometry": {
                "type": "Point",
                "coordinates": [
                    -92.4129955999999,
                    47.21408460000901
                ]
            }
        },
        {
            "type": "Feature",
            "properties": {
                "Name": "HIEMENZ BRETT",
                "Address": "1484 MELRUDE RD",
                "Phone": "2183303736",
                "Phase": "A",
                "Substation": "COTTON",
                "Map_location": "292022931",
                "PARCEL_NUMBER": "320001004705.0"
            },
            "geometry": {
                "type": "Point",
                "coordinates": [
                    -92.4087490999999,
                    47.225050300009
                ]
            }
        },
        {
            "type": "Feature",
            "properties": {
                "Name": "MCDONALD TERRANCE",
                "Address": "1423 MELRUDE RD",
                "Phone": "2187276728",
                "Phase": "A",
                "Substation": "COTTON",
                "Map_location": "292003030",
                "PARCEL_NUMBER": null
            },
            "geometry": {
                "type": "Point",
                "coordinates": [
                    -92.4101412999999,
                    47.220122900008995
                ]
            }
        },
        {
            "type": "Feature",
            "properties": {
                "Name": "BASTIEN LORRIE J",
                "Address": "1467 MELRUDE RD",
                "Phone": "2183912216",
                "Phase": "A",
                "Substation": "COTTON",
                "Map_location": "292003013",
                "PARCEL_NUMBER": null
            },
            "geometry": {
                "type": "Point",
                "coordinates": [
                    -92.4096752999999,
                    47.22400660000901
                ]
            }
        },
        {
            "type": "Feature",
            "properties": {
                "Name": "RASK JAMES R",
                "Address": "1463 MELRUDE RD",
                "Phone": "2184825553",
                "Phase": "A",
                "Substation": "COTTON",
                "Map_location": "292003015",
                "PARCEL_NUMBER": null
            },
            "geometry": {
                "type": "Point",
                "coordinates": [
                    -92.4104237999999,
                    47.22353110000902
                ]
            }
        },
        {
            "type": "Feature",
            "properties": {
                "Name": "GAGNE RONALD",
                "Address": "6894 PAULSON RD",
                "Phone": "2182903325",
                "Phase": "A",
                "Substation": "COTTON",
                "Map_location": "292022936",
                "PARCEL_NUMBER": null
            },
            "geometry": {
                "type": "Point",
                "coordinates": [
                    -92.4072599199999,
                    47.22678888000902
                ]
            }
        },
        {
            "type": "Feature",
            "properties": {
                "Name": "SIMEK SCOTT",
                "Address": "6872 PAULSON RD",
                "Phone": "2184283716",
                "Phase": "A",
                "Substation": "COTTON",
                "Map_location": "292022911",
                "PARCEL_NUMBER": null
            },
            "geometry": {
                "type": "Point",
                "coordinates": [
                    -92.4061970199999,
                    47.22673850000901
                ]
            }
        },
        {
            "type": "Feature",
            "properties": {
                "Name": "MCDONALD J MARGARET",
                "Address": "6864 PAULSON RD",
                "Phone": "6513257479",
                "Phase": "A",
                "Substation": "COTTON",
                "Map_location": "292022941",
                "PARCEL_NUMBER": null
            },
            "geometry": {
                "type": "Point",
                "coordinates": [
                    -92.4054836999999,
                    47.22701382000902
                ]
            }
        },
        {
            "type": "Feature",
            "properties": {
                "Name": "SALMINEN WILLIAM V",
                "Address": "6868 PAULSON RD",
                "Phone": "2183914911",
                "Phase": "A",
                "Substation": "COTTON",
                "Map_location": "292022944",
                "PARCEL_NUMBER": null
            },
            "geometry": {
                "type": "Point",
                "coordinates": [
                    -92.4055477999999,
                    47.22701200000901
                ]
            }
        },
        {
            "type": "Feature",
            "properties": {
                "Name": "JOHNSON MICHAEL",
                "Address": "6860 PAULSON RD",
                "Phone": "2185903161",
                "Phase": "A",
                "Substation": "COTTON",
                "Map_location": "292022910",
                "PARCEL_NUMBER": null
            },
            "geometry": {
                "type": "Point",
                "coordinates": [
                    -92.4048325999999,
                    47.226975800009015
                ]
            }
        },
        {
            "type": "Feature",
            "properties": {
                "Name": "JOHNSON MICHAEL",
                "Address": "6856 PAULSON RD",
                "Phone": "2185903161",
                "Phase": "A",
                "Substation": "COTTON",
                "Map_location": "292022909",
                "PARCEL_NUMBER": null
            },
            "geometry": {
                "type": "Point",
                "coordinates": [
                    -92.4048687999999,
                    47.22720500000902
                ]
            }
        },
        {
            "type": "Feature",
            "properties": {
                "Name": "KRAUSE PAUL",
                "Address": "6850 PAULSON RD",
                "Phone": "2183908950",
                "Phase": "A",
                "Substation": "COTTON",
                "Map_location": "292022008",
                "PARCEL_NUMBER": null
            },
            "geometry": {
                "type": "Point",
                "coordinates": [
                    -92.4042576099999,
                    47.22752455000902
                ]
            }
        },
        {
            "type": "Feature",
            "properties": {
                "Name": "LYNCH CHRIS",
                "Address": "6844 PAULSON RD",
                "Phone": "6129633700",
                "Phase": "A",
                "Substation": "COTTON",
                "Map_location": "292022035",
                "PARCEL_NUMBER": null
            },
            "geometry": {
                "type": "Point",
                "coordinates": [
                    -92.4034341899999,
                    47.227744940009025
                ]
            }
        },
        {
            "type": "Feature",
            "properties": {
                "Name": "BRADT SCOTT R",
                "Address": "6830 PAULSON RD",
                "Phone": "2187303404",
                "Phase": "A",
                "Substation": "COTTON",
                "Map_location": "292022050",
                "PARCEL_NUMBER": null
            },
            "geometry": {
                "type": "Point",
                "coordinates": [
                    -92.4022342499999,
                    47.227994730009
                ]
            }
        },
        {
            "type": "Feature",
            "properties": {
                "Name": "LEIVISKA GREG A",
                "Address": "6826 PAULSON RD",
                "Phone": "2184815655",
                "Phase": "A",
                "Substation": "COTTON",
                "Map_location": "292022007",
                "PARCEL_NUMBER": null
            },
            "geometry": {
                "type": "Point",
                "coordinates": [
                    -92.40216623933719,
                    47.22800526578062
                ]
            }
        },
        {
            "type": "Feature",
            "properties": {
                "Name": "NORDQUIST GLENN P",
                "Address": "6824 PAULSON RD",
                "Phone": "2183932023",
                "Phase": "A",
                "Substation": "COTTON",
                "Map_location": "292022006",
                "PARCEL_NUMBER": null
            },
            "geometry": {
                "type": "Point",
                "coordinates": [
                    -92.4013660999999,
                    47.22791000000902
                ]
            }
        },
        {
            "type": "Feature",
            "properties": {
                "Name": "KLOSS HANNAH R",
                "Address": "6818 PAULSON RD",
                "Phone": "2182902297",
                "Phase": "A",
                "Substation": "COTTON",
                "Map_location": "292022025",
                "PARCEL_NUMBER": "320012000140.0"
            },
            "geometry": {
                "type": "Point",
                "coordinates": [
                    -92.4010427999999,
                    47.227956780008995
                ]
            }
        },
        {
            "type": "Feature",
            "properties": {
                "Name": "KLOSS HANNAH R",
                "Address": "6818 PAULSON RD",
                "Phone": "2182902297",
                "Phase": "A",
                "Substation": "COTTON",
                "Map_location": "292022025",
                "PARCEL_NUMBER": "320001003280.0"
            },
            "geometry": {
                "type": "Point",
                "coordinates": [
                    -92.4010427999999,
                    47.227956780008995
                ]
            }
        },
        {
            "type": "Feature",
            "properties": {
                "Name": "CUFF MARINA",
                "Address": "6816 PAULSON RD",
                "Phone": "2187498038",
                "Phase": "A",
                "Substation": "COTTON",
                "Map_location": "292022033",
                "PARCEL_NUMBER": null
            },
            "geometry": {
                "type": "Point",
                "coordinates": [
                    -92.4009922399999,
                    47.228220960009004
                ]
            }
        },
        {
            "type": "Feature",
            "properties": {
                "Name": "LYNCH WILLIAM P",
                "Address": "6814 PAULSON",
                "Phone": "6513382411",
                "Phase": "A",
                "Substation": "COTTON",
                "Map_location": "292022005",
                "PARCEL_NUMBER": null
            },
            "geometry": {
                "type": "Point",
                "coordinates": [
                    -92.4008281199999,
                    47.22833585000901
                ]
            }
        },
        {
            "type": "Feature",
            "properties": {
                "Name": "WOOD JOHN",
                "Address": "1536 KRANTZ RD",
                "Phone": "2183456521",
                "Phase": "A",
                "Substation": "COTTON",
                "Map_location": "292022024",
                "PARCEL_NUMBER": null
            },
            "geometry": {
                "type": "Point",
                "coordinates": [
                    -92.4002934999999,
                    47.228430300009016
                ]
            }
        },
        {
            "type": "Feature",
            "properties": {
                "Name": "DOWNS JOHN B",
                "Address": "1522 KRANTZ RD",
                "Phone": "2187276175",
                "Phase": "A",
                "Substation": "COTTON",
                "Map_location": "292022043",
                "PARCEL_NUMBER": null
            },
            "geometry": {
                "type": "Point",
                "coordinates": [
                    -92.4004744799999,
                    47.22941782000901
                ]
            }
        },
        {
            "type": "Feature",
            "properties": {
                "Name": "ARRINGTON TIMOTHY Z",
                "Address": "1520 KRANTZ RD",
                "Phone": "2562836741",
                "Phase": "A",
                "Substation": "COTTON",
                "Map_location": "292022023",
                "PARCEL_NUMBER": "320001003274.0"
            },
            "geometry": {
                "type": "Point",
                "coordinates": [
                    -92.40053531156921,
                    47.22959603494076
                ]
            }
        },
        {
            "type": "Feature",
            "properties": {
                "Name": "SOLOMON TIMOTHY DAVID",
                "Address": "1514 KRANTZ RD",
                "Phone": "2183933092",
                "Phase": "A",
                "Substation": "COTTON",
                "Map_location": "292022037",
                "PARCEL_NUMBER": null
            },
            "geometry": {
                "type": "Point",
                "coordinates": [
                    -92.4003001599999,
                    47.23009971000901
                ]
            }
        },
        {
            "type": "Feature",
            "properties": {
                "Name": "WICK DALE E",
                "Address": "1504 KRANTZ RD",
                "Phone": "7632348099",
                "Phase": "A",
                "Substation": "COTTON",
                "Map_location": "292022046",
                "PARCEL_NUMBER": null
            },
            "geometry": {
                "type": "Point",
                "coordinates": [
                    -92.4006112999999,
                    47.23086290000903
                ]
            }
        },
        {
            "type": "Feature",
            "properties": {
                "Name": "VOIGT LEEANDER F",
                "Address": "6812 ARIZONA RD",
                "Phone": "2184823600",
                "Phase": "A",
                "Substation": "COTTON",
                "Map_location": "292022052",
                "PARCEL_NUMBER": null
            },
            "geometry": {
                "type": "Point",
                "coordinates": [
                    -92.3997552999999,
                    47.231457100009
                ]
            }
        },
        {
            "type": "Feature",
            "properties": {
                "Name": "HOOK KATELIN R",
                "Address": "1539 MELRUDE RD",
                "Phone": "6027415583",
                "Phase": "A",
                "Substation": "COTTON",
                "Map_location": "292001903",
                "PARCEL_NUMBER": null
            },
            "geometry": {
                "type": "Point",
                "coordinates": [
                    -92.4098387799999,
                    47.229628280009024
                ]
            }
        },
        {
            "type": "Feature",
            "properties": {
                "Name": "ERICKSON BARBARA JANE",
                "Address": "6874 PAULSON RD",
                "Phone": "2182138656",
                "Phase": "A",
                "Substation": "COTTON",
                "Map_location": "292022912",
                "PARCEL_NUMBER": null
            },
            "geometry": {
                "type": "Point",
                "coordinates": [
                    -92.4065282099999,
                    47.22644826000901
                ]
            }
        },
        {
            "type": "Feature",
            "properties": {
                "Name": "VANHOUT JYLL",
                "Address": "6806 ARIZONA RD",
                "Phone": "2184285817",
                "Phase": "A",
                "Substation": "COTTON",
                "Map_location": "292022004",
                "PARCEL_NUMBER": "320006000060.0"
            },
            "geometry": {
                "type": "Point",
                "coordinates": [
                    -92.3978382999999,
                    47.234401100009016
                ]
            }
        },
        {
            "type": "Feature",
            "properties": {
                "Name": "OMDAHL BRANDON L",
                "Address": "6794 ARIZONA RD",
                "Phone": "6052900307",
                "Phase": "A",
                "Substation": "COTTON",
                "Map_location": "292022034",
                "PARCEL_NUMBER": "320006000075.0"
            },
            "geometry": {
                "type": "Point",
                "coordinates": [
                    -92.3965785999999,
                    47.23396030000901
                ]
            }
        },
        {
            "type": "Feature",
            "properties": {
                "Name": "OMDAHL BRANDON L",
                "Address": "6794 ARIZONA RD",
                "Phone": "6052900307",
                "Phase": "A",
                "Substation": "COTTON",
                "Map_location": "292022034",
                "PARCEL_NUMBER": "320006000070.0"
            },
            "geometry": {
                "type": "Point",
                "coordinates": [
                    -92.3965785999999,
                    47.23396030000901
                ]
            }
        },
        {
            "type": "Feature",
            "properties": {
                "Name": "LANE TERRANCE",
                "Address": "6780 ARIZONA RD",
                "Phone": "2185911958",
                "Phase": "A",
                "Substation": "COTTON",
                "Map_location": "292022009",
                "PARCEL_NUMBER": null
            },
            "geometry": {
                "type": "Point",
                "coordinates": [
                    -92.3953010799999,
                    47.232947840009004
                ]
            }
        },
        {
            "type": "Feature",
            "properties": {
                "Name": "JACOBS LEE",
                "Address": "6768 ARIZONA RD",
                "Phone": "2187290641",
                "Phase": "A",
                "Substation": "COTTON",
                "Map_location": "292022003",
                "PARCEL_NUMBER": null
            },
            "geometry": {
                "type": "Point",
                "coordinates": [
                    -92.3953368999999,
                    47.232448710009024
                ]
            }
        },
        {
            "type": "Feature",
            "properties": {
                "Name": "YAKLICH JACK",
                "Address": "66 ERICKSON ACRES",
                "Phone": "2187492103",
                "Phase": "A",
                "Substation": "COTTON",
                "Map_location": "292022001",
                "PARCEL_NUMBER": null
            },
            "geometry": {
                "type": "Point",
                "coordinates": [
                    -92.3941479799999,
                    47.23202818000902
                ]
            }
        },
        {
            "type": "Feature",
            "properties": {
                "Name": "JOHNSON TIM B",
                "Address": "6750 ARIZONA RD",
                "Phone": "2184106763",
                "Phase": "A",
                "Substation": "COTTON",
                "Map_location": "292022038",
                "PARCEL_NUMBER": null
            },
            "geometry": {
                "type": "Point",
                "coordinates": [
                    -92.3937778199999,
                    47.23205048000901
                ]
            }
        },
        {
            "type": "Feature",
            "properties": {
                "Name": "CROSSLAND GLENN",
                "Address": "6760 ARIZONA RD",
                "Phone": "9136604935",
                "Phase": "A",
                "Substation": "COTTON",
                "Map_location": "292022002",
                "PARCEL_NUMBER": null
            },
            "geometry": {
                "type": "Point",
                "coordinates": [
                    -92.3943718099999,
                    47.23194770000902
                ]
            }
        },
        {
            "type": "Feature",
            "properties": {
                "Name": "CHRISTOPHERSON SCOTT",
                "Address": "6764 ARIZONA RD",
                "Phone": "2182903158",
                "Phase": "A",
                "Substation": "COTTON",
                "Map_location": "292022051",
                "PARCEL_NUMBER": null
            },
            "geometry": {
                "type": "Point",
                "coordinates": [
                    -92.3948719999999,
                    47.232151000009026
                ]
            }
        },
        {
            "type": "Feature",
            "properties": {
                "Name": "MANCINA KEITH",
                "Address": "6719 ARIZONA RD",
                "Phone": "2187443063",
                "Phase": "A",
                "Substation": "COTTON",
                "Map_location": "292002102",
                "PARCEL_NUMBER": null
            },
            "geometry": {
                "type": "Point",
                "coordinates": [
                    -92.3875686545,
                    47.23195475912932
                ]
            }
        },
        {
            "type": "Feature",
            "properties": {
                "Name": "KRONE MARY K",
                "Address": "6692 ARIZONA RD",
                "Phone": "7635769776",
                "Phase": "A",
                "Substation": "COTTON",
                "Map_location": "292022047",
                "PARCEL_NUMBER": null
            },
            "geometry": {
                "type": "Point",
                "coordinates": [
                    -92.38785598917521,
                    47.231212858964476
                ]
            }
        },
        {
            "type": "Feature",
            "properties": {
                "Name": "LEE SCOTT",
                "Address": "ARIZONA RD",
                "Phone": "6309352683",
                "Phase": "A",
                "Substation": "COTTON",
                "Map_location": "292002101",
                "PARCEL_NUMBER": null
            },
            "geometry": {
                "type": "Point",
                "coordinates": [
                    -92.3867738199999,
                    47.227691670009
                ]
            }
        },
        {
            "type": "Feature",
            "properties": {
                "Name": "MOBERG ANDREW O",
                "Address": "6703 ARIZONA RD",
                "Phone": "2182489042",
                "Phase": "A",
                "Substation": "COTTON",
                "Map_location": "292022922",
                "PARCEL_NUMBER": "305002000485.0"
            },
            "geometry": {
                "type": "Point",
                "coordinates": [
                    -92.3885534799999,
                    47.224719660009015
                ]
            }
        },
        {
            "type": "Feature",
            "properties": {
                "Name": "MAXIM MICHAEL P",
                "Address": "6587 BERG LK DR",
                "Phone": "2185914232",
                "Phase": "A",
                "Substation": "COTTON",
                "Map_location": "292032803",
                "PARCEL_NUMBER": null
            },
            "geometry": {
                "type": "Point",
                "coordinates": [
                    -92.3846698999999,
                    47.223124600008994
                ]
            }
        },
        {
            "type": "Feature",
            "properties": {
                "Name": "WARGIN ALISHA",
                "Address": "6579 BERG LK DR",
                "Phone": "2183489730",
                "Phase": "A",
                "Substation": "COTTON",
                "Map_location": "292032805",
                "PARCEL_NUMBER": null
            },
            "geometry": {
                "type": "Point",
                "coordinates": [
                    -92.3839610099999,
                    47.22356842000901
                ]
            }
        },
        {
            "type": "Feature",
            "properties": {
                "Name": "STOKES KRISTY",
                "Address": "6589 BERG LK RD",
                "Phone": "2184287755",
                "Phase": "A",
                "Substation": "COTTON",
                "Map_location": "292032810",
                "PARCEL_NUMBER": null
            },
            "geometry": {
                "type": "Point",
                "coordinates": [
                    -92.3842850999999,
                    47.222201820009005
                ]
            }
        },
        {
            "type": "Feature",
            "properties": {
                "Name": "RAPP RANDY A",
                "Address": "6592 BERG LAKE RD",
                "Phone": "2187297705",
                "Phase": "A",
                "Substation": "COTTON",
                "Map_location": "292032806",
                "PARCEL_NUMBER": null
            },
            "geometry": {
                "type": "Point",
                "coordinates": [
                    -92.3821486399999,
                    47.221909440009
                ]
            }
        },
        {
            "type": "Feature",
            "properties": {
                "Name": "JOHNSTON STANLEY",
                "Address": "6535 BERG LAKE RD",
                "Phone": "2183933235",
                "Phase": "A",
                "Substation": "COTTON",
                "Map_location": "292032808",
                "PARCEL_NUMBER": null
            },
            "geometry": {
                "type": "Point",
                "coordinates": [
                    -92.3812617999999,
                    47.225189100009025
                ]
            }
        },
        {
            "type": "Feature",
            "properties": {
                "Name": "KROG ARRLETTE M",
                "Address": "6551 BERG LAKE DR",
                "Phone": "2184825592",
                "Phase": "A",
                "Substation": "COTTON",
                "Map_location": "292032809",
                "PARCEL_NUMBER": null
            },
            "geometry": {
                "type": "Point",
                "coordinates": [
                    -92.3815478999999,
                    47.22601730000901
                ]
            }
        },
        {
            "type": "Feature",
            "properties": {
                "Name": "HEARSHMAN DAN",
                "Address": "6697 BERG LAKE DRIVE",
                "Phone": "7637539673",
                "Phase": "A",
                "Substation": "COTTON",
                "Map_location": "292022929",
                "PARCEL_NUMBER": null
            },
            "geometry": {
                "type": "Point",
                "coordinates": [
                    -92.3906751799999,
                    47.217424600009
                ]
            }
        },
        {
            "type": "Feature",
            "properties": {
                "Name": "SPITZENBERGER JAM ES",
                "Address": "6695 E BERG LK RD",
                "Phone": "6122024583",
                "Phase": "A",
                "Substation": "COTTON",
                "Map_location": "292022928",
                "PARCEL_NUMBER": null
            },
            "geometry": {
                "type": "Point",
                "coordinates": [
                    -92.3901089499999,
                    47.217851760009005
                ]
            }
        },
        {
            "type": "Feature",
            "properties": {
                "Name": "PENTTILA DAWN",
                "Address": "1379 EAGLE POINT DR",
                "Phone": "2184283908",
                "Phase": "A",
                "Substation": "COTTON",
                "Map_location": "292022940",
                "PARCEL_NUMBER": null
            },
            "geometry": {
                "type": "Point",
                "coordinates": [
                    -92.3892247999999,
                    47.21825610000901
                ]
            }
        },
        {
            "type": "Feature",
            "properties": {
                "Name": "BRYANT SHIRLEY C",
                "Address": "1405 EAGLE PNT DR",
                "Phone": "2188796399",
                "Phase": "A",
                "Substation": "COTTON",
                "Map_location": "292022921",
                "PARCEL_NUMBER": null
            },
            "geometry": {
                "type": "Point",
                "coordinates": [
                    -92.38820090447042,
                    47.22037919288376
                ]
            }
        },
        {
            "type": "Feature",
            "properties": {
                "Name": "BURWELL STEVEN J",
                "Address": "1404 EAGLE POINT DR",
                "Phone": "6516368178",
                "Phase": "A",
                "Substation": "COTTON",
                "Map_location": "292032829",
                "PARCEL_NUMBER": null
            },
            "geometry": {
                "type": "Point",
                "coordinates": [
                    -92.3873072999999,
                    47.22003630000901
                ]
            }
        },
        {
            "type": "Feature",
            "properties": {
                "Name": "UDOVICH JOE W",
                "Address": "6670 E BERG LAKE RD",
                "Phone": "2187809740",
                "Phase": "A",
                "Substation": "COTTON",
                "Map_location": "292032813",
                "PARCEL_NUMBER": null
            },
            "geometry": {
                "type": "Point",
                "coordinates": [
                    -92.3836234999999,
                    47.21733190000901
                ]
            }
        },
        {
            "type": "Feature",
            "properties": {
                "Name": "MILLER AUSTIN E",
                "Address": "6915 COMSTOCK LK RD",
                "Phone": "2189699206",
                "Phase": "A",
                "Substation": "COTTON",
                "Map_location": "313000707",
                "PARCEL_NUMBER": null
            },
            "geometry": {
                "type": "Point",
                "coordinates": [
                    -92.4115960699999,
                    47.173550120008954
                ]
            }
        },
        {
            "type": "Feature",
            "properties": {
                "Name": "VOIGT SHELBY",
                "Address": "6897 COMSTOCK LK RD",
                "Phone": "2187306422",
                "Phase": "A",
                "Substation": "COTTON",
                "Map_location": "313000709",
                "PARCEL_NUMBER": null
            },
            "geometry": {
                "type": "Point",
                "coordinates": [
                    -92.4096598999999,
                    47.173639600008954
                ]
            }
        },
        {
            "type": "Feature",
            "properties": {
                "Name": "EHRICH HALEY MARIE",
                "Address": "6818 COMSTOCK LK RD",
                "Phone": "2182404734",
                "Phase": "C",
                "Substation": "COTTON",
                "Map_location": "313000802",
                "PARCEL_NUMBER": null
            },
            "geometry": {
                "type": "Point",
                "coordinates": [
                    -92.40185732965936,
                    47.170351399782874
                ]
            }
        },
        {
            "type": "Feature",
            "properties": {
                "Name": "KETOLA DAVID",
                "Address": "6624 COMSTOCK LK RD",
                "Phone": "2184823410",
                "Phase": "A",
                "Substation": "COTTON",
                "Map_location": "313000902",
                "PARCEL_NUMBER": null
            },
            "geometry": {
                "type": "Point",
                "coordinates": [
                    -92.3796588999999,
                    47.17968472000895
                ]
            }
        },
        {
            "type": "Feature",
            "properties": {
                "Name": "SKAFTE ROBERT N",
                "Address": "6560 COMSTOCK LK RD",
                "Phone": "2184825501",
                "Phase": "C",
                "Substation": "COTTON",
                "Map_location": "313000904",
                "PARCEL_NUMBER": null
            },
            "geometry": {
                "type": "Point",
                "coordinates": [
                    -92.3736162999999,
                    47.18269400000897
                ]
            }
        },
        {
            "type": "Feature",
            "properties": {
                "Name": "OLIVER STEVEN SCOTT",
                "Address": "6540 COMSTOCK LK RD",
                "Phone": "2184823299",
                "Phase": "C",
                "Substation": "COTTON",
                "Map_location": "313000903",
                "PARCEL_NUMBER": null
            },
            "geometry": {
                "type": "Point",
                "coordinates": [
                    -92.3712854699999,
                    47.18309393000895
                ]
            }
        },
        {
            "type": "Feature",
            "properties": {
                "Name": "LACOURSIERE KELLEY JAY",
                "Address": "6496 COMSTOCK LAKE RD",
                "Phone": null,
                "Phase": "C",
                "Substation": "COTTON",
                "Map_location": "313000906",
                "PARCEL_NUMBER": null
            },
            "geometry": {
                "type": "Point",
                "coordinates": [
                    -92.3661398681883,
                    47.182663969039744
                ]
            }
        },
        {
            "type": "Feature",
            "properties": {
                "Name": "WISCONSIN CENTRAL LTD",
                "Address": "COUNTY RD 52 AND MINK RD",
                "Phone": "5143994700",
                "Phase": "A",
                "Substation": "COTTON",
                "Map_location": "313000905",
                "PARCEL_NUMBER": null
            },
            "geometry": {
                "type": "Point",
                "coordinates": [
                    -92.36487059999989,
                    47.18433530000897
                ]
            }
        },
        {
            "type": "Feature",
            "properties": {
                "Name": "JOHNS TOM D",
                "Address": "6458 COMSTOCK LAKE RD",
                "Phone": "2187245558",
                "Phase": "C",
                "Substation": "COTTON",
                "Map_location": "313000302",
                "PARCEL_NUMBER": null
            },
            "geometry": {
                "type": "Point",
                "coordinates": [
                    -92.36094087999989,
                    47.18495987000896
                ]
            }
        },
        {
            "type": "Feature",
            "properties": {
                "Name": "DICK DAN JOHN",
                "Address": "9330 MINK RD",
                "Phone": "7634585910",
                "Phase": "A",
                "Substation": "COTTON",
                "Map_location": "313000402",
                "PARCEL_NUMBER": null
            },
            "geometry": {
                "type": "Point",
                "coordinates": [
                    -92.36555379999989,
                    47.18736410000896
                ]
            }
        },
        {
            "type": "Feature",
            "properties": {
                "Name": "NELSON DONNA M",
                "Address": "9379 MINK RD",
                "Phone": "2184643299",
                "Phase": "A",
                "Substation": "COTTON",
                "Map_location": "313000401",
                "PARCEL_NUMBER": "40014500605.0"
            },
            "geometry": {
                "type": "Point",
                "coordinates": [
                    -92.3656432699999,
                    47.19023873000895
                ]
            }
        },
        {
            "type": "Feature",
            "properties": {
                "Name": "NELSON DONNA M",
                "Address": "9379 MINK RD",
                "Phone": "2184643299",
                "Phase": "A",
                "Substation": "COTTON",
                "Map_location": "313000401",
                "PARCEL_NUMBER": "320001002800.0"
            },
            "geometry": {
                "type": "Point",
                "coordinates": [
                    -92.3656432699999,
                    47.19023873000895
                ]
            }
        },
        {
            "type": "Feature",
            "properties": {
                "Name": "KROLL ALAN",
                "Address": "9411 MINK RD",
                "Phone": "3206304720",
                "Phase": "A",
                "Substation": "COTTON",
                "Map_location": "313000403",
                "PARCEL_NUMBER": null
            },
            "geometry": {
                "type": "Point",
                "coordinates": [
                    -92.36616739999988,
                    47.19215780000897
                ]
            }
        },
        {
            "type": "Feature",
            "properties": {
                "Name": "ELLSBURG VOL FIRE DEPT",
                "Address": "1102 MINK RD",
                "Phone": "2184823777",
                "Phase": "A",
                "Substation": "COTTON",
                "Map_location": "292003480",
                "PARCEL_NUMBER": null
            },
            "geometry": {
                "type": "Point",
                "coordinates": [
                    -92.36585009999989,
                    47.19906930000898
                ]
            }
        },
        {
            "type": "Feature",
            "properties": {
                "Name": "KRAMMER DAVID P",
                "Address": "1161 W MINK RD",
                "Phone": "6513320257",
                "Phase": "A",
                "Substation": "COTTON",
                "Map_location": "292003303",
                "PARCEL_NUMBER": null
            },
            "geometry": {
                "type": "Point",
                "coordinates": [
                    -92.3683623999999,
                    47.20321960000898
                ]
            }
        },
        {
            "type": "Feature",
            "properties": {
                "Name": "CHRISTENSON PATRICE J",
                "Address": "1153 W MINK RD",
                "Phone": "6513319433",
                "Phase": "A",
                "Substation": "COTTON",
                "Map_location": "292003304",
                "PARCEL_NUMBER": null
            },
            "geometry": {
                "type": "Point",
                "coordinates": [
                    -92.3674994799999,
                    47.203031900008995
                ]
            }
        },
        {
            "type": "Feature",
            "properties": {
                "Name": "KRIENKE KYLE MARK",
                "Address": "1163 W MINK RD",
                "Phone": "5073628791",
                "Phase": "A",
                "Substation": "COTTON",
                "Map_location": "292003305",
                "PARCEL_NUMBER": null
            },
            "geometry": {
                "type": "Point",
                "coordinates": [
                    -92.36688229999989,
                    47.20379200000899
                ]
            }
        },
        {
            "type": "Feature",
            "properties": {
                "Name": "PIKE JOHN F",
                "Address": "1168 MINK RD",
                "Phone": "2186261306",
                "Phase": "A",
                "Substation": "COTTON",
                "Map_location": "292043470",
                "PARCEL_NUMBER": null
            },
            "geometry": {
                "type": "Point",
                "coordinates": [
                    -92.36567679999989,
                    47.20389880000899
                ]
            }
        },
        {
            "type": "Feature",
            "properties": {
                "Name": "WITT RICK A",
                "Address": "1180 W MINK RD",
                "Phone": "6513414591",
                "Phase": "A",
                "Substation": "COTTON",
                "Map_location": "292043476",
                "PARCEL_NUMBER": null
            },
            "geometry": {
                "type": "Point",
                "coordinates": [
                    -92.36483430999989,
                    47.204479180008995
                ]
            }
        },
        {
            "type": "Feature",
            "properties": {
                "Name": "JOHNSON ALAN B",
                "Address": "1185 W MINK RD",
                "Phone": "2184823811",
                "Phase": "A",
                "Substation": "COTTON",
                "Map_location": "292043468",
                "PARCEL_NUMBER": null
            },
            "geometry": {
                "type": "Point",
                "coordinates": [
                    -92.36570829999988,
                    47.20532810000899
                ]
            }
        },
        {
            "type": "Feature",
            "properties": {
                "Name": "MCKEEVER AUBREANNA",
                "Address": "1193 W MINK RD",
                "Phone": "2182518255",
                "Phase": "A",
                "Substation": "COTTON",
                "Map_location": "292043461",
                "PARCEL_NUMBER": null
            },
            "geometry": {
                "type": "Point",
                "coordinates": [
                    -92.36537379999989,
                    47.205813900008984
                ]
            }
        },
        {
            "type": "Feature",
            "properties": {
                "Name": "CARLSNESS SUSAN",
                "Address": "1182 W MINK RD",
                "Phone": "2183493993",
                "Phase": "A",
                "Substation": "COTTON",
                "Map_location": "292043452",
                "PARCEL_NUMBER": "320003200060.0"
            },
            "geometry": {
                "type": "Point",
                "coordinates": [
                    -92.3640616703468,
                    47.204725015029766
                ]
            }
        },
        {
            "type": "Feature",
            "properties": {
                "Name": "BOHREN DEAN",
                "Address": "1190 W MINK RD",
                "Phone": "7203086331",
                "Phase": "A",
                "Substation": "COTTON",
                "Map_location": "292043444",
                "PARCEL_NUMBER": null
            },
            "geometry": {
                "type": "Point",
                "coordinates": [
                    -92.36386779999988,
                    47.205174100009
                ]
            }
        },
        {
            "type": "Feature",
            "properties": {
                "Name": "GAUSTAD JOEL KENNETH",
                "Address": "1192 W MINK RD",
                "Phone": "7638625662",
                "Phase": "A",
                "Substation": "COTTON",
                "Map_location": "292043449",
                "PARCEL_NUMBER": null
            },
            "geometry": {
                "type": "Point",
                "coordinates": [
                    -92.36372829999989,
                    47.20520510000898
                ]
            }
        },
        {
            "type": "Feature",
            "properties": {
                "Name": "MILLER STEVEN W",
                "Address": "1194 MINK RD",
                "Phone": "2184823417",
                "Phase": "A",
                "Substation": "COTTON",
                "Map_location": "292043410",
                "PARCEL_NUMBER": null
            },
            "geometry": {
                "type": "Point",
                "coordinates": [
                    -92.3633619085122,
                    47.20567850341173
                ]
            }
        },
        {
            "type": "Feature",
            "properties": {
                "Name": "STREITZ SCOTT W",
                "Address": "1198 W MINK RD",
                "Phone": "2183936979",
                "Phase": "A",
                "Substation": "COTTON",
                "Map_location": "292043409",
                "PARCEL_NUMBER": null
            },
            "geometry": {
                "type": "Point",
                "coordinates": [
                    -92.36316159999988,
                    47.20602130000899
                ]
            }
        },
        {
            "type": "Feature",
            "properties": {
                "Name": "NELSON BRENDA LEE",
                "Address": "1202 W MINK RD",
                "Phone": null,
                "Phase": "A",
                "Substation": "COTTON",
                "Map_location": "292043459",
                "PARCEL_NUMBER": null
            },
            "geometry": {
                "type": "Point",
                "coordinates": [
                    -92.36257009999989,
                    47.20623930000899
                ]
            }
        },
        {
            "type": "Feature",
            "properties": {
                "Name": "SCHUBRING ROGER",
                "Address": "1167 CAMERON RD",
                "Phone": "6514813936",
                "Phase": "A",
                "Substation": "COTTON",
                "Map_location": "292043411",
                "PARCEL_NUMBER": null
            },
            "geometry": {
                "type": "Point",
                "coordinates": [
                    -92.36351079999989,
                    47.20300140000899
                ]
            }
        },
        {
            "type": "Feature",
            "properties": {
                "Name": "LAPLANTE HAROLD",
                "Address": "1169 CAMARON DR",
                "Phone": "2187285234",
                "Phase": "A",
                "Substation": "COTTON",
                "Map_location": "292043412",
                "PARCEL_NUMBER": null
            },
            "geometry": {
                "type": "Point",
                "coordinates": [
                    -92.36331759999989,
                    47.20274630000897
                ]
            }
        },
        {
            "type": "Feature",
            "properties": {
                "Name": "PETRUZALEK VINCE",
                "Address": "1195 CAMERON DR",
                "Phone": "2184825272",
                "Phase": "A",
                "Substation": "COTTON",
                "Map_location": "292043471",
                "PARCEL_NUMBER": "405001001910.0"
            },
            "geometry": {
                "type": "Point",
                "coordinates": [
                    -92.35967999999988,
                    47.201963000008966
                ]
            }
        },
        {
            "type": "Feature",
            "properties": {
                "Name": "PETRUZALEK VINCE",
                "Address": "1195 CAMERON DR",
                "Phone": "2184825272",
                "Phase": "A",
                "Substation": "COTTON",
                "Map_location": "292043471",
                "PARCEL_NUMBER": "405001001870.0"
            },
            "geometry": {
                "type": "Point",
                "coordinates": [
                    -92.35967999999988,
                    47.201963000008966
                ]
            }
        },
        {
            "type": "Feature",
            "properties": {
                "Name": "MCFADDEN RENEE A",
                "Address": "1215 CAMERON DR",
                "Phone": "6129616654",
                "Phase": "A",
                "Substation": "COTTON",
                "Map_location": "292043467",
                "PARCEL_NUMBER": null
            },
            "geometry": {
                "type": "Point",
                "coordinates": [
                    -92.35787179999988,
                    47.20267830000897
                ]
            }
        },
        {
            "type": "Feature",
            "properties": {
                "Name": "SEITZ WILLIAM RYAN",
                "Address": "1193 CAMERON DR",
                "Phone": "2184823229",
                "Phase": "A",
                "Substation": "COTTON",
                "Map_location": "292043435",
                "PARCEL_NUMBER": null
            },
            "geometry": {
                "type": "Point",
                "coordinates": [
                    -92.36118304999988,
                    47.20204559000899
                ]
            }
        },
        {
            "type": "Feature",
            "properties": {
                "Name": "GARDNER LARRY D",
                "Address": "1191 CAMERON DR",
                "Phone": "6122749191",
                "Phase": "A",
                "Substation": "COTTON",
                "Map_location": "292043415",
                "PARCEL_NUMBER": null
            },
            "geometry": {
                "type": "Point",
                "coordinates": [
                    -92.36138802999989,
                    47.20206170000899
                ]
            }
        },
        {
            "type": "Feature",
            "properties": {
                "Name": "VOLLBRECHT KEITH",
                "Address": "1189 CAMERON DR",
                "Phone": "5074610873",
                "Phase": "A",
                "Substation": "COTTON",
                "Map_location": "292043414",
                "PARCEL_NUMBER": null
            },
            "geometry": {
                "type": "Point",
                "coordinates": [
                    -92.36175900999989,
                    47.20204242000898
                ]
            }
        },
        {
            "type": "Feature",
            "properties": {
                "Name": "THIES CHARLES L",
                "Address": "1166 W MINK RD",
                "Phone": "2184823684",
                "Phase": "A",
                "Substation": "COTTON",
                "Map_location": "292043464",
                "PARCEL_NUMBER": null
            },
            "geometry": {
                "type": "Point",
                "coordinates": [
                    -92.36571559999989,
                    47.20386930000898
                ]
            }
        },
        {
            "type": "Feature",
            "properties": {
                "Name": "DULINSKI JEFFERY DENNIS",
                "Address": "1206 W MINK RD",
                "Phone": "2184823646",
                "Phase": "A",
                "Substation": "COTTON",
                "Map_location": "292043472",
                "PARCEL_NUMBER": null
            },
            "geometry": {
                "type": "Point",
                "coordinates": [
                    -92.36238480999988,
                    47.206519220008985
                ]
            }
        },
        {
            "type": "Feature",
            "properties": {
                "Name": "ARROWHEAD COMMUNI CATIONS",
                "Address": "MINK REMOTE",
                "Phone": "2183465500",
                "Phase": "A",
                "Substation": "COTTON",
                "Map_location": "292043481",
                "PARCEL_NUMBER": null
            },
            "geometry": {
                "type": "Point",
                "coordinates": [
                    -92.36260321698732,
                    47.207377685322115
                ]
            }
        },
        {
            "type": "Feature",
            "properties": {
                "Name": "HOULE JASON A",
                "Address": "1224 W MINK RD",
                "Phone": "2183104214",
                "Phase": "A",
                "Substation": "COTTON",
                "Map_location": "292043463",
                "PARCEL_NUMBER": "320003200200.0"
            },
            "geometry": {
                "type": "Point",
                "coordinates": [
                    -92.36115919999989,
                    47.20800820000899
                ]
            }
        },
        {
            "type": "Feature",
            "properties": {
                "Name": "MERCIER DENNIS",
                "Address": "1230 MINK RD",
                "Phone": "2187295316",
                "Phase": "A",
                "Substation": "COTTON",
                "Map_location": "292043447",
                "PARCEL_NUMBER": null
            },
            "geometry": {
                "type": "Point",
                "coordinates": [
                    -92.36114500999989,
                    47.20825634000898
                ]
            }
        },
        {
            "type": "Feature",
            "properties": {
                "Name": "IALLONARDO ELIZABETH A",
                "Address": "1286 W MINK RD",
                "Phone": "2189695632",
                "Phase": "A",
                "Substation": "COTTON",
                "Map_location": "292043408",
                "PARCEL_NUMBER": "320003300010.0"
            },
            "geometry": {
                "type": "Point",
                "coordinates": [
                    -92.36080729999989,
                    47.208669300008985
                ]
            }
        },
        {
            "type": "Feature",
            "properties": {
                "Name": "IALLONARDO ELIZABETH A",
                "Address": "1286 W MINK RD",
                "Phone": "2189695632",
                "Phase": "A",
                "Substation": "COTTON",
                "Map_location": "292043408",
                "PARCEL_NUMBER": "320001002950.0"
            },
            "geometry": {
                "type": "Point",
                "coordinates": [
                    -92.36080729999989,
                    47.208669300008985
                ]
            }
        },
        {
            "type": "Feature",
            "properties": {
                "Name": "IALLONARDO ELIZABETH A",
                "Address": "1286 W MINK RD",
                "Phone": "2189695632",
                "Phase": "A",
                "Substation": "COTTON",
                "Map_location": "292043408",
                "PARCEL_NUMBER": "320003200230.0"
            },
            "geometry": {
                "type": "Point",
                "coordinates": [
                    -92.36080729999989,
                    47.208669300008985
                ]
            }
        },
        {
            "type": "Feature",
            "properties": {
                "Name": "MAHER BETTY JO",
                "Address": "1288 W MINK RD",
                "Phone": "2184825589",
                "Phase": "A",
                "Substation": "COTTON",
                "Map_location": "292043407",
                "PARCEL_NUMBER": "320003300030.0"
            },
            "geometry": {
                "type": "Point",
                "coordinates": [
                    -92.36126439999988,
                    47.209425100009
                ]
            }
        },
        {
            "type": "Feature",
            "properties": {
                "Name": "KENNEDY BARBARA A",
                "Address": "1258 BLACKBURN DR",
                "Phone": "2187224061",
                "Phase": "A",
                "Substation": "COTTON",
                "Map_location": "292043436",
                "PARCEL_NUMBER": null
            },
            "geometry": {
                "type": "Point",
                "coordinates": [
                    -92.36126514999988,
                    47.20980136000901
                ]
            }
        },
        {
            "type": "Feature",
            "properties": {
                "Name": "TOMLIN DAVID LEE",
                "Address": "1272 BLACKBURN DRIVE",
                "Phone": "2183906981",
                "Phase": "A",
                "Substation": "COTTON",
                "Map_location": "292043431",
                "PARCEL_NUMBER": null
            },
            "geometry": {
                "type": "Point",
                "coordinates": [
                    -92.36045779999989,
                    47.210625400009
                ]
            }
        },
        {
            "type": "Feature",
            "properties": {
                "Name": "JOHNS-GIESEN CYNTHIA E",
                "Address": "1310 ANNIE DR",
                "Phone": "2183482500",
                "Phase": "A",
                "Substation": "COTTON",
                "Map_location": "292043405",
                "PARCEL_NUMBER": null
            },
            "geometry": {
                "type": "Point",
                "coordinates": [
                    -92.35916429999989,
                    47.21046240000899
                ]
            }
        },
        {
            "type": "Feature",
            "properties": {
                "Name": "ZELLER JAMES",
                "Address": "1265 BLACKBURN DR",
                "Phone": "7634436032",
                "Phase": "A",
                "Substation": "COTTON",
                "Map_location": "292003487",
                "PARCEL_NUMBER": null
            },
            "geometry": {
                "type": "Point",
                "coordinates": [
                    -92.36220940999989,
                    47.21084003000899
                ]
            }
        },
        {
            "type": "Feature",
            "properties": {
                "Name": "GARNHARDT BEN J",
                "Address": "1261 BLACKBURN DR",
                "Phone": "6122368592",
                "Phase": "A",
                "Substation": "COTTON",
                "Map_location": "292003488",
                "PARCEL_NUMBER": null
            },
            "geometry": {
                "type": "Point",
                "coordinates": [
                    -92.3626203920048,
                    47.210358811098686
                ]
            }
        },
        {
            "type": "Feature",
            "properties": {
                "Name": "NELSON JEFF DAVID",
                "Address": "1257 BLACKBURN DR",
                "Phone": "2183484270",
                "Phase": "A",
                "Substation": "COTTON",
                "Map_location": "292003489",
                "PARCEL_NUMBER": null
            },
            "geometry": {
                "type": "Point",
                "coordinates": [
                    -92.36268894678929,
                    47.21026422092315
                ]
            }
        },
        {
            "type": "Feature",
            "properties": {
                "Name": "JOHNSON FRANCIS",
                "Address": "1255 BLACKBURN DR",
                "Phone": "2184823766",
                "Phase": "A",
                "Substation": "COTTON",
                "Map_location": "292003490",
                "PARCEL_NUMBER": "320003400100.0"
            },
            "geometry": {
                "type": "Point",
                "coordinates": [
                    -92.36263469999989,
                    47.210202700009006
                ]
            }
        },
        {
            "type": "Feature",
            "properties": {
                "Name": "EMISON SUMMER D",
                "Address": "1251 BLACKBURN DR",
                "Phone": "2185763968",
                "Phase": "A",
                "Substation": "COTTON",
                "Map_location": "292003491",
                "PARCEL_NUMBER": null
            },
            "geometry": {
                "type": "Point",
                "coordinates": [
                    -92.36326649999988,
                    47.209874390008984
                ]
            }
        },
        {
            "type": "Feature",
            "properties": {
                "Name": "EDWARDS SHELLY",
                "Address": "1249 BLACKBURN DR",
                "Phone": "7637539898",
                "Phase": "A",
                "Substation": "COTTON",
                "Map_location": "292003492",
                "PARCEL_NUMBER": null
            },
            "geometry": {
                "type": "Point",
                "coordinates": [
                    -92.36377259999989,
                    47.20966730000898
                ]
            }
        },
        {
            "type": "Feature",
            "properties": {
                "Name": "DOESKEN JEREMY",
                "Address": "1247 BLACKBURN DR",
                "Phone": "2185915140",
                "Phase": "A",
                "Substation": "COTTON",
                "Map_location": "292003493",
                "PARCEL_NUMBER": "320003400050.0"
            },
            "geometry": {
                "type": "Point",
                "coordinates": [
                    -92.36410279999988,
                    47.209537800008995
                ]
            }
        },
        {
            "type": "Feature",
            "properties": {
                "Name": "WALKOWIAK MARK",
                "Address": "1245 BLACKBURN DR",
                "Phone": null,
                "Phase": "A",
                "Substation": "COTTON",
                "Map_location": "292003494",
                "PARCEL_NUMBER": null
            },
            "geometry": {
                "type": "Point",
                "coordinates": [
                    -92.36515743999989,
                    47.20950842000899
                ]
            }
        },
        {
            "type": "Feature",
            "properties": {
                "Name": "ALSDURF JAMES M",
                "Address": "1243 BLACKBURN DR",
                "Phone": "6122396527",
                "Phase": "A",
                "Substation": "COTTON",
                "Map_location": "292003495",
                "PARCEL_NUMBER": null
            },
            "geometry": {
                "type": "Point",
                "coordinates": [
                    -92.36550039999989,
                    47.20926860000898
                ]
            }
        },
        {
            "type": "Feature",
            "properties": {
                "Name": "OLSON RICHARD D",
                "Address": "1241 BLACKBURN DR",
                "Phone": "2187285226",
                "Phase": "A",
                "Substation": "COTTON",
                "Map_location": "292003496",
                "PARCEL_NUMBER": null
            },
            "geometry": {
                "type": "Point",
                "coordinates": [
                    -92.36559289999988,
                    47.20922630000899
                ]
            }
        },
        {
            "type": "Feature",
            "properties": {
                "Name": "NOYES ILENE B",
                "Address": "1222 W MINK RD",
                "Phone": "6513989263",
                "Phase": "A",
                "Substation": "COTTON",
                "Map_location": "292043453",
                "PARCEL_NUMBER": null
            },
            "geometry": {
                "type": "Point",
                "coordinates": [
                    -92.36179322456219,
                    47.20760847364119
                ]
            }
        },
        {
            "type": "Feature",
            "properties": {
                "Name": "MERCIER MICHAEL G",
                "Address": "1220 W MINK RD",
                "Phone": "2183434612",
                "Phase": "A",
                "Substation": "COTTON",
                "Map_location": "292043438",
                "PARCEL_NUMBER": null
            },
            "geometry": {
                "type": "Point",
                "coordinates": [
                    -92.3617866699715,
                    47.20754957296344
                ]
            }
        },
        {
            "type": "Feature",
            "properties": {
                "Name": "FRIEDMAN RICHARD A",
                "Address": "1218 MINK ROAD",
                "Phone": "2187297936",
                "Phase": "A",
                "Substation": "COTTON",
                "Map_location": "292043437",
                "PARCEL_NUMBER": null
            },
            "geometry": {
                "type": "Point",
                "coordinates": [
                    -92.36180316999989,
                    47.20695567000899
                ]
            }
        },
        {
            "type": "Feature",
            "properties": {
                "Name": "ANDERSON REID R",
                "Address": "1214 W MINK RD",
                "Phone": "2187212487",
                "Phase": "A",
                "Substation": "COTTON",
                "Map_location": "292043460",
                "PARCEL_NUMBER": null
            },
            "geometry": {
                "type": "Point",
                "coordinates": [
                    -92.36216499999989,
                    47.207063000008986
                ]
            }
        },
        {
            "type": "Feature",
            "properties": {
                "Name": "MCKECHNIE SHARRON",
                "Address": "1394 BLACKBURN DR",
                "Phone": "9522372962",
                "Phase": "A",
                "Substation": "COTTON",
                "Map_location": "292032812",
                "PARCEL_NUMBER": "320001004656.0"
            },
            "geometry": {
                "type": "Point",
                "coordinates": [
                    -92.3769943999999,
                    47.215678300009
                ]
            }
        },
        {
            "type": "Feature",
            "properties": {
                "Name": "LARSON MICHAEL J",
                "Address": "1396 BLACKBURN DR",
                "Phone": "2183458245",
                "Phase": "A",
                "Substation": "COTTON",
                "Map_location": "292032811",
                "PARCEL_NUMBER": null
            },
            "geometry": {
                "type": "Point",
                "coordinates": [
                    -92.3778902999999,
                    47.214172100009
                ]
            }
        },
        {
            "type": "Feature",
            "properties": {
                "Name": "LARSON ROBERT LEONARD",
                "Address": "1421 BLACKBURN DR",
                "Phone": "2183458198",
                "Phase": "A",
                "Substation": "COTTON",
                "Map_location": "292003301",
                "PARCEL_NUMBER": null
            },
            "geometry": {
                "type": "Point",
                "coordinates": [
                    -92.3682567999999,
                    47.211834500009
                ]
            }
        },
        {
            "type": "Feature",
            "properties": {
                "Name": "LARSON ROBERT B",
                "Address": "1417 BLACKBURN DR",
                "Phone": "2183905340",
                "Phase": "A",
                "Substation": "COTTON",
                "Map_location": "292032832",
                "PARCEL_NUMBER": null
            },
            "geometry": {
                "type": "Point",
                "coordinates": [
                    -92.36724569999988,
                    47.21263560000899
                ]
            }
        },
        {
            "type": "Feature",
            "properties": {
                "Name": "MARKS MARY ANN",
                "Address": "1415 BLACKBURN DR",
                "Phone": "2187281610",
                "Phase": "A",
                "Substation": "COTTON",
                "Map_location": "292003427",
                "PARCEL_NUMBER": null
            },
            "geometry": {
                "type": "Point",
                "coordinates": [
                    -92.36707611979381,
                    47.21273944324133
                ]
            }
        },
        {
            "type": "Feature",
            "properties": {
                "Name": "ROZENBAJGIER CHRIS",
                "Address": "1411 BLACKBURN DR",
                "Phone": "9529945801",
                "Phase": "A",
                "Substation": "COTTON",
                "Map_location": "292032823",
                "PARCEL_NUMBER": null
            },
            "geometry": {
                "type": "Point",
                "coordinates": [
                    -92.36688959999988,
                    47.21335540000899
                ]
            }
        },
        {
            "type": "Feature",
            "properties": {
                "Name": "CARMAN DAVID S",
                "Address": "1403 BLACK BURN DR",
                "Phone": "9528074775",
                "Phase": "A",
                "Substation": "COTTON",
                "Map_location": "292002728",
                "PARCEL_NUMBER": null
            },
            "geometry": {
                "type": "Point",
                "coordinates": [
                    -92.36645465857309,
                    47.21368218300396
                ]
            }
        },
        {
            "type": "Feature",
            "properties": {
                "Name": "KRATT MICHAEL",
                "Address": "1401 BLACKBURN DR",
                "Phone": "2183499556",
                "Phase": "A",
                "Substation": "COTTON",
                "Map_location": "292002719",
                "PARCEL_NUMBER": null
            },
            "geometry": {
                "type": "Point",
                "coordinates": [
                    -92.36596800000001,
                    47.21391500000003
                ]
            }
        },
        {
            "type": "Feature",
            "properties": {
                "Name": "LOCKHART KEITH",
                "Address": "1397 BLACKBURN DR",
                "Phone": "7025100152",
                "Phase": "A",
                "Substation": "COTTON",
                "Map_location": "292002714",
                "PARCEL_NUMBER": null
            },
            "geometry": {
                "type": "Point",
                "coordinates": [
                    -92.36584579221459,
                    47.21377092603512
                ]
            }
        },
        {
            "type": "Feature",
            "properties": {
                "Name": "KAUSCH UWE PAUL",
                "Address": "1393 BLACKBURN DR",
                "Phone": "2185257303",
                "Phase": "A",
                "Substation": "COTTON",
                "Map_location": "292002735",
                "PARCEL_NUMBER": null
            },
            "geometry": {
                "type": "Point",
                "coordinates": [
                    -92.36535989999989,
                    47.214600300008996
                ]
            }
        },
        {
            "type": "Feature",
            "properties": {
                "Name": "BECHTHOLD KAYLA",
                "Address": "1365 BLACKBURN DR",
                "Phone": "2183482658",
                "Phase": "A",
                "Substation": "COTTON",
                "Map_location": "292002721",
                "PARCEL_NUMBER": null
            },
            "geometry": {
                "type": "Point",
                "coordinates": [
                    -92.3640364399999,
                    47.21493903000898
                ]
            }
        },
        {
            "type": "Feature",
            "properties": {
                "Name": "DANIELSON CHARLES",
                "Address": "1347 BLACKBURN DR",
                "Phone": "2187244181",
                "Phase": "A",
                "Substation": "COTTON",
                "Map_location": "292002718",
                "PARCEL_NUMBER": null
            },
            "geometry": {
                "type": "Point",
                "coordinates": [
                    -92.36380345999989,
                    47.215041310009
                ]
            }
        },
        {
            "type": "Feature",
            "properties": {
                "Name": "OLSON MARIBETH",
                "Address": "1337 BLACKBURN DR",
                "Phone": "2183486641",
                "Phase": "A",
                "Substation": "COTTON",
                "Map_location": "292002725",
                "PARCEL_NUMBER": null
            },
            "geometry": {
                "type": "Point",
                "coordinates": [
                    -92.36192299999989,
                    47.21473820000901
                ]
            }
        },
        {
            "type": "Feature",
            "properties": {
                "Name": "OLSON MARIBETH",
                "Address": "1333 BLACKBURN DR",
                "Phone": "2183486641",
                "Phase": "A",
                "Substation": "COTTON",
                "Map_location": "292002713",
                "PARCEL_NUMBER": null
            },
            "geometry": {
                "type": "Point",
                "coordinates": [
                    -92.36146616999989,
                    47.21477141000899
                ]
            }
        },
        {
            "type": "Feature",
            "properties": {
                "Name": "VANWAVE AUDREY J",
                "Address": "1319 BLACKBURN DR",
                "Phone": "2187307739",
                "Phase": "A",
                "Substation": "COTTON",
                "Map_location": "292002733",
                "PARCEL_NUMBER": null
            },
            "geometry": {
                "type": "Point",
                "coordinates": [
                    -92.36152589999989,
                    47.21466830000899
                ]
            }
        },
        {
            "type": "Feature",
            "properties": {
                "Name": "CARLSON PROPERTIE S",
                "Address": "1309 BLACKMAN DR",
                "Phone": "2183483387",
                "Phase": "A",
                "Substation": "COTTON",
                "Map_location": "292002701",
                "PARCEL_NUMBER": null
            },
            "geometry": {
                "type": "Point",
                "coordinates": [
                    -92.36005339999988,
                    47.213718500008994
                ]
            }
        },
        {
            "type": "Feature",
            "properties": {
                "Name": "ANDERSON RALPH I",
                "Address": "1334 BLACKBURN DR",
                "Phone": "6123904073",
                "Phase": "A",
                "Substation": "COTTON",
                "Map_location": "292002730",
                "PARCEL_NUMBER": null
            },
            "geometry": {
                "type": "Point",
                "coordinates": [
                    -92.35863156467006,
                    47.216488925314316
                ]
            }
        },
        {
            "type": "Feature",
            "properties": {
                "Name": "MARON RUSSELL W",
                "Address": "1303 BLACKBURN DR",
                "Phone": "2184285219",
                "Phase": "A",
                "Substation": "COTTON",
                "Map_location": "292002712",
                "PARCEL_NUMBER": null
            },
            "geometry": {
                "type": "Point",
                "coordinates": [
                    -92.36011009999989,
                    47.21295110000899
                ]
            }
        },
        {
            "type": "Feature",
            "properties": {
                "Name": "WARK DAN",
                "Address": "1299 BLACKBURN",
                "Phone": "2186240656",
                "Phase": "A",
                "Substation": "COTTON",
                "Map_location": "292002702",
                "PARCEL_NUMBER": null
            },
            "geometry": {
                "type": "Point",
                "coordinates": [
                    -92.36028683999989,
                    47.212700660009
                ]
            }
        },
        {
            "type": "Feature",
            "properties": {
                "Name": "KELLEY JUSTIN JAMES",
                "Address": "1291 BLACKBURN DR",
                "Phone": "2185650600",
                "Phase": "A",
                "Substation": "COTTON",
                "Map_location": "292002703",
                "PARCEL_NUMBER": null
            },
            "geometry": {
                "type": "Point",
                "coordinates": [
                    -92.36056021999988,
                    47.21266651000899
                ]
            }
        },
        {
            "type": "Feature",
            "properties": {
                "Name": "HEGSTROM STACY HELENA",
                "Address": "1281 BLACKBURN DR",
                "Phone": "2183490923",
                "Phase": "A",
                "Substation": "COTTON",
                "Map_location": "292003483",
                "PARCEL_NUMBER": null
            },
            "geometry": {
                "type": "Point",
                "coordinates": [
                    -92.36056039999988,
                    47.211759300009
                ]
            }
        },
        {
            "type": "Feature",
            "properties": {
                "Name": "KEMPTON JANE",
                "Address": "1277 BLACKBURN DR",
                "Phone": "2184823831",
                "Phase": "A",
                "Substation": "COTTON",
                "Map_location": "292003485",
                "PARCEL_NUMBER": "320003400170.0"
            },
            "geometry": {
                "type": "Point",
                "coordinates": [
                    -92.36098339999988,
                    47.211418500009
                ]
            }
        },
        {
            "type": "Feature",
            "properties": {
                "Name": "TAYLOR DALE SCOTT",
                "Address": "1273 BLACKBURN DR",
                "Phone": "2184823635",
                "Phase": "A",
                "Substation": "COTTON",
                "Map_location": "292003484",
                "PARCEL_NUMBER": "320003400160.0"
            },
            "geometry": {
                "type": "Point",
                "coordinates": [
                    -92.36097158999989,
                    47.211259470009
                ]
            }
        },
        {
            "type": "Feature",
            "properties": {
                "Name": "HANSON ARNELL R",
                "Address": "1269 BLACKBURN DR",
                "Phone": "2184823687",
                "Phase": "A",
                "Substation": "COTTON",
                "Map_location": "292003486",
                "PARCEL_NUMBER": null
            },
            "geometry": {
                "type": "Point",
                "coordinates": [
                    -92.36165809999989,
                    47.21115310000899
                ]
            }
        },
        {
            "type": "Feature",
            "properties": {
                "Name": "IHLANG SHERYL",
                "Address": "1304 ANNIE RD",
                "Phone": "9524521989",
                "Phase": "A",
                "Substation": "COTTON",
                "Map_location": "292043448",
                "PARCEL_NUMBER": null
            },
            "geometry": {
                "type": "Point",
                "coordinates": [
                    -92.35788859999988,
                    47.21003460000899
                ]
            }
        },
        {
            "type": "Feature",
            "properties": {
                "Name": "TEGG BARRY C",
                "Address": "1302 ANNIE RD",
                "Phone": "6514258995",
                "Phase": "A",
                "Substation": "COTTON",
                "Map_location": "292043456",
                "PARCEL_NUMBER": null
            },
            "geometry": {
                "type": "Point",
                "coordinates": [
                    -92.35785279999989,
                    47.21007480000899
                ]
            }
        },
        {
            "type": "Feature",
            "properties": {
                "Name": "HALVERSON-WENTE LORI",
                "Address": "1298 ANNIE DRIVE",
                "Phone": "5079518615",
                "Phase": "A",
                "Substation": "COTTON",
                "Map_location": "292043430",
                "PARCEL_NUMBER": null
            },
            "geometry": {
                "type": "Point",
                "coordinates": [
                    -92.3572347805851,
                    47.210570844726135
                ]
            }
        },
        {
            "type": "Feature",
            "properties": {
                "Name": "GIERNETT TERRY",
                "Address": "1296 ANNIE DR",
                "Phone": "2184823702",
                "Phase": "A",
                "Substation": "COTTON",
                "Map_location": "292043403",
                "PARCEL_NUMBER": null
            },
            "geometry": {
                "type": "Point",
                "coordinates": [
                    -92.35699428796465,
                    47.21066610200863
                ]
            }
        },
        {
            "type": "Feature",
            "properties": {
                "Name": "DAVIDSON KEVIN G",
                "Address": "1294 ANNIE DR",
                "Phone": "2187237852",
                "Phase": "A",
                "Substation": "COTTON",
                "Map_location": "292043445",
                "PARCEL_NUMBER": "405001003521.0"
            },
            "geometry": {
                "type": "Point",
                "coordinates": [
                    -92.35693521126927,
                    47.211087698686235
                ]
            }
        },
        {
            "type": "Feature",
            "properties": {
                "Name": "DAVIDSON KEVIN G",
                "Address": "1294 ANNIE DR",
                "Phone": "2187237852",
                "Phase": "A",
                "Substation": "COTTON",
                "Map_location": "292043445",
                "PARCEL_NUMBER": "10351009000.0"
            },
            "geometry": {
                "type": "Point",
                "coordinates": [
                    -92.35693521126927,
                    47.211087698686235
                ]
            }
        },
        {
            "type": "Feature",
            "properties": {
                "Name": "HAGLIN CINDY",
                "Address": "1292 ANNIE DRIVE",
                "Phone": "2187220795",
                "Phase": "A",
                "Substation": "COTTON",
                "Map_location": "292043402",
                "PARCEL_NUMBER": null
            },
            "geometry": {
                "type": "Point",
                "coordinates": [
                    -92.35611002561832,
                    47.21116868119004
                ]
            }
        },
        {
            "type": "Feature",
            "properties": {
                "Name": "CARDINAL DAVID C",
                "Address": "1290 ANNIE RD",
                "Phone": "2185138636",
                "Phase": "A",
                "Substation": "COTTON",
                "Map_location": "292043443",
                "PARCEL_NUMBER": "320001005540.0"
            },
            "geometry": {
                "type": "Point",
                "coordinates": [
                    -92.35579456999989,
                    47.211332530008995
                ]
            }
        },
        {
            "type": "Feature",
            "properties": {
                "Name": "LINDER TIMOTHY J",
                "Address": "1288 BLACKBURN DR",
                "Phone": "2184825200",
                "Phase": "A",
                "Substation": "COTTON",
                "Map_location": "292003475",
                "PARCEL_NUMBER": "210001004400.0"
            },
            "geometry": {
                "type": "Point",
                "coordinates": [
                    -92.35956579999988,
                    47.21187110000899
                ]
            }
        },
        {
            "type": "Feature",
            "properties": {
                "Name": "STROM ANDY",
                "Address": "6368 N WATERHEN RD",
                "Phone": "2185901299",
                "Phase": "A",
                "Substation": "COTTON",
                "Map_location": "292043401",
                "PARCEL_NUMBER": null
            },
            "geometry": {
                "type": "Point",
                "coordinates": [
                    -92.35174358999988,
                    47.21220162000899
                ]
            }
        },
        {
            "type": "Feature",
            "properties": {
                "Name": "MATTILA-SWOR DANA",
                "Address": "6340 WATERHEN DRIVE",
                "Phone": "2183932896",
                "Phase": "A",
                "Substation": "COTTON",
                "Map_location": "292003432",
                "PARCEL_NUMBER": null
            },
            "geometry": {
                "type": "Point",
                "coordinates": [
                    -92.35009181999989,
                    47.212420850008996
                ]
            }
        },
        {
            "type": "Feature",
            "properties": {
                "Name": "JENSEN PAUL F",
                "Address": "6326 N WATERHEN RD",
                "Phone": "7277985229",
                "Phase": "A",
                "Substation": "COTTON",
                "Map_location": "292043462",
                "PARCEL_NUMBER": null
            },
            "geometry": {
                "type": "Point",
                "coordinates": [
                    -92.3496775999999,
                    47.21193510000901
                ]
            }
        },
        {
            "type": "Feature",
            "properties": {
                "Name": "DUMROESE JEFFREY",
                "Address": "6308 N WATERHEN RD",
                "Phone": "6512383232",
                "Phase": "A",
                "Substation": "COTTON",
                "Map_location": "292043477",
                "PARCEL_NUMBER": null
            },
            "geometry": {
                "type": "Point",
                "coordinates": [
                    -92.34990027999989,
                    47.211165970009006
                ]
            }
        },
        {
            "type": "Feature",
            "properties": {
                "Name": "CAMPS SCOTT",
                "Address": "6302 W WATER HEN RD",
                "Phone": "2187222794",
                "Phase": "A",
                "Substation": "COTTON",
                "Map_location": "292043434",
                "PARCEL_NUMBER": null
            },
            "geometry": {
                "type": "Point",
                "coordinates": [
                    -92.34959539999988,
                    47.210964300009
                ]
            }
        },
        {
            "type": "Feature",
            "properties": {
                "Name": "JOSLIN MICHAEL A",
                "Address": "1299 WATER HEN RD",
                "Phone": "7048067485",
                "Phase": "A",
                "Substation": "COTTON",
                "Map_location": "292043429",
                "PARCEL_NUMBER": null
            },
            "geometry": {
                "type": "Point",
                "coordinates": [
                    -92.34872619999989,
                    47.210036700008985
                ]
            }
        },
        {
            "type": "Feature",
            "properties": {
                "Name": "COLLINSON KEITH",
                "Address": "1295 WATER HEN RD",
                "Phone": "7157970858",
                "Phase": "A",
                "Substation": "COTTON",
                "Map_location": "292043428",
                "PARCEL_NUMBER": null
            },
            "geometry": {
                "type": "Point",
                "coordinates": [
                    -92.34889889999988,
                    47.20953520000899
                ]
            }
        },
        {
            "type": "Feature",
            "properties": {
                "Name": "SALINE WAYNE E",
                "Address": "1291 WATER HEN RD",
                "Phone": "2187297123",
                "Phase": "A",
                "Substation": "COTTON",
                "Map_location": "292043442",
                "PARCEL_NUMBER": null
            },
            "geometry": {
                "type": "Point",
                "coordinates": [
                    -92.34893767532112,
                    47.20919941690255
                ]
            }
        },
        {
            "type": "Feature",
            "properties": {
                "Name": "UPTON JOHN ALAN",
                "Address": "1283 WATER HEN RD",
                "Phone": "2184287984",
                "Phase": "A",
                "Substation": "COTTON",
                "Map_location": "292043433",
                "PARCEL_NUMBER": null
            },
            "geometry": {
                "type": "Point",
                "coordinates": [
                    -92.34904465999989,
                    47.20894097000898
                ]
            }
        },
        {
            "type": "Feature",
            "properties": {
                "Name": "SKOGRAND EVERETT D",
                "Address": "1277 WATERHEN RD",
                "Phone": "2184285580",
                "Phase": "A",
                "Substation": "COTTON",
                "Map_location": "292043427",
                "PARCEL_NUMBER": null
            },
            "geometry": {
                "type": "Point",
                "coordinates": [
                    -92.34924429999988,
                    47.208860500008996
                ]
            }
        },
        {
            "type": "Feature",
            "properties": {
                "Name": "STALLCOP SHELLY M",
                "Address": "1245 W LK RD",
                "Phone": "2184825228",
                "Phase": "A",
                "Substation": "COTTON",
                "Map_location": "292043425",
                "PARCEL_NUMBER": null
            },
            "geometry": {
                "type": "Point",
                "coordinates": [
                    -92.35003639999988,
                    47.208094800009
                ]
            }
        },
        {
            "type": "Feature",
            "properties": {
                "Name": "CLINE DONNA L",
                "Address": "1247 W LAKE RD",
                "Phone": "2183485084",
                "Phase": "A",
                "Substation": "COTTON",
                "Map_location": "292043424",
                "PARCEL_NUMBER": "320003000120.0"
            },
            "geometry": {
                "type": "Point",
                "coordinates": [
                    -92.34995025999989,
                    47.20791410000899
                ]
            }
        },
        {
            "type": "Feature",
            "properties": {
                "Name": "COSSALTER DAVID",
                "Address": "1249 WEST LK RD",
                "Phone": "2183936731",
                "Phase": "A",
                "Substation": "COTTON",
                "Map_location": "292043423",
                "PARCEL_NUMBER": null
            },
            "geometry": {
                "type": "Point",
                "coordinates": [
                    -92.35098529999989,
                    47.207580900009006
                ]
            }
        },
        {
            "type": "Feature",
            "properties": {
                "Name": "WELLMAN ERIK C",
                "Address": "1253 WEST LAKE RD",
                "Phone": "6129906772",
                "Phase": "A",
                "Substation": "COTTON",
                "Map_location": "292043457",
                "PARCEL_NUMBER": null
            },
            "geometry": {
                "type": "Point",
                "coordinates": [
                    -92.35135809999989,
                    47.20712310000898
                ]
            }
        },
        {
            "type": "Feature",
            "properties": {
                "Name": "STALLCOP SHELLY M",
                "Address": "6314 MCLEAN RD",
                "Phone": "2184825228",
                "Phase": "A",
                "Substation": "COTTON",
                "Map_location": "292003454",
                "PARCEL_NUMBER": "320003000010.0"
            },
            "geometry": {
                "type": "Point",
                "coordinates": [
                    -92.34684779999988,
                    47.208362900009014
                ]
            }
        },
        {
            "type": "Feature",
            "properties": {
                "Name": "STALLCOP SHELLY M",
                "Address": "6314 MCLEAN RD",
                "Phone": "2184825228",
                "Phase": "A",
                "Substation": "COTTON",
                "Map_location": "292003454",
                "PARCEL_NUMBER": "320003000240.0"
            },
            "geometry": {
                "type": "Point",
                "coordinates": [
                    -92.34684779999988,
                    47.208362900009014
                ]
            }
        },
        {
            "type": "Feature",
            "properties": {
                "Name": "STALLCOP SHELLY M",
                "Address": "6314 MCLEAN RD",
                "Phone": "2184825228",
                "Phase": "A",
                "Substation": "COTTON",
                "Map_location": "292003454",
                "PARCEL_NUMBER": "320003000020.0"
            },
            "geometry": {
                "type": "Point",
                "coordinates": [
                    -92.34684779999988,
                    47.208362900009014
                ]
            }
        },
        {
            "type": "Feature",
            "properties": {
                "Name": "STALLCOP SHELLY M",
                "Address": "6314 MCLEAN RD",
                "Phone": "2184825228",
                "Phase": "A",
                "Substation": "COTTON",
                "Map_location": "292003454",
                "PARCEL_NUMBER": "320003000100.0"
            },
            "geometry": {
                "type": "Point",
                "coordinates": [
                    -92.34684779999988,
                    47.208362900009014
                ]
            }
        },
        {
            "type": "Feature",
            "properties": {
                "Name": "ERICKSON PATRICIA",
                "Address": "1274 WATER HEN RD",
                "Phone": "2184823773",
                "Phase": "A",
                "Substation": "COTTON",
                "Map_location": "292003465",
                "PARCEL_NUMBER": null
            },
            "geometry": {
                "type": "Point",
                "coordinates": [
                    -92.34701059999989,
                    47.20807260000898
                ]
            }
        },
        {
            "type": "Feature",
            "properties": {
                "Name": "LUUKKONEN MICHAEL D",
                "Address": "6284 MCCLEAN RD",
                "Phone": "2187809098",
                "Phase": "A",
                "Substation": "COTTON",
                "Map_location": "292003597",
                "PARCEL_NUMBER": null
            },
            "geometry": {
                "type": "Point",
                "coordinates": [
                    -92.34531110999988,
                    47.20870520000899
                ]
            }
        },
        {
            "type": "Feature",
            "properties": {
                "Name": "KUBISKI WILLIAM J",
                "Address": "6380 WINDY SHORES TRAIL",
                "Phone": "2183936601",
                "Phase": "A",
                "Substation": "COTTON",
                "Map_location": "292043417",
                "PARCEL_NUMBER": null
            },
            "geometry": {
                "type": "Point",
                "coordinates": [
                    -92.35414189999989,
                    47.20414320000898
                ]
            }
        },
        {
            "type": "Feature",
            "properties": {
                "Name": "BLOOM ROBERT V",
                "Address": "6361 WINDY SHORES TRAIL",
                "Phone": "2186243113",
                "Phase": "A",
                "Substation": "COTTON",
                "Map_location": "292043418",
                "PARCEL_NUMBER": null
            },
            "geometry": {
                "type": "Point",
                "coordinates": [
                    -92.35411709999988,
                    47.204407000008985
                ]
            }
        },
        {
            "type": "Feature",
            "properties": {
                "Name": "STEWART DOROTHY A",
                "Address": "6370 WATERHEN DR",
                "Phone": "2182695693",
                "Phase": "A",
                "Substation": "COTTON",
                "Map_location": "292043419",
                "PARCEL_NUMBER": null
            },
            "geometry": {
                "type": "Point",
                "coordinates": [
                    -92.35365280999989,
                    47.20493425000898
                ]
            }
        },
        {
            "type": "Feature",
            "properties": {
                "Name": "LUNDQUIST DANIEL",
                "Address": "6370 GOLDENROD DR",
                "Phone": "2188795618",
                "Phase": "A",
                "Substation": "COTTON",
                "Map_location": "292043420",
                "PARCEL_NUMBER": null
            },
            "geometry": {
                "type": "Point",
                "coordinates": [
                    -92.35326089999988,
                    47.20519230000899
                ]
            }
        },
        {
            "type": "Feature",
            "properties": {
                "Name": "PETERSON CHRISTOPHER J",
                "Address": "6353 GOLDENROD DR",
                "Phone": null,
                "Phase": "A",
                "Substation": "COTTON",
                "Map_location": "292043421",
                "PARCEL_NUMBER": null
            },
            "geometry": {
                "type": "Point",
                "coordinates": [
                    -92.35314152054673,
                    47.205268118753516
                ]
            }
        },
        {
            "type": "Feature",
            "properties": {
                "Name": "GOELTL SCOTT W",
                "Address": "1239 WATERHEN RD",
                "Phone": "6514263137",
                "Phase": "A",
                "Substation": "COTTON",
                "Map_location": "292043455",
                "PARCEL_NUMBER": null
            },
            "geometry": {
                "type": "Point",
                "coordinates": [
                    -92.35249893829283,
                    47.20598115797433
                ]
            }
        },
        {
            "type": "Feature",
            "properties": {
                "Name": "MAXA DONALD",
                "Address": "1257 WEST LK RD",
                "Phone": "2186241986",
                "Phase": "A",
                "Substation": "COTTON",
                "Map_location": "292043422",
                "PARCEL_NUMBER": null
            },
            "geometry": {
                "type": "Point",
                "coordinates": [
                    -92.35177349999988,
                    47.20668160000898
                ]
            }
        },
        {
            "type": "Feature",
            "properties": {
                "Name": "EHLE ROBERT JOHN",
                "Address": "1254 WATERHEN RD",
                "Phone": "2183917961",
                "Phase": "A",
                "Substation": "COTTON",
                "Map_location": "292003466",
                "PARCEL_NUMBER": null
            },
            "geometry": {
                "type": "Point",
                "coordinates": [
                    -92.34677479999989,
                    47.206937600008985
                ]
            }
        },
        {
            "type": "Feature",
            "properties": {
                "Name": "SKADSBERG MICHAEL C",
                "Address": "6297 BASS COVE RD",
                "Phone": "2184823130",
                "Phase": "A",
                "Substation": "COTTON",
                "Map_location": "292003565",
                "PARCEL_NUMBER": null
            },
            "geometry": {
                "type": "Point",
                "coordinates": [
                    -92.34413799999989,
                    47.211028500008986
                ]
            }
        },
        {
            "type": "Feature",
            "properties": {
                "Name": "HAGEN PAUL D",
                "Address": "6296 BASS COVE RD",
                "Phone": null,
                "Phase": "A",
                "Substation": "COTTON",
                "Map_location": "292003547",
                "PARCEL_NUMBER": null
            },
            "geometry": {
                "type": "Point",
                "coordinates": [
                    -92.34297979999988,
                    47.210249600008986
                ]
            }
        },
        {
            "type": "Feature",
            "properties": {
                "Name": "SWOR TYLER W",
                "Address": "6290 E BASS COVE RD",
                "Phone": "2184823435",
                "Phase": "A",
                "Substation": "COTTON",
                "Map_location": "292003548",
                "PARCEL_NUMBER": null
            },
            "geometry": {
                "type": "Point",
                "coordinates": [
                    -92.34295429999989,
                    47.210240600009
                ]
            }
        },
        {
            "type": "Feature",
            "properties": {
                "Name": "FLYNN DENNIS",
                "Address": "6286 BASS COVE RD",
                "Phone": "2185764929",
                "Phase": "A",
                "Substation": "COTTON",
                "Map_location": "292003549",
                "PARCEL_NUMBER": null
            },
            "geometry": {
                "type": "Point",
                "coordinates": [
                    -92.34187649999988,
                    47.210639600008996
                ]
            }
        },
        {
            "type": "Feature",
            "properties": {
                "Name": "JOHNSON DAVID M",
                "Address": "6284 BASS COVE RD",
                "Phone": "2187801807",
                "Phase": "A",
                "Substation": "COTTON",
                "Map_location": "292003560",
                "PARCEL_NUMBER": null
            },
            "geometry": {
                "type": "Point",
                "coordinates": [
                    -92.34182849999989,
                    47.210667100009
                ]
            }
        },
        {
            "type": "Feature",
            "properties": {
                "Name": "PETERSON DEAN HOWARD",
                "Address": "6280 BASS COVE RD",
                "Phone": "2187299444",
                "Phase": "A",
                "Substation": "COTTON",
                "Map_location": "292003550",
                "PARCEL_NUMBER": null
            },
            "geometry": {
                "type": "Point",
                "coordinates": [
                    -92.34097539999989,
                    47.211159300008994
                ]
            }
        },
        {
            "type": "Feature",
            "properties": {
                "Name": "MESEDAHL LAURIE J",
                "Address": "6278 BASS COVE ROAD",
                "Phone": "2182496053",
                "Phase": "A",
                "Substation": "COTTON",
                "Map_location": "292003551",
                "PARCEL_NUMBER": null
            },
            "geometry": {
                "type": "Point",
                "coordinates": [
                    -92.34096049999988,
                    47.211163800009004
                ]
            }
        },
        {
            "type": "Feature",
            "properties": {
                "Name": "CHRISTIANSEN EDWARD A",
                "Address": "6274 BASS COVE RD",
                "Phone": "2184825232",
                "Phase": "A",
                "Substation": "COTTON",
                "Map_location": "292003555",
                "PARCEL_NUMBER": null
            },
            "geometry": {
                "type": "Point",
                "coordinates": [
                    -92.34017959999989,
                    47.211787900009
                ]
            }
        },
        {
            "type": "Feature",
            "properties": {
                "Name": "VANVALKENBURG RICHARD W",
                "Address": "6264 BASS COVE RD",
                "Phone": "2183496967",
                "Phase": "A",
                "Substation": "COTTON",
                "Map_location": "292003558",
                "PARCEL_NUMBER": null
            },
            "geometry": {
                "type": "Point",
                "coordinates": [
                    -92.33916309999988,
                    47.211900400009014
                ]
            }
        },
        {
            "type": "Feature",
            "properties": {
                "Name": "SKADSBERG PATRICIA ANN",
                "Address": "6322 BASS COVE RD",
                "Phone": "2184822000",
                "Phase": "A",
                "Substation": "COTTON",
                "Map_location": "292003552",
                "PARCEL_NUMBER": null
            },
            "geometry": {
                "type": "Point",
                "coordinates": [
                    -92.34489049999989,
                    47.20922580000898
                ]
            }
        },
        {
            "type": "Feature",
            "properties": {
                "Name": "KEOUGH JOSEPH ANTHONY",
                "Address": "6232 COMSTOCK LK RD",
                "Phone": "9316298758",
                "Phase": "C",
                "Substation": "COTTON",
                "Map_location": "313001103",
                "PARCEL_NUMBER": null
            },
            "geometry": {
                "type": "Point",
                "coordinates": [
                    -92.33837059999989,
                    47.183170790008965
                ]
            }
        },
        {
            "type": "Feature",
            "properties": {
                "Name": "TOLKINEN STEVE",
                "Address": "6190 COMSTOCK LK RD",
                "Phone": "6517689676",
                "Phase": "C",
                "Substation": "COTTON",
                "Map_location": "313001107",
                "PARCEL_NUMBER": null
            },
            "geometry": {
                "type": "Point",
                "coordinates": [
                    -92.33244254999988,
                    47.183514930008954
                ]
            }
        },
        {
            "type": "Feature",
            "properties": {
                "Name": "LEPPALA RAY",
                "Address": "6164 COMSTOCK LK RD",
                "Phone": "2184823355",
                "Phase": "C",
                "Substation": "COTTON",
                "Map_location": "313001102",
                "PARCEL_NUMBER": null
            },
            "geometry": {
                "type": "Point",
                "coordinates": [
                    -92.33048593999989,
                    47.18298764000897
                ]
            }
        },
        {
            "type": "Feature",
            "properties": {
                "Name": "AABERG SHAWN K",
                "Address": "9222 MUNGER SHAW RD",
                "Phone": "7638078245",
                "Phase": "B",
                "Substation": "COTTON",
                "Map_location": "313001105",
                "PARCEL_NUMBER": "141002004390.0"
            },
            "geometry": {
                "type": "Point",
                "coordinates": [
                    -92.34338133999988,
                    47.17756151000895
                ]
            }
        },
        {
            "type": "Feature",
            "properties": {
                "Name": "AABERG SHAWN K",
                "Address": "9222 MUNGER SHAW RD",
                "Phone": "7638078245",
                "Phase": "B",
                "Substation": "COTTON",
                "Map_location": "313001105",
                "PARCEL_NUMBER": "320002005375.0"
            },
            "geometry": {
                "type": "Point",
                "coordinates": [
                    -92.34338133999988,
                    47.17756151000895
                ]
            }
        },
        {
            "type": "Feature",
            "properties": {
                "Name": "AABERG SHAWN K",
                "Address": "9222 MUNGER SHAW RD",
                "Phone": "7638078245",
                "Phase": "B",
                "Substation": "COTTON",
                "Map_location": "313001105",
                "PARCEL_NUMBER": "320002005390.0"
            },
            "geometry": {
                "type": "Point",
                "coordinates": [
                    -92.34338133999988,
                    47.17756151000895
                ]
            }
        },
        {
            "type": "Feature",
            "properties": {
                "Name": "PHILLIPS TIMOTHY JAMES",
                "Address": "9240 MUNGER SHAW RD",
                "Phone": "7633504691",
                "Phase": "B",
                "Substation": "COTTON",
                "Map_location": "313001106",
                "PARCEL_NUMBER": null
            },
            "geometry": {
                "type": "Point",
                "coordinates": [
                    -92.34455560999989,
                    47.17930408000895
                ]
            }
        },
        {
            "type": "Feature",
            "properties": {
                "Name": "ARROWHEAD COMMUNI CATIONS",
                "Address": "BASS REMOTE",
                "Phone": "2183465500",
                "Phase": "B",
                "Substation": "COTTON",
                "Map_location": "292053545",
                "PARCEL_NUMBER": null
            },
            "geometry": {
                "type": "Point",
                "coordinates": [
                    -92.34512679999989,
                    47.20058160000899
                ]
            }
        },
        {
            "type": "Feature",
            "properties": {
                "Name": "DEGROOT CHARLES(BUCK)",
                "Address": "6363 PINEHURST RD",
                "Phone": "5073326975",
                "Phase": "B",
                "Substation": "COTTON",
                "Map_location": "292003478",
                "PARCEL_NUMBER": null
            },
            "geometry": {
                "type": "Point",
                "coordinates": [
                    -92.35111139999988,
                    47.20044200000898
                ]
            }
        },
        {
            "type": "Feature",
            "properties": {
                "Name": "KRALL PAMELA J",
                "Address": "6285 PINEHURST RD",
                "Phone": "2187228671",
                "Phase": "B",
                "Substation": "COTTON",
                "Map_location": "292053564",
                "PARCEL_NUMBER": null
            },
            "geometry": {
                "type": "Point",
                "coordinates": [
                    -92.34215279999988,
                    47.20170340000899
                ]
            }
        },
        {
            "type": "Feature",
            "properties": {
                "Name": "JOHNS PATRICK",
                "Address": "6341 PINEHURST RD W",
                "Phone": "2184823700",
                "Phase": "B",
                "Substation": "COTTON",
                "Map_location": "292043479",
                "PARCEL_NUMBER": null
            },
            "geometry": {
                "type": "Point",
                "coordinates": [
                    -92.35510459999989,
                    47.20297990000899
                ]
            }
        },
        {
            "type": "Feature",
            "properties": {
                "Name": "BOLDUC BRUCE",
                "Address": "WATER HEN RD",
                "Phone": "9529206105",
                "Phase": "B",
                "Substation": "COTTON",
                "Map_location": "292053529",
                "PARCEL_NUMBER": null
            },
            "geometry": {
                "type": "Point",
                "coordinates": [
                    -92.34524309999989,
                    47.20558810000898
                ]
            }
        },
        {
            "type": "Feature",
            "properties": {
                "Name": "OLIVER DANIEL D",
                "Address": "1204 WATER HEN RD",
                "Phone": "2183433615",
                "Phase": "B",
                "Substation": "COTTON",
                "Map_location": "292053552",
                "PARCEL_NUMBER": null
            },
            "geometry": {
                "type": "Point",
                "coordinates": [
                    -92.34530809999988,
                    47.20483940000898
                ]
            }
        },
        {
            "type": "Feature",
            "properties": {
                "Name": "ERICKSON RICHARD E",
                "Address": "1186 WATER HEN RD",
                "Phone": "7633703711",
                "Phase": "B",
                "Substation": "COTTON",
                "Map_location": "292053561",
                "PARCEL_NUMBER": null
            },
            "geometry": {
                "type": "Point",
                "coordinates": [
                    -92.34496400999988,
                    47.20445259000898
                ]
            }
        },
        {
            "type": "Feature",
            "properties": {
                "Name": "DEMARS GREGORY D",
                "Address": "6295 STENBERG RD",
                "Phone": "7632223401",
                "Phase": "B",
                "Substation": "COTTON",
                "Map_location": "292053515",
                "PARCEL_NUMBER": null
            },
            "geometry": {
                "type": "Point",
                "coordinates": [
                    -92.34435806999988,
                    47.203932690008976
                ]
            }
        },
        {
            "type": "Feature",
            "properties": {
                "Name": "OKSTAD VANCE CHARLES",
                "Address": "6293 STENBERG RD",
                "Phone": "2183938448",
                "Phase": "B",
                "Substation": "COTTON",
                "Map_location": "292053514",
                "PARCEL_NUMBER": null
            },
            "geometry": {
                "type": "Point",
                "coordinates": [
                    -92.34387379999988,
                    47.203875600009
                ]
            }
        },
        {
            "type": "Feature",
            "properties": {
                "Name": "SLATTEN THOMAS WAYNE",
                "Address": "6283 STENBERG RD",
                "Phone": "2183488829",
                "Phase": "B",
                "Substation": "COTTON",
                "Map_location": "292053543",
                "PARCEL_NUMBER": "320016000050.0"
            },
            "geometry": {
                "type": "Point",
                "coordinates": [
                    -92.34387629999989,
                    47.20383930000898
                ]
            }
        },
        {
            "type": "Feature",
            "properties": {
                "Name": "ZAUHAR DEBORA ANN",
                "Address": "6265 STENBERG RD",
                "Phone": "2183485773",
                "Phase": "B",
                "Substation": "COTTON",
                "Map_location": "292053522",
                "PARCEL_NUMBER": null
            },
            "geometry": {
                "type": "Point",
                "coordinates": [
                    -92.34252909999988,
                    47.203988600009
                ]
            }
        },
        {
            "type": "Feature",
            "properties": {
                "Name": "STENBERG JAMES",
                "Address": "6266 STENBERG RD",
                "Phone": "2187244962",
                "Phase": "B",
                "Substation": "COTTON",
                "Map_location": "292053513",
                "PARCEL_NUMBER": null
            },
            "geometry": {
                "type": "Point",
                "coordinates": [
                    -92.34244897999989,
                    47.203785070009
                ]
            }
        },
        {
            "type": "Feature",
            "properties": {
                "Name": "ANDERSON LARRY J",
                "Address": "6268 STENBERG RD",
                "Phone": "2184282722",
                "Phase": "B",
                "Substation": "COTTON",
                "Map_location": "292053512",
                "PARCEL_NUMBER": null
            },
            "geometry": {
                "type": "Point",
                "coordinates": [
                    -92.34219579999989,
                    47.203503800008974
                ]
            }
        },
        {
            "type": "Feature",
            "properties": {
                "Name": "JENSEN LAURA L",
                "Address": "6272 STENBERG RD",
                "Phone": "7637726351",
                "Phase": "B",
                "Substation": "COTTON",
                "Map_location": "292053520",
                "PARCEL_NUMBER": null
            },
            "geometry": {
                "type": "Point",
                "coordinates": [
                    -92.34224539999988,
                    47.203386000008976
                ]
            }
        },
        {
            "type": "Feature",
            "properties": {
                "Name": "KNEEPKENS DON",
                "Address": "6276 STENBERG RD",
                "Phone": "2187285857",
                "Phase": "B",
                "Substation": "COTTON",
                "Map_location": "292053511",
                "PARCEL_NUMBER": null
            },
            "geometry": {
                "type": "Point",
                "coordinates": [
                    -92.34266408999989,
                    47.20279029000899
                ]
            }
        },
        {
            "type": "Feature",
            "properties": {
                "Name": "BUTORAC MARY K",
                "Address": "6278 STENBERG RD",
                "Phone": "2185904584",
                "Phase": "B",
                "Substation": "COTTON",
                "Map_location": "292053510",
                "PARCEL_NUMBER": null
            },
            "geometry": {
                "type": "Point",
                "coordinates": [
                    -92.34245479999989,
                    47.20281650000897
                ]
            }
        },
        {
            "type": "Feature",
            "properties": {
                "Name": "STENBERG JOCELYN ANN",
                "Address": "6277 PINEHURST ROAD",
                "Phone": null,
                "Phase": "B",
                "Substation": "COTTON",
                "Map_location": "292053509",
                "PARCEL_NUMBER": null
            },
            "geometry": {
                "type": "Point",
                "coordinates": [
                    -92.342629,
                    47.20207300000004
                ]
            }
        },
        {
            "type": "Feature",
            "properties": {
                "Name": "LODLE LISA L",
                "Address": "6279 STENBERG RD",
                "Phone": "6126704171",
                "Phase": "B",
                "Substation": "COTTON",
                "Map_location": "292053524",
                "PARCEL_NUMBER": null
            },
            "geometry": {
                "type": "Point",
                "coordinates": [
                    -92.34314500190146,
                    47.20381262546088
                ]
            }
        },
        {
            "type": "Feature",
            "properties": {
                "Name": "BERG KEVIN DOUGLAS",
                "Address": "1295 PEARSON DR",
                "Phone": "2184648727",
                "Phase": "B",
                "Substation": "COTTON",
                "Map_location": "292053532",
                "PARCEL_NUMBER": null
            },
            "geometry": {
                "type": "Point",
                "coordinates": [
                    -92.33443289999988,
                    47.20846460000899
                ]
            }
        },
        {
            "type": "Feature",
            "properties": {
                "Name": "PEARSON STEVEN B",
                "Address": "1267 PEARSON RD",
                "Phone": "7602501627",
                "Phase": "B",
                "Substation": "COTTON",
                "Map_location": "292053531",
                "PARCEL_NUMBER": null
            },
            "geometry": {
                "type": "Point",
                "coordinates": [
                    -92.33074759999988,
                    47.208121500008986
                ]
            }
        },
        {
            "type": "Feature",
            "properties": {
                "Name": "BERNDT STEVEN H",
                "Address": "1263 PEARSON RD",
                "Phone": "2184825225",
                "Phase": "B",
                "Substation": "COTTON",
                "Map_location": "292053562",
                "PARCEL_NUMBER": null
            },
            "geometry": {
                "type": "Point",
                "coordinates": [
                    -92.32971579999989,
                    47.208903900009
                ]
            }
        },
        {
            "type": "Feature",
            "properties": {
                "Name": "ANDERSON SUANN",
                "Address": "6215 PINEHURST RD",
                "Phone": "2183484172",
                "Phase": "B",
                "Substation": "COTTON",
                "Map_location": "292053518",
                "PARCEL_NUMBER": null
            },
            "geometry": {
                "type": "Point",
                "coordinates": [
                    -92.33783909999988,
                    47.20221580000898
                ]
            }
        },
        {
            "type": "Feature",
            "properties": {
                "Name": "BIJOLD BRIAN A",
                "Address": "6221 PINEHURST RD",
                "Phone": "2183101292",
                "Phase": "B",
                "Substation": "COTTON",
                "Map_location": "292053517",
                "PARCEL_NUMBER": null
            },
            "geometry": {
                "type": "Point",
                "coordinates": [
                    -92.33760089999988,
                    47.201598400009
                ]
            }
        },
        {
            "type": "Feature",
            "properties": {
                "Name": "WIPSON RICHARD T",
                "Address": "6216 PINEHURST RD",
                "Phone": "2187285219",
                "Phase": "B",
                "Substation": "COTTON",
                "Map_location": "292053559",
                "PARCEL_NUMBER": null
            },
            "geometry": {
                "type": "Point",
                "coordinates": [
                    -92.33640029999988,
                    47.20223760000899
                ]
            }
        },
        {
            "type": "Feature",
            "properties": {
                "Name": "VUKELICH DIANNE",
                "Address": "6209 PINEHURST RD",
                "Phone": "2186245254",
                "Phase": "B",
                "Substation": "COTTON",
                "Map_location": "292053538",
                "PARCEL_NUMBER": null
            },
            "geometry": {
                "type": "Point",
                "coordinates": [
                    -92.33758392999988,
                    47.20252465000898
                ]
            }
        },
        {
            "type": "Feature",
            "properties": {
                "Name": "CHRISTIANSEN LAUREN E",
                "Address": "6205 PINEHURST RD",
                "Phone": "6124810301",
                "Phase": "B",
                "Substation": "COTTON",
                "Map_location": "292053508",
                "PARCEL_NUMBER": null
            },
            "geometry": {
                "type": "Point",
                "coordinates": [
                    -92.33710869999989,
                    47.202929740008976
                ]
            }
        },
        {
            "type": "Feature",
            "properties": {
                "Name": "LEIGHTON LEE",
                "Address": "6199 PINEHURST",
                "Phone": "3059786356",
                "Phase": "B",
                "Substation": "COTTON",
                "Map_location": "292053527",
                "PARCEL_NUMBER": null
            },
            "geometry": {
                "type": "Point",
                "coordinates": [
                    -92.33692028999988,
                    47.20332168000899
                ]
            }
        },
        {
            "type": "Feature",
            "properties": {
                "Name": "BACHKE BRUCE",
                "Address": "6195 PINEHURST RD",
                "Phone": "2187221856",
                "Phase": "B",
                "Substation": "COTTON",
                "Map_location": "292053507",
                "PARCEL_NUMBER": null
            },
            "geometry": {
                "type": "Point",
                "coordinates": [
                    -92.33649072999988,
                    47.20343784000899
                ]
            }
        },
        {
            "type": "Feature",
            "properties": {
                "Name": "HOLMGREN KEVIN",
                "Address": "6191 PINEHURST RD",
                "Phone": "6122103034",
                "Phase": "B",
                "Substation": "COTTON",
                "Map_location": "292053505",
                "PARCEL_NUMBER": null
            },
            "geometry": {
                "type": "Point",
                "coordinates": [
                    -92.33631067999988,
                    47.20361909000898
                ]
            }
        },
        {
            "type": "Feature",
            "properties": {
                "Name": "DEROCHE ROBERT M",
                "Address": "6202 PINEHURST RD",
                "Phone": "2187307997",
                "Phase": "B",
                "Substation": "COTTON",
                "Map_location": "292053539",
                "PARCEL_NUMBER": "320013000180.0"
            },
            "geometry": {
                "type": "Point",
                "coordinates": [
                    -92.33632429999989,
                    47.20307130000897
                ]
            }
        },
        {
            "type": "Feature",
            "properties": {
                "Name": "DEROCHE ROBERT M",
                "Address": "6202 PINEHURST RD",
                "Phone": "2187307997",
                "Phase": "B",
                "Substation": "COTTON",
                "Map_location": "292053539",
                "PARCEL_NUMBER": "320013000255.0"
            },
            "geometry": {
                "type": "Point",
                "coordinates": [
                    -92.33632429999989,
                    47.20307130000897
                ]
            }
        },
        {
            "type": "Feature",
            "properties": {
                "Name": "BACHKE JEFF",
                "Address": "6192 PINEHURST RD",
                "Phone": "2183936794",
                "Phase": "B",
                "Substation": "COTTON",
                "Map_location": "292053506",
                "PARCEL_NUMBER": null
            },
            "geometry": {
                "type": "Point",
                "coordinates": [
                    -92.33609509999988,
                    47.20355150000899
                ]
            }
        },
        {
            "type": "Feature",
            "properties": {
                "Name": "NESS RICHARD A",
                "Address": "6183 PINEHURST RD",
                "Phone": "2187238910",
                "Phase": "B",
                "Substation": "COTTON",
                "Map_location": "292053537",
                "PARCEL_NUMBER": null
            },
            "geometry": {
                "type": "Point",
                "coordinates": [
                    -92.33633909999989,
                    47.203924600008996
                ]
            }
        },
        {
            "type": "Feature",
            "properties": {
                "Name": "NESS DARIN",
                "Address": "6184 PINEHURST RD",
                "Phone": "2183910219",
                "Phase": "B",
                "Substation": "COTTON",
                "Map_location": "292053536",
                "PARCEL_NUMBER": null
            },
            "geometry": {
                "type": "Point",
                "coordinates": [
                    -92.33615659999988,
                    47.20385610000899
                ]
            }
        },
        {
            "type": "Feature",
            "properties": {
                "Name": "NESS RICHARD A",
                "Address": "6187 PINEHURST RD",
                "Phone": "2187238910",
                "Phase": "B",
                "Substation": "COTTON",
                "Map_location": "292053530",
                "PARCEL_NUMBER": null
            },
            "geometry": {
                "type": "Point",
                "coordinates": [
                    -92.33647929999988,
                    47.20416000000899
                ]
            }
        },
        {
            "type": "Feature",
            "properties": {
                "Name": "HUFFMAN BRAD",
                "Address": "6181 PINEHURST",
                "Phone": "2183438487",
                "Phase": "B",
                "Substation": "COTTON",
                "Map_location": "292053528",
                "PARCEL_NUMBER": null
            },
            "geometry": {
                "type": "Point",
                "coordinates": [
                    -92.33667379999989,
                    47.204407100008986
                ]
            }
        },
        {
            "type": "Feature",
            "properties": {
                "Name": "HUFFMAN GENE O",
                "Address": "6175 PINEHURST RD",
                "Phone": "2186261237",
                "Phase": "B",
                "Substation": "COTTON",
                "Map_location": "292053504",
                "PARCEL_NUMBER": null
            },
            "geometry": {
                "type": "Point",
                "coordinates": [
                    -92.33670839999989,
                    47.204994800009004
                ]
            }
        },
        {
            "type": "Feature",
            "properties": {
                "Name": "SCHEER WAYNE F",
                "Address": "6173 PINEHURST RD",
                "Phone": "2184823795",
                "Phase": "B",
                "Substation": "COTTON",
                "Map_location": "292053542",
                "PARCEL_NUMBER": null
            },
            "geometry": {
                "type": "Point",
                "coordinates": [
                    -92.33650979999989,
                    47.20490310000899
                ]
            }
        },
        {
            "type": "Feature",
            "properties": {
                "Name": "SUNDSTROM DEREK J",
                "Address": "6169 PINEHURST RD",
                "Phone": "2185919189",
                "Phase": "B",
                "Substation": "COTTON",
                "Map_location": "292053503",
                "PARCEL_NUMBER": null
            },
            "geometry": {
                "type": "Point",
                "coordinates": [
                    -92.33624288999988,
                    47.205274940009
                ]
            }
        },
        {
            "type": "Feature",
            "properties": {
                "Name": "GAFFKE GORDON W",
                "Address": "6168 PINEHURST",
                "Phone": "2183915090",
                "Phase": "B",
                "Substation": "COTTON",
                "Map_location": "292053516",
                "PARCEL_NUMBER": null
            },
            "geometry": {
                "type": "Point",
                "coordinates": [
                    -92.33590708999989,
                    47.204964850009
                ]
            }
        },
        {
            "type": "Feature",
            "properties": {
                "Name": "CLARK DIANNE LYNN",
                "Address": "6162 PINEHURST RD",
                "Phone": "2183907517",
                "Phase": "B",
                "Substation": "COTTON",
                "Map_location": "292053540",
                "PARCEL_NUMBER": null
            },
            "geometry": {
                "type": "Point",
                "coordinates": [
                    -92.33548129999988,
                    47.20519230000899
                ]
            }
        },
        {
            "type": "Feature",
            "properties": {
                "Name": "SCHWAB DAN",
                "Address": "6158 PINEHURST",
                "Phone": "7159318946",
                "Phase": "B",
                "Substation": "COTTON",
                "Map_location": "292053501",
                "PARCEL_NUMBER": null
            },
            "geometry": {
                "type": "Point",
                "coordinates": [
                    -92.33524209999989,
                    47.205311800008985
                ]
            }
        },
        {
            "type": "Feature",
            "properties": {
                "Name": "DEROCHE MELINDA",
                "Address": "6163 PINEHURST RD LOG CABIN",
                "Phone": "2184617123",
                "Phase": "B",
                "Substation": "COTTON",
                "Map_location": "292053502",
                "PARCEL_NUMBER": null
            },
            "geometry": {
                "type": "Point",
                "coordinates": [
                    -92.33554989999989,
                    47.20544880000899
                ]
            }
        },
        {
            "type": "Feature",
            "properties": {
                "Name": "BERG APRIL M",
                "Address": "6154 PINEHURST RD",
                "Phone": "2182696073",
                "Phase": "B",
                "Substation": "COTTON",
                "Map_location": "292053535",
                "PARCEL_NUMBER": null
            },
            "geometry": {
                "type": "Point",
                "coordinates": [
                    -92.3350667999999,
                    47.20588130000898
                ]
            }
        },
        {
            "type": "Feature",
            "properties": {
                "Name": "WISCONSIN CENTRAL LTD",
                "Address": "5770 COMSTOCK LK RD",
                "Phone": "5143994700",
                "Phase": "C",
                "Substation": "COTTON",
                "Map_location": "314000701",
                "PARCEL_NUMBER": null
            },
            "geometry": {
                "type": "Point",
                "coordinates": [
                    -92.28880253999988,
                    47.18274613000897
                ]
            }
        },
        {
            "type": "Feature",
            "properties": {
                "Name": "PALO JAMES R",
                "Address": "5787 COMSTOCK LK RD",
                "Phone": "6125906212",
                "Phase": "C",
                "Substation": "COTTON",
                "Map_location": "314000601",
                "PARCEL_NUMBER": null
            },
            "geometry": {
                "type": "Point",
                "coordinates": [
                    -92.29241900999988,
                    47.18445907000896
                ]
            }
        },
        {
            "type": "Feature",
            "properties": {
                "Name": "WOLFGRAM SHARON",
                "Address": "6130 COMSTOCK LK RD",
                "Phone": "6125186677",
                "Phase": "C",
                "Substation": "COTTON",
                "Map_location": "313001101",
                "PARCEL_NUMBER": null
            },
            "geometry": {
                "type": "Point",
                "coordinates": [
                    -92.32689899995832,
                    47.18348900361073
                ]
            }
        },
        {
            "type": "Feature",
            "properties": {
                "Name": "LAAKSO ARVID",
                "Address": "5525 ARGOS CR 524",
                "Phone": "2184823431",
                "Phase": "C",
                "Substation": "COTTON",
                "Map_location": "314000501",
                "PARCEL_NUMBER": null
            },
            "geometry": {
                "type": "Point",
                "coordinates": [
                    -92.25981383332409,
                    47.18329849107549
                ]
            }
        },
        {
            "type": "Feature",
            "properties": {
                "Name": "FLYNN DUANE R",
                "Address": "5501 COMSTOCK LK RD",
                "Phone": "2185254580",
                "Phase": "C",
                "Substation": "COTTON",
                "Map_location": "293003201",
                "PARCEL_NUMBER": null
            },
            "geometry": {
                "type": "Point",
                "coordinates": [
                    -92.26001616999986,
                    47.19933033000898
                ]
            }
        },
        {
            "type": "Feature",
            "properties": {
                "Name": "EDGERTON BRADLEY C",
                "Address": "1129 LISTING PT RD",
                "Phone": "2183903262",
                "Phase": "C",
                "Substation": "COTTON",
                "Map_location": "293003304",
                "PARCEL_NUMBER": null
            },
            "geometry": {
                "type": "Point",
                "coordinates": [
                    -92.23930139999986,
                    47.20498510000898
                ]
            }
        },
        {
            "type": "Feature",
            "properties": {
                "Name": "KOSKI LYNN",
                "Address": "1143 SETTERLUND DR",
                "Phone": "2184285778",
                "Phase": "C",
                "Substation": "COTTON",
                "Map_location": "293003414",
                "PARCEL_NUMBER": null
            },
            "geometry": {
                "type": "Point",
                "coordinates": [
                    -92.23857029999988,
                    47.205792600009005
                ]
            }
        },
        {
            "type": "Feature",
            "properties": {
                "Name": "MICHALSKI DAVID",
                "Address": "SETTERLUND DR N HART LK",
                "Phone": "2185919530",
                "Phase": "C",
                "Substation": "COTTON",
                "Map_location": "293003305",
                "PARCEL_NUMBER": null
            },
            "geometry": {
                "type": "Point",
                "coordinates": [
                    -92.23924249999986,
                    47.206059000008985
                ]
            }
        },
        {
            "type": "Feature",
            "properties": {
                "Name": "LEPP GARDNER",
                "Address": "5283 N COMSTOCK LAKE RD",
                "Phone": "2183456700",
                "Phase": "C",
                "Substation": "COTTON",
                "Map_location": "293043451",
                "PARCEL_NUMBER": null
            },
            "geometry": {
                "type": "Point",
                "coordinates": [
                    -92.23634294999984,
                    47.211034440008994
                ]
            }
        },
        {
            "type": "Feature",
            "properties": {
                "Name": "GRAFTON RICHARD ALAN",
                "Address": "5277 N COMSTOCK LAKE RD",
                "Phone": "2184823250",
                "Phase": "C",
                "Substation": "COTTON",
                "Map_location": "293043459",
                "PARCEL_NUMBER": null
            },
            "geometry": {
                "type": "Point",
                "coordinates": [
                    -92.23620399999986,
                    47.211731800009
                ]
            }
        },
        {
            "type": "Feature",
            "properties": {
                "Name": "KILEN DOUGLAS A",
                "Address": "5298 N COMSTOCK RD",
                "Phone": "2182691602",
                "Phase": "C",
                "Substation": "COTTON",
                "Map_location": "293043454",
                "PARCEL_NUMBER": null
            },
            "geometry": {
                "type": "Point",
                "coordinates": [
                    -92.23633376999985,
                    47.20968339000899
                ]
            }
        },
        {
            "type": "Feature",
            "properties": {
                "Name": "MCDEVITT JAMES",
                "Address": "5297 N COMSTOCK LK RD",
                "Phone": "2183109590",
                "Phase": "C",
                "Substation": "COTTON",
                "Map_location": "293043452",
                "PARCEL_NUMBER": null
            },
            "geometry": {
                "type": "Point",
                "coordinates": [
                    -92.23631409999986,
                    47.209697600008994
                ]
            }
        },
        {
            "type": "Feature",
            "properties": {
                "Name": "ARROWHEAD COMMUNI CATIONS",
                "Address": "5285 COMSTOCK LK RD",
                "Phone": "2183465500",
                "Phase": "C",
                "Substation": "COTTON",
                "Map_location": "293003408",
                "PARCEL_NUMBER": null
            },
            "geometry": {
                "type": "Point",
                "coordinates": [
                    -92.23310289999985,
                    47.19868910000899
                ]
            }
        },
        {
            "type": "Feature",
            "properties": {
                "Name": "DAMMANN JEREMY",
                "Address": "5191 COMSTOCK LAKE RD",
                "Phone": "6084779641",
                "Phase": "C",
                "Substation": "COTTON",
                "Map_location": "293003403",
                "PARCEL_NUMBER": null
            },
            "geometry": {
                "type": "Point",
                "coordinates": [
                    -92.22712459999985,
                    47.203181600008996
                ]
            }
        },
        {
            "type": "Feature",
            "properties": {
                "Name": "FULLER MOLLY B",
                "Address": "5157 COMSTOCK LAKE RD",
                "Phone": "6126128073",
                "Phase": "C",
                "Substation": "COTTON",
                "Map_location": "293003402",
                "PARCEL_NUMBER": null
            },
            "geometry": {
                "type": "Point",
                "coordinates": [
                    -92.22476449999986,
                    47.20167450000899
                ]
            }
        },
        {
            "type": "Feature",
            "properties": {
                "Name": "ALBISTON BRENT R",
                "Address": "5090 COMSTOCK LK RD",
                "Phone": "2183919020",
                "Phase": "C",
                "Substation": "COTTON",
                "Map_location": "293003501",
                "PARCEL_NUMBER": null
            },
            "geometry": {
                "type": "Point",
                "coordinates": [
                    -92.21528629999986,
                    47.20399730000899
                ]
            }
        },
        {
            "type": "Feature",
            "properties": {
                "Name": "MEYER RICK D",
                "Address": "5083 COMSTOCK LK RD",
                "Phone": "6516747851",
                "Phase": "C",
                "Substation": "COTTON",
                "Map_location": "293003407",
                "PARCEL_NUMBER": null
            },
            "geometry": {
                "type": "Point",
                "coordinates": [
                    -92.21720332999985,
                    47.205851540009
                ]
            }
        },
        {
            "type": "Feature",
            "properties": {
                "Name": "ZIEGLER ANTOINE S",
                "Address": "5132 SETTERLUND DR",
                "Phone": "7632053106",
                "Phase": "C",
                "Substation": "COTTON",
                "Map_location": "293003406",
                "PARCEL_NUMBER": "662001005260.0"
            },
            "geometry": {
                "type": "Point",
                "coordinates": [
                    -92.22153621999985,
                    47.208342120008986
                ]
            }
        },
        {
            "type": "Feature",
            "properties": {
                "Name": "ARMSTRONG KRISTINE SOPHIA",
                "Address": "5021 E COMSTOCK LAKE RD",
                "Phone": "2186008285",
                "Phase": "C",
                "Substation": "COTTON",
                "Map_location": "293042709",
                "PARCEL_NUMBER": null
            },
            "geometry": {
                "type": "Point",
                "coordinates": [
                    -92.21724029999984,
                    47.217995600009
                ]
            }
        },
        {
            "type": "Feature",
            "properties": {
                "Name": "SOWERS TORY",
                "Address": "5103 E COMSTOCK LK RD",
                "Phone": "6513073008",
                "Phase": "C",
                "Substation": "COTTON",
                "Map_location": "293042663",
                "PARCEL_NUMBER": null
            },
            "geometry": {
                "type": "Point",
                "coordinates": [
                    -92.21608028999984,
                    47.218133460009
                ]
            }
        },
        {
            "type": "Feature",
            "properties": {
                "Name": "THEIS TIMOTHY J",
                "Address": "5095 E COMSTOCK LK RD",
                "Phone": "2183495513",
                "Phase": "C",
                "Substation": "COTTON",
                "Map_location": "293042664",
                "PARCEL_NUMBER": null
            },
            "geometry": {
                "type": "Point",
                "coordinates": [
                    -92.21500120999984,
                    47.218366220009
                ]
            }
        },
        {
            "type": "Feature",
            "properties": {
                "Name": "NAPOLI GERRI KAY",
                "Address": "5087 E COMSTOCK LAKE RD",
                "Phone": "6127875313",
                "Phase": "C",
                "Substation": "COTTON",
                "Map_location": "293042608",
                "PARCEL_NUMBER": null
            },
            "geometry": {
                "type": "Point",
                "coordinates": [
                    -92.21477129999984,
                    47.219238500009006
                ]
            }
        },
        {
            "type": "Feature",
            "properties": {
                "Name": "LUITEN STEVEN ALLEN",
                "Address": "5099 E COMSTOCK LAKE RD",
                "Phone": "2183914777",
                "Phase": "C",
                "Substation": "COTTON",
                "Map_location": "293042633",
                "PARCEL_NUMBER": null
            },
            "geometry": {
                "type": "Point",
                "coordinates": [
                    -92.21520904999984,
                    47.218455920009
                ]
            }
        },
        {
            "type": "Feature",
            "properties": {
                "Name": "BARTNESS NATHAN E",
                "Address": "5081 E COMSTOCK LK RD",
                "Phone": "2184289571",
                "Phase": "C",
                "Substation": "COTTON",
                "Map_location": "293042669",
                "PARCEL_NUMBER": null
            },
            "geometry": {
                "type": "Point",
                "coordinates": [
                    -92.21424073999985,
                    47.219335280009005
                ]
            }
        },
        {
            "type": "Feature",
            "properties": {
                "Name": "FREMLING PATRICIA L",
                "Address": "5077 E COMSTOCK LK RD",
                "Phone": "2624410940",
                "Phase": "C",
                "Substation": "COTTON",
                "Map_location": "293042666",
                "PARCEL_NUMBER": null
            },
            "geometry": {
                "type": "Point",
                "coordinates": [
                    -92.21394185999985,
                    47.219704860008996
                ]
            }
        },
        {
            "type": "Feature",
            "properties": {
                "Name": "WENTZEL NICK J",
                "Address": "5073 E COMSTOCK LK RD",
                "Phone": "7179402159",
                "Phase": "C",
                "Substation": "COTTON",
                "Map_location": "293042607",
                "PARCEL_NUMBER": null
            },
            "geometry": {
                "type": "Point",
                "coordinates": [
                    -92.21352279999985,
                    47.22012160000901
                ]
            }
        },
        {
            "type": "Feature",
            "properties": {
                "Name": "LEHIGH JACK D",
                "Address": "E COMSTOCK LAKE RD",
                "Phone": "2187247193",
                "Phase": "C",
                "Substation": "COTTON",
                "Map_location": "293042606",
                "PARCEL_NUMBER": null
            },
            "geometry": {
                "type": "Point",
                "coordinates": [
                    -92.21274729999985,
                    47.22042890000902
                ]
            }
        },
        {
            "type": "Feature",
            "properties": {
                "Name": "GROTE GARY",
                "Address": "5061 E COMSTOCK LK RD",
                "Phone": "2183937892",
                "Phase": "C",
                "Substation": "COTTON",
                "Map_location": "293042636",
                "PARCEL_NUMBER": null
            },
            "geometry": {
                "type": "Point",
                "coordinates": [
                    -92.21258809999985,
                    47.220468500009
                ]
            }
        },
        {
            "type": "Feature",
            "properties": {
                "Name": "PLEUS SCOTT L",
                "Address": "5057 E COMSTOCK LK RD",
                "Phone": "6232291809",
                "Phase": "C",
                "Substation": "COTTON",
                "Map_location": "293042642",
                "PARCEL_NUMBER": null
            },
            "geometry": {
                "type": "Point",
                "coordinates": [
                    -92.21226329999985,
                    47.22048830000901
                ]
            }
        },
        {
            "type": "Feature",
            "properties": {
                "Name": "MCMILLAN KENNETH D",
                "Address": "5053 E COMSTOCK LK",
                "Phone": "2187299795",
                "Phase": "C",
                "Substation": "COTTON",
                "Map_location": "293042605",
                "PARCEL_NUMBER": null
            },
            "geometry": {
                "type": "Point",
                "coordinates": [
                    -92.21167583999984,
                    47.220590540009
                ]
            }
        },
        {
            "type": "Feature",
            "properties": {
                "Name": "SHEEHAN BRIAN J",
                "Address": "5051 E COMSTOCK RD",
                "Phone": "7632187133",
                "Phase": "C",
                "Substation": "COTTON",
                "Map_location": "293042644",
                "PARCEL_NUMBER": null
            },
            "geometry": {
                "type": "Point",
                "coordinates": [
                    -92.21116851999986,
                    47.220801050009
                ]
            }
        },
        {
            "type": "Feature",
            "properties": {
                "Name": "MARSHALL STEVE",
                "Address": "4993 COMSTOCK LK RD",
                "Phone": "2184287142",
                "Phase": "C",
                "Substation": "COTTON",
                "Map_location": "293042628",
                "PARCEL_NUMBER": null
            },
            "geometry": {
                "type": "Point",
                "coordinates": [
                    -92.21108979999985,
                    47.221246140009015
                ]
            }
        },
        {
            "type": "Feature",
            "properties": {
                "Name": "HALL TIM",
                "Address": "4989 COMSTOCK LAKE RD",
                "Phone": "2185918582",
                "Phase": "C",
                "Substation": "COTTON",
                "Map_location": "293042604",
                "PARCEL_NUMBER": null
            },
            "geometry": {
                "type": "Point",
                "coordinates": [
                    -92.21086091999985,
                    47.22150585000901
                ]
            }
        },
        {
            "type": "Feature",
            "properties": {
                "Name": "LUND SARAH ELIZABETH",
                "Address": "4985 COMSTOCK LK RD",
                "Phone": "7632275189",
                "Phase": "C",
                "Substation": "COTTON",
                "Map_location": "293042630",
                "PARCEL_NUMBER": null
            },
            "geometry": {
                "type": "Point",
                "coordinates": [
                    -92.21104679999986,
                    47.22159530000901
                ]
            }
        },
        {
            "type": "Feature",
            "properties": {
                "Name": "MCNAUGHTON-COX KELLY",
                "Address": "4981 COMSTOCK LK RD",
                "Phone": "2185254685",
                "Phase": "C",
                "Substation": "COTTON",
                "Map_location": "293042603",
                "PARCEL_NUMBER": null
            },
            "geometry": {
                "type": "Point",
                "coordinates": [
                    -92.21087708999984,
                    47.222095000009
                ]
            }
        },
        {
            "type": "Feature",
            "properties": {
                "Name": "HAUTALA WALTER W",
                "Address": "4975 COMSTOCK LAKE RD",
                "Phone": "2187422633",
                "Phase": "C",
                "Substation": "COTTON",
                "Map_location": "293042643",
                "PARCEL_NUMBER": null
            },
            "geometry": {
                "type": "Point",
                "coordinates": [
                    -92.21114109999985,
                    47.22257240000902
                ]
            }
        },
        {
            "type": "Feature",
            "properties": {
                "Name": "AREZZO VINCENT A",
                "Address": "4969 COMSTOCK LK RD",
                "Phone": "2183904577",
                "Phase": "C",
                "Substation": "COTTON",
                "Map_location": "293042646",
                "PARCEL_NUMBER": null
            },
            "geometry": {
                "type": "Point",
                "coordinates": [
                    -92.21103339999985,
                    47.22331230000901
                ]
            }
        },
        {
            "type": "Feature",
            "properties": {
                "Name": "BERG NICHOLAS BARTON",
                "Address": "4963 COMSTOCK LK RD",
                "Phone": "2189667254",
                "Phase": "C",
                "Substation": "COTTON",
                "Map_location": "293042601",
                "PARCEL_NUMBER": null
            },
            "geometry": {
                "type": "Point",
                "coordinates": [
                    -92.21143579999986,
                    47.224428100009
                ]
            }
        },
        {
            "type": "Feature",
            "properties": {
                "Name": "DAGEN BRUCE",
                "Address": "4956 COMSTOCK LK RD",
                "Phone": "2185903403",
                "Phase": "C",
                "Substation": "COTTON",
                "Map_location": "293042662",
                "PARCEL_NUMBER": null
            },
            "geometry": {
                "type": "Point",
                "coordinates": [
                    -92.21079209999985,
                    47.22466710000901
                ]
            }
        },
        {
            "type": "Feature",
            "properties": {
                "Name": "SIMMONDS MARTIN JOHN",
                "Address": "5109 E COMSTOCK LAKE",
                "Phone": "2183551394",
                "Phase": "C",
                "Substation": "COTTON",
                "Map_location": "293042673",
                "PARCEL_NUMBER": null
            },
            "geometry": {
                "type": "Point",
                "coordinates": [
                    -92.21598829999985,
                    47.217830000008995
                ]
            }
        },
        {
            "type": "Feature",
            "properties": {
                "Name": "SHEEHAN BRIAN J",
                "Address": "5051 E COMSTOCK RD",
                "Phone": "7632187133",
                "Phase": "C",
                "Substation": "COTTON",
                "Map_location": "293042676",
                "PARCEL_NUMBER": null
            },
            "geometry": {
                "type": "Point",
                "coordinates": [
                    -92.21097934999985,
                    47.22010139000901
                ]
            }
        },
        {
            "type": "Feature",
            "properties": {
                "Name": "SETH CARL INVESTM ENTS",
                "Address": "4955 COMSTOCK LAKE RD",
                "Phone": "2184285731",
                "Phase": "C",
                "Substation": "COTTON",
                "Map_location": "293042675",
                "PARCEL_NUMBER": null
            },
            "geometry": {
                "type": "Point",
                "coordinates": [
                    -92.21177889999986,
                    47.22488950000902
                ]
            }
        },
        {
            "type": "Feature",
            "properties": {
                "Name": "SEEHUS DON",
                "Address": "1443 COMSTOCK LK ACCESS RD",
                "Phone": "2183484442",
                "Phase": "C",
                "Substation": "COTTON",
                "Map_location": "293042748",
                "PARCEL_NUMBER": null
            },
            "geometry": {
                "type": "Point",
                "coordinates": [
                    -92.21866790999985,
                    47.224920080009014
                ]
            }
        },
        {
            "type": "Feature",
            "properties": {
                "Name": "NELSON MICHAEL LAWRENCE",
                "Address": "1445 COMSTOCK LK ACCESS RD",
                "Phone": "2184285749",
                "Phase": "C",
                "Substation": "COTTON",
                "Map_location": "293042767",
                "PARCEL_NUMBER": null
            },
            "geometry": {
                "type": "Point",
                "coordinates": [
                    -92.21906907999984,
                    47.224609530009
                ]
            }
        },
        {
            "type": "Feature",
            "properties": {
                "Name": "FLESVIG RICHARD R",
                "Address": "1469 COMSTOCK LAKE ACCESS RD",
                "Phone": null,
                "Phase": "C",
                "Substation": "COTTON",
                "Map_location": "293042737",
                "PARCEL_NUMBER": null
            },
            "geometry": {
                "type": "Point",
                "coordinates": [
                    -92.22152659999985,
                    47.22515630000902
                ]
            }
        },
        {
            "type": "Feature",
            "properties": {
                "Name": "SEEHUS KEITH",
                "Address": "5118 N COMSTOCK RD",
                "Phone": "2184823634",
                "Phase": "C",
                "Substation": "COTTON",
                "Map_location": "293042724",
                "PARCEL_NUMBER": null
            },
            "geometry": {
                "type": "Point",
                "coordinates": [
                    -92.22181199999986,
                    47.22498130000901
                ]
            }
        },
        {
            "type": "Feature",
            "properties": {
                "Name": "GRAFTON RICHARD ALAN",
                "Address": "5120 N COMSTOCK LAKE RD",
                "Phone": "2184823250",
                "Phase": "C",
                "Substation": "COTTON",
                "Map_location": "293042723",
                "PARCEL_NUMBER": null
            },
            "geometry": {
                "type": "Point",
                "coordinates": [
                    -92.22255664872392,
                    47.22467844661443
                ]
            }
        },
        {
            "type": "Feature",
            "properties": {
                "Name": "WALLIN JOSEPH A",
                "Address": "5122 N COMSTOCK LK",
                "Phone": "2184825201",
                "Phase": "C",
                "Substation": "COTTON",
                "Map_location": "293042722",
                "PARCEL_NUMBER": null
            },
            "geometry": {
                "type": "Point",
                "coordinates": [
                    -92.22235179999986,
                    47.224734600009
                ]
            }
        },
        {
            "type": "Feature",
            "properties": {
                "Name": "BUSIAN DARLA",
                "Address": "5128 N COMSTOCK LK RD",
                "Phone": "5079325542",
                "Phase": "C",
                "Substation": "COTTON",
                "Map_location": "293042721",
                "PARCEL_NUMBER": null
            },
            "geometry": {
                "type": "Point",
                "coordinates": [
                    -92.22306016632115,
                    47.22451555155823
                ]
            }
        },
        {
            "type": "Feature",
            "properties": {
                "Name": "KEEHL JACOB FREDRICK",
                "Address": "5129 N COMSTOCK LK",
                "Phone": "6129682169",
                "Phase": "C",
                "Substation": "COTTON",
                "Map_location": "293042760",
                "PARCEL_NUMBER": null
            },
            "geometry": {
                "type": "Point",
                "coordinates": [
                    -92.22399129999985,
                    47.225673000008996
                ]
            }
        },
        {
            "type": "Feature",
            "properties": {
                "Name": "KEEHL JACOB FREDRICK",
                "Address": "5132 N COMSTOCK LK RD",
                "Phone": "6129682169",
                "Phase": "C",
                "Substation": "COTTON",
                "Map_location": "293042726",
                "PARCEL_NUMBER": null
            },
            "geometry": {
                "type": "Point",
                "coordinates": [
                    -92.22372369999985,
                    47.22447310000901
                ]
            }
        },
        {
            "type": "Feature",
            "properties": {
                "Name": "HICKS THOMAS G",
                "Address": "5130 N COMSTOCK LAKE RD",
                "Phone": "2185916051",
                "Phase": "C",
                "Substation": "COTTON",
                "Map_location": "293042725",
                "PARCEL_NUMBER": null
            },
            "geometry": {
                "type": "Point",
                "coordinates": [
                    -92.22350829999986,
                    47.224345100009
                ]
            }
        },
        {
            "type": "Feature",
            "properties": {
                "Name": "POLLACK ANTHONY R",
                "Address": "5134 N COMSTOCK LK RD",
                "Phone": "9069323951",
                "Phase": "C",
                "Substation": "COTTON",
                "Map_location": "293042727",
                "PARCEL_NUMBER": null
            },
            "geometry": {
                "type": "Point",
                "coordinates": [
                    -92.22429239999984,
                    47.22442190000901
                ]
            }
        },
        {
            "type": "Feature",
            "properties": {
                "Name": "GOODE SCOTT W",
                "Address": "5138 N COMSTOCK RD",
                "Phone": "2183915331",
                "Phase": "C",
                "Substation": "COTTON",
                "Map_location": "293042738",
                "PARCEL_NUMBER": null
            },
            "geometry": {
                "type": "Point",
                "coordinates": [
                    -92.22501664999984,
                    47.224028340009
                ]
            }
        },
        {
            "type": "Feature",
            "properties": {
                "Name": "MANTON LISA M",
                "Address": "5140 N COMSTOCK LAKE RD",
                "Phone": "5133286093",
                "Phase": "C",
                "Substation": "COTTON",
                "Map_location": "293042741",
                "PARCEL_NUMBER": null
            },
            "geometry": {
                "type": "Point",
                "coordinates": [
                    -92.22539629999984,
                    47.22411780000902
                ]
            }
        },
        {
            "type": "Feature",
            "properties": {
                "Name": "MARSAA RONALD R",
                "Address": "5144 N COMSTOCK LK RD",
                "Phone": "2187226694",
                "Phase": "C",
                "Substation": "COTTON",
                "Map_location": "293042720",
                "PARCEL_NUMBER": null
            },
            "geometry": {
                "type": "Point",
                "coordinates": [
                    -92.22645339999984,
                    47.223721600009
                ]
            }
        },
        {
            "type": "Feature",
            "properties": {
                "Name": "FREMLING SHARON F",
                "Address": "5146 N COMSTOCK LAKE RD",
                "Phone": "2187224042",
                "Phase": "C",
                "Substation": "COTTON",
                "Map_location": "293042719",
                "PARCEL_NUMBER": null
            },
            "geometry": {
                "type": "Point",
                "coordinates": [
                    -92.22713479999985,
                    47.223991300009004
                ]
            }
        },
        {
            "type": "Feature",
            "properties": {
                "Name": "LABORE JESSICA",
                "Address": "5148 COMSTOCK LK RD",
                "Phone": "2182697557",
                "Phase": "C",
                "Substation": "COTTON",
                "Map_location": "293042718",
                "PARCEL_NUMBER": null
            },
            "geometry": {
                "type": "Point",
                "coordinates": [
                    -92.22719549999984,
                    47.22356209000901
                ]
            }
        },
        {
            "type": "Feature",
            "properties": {
                "Name": "SNOW MICHAEL S",
                "Address": "5150 N COMSTOCK LK RD",
                "Phone": "7634948385",
                "Phase": "C",
                "Substation": "COTTON",
                "Map_location": "293042735",
                "PARCEL_NUMBER": null
            },
            "geometry": {
                "type": "Point",
                "coordinates": [
                    -92.22759699999985,
                    47.223579100009
                ]
            }
        },
        {
            "type": "Feature",
            "properties": {
                "Name": "CARLSON DEBRA MARIE",
                "Address": "5152 N COMSTOCK LK RD",
                "Phone": "2185255137",
                "Phase": "C",
                "Substation": "COTTON",
                "Map_location": "293042731",
                "PARCEL_NUMBER": null
            },
            "geometry": {
                "type": "Point",
                "coordinates": [
                    -92.22792589999986,
                    47.223774500009014
                ]
            }
        },
        {
            "type": "Feature",
            "properties": {
                "Name": "PRUDHOMME FREDERIC M",
                "Address": "5154 N COMSTOCK LAKE RD",
                "Phone": "2185907763",
                "Phase": "C",
                "Substation": "COTTON",
                "Map_location": "293042717",
                "PARCEL_NUMBER": null
            },
            "geometry": {
                "type": "Point",
                "coordinates": [
                    -92.22832003999986,
                    47.223566860009
                ]
            }
        },
        {
            "type": "Feature",
            "properties": {
                "Name": "CURTIS MICHAEL T",
                "Address": "1462 COMSTOCK LAKE ACCESS RD",
                "Phone": "2185900207",
                "Phase": "C",
                "Substation": "COTTON",
                "Map_location": "293042772",
                "PARCEL_NUMBER": null
            },
            "geometry": {
                "type": "Point",
                "coordinates": [
                    -92.22052799999985,
                    47.22598260000902
                ]
            }
        },
        {
            "type": "Feature",
            "properties": {
                "Name": "KUUKARI JOHN CHARLES",
                "Address": "5142 COMSTOCK LK RD N",
                "Phone": "2185253928",
                "Phase": "C",
                "Substation": "COTTON",
                "Map_location": "293042732",
                "PARCEL_NUMBER": null
            },
            "geometry": {
                "type": "Point",
                "coordinates": [
                    -92.22557037999984,
                    47.223958630009
                ]
            }
        },
        {
            "type": "Feature",
            "properties": {
                "Name": "LINDBERG JUDITH",
                "Address": "5230 N COMSTOCK LK RD",
                "Phone": "7247277304",
                "Phase": "C",
                "Substation": "COTTON",
                "Map_location": "293042756",
                "PARCEL_NUMBER": null
            },
            "geometry": {
                "type": "Point",
                "coordinates": [
                    -92.23379486999984,
                    47.22088015000901
                ]
            }
        },
        {
            "type": "Feature",
            "properties": {
                "Name": "ZIEGELMANN VERNIS E",
                "Address": "5208 N COMSTOCK LK RD",
                "Phone": "2184094623",
                "Phase": "C",
                "Substation": "COTTON",
                "Map_location": "293042745",
                "PARCEL_NUMBER": null
            },
            "geometry": {
                "type": "Point",
                "coordinates": [
                    -92.23254339999984,
                    47.221435000009
                ]
            }
        },
        {
            "type": "Feature",
            "properties": {
                "Name": "MCCOMBER ALFRED J",
                "Address": "5212 N COMSTOCK LAKE RD",
                "Phone": "2183551100",
                "Phase": "C",
                "Substation": "COTTON",
                "Map_location": "293042771",
                "PARCEL_NUMBER": null
            },
            "geometry": {
                "type": "Point",
                "coordinates": [
                    -92.23326080999985,
                    47.22110140000901
                ]
            }
        },
        {
            "type": "Feature",
            "properties": {
                "Name": "LARSON DAVID A",
                "Address": "5202 N COMSTOCK LK RD",
                "Phone": "2187286806",
                "Phase": "C",
                "Substation": "COTTON",
                "Map_location": "293042757",
                "PARCEL_NUMBER": null
            },
            "geometry": {
                "type": "Point",
                "coordinates": [
                    -92.23193233999986,
                    47.221566570009024
                ]
            }
        },
        {
            "type": "Feature",
            "properties": {
                "Name": "THREINEN TOM M",
                "Address": "5194 N COMSTOCK LAKE RD",
                "Phone": "2187248972",
                "Phase": "C",
                "Substation": "COTTON",
                "Map_location": "293042711",
                "PARCEL_NUMBER": null
            },
            "geometry": {
                "type": "Point",
                "coordinates": [
                    -92.23066680999985,
                    47.221123760009014
                ]
            }
        },
        {
            "type": "Feature",
            "properties": {
                "Name": "JACKSON MIKE E",
                "Address": "5190 N COMSTOCK LAKE RD",
                "Phone": "2184823744",
                "Phase": "C",
                "Substation": "COTTON",
                "Map_location": "293042713",
                "PARCEL_NUMBER": null
            },
            "geometry": {
                "type": "Point",
                "coordinates": [
                    -92.23093939999985,
                    47.22160140000901
                ]
            }
        },
        {
            "type": "Feature",
            "properties": {
                "Name": "HANSON KAREN A",
                "Address": "5184 N COMSTOCK LK RD",
                "Phone": "2186243976",
                "Phase": "C",
                "Substation": "COTTON",
                "Map_location": "293042714",
                "PARCEL_NUMBER": null
            },
            "geometry": {
                "type": "Point",
                "coordinates": [
                    -92.22961690999986,
                    47.22242884000901
                ]
            }
        },
        {
            "type": "Feature",
            "properties": {
                "Name": "KAHN ROBERT T",
                "Address": "5182 N COMSTOCK LAKE RD",
                "Phone": "2186245539",
                "Phase": "C",
                "Substation": "COTTON",
                "Map_location": "293042753",
                "PARCEL_NUMBER": null
            },
            "geometry": {
                "type": "Point",
                "coordinates": [
                    -92.22929699999986,
                    47.22277750000901
                ]
            }
        },
        {
            "type": "Feature",
            "properties": {
                "Name": "NEWGREN JAMES K",
                "Address": "5178 N COMSTOCK LK RD",
                "Phone": "2185764768",
                "Phase": "C",
                "Substation": "COTTON",
                "Map_location": "293042716",
                "PARCEL_NUMBER": null
            },
            "geometry": {
                "type": "Point",
                "coordinates": [
                    -92.22986929999986,
                    47.223410100009005
                ]
            }
        },
        {
            "type": "Feature",
            "properties": {
                "Name": "BALLOU-BUCK REBECCA",
                "Address": "5186 N COMSTOCK RD",
                "Phone": null,
                "Phase": "C",
                "Substation": "COTTON",
                "Map_location": "293042747",
                "PARCEL_NUMBER": null
            },
            "geometry": {
                "type": "Point",
                "coordinates": [
                    -92.23007330999984,
                    47.22195451000902
                ]
            }
        },
        {
            "type": "Feature",
            "properties": {
                "Name": "LEE PAUL J",
                "Address": "5242 N COMSTOCK LAKE RD",
                "Phone": "2187296061",
                "Phase": "C",
                "Substation": "COTTON",
                "Map_location": "293042761",
                "PARCEL_NUMBER": null
            },
            "geometry": {
                "type": "Point",
                "coordinates": [
                    -92.23391584999985,
                    47.21609313000901
                ]
            }
        },
        {
            "type": "Feature",
            "properties": {
                "Name": "MILLER TOM",
                "Address": "5250 N COMSTOCK LAKE RD",
                "Phone": "2184286494",
                "Phase": "C",
                "Substation": "COTTON",
                "Map_location": "293042755",
                "PARCEL_NUMBER": null
            },
            "geometry": {
                "type": "Point",
                "coordinates": [
                    -92.23309295999985,
                    47.21538321000901
                ]
            }
        },
        {
            "type": "Feature",
            "properties": {
                "Name": "KOLOJESKI ROBERT D",
                "Address": "5252 N COMSTOCK LAKE RD",
                "Phone": "9282018278",
                "Phase": "C",
                "Substation": "COTTON",
                "Map_location": "293042749",
                "PARCEL_NUMBER": null
            },
            "geometry": {
                "type": "Point",
                "coordinates": [
                    -92.23280972999984,
                    47.215237630009
                ]
            }
        },
        {
            "type": "Feature",
            "properties": {
                "Name": "HEDIN LORRAINE",
                "Address": "5272 SETTERLUND DR",
                "Phone": "2184092678",
                "Phase": "C",
                "Substation": "COTTON",
                "Map_location": "293003412",
                "PARCEL_NUMBER": null
            },
            "geometry": {
                "type": "Point",
                "coordinates": [
                    -92.23536859999986,
                    47.20736130000899
                ]
            }
        },
        {
            "type": "Feature",
            "properties": {
                "Name": "JULIN TODD MYRON",
                "Address": "5271 SUTHERLAND DR",
                "Phone": "2183485959",
                "Phase": "C",
                "Substation": "COTTON",
                "Map_location": "293003411",
                "PARCEL_NUMBER": null
            },
            "geometry": {
                "type": "Point",
                "coordinates": [
                    -92.23535339999985,
                    47.207346100009
                ]
            }
        },
        {
            "type": "Feature",
            "properties": {
                "Name": "TROTTA DEE ANN",
                "Address": "SETTERLUND DR",
                "Phone": "2182164960",
                "Phase": "C",
                "Substation": "COTTON",
                "Map_location": "293003415",
                "PARCEL_NUMBER": null
            },
            "geometry": {
                "type": "Point",
                "coordinates": [
                    -92.23505789999984,
                    47.20906380000899
                ]
            }
        },
        {
            "type": "Feature",
            "properties": {
                "Name": "ERKKILA KATHY",
                "Address": "5291 SETTERLUND DR",
                "Phone": "2185658868",
                "Phase": "C",
                "Substation": "COTTON",
                "Map_location": "293003409",
                "PARCEL_NUMBER": null
            },
            "geometry": {
                "type": "Point",
                "coordinates": [
                    -92.23501629999984,
                    47.209080300008985
                ]
            }
        },
        {
            "type": "Feature",
            "properties": {
                "Name": "OLIVER MICHAEL F",
                "Address": "5285 SUTTERLAND RD",
                "Phone": "2183911288",
                "Phase": "C",
                "Substation": "COTTON",
                "Map_location": "293003410",
                "PARCEL_NUMBER": null
            },
            "geometry": {
                "type": "Point",
                "coordinates": [
                    -92.23503509999988,
                    47.209049000008996
                ]
            }
        },
        {
            "type": "Feature",
            "properties": {
                "Name": "BUJARSKI LISA",
                "Address": "8976 JENKINS RD",
                "Phone": "2189695358",
                "Phase": "A",
                "Substation": "COTTON",
                "Map_location": "313001810",
                "PARCEL_NUMBER": "305001002975.0"
            },
            "geometry": {
                "type": "Point",
                "coordinates": [
                    -92.42937460999991,
                    47.162853500008936
                ]
            }
        },
        {
            "type": "Feature",
            "properties": {
                "Name": "MUHAWESH MARGARET M",
                "Address": "8981 JENKINS RD",
                "Phone": "6127023444",
                "Phase": "A",
                "Substation": "COTTON",
                "Map_location": "312031302",
                "PARCEL_NUMBER": "545001000630.0"
            },
            "geometry": {
                "type": "Point",
                "coordinates": [
                    -92.43039518999991,
                    47.16266931000893
                ]
            }
        },
        {
            "type": "Feature",
            "properties": {
                "Name": "MUHAWESH MARGARET M",
                "Address": "8981 JENKINS RD",
                "Phone": "6127023444",
                "Phase": "A",
                "Substation": "COTTON",
                "Map_location": "312031302",
                "PARCEL_NUMBER": "545001000600.0"
            },
            "geometry": {
                "type": "Point",
                "coordinates": [
                    -92.43039518999991,
                    47.16266931000893
                ]
            }
        },
        {
            "type": "Feature",
            "properties": {
                "Name": "MUHAWESH MARGARET M",
                "Address": "8981 JENKINS RD",
                "Phone": "6127023444",
                "Phase": "A",
                "Substation": "COTTON",
                "Map_location": "312031302",
                "PARCEL_NUMBER": "545001000640.0"
            },
            "geometry": {
                "type": "Point",
                "coordinates": [
                    -92.43039518999991,
                    47.16266931000893
                ]
            }
        },
        {
            "type": "Feature",
            "properties": {
                "Name": "MUHAWESH MARGARET M",
                "Address": "8981 JENKINS RD",
                "Phone": "6127023444",
                "Phase": "A",
                "Substation": "COTTON",
                "Map_location": "312031302",
                "PARCEL_NUMBER": "545001000800.0"
            },
            "geometry": {
                "type": "Point",
                "coordinates": [
                    -92.43039518999991,
                    47.16266931000893
                ]
            }
        },
        {
            "type": "Feature",
            "properties": {
                "Name": "MUHAWESH MARGARET M",
                "Address": "8981 JENKINS RD",
                "Phone": "6127023444",
                "Phase": "A",
                "Substation": "COTTON",
                "Map_location": "312031302",
                "PARCEL_NUMBER": "545001000590.0"
            },
            "geometry": {
                "type": "Point",
                "coordinates": [
                    -92.43039518999991,
                    47.16266931000893
                ]
            }
        },
        {
            "type": "Feature",
            "properties": {
                "Name": "PRESTON PAUL E",
                "Address": "7124 BUG CREEK RD",
                "Phone": "2187240904",
                "Phase": "C",
                "Substation": "COTTON",
                "Map_location": "312031309",
                "PARCEL_NUMBER": null
            },
            "geometry": {
                "type": "Point",
                "coordinates": [
                    -92.43337251999992,
                    47.16152662000894
                ]
            }
        },
        {
            "type": "Feature",
            "properties": {
                "Name": "PETERSON LARRY E",
                "Address": "7177 BUG CREEK RD",
                "Phone": "2182164413",
                "Phase": "C",
                "Substation": "COTTON",
                "Map_location": "312031306",
                "PARCEL_NUMBER": null
            },
            "geometry": {
                "type": "Point",
                "coordinates": [
                    -92.44048079999992,
                    47.16242960000895
                ]
            }
        },
        {
            "type": "Feature",
            "properties": {
                "Name": "HARREN JOSH J",
                "Address": "7218 BUG CREEK RD",
                "Phone": "3205104160",
                "Phase": "C",
                "Substation": "COTTON",
                "Map_location": "312031311",
                "PARCEL_NUMBER": null
            },
            "geometry": {
                "type": "Point",
                "coordinates": [
                    -92.4392354092084,
                    47.15723709755383
                ]
            }
        },
        {
            "type": "Feature",
            "properties": {
                "Name": "HARREN JOSH J",
                "Address": "7218 BUG CREEK RD",
                "Phone": "3205104160",
                "Phase": "C",
                "Substation": "COTTON",
                "Map_location": "312031310",
                "PARCEL_NUMBER": null
            },
            "geometry": {
                "type": "Point",
                "coordinates": [
                    -92.44156490999991,
                    47.15554301000892
                ]
            }
        },
        {
            "type": "Feature",
            "properties": {
                "Name": "CAREY BENJAMIN A",
                "Address": "7181 BUG CREEK RD",
                "Phone": "2182351875",
                "Phase": "C",
                "Substation": "COTTON",
                "Map_location": "312031307",
                "PARCEL_NUMBER": "305002002231.0"
            },
            "geometry": {
                "type": "Point",
                "coordinates": [
                    -92.44091889999991,
                    47.16335230000896
                ]
            }
        },
        {
            "type": "Feature",
            "properties": {
                "Name": "CAREY BENJAMIN A",
                "Address": "7181 BUG CREEK RD",
                "Phone": "2182351875",
                "Phase": "C",
                "Substation": "COTTON",
                "Map_location": "312031307",
                "PARCEL_NUMBER": "305002002230.0"
            },
            "geometry": {
                "type": "Point",
                "coordinates": [
                    -92.44091889999991,
                    47.16335230000896
                ]
            }
        },
        {
            "type": "Feature",
            "properties": {
                "Name": "PETERSON JUSTUS W",
                "Address": "7155 BUG CREEK RD",
                "Phone": "2185908830",
                "Phase": "C",
                "Substation": "COTTON",
                "Map_location": "312031312",
                "PARCEL_NUMBER": "305002002190.0"
            },
            "geometry": {
                "type": "Point",
                "coordinates": [
                    -92.4381572999999,
                    47.16263090000893
                ]
            }
        },
        {
            "type": "Feature",
            "properties": {
                "Name": "PETERSON JUSTUS W",
                "Address": "7155 BUG CREEK RD",
                "Phone": "2185908830",
                "Phase": "C",
                "Substation": "COTTON",
                "Map_location": "312031312",
                "PARCEL_NUMBER": "305002002321.0"
            },
            "geometry": {
                "type": "Point",
                "coordinates": [
                    -92.4381572999999,
                    47.16263090000893
                ]
            }
        },
        {
            "type": "Feature",
            "properties": {
                "Name": "PRESTON BRYAN E",
                "Address": "7065 BUG CREEK RD",
                "Phone": "2185918835",
                "Phase": "A",
                "Substation": "COTTON",
                "Map_location": "313001813",
                "PARCEL_NUMBER": "305002001330.0"
            },
            "geometry": {
                "type": "Point",
                "coordinates": [
                    -92.42601446999991,
                    47.162112630008934
                ]
            }
        },
        {
            "type": "Feature",
            "properties": {
                "Name": "PRESTON BRYAN E",
                "Address": "7065 BUG CREEK RD",
                "Phone": "2185918835",
                "Phase": "A",
                "Substation": "COTTON",
                "Map_location": "313001813",
                "PARCEL_NUMBER": "305002001334.0"
            },
            "geometry": {
                "type": "Point",
                "coordinates": [
                    -92.42601446999991,
                    47.162112630008934
                ]
            }
        },
        {
            "type": "Feature",
            "properties": {
                "Name": "PRESTON BRYAN E",
                "Address": "7065 BUG CREEK RD",
                "Phone": "2185918835",
                "Phase": "A",
                "Substation": "COTTON",
                "Map_location": "313001813",
                "PARCEL_NUMBER": "305002500060.0"
            },
            "geometry": {
                "type": "Point",
                "coordinates": [
                    -92.42601446999991,
                    47.162112630008934
                ]
            }
        },
        {
            "type": "Feature",
            "properties": {
                "Name": "PRESTON CHARLES O",
                "Address": "7088 BUG CREEK RD",
                "Phone": "2184823475",
                "Phase": "C",
                "Substation": "COTTON",
                "Map_location": "313001803",
                "PARCEL_NUMBER": null
            },
            "geometry": {
                "type": "Point",
                "coordinates": [
                    -92.42696832999991,
                    47.16016237000894
                ]
            }
        },
        {
            "type": "Feature",
            "properties": {
                "Name": "LORENTZSON RODNEY ALLEN",
                "Address": "7033 BUG CREEK RD",
                "Phone": "2183911493",
                "Phase": "A",
                "Substation": "COTTON",
                "Map_location": "313001806",
                "PARCEL_NUMBER": "305001002890.0"
            },
            "geometry": {
                "type": "Point",
                "coordinates": [
                    -92.4229964999999,
                    47.16263880000895
                ]
            }
        },
        {
            "type": "Feature",
            "properties": {
                "Name": "LORENTZSON RODNEY ALLEN",
                "Address": "7033 BUG CREEK RD",
                "Phone": "2183911493",
                "Phase": "A",
                "Substation": "COTTON",
                "Map_location": "313001806",
                "PARCEL_NUMBER": "305001002980.0"
            },
            "geometry": {
                "type": "Point",
                "coordinates": [
                    -92.4229964999999,
                    47.16263880000895
                ]
            }
        },
        {
            "type": "Feature",
            "properties": {
                "Name": "LORENTZSON RODNEY ALLEN",
                "Address": "7033 BUG CREEK RD",
                "Phone": "2183911493",
                "Phase": "A",
                "Substation": "COTTON",
                "Map_location": "313001806",
                "PARCEL_NUMBER": "305001001180.0"
            },
            "geometry": {
                "type": "Point",
                "coordinates": [
                    -92.4229964999999,
                    47.16263880000895
                ]
            }
        },
        {
            "type": "Feature",
            "properties": {
                "Name": "HUNT SHARON C",
                "Address": "6992 BUG CREEK RD",
                "Phone": "2184615595",
                "Phase": "C",
                "Substation": "COTTON",
                "Map_location": "313001808",
                "PARCEL_NUMBER": null
            },
            "geometry": {
                "type": "Point",
                "coordinates": [
                    -92.4184713999999,
                    47.161710100008946
                ]
            }
        },
        {
            "type": "Feature",
            "properties": {
                "Name": "SMITH LARRY",
                "Address": "7036 BUG CREEK RD",
                "Phone": "2183918643",
                "Phase": "C",
                "Substation": "COTTON",
                "Map_location": "313001804",
                "PARCEL_NUMBER": null
            },
            "geometry": {
                "type": "Point",
                "coordinates": [
                    -92.42321893999991,
                    47.16145495000894
                ]
            }
        },
        {
            "type": "Feature",
            "properties": {
                "Name": "JOHNSTON MARK A",
                "Address": "7006 BUG CREEK RD",
                "Phone": "2183911844",
                "Phase": "C",
                "Substation": "COTTON",
                "Map_location": "313001811",
                "PARCEL_NUMBER": "305001003046.0"
            },
            "geometry": {
                "type": "Point",
                "coordinates": [
                    -92.4169231999999,
                    47.15768480000892
                ]
            }
        },
        {
            "type": "Feature",
            "properties": {
                "Name": "HOROSHAK PATRICIA",
                "Address": "6839 BUG CREEK RD",
                "Phone": "9528311854",
                "Phase": "A",
                "Substation": "COTTON",
                "Map_location": "313001701",
                "PARCEL_NUMBER": "305001002800.0"
            },
            "geometry": {
                "type": "Point",
                "coordinates": [
                    -92.40346255890599,
                    47.162708913278685
                ]
            }
        },
        {
            "type": "Feature",
            "properties": {
                "Name": "DEDINA JAMES E",
                "Address": "8959 N STRAND LAKE",
                "Phone": "2183900918",
                "Phase": "C",
                "Substation": "COTTON",
                "Map_location": "313001809",
                "PARCEL_NUMBER": null
            },
            "geometry": {
                "type": "Point",
                "coordinates": [
                    -92.4124622999999,
                    47.15948080000894
                ]
            }
        },
        {
            "type": "Feature",
            "properties": {
                "Name": "KINSLEY CRAIG",
                "Address": "6844 BUG CREEK RD",
                "Phone": "2184825538",
                "Phase": "A",
                "Substation": "COTTON",
                "Map_location": "313001703",
                "PARCEL_NUMBER": null
            },
            "geometry": {
                "type": "Point",
                "coordinates": [
                    -92.4033128199999,
                    47.16096722000893
                ]
            }
        },
        {
            "type": "Feature",
            "properties": {
                "Name": "KINSLEY KATHERYNE",
                "Address": "6817 LILY LAKE RD",
                "Phone": "2184281161",
                "Phase": "A",
                "Substation": "COTTON",
                "Map_location": "313001704",
                "PARCEL_NUMBER": "305001002840.0"
            },
            "geometry": {
                "type": "Point",
                "coordinates": [
                    -92.3995486699999,
                    47.15526786000894
                ]
            }
        },
        {
            "type": "Feature",
            "properties": {
                "Name": "Customer not found in Customer Table \n(Check with Billing)",
                "Address": null,
                "Phone": null,
                "Phase": "A",
                "Substation": "COTTON",
                "Map_location": "313001705",
                "PARCEL_NUMBER": null
            },
            "geometry": {
                "type": "Point",
                "coordinates": [
                    -92.3985301699999,
                    47.15516820000893
                ]
            }
        },
        {
            "type": "Feature",
            "properties": {
                "Name": "HIGH RICHARD W",
                "Address": "8859 N STRAND LK RD",
                "Phone": "2182907781",
                "Phase": "C",
                "Substation": "COTTON",
                "Map_location": "313001901",
                "PARCEL_NUMBER": null
            },
            "geometry": {
                "type": "Point",
                "coordinates": [
                    -92.41035635350438,
                    47.15201256842277
                ]
            }
        },
        {
            "type": "Feature",
            "properties": {
                "Name": "HANDMAIDS OF THE HEART OF J",
                "Address": "8803 N STRAND LK RD",
                "Phone": "5072769128",
                "Phase": "C",
                "Substation": "COTTON",
                "Map_location": "313001904",
                "PARCEL_NUMBER": null
            },
            "geometry": {
                "type": "Point",
                "coordinates": [
                    -92.4102836999999,
                    47.14754840000893
                ]
            }
        },
        {
            "type": "Feature",
            "properties": {
                "Name": "HANDMAIDS OF THE HEART OF J",
                "Address": "8830 N STRAND LK RD",
                "Phone": "5072769128",
                "Phase": "C",
                "Substation": "COTTON",
                "Map_location": "313022003",
                "PARCEL_NUMBER": null
            },
            "geometry": {
                "type": "Point",
                "coordinates": [
                    -92.4061754999999,
                    47.14942210000893
                ]
            }
        },
        {
            "type": "Feature",
            "properties": {
                "Name": "HANDMAIDS OF THE HEART OF J",
                "Address": "8830 N STRAND LK RD",
                "Phone": "5072769128",
                "Phase": "C",
                "Substation": "COTTON",
                "Map_location": "313022019",
                "PARCEL_NUMBER": null
            },
            "geometry": {
                "type": "Point",
                "coordinates": [
                    -92.4049474999999,
                    47.14993040000892
                ]
            }
        },
        {
            "type": "Feature",
            "properties": {
                "Name": "KICK CALYSTA J",
                "Address": "8829 POSTAL BLVD",
                "Phone": "2189691479",
                "Phase": "C",
                "Substation": "COTTON",
                "Map_location": "313022005",
                "PARCEL_NUMBER": null
            },
            "geometry": {
                "type": "Point",
                "coordinates": [
                    -92.4034957999999,
                    47.15096490000894
                ]
            }
        },
        {
            "type": "Feature",
            "properties": {
                "Name": "VADNAIS DAVID A",
                "Address": "8809 POSTAL BLVD",
                "Phone": "2186242046",
                "Phase": "C",
                "Substation": "COTTON",
                "Map_location": "313022006",
                "PARCEL_NUMBER": "305005000090.0"
            },
            "geometry": {
                "type": "Point",
                "coordinates": [
                    -92.4016494499999,
                    47.151482040008915
                ]
            }
        },
        {
            "type": "Feature",
            "properties": {
                "Name": "ANDERSON RICHARD WAYNE",
                "Address": "8799 POSTAL BLVD",
                "Phone": "2184823441",
                "Phase": "C",
                "Substation": "COTTON",
                "Map_location": "313022011",
                "PARCEL_NUMBER": null
            },
            "geometry": {
                "type": "Point",
                "coordinates": [
                    -92.4005523599999,
                    47.15160867000893
                ]
            }
        },
        {
            "type": "Feature",
            "properties": {
                "Name": "OLSON KEVIN N",
                "Address": "8757 POSTAL BLVD",
                "Phone": "2185903100",
                "Phase": "C",
                "Substation": "COTTON",
                "Map_location": "313022033",
                "PARCEL_NUMBER": "305005000130.0"
            },
            "geometry": {
                "type": "Point",
                "coordinates": [
                    -92.3997609799999,
                    47.14986542000893
                ]
            }
        },
        {
            "type": "Feature",
            "properties": {
                "Name": "JACKMAN JASON",
                "Address": "8749 POSTAL BLVD",
                "Phone": "7153923206",
                "Phase": "C",
                "Substation": "COTTON",
                "Map_location": "313022007",
                "PARCEL_NUMBER": null
            },
            "geometry": {
                "type": "Point",
                "coordinates": [
                    -92.39966414999991,
                    47.14942206000892
                ]
            }
        },
        {
            "type": "Feature",
            "properties": {
                "Name": "TEMPLER TROY WARREN",
                "Address": "6708 REINKE RD",
                "Phone": "2185900309",
                "Phase": "C",
                "Substation": "COTTON",
                "Map_location": "313022017",
                "PARCEL_NUMBER": null
            },
            "geometry": {
                "type": "Point",
                "coordinates": [
                    -92.3987188999999,
                    47.148723440008915
                ]
            }
        },
        {
            "type": "Feature",
            "properties": {
                "Name": "HEIKKILA JACKIE J",
                "Address": "6762 REINKE RD",
                "Phone": "2183916889",
                "Phase": "C",
                "Substation": "COTTON",
                "Map_location": "313022018",
                "PARCEL_NUMBER": null
            },
            "geometry": {
                "type": "Point",
                "coordinates": [
                    -92.3976624799999,
                    47.14858905000893
                ]
            }
        },
        {
            "type": "Feature",
            "properties": {
                "Name": "STEPAN SEAN",
                "Address": "8731 POSTAL BLVD",
                "Phone": "2184281514",
                "Phase": "C",
                "Substation": "COTTON",
                "Map_location": "313022010",
                "PARCEL_NUMBER": null
            },
            "geometry": {
                "type": "Point",
                "coordinates": [
                    -92.3989369999999,
                    47.14790795000891
                ]
            }
        },
        {
            "type": "Feature",
            "properties": {
                "Name": "SWANSON BYRON F",
                "Address": "8735 POSTAL BLVD",
                "Phone": "2187281705",
                "Phase": "C",
                "Substation": "COTTON",
                "Map_location": "313022009",
                "PARCEL_NUMBER": null
            },
            "geometry": {
                "type": "Point",
                "coordinates": [
                    -92.3995219405608,
                    47.148010488771575
                ]
            }
        },
        {
            "type": "Feature",
            "properties": {
                "Name": "KELLNER HARRIET M",
                "Address": "6700 LILY LAKE RD",
                "Phone": "2182603614",
                "Phase": "A",
                "Substation": "COTTON",
                "Map_location": "313022001",
                "PARCEL_NUMBER": null
            },
            "geometry": {
                "type": "Point",
                "coordinates": [
                    -92.3901506799999,
                    47.149584450008916
                ]
            }
        },
        {
            "type": "Feature",
            "properties": {
                "Name": "KNEELAND JAMES G",
                "Address": "6705 LILY LK RD",
                "Phone": "2184823648",
                "Phase": "A",
                "Substation": "COTTON",
                "Map_location": "313022004",
                "PARCEL_NUMBER": null
            },
            "geometry": {
                "type": "Point",
                "coordinates": [
                    -92.3942683999999,
                    47.14774500000892
                ]
            }
        },
        {
            "type": "Feature",
            "properties": {
                "Name": "DEHKES STEPHANIE L",
                "Address": "6737 REINKE RD",
                "Phone": "2184094396",
                "Phase": "A",
                "Substation": "COTTON",
                "Map_location": "313022022",
                "PARCEL_NUMBER": "305004300010.0"
            },
            "geometry": {
                "type": "Point",
                "coordinates": [
                    -92.3944371699999,
                    47.15001555000893
                ]
            }
        },
        {
            "type": "Feature",
            "properties": {
                "Name": "DEHKES STEPHANIE L",
                "Address": "6737 REINKE RD",
                "Phone": "2184094396",
                "Phase": "A",
                "Substation": "COTTON",
                "Map_location": "313022022",
                "PARCEL_NUMBER": "305004300020.0"
            },
            "geometry": {
                "type": "Point",
                "coordinates": [
                    -92.3944371699999,
                    47.15001555000893
                ]
            }
        },
        {
            "type": "Feature",
            "properties": {
                "Name": "MEVISSEN DIANE T",
                "Address": "6751 REINKE ROAD",
                "Phone": "2184825227",
                "Phase": "A",
                "Substation": "COTTON",
                "Map_location": "313022027",
                "PARCEL_NUMBER": null
            },
            "geometry": {
                "type": "Point",
                "coordinates": [
                    -92.3961969499999,
                    47.14992135000893
                ]
            }
        },
        {
            "type": "Feature",
            "properties": {
                "Name": "Customer not found in Customer Table \n(Check with Billing)",
                "Address": null,
                "Phone": null,
                "Phase": "C",
                "Substation": "COTTON",
                "Map_location": "311001601",
                "PARCEL_NUMBER": null
            },
            "geometry": {
                "type": "Point",
                "coordinates": [
                    -92.62390725062306,
                    47.16804592771543
                ]
            }
        },
        {
            "type": "Feature",
            "properties": {
                "Name": "SIMEK ROBERT",
                "Address": "9297 OAK RD",
                "Phone": "2184272776",
                "Phase": "C",
                "Substation": "COTTON",
                "Map_location": "311001705",
                "PARCEL_NUMBER": null
            },
            "geometry": {
                "type": "Point",
                "coordinates": [
                    -92.6627537102048,
                    47.154867245052856
                ]
            }
        },
        {
            "type": "Feature",
            "properties": {
                "Name": "Customer not found in Customer Table \n(Check with Billing)",
                "Address": null,
                "Phone": null,
                "Phase": "C",
                "Substation": "COTTON",
                "Map_location": "311002003",
                "PARCEL_NUMBER": null
            },
            "geometry": {
                "type": "Point",
                "coordinates": [
                    -92.65310000999995,
                    47.14426878000893
                ]
            }
        },
        {
            "type": "Feature",
            "properties": {
                "Name": "Customer not found in Customer Table \n(Check with Billing)",
                "Address": null,
                "Phone": null,
                "Phase": "C",
                "Substation": "COTTON",
                "Map_location": "311002903",
                "PARCEL_NUMBER": null
            },
            "geometry": {
                "type": "Point",
                "coordinates": [
                    -92.65375660264776,
                    47.13575640609478
                ]
            }
        },
        {
            "type": "Feature",
            "properties": {
                "Name": "SWADER MARK",
                "Address": "9165 HWY 29",
                "Phone": "2189693166",
                "Phase": "C",
                "Substation": "COTTON",
                "Map_location": "311002005",
                "PARCEL_NUMBER": null
            },
            "geometry": {
                "type": "Point",
                "coordinates": [
                    -92.64870687999995,
                    47.138951770008894
                ]
            }
        },
        {
            "type": "Feature",
            "properties": {
                "Name": "Customer not found in Customer Table \n(Check with Billing)",
                "Address": null,
                "Phone": null,
                "Phase": "C",
                "Substation": "COTTON",
                "Map_location": "311000602",
                "PARCEL_NUMBER": null
            },
            "geometry": {
                "type": "Point",
                "coordinates": [
                    -92.66974349334875,
                    47.18836383369816
                ]
            }
        },
        {
            "type": "Feature",
            "properties": {
                "Name": "Customer not found in Customer Table \n(Check with Billing)",
                "Address": null,
                "Phone": null,
                "Phase": "A",
                "Substation": "COTTON",
                "Map_location": "312011108",
                "PARCEL_NUMBER": null
            },
            "geometry": {
                "type": "Point",
                "coordinates": [
                    -92.4654890140353,
                    47.170159081919515
                ]
            }
        },
        {
            "type": "Feature",
            "properties": {
                "Name": "OLSEN DENNIS J",
                "Address": "COMSTOCK LK RD",
                "Phone": "2183109290",
                "Phase": "A",
                "Substation": "COTTON",
                "Map_location": "312011107",
                "PARCEL_NUMBER": null
            },
            "geometry": {
                "type": "Point",
                "coordinates": [
                    -92.46188029999992,
                    47.17098330000896
                ]
            }
        },
        {
            "type": "Feature",
            "properties": {
                "Name": "Customer not found in Customer Table \n(Check with Billing)",
                "Address": null,
                "Phone": null,
                "Phase": "A",
                "Substation": "COTTON",
                "Map_location": "312011209",
                "PARCEL_NUMBER": null
            },
            "geometry": {
                "type": "Point",
                "coordinates": [
                    -92.44079165474557,
                    47.16947819731507
                ]
            }
        },
        {
            "type": "Feature",
            "properties": {
                "Name": "WEBBER TODD WILLIAM",
                "Address": "7197 COMSTOCK LAKE RD",
                "Phone": null,
                "Phase": "A",
                "Substation": "COTTON",
                "Map_location": "312011210",
                "PARCEL_NUMBER": null
            },
            "geometry": {
                "type": "Point",
                "coordinates": [
                    -92.43949944063627,
                    47.16946035554406
                ]
            }
        },
        {
            "type": "Feature",
            "properties": {
                "Name": "MILLER AUSTIN E",
                "Address": "6977 COMSTOCK LK RD",
                "Phone": "2189699206",
                "Phase": "A",
                "Substation": "COTTON",
                "Map_location": "313000711",
                "PARCEL_NUMBER": null
            },
            "geometry": {
                "type": "Point",
                "coordinates": [
                    -92.4162728999999,
                    47.173466300008954
                ]
            }
        },
        {
            "type": "Feature",
            "properties": {
                "Name": "Customer not found in Customer Table \n(Check with Billing)",
                "Address": null,
                "Phone": null,
                "Phase": "A",
                "Substation": "COTTON",
                "Map_location": "313000708",
                "PARCEL_NUMBER": null
            },
            "geometry": {
                "type": "Point",
                "coordinates": [
                    -92.4172286799999,
                    47.18257518000896
                ]
            }
        },
        {
            "type": "Feature",
            "properties": {
                "Name": "Customer not found in Customer Table \n(Check with Billing)",
                "Address": null,
                "Phone": null,
                "Phase": "A",
                "Substation": "COTTON",
                "Map_location": "292022916",
                "PARCEL_NUMBER": null
            },
            "geometry": {
                "type": "Point",
                "coordinates": [
                    -92.4087071099999,
                    47.21556135000899
                ]
            }
        },
        {
            "type": "Feature",
            "properties": {
                "Name": "Customer not found in Customer Table \n(Check with Billing)",
                "Address": null,
                "Phone": null,
                "Phase": "A",
                "Substation": "COTTON",
                "Map_location": "292022049",
                "PARCEL_NUMBER": null
            },
            "geometry": {
                "type": "Point",
                "coordinates": [
                    -92.40557424613556,
                    47.228034634379654
                ]
            }
        },
        {
            "type": "Feature",
            "properties": {
                "Name": "Customer not found in Customer Table \n(Check with Billing)",
                "Address": null,
                "Phone": null,
                "Phase": "A",
                "Substation": "COTTON",
                "Map_location": "292022026",
                "PARCEL_NUMBER": null
            },
            "geometry": {
                "type": "Point",
                "coordinates": [
                    -92.39892126346857,
                    47.23504381575876
                ]
            }
        },
        {
            "type": "Feature",
            "properties": {
                "Name": "A 1 SERVICES",
                "Address": "6709 ARIZONA RD",
                "Phone": "2187508185",
                "Phase": "A",
                "Substation": "COTTON",
                "Map_location": "292032801",
                "PARCEL_NUMBER": null
            },
            "geometry": {
                "type": "Point",
                "coordinates": [
                    -92.3878160499999,
                    47.227118310009
                ]
            }
        },
        {
            "type": "Feature",
            "properties": {
                "Name": "Customer not found in Customer Table \n(Check with Billing)",
                "Address": null,
                "Phone": null,
                "Phase": "A",
                "Substation": "COTTON",
                "Map_location": "292022939",
                "PARCEL_NUMBER": null
            },
            "geometry": {
                "type": "Point",
                "coordinates": [
                    -92.3888355866026,
                    47.22475240061042
                ]
            }
        },
        {
            "type": "Feature",
            "properties": {
                "Name": "BRYANT JOHN E",
                "Address": "6624 BERG LAKE RD",
                "Phone": null,
                "Phase": "A",
                "Substation": "COTTON",
                "Map_location": "292032804",
                "PARCEL_NUMBER": null
            },
            "geometry": {
                "type": "Point",
                "coordinates": [
                    -92.38090078966486,
                    47.21729403059059
                ]
            }
        },
        {
            "type": "Feature",
            "properties": {
                "Name": "Customer not found in Customer Table \n(Check with Billing)",
                "Address": null,
                "Phone": null,
                "Phase": "A",
                "Substation": "COTTON",
                "Map_location": "313000705",
                "PARCEL_NUMBER": null
            },
            "geometry": {
                "type": "Point",
                "coordinates": [
                    -92.41254710097655,
                    47.17408075965433
                ]
            }
        },
        {
            "type": "Feature",
            "properties": {
                "Name": "Customer not found in Customer Table \n(Check with Billing)",
                "Address": null,
                "Phone": null,
                "Phase": "C",
                "Substation": "COTTON",
                "Map_location": "313000404",
                "PARCEL_NUMBER": null
            },
            "geometry": {
                "type": "Point",
                "coordinates": [
                    -92.3692778499999,
                    47.18417368000895
                ]
            }
        },
        {
            "type": "Feature",
            "properties": {
                "Name": "Customer not found in Customer Table \n(Check with Billing)",
                "Address": null,
                "Phone": null,
                "Phase": "A",
                "Substation": "COTTON",
                "Map_location": "292043469",
                "PARCEL_NUMBER": null
            },
            "geometry": {
                "type": "Point",
                "coordinates": [
                    -92.36369521005433,
                    47.20225399658841
                ]
            }
        },
        {
            "type": "Feature",
            "properties": {
                "Name": "Customer not found in Customer Table \n(Check with Billing)",
                "Address": null,
                "Phone": null,
                "Phase": "A",
                "Substation": "COTTON",
                "Map_location": "292043439",
                "PARCEL_NUMBER": null
            },
            "geometry": {
                "type": "Point",
                "coordinates": [
                    -92.36337066999988,
                    47.201960890009
                ]
            }
        },
        {
            "type": "Feature",
            "properties": {
                "Name": "Customer not found in Customer Table \n(Check with Billing)",
                "Address": null,
                "Phone": null,
                "Phase": "A",
                "Substation": "COTTON",
                "Map_location": "292043441",
                "PARCEL_NUMBER": null
            },
            "geometry": {
                "type": "Point",
                "coordinates": [
                    -92.36240012999988,
                    47.20182567000898
                ]
            }
        },
        {
            "type": "Feature",
            "properties": {
                "Name": "Customer not found in Customer Table \n(Check with Billing)",
                "Address": null,
                "Phone": null,
                "Phase": "A",
                "Substation": "COTTON",
                "Map_location": "292003474",
                "PARCEL_NUMBER": null
            },
            "geometry": {
                "type": "Point",
                "coordinates": [
                    -92.36566087150463,
                    47.199032206406905
                ]
            }
        },
        {
            "type": "Feature",
            "properties": {
                "Name": "Customer not found in Customer Table \n(Check with Billing)",
                "Address": null,
                "Phone": null,
                "Phase": "A",
                "Substation": "COTTON",
                "Map_location": "292043473",
                "PARCEL_NUMBER": null
            },
            "geometry": {
                "type": "Point",
                "coordinates": [
                    -92.35846538403044,
                    47.20244291775756
                ]
            }
        },
        {
            "type": "Feature",
            "properties": {
                "Name": "PIERSON DAN",
                "Address": "1184 W MINK RD",
                "Phone": "4802351998",
                "Phase": "A",
                "Substation": "COTTON",
                "Map_location": "292043426",
                "PARCEL_NUMBER": null
            },
            "geometry": {
                "type": "Point",
                "coordinates": [
                    -92.36394477143175,
                    47.204618056730354
                ]
            }
        },
        {
            "type": "Feature",
            "properties": {
                "Name": "GEARNS JANE B",
                "Address": "1228 W MINK RD",
                "Phone": "2184105371",
                "Phase": "A",
                "Substation": "COTTON",
                "Map_location": "292043458",
                "PARCEL_NUMBER": null
            },
            "geometry": {
                "type": "Point",
                "coordinates": [
                    -92.36123476999988,
                    47.208051990008975
                ]
            }
        },
        {
            "type": "Feature",
            "properties": {
                "Name": "Customer not found in Customer Table \n(Check with Billing)",
                "Address": null,
                "Phone": null,
                "Phase": "A",
                "Substation": "COTTON",
                "Map_location": "292043406",
                "PARCEL_NUMBER": null
            },
            "geometry": {
                "type": "Point",
                "coordinates": [
                    -92.3600128117645,
                    47.210237743370904
                ]
            }
        },
        {
            "type": "Feature",
            "properties": {
                "Name": "LAURIE BRIAN",
                "Address": "1407 BLACKBURN DR",
                "Phone": "2184516155",
                "Phase": "A",
                "Substation": "COTTON",
                "Map_location": "292032820",
                "PARCEL_NUMBER": null
            },
            "geometry": {
                "type": "Point",
                "coordinates": [
                    -92.36668689999989,
                    47.21347970000898
                ]
            }
        },
        {
            "type": "Feature",
            "properties": {
                "Name": "Customer not found in Customer Table \n(Check with Billing)",
                "Address": null,
                "Phone": null,
                "Phase": "A",
                "Substation": "COTTON",
                "Map_location": "292043482",
                "PARCEL_NUMBER": null
            },
            "geometry": {
                "type": "Point",
                "coordinates": [
                    -92.34967280535471,
                    47.20831096673303
                ]
            }
        },
        {
            "type": "Feature",
            "properties": {
                "Name": "Customer not found in Customer Table \n(Check with Billing)",
                "Address": null,
                "Phone": null,
                "Phase": "A",
                "Substation": "COTTON",
                "Map_location": "292003451",
                "PARCEL_NUMBER": null
            },
            "geometry": {
                "type": "Point",
                "coordinates": [
                    -92.34600424691533,
                    47.20853866997265
                ]
            }
        },
        {
            "type": "Feature",
            "properties": {
                "Name": "KOWARSCH KEVIN JON",
                "Address": "PINEHURST RD",
                "Phone": "2183911101",
                "Phase": "B",
                "Substation": "COTTON",
                "Map_location": "292053566",
                "PARCEL_NUMBER": null
            },
            "geometry": {
                "type": "Point",
                "coordinates": [
                    -92.34176868999988,
                    47.201560970009005
                ]
            }
        },
        {
            "type": "Feature",
            "properties": {
                "Name": "Customer not found in Customer Table \n(Check with Billing)",
                "Address": null,
                "Phone": null,
                "Phase": "B",
                "Substation": "COTTON",
                "Map_location": "292053525",
                "PARCEL_NUMBER": null
            },
            "geometry": {
                "type": "Point",
                "coordinates": [
                    -92.34255503192917,
                    47.20300720864446
                ]
            }
        },
        {
            "type": "Feature",
            "properties": {
                "Name": "BACHKE CHRIS R",
                "Address": "6188 PINEHURST RD",
                "Phone": "2183918718",
                "Phase": "B",
                "Substation": "COTTON",
                "Map_location": "292053553",
                "PARCEL_NUMBER": null
            },
            "geometry": {
                "type": "Point",
                "coordinates": [
                    -92.33560586321742,
                    47.20359629675534
                ]
            }
        },
        {
            "type": "Feature",
            "properties": {
                "Name": "Customer not found in Customer Table \n(Check with Billing)",
                "Address": null,
                "Phone": null,
                "Phase": "B",
                "Substation": "COTTON",
                "Map_location": "292053526",
                "PARCEL_NUMBER": null
            },
            "geometry": {
                "type": "Point",
                "coordinates": [
                    -92.33554198640083,
                    47.203789561650424
                ]
            }
        },
        {
            "type": "Feature",
            "properties": {
                "Name": "Customer not found in Customer Table \n(Check with Billing)",
                "Address": null,
                "Phone": null,
                "Phase": "C",
                "Substation": "COTTON",
                "Map_location": "314000801",
                "PARCEL_NUMBER": null
            },
            "geometry": {
                "type": "Point",
                "coordinates": [
                    -92.25996030412227,
                    47.18276704378485
                ]
            }
        },
        {
            "type": "Feature",
            "properties": {
                "Name": "Customer not found in Customer Table \n(Check with Billing)",
                "Address": null,
                "Phone": null,
                "Phase": "C",
                "Substation": "COTTON",
                "Map_location": "293003401",
                "PARCEL_NUMBER": null
            },
            "geometry": {
                "type": "Point",
                "coordinates": [
                    -92.23444782708472,
                    47.19935648778704
                ]
            }
        },
        {
            "type": "Feature",
            "properties": {
                "Name": "Customer not found in Customer Table \n(Check with Billing)",
                "Address": null,
                "Phone": null,
                "Phase": "C",
                "Substation": "COTTON",
                "Map_location": "293042634",
                "PARCEL_NUMBER": null
            },
            "geometry": {
                "type": "Point",
                "coordinates": [
                    -92.21314826081662,
                    47.219999365426084
                ]
            }
        },
        {
            "type": "Feature",
            "properties": {
                "Name": "WALLIN JOSEPH A",
                "Address": "5122 N COMSTOCK LK RD",
                "Phone": "2184825201",
                "Phase": "C",
                "Substation": "COTTON",
                "Map_location": "293042770",
                "PARCEL_NUMBER": null
            },
            "geometry": {
                "type": "Point",
                "coordinates": [
                    -92.22317766491553,
                    47.22579110305498
                ]
            }
        },
        {
            "type": "Feature",
            "properties": {
                "Name": "Customer not found in Customer Table \n(Check with Billing)",
                "Address": null,
                "Phone": null,
                "Phase": "C",
                "Substation": "COTTON",
                "Map_location": "293042729",
                "PARCEL_NUMBER": null
            },
            "geometry": {
                "type": "Point",
                "coordinates": [
                    -92.22467596802981,
                    47.22423424681653
                ]
            }
        },
        {
            "type": "Feature",
            "properties": {
                "Name": "Customer not found in Customer Table \n(Check with Billing)",
                "Address": null,
                "Phone": null,
                "Phase": "C",
                "Substation": "COTTON",
                "Map_location": "293042765",
                "PARCEL_NUMBER": null
            },
            "geometry": {
                "type": "Point",
                "coordinates": [
                    -92.22579932057795,
                    47.22392483037535
                ]
            }
        },
        {
            "type": "Feature",
            "properties": {
                "Name": "Customer not found in Customer Table \n(Check with Billing)",
                "Address": null,
                "Phone": null,
                "Phase": "A",
                "Substation": "COTTON",
                "Map_location": "313001801",
                "PARCEL_NUMBER": null
            },
            "geometry": {
                "type": "Point",
                "coordinates": [
                    -92.42248802999991,
                    47.16607128000895
                ]
            }
        },
        {
            "type": "Feature",
            "properties": {
                "Name": "HUNT JORDAN CHRISTINE",
                "Address": "6973 BUG CREEK RD",
                "Phone": "2184106857",
                "Phase": "C",
                "Substation": "COTTON",
                "Map_location": "313001802",
                "PARCEL_NUMBER": null
            },
            "geometry": {
                "type": "Point",
                "coordinates": [
                    -92.4169059799999,
                    47.162573050008945
                ]
            }
        },
        {
            "type": "Feature",
            "properties": {
                "Name": "HANSON JOSEPH D",
                "Address": "8741 POSTAL BLVD",
                "Phone": "2189404141",
                "Phase": "C",
                "Substation": "COTTON",
                "Map_location": "313022008",
                "PARCEL_NUMBER": null
            },
            "geometry": {
                "type": "Point",
                "coordinates": [
                    -92.3995296799999,
                    47.14883894000892
                ]
            }
        },
        {
            "type": "Feature",
            "properties": {
                "Name": "MILLER DAVID R",
                "Address": "6746 REINKE RD",
                "Phone": "2184823390",
                "Phase": "A",
                "Substation": "COTTON",
                "Map_location": "313022024",
                "PARCEL_NUMBER": null
            },
            "geometry": {
                "type": "Point",
                "coordinates": [
                    -92.3962210999999,
                    47.148217600008934
                ]
            }
        },
        {
            "type": "Feature",
            "properties": {
                "Name": "MANGAN JASON",
                "Address": "8761 S STRAND LK RD",
                "Phone": "2182065535",
                "Phase": "C",
                "Substation": "COTTON",
                "Map_location": "313022012",
                "PARCEL_NUMBER": null
            },
            "geometry": {
                "type": "Point",
                "coordinates": [
                    -92.4035840599999,
                    47.143908170008935
                ]
            }
        },
        {
            "type": "Feature",
            "properties": {
                "Name": "PERKINS MARY S",
                "Address": "8756 S STRAND LAKE RD",
                "Phone": "2185913736",
                "Phase": "C",
                "Substation": "COTTON",
                "Map_location": "313022023",
                "PARCEL_NUMBER": null
            },
            "geometry": {
                "type": "Point",
                "coordinates": [
                    -92.4044353499999,
                    47.14344804000893
                ]
            }
        },
        {
            "type": "Feature",
            "properties": {
                "Name": "KOLASINSKI CHARLES",
                "Address": "8749 STRAND LAKE RD",
                "Phone": "2187228479",
                "Phase": "C",
                "Substation": "COTTON",
                "Map_location": "313022013",
                "PARCEL_NUMBER": null
            },
            "geometry": {
                "type": "Point",
                "coordinates": [
                    -92.4049488799999,
                    47.14385646000891
                ]
            }
        },
        {
            "type": "Feature",
            "properties": {
                "Name": "MAGNEY MARK J",
                "Address": "8745 S STRAND LK RD",
                "Phone": "7757475436",
                "Phase": "C",
                "Substation": "COTTON",
                "Map_location": "313022014",
                "PARCEL_NUMBER": null
            },
            "geometry": {
                "type": "Point",
                "coordinates": [
                    -92.4059107999999,
                    47.14375464000892
                ]
            }
        },
        {
            "type": "Feature",
            "properties": {
                "Name": "BURHO JAMES FARRELL",
                "Address": "8739 S STRAND LK RD",
                "Phone": "8508671837",
                "Phase": "C",
                "Substation": "COTTON",
                "Map_location": "313022015",
                "PARCEL_NUMBER": null
            },
            "geometry": {
                "type": "Point",
                "coordinates": [
                    -92.4064064199999,
                    47.14372498000892
                ]
            }
        },
        {
            "type": "Feature",
            "properties": {
                "Name": "ROSENTHAL LOIS M",
                "Address": "8737 S STRAND LK RD",
                "Phone": "7634478658",
                "Phase": "C",
                "Substation": "COTTON",
                "Map_location": "313022021",
                "PARCEL_NUMBER": null
            },
            "geometry": {
                "type": "Point",
                "coordinates": [
                    -92.4068793399999,
                    47.14360063000891
                ]
            }
        },
        {
            "type": "Feature",
            "properties": {
                "Name": "MAGNEY DOUGLAS F",
                "Address": "8701 S STRAND LK RD",
                "Phone": "6517695367",
                "Phase": "C",
                "Substation": "COTTON",
                "Map_location": "313022026",
                "PARCEL_NUMBER": null
            },
            "geometry": {
                "type": "Point",
                "coordinates": [
                    -92.4081224999999,
                    47.14220980000893
                ]
            }
        },
        {
            "type": "Feature",
            "properties": {
                "Name": "KIEFFABER ANN",
                "Address": "8699 S STRAND LAKE RD",
                "Phone": "2035246453",
                "Phase": "C",
                "Substation": "COTTON",
                "Map_location": "313022030",
                "PARCEL_NUMBER": null
            },
            "geometry": {
                "type": "Point",
                "coordinates": [
                    -92.4066725999999,
                    47.141130800008916
                ]
            }
        },
        {
            "type": "Feature",
            "properties": {
                "Name": "PETERSON CHRISTIAN M",
                "Address": "8718 S STRAND LK RD",
                "Phone": "2185257694",
                "Phase": "C",
                "Substation": "COTTON",
                "Map_location": "313022002",
                "PARCEL_NUMBER": null
            },
            "geometry": {
                "type": "Point",
                "coordinates": [
                    -92.40044313351717,
                    47.140984314102006
                ]
            }
        },
        {
            "type": "Feature",
            "properties": {
                "Name": "MURPHY BRIAN J",
                "Address": "8705 S STRAND LAKE RD",
                "Phone": "2183939253",
                "Phase": "C",
                "Substation": "COTTON",
                "Map_location": "313022016",
                "PARCEL_NUMBER": null
            },
            "geometry": {
                "type": "Point",
                "coordinates": [
                    -92.4078761999999,
                    47.142812060008914
                ]
            }
        },
        {
            "type": "Feature",
            "properties": {
                "Name": "MAGNEY LUCIA K",
                "Address": "8697 STRAND LK RD",
                "Phone": "6122191707",
                "Phase": "C",
                "Substation": "COTTON",
                "Map_location": "313022032",
                "PARCEL_NUMBER": null
            },
            "geometry": {
                "type": "Point",
                "coordinates": [
                    -92.4081976999999,
                    47.14035010000892
                ]
            }
        },
        {
            "type": "Feature",
            "properties": {
                "Name": "ZORN FRED",
                "Address": "8672 EVERGREEN LANE",
                "Phone": "2185910978",
                "Phase": "C",
                "Substation": "COTTON",
                "Map_location": "313043028",
                "PARCEL_NUMBER": "305002800280.0"
            },
            "geometry": {
                "type": "Point",
                "coordinates": [
                    -92.41903409999992,
                    47.13645969000891
                ]
            }
        },
        {
            "type": "Feature",
            "properties": {
                "Name": "ZORN FRED",
                "Address": "8672 EVERGREEN LANE",
                "Phone": "2185910978",
                "Phase": "C",
                "Substation": "COTTON",
                "Map_location": "313043028",
                "PARCEL_NUMBER": "305002800300.0"
            },
            "geometry": {
                "type": "Point",
                "coordinates": [
                    -92.41903409999992,
                    47.13645969000891
                ]
            }
        },
        {
            "type": "Feature",
            "properties": {
                "Name": "ZORN FRED",
                "Address": "8672 EVERGREEN LANE",
                "Phone": "2185910978",
                "Phase": "C",
                "Substation": "COTTON",
                "Map_location": "313043028",
                "PARCEL_NUMBER": "305002800290.0"
            },
            "geometry": {
                "type": "Point",
                "coordinates": [
                    -92.41903409999992,
                    47.13645969000891
                ]
            }
        },
        {
            "type": "Feature",
            "properties": {
                "Name": "FLECK BYRON K",
                "Address": "8664 EVERGREEN LN",
                "Phone": "2184823284",
                "Phase": "C",
                "Substation": "COTTON",
                "Map_location": "313043027",
                "PARCEL_NUMBER": null
            },
            "geometry": {
                "type": "Point",
                "coordinates": [
                    -92.41826703999992,
                    47.13641346000891
                ]
            }
        },
        {
            "type": "Feature",
            "properties": {
                "Name": "OPACICH JEFFREY",
                "Address": "8656 EVERGREEN LANE",
                "Phone": "2187303394",
                "Phase": "C",
                "Substation": "COTTON",
                "Map_location": "313043029",
                "PARCEL_NUMBER": null
            },
            "geometry": {
                "type": "Point",
                "coordinates": [
                    -92.4179251399999,
                    47.13621730000891
                ]
            }
        },
        {
            "type": "Feature",
            "properties": {
                "Name": "HADY JEFFERY F",
                "Address": "8629 S STRAND LK RD",
                "Phone": "2183938649",
                "Phase": "C",
                "Substation": "COTTON",
                "Map_location": "313043021",
                "PARCEL_NUMBER": null
            },
            "geometry": {
                "type": "Point",
                "coordinates": [
                    -92.4158608899999,
                    47.1369029200089
                ]
            }
        },
        {
            "type": "Feature",
            "properties": {
                "Name": "LIVINGSTON PETER W",
                "Address": "8631 S STRAND LK RD",
                "Phone": "8588299814",
                "Phase": "C",
                "Substation": "COTTON",
                "Map_location": "313043020",
                "PARCEL_NUMBER": null
            },
            "geometry": {
                "type": "Point",
                "coordinates": [
                    -92.4154943999999,
                    47.13695800000892
                ]
            }
        },
        {
            "type": "Feature",
            "properties": {
                "Name": "PETERSEN MARK LEROY",
                "Address": "8635 S STRAND LK RD",
                "Phone": "2184829911",
                "Phase": "C",
                "Substation": "COTTON",
                "Map_location": "313043019",
                "PARCEL_NUMBER": null
            },
            "geometry": {
                "type": "Point",
                "coordinates": [
                    -92.41494586999991,
                    47.13724997000892
                ]
            }
        },
        {
            "type": "Feature",
            "properties": {
                "Name": "TREHER ELIZABETH NOAH",
                "Address": "8639 S STRAND LK RD",
                "Phone": "2155343363",
                "Phase": "C",
                "Substation": "COTTON",
                "Map_location": "313043017",
                "PARCEL_NUMBER": null
            },
            "geometry": {
                "type": "Point",
                "coordinates": [
                    -92.4147499699999,
                    47.137274950008894
                ]
            }
        },
        {
            "type": "Feature",
            "properties": {
                "Name": "TANTTARI JEFF",
                "Address": "8651 S STRAND LK RD",
                "Phone": "2184823273",
                "Phase": "C",
                "Substation": "COTTON",
                "Map_location": "313043014",
                "PARCEL_NUMBER": null
            },
            "geometry": {
                "type": "Point",
                "coordinates": [
                    -92.4133406699999,
                    47.1375486600089
                ]
            }
        },
        {
            "type": "Feature",
            "properties": {
                "Name": "WARREN GEORGE STEVEN",
                "Address": "8645 S STRAND LK RD",
                "Phone": "2184823695",
                "Phase": "C",
                "Substation": "COTTON",
                "Map_location": "313043015",
                "PARCEL_NUMBER": null
            },
            "geometry": {
                "type": "Point",
                "coordinates": [
                    -92.4136765999999,
                    47.13755615000891
                ]
            }
        },
        {
            "type": "Feature",
            "properties": {
                "Name": "ZUCK MELISSA A",
                "Address": "8653 S STRAND LK RD",
                "Phone": "2185915573",
                "Phase": "C",
                "Substation": "COTTON",
                "Map_location": "313043013",
                "PARCEL_NUMBER": null
            },
            "geometry": {
                "type": "Point",
                "coordinates": [
                    -92.41282858792503,
                    47.13790826413299
                ]
            }
        },
        {
            "type": "Feature",
            "properties": {
                "Name": "RUBY DONALD",
                "Address": "8655 S STRAND LAKE RD",
                "Phone": "2184289217",
                "Phase": "C",
                "Substation": "COTTON",
                "Map_location": "313043012",
                "PARCEL_NUMBER": null
            },
            "geometry": {
                "type": "Point",
                "coordinates": [
                    -92.4126788999999,
                    47.13800010000891
                ]
            }
        },
        {
            "type": "Feature",
            "properties": {
                "Name": "MOSING STEVE P",
                "Address": "8659 S STRAND LK RD",
                "Phone": "6122215279",
                "Phase": "C",
                "Substation": "COTTON",
                "Map_location": "313043011",
                "PARCEL_NUMBER": null
            },
            "geometry": {
                "type": "Point",
                "coordinates": [
                    -92.4124670999999,
                    47.138183100008916
                ]
            }
        },
        {
            "type": "Feature",
            "properties": {
                "Name": "GISH LESA J",
                "Address": "8661 S STRAND LK RD",
                "Phone": "7014126365",
                "Phase": "C",
                "Substation": "COTTON",
                "Map_location": "313043010",
                "PARCEL_NUMBER": null
            },
            "geometry": {
                "type": "Point",
                "coordinates": [
                    -92.4122850999999,
                    47.1385577000089
                ]
            }
        },
        {
            "type": "Feature",
            "properties": {
                "Name": "FOX LEONARD P",
                "Address": "8663 S STRAND LK RD",
                "Phone": "2183437169",
                "Phase": "C",
                "Substation": "COTTON",
                "Map_location": "313043009",
                "PARCEL_NUMBER": null
            },
            "geometry": {
                "type": "Point",
                "coordinates": [
                    -92.4117213999999,
                    47.13850250000891
                ]
            }
        },
        {
            "type": "Feature",
            "properties": {
                "Name": "SCHRAMM BETTY J",
                "Address": "8667 S STRAND LAKE RD",
                "Phone": "2184617838",
                "Phase": "C",
                "Substation": "COTTON",
                "Map_location": "313043008",
                "PARCEL_NUMBER": null
            },
            "geometry": {
                "type": "Point",
                "coordinates": [
                    -92.4112898999999,
                    47.138668300008916
                ]
            }
        },
        {
            "type": "Feature",
            "properties": {
                "Name": "KREILICH MATTHEW",
                "Address": "8671 S STRAND LK RD",
                "Phone": "6127232959",
                "Phase": "C",
                "Substation": "COTTON",
                "Map_location": "313043007",
                "PARCEL_NUMBER": null
            },
            "geometry": {
                "type": "Point",
                "coordinates": [
                    -92.4111933699999,
                    47.13884012000892
                ]
            }
        },
        {
            "type": "Feature",
            "properties": {
                "Name": "LUCAS TYLER A",
                "Address": "8677 S STRAND LK RD",
                "Phone": "2187503671",
                "Phase": "C",
                "Substation": "COTTON",
                "Map_location": "313043004",
                "PARCEL_NUMBER": null
            },
            "geometry": {
                "type": "Point",
                "coordinates": [
                    -92.41019969999991,
                    47.13937320000891
                ]
            }
        },
        {
            "type": "Feature",
            "properties": {
                "Name": "ALSETH TIM L",
                "Address": "8673 S STRAND LK RD",
                "Phone": "2183495755",
                "Phase": "C",
                "Substation": "COTTON",
                "Map_location": "313043006",
                "PARCEL_NUMBER": null
            },
            "geometry": {
                "type": "Point",
                "coordinates": [
                    -92.4105588699999,
                    47.1396100200089
                ]
            }
        },
        {
            "type": "Feature",
            "properties": {
                "Name": "RAY STEVEN",
                "Address": "8683 S STRAND LK DR",
                "Phone": "6514832985",
                "Phase": "C",
                "Substation": "COTTON",
                "Map_location": "313043003",
                "PARCEL_NUMBER": null
            },
            "geometry": {
                "type": "Point",
                "coordinates": [
                    -92.4095765899999,
                    47.13956034000891
                ]
            }
        },
        {
            "type": "Feature",
            "properties": {
                "Name": "STEBE JAMES A",
                "Address": "8691 S STRAND LK RD",
                "Phone": "2183430415",
                "Phase": "C",
                "Substation": "COTTON",
                "Map_location": "313043001",
                "PARCEL_NUMBER": null
            },
            "geometry": {
                "type": "Point",
                "coordinates": [
                    -92.4086857999999,
                    47.140013800008894
                ]
            }
        },
        {
            "type": "Feature",
            "properties": {
                "Name": "DUNBAR KEVIN J",
                "Address": "8623 S STRAND LK RD",
                "Phone": "2186264766",
                "Phase": "C",
                "Substation": "COTTON",
                "Map_location": "313043031",
                "PARCEL_NUMBER": null
            },
            "geometry": {
                "type": "Point",
                "coordinates": [
                    -92.4163180999999,
                    47.13655450000892
                ]
            }
        },
        {
            "type": "Feature",
            "properties": {
                "Name": "HARGROVE MICHAEL D",
                "Address": "8619 STRAND LAKE RD S",
                "Phone": "2185910564",
                "Phase": "C",
                "Substation": "COTTON",
                "Map_location": "313043032",
                "PARCEL_NUMBER": null
            },
            "geometry": {
                "type": "Point",
                "coordinates": [
                    -92.4171519099999,
                    47.136039100008915
                ]
            }
        },
        {
            "type": "Feature",
            "properties": {
                "Name": "TANTTU BRETT MICHAEL",
                "Address": "6470 PIONEER LK RD",
                "Phone": "6517791039",
                "Phase": "B",
                "Substation": "COTTON",
                "Map_location": "313032215",
                "PARCEL_NUMBER": null
            },
            "geometry": {
                "type": "Point",
                "coordinates": [
                    -92.36114190999989,
                    47.14836655000893
                ]
            }
        },
        {
            "type": "Feature",
            "properties": {
                "Name": "WISCONSIN CENTRAL LTD",
                "Address": "PIONEER LK-END OF THE ROAD",
                "Phone": "5143994700",
                "Phase": "B",
                "Substation": "COTTON",
                "Map_location": "313032224",
                "PARCEL_NUMBER": null
            },
            "geometry": {
                "type": "Point",
                "coordinates": [
                    -92.36158178999989,
                    47.14785787000893
                ]
            }
        },
        {
            "type": "Feature",
            "properties": {
                "Name": "SHEARS GEORGE M",
                "Address": "6425 BAGLEY TANTTU RD",
                "Phone": "2184825287",
                "Phase": "B",
                "Substation": "COTTON",
                "Map_location": "313032218",
                "PARCEL_NUMBER": "305001003612.0"
            },
            "geometry": {
                "type": "Point",
                "coordinates": [
                    -92.36060989999989,
                    47.146358400008914
                ]
            }
        },
        {
            "type": "Feature",
            "properties": {
                "Name": "SHEARS GEORGE M",
                "Address": "6425 BAGLEY TANTTU RD",
                "Phone": "2184825287",
                "Phase": "B",
                "Substation": "COTTON",
                "Map_location": "313032218",
                "PARCEL_NUMBER": "305001003630.0"
            },
            "geometry": {
                "type": "Point",
                "coordinates": [
                    -92.36060989999989,
                    47.146358400008914
                ]
            }
        },
        {
            "type": "Feature",
            "properties": {
                "Name": "TANTTU BRIAN D",
                "Address": "6494 TANTTU RD",
                "Phone": "2182905340",
                "Phase": "B",
                "Substation": "COTTON",
                "Map_location": "313032214",
                "PARCEL_NUMBER": null
            },
            "geometry": {
                "type": "Point",
                "coordinates": [
                    -92.3650869499999,
                    47.1419805400089
                ]
            }
        },
        {
            "type": "Feature",
            "properties": {
                "Name": "DENNIE DENNIS D",
                "Address": "6413 TANTU RD",
                "Phone": "2184326920",
                "Phase": "B",
                "Substation": "COTTON",
                "Map_location": "313032228",
                "PARCEL_NUMBER": null
            },
            "geometry": {
                "type": "Point",
                "coordinates": [
                    -92.35875361999989,
                    47.14472405000891
                ]
            }
        },
        {
            "type": "Feature",
            "properties": {
                "Name": "JUNTUNEN DONALD MILO",
                "Address": "TANTTU RD PIONEER LK",
                "Phone": "2182699496",
                "Phase": "B",
                "Substation": "COTTON",
                "Map_location": "313032222",
                "PARCEL_NUMBER": null
            },
            "geometry": {
                "type": "Point",
                "coordinates": [
                    -92.35702702999988,
                    47.14282351000892
                ]
            }
        },
        {
            "type": "Feature",
            "properties": {
                "Name": "WIPSON CHRIS",
                "Address": "6383 TANTTU ROAD",
                "Phone": "2183481798",
                "Phase": "B",
                "Substation": "COTTON",
                "Map_location": "313032212",
                "PARCEL_NUMBER": null
            },
            "geometry": {
                "type": "Point",
                "coordinates": [
                    -92.35546259999988,
                    47.14443500000892
                ]
            }
        },
        {
            "type": "Feature",
            "properties": {
                "Name": "OLESIAK BRAD",
                "Address": "6375 TANTTU RD",
                "Phone": "2184286326",
                "Phase": "B",
                "Substation": "COTTON",
                "Map_location": "313032217",
                "PARCEL_NUMBER": null
            },
            "geometry": {
                "type": "Point",
                "coordinates": [
                    -92.35319900000003,
                    47.14553800000002
                ]
            }
        },
        {
            "type": "Feature",
            "properties": {
                "Name": "WREN ELISA B",
                "Address": "6347 TANTTU ROAD",
                "Phone": "2184910698",
                "Phase": "B",
                "Substation": "COTTON",
                "Map_location": "313032211",
                "PARCEL_NUMBER": null
            },
            "geometry": {
                "type": "Point",
                "coordinates": [
                    -92.35155392999988,
                    47.146791060008916
                ]
            }
        },
        {
            "type": "Feature",
            "properties": {
                "Name": "HEISE KEVIN",
                "Address": "6355 PIONEER SHORES DR",
                "Phone": "9524408252",
                "Phase": "B",
                "Substation": "COTTON",
                "Map_location": "313032210",
                "PARCEL_NUMBER": null
            },
            "geometry": {
                "type": "Point",
                "coordinates": [
                    -92.35080149999989,
                    47.14759330000891
                ]
            }
        },
        {
            "type": "Feature",
            "properties": {
                "Name": "ARROWHEAD COMMUNI CATIONS",
                "Address": "LONG LAKE REMOTE",
                "Phone": "2183465500",
                "Phase": "B",
                "Substation": "COTTON",
                "Map_location": "313002303",
                "PARCEL_NUMBER": null
            },
            "geometry": {
                "type": "Point",
                "coordinates": [
                    -92.34401779999989,
                    47.15098360000895
                ]
            }
        },
        {
            "type": "Feature",
            "properties": {
                "Name": "SHEARER KEVIN M",
                "Address": "6362 PIONEER LAKE RD",
                "Phone": "2189662051",
                "Phase": "B",
                "Substation": "COTTON",
                "Map_location": "313032221",
                "PARCEL_NUMBER": "305001003557.0"
            },
            "geometry": {
                "type": "Point",
                "coordinates": [
                    -92.35200245786702,
                    47.15002089313051
                ]
            }
        },
        {
            "type": "Feature",
            "properties": {
                "Name": "KILPELA ROY T",
                "Address": "6370 PIONEER LAKE RD",
                "Phone": "2184823225",
                "Phase": "B",
                "Substation": "COTTON",
                "Map_location": "313032201",
                "PARCEL_NUMBER": null
            },
            "geometry": {
                "type": "Point",
                "coordinates": [
                    -92.35281709999988,
                    47.149855500008925
                ]
            }
        },
        {
            "type": "Feature",
            "properties": {
                "Name": "WHITE ALLEN",
                "Address": "6388 PIONEER LK RD",
                "Phone": "2184823791",
                "Phase": "B",
                "Substation": "COTTON",
                "Map_location": "313032203",
                "PARCEL_NUMBER": null
            },
            "geometry": {
                "type": "Point",
                "coordinates": [
                    -92.3558015999999,
                    47.150205900008935
                ]
            }
        },
        {
            "type": "Feature",
            "properties": {
                "Name": "LAHTI LYLE E",
                "Address": "6396 PIONEER LK RD",
                "Phone": "7635167626",
                "Phase": "B",
                "Substation": "COTTON",
                "Map_location": "313032204",
                "PARCEL_NUMBER": null
            },
            "geometry": {
                "type": "Point",
                "coordinates": [
                    -92.35658680999988,
                    47.15021556000891
                ]
            }
        },
        {
            "type": "Feature",
            "properties": {
                "Name": "LAHTI DONNA",
                "Address": "6398 PIONEER LK RD",
                "Phone": "6514023833",
                "Phase": "B",
                "Substation": "COTTON",
                "Map_location": "313032205",
                "PARCEL_NUMBER": null
            },
            "geometry": {
                "type": "Point",
                "coordinates": [
                    -92.35688039999988,
                    47.15015400000893
                ]
            }
        },
        {
            "type": "Feature",
            "properties": {
                "Name": "RODBERG GLEN A",
                "Address": "6400 PIONEER LK RD",
                "Phone": "3039198590",
                "Phase": "B",
                "Substation": "COTTON",
                "Map_location": "313032226",
                "PARCEL_NUMBER": null
            },
            "geometry": {
                "type": "Point",
                "coordinates": [
                    -92.35768427999989,
                    47.15065681000894
                ]
            }
        },
        {
            "type": "Feature",
            "properties": {
                "Name": "MAKOWSKI KAREN",
                "Address": "6406 PIONEER LAKE RD",
                "Phone": "2184822001",
                "Phase": "B",
                "Substation": "COTTON",
                "Map_location": "313032206",
                "PARCEL_NUMBER": null
            },
            "geometry": {
                "type": "Point",
                "coordinates": [
                    -92.35805879999988,
                    47.151001800008935
                ]
            }
        },
        {
            "type": "Feature",
            "properties": {
                "Name": "JOHNSON STEVEN A",
                "Address": "6418 PIONEER LK RD",
                "Phone": "2184287667",
                "Phase": "B",
                "Substation": "COTTON",
                "Map_location": "313032207",
                "PARCEL_NUMBER": null
            },
            "geometry": {
                "type": "Point",
                "coordinates": [
                    -92.35920792999988,
                    47.15083206000891
                ]
            }
        },
        {
            "type": "Feature",
            "properties": {
                "Name": "WIPSON BRANDON M",
                "Address": "6424 PIONEER LAKE RD",
                "Phone": "2184910047",
                "Phase": "B",
                "Substation": "COTTON",
                "Map_location": "313032208",
                "PARCEL_NUMBER": null
            },
            "geometry": {
                "type": "Point",
                "coordinates": [
                    -92.36010238999988,
                    47.150753460008914
                ]
            }
        },
        {
            "type": "Feature",
            "properties": {
                "Name": "DEMIANIUK RONALD A",
                "Address": "6426 PIONEER LAKE RD",
                "Phone": "2182692334",
                "Phase": "B",
                "Substation": "COTTON",
                "Map_location": "313032223",
                "PARCEL_NUMBER": null
            },
            "geometry": {
                "type": "Point",
                "coordinates": [
                    -92.36053924999989,
                    47.150518450008924
                ]
            }
        },
        {
            "type": "Feature",
            "properties": {
                "Name": "KIMMES LAURA L",
                "Address": "6427 TANTTU RD",
                "Phone": "2184823686",
                "Phase": "B",
                "Substation": "COTTON",
                "Map_location": "313032229",
                "PARCEL_NUMBER": null
            },
            "geometry": {
                "type": "Point",
                "coordinates": [
                    -92.36083679999989,
                    47.14692810000893
                ]
            }
        },
        {
            "type": "Feature",
            "properties": {
                "Name": "CARTER TERRY",
                "Address": "6335 MUNGER SHAW ROAD",
                "Phone": "2187290489",
                "Phase": "B",
                "Substation": "COTTON",
                "Map_location": "313032225",
                "PARCEL_NUMBER": null
            },
            "geometry": {
                "type": "Point",
                "coordinates": [
                    -92.35029179999988,
                    47.14860550000892
                ]
            }
        },
        {
            "type": "Feature",
            "properties": {
                "Name": "HEISE GLEN",
                "Address": "6339 PIONEER SHORES DRIVE",
                "Phone": "6512355087",
                "Phase": "B",
                "Substation": "COTTON",
                "Map_location": "313032216",
                "PARCEL_NUMBER": null
            },
            "geometry": {
                "type": "Point",
                "coordinates": [
                    -92.35040049999989,
                    47.148626300008914
                ]
            }
        },
        {
            "type": "Feature",
            "properties": {
                "Name": "LEWIS JOHN R",
                "Address": "6386 PIONEER LAKE RD",
                "Phone": "4806409315",
                "Phase": "B",
                "Substation": "COTTON",
                "Map_location": "313032220",
                "PARCEL_NUMBER": null
            },
            "geometry": {
                "type": "Point",
                "coordinates": [
                    -92.35492242999989,
                    47.150180440008924
                ]
            }
        },
        {
            "type": "Feature",
            "properties": {
                "Name": "DAAS RICHARD H",
                "Address": "6243 MORLEY BEACH RD",
                "Phone": "3208595739",
                "Phase": "B",
                "Substation": "COTTON",
                "Map_location": "313002304",
                "PARCEL_NUMBER": null
            },
            "geometry": {
                "type": "Point",
                "coordinates": [
                    -92.33862045999989,
                    47.151460150008916
                ]
            }
        },
        {
            "type": "Feature",
            "properties": {
                "Name": "HUNT WALTER",
                "Address": "5829 MORLEY BEACH RD",
                "Phone": "6184075737",
                "Phase": "B",
                "Substation": "COTTON",
                "Map_location": "314010760",
                "PARCEL_NUMBER": null
            },
            "geometry": {
                "type": "Point",
                "coordinates": [
                    -92.29726459999804,
                    47.17032980000946
                ]
            }
        },
        {
            "type": "Feature",
            "properties": {
                "Name": "KOLLER CORY L",
                "Address": "5833 MORLEY BEACH RD",
                "Phone": "6516819330",
                "Phase": "B",
                "Substation": "COTTON",
                "Map_location": "314010748",
                "PARCEL_NUMBER": null
            },
            "geometry": {
                "type": "Point",
                "coordinates": [
                    -92.29786089532811,
                    47.169890634431596
                ]
            }
        },
        {
            "type": "Feature",
            "properties": {
                "Name": "HIGGINS TOM",
                "Address": "5845 MORLEY BEACH RD",
                "Phone": "6306510449",
                "Phase": "B",
                "Substation": "COTTON",
                "Map_location": "314010749",
                "PARCEL_NUMBER": null
            },
            "geometry": {
                "type": "Point",
                "coordinates": [
                    -92.29927161999987,
                    47.16972604000893
                ]
            }
        },
        {
            "type": "Feature",
            "properties": {
                "Name": "THORESON TIMOTHY A",
                "Address": "5851 MORLEY BEACH RD",
                "Phone": "2183109324",
                "Phase": "B",
                "Substation": "COTTON",
                "Map_location": "314010750",
                "PARCEL_NUMBER": null
            },
            "geometry": {
                "type": "Point",
                "coordinates": [
                    -92.29916360999987,
                    47.16951286000895
                ]
            }
        },
        {
            "type": "Feature",
            "properties": {
                "Name": "ROBERG DARRYLL",
                "Address": "5853 MORLEY BEACH RD",
                "Phone": "7159697317",
                "Phase": "B",
                "Substation": "COTTON",
                "Map_location": "314010761",
                "PARCEL_NUMBER": null
            },
            "geometry": {
                "type": "Point",
                "coordinates": [
                    -92.29999929999987,
                    47.16897010000895
                ]
            }
        },
        {
            "type": "Feature",
            "properties": {
                "Name": "ANSTETT LARRY J",
                "Address": "5897 MORLEY BEACH RD",
                "Phone": "2182692421",
                "Phase": "B",
                "Substation": "COTTON",
                "Map_location": "313011333",
                "PARCEL_NUMBER": null
            },
            "geometry": {
                "type": "Point",
                "coordinates": [
                    -92.30242139999987,
                    47.16796490000895
                ]
            }
        },
        {
            "type": "Feature",
            "properties": {
                "Name": "ANSTETT LARRY J",
                "Address": "5907 MORLEY BEACH RD",
                "Phone": "2182692421",
                "Phase": "B",
                "Substation": "COTTON",
                "Map_location": "313011332",
                "PARCEL_NUMBER": null
            },
            "geometry": {
                "type": "Point",
                "coordinates": [
                    -92.30245175462332,
                    47.167792899050525
                ]
            }
        },
        {
            "type": "Feature",
            "properties": {
                "Name": "TUCKER ANNETTE R",
                "Address": "5909 MORLEY BEACH RD",
                "Phone": "2183409340",
                "Phase": "B",
                "Substation": "COTTON",
                "Map_location": "313011331",
                "PARCEL_NUMBER": null
            },
            "geometry": {
                "type": "Point",
                "coordinates": [
                    -92.30280075999988,
                    47.16750865000894
                ]
            }
        },
        {
            "type": "Feature",
            "properties": {
                "Name": "BILLMAN MARK A",
                "Address": "5911 MORLEY BEACH RD",
                "Phone": "2183482520",
                "Phase": "B",
                "Substation": "COTTON",
                "Map_location": "313011330",
                "PARCEL_NUMBER": null
            },
            "geometry": {
                "type": "Point",
                "coordinates": [
                    -92.30346829999989,
                    47.16709730000893
                ]
            }
        },
        {
            "type": "Feature",
            "properties": {
                "Name": "BAKKEN DENNIS",
                "Address": "5915 MORLEY BEACH RD",
                "Phone": "2187295612",
                "Phase": "B",
                "Substation": "COTTON",
                "Map_location": "313011329",
                "PARCEL_NUMBER": null
            },
            "geometry": {
                "type": "Point",
                "coordinates": [
                    -92.30357849999987,
                    47.16703740000895
                ]
            }
        },
        {
            "type": "Feature",
            "properties": {
                "Name": "HIGH RANDAL WILLIAM",
                "Address": "5917 MORLEY BEACH RD",
                "Phone": "2184823338",
                "Phase": "B",
                "Substation": "COTTON",
                "Map_location": "313011361",
                "PARCEL_NUMBER": null
            },
            "geometry": {
                "type": "Point",
                "coordinates": [
                    -92.30360232999988,
                    47.16661960000894
                ]
            }
        },
        {
            "type": "Feature",
            "properties": {
                "Name": "HIGH RANDAL WILLIAM",
                "Address": "5917 MORLEY BEACH RD",
                "Phone": "2184823338",
                "Phase": "B",
                "Substation": "COTTON",
                "Map_location": "313011376",
                "PARCEL_NUMBER": null
            },
            "geometry": {
                "type": "Point",
                "coordinates": [
                    -92.30320129999987,
                    47.166424600008945
                ]
            }
        },
        {
            "type": "Feature",
            "properties": {
                "Name": "ACHAROVA LILIYA",
                "Address": "5923 MORLEY BEACH RD",
                "Phone": "2182063651",
                "Phase": "B",
                "Substation": "COTTON",
                "Map_location": "313011327",
                "PARCEL_NUMBER": null
            },
            "geometry": {
                "type": "Point",
                "coordinates": [
                    -92.30420131999988,
                    47.16644009000893
                ]
            }
        },
        {
            "type": "Feature",
            "properties": {
                "Name": "SAVER TERRY R",
                "Address": "5921 MORLEY BCH RD",
                "Phone": "2184100202",
                "Phase": "B",
                "Substation": "COTTON",
                "Map_location": "313011328",
                "PARCEL_NUMBER": null
            },
            "geometry": {
                "type": "Point",
                "coordinates": [
                    -92.30416829999989,
                    47.16643300000894
                ]
            }
        },
        {
            "type": "Feature",
            "properties": {
                "Name": "SUNDQUIST MICHAEL",
                "Address": "5927 MORLEY BEACH RD",
                "Phone": "2183489994",
                "Phase": "B",
                "Substation": "COTTON",
                "Map_location": "313011326",
                "PARCEL_NUMBER": null
            },
            "geometry": {
                "type": "Point",
                "coordinates": [
                    -92.30473939999986,
                    47.16603340000896
                ]
            }
        },
        {
            "type": "Feature",
            "properties": {
                "Name": "BENEDICT NEAL",
                "Address": "5929 MORLEY BEACH RD",
                "Phone": "2185902825",
                "Phase": "B",
                "Substation": "COTTON",
                "Map_location": "313011325",
                "PARCEL_NUMBER": "305003000240.0"
            },
            "geometry": {
                "type": "Point",
                "coordinates": [
                    -92.30491209999988,
                    47.16599760000894
                ]
            }
        },
        {
            "type": "Feature",
            "properties": {
                "Name": "BENEDICT LEE R",
                "Address": "5931 MORLEY BEACH RD",
                "Phone": "2187296811",
                "Phase": "B",
                "Substation": "COTTON",
                "Map_location": "313011343",
                "PARCEL_NUMBER": null
            },
            "geometry": {
                "type": "Point",
                "coordinates": [
                    -92.30505185999988,
                    47.16566801000893
                ]
            }
        },
        {
            "type": "Feature",
            "properties": {
                "Name": "HAWKINGS PEARL DOLORES",
                "Address": "5933 MORLEY BEACH RD",
                "Phone": "2187443105",
                "Phase": "B",
                "Substation": "COTTON",
                "Map_location": "313011324",
                "PARCEL_NUMBER": null
            },
            "geometry": {
                "type": "Point",
                "coordinates": [
                    -92.30554809999987,
                    47.16563715000894
                ]
            }
        },
        {
            "type": "Feature",
            "properties": {
                "Name": "PRESTON BRYAN E",
                "Address": "5937 MORLEY BEACH RD",
                "Phone": "2185918835",
                "Phase": "B",
                "Substation": "COTTON",
                "Map_location": "313011323",
                "PARCEL_NUMBER": null
            },
            "geometry": {
                "type": "Point",
                "coordinates": [
                    -92.30575881518952,
                    47.16514320907937
                ]
            }
        },
        {
            "type": "Feature",
            "properties": {
                "Name": "OLSEN DENNIS J",
                "Address": "5944 MORLEY BEACH RD",
                "Phone": "2183109290",
                "Phase": "B",
                "Substation": "COTTON",
                "Map_location": "313011379",
                "PARCEL_NUMBER": null
            },
            "geometry": {
                "type": "Point",
                "coordinates": [
                    -92.30605123999987,
                    47.16439292000895
                ]
            }
        },
        {
            "type": "Feature",
            "properties": {
                "Name": "OLSEN DENNIS J",
                "Address": "5943 MORLEY BEACH RD",
                "Phone": "2183109290",
                "Phase": "B",
                "Substation": "COTTON",
                "Map_location": "313011342",
                "PARCEL_NUMBER": null
            },
            "geometry": {
                "type": "Point",
                "coordinates": [
                    -92.30676289999987,
                    47.16497090000893
                ]
            }
        },
        {
            "type": "Feature",
            "properties": {
                "Name": "LUNDA JEROME FRANCIS",
                "Address": "5941 MORLEY BEACH RD",
                "Phone": "6513536199",
                "Phase": "B",
                "Substation": "COTTON",
                "Map_location": "313011344",
                "PARCEL_NUMBER": null
            },
            "geometry": {
                "type": "Point",
                "coordinates": [
                    -92.3066750999999,
                    47.165129600008946
                ]
            }
        },
        {
            "type": "Feature",
            "properties": {
                "Name": "SWANSON MARK A",
                "Address": "5945 MORLEY BEACH RD",
                "Phone": "2183930161",
                "Phase": "B",
                "Substation": "COTTON",
                "Map_location": "313011322",
                "PARCEL_NUMBER": null
            },
            "geometry": {
                "type": "Point",
                "coordinates": [
                    -92.30721262027072,
                    47.164604705360524
                ]
            }
        },
        {
            "type": "Feature",
            "properties": {
                "Name": "NEMEC ED",
                "Address": "5949 MORLEY BEACH RD",
                "Phone": "2187295960",
                "Phase": "B",
                "Substation": "COTTON",
                "Map_location": "313011321",
                "PARCEL_NUMBER": null
            },
            "geometry": {
                "type": "Point",
                "coordinates": [
                    -92.30766399999987,
                    47.164547300008934
                ]
            }
        },
        {
            "type": "Feature",
            "properties": {
                "Name": "PETERSON RONALD EDWIN",
                "Address": "5955 MORLEY BEACH RD",
                "Phone": null,
                "Phase": "B",
                "Substation": "COTTON",
                "Map_location": "313011319",
                "PARCEL_NUMBER": null
            },
            "geometry": {
                "type": "Point",
                "coordinates": [
                    -92.30848909999987,
                    47.16390270000894
                ]
            }
        },
        {
            "type": "Feature",
            "properties": {
                "Name": "HILLGER ROXANNE C",
                "Address": "5959 MORLEY BEACH RD",
                "Phone": "6125996740",
                "Phase": "B",
                "Substation": "COTTON",
                "Map_location": "313011318",
                "PARCEL_NUMBER": null
            },
            "geometry": {
                "type": "Point",
                "coordinates": [
                    -92.30837959999987,
                    47.16367960000895
                ]
            }
        },
        {
            "type": "Feature",
            "properties": {
                "Name": "SMITH BRUCE W",
                "Address": "5961 MORLEY BEACH RD",
                "Phone": "2185900810",
                "Phase": "B",
                "Substation": "COTTON",
                "Map_location": "313011317",
                "PARCEL_NUMBER": null
            },
            "geometry": {
                "type": "Point",
                "coordinates": [
                    -92.30873579999987,
                    47.16356080000892
                ]
            }
        },
        {
            "type": "Feature",
            "properties": {
                "Name": "CORA ROBERT A",
                "Address": "5965 MORLEY BEACH RD",
                "Phone": "2182909127",
                "Phase": "B",
                "Substation": "COTTON",
                "Map_location": "313011315",
                "PARCEL_NUMBER": "305003000090.0"
            },
            "geometry": {
                "type": "Point",
                "coordinates": [
                    -92.30907009999987,
                    47.163073800008945
                ]
            }
        },
        {
            "type": "Feature",
            "properties": {
                "Name": "HANNINEN JOSEPH B",
                "Address": "5963 MORLEY BEACH RD",
                "Phone": "2183100382",
                "Phase": "B",
                "Substation": "COTTON",
                "Map_location": "313011316",
                "PARCEL_NUMBER": "305003000100.0"
            },
            "geometry": {
                "type": "Point",
                "coordinates": [
                    -92.30919009999987,
                    47.163237300008944
                ]
            }
        },
        {
            "type": "Feature",
            "properties": {
                "Name": "RUNQUIST LEGACY, LLC",
                "Address": "5967 MORLEY BEACH RD",
                "Phone": "6513356718",
                "Phase": "B",
                "Substation": "COTTON",
                "Map_location": "313011314",
                "PARCEL_NUMBER": null
            },
            "geometry": {
                "type": "Point",
                "coordinates": [
                    -92.30998491999988,
                    47.16248091000893
                ]
            }
        },
        {
            "type": "Feature",
            "properties": {
                "Name": "KOIVISTO WILLIAM D",
                "Address": "5973 MORLEY BEACH RD",
                "Phone": "2187228847",
                "Phase": "B",
                "Substation": "COTTON",
                "Map_location": "313011341",
                "PARCEL_NUMBER": null
            },
            "geometry": {
                "type": "Point",
                "coordinates": [
                    -92.31092699999988,
                    47.16231540000895
                ]
            }
        },
        {
            "type": "Feature",
            "properties": {
                "Name": "JOHNSON RICHARD M",
                "Address": "5993 MORLEY BEACH RD",
                "Phone": "2184823309",
                "Phase": "B",
                "Substation": "COTTON",
                "Map_location": "313011339",
                "PARCEL_NUMBER": null
            },
            "geometry": {
                "type": "Point",
                "coordinates": [
                    -92.31273849999987,
                    47.16104330000894
                ]
            }
        },
        {
            "type": "Feature",
            "properties": {
                "Name": "BRANDT JEANNIE MARIE",
                "Address": "5991 MORLEY BEACH RD",
                "Phone": "2184823805",
                "Phase": "B",
                "Substation": "COTTON",
                "Map_location": "313011312",
                "PARCEL_NUMBER": null
            },
            "geometry": {
                "type": "Point",
                "coordinates": [
                    -92.31195079999988,
                    47.16135530000893
                ]
            }
        },
        {
            "type": "Feature",
            "properties": {
                "Name": "BRUNE BEATRICE",
                "Address": "5977 MORLEY BEACH RD",
                "Phone": "2186262381",
                "Phase": "B",
                "Substation": "COTTON",
                "Map_location": "313011313",
                "PARCEL_NUMBER": null
            },
            "geometry": {
                "type": "Point",
                "coordinates": [
                    -92.31161309999989,
                    47.16180560000894
                ]
            }
        },
        {
            "type": "Feature",
            "properties": {
                "Name": "PRESTON PAUL E",
                "Address": "5979 MORLEY BEACH RD",
                "Phone": "2187240904",
                "Phase": "B",
                "Substation": "COTTON",
                "Map_location": "313011340",
                "PARCEL_NUMBER": null
            },
            "geometry": {
                "type": "Point",
                "coordinates": [
                    -92.31157909999988,
                    47.16180890000895
                ]
            }
        },
        {
            "type": "Feature",
            "properties": {
                "Name": "MENZE JANELLE K",
                "Address": "6005 MORLEY BEACH RD",
                "Phone": "2183498771",
                "Phase": "B",
                "Substation": "COTTON",
                "Map_location": "313011370",
                "PARCEL_NUMBER": "305001002200.0"
            },
            "geometry": {
                "type": "Point",
                "coordinates": [
                    -92.31373419999987,
                    47.160180800008945
                ]
            }
        },
        {
            "type": "Feature",
            "properties": {
                "Name": "MENZE JANELLE K",
                "Address": "6005 MORLEY BEACH RD",
                "Phone": "2183498771",
                "Phase": "B",
                "Substation": "COTTON",
                "Map_location": "313011370",
                "PARCEL_NUMBER": "305001002070.0"
            },
            "geometry": {
                "type": "Point",
                "coordinates": [
                    -92.31373419999987,
                    47.160180800008945
                ]
            }
        },
        {
            "type": "Feature",
            "properties": {
                "Name": "NEPHEW MICHELLE AB",
                "Address": "6025 MORLEY BEACH RD",
                "Phone": "2184641452",
                "Phase": "B",
                "Substation": "COTTON",
                "Map_location": "313011363",
                "PARCEL_NUMBER": null
            },
            "geometry": {
                "type": "Point",
                "coordinates": [
                    -92.31656379999988,
                    47.15850460000893
                ]
            }
        },
        {
            "type": "Feature",
            "properties": {
                "Name": "NEPHEW ELIZABETH",
                "Address": "6031 MORLEY BEACH RD",
                "Phone": "2187245347",
                "Phase": "B",
                "Substation": "COTTON",
                "Map_location": "313011308",
                "PARCEL_NUMBER": null
            },
            "geometry": {
                "type": "Point",
                "coordinates": [
                    -92.31697359999987,
                    47.15772260000895
                ]
            }
        },
        {
            "type": "Feature",
            "properties": {
                "Name": "OLSON RICHARD ALLAN",
                "Address": "6033 MORLEY BEACH RD",
                "Phone": "2185907559",
                "Phase": "B",
                "Substation": "COTTON",
                "Map_location": "313011359",
                "PARCEL_NUMBER": null
            },
            "geometry": {
                "type": "Point",
                "coordinates": [
                    -92.31792366999989,
                    47.157300650008935
                ]
            }
        },
        {
            "type": "Feature",
            "properties": {
                "Name": "ACERS JAMES",
                "Address": "6015 MORLEY BEACH RD",
                "Phone": "7634416818",
                "Phase": "B",
                "Substation": "COTTON",
                "Map_location": "313011309",
                "PARCEL_NUMBER": null
            },
            "geometry": {
                "type": "Point",
                "coordinates": [
                    -92.31546197263461,
                    47.15924017329264
                ]
            }
        },
        {
            "type": "Feature",
            "properties": {
                "Name": "AUNE GERRY L",
                "Address": "6013 MORLEY BEACH RD",
                "Phone": "2183917071",
                "Phase": "B",
                "Substation": "COTTON",
                "Map_location": "313011310",
                "PARCEL_NUMBER": null
            },
            "geometry": {
                "type": "Point",
                "coordinates": [
                    -92.31560679999987,
                    47.15930380000894
                ]
            }
        },
        {
            "type": "Feature",
            "properties": {
                "Name": "KELLY TERESE L",
                "Address": "6017 MORLEY BEACH RD",
                "Phone": "6122015963",
                "Phase": "B",
                "Substation": "COTTON",
                "Map_location": "313011353",
                "PARCEL_NUMBER": null
            },
            "geometry": {
                "type": "Point",
                "coordinates": [
                    -92.31570689999988,
                    47.15926830000894
                ]
            }
        },
        {
            "type": "Feature",
            "properties": {
                "Name": "ACERS MICHAEL W",
                "Address": "6011 MORLEY BEACH RD",
                "Phone": "2188799119",
                "Phase": "B",
                "Substation": "COTTON",
                "Map_location": "313011384",
                "PARCEL_NUMBER": null
            },
            "geometry": {
                "type": "Point",
                "coordinates": [
                    -92.31463279999987,
                    47.159389600008936
                ]
            }
        },
        {
            "type": "Feature",
            "properties": {
                "Name": "PETTINELLI BROOKE ELIZABETH",
                "Address": "6043 MORLEY BEACH RD",
                "Phone": "2187504254",
                "Phase": "B",
                "Substation": "COTTON",
                "Map_location": "313011371",
                "PARCEL_NUMBER": null
            },
            "geometry": {
                "type": "Point",
                "coordinates": [
                    -92.31934806999989,
                    47.15647259000893
                ]
            }
        },
        {
            "type": "Feature",
            "properties": {
                "Name": "PODGORNIK JIM",
                "Address": "6049 MORLEY BEACH RD",
                "Phone": "2182136638",
                "Phase": "B",
                "Substation": "COTTON",
                "Map_location": "313011364",
                "PARCEL_NUMBER": null
            },
            "geometry": {
                "type": "Point",
                "coordinates": [
                    -92.32089600000003,
                    47.156204000000095
                ]
            }
        },
        {
            "type": "Feature",
            "properties": {
                "Name": "MRAK WENDY S",
                "Address": "5876 ELDE RD",
                "Phone": "2186283280",
                "Phase": "B",
                "Substation": "COTTON",
                "Map_location": "314010773",
                "PARCEL_NUMBER": null
            },
            "geometry": {
                "type": "Point",
                "coordinates": [
                    -92.29781663035449,
                    47.17360272801333
                ]
            }
        },
        {
            "type": "Feature",
            "properties": {
                "Name": "WALKER ZACHARY",
                "Address": "5878 ELDE ROAD",
                "Phone": "8138428388",
                "Phase": "B",
                "Substation": "COTTON",
                "Map_location": "314010746",
                "PARCEL_NUMBER": null
            },
            "geometry": {
                "type": "Point",
                "coordinates": [
                    -92.2984640162444,
                    47.17328791736114
                ]
            }
        },
        {
            "type": "Feature",
            "properties": {
                "Name": "GIESE MIKE",
                "Address": "5880 ELDE ROAD",
                "Phone": "2183908533",
                "Phase": "B",
                "Substation": "COTTON",
                "Map_location": "314010734",
                "PARCEL_NUMBER": null
            },
            "geometry": {
                "type": "Point",
                "coordinates": [
                    -92.29911638023813,
                    47.17305189353744
                ]
            }
        },
        {
            "type": "Feature",
            "properties": {
                "Name": "ELLISON DAVID C",
                "Address": "5882 ELDE RD",
                "Phone": "2188783433",
                "Phase": "B",
                "Substation": "COTTON",
                "Map_location": "314010767",
                "PARCEL_NUMBER": null
            },
            "geometry": {
                "type": "Point",
                "coordinates": [
                    -92.29998893999988,
                    47.17228016000894
                ]
            }
        },
        {
            "type": "Feature",
            "properties": {
                "Name": "HANSON THOMAS D",
                "Address": "5930 ELDE ROAD",
                "Phone": "2189407056",
                "Phase": "B",
                "Substation": "COTTON",
                "Map_location": "313011254",
                "PARCEL_NUMBER": null
            },
            "geometry": {
                "type": "Point",
                "coordinates": [
                    -92.30353909999987,
                    47.17076010000896
                ]
            }
        },
        {
            "type": "Feature",
            "properties": {
                "Name": "PUHL MICHAEL JOHN",
                "Address": "5922 ELDE RD",
                "Phone": "2183939146",
                "Phase": "B",
                "Substation": "COTTON",
                "Map_location": "313011270",
                "PARCEL_NUMBER": null
            },
            "geometry": {
                "type": "Point",
                "coordinates": [
                    -92.30366099999988,
                    47.17114510000896
                ]
            }
        },
        {
            "type": "Feature",
            "properties": {
                "Name": "STELLMAKER LEAH J",
                "Address": "5942 ELDE RD",
                "Phone": "6125087257",
                "Phase": "B",
                "Substation": "COTTON",
                "Map_location": "313011201",
                "PARCEL_NUMBER": null
            },
            "geometry": {
                "type": "Point",
                "coordinates": [
                    -92.30488459999987,
                    47.17061840000896
                ]
            }
        },
        {
            "type": "Feature",
            "properties": {
                "Name": "HARWOOD DANIEL R",
                "Address": "5944 ELDE RD",
                "Phone": "9633500706",
                "Phase": "B",
                "Substation": "COTTON",
                "Map_location": "313011282",
                "PARCEL_NUMBER": null
            },
            "geometry": {
                "type": "Point",
                "coordinates": [
                    -92.30550301999988,
                    47.17052004000894
                ]
            }
        },
        {
            "type": "Feature",
            "properties": {
                "Name": "SCHNEIDER RICHARD SCOTT",
                "Address": "6006 ELDE ROAD",
                "Phone": "2183437661",
                "Phase": "B",
                "Substation": "COTTON",
                "Map_location": "313011303",
                "PARCEL_NUMBER": null
            },
            "geometry": {
                "type": "Point",
                "coordinates": [
                    -92.3129182999999,
                    47.16636894000894
                ]
            }
        },
        {
            "type": "Feature",
            "properties": {
                "Name": "WEEMS MARTIN R",
                "Address": "5990 ELDE RD",
                "Phone": "6127015272",
                "Phase": "B",
                "Substation": "COTTON",
                "Map_location": "313011345",
                "PARCEL_NUMBER": null
            },
            "geometry": {
                "type": "Point",
                "coordinates": [
                    -92.31116379999989,
                    47.167665500008944
                ]
            }
        },
        {
            "type": "Feature",
            "properties": {
                "Name": "DALBEC RANDY LEU",
                "Address": "5982 ELDE ROAD",
                "Phone": "6514024278",
                "Phase": "B",
                "Substation": "COTTON",
                "Map_location": "313011366",
                "PARCEL_NUMBER": null
            },
            "geometry": {
                "type": "Point",
                "coordinates": [
                    -92.31018329999989,
                    47.168150100008944
                ]
            }
        },
        {
            "type": "Feature",
            "properties": {
                "Name": "NADEAU TOM",
                "Address": "5980 ELDE RD",
                "Phone": "2182061764",
                "Phase": "B",
                "Substation": "COTTON",
                "Map_location": "313011362",
                "PARCEL_NUMBER": null
            },
            "geometry": {
                "type": "Point",
                "coordinates": [
                    -92.30999778999987,
                    47.168164920008934
                ]
            }
        },
        {
            "type": "Feature",
            "properties": {
                "Name": "SANDSTROM CAROL MAE P",
                "Address": "5976 ELDE RD",
                "Phone": "2183933294",
                "Phase": "B",
                "Substation": "COTTON",
                "Map_location": "313011302",
                "PARCEL_NUMBER": null
            },
            "geometry": {
                "type": "Point",
                "coordinates": [
                    -92.30929179999987,
                    47.16824260000895
                ]
            }
        },
        {
            "type": "Feature",
            "properties": {
                "Name": "BURGSTAHLER BRETT J",
                "Address": "5964 ELDE RD",
                "Phone": "9524543608",
                "Phase": "B",
                "Substation": "COTTON",
                "Map_location": "313011237",
                "PARCEL_NUMBER": null
            },
            "geometry": {
                "type": "Point",
                "coordinates": [
                    -92.30818541647395,
                    47.16901418014367
                ]
            }
        },
        {
            "type": "Feature",
            "properties": {
                "Name": "BURGSTAHLER DUANE",
                "Address": "5962 ELDE RD",
                "Phone": "2187285255",
                "Phase": "B",
                "Substation": "COTTON",
                "Map_location": "313011236",
                "PARCEL_NUMBER": null
            },
            "geometry": {
                "type": "Point",
                "coordinates": [
                    -92.30788209999987,
                    47.169086000008946
                ]
            }
        },
        {
            "type": "Feature",
            "properties": {
                "Name": "SPINDLER HOWARD GLEN",
                "Address": "5960 ELDE ROAD",
                "Phone": "2184823376",
                "Phase": "B",
                "Substation": "COTTON",
                "Map_location": "313011256",
                "PARCEL_NUMBER": null
            },
            "geometry": {
                "type": "Point",
                "coordinates": [
                    -92.30769939999989,
                    47.16925610000895
                ]
            }
        },
        {
            "type": "Feature",
            "properties": {
                "Name": "VALENTINE CATHY",
                "Address": "5950 ELDE RD",
                "Phone": "2184823314",
                "Phase": "B",
                "Substation": "COTTON",
                "Map_location": "313011269",
                "PARCEL_NUMBER": null
            },
            "geometry": {
                "type": "Point",
                "coordinates": [
                    -92.30739159999989,
                    47.169998400008964
                ]
            }
        },
        {
            "type": "Feature",
            "properties": {
                "Name": "KLOPP MICHAEL ALBERT",
                "Address": "5946 ELDE RD",
                "Phone": "2185917297",
                "Phase": "B",
                "Substation": "COTTON",
                "Map_location": "313011255",
                "PARCEL_NUMBER": null
            },
            "geometry": {
                "type": "Point",
                "coordinates": [
                    -92.30629131999989,
                    47.17003017000895
                ]
            }
        },
        {
            "type": "Feature",
            "properties": {
                "Name": "BRONNICHE TERRY",
                "Address": "5948 ELDE RD",
                "Phone": "2183487275",
                "Phase": "B",
                "Substation": "COTTON",
                "Map_location": "313011258",
                "PARCEL_NUMBER": null
            },
            "geometry": {
                "type": "Point",
                "coordinates": [
                    -92.30624029999987,
                    47.17007810000895
                ]
            }
        },
        {
            "type": "Feature",
            "properties": {
                "Name": "STEPHANI SUSAN R",
                "Address": "5974 ELDE RD",
                "Phone": "2182432521",
                "Phase": "B",
                "Substation": "COTTON",
                "Map_location": "313011374",
                "PARCEL_NUMBER": "305004500060.0"
            },
            "geometry": {
                "type": "Point",
                "coordinates": [
                    -92.30906323999987,
                    47.16855757000894
                ]
            }
        },
        {
            "type": "Feature",
            "properties": {
                "Name": "JACKSON KRISTIN D",
                "Address": "6046 KOLLER LANE",
                "Phone": "9524840426",
                "Phase": "B",
                "Substation": "COTTON",
                "Map_location": "313011375",
                "PARCEL_NUMBER": null
            },
            "geometry": {
                "type": "Point",
                "coordinates": [
                    -92.31738364999987,
                    47.16463629000894
                ]
            }
        },
        {
            "type": "Feature",
            "properties": {
                "Name": "SALLEE MICHELLE RENEE",
                "Address": "6048 KOLLER LANE",
                "Phone": "5074214097",
                "Phase": "B",
                "Substation": "COTTON",
                "Map_location": "313011381",
                "PARCEL_NUMBER": null
            },
            "geometry": {
                "type": "Point",
                "coordinates": [
                    -92.31815247999988,
                    47.16475117000895
                ]
            }
        },
        {
            "type": "Feature",
            "properties": {
                "Name": "DAMMER KARL ALFRED",
                "Address": "6050 ELDE RD",
                "Phone": "2184823393",
                "Phase": "B",
                "Substation": "COTTON",
                "Map_location": "313011372",
                "PARCEL_NUMBER": null
            },
            "geometry": {
                "type": "Point",
                "coordinates": [
                    -92.31907534999988,
                    47.16474560000895
                ]
            }
        },
        {
            "type": "Feature",
            "properties": {
                "Name": "ANDERSON LARRY R",
                "Address": "ELDE RD",
                "Phone": "2184813200",
                "Phase": "B",
                "Substation": "COTTON",
                "Map_location": "313011304",
                "PARCEL_NUMBER": null
            },
            "geometry": {
                "type": "Point",
                "coordinates": [
                    -92.31960089999988,
                    47.16336110000895
                ]
            }
        },
        {
            "type": "Feature",
            "properties": {
                "Name": "MUSICK D THOMAS",
                "Address": "6082 ELDE ROAD",
                "Phone": "2184998420",
                "Phase": "B",
                "Substation": "COTTON",
                "Map_location": "313011338",
                "PARCEL_NUMBER": null
            },
            "geometry": {
                "type": "Point",
                "coordinates": [
                    -92.32025029999988,
                    47.162784100008956
                ]
            }
        },
        {
            "type": "Feature",
            "properties": {
                "Name": "INMAN RICK A",
                "Address": "8974 KEALY RD",
                "Phone": "2185907966",
                "Phase": "B",
                "Substation": "COTTON",
                "Map_location": "313011306",
                "PARCEL_NUMBER": null
            },
            "geometry": {
                "type": "Point",
                "coordinates": [
                    -92.32108249999989,
                    47.161020300008936
                ]
            }
        },
        {
            "type": "Feature",
            "properties": {
                "Name": "YRJANSON RANDALL",
                "Address": "6088 ELDE RD",
                "Phone": "2184823616",
                "Phase": "B",
                "Substation": "COTTON",
                "Map_location": "313011305",
                "PARCEL_NUMBER": "305001002050.0"
            },
            "geometry": {
                "type": "Point",
                "coordinates": [
                    -92.32087939999988,
                    47.161904000008946
                ]
            }
        },
        {
            "type": "Feature",
            "properties": {
                "Name": "WISCONSIN CENTRAL LTD",
                "Address": "NO SHAW",
                "Phone": "5143994700",
                "Phase": "B",
                "Substation": "COTTON",
                "Map_location": "313002701",
                "PARCEL_NUMBER": null
            },
            "geometry": {
                "type": "Point",
                "coordinates": [
                    -92.35960599999989,
                    47.13213720000891
                ]
            }
        },
        {
            "type": "Feature",
            "properties": {
                "Name": "HAYLE RONALD",
                "Address": "MUNGR SHAW RD SHACK",
                "Phone": "9522016029",
                "Phase": "B",
                "Substation": "COTTON",
                "Map_location": "313002602",
                "PARCEL_NUMBER": null
            },
            "geometry": {
                "type": "Point",
                "coordinates": [
                    -92.34311509999989,
                    47.13306010000891
                ]
            }
        },
        {
            "type": "Feature",
            "properties": {
                "Name": "SCHWARTZ BRADY HOWAARD",
                "Address": "8455 MUNGER SHAW",
                "Phone": "2183930432",
                "Phase": "B",
                "Substation": "COTTON",
                "Map_location": "313003405",
                "PARCEL_NUMBER": null
            },
            "geometry": {
                "type": "Point",
                "coordinates": [
                    -92.34528313999989,
                    47.12480811000889
                ]
            }
        },
        {
            "type": "Feature",
            "properties": {
                "Name": "WISCONSIN CENTRAL LTD",
                "Address": "MUNGER SHAW ROAD",
                "Phone": "5143994700",
                "Phase": "B",
                "Substation": "COTTON",
                "Map_location": "313003407",
                "PARCEL_NUMBER": null
            },
            "geometry": {
                "type": "Point",
                "coordinates": [
                    -92.35311599999989,
                    47.1134280000089
                ]
            }
        },
        {
            "type": "Feature",
            "properties": {
                "Name": "JOHNSEN JAMES E",
                "Address": "6400 CORRECTION LINE RD",
                "Phone": "2184823456",
                "Phase": "B",
                "Substation": "COTTON",
                "Map_location": "334000301",
                "PARCEL_NUMBER": "673001000400.0"
            },
            "geometry": {
                "type": "Point",
                "coordinates": [
                    -92.35848989999988,
                    47.10984371000888
                ]
            }
        },
        {
            "type": "Feature",
            "properties": {
                "Name": "KOSKI MARIE I",
                "Address": "8344 MUNGER SHAW RD",
                "Phone": "2183488713",
                "Phase": "B",
                "Substation": "COTTON",
                "Map_location": "313003404",
                "PARCEL_NUMBER": "305001005690.0"
            },
            "geometry": {
                "type": "Point",
                "coordinates": [
                    -92.35154099999988,
                    47.11213340000887
                ]
            }
        },
        {
            "type": "Feature",
            "properties": {
                "Name": "WITTWER CHARLOTTE A",
                "Address": "8282 MUNGER SHAW RD",
                "Phone": "6516742774",
                "Phase": "B",
                "Substation": "COTTON",
                "Map_location": "313003406",
                "PARCEL_NUMBER": null
            },
            "geometry": {
                "type": "Point",
                "coordinates": [
                    -92.34633911999988,
                    47.11098072000888
                ]
            }
        },
        {
            "type": "Feature",
            "properties": {
                "Name": "SHARPE DEAN",
                "Address": "7969 MUNGAR SHAW RD",
                "Phone": "2183913443",
                "Phase": "B",
                "Substation": "COTTON",
                "Map_location": "334001002",
                "PARCEL_NUMBER": null
            },
            "geometry": {
                "type": "Point",
                "coordinates": [
                    -92.34551520999989,
                    47.086817560008846
                ]
            }
        },
        {
            "type": "Feature",
            "properties": {
                "Name": "SALINE JOANNE",
                "Address": "7884 MUNGER SHAW RD",
                "Phone": "2184823655",
                "Phase": "B",
                "Substation": "COTTON",
                "Map_location": "334001401",
                "PARCEL_NUMBER": null
            },
            "geometry": {
                "type": "Point",
                "coordinates": [
                    -92.34404646999988,
                    47.08058896000884
                ]
            }
        },
        {
            "type": "Feature",
            "properties": {
                "Name": "JENNINGS HOWARD J",
                "Address": "8021 MUNGER SHAW RD",
                "Phone": "2184825271",
                "Phase": "B",
                "Substation": "COTTON",
                "Map_location": "334001005",
                "PARCEL_NUMBER": null
            },
            "geometry": {
                "type": "Point",
                "coordinates": [
                    -92.34561979999988,
                    47.091739400008876
                ]
            }
        },
        {
            "type": "Feature",
            "properties": {
                "Name": "LOWRY MICHAEL J",
                "Address": "8073 MUNGER SHAW RD",
                "Phone": "2183490374",
                "Phase": "B",
                "Substation": "COTTON",
                "Map_location": "334001001",
                "PARCEL_NUMBER": null
            },
            "geometry": {
                "type": "Point",
                "coordinates": [
                    -92.34541117999989,
                    47.094123400008876
                ]
            }
        },
        {
            "type": "Feature",
            "properties": {
                "Name": "MN DEPT OF TRANSP ORTATION",
                "Address": "8110 MUNGER SHAW RD",
                "Phone": "6512347964",
                "Phase": "B",
                "Substation": "COTTON",
                "Map_location": "334000203",
                "PARCEL_NUMBER": null
            },
            "geometry": {
                "type": "Point",
                "coordinates": [
                    -92.34283259999988,
                    47.09696000000886
                ]
            }
        },
        {
            "type": "Feature",
            "properties": {
                "Name": "BERGQUIST KIM",
                "Address": "8140 MUNGER SHAW RD",
                "Phone": "2187213005",
                "Phase": "B",
                "Substation": "COTTON",
                "Map_location": "334000202",
                "PARCEL_NUMBER": null
            },
            "geometry": {
                "type": "Point",
                "coordinates": [
                    -92.34225451999988,
                    47.09912274000886
                ]
            }
        },
        {
            "type": "Feature",
            "properties": {
                "Name": "EVANS KEVIN",
                "Address": "6340 THREE LAKES RD",
                "Phone": "6513279466",
                "Phase": "C",
                "Substation": "COTTON",
                "Map_location": "334000303",
                "PARCEL_NUMBER": null
            },
            "geometry": {
                "type": "Point",
                "coordinates": [
                    -92.34844289999988,
                    47.10271837000887
                ]
            }
        },
        {
            "type": "Feature",
            "properties": {
                "Name": "ARROWHEAD COMMUNI CATIONS",
                "Address": "HWY 53 AND 52 COTTON",
                "Phone": "2183465500",
                "Phase": "C",
                "Substation": "COTTON",
                "Map_location": "312031517",
                "PARCEL_NUMBER": null
            },
            "geometry": {
                "type": "Point",
                "coordinates": [
                    -92.47571879999991,
                    47.16934280000895
                ]
            }
        },
        {
            "type": "Feature",
            "properties": {
                "Name": "SUPER AMERICA",
                "Address": "COTTON FOOD-N-FUEL",
                "Phone": "2184825599",
                "Phase": "ABC",
                "Substation": "COTTON",
                "Map_location": "312021033",
                "PARCEL_NUMBER": null
            },
            "geometry": {
                "type": "Point",
                "coordinates": [
                    -92.47539548205295,
                    47.16969604544678
                ]
            }
        },
        {
            "type": "Feature",
            "properties": {
                "Name": "SUPER AMERICA",
                "Address": "7521 COMSTOCK LK RD",
                "Phone": "2184825599",
                "Phase": "ABC",
                "Substation": "COTTON",
                "Map_location": "312021050",
                "PARCEL_NUMBER": null
            },
            "geometry": {
                "type": "Point",
                "coordinates": [
                    -92.47492875057155,
                    47.16965533720912
                ]
            }
        },
        {
            "type": "Feature",
            "properties": {
                "Name": "COTTON VOL FIRE D EPT",
                "Address": "7507 COMSTOCK LAKE RD",
                "Phone": "2184823220",
                "Phase": "A",
                "Substation": "COTTON",
                "Map_location": "312021041",
                "PARCEL_NUMBER": null
            },
            "geometry": {
                "type": "Point",
                "coordinates": [
                    -92.47377959999992,
                    47.16948710000895
                ]
            }
        },
        {
            "type": "Feature",
            "properties": {
                "Name": "LAMAR ADVERTISING CO",
                "Address": "INTERSECTION 52 AND 53",
                "Phone": "8002347293",
                "Phase": "C",
                "Substation": "COTTON",
                "Map_location": "312031554",
                "PARCEL_NUMBER": null
            },
            "geometry": {
                "type": "Point",
                "coordinates": [
                    -92.47540164999991,
                    47.16912226000894
                ]
            }
        },
        {
            "type": "Feature",
            "properties": {
                "Name": "MN DEPT OF TRANSP ORTATION",
                "Address": "TH 53 AND CSAH 52 LIGHTING",
                "Phone": "2187252700",
                "Phase": "C",
                "Substation": "COTTON",
                "Map_location": "312021060",
                "PARCEL_NUMBER": null
            },
            "geometry": {
                "type": "Point",
                "coordinates": [
                    -92.47573589999992,
                    47.16932780000895
                ]
            }
        },
        {
            "type": "Feature",
            "properties": {
                "Name": "BOSIACKI TYLER A",
                "Address": "9147 HWY 53",
                "Phone": "2184911219",
                "Phase": "C",
                "Substation": "COTTON",
                "Map_location": "312021049",
                "PARCEL_NUMBER": null
            },
            "geometry": {
                "type": "Point",
                "coordinates": [
                    -92.47598089999991,
                    47.17294780000895
                ]
            }
        },
        {
            "type": "Feature",
            "properties": {
                "Name": "CHK NUTRITION",
                "Address": "9146 HWY 53",
                "Phone": "8775388388",
                "Phase": "ABC",
                "Substation": "COTTON",
                "Map_location": "312021042",
                "PARCEL_NUMBER": null
            },
            "geometry": {
                "type": "Point",
                "coordinates": [
                    -92.47559059999992,
                    47.17221510000895
                ]
            }
        },
        {
            "type": "Feature",
            "properties": {
                "Name": "CENTURYLINK/LUMEN",
                "Address": "72126 9136 HWY 53",
                "Phone": "2189697753",
                "Phase": "C",
                "Substation": "COTTON",
                "Map_location": "312021044",
                "PARCEL_NUMBER": null
            },
            "geometry": {
                "type": "Point",
                "coordinates": [
                    -92.47576939999992,
                    47.17181360000895
                ]
            }
        },
        {
            "type": "Feature",
            "properties": {
                "Name": "LAMAR ADVERTISING CO",
                "Address": "COTTON",
                "Phone": "8002347293",
                "Phase": "C",
                "Substation": "COTTON",
                "Map_location": "312021045",
                "PARCEL_NUMBER": null
            },
            "geometry": {
                "type": "Point",
                "coordinates": [
                    -92.47597779999991,
                    47.17136280000894
                ]
            }
        },
        {
            "type": "Feature",
            "properties": {
                "Name": "NISKA PETER J",
                "Address": "9163 HWY 53",
                "Phone": "2187805817",
                "Phase": "C",
                "Substation": "COTTON",
                "Map_location": "312021048",
                "PARCEL_NUMBER": null
            },
            "geometry": {
                "type": "Point",
                "coordinates": [
                    -92.47849619999991,
                    47.17340410000896
                ]
            }
        },
        {
            "type": "Feature",
            "properties": {
                "Name": "LORE BROOKLYNN",
                "Address": "9159 HIGHWAY 53",
                "Phone": "7155016145",
                "Phase": "C",
                "Substation": "COTTON",
                "Map_location": "312021011",
                "PARCEL_NUMBER": null
            },
            "geometry": {
                "type": "Point",
                "coordinates": [
                    -92.47807149999991,
                    47.17401520000897
                ]
            }
        },
        {
            "type": "Feature",
            "properties": {
                "Name": "HOPE EVANGELICAL CHURCH",
                "Address": "9191 HIGHWAY 53",
                "Phone": "2184823445",
                "Phase": "B",
                "Substation": "COTTON",
                "Map_location": "312021008",
                "PARCEL_NUMBER": "305002001715.0"
            },
            "geometry": {
                "type": "Point",
                "coordinates": [
                    -92.47939578999993,
                    47.17556758000895
                ]
            }
        },
        {
            "type": "Feature",
            "properties": {
                "Name": "OLD SCHOOL LIVES INC.",
                "Address": "9165 HWY 53 COTTON SCHOOL",
                "Phone": "2184823005",
                "Phase": "ABC",
                "Substation": "COTTON",
                "Map_location": "312021036",
                "PARCEL_NUMBER": null
            },
            "geometry": {
                "type": "Point",
                "coordinates": [
                    -92.47970299999992,
                    47.17465040000894
                ]
            }
        },
        {
            "type": "Feature",
            "properties": {
                "Name": "Customer not found in Customer Table \n(Check with Billing)",
                "Address": null,
                "Phone": null,
                "Phase": "ABC",
                "Substation": "COTTON",
                "Map_location": "312021051",
                "PARCEL_NUMBER": null
            },
            "geometry": {
                "type": "Point",
                "coordinates": [
                    -92.48000333097467,
                    47.17502353722605
                ]
            }
        },
        {
            "type": "Feature",
            "properties": {
                "Name": "WTW CONSTRUCTION SERVICES I",
                "Address": "HIGHWAY 53",
                "Phone": "2187503151",
                "Phase": "A",
                "Substation": "COTTON",
                "Map_location": "312021038",
                "PARCEL_NUMBER": "9800102010.0"
            },
            "geometry": {
                "type": "Point",
                "coordinates": [
                    -92.48117619999992,
                    47.17094700000895
                ]
            }
        },
        {
            "type": "Feature",
            "properties": {
                "Name": "Customer not found in Customer Table \n(Check with Billing)",
                "Address": null,
                "Phone": null,
                "Phase": "ABC",
                "Substation": "COTTON",
                "Map_location": "312021040",
                "PARCEL_NUMBER": null
            },
            "geometry": {
                "type": "Point",
                "coordinates": [
                    -92.48017115236031,
                    47.17115860798153
                ]
            }
        },
        {
            "type": "Feature",
            "properties": {
                "Name": "WTW CONSTRUCTION SERVICES I",
                "Address": "9115 HIGHWAY 53",
                "Phone": "2187503151",
                "Phase": "ABC",
                "Substation": "COTTON",
                "Map_location": "312021034",
                "PARCEL_NUMBER": null
            },
            "geometry": {
                "type": "Point",
                "coordinates": [
                    -92.47988299999992,
                    47.17104490000894
                ]
            }
        },
        {
            "type": "Feature",
            "properties": {
                "Name": "WTW CONSTRUCTION SERVICES I",
                "Address": "HIGHWAY 53",
                "Phone": "2187503151",
                "Phase": "C",
                "Substation": "COTTON",
                "Map_location": "312021037",
                "PARCEL_NUMBER": "9800102010.0"
            },
            "geometry": {
                "type": "Point",
                "coordinates": [
                    -92.47991525770693,
                    47.17207904572044
                ]
            }
        },
        {
            "type": "Feature",
            "properties": {
                "Name": "HILLIER MICHAEL WAYNE",
                "Address": "9137 HWY 53",
                "Phone": "9802021216",
                "Phase": "C",
                "Substation": "COTTON",
                "Map_location": "312021043",
                "PARCEL_NUMBER": null
            },
            "geometry": {
                "type": "Point",
                "coordinates": [
                    -92.47787429999991,
                    47.17211260000894
                ]
            }
        },
        {
            "type": "Feature",
            "properties": {
                "Name": "PECHTOLD ROBERT M",
                "Address": "9149 HWY 53",
                "Phone": "2183484555",
                "Phase": "C",
                "Substation": "COTTON",
                "Map_location": "312021012",
                "PARCEL_NUMBER": "305002500040.0"
            },
            "geometry": {
                "type": "Point",
                "coordinates": [
                    -92.47821749999991,
                    47.17244260000895
                ]
            }
        },
        {
            "type": "Feature",
            "properties": {
                "Name": "PECHTOLD ROBERT M",
                "Address": "9149 HWY 53",
                "Phone": "2183484555",
                "Phase": "C",
                "Substation": "COTTON",
                "Map_location": "312021012",
                "PARCEL_NUMBER": "305002500050.0"
            },
            "geometry": {
                "type": "Point",
                "coordinates": [
                    -92.47821749999991,
                    47.17244260000895
                ]
            }
        },
        {
            "type": "Feature",
            "properties": {
                "Name": "LINE PRESTON J",
                "Address": "9127 HWY 53",
                "Phone": "7159190839",
                "Phase": "C",
                "Substation": "COTTON",
                "Map_location": "312021013",
                "PARCEL_NUMBER": null
            },
            "geometry": {
                "type": "Point",
                "coordinates": [
                    -92.47824479999991,
                    47.17151240000895
                ]
            }
        },
        {
            "type": "Feature",
            "properties": {
                "Name": "WTW CONSTRUCTION SERVICES I",
                "Address": "9115 HIGHWAY 53",
                "Phone": "2187503151",
                "Phase": "ABC",
                "Substation": "COTTON",
                "Map_location": "312021032",
                "PARCEL_NUMBER": null
            },
            "geometry": {
                "type": "Point",
                "coordinates": [
                    -92.47821959999992,
                    47.170500900008975
                ]
            }
        },
        {
            "type": "Feature",
            "properties": {
                "Name": "MARTINICH AMY L",
                "Address": "9105 HWY 53",
                "Phone": "2187418226",
                "Phase": "ABC",
                "Substation": "COTTON",
                "Map_location": "312021015",
                "PARCEL_NUMBER": "305002500150.0"
            },
            "geometry": {
                "type": "Point",
                "coordinates": [
                    -92.47763289999992,
                    47.169979500008935
                ]
            }
        },
        {
            "type": "Feature",
            "properties": {
                "Name": "BURT ELIZABETH J",
                "Address": "9245 HIGHWAY 53",
                "Phone": "2183550293",
                "Phase": "B",
                "Substation": "COTTON",
                "Map_location": "312021006",
                "PARCEL_NUMBER": null
            },
            "geometry": {
                "type": "Point",
                "coordinates": [
                    -92.47997078999991,
                    47.17914330000895
                ]
            }
        },
        {
            "type": "Feature",
            "properties": {
                "Name": "ERICKSON ERIC ALBIN",
                "Address": "9244 HWY 53",
                "Phone": "2184825249",
                "Phase": "B",
                "Substation": "COTTON",
                "Map_location": "312021030",
                "PARCEL_NUMBER": "305002001545.0"
            },
            "geometry": {
                "type": "Point",
                "coordinates": [
                    -92.47869499999992,
                    47.18011010000895
                ]
            }
        },
        {
            "type": "Feature",
            "properties": {
                "Name": "ERICKSON ERIC ALBIN",
                "Address": "9244 HWY 53",
                "Phone": "2184825249",
                "Phase": "B",
                "Substation": "COTTON",
                "Map_location": "312021030",
                "PARCEL_NUMBER": "305002001540.0"
            },
            "geometry": {
                "type": "Point",
                "coordinates": [
                    -92.47869499999992,
                    47.18011010000895
                ]
            }
        },
        {
            "type": "Feature",
            "properties": {
                "Name": "ERICKSON ERIC ALBIN",
                "Address": "9244 HWY 53",
                "Phone": "2184825249",
                "Phase": "B",
                "Substation": "COTTON",
                "Map_location": "312021030",
                "PARCEL_NUMBER": "305002001560.0"
            },
            "geometry": {
                "type": "Point",
                "coordinates": [
                    -92.47869499999992,
                    47.18011010000895
                ]
            }
        },
        {
            "type": "Feature",
            "properties": {
                "Name": "ERICKSON ERIC ALBIN",
                "Address": "9244 HWY 53",
                "Phone": "2184825249",
                "Phase": "B",
                "Substation": "COTTON",
                "Map_location": "312021030",
                "PARCEL_NUMBER": "305002001870.0"
            },
            "geometry": {
                "type": "Point",
                "coordinates": [
                    -92.47869499999992,
                    47.18011010000895
                ]
            }
        },
        {
            "type": "Feature",
            "properties": {
                "Name": "ERICKSON ERIC ALBIN",
                "Address": "9244 HWY 53",
                "Phone": "2184825249",
                "Phase": "B",
                "Substation": "COTTON",
                "Map_location": "312021030",
                "PARCEL_NUMBER": "305002001570.0"
            },
            "geometry": {
                "type": "Point",
                "coordinates": [
                    -92.47869499999992,
                    47.18011010000895
                ]
            }
        },
        {
            "type": "Feature",
            "properties": {
                "Name": "STEINER KYLE T",
                "Address": "7586 RANDALL RD",
                "Phone": "6122206912",
                "Phase": "B",
                "Substation": "COTTON",
                "Map_location": "312021055",
                "PARCEL_NUMBER": null
            },
            "geometry": {
                "type": "Point",
                "coordinates": [
                    -92.48182269999992,
                    47.18198740000895
                ]
            }
        },
        {
            "type": "Feature",
            "properties": {
                "Name": "MOBERG RODNEY E",
                "Address": "7552 RANDALL RD",
                "Phone": "2184823317",
                "Phase": "B",
                "Substation": "COTTON",
                "Map_location": "312021029",
                "PARCEL_NUMBER": null
            },
            "geometry": {
                "type": "Point",
                "coordinates": [
                    -92.47905212999991,
                    47.18324493000897
                ]
            }
        },
        {
            "type": "Feature",
            "properties": {
                "Name": "PETERSON NORMAN E",
                "Address": "9292 HWY 53",
                "Phone": "2183909975",
                "Phase": "B",
                "Substation": "COTTON",
                "Map_location": "312021004",
                "PARCEL_NUMBER": "240006000250.0"
            },
            "geometry": {
                "type": "Point",
                "coordinates": [
                    -92.48370509999992,
                    47.18238830000897
                ]
            }
        },
        {
            "type": "Feature",
            "properties": {
                "Name": "PETERSON NORMAN E",
                "Address": "9292 HWY 53",
                "Phone": "2183909975",
                "Phase": "B",
                "Substation": "COTTON",
                "Map_location": "312021004",
                "PARCEL_NUMBER": "305002001602.0"
            },
            "geometry": {
                "type": "Point",
                "coordinates": [
                    -92.48370509999992,
                    47.18238830000897
                ]
            }
        },
        {
            "type": "Feature",
            "properties": {
                "Name": "TUHKANEN TROY",
                "Address": "7592 RANDALL RD",
                "Phone": "2183100656",
                "Phase": "B",
                "Substation": "COTTON",
                "Map_location": "312021057",
                "PARCEL_NUMBER": null
            },
            "geometry": {
                "type": "Point",
                "coordinates": [
                    -92.48300939999991,
                    47.18327546000895
                ]
            }
        },
        {
            "type": "Feature",
            "properties": {
                "Name": "SLYGH CHRIS A",
                "Address": "7651 RANDALL RD",
                "Phone": "2182485160",
                "Phase": "B",
                "Substation": "COTTON",
                "Map_location": "312000308",
                "PARCEL_NUMBER": "305002000431.0"
            },
            "geometry": {
                "type": "Point",
                "coordinates": [
                    -92.49024297999992,
                    47.18469737000897
                ]
            }
        },
        {
            "type": "Feature",
            "properties": {
                "Name": "MOBERG HENRY M",
                "Address": "9343 HWY 53",
                "Phone": "2189692235",
                "Phase": "B",
                "Substation": "COTTON",
                "Map_location": "312000302",
                "PARCEL_NUMBER": null
            },
            "geometry": {
                "type": "Point",
                "coordinates": [
                    -92.48786687999993,
                    47.187606450008964
                ]
            }
        },
        {
            "type": "Feature",
            "properties": {
                "Name": "SLYGH LARRY",
                "Address": "7673 RANDALL RD",
                "Phone": "2184823259",
                "Phase": "B",
                "Substation": "COTTON",
                "Map_location": "312000303",
                "PARCEL_NUMBER": null
            },
            "geometry": {
                "type": "Point",
                "coordinates": [
                    -92.49241187999993,
                    47.18435580000896
                ]
            }
        },
        {
            "type": "Feature",
            "properties": {
                "Name": "WICKER MARK F",
                "Address": "7711 RANDALL RD",
                "Phone": "2183418523",
                "Phase": "B",
                "Substation": "COTTON",
                "Map_location": "312000404",
                "PARCEL_NUMBER": "305002000700.0"
            },
            "geometry": {
                "type": "Point",
                "coordinates": [
                    -92.49681505999993,
                    47.184173270008976
                ]
            }
        },
        {
            "type": "Feature",
            "properties": {
                "Name": "JOHNSON STEVEN A",
                "Address": "7702 RANDALL RD",
                "Phone": "2184823416",
                "Phase": "B",
                "Substation": "COTTON",
                "Map_location": "312000901",
                "PARCEL_NUMBER": null
            },
            "geometry": {
                "type": "Point",
                "coordinates": [
                    -92.49539840999992,
                    47.181691300008964
                ]
            }
        },
        {
            "type": "Feature",
            "properties": {
                "Name": "SODERLUND WAYNE W",
                "Address": "7734 RANDALL RD",
                "Phone": "2183492895",
                "Phase": "B",
                "Substation": "COTTON",
                "Map_location": "312000902",
                "PARCEL_NUMBER": "305002002480.0"
            },
            "geometry": {
                "type": "Point",
                "coordinates": [
                    -92.49999850999993,
                    47.17946257000895
                ]
            }
        },
        {
            "type": "Feature",
            "properties": {
                "Name": "SODERLUND WAYNE W",
                "Address": "7734 RANDALL RD",
                "Phone": "2183492895",
                "Phase": "B",
                "Substation": "COTTON",
                "Map_location": "312000902",
                "PARCEL_NUMBER": "305002002470.0"
            },
            "geometry": {
                "type": "Point",
                "coordinates": [
                    -92.49999850999993,
                    47.17946257000895
                ]
            }
        },
        {
            "type": "Feature",
            "properties": {
                "Name": "MILLER STANLEY",
                "Address": "7741 RANDALL RD",
                "Phone": "2184823449",
                "Phase": "B",
                "Substation": "COTTON",
                "Map_location": "312000403",
                "PARCEL_NUMBER": null
            },
            "geometry": {
                "type": "Point",
                "coordinates": [
                    -92.5002649989359,
                    47.18399702810477
                ]
            }
        },
        {
            "type": "Feature",
            "properties": {
                "Name": "CLARK JILL MARIE",
                "Address": "9291 HWY 53",
                "Phone": "2187809191",
                "Phase": "B",
                "Substation": "COTTON",
                "Map_location": "312021046",
                "PARCEL_NUMBER": null
            },
            "geometry": {
                "type": "Point",
                "coordinates": [
                    -92.48514565999993,
                    47.18188152000895
                ]
            }
        },
        {
            "type": "Feature",
            "properties": {
                "Name": "HAGE CAROLYN S",
                "Address": "7466 RANDALL RD",
                "Phone": "2184825561",
                "Phase": "B",
                "Substation": "COTTON",
                "Map_location": "312011102",
                "PARCEL_NUMBER": null
            },
            "geometry": {
                "type": "Point",
                "coordinates": [
                    -92.46934985999991,
                    47.18287672000895
                ]
            }
        },
        {
            "type": "Feature",
            "properties": {
                "Name": "HAGE TYRSA L",
                "Address": "7445 RANDALL RD",
                "Phone": "2183930340",
                "Phase": "B",
                "Substation": "COTTON",
                "Map_location": "312010203",
                "PARCEL_NUMBER": null
            },
            "geometry": {
                "type": "Point",
                "coordinates": [
                    -92.4670868499999,
                    47.18432300000896
                ]
            }
        },
        {
            "type": "Feature",
            "properties": {
                "Name": "KOPIC CYNTHIA",
                "Address": "7444 RANDALL RD",
                "Phone": "2183103258",
                "Phase": "B",
                "Substation": "COTTON",
                "Map_location": "312011109",
                "PARCEL_NUMBER": null
            },
            "geometry": {
                "type": "Point",
                "coordinates": [
                    -92.46694765999992,
                    47.182389260008954
                ]
            }
        },
        {
            "type": "Feature",
            "properties": {
                "Name": "SEPPI JARI JAMES",
                "Address": "7419 RANDALL RD",
                "Phone": "2187800940",
                "Phase": "B",
                "Substation": "COTTON",
                "Map_location": "312010201",
                "PARCEL_NUMBER": "60002002315.0"
            },
            "geometry": {
                "type": "Point",
                "coordinates": [
                    -92.46453400999991,
                    47.18428561000896
                ]
            }
        },
        {
            "type": "Feature",
            "properties": {
                "Name": "MILLER DONALD J",
                "Address": "7394 RANDALL RD",
                "Phone": "2184823638",
                "Phase": "B",
                "Substation": "COTTON",
                "Map_location": "312011110",
                "PARCEL_NUMBER": null
            },
            "geometry": {
                "type": "Point",
                "coordinates": [
                    -92.46111852884333,
                    47.18260372346676
                ]
            }
        },
        {
            "type": "Feature",
            "properties": {
                "Name": "MILLER STEPHANIE L",
                "Address": "7393 RANDALL ROAD",
                "Phone": "2185915726",
                "Phase": "B",
                "Substation": "COTTON",
                "Map_location": "312010202",
                "PARCEL_NUMBER": null
            },
            "geometry": {
                "type": "Point",
                "coordinates": [
                    -92.46136698999992,
                    47.18403906000897
                ]
            }
        },
        {
            "type": "Feature",
            "properties": {
                "Name": "HAGE DENNIS",
                "Address": "7372 RANDALL RD",
                "Phone": "2184825574",
                "Phase": "B",
                "Substation": "COTTON",
                "Map_location": "312011101",
                "PARCEL_NUMBER": "305002001811.0"
            },
            "geometry": {
                "type": "Point",
                "coordinates": [
                    -92.45829777999991,
                    47.18058465000897
                ]
            }
        },
        {
            "type": "Feature",
            "properties": {
                "Name": "HAGE DENNIS",
                "Address": "7372 RANDALL RD",
                "Phone": "2184825574",
                "Phase": "B",
                "Substation": "COTTON",
                "Map_location": "312011101",
                "PARCEL_NUMBER": "305002001810.0"
            },
            "geometry": {
                "type": "Point",
                "coordinates": [
                    -92.45829777999991,
                    47.18058465000897
                ]
            }
        },
        {
            "type": "Feature",
            "properties": {
                "Name": "SODERLUND WALTER W",
                "Address": "7301 RANDALL RD",
                "Phone": "2184823350",
                "Phase": "B",
                "Substation": "COTTON",
                "Map_location": "312010101",
                "PARCEL_NUMBER": null
            },
            "geometry": {
                "type": "Point",
                "coordinates": [
                    -92.45100405999992,
                    47.18407130000898
                ]
            }
        },
        {
            "type": "Feature",
            "properties": {
                "Name": "ROBICH JO-ANNE",
                "Address": "7559 RANDALL RD",
                "Phone": "2184823303",
                "Phase": "B",
                "Substation": "COTTON",
                "Map_location": "312000306",
                "PARCEL_NUMBER": "295001700982.0"
            },
            "geometry": {
                "type": "Point",
                "coordinates": [
                    -92.48036808999991,
                    47.18420176000897
                ]
            }
        },
        {
            "type": "Feature",
            "properties": {
                "Name": "MILLER AUSTIN E",
                "Address": "7551 RANDALL RD",
                "Phone": "2189699206",
                "Phase": "B",
                "Substation": "COTTON",
                "Map_location": "312000304",
                "PARCEL_NUMBER": "305002000520.0"
            },
            "geometry": {
                "type": "Point",
                "coordinates": [
                    -92.47985243999992,
                    47.18412291000897
                ]
            }
        },
        {
            "type": "Feature",
            "properties": {
                "Name": "BRAKKE MARK ALFRED",
                "Address": "9367 FISHER RD",
                "Phone": "6127027074",
                "Phase": "B",
                "Substation": "COTTON",
                "Map_location": "312000301",
                "PARCEL_NUMBER": null
            },
            "geometry": {
                "type": "Point",
                "coordinates": [
                    -92.47302788999991,
                    47.189210980008966
                ]
            }
        },
        {
            "type": "Feature",
            "properties": {
                "Name": "DANZL DENNIS",
                "Address": "7709 MOBERG RD",
                "Phone": "2183913699",
                "Phase": "B",
                "Substation": "COTTON",
                "Map_location": "312000401",
                "PARCEL_NUMBER": null
            },
            "geometry": {
                "type": "Point",
                "coordinates": [
                    -92.49550211999993,
                    47.19152995000896
                ]
            }
        },
        {
            "type": "Feature",
            "properties": {
                "Name": "FETH JOHN H",
                "Address": "7736 MOBERG RD",
                "Phone": "2184823356",
                "Phase": "B",
                "Substation": "COTTON",
                "Map_location": "312000402",
                "PARCEL_NUMBER": null
            },
            "geometry": {
                "type": "Point",
                "coordinates": [
                    -92.49730590999991,
                    47.18989702000898
                ]
            }
        },
        {
            "type": "Feature",
            "properties": {
                "Name": "SCHNEIDER KELLY",
                "Address": "7770 GRAY RD",
                "Phone": "2185900526",
                "Phase": "B",
                "Substation": "COTTON",
                "Map_location": "312000410",
                "PARCEL_NUMBER": null
            },
            "geometry": {
                "type": "Point",
                "coordinates": [
                    -92.50076997355433,
                    47.1972768542494
                ]
            }
        },
        {
            "type": "Feature",
            "properties": {
                "Name": "YOUNG KYLE",
                "Address": "7750 GRAY RD",
                "Phone": "2183930743",
                "Phase": "B",
                "Substation": "COTTON",
                "Map_location": "312000411",
                "PARCEL_NUMBER": "40001003350.0"
            },
            "geometry": {
                "type": "Point",
                "coordinates": [
                    -92.4988832743227,
                    47.19694195023819
                ]
            }
        },
        {
            "type": "Feature",
            "properties": {
                "Name": "YOUNG KYLE",
                "Address": "7750 GRAY RD",
                "Phone": "2183930743",
                "Phase": "B",
                "Substation": "COTTON",
                "Map_location": "312000411",
                "PARCEL_NUMBER": "40003001930.0"
            },
            "geometry": {
                "type": "Point",
                "coordinates": [
                    -92.4988832743227,
                    47.19694195023819
                ]
            }
        },
        {
            "type": "Feature",
            "properties": {
                "Name": "YOUNG KYLE",
                "Address": "7750 GRAY RD",
                "Phone": "2183930743",
                "Phase": "B",
                "Substation": "COTTON",
                "Map_location": "312000411",
                "PARCEL_NUMBER": "40003000250.0"
            },
            "geometry": {
                "type": "Point",
                "coordinates": [
                    -92.4988832743227,
                    47.19694195023819
                ]
            }
        },
        {
            "type": "Feature",
            "properties": {
                "Name": "YOUNG KYLE",
                "Address": "7750 GRAY RD",
                "Phone": "2183930743",
                "Phase": "B",
                "Substation": "COTTON",
                "Map_location": "312000411",
                "PARCEL_NUMBER": "40003000260.0"
            },
            "geometry": {
                "type": "Point",
                "coordinates": [
                    -92.4988832743227,
                    47.19694195023819
                ]
            }
        },
        {
            "type": "Feature",
            "properties": {
                "Name": "YOUNG KYLE",
                "Address": "7750 GRAY RD",
                "Phone": "2183930743",
                "Phase": "B",
                "Substation": "COTTON",
                "Map_location": "312000411",
                "PARCEL_NUMBER": "40001002130.0"
            },
            "geometry": {
                "type": "Point",
                "coordinates": [
                    -92.4988832743227,
                    47.19694195023819
                ]
            }
        },
        {
            "type": "Feature",
            "properties": {
                "Name": "YOUNG KYLE",
                "Address": "7750 GRAY RD",
                "Phone": "2183930743",
                "Phase": "B",
                "Substation": "COTTON",
                "Map_location": "312000411",
                "PARCEL_NUMBER": "40003000950.0"
            },
            "geometry": {
                "type": "Point",
                "coordinates": [
                    -92.4988832743227,
                    47.19694195023819
                ]
            }
        },
        {
            "type": "Feature",
            "properties": {
                "Name": "YOUNG KYLE",
                "Address": "7750 GRAY RD",
                "Phone": "2183930743",
                "Phase": "B",
                "Substation": "COTTON",
                "Map_location": "312000411",
                "PARCEL_NUMBER": "40010000090.0"
            },
            "geometry": {
                "type": "Point",
                "coordinates": [
                    -92.4988832743227,
                    47.19694195023819
                ]
            }
        },
        {
            "type": "Feature",
            "properties": {
                "Name": "YOUNG KYLE",
                "Address": "7750 GRAY RD",
                "Phone": "2183930743",
                "Phase": "B",
                "Substation": "COTTON",
                "Map_location": "312000411",
                "PARCEL_NUMBER": "60001000880.0"
            },
            "geometry": {
                "type": "Point",
                "coordinates": [
                    -92.4988832743227,
                    47.19694195023819
                ]
            }
        },
        {
            "type": "Feature",
            "properties": {
                "Name": "YOUNG KYLE",
                "Address": "7750 GRAY RD",
                "Phone": "2183930743",
                "Phase": "B",
                "Substation": "COTTON",
                "Map_location": "312000411",
                "PARCEL_NUMBER": "90001001340.0"
            },
            "geometry": {
                "type": "Point",
                "coordinates": [
                    -92.4988832743227,
                    47.19694195023819
                ]
            }
        },
        {
            "type": "Feature",
            "properties": {
                "Name": "TRIEBWASSER TRAVIS JACOB",
                "Address": "7702 GRAY RD",
                "Phone": "2182350401",
                "Phase": "B",
                "Substation": "COTTON",
                "Map_location": "312000407",
                "PARCEL_NUMBER": null
            },
            "geometry": {
                "type": "Point",
                "coordinates": [
                    -92.49393436999992,
                    47.19736043000898
                ]
            }
        },
        {
            "type": "Feature",
            "properties": {
                "Name": "TRIEBWASSER AMIDON W",
                "Address": "7688 GRAY RD SHOP",
                "Phone": "2184823477",
                "Phase": "B",
                "Substation": "COTTON",
                "Map_location": "312000307",
                "PARCEL_NUMBER": null
            },
            "geometry": {
                "type": "Point",
                "coordinates": [
                    -92.49290346808058,
                    47.19777363748451
                ]
            }
        },
        {
            "type": "Feature",
            "properties": {
                "Name": "Customer not found in Customer Table \n(Check with Billing)",
                "Address": null,
                "Phone": null,
                "Phase": "B",
                "Substation": "COTTON",
                "Map_location": "291003404",
                "PARCEL_NUMBER": null
            },
            "geometry": {
                "type": "Point",
                "coordinates": [
                    -92.48757685999993,
                    47.204951940008996
                ]
            }
        },
        {
            "type": "Feature",
            "properties": {
                "Name": "MILLER BRADY A",
                "Address": "1253 HWY 53",
                "Phone": "2183436018",
                "Phase": "B",
                "Substation": "COTTON",
                "Map_location": "291003402",
                "PARCEL_NUMBER": null
            },
            "geometry": {
                "type": "Point",
                "coordinates": [
                    -92.48905710344474,
                    47.20890789661457
                ]
            }
        },
        {
            "type": "Feature",
            "properties": {
                "Name": "MN DEPT OF TRANSP ORTATION",
                "Address": "1270 HWY 53",
                "Phone": "2187252825",
                "Phase": "B",
                "Substation": "COTTON",
                "Map_location": "291003405",
                "PARCEL_NUMBER": null
            },
            "geometry": {
                "type": "Point",
                "coordinates": [
                    -92.48775233077671,
                    47.21119525895356
                ]
            }
        },
        {
            "type": "Feature",
            "properties": {
                "Name": "MN DEPT OF TRANSP ORTATION",
                "Address": "1314 HWY 53 COTTON WIM",
                "Phone": "2187252700",
                "Phase": "B",
                "Substation": "COTTON",
                "Map_location": "291002702",
                "PARCEL_NUMBER": null
            },
            "geometry": {
                "type": "Point",
                "coordinates": [
                    -92.48722277622686,
                    47.21248009002138
                ]
            }
        },
        {
            "type": "Feature",
            "properties": {
                "Name": "RIESS STEVEN J",
                "Address": "1314 HWY 53",
                "Phone": "2184823664",
                "Phase": "B",
                "Substation": "COTTON",
                "Map_location": "291002701",
                "PARCEL_NUMBER": "320002004320.0"
            },
            "geometry": {
                "type": "Point",
                "coordinates": [
                    -92.48453837439875,
                    47.21271858051976
                ]
            }
        },
        {
            "type": "Feature",
            "properties": {
                "Name": "RIESS STEVEN J",
                "Address": "1314 HWY 53",
                "Phone": "2184823664",
                "Phase": "B",
                "Substation": "COTTON",
                "Map_location": "291002701",
                "PARCEL_NUMBER": "320002005370.0"
            },
            "geometry": {
                "type": "Point",
                "coordinates": [
                    -92.48453837439875,
                    47.21271858051976
                ]
            }
        },
        {
            "type": "Feature",
            "properties": {
                "Name": "FISHER KATHLEEN P",
                "Address": "7401 BUG CREEK RD",
                "Phone": "2187804187",
                "Phase": "A",
                "Substation": "COTTON",
                "Map_location": "312031405",
                "PARCEL_NUMBER": "305002002410.0"
            },
            "geometry": {
                "type": "Point",
                "coordinates": [
                    -92.46466475999992,
                    47.163030620008946
                ]
            }
        },
        {
            "type": "Feature",
            "properties": {
                "Name": "FISHER KATHLEEN P",
                "Address": "7401 BUG CREEK RD",
                "Phone": "2187804187",
                "Phase": "A",
                "Substation": "COTTON",
                "Map_location": "312031405",
                "PARCEL_NUMBER": "305002002524.0"
            },
            "geometry": {
                "type": "Point",
                "coordinates": [
                    -92.46466475999992,
                    47.163030620008946
                ]
            }
        },
        {
            "type": "Feature",
            "properties": {
                "Name": "IND SCHOOL DIST # 2142",
                "Address": "BUG CREEK RD",
                "Phone": "2187498130",
                "Phase": "A",
                "Substation": "COTTON",
                "Map_location": "312031411",
                "PARCEL_NUMBER": null
            },
            "geometry": {
                "type": "Point",
                "coordinates": [
                    -92.46410779999991,
                    47.158287900008915
                ]
            }
        },
        {
            "type": "Feature",
            "properties": {
                "Name": "TOURVILLE BRIAN",
                "Address": "7393 BUG CREEK RD",
                "Phone": "2185902029",
                "Phase": "A",
                "Substation": "COTTON",
                "Map_location": "312031410",
                "PARCEL_NUMBER": "305002002521.0"
            },
            "geometry": {
                "type": "Point",
                "coordinates": [
                    -92.46175391999992,
                    47.15869600000893
                ]
            }
        },
        {
            "type": "Feature",
            "properties": {
                "Name": "SODERLUND DONALD W",
                "Address": "7341 BUG CREEK RD",
                "Phone": "2184823359",
                "Phase": "A",
                "Substation": "COTTON",
                "Map_location": "312031413",
                "PARCEL_NUMBER": "305002002520.0"
            },
            "geometry": {
                "type": "Point",
                "coordinates": [
                    -92.45640899999991,
                    47.159228000008945
                ]
            }
        },
        {
            "type": "Feature",
            "properties": {
                "Name": "SODERLUND DONALD W",
                "Address": "7341 BUG CREEK RD",
                "Phone": "2184823359",
                "Phase": "A",
                "Substation": "COTTON",
                "Map_location": "312031413",
                "PARCEL_NUMBER": "305002002280.0"
            },
            "geometry": {
                "type": "Point",
                "coordinates": [
                    -92.45640899999991,
                    47.159228000008945
                ]
            }
        },
        {
            "type": "Feature",
            "properties": {
                "Name": "SODERLUND DONALD W",
                "Address": "7341 BUG CREEK RD",
                "Phone": "2184823359",
                "Phase": "A",
                "Substation": "COTTON",
                "Map_location": "312031413",
                "PARCEL_NUMBER": "305002002510.0"
            },
            "geometry": {
                "type": "Point",
                "coordinates": [
                    -92.45640899999991,
                    47.159228000008945
                ]
            }
        },
        {
            "type": "Feature",
            "properties": {
                "Name": "KORPI RUSSELL ARTHUR",
                "Address": "7239 BUG CREEK RD",
                "Phone": "2187444575",
                "Phase": "A",
                "Substation": "COTTON",
                "Map_location": "312031301",
                "PARCEL_NUMBER": "320008000030.0"
            },
            "geometry": {
                "type": "Point",
                "coordinates": [
                    -92.44374029999992,
                    47.15891270000895
                ]
            }
        },
        {
            "type": "Feature",
            "properties": {
                "Name": "KORPI RUSSELL ARTHUR",
                "Address": "7239 BUG CREEK RD",
                "Phone": "2187444575",
                "Phase": "A",
                "Substation": "COTTON",
                "Map_location": "312031301",
                "PARCEL_NUMBER": "305002002250.0"
            },
            "geometry": {
                "type": "Point",
                "coordinates": [
                    -92.44374029999992,
                    47.15891270000895
                ]
            }
        },
        {
            "type": "Feature",
            "properties": {
                "Name": "HOWLEY MARK F",
                "Address": "7461 BUG CREEK RD",
                "Phone": "2184105413",
                "Phase": "A",
                "Substation": "COTTON",
                "Map_location": "312031415",
                "PARCEL_NUMBER": "305002002444.0"
            },
            "geometry": {
                "type": "Point",
                "coordinates": [
                    -92.46968216999991,
                    47.15849199000893
                ]
            }
        },
        {
            "type": "Feature",
            "properties": {
                "Name": "HOWLEY MARK F",
                "Address": "7461 BUG CREEK RD",
                "Phone": "2184105413",
                "Phase": "A",
                "Substation": "COTTON",
                "Map_location": "312031415",
                "PARCEL_NUMBER": "305002001340.0"
            },
            "geometry": {
                "type": "Point",
                "coordinates": [
                    -92.46968216999991,
                    47.15849199000893
                ]
            }
        },
        {
            "type": "Feature",
            "properties": {
                "Name": "HOWLEY MARK F",
                "Address": "7461 BUG CREEK RD",
                "Phone": "2184105413",
                "Phase": "A",
                "Substation": "COTTON",
                "Map_location": "312031415",
                "PARCEL_NUMBER": "305002002445.0"
            },
            "geometry": {
                "type": "Point",
                "coordinates": [
                    -92.46968216999991,
                    47.15849199000893
                ]
            }
        },
        {
            "type": "Feature",
            "properties": {
                "Name": "HOWLEY MARK F",
                "Address": "7461 BUG CREEK RD",
                "Phone": "2184105413",
                "Phase": "A",
                "Substation": "COTTON",
                "Map_location": "312031415",
                "PARCEL_NUMBER": "305002002441.0"
            },
            "geometry": {
                "type": "Point",
                "coordinates": [
                    -92.46968216999991,
                    47.15849199000893
                ]
            }
        },
        {
            "type": "Feature",
            "properties": {
                "Name": "HOWLEY MARK F",
                "Address": "7461 BUG CREEK RD",
                "Phone": "2184105413",
                "Phase": "A",
                "Substation": "COTTON",
                "Map_location": "312031415",
                "PARCEL_NUMBER": "305002001610.0"
            },
            "geometry": {
                "type": "Point",
                "coordinates": [
                    -92.46968216999991,
                    47.15849199000893
                ]
            }
        },
        {
            "type": "Feature",
            "properties": {
                "Name": "POETTGEN LESLIE B",
                "Address": "9016 HWY 53",
                "Phone": "2183401484",
                "Phase": "A",
                "Substation": "COTTON",
                "Map_location": "312031406",
                "PARCEL_NUMBER": "305002002460.0"
            },
            "geometry": {
                "type": "Point",
                "coordinates": [
                    -92.4723704199999,
                    47.15874140000894
                ]
            }
        },
        {
            "type": "Feature",
            "properties": {
                "Name": "CARLSON JULIA",
                "Address": "7398 CEMETERY RD",
                "Phone": "6122908155",
                "Phase": "B",
                "Substation": "COTTON",
                "Map_location": "312042320",
                "PARCEL_NUMBER": null
            },
            "geometry": {
                "type": "Point",
                "coordinates": [
                    -92.4608162999999,
                    47.15105690000891
                ]
            }
        },
        {
            "type": "Feature",
            "properties": {
                "Name": "KEYES WILL T",
                "Address": "7502 CABIN RD",
                "Phone": "2182699918",
                "Phase": "B",
                "Substation": "COTTON",
                "Map_location": "312042321",
                "PARCEL_NUMBER": null
            },
            "geometry": {
                "type": "Point",
                "coordinates": [
                    -92.45265114999991,
                    47.149975850008936
                ]
            }
        },
        {
            "type": "Feature",
            "properties": {
                "Name": "GUNDERSON CONSTANCE LEE",
                "Address": "7480 CABIN RD",
                "Phone": "2185763993",
                "Phase": "B",
                "Substation": "COTTON",
                "Map_location": "312042301",
                "PARCEL_NUMBER": null
            },
            "geometry": {
                "type": "Point",
                "coordinates": [
                    -92.45383089999991,
                    47.14904020000893
                ]
            }
        },
        {
            "type": "Feature",
            "properties": {
                "Name": "GUNDERSON CONSTANCE LEE",
                "Address": "7476 CABIN RD",
                "Phone": "2185763993",
                "Phase": "B",
                "Substation": "COTTON",
                "Map_location": "312042302",
                "PARCEL_NUMBER": null
            },
            "geometry": {
                "type": "Point",
                "coordinates": [
                    -92.4540100699999,
                    47.14870537000892
                ]
            }
        },
        {
            "type": "Feature",
            "properties": {
                "Name": "COOKE CHAD D",
                "Address": "7470 CABIN RD",
                "Phone": "2187273663",
                "Phase": "B",
                "Substation": "COTTON",
                "Map_location": "312042303",
                "PARCEL_NUMBER": null
            },
            "geometry": {
                "type": "Point",
                "coordinates": [
                    -92.45455669999991,
                    47.14838490000893
                ]
            }
        },
        {
            "type": "Feature",
            "properties": {
                "Name": "FISH MICHAEL",
                "Address": "7466 CABIN RD",
                "Phone": "2182631449",
                "Phase": "B",
                "Substation": "COTTON",
                "Map_location": "312042304",
                "PARCEL_NUMBER": null
            },
            "geometry": {
                "type": "Point",
                "coordinates": [
                    -92.45456029999991,
                    47.14819640000893
                ]
            }
        },
        {
            "type": "Feature",
            "properties": {
                "Name": "HANSEN BRENDA JEAN",
                "Address": "7464 CABIN ROAD",
                "Phone": "2183906167",
                "Phase": "B",
                "Substation": "COTTON",
                "Map_location": "312042305",
                "PARCEL_NUMBER": null
            },
            "geometry": {
                "type": "Point",
                "coordinates": [
                    -92.45464689999991,
                    47.14786730000892
                ]
            }
        },
        {
            "type": "Feature",
            "properties": {
                "Name": "KARPPINEN KEVIN WILLIAM",
                "Address": "7458 CABIN LK RD",
                "Phone": "2188792404",
                "Phase": "B",
                "Substation": "COTTON",
                "Map_location": "312042310",
                "PARCEL_NUMBER": null
            },
            "geometry": {
                "type": "Point",
                "coordinates": [
                    -92.45488759999992,
                    47.147599300008935
                ]
            }
        },
        {
            "type": "Feature",
            "properties": {
                "Name": "KARPPINEN KEVIN WILLIAM",
                "Address": "7452 CABIN RD",
                "Phone": "2188792404",
                "Phase": "B",
                "Substation": "COTTON",
                "Map_location": "312042324",
                "PARCEL_NUMBER": "305002200150.0"
            },
            "geometry": {
                "type": "Point",
                "coordinates": [
                    -92.45588689999991,
                    47.147168050008915
                ]
            }
        },
        {
            "type": "Feature",
            "properties": {
                "Name": "KARPPINEN KEVIN WILLIAM",
                "Address": "7452 CABIN RD",
                "Phone": "2188792404",
                "Phase": "B",
                "Substation": "COTTON",
                "Map_location": "312042324",
                "PARCEL_NUMBER": "305002200140.0"
            },
            "geometry": {
                "type": "Point",
                "coordinates": [
                    -92.45588689999991,
                    47.147168050008915
                ]
            }
        },
        {
            "type": "Feature",
            "properties": {
                "Name": "THIELKE EDITH ESTHER",
                "Address": "7446 CABIN RD",
                "Phone": "2814412131",
                "Phase": "B",
                "Substation": "COTTON",
                "Map_location": "312042311",
                "PARCEL_NUMBER": null
            },
            "geometry": {
                "type": "Point",
                "coordinates": [
                    -92.45624829999991,
                    47.14700480000892
                ]
            }
        },
        {
            "type": "Feature",
            "properties": {
                "Name": "JOHNSON JIM R",
                "Address": "7323 KAUPPI LK RD",
                "Phone": "5152902168",
                "Phase": "B",
                "Substation": "COTTON",
                "Map_location": "312042317",
                "PARCEL_NUMBER": null
            },
            "geometry": {
                "type": "Point",
                "coordinates": [
                    -92.4556974699999,
                    47.145041830008914
                ]
            }
        },
        {
            "type": "Feature",
            "properties": {
                "Name": "HEWETT JOHN T",
                "Address": "7327 KAUPPI LK RD",
                "Phone": "2184045183",
                "Phase": "B",
                "Substation": "COTTON",
                "Map_location": "312042315",
                "PARCEL_NUMBER": null
            },
            "geometry": {
                "type": "Point",
                "coordinates": [
                    -92.4548121999999,
                    47.14520990000892
                ]
            }
        },
        {
            "type": "Feature",
            "properties": {
                "Name": "CHANDLER DANIEL",
                "Address": "7319 KAUPPI LAKE RD",
                "Phone": "2184288097",
                "Phase": "B",
                "Substation": "COTTON",
                "Map_location": "312042328",
                "PARCEL_NUMBER": "305002004106.0"
            },
            "geometry": {
                "type": "Point",
                "coordinates": [
                    -92.45425778999991,
                    47.14519713000894
                ]
            }
        },
        {
            "type": "Feature",
            "properties": {
                "Name": "DEAN JENNIFER N",
                "Address": "7321 KAUPPI LK RD",
                "Phone": "6126700048",
                "Phase": "B",
                "Substation": "COTTON",
                "Map_location": "312042306",
                "PARCEL_NUMBER": null
            },
            "geometry": {
                "type": "Point",
                "coordinates": [
                    -92.45392050999992,
                    47.14485963000891
                ]
            }
        },
        {
            "type": "Feature",
            "properties": {
                "Name": "PECHTOLD CHRISTA M",
                "Address": "7311 KAUPPI LK RD",
                "Phone": "2184283102",
                "Phase": "B",
                "Substation": "COTTON",
                "Map_location": "312042309",
                "PARCEL_NUMBER": null
            },
            "geometry": {
                "type": "Point",
                "coordinates": [
                    -92.45326011539649,
                    47.143961889247045
                ]
            }
        },
        {
            "type": "Feature",
            "properties": {
                "Name": "PECHTOLD CHRISTA M",
                "Address": "8747 LAMBERT RD",
                "Phone": "2184283102",
                "Phase": "B",
                "Substation": "COTTON",
                "Map_location": "312042313",
                "PARCEL_NUMBER": "305002004145.0"
            },
            "geometry": {
                "type": "Point",
                "coordinates": [
                    -92.45230149999992,
                    47.14292280000892
                ]
            }
        },
        {
            "type": "Feature",
            "properties": {
                "Name": "SALMONSON TERRY ALLEN",
                "Address": "7328 KAUPPI LK RD",
                "Phone": "2183912355",
                "Phase": "B",
                "Substation": "COTTON",
                "Map_location": "312042312",
                "PARCEL_NUMBER": null
            },
            "geometry": {
                "type": "Point",
                "coordinates": [
                    -92.45530459999992,
                    47.14316180000891
                ]
            }
        },
        {
            "type": "Feature",
            "properties": {
                "Name": "YOUNGBERG DAVID",
                "Address": "7317 KAUPPI LAKE",
                "Phone": "2184511359",
                "Phase": "B",
                "Substation": "COTTON",
                "Map_location": "312042325",
                "PARCEL_NUMBER": null
            },
            "geometry": {
                "type": "Point",
                "coordinates": [
                    -92.45347659999992,
                    47.14472167000891
                ]
            }
        },
        {
            "type": "Feature",
            "properties": {
                "Name": "OLSEN TYLER J",
                "Address": "7364 CEMETERY RD",
                "Phone": "2184287866",
                "Phase": "B",
                "Substation": "COTTON",
                "Map_location": "312042427",
                "PARCEL_NUMBER": "305003000012.0"
            },
            "geometry": {
                "type": "Point",
                "coordinates": [
                    -92.45485389999992,
                    47.153386600008936
                ]
            }
        },
        {
            "type": "Feature",
            "properties": {
                "Name": "OLSEN TYLER J",
                "Address": "7364 CEMETERY RD",
                "Phone": "2184287866",
                "Phase": "B",
                "Substation": "COTTON",
                "Map_location": "312042427",
                "PARCEL_NUMBER": "305002003956.0"
            },
            "geometry": {
                "type": "Point",
                "coordinates": [
                    -92.45485389999992,
                    47.153386600008936
                ]
            }
        },
        {
            "type": "Feature",
            "properties": {
                "Name": "OLSEN TYLER J",
                "Address": "7364 CEMETERY RD",
                "Phone": "2184287866",
                "Phase": "B",
                "Substation": "COTTON",
                "Map_location": "312042427",
                "PARCEL_NUMBER": "305002003940.0"
            },
            "geometry": {
                "type": "Point",
                "coordinates": [
                    -92.45485389999992,
                    47.153386600008936
                ]
            }
        },
        {
            "type": "Feature",
            "properties": {
                "Name": "OLSEN TYLER J",
                "Address": "7364 CEMETERY RD",
                "Phone": "2184287866",
                "Phase": "B",
                "Substation": "COTTON",
                "Map_location": "312042427",
                "PARCEL_NUMBER": "305002001940.0"
            },
            "geometry": {
                "type": "Point",
                "coordinates": [
                    -92.45485389999992,
                    47.153386600008936
                ]
            }
        },
        {
            "type": "Feature",
            "properties": {
                "Name": "OLSEN TYLER J",
                "Address": "7364 CEMETERY RD",
                "Phone": "2184287866",
                "Phase": "B",
                "Substation": "COTTON",
                "Map_location": "312042427",
                "PARCEL_NUMBER": "305001003770.0"
            },
            "geometry": {
                "type": "Point",
                "coordinates": [
                    -92.45485389999992,
                    47.153386600008936
                ]
            }
        },
        {
            "type": "Feature",
            "properties": {
                "Name": "OLSEN TYLER J",
                "Address": "7364 CEMETERY RD",
                "Phone": "2184287866",
                "Phase": "B",
                "Substation": "COTTON",
                "Map_location": "312042427",
                "PARCEL_NUMBER": "305001001150.0"
            },
            "geometry": {
                "type": "Point",
                "coordinates": [
                    -92.45485389999992,
                    47.153386600008936
                ]
            }
        },
        {
            "type": "Feature",
            "properties": {
                "Name": "OLSEN TYLER J",
                "Address": "7364 CEMETERY RD",
                "Phone": "2184287866",
                "Phase": "B",
                "Substation": "COTTON",
                "Map_location": "312042427",
                "PARCEL_NUMBER": "305003000011.0"
            },
            "geometry": {
                "type": "Point",
                "coordinates": [
                    -92.45485389999992,
                    47.153386600008936
                ]
            }
        },
        {
            "type": "Feature",
            "properties": {
                "Name": "OLSEN TYLER J",
                "Address": "7364 CEMETERY RD",
                "Phone": "2184287866",
                "Phase": "B",
                "Substation": "COTTON",
                "Map_location": "312042427",
                "PARCEL_NUMBER": "305001003820.0"
            },
            "geometry": {
                "type": "Point",
                "coordinates": [
                    -92.45485389999992,
                    47.153386600008936
                ]
            }
        },
        {
            "type": "Feature",
            "properties": {
                "Name": "OLSEN TYLER J",
                "Address": "7364 CEMETERY RD",
                "Phone": "2184287866",
                "Phase": "B",
                "Substation": "COTTON",
                "Map_location": "312042427",
                "PARCEL_NUMBER": "305001003720.0"
            },
            "geometry": {
                "type": "Point",
                "coordinates": [
                    -92.45485389999992,
                    47.153386600008936
                ]
            }
        },
        {
            "type": "Feature",
            "properties": {
                "Name": "PETERSON WILLIAM H",
                "Address": "8887 LYNN LANE",
                "Phone": "2184215518",
                "Phase": "B",
                "Substation": "COTTON",
                "Map_location": "312042408",
                "PARCEL_NUMBER": null
            },
            "geometry": {
                "type": "Point",
                "coordinates": [
                    -92.45085729999991,
                    47.15108640000892
                ]
            }
        },
        {
            "type": "Feature",
            "properties": {
                "Name": "NADEAU TOM",
                "Address": "8853 LYNN LN",
                "Phone": "2182061764",
                "Phase": "B",
                "Substation": "COTTON",
                "Map_location": "312042426",
                "PARCEL_NUMBER": null
            },
            "geometry": {
                "type": "Point",
                "coordinates": [
                    -92.44679387999992,
                    47.150981160008925
                ]
            }
        },
        {
            "type": "Feature",
            "properties": {
                "Name": "AUSTINSON BO DOUGLAS",
                "Address": "7205 KAUPPI LK RD",
                "Phone": "2183900366",
                "Phase": "B",
                "Substation": "COTTON",
                "Map_location": "312042416",
                "PARCEL_NUMBER": null
            },
            "geometry": {
                "type": "Point",
                "coordinates": [
                    -92.44674403939312,
                    47.14612034352395
                ]
            }
        },
        {
            "type": "Feature",
            "properties": {
                "Name": "JOHNSON STEVEN M",
                "Address": "7206 KAUPPI LK RD",
                "Phone": "6514263089",
                "Phase": "B",
                "Substation": "COTTON",
                "Map_location": "312042419",
                "PARCEL_NUMBER": null
            },
            "geometry": {
                "type": "Point",
                "coordinates": [
                    -92.44614949999992,
                    47.1468546000089
                ]
            }
        },
        {
            "type": "Feature",
            "properties": {
                "Name": "RICE STEPHEN L",
                "Address": "7228 KAUPPI LK RD",
                "Phone": "6514426220",
                "Phase": "B",
                "Substation": "COTTON",
                "Map_location": "312042423",
                "PARCEL_NUMBER": null
            },
            "geometry": {
                "type": "Point",
                "coordinates": [
                    -92.4448557999999,
                    47.14811500000892
                ]
            }
        },
        {
            "type": "Feature",
            "properties": {
                "Name": "MASON BONNIE L",
                "Address": "7243 KAUPPI LK RD",
                "Phone": "2183495666",
                "Phase": "B",
                "Substation": "COTTON",
                "Map_location": "312042418",
                "PARCEL_NUMBER": null
            },
            "geometry": {
                "type": "Point",
                "coordinates": [
                    -92.44551814999991,
                    47.144435020008906
                ]
            }
        },
        {
            "type": "Feature",
            "properties": {
                "Name": "FRYE MIKE B",
                "Address": "8729 HWY 53",
                "Phone": "2183936518",
                "Phase": "A",
                "Substation": "COTTON",
                "Map_location": "312002202",
                "PARCEL_NUMBER": null
            },
            "geometry": {
                "type": "Point",
                "coordinates": [
                    -92.47404109999991,
                    47.142242610008914
                ]
            }
        },
        {
            "type": "Feature",
            "properties": {
                "Name": "BERGUM KEVIN",
                "Address": "8720 HWY 53",
                "Phone": null,
                "Phase": "C",
                "Substation": "COTTON",
                "Map_location": "312002302",
                "PARCEL_NUMBER": null
            },
            "geometry": {
                "type": "Point",
                "coordinates": [
                    -92.47264149999991,
                    47.14145260000891
                ]
            }
        },
        {
            "type": "Feature",
            "properties": {
                "Name": "LAMAR ADVERTISING CO",
                "Address": "BILBOARD BY OLD TRK STP",
                "Phone": "8002347293",
                "Phase": "A",
                "Substation": "COTTON",
                "Map_location": "312002308",
                "PARCEL_NUMBER": null
            },
            "geometry": {
                "type": "Point",
                "coordinates": [
                    -92.47241309999991,
                    47.143831600008916
                ]
            }
        },
        {
            "type": "Feature",
            "properties": {
                "Name": "LAMAR ADVERTISING CO",
                "Address": "8728 HWY 53",
                "Phone": "8002347293",
                "Phase": "A",
                "Substation": "COTTON",
                "Map_location": "312002313",
                "PARCEL_NUMBER": null
            },
            "geometry": {
                "type": "Point",
                "coordinates": [
                    -92.47261913877415,
                    47.142949117328094
                ]
            }
        },
        {
            "type": "Feature",
            "properties": {
                "Name": "S2 RENTAL PROPERT IES",
                "Address": "8728 HWY 53 MOTEL",
                "Phone": "2183914777",
                "Phase": "A",
                "Substation": "COTTON",
                "Map_location": "312002310",
                "PARCEL_NUMBER": null
            },
            "geometry": {
                "type": "Point",
                "coordinates": [
                    -92.47219939999991,
                    47.14287580000892
                ]
            }
        },
        {
            "type": "Feature",
            "properties": {
                "Name": "RUSSO BERNADETTE",
                "Address": "7484 MCKAY RD",
                "Phone": "2187801571",
                "Phase": "A",
                "Substation": "COTTON",
                "Map_location": "312002601",
                "PARCEL_NUMBER": null
            },
            "geometry": {
                "type": "Point",
                "coordinates": [
                    -92.47069168999991,
                    47.14011032000891
                ]
            }
        },
        {
            "type": "Feature",
            "properties": {
                "Name": "POSKIE JEFF P",
                "Address": "7486 MCKAY RD",
                "Phone": "2183484883",
                "Phase": "A",
                "Substation": "COTTON",
                "Map_location": "312002602",
                "PARCEL_NUMBER": "305002004542.0"
            },
            "geometry": {
                "type": "Point",
                "coordinates": [
                    -92.47204760087271,
                    47.138608176751255
                ]
            }
        },
        {
            "type": "Feature",
            "properties": {
                "Name": "JOHNSON LYNN M",
                "Address": "8699 HWY 53",
                "Phone": "2184823714",
                "Phase": "A",
                "Substation": "COTTON",
                "Map_location": "312002701",
                "PARCEL_NUMBER": "305002004650.0"
            },
            "geometry": {
                "type": "Point",
                "coordinates": [
                    -92.47357609999992,
                    47.137275500008926
                ]
            }
        },
        {
            "type": "Feature",
            "properties": {
                "Name": "Customer not found in Customer Table \n(Check with Billing)",
                "Address": null,
                "Phone": null,
                "Phase": "A",
                "Substation": "COTTON",
                "Map_location": "312002309",
                "PARCEL_NUMBER": null
            },
            "geometry": {
                "type": "Point",
                "coordinates": [
                    -92.47268923421994,
                    47.142088722948955
                ]
            }
        },
        {
            "type": "Feature",
            "properties": {
                "Name": "WAIT GREGG K",
                "Address": "8728 HWY 53 NORTH CAFE",
                "Phone": "2184286111",
                "Phase": "A",
                "Substation": "COTTON",
                "Map_location": "312002303",
                "PARCEL_NUMBER": null
            },
            "geometry": {
                "type": "Point",
                "coordinates": [
                    -92.47240127804695,
                    47.14061918255561
                ]
            }
        },
        {
            "type": "Feature",
            "properties": {
                "Name": "ST LOUIS CO SOLID WASTE",
                "Address": "8476 HWY 53",
                "Phone": "2187499703",
                "Phase": "C",
                "Substation": "COTTON",
                "Map_location": "312003502",
                "PARCEL_NUMBER": null
            },
            "geometry": {
                "type": "Point",
                "coordinates": [
                    -92.4702429999999,
                    47.1253186000089
                ]
            }
        },
        {
            "type": "Feature",
            "properties": {
                "Name": "HALL JERRY W",
                "Address": "8559 HIGHWAY 53",
                "Phone": "2184823391",
                "Phase": "C",
                "Substation": "COTTON",
                "Map_location": "312002702",
                "PARCEL_NUMBER": null
            },
            "geometry": {
                "type": "Point",
                "coordinates": [
                    -92.47348629999992,
                    47.130875300008896
                ]
            }
        },
        {
            "type": "Feature",
            "properties": {
                "Name": "LARSON ERIC J",
                "Address": "8456 HWY 53",
                "Phone": "9522921454",
                "Phase": "A",
                "Substation": "COTTON",
                "Map_location": "312003503",
                "PARCEL_NUMBER": null
            },
            "geometry": {
                "type": "Point",
                "coordinates": [
                    -92.47002869999992,
                    47.11795710000889
                ]
            }
        },
        {
            "type": "Feature",
            "properties": {
                "Name": "WEGSCHEID RALPH LEONARD",
                "Address": "8455 HWY 53",
                "Phone": "2189661854",
                "Phase": "C",
                "Substation": "COTTON",
                "Map_location": "312003401",
                "PARCEL_NUMBER": "305002006030.0"
            },
            "geometry": {
                "type": "Point",
                "coordinates": [
                    -92.47244450999992,
                    47.11727709000889
                ]
            }
        },
        {
            "type": "Feature",
            "properties": {
                "Name": "WEGSCHEID RALPH LEONARD",
                "Address": "8455 HWY 53",
                "Phone": "2189661854",
                "Phase": "C",
                "Substation": "COTTON",
                "Map_location": "312003401",
                "PARCEL_NUMBER": "305002005890.0"
            },
            "geometry": {
                "type": "Point",
                "coordinates": [
                    -92.47244450999992,
                    47.11727709000889
                ]
            }
        },
        {
            "type": "Feature",
            "properties": {
                "Name": "ZORN AARON",
                "Address": "7329 THREE LAKES RD",
                "Phone": "2187507173",
                "Phase": "B",
                "Substation": "COTTON",
                "Map_location": "333000201",
                "PARCEL_NUMBER": null
            },
            "geometry": {
                "type": "Point",
                "coordinates": [
                    -92.45299413999992,
                    47.10559608000889
                ]
            }
        },
        {
            "type": "Feature",
            "properties": {
                "Name": "SWANSON JENNIFER ANN",
                "Address": "7326 THREE LAKES RD",
                "Phone": "2184108830",
                "Phase": "C",
                "Substation": "COTTON",
                "Map_location": "333000206",
                "PARCEL_NUMBER": "490001000295.0"
            },
            "geometry": {
                "type": "Point",
                "coordinates": [
                    -92.45251249999991,
                    47.10437960000888
                ]
            }
        },
        {
            "type": "Feature",
            "properties": {
                "Name": "SWANSON CHARLES",
                "Address": "7324 THREE LAKES RD",
                "Phone": "2183456284",
                "Phase": "C",
                "Substation": "COTTON",
                "Map_location": "333000205",
                "PARCEL_NUMBER": null
            },
            "geometry": {
                "type": "Point",
                "coordinates": [
                    -92.45325363999991,
                    47.10326902000886
                ]
            }
        },
        {
            "type": "Feature",
            "properties": {
                "Name": "ALLEN JOHN J",
                "Address": "7272 THREE LAKES RD",
                "Phone": "6512695713",
                "Phase": "C",
                "Substation": "COTTON",
                "Map_location": "333000104",
                "PARCEL_NUMBER": null
            },
            "geometry": {
                "type": "Point",
                "coordinates": [
                    -92.44744879999992,
                    47.104306330008875
                ]
            }
        },
        {
            "type": "Feature",
            "properties": {
                "Name": "CIMERMANCIC DAVID",
                "Address": "7224 THREE LKS RD",
                "Phone": "2183492344",
                "Phase": "B",
                "Substation": "COTTON",
                "Map_location": "333000101",
                "PARCEL_NUMBER": null
            },
            "geometry": {
                "type": "Point",
                "coordinates": [
                    -92.44216002999991,
                    47.10431994000887
                ]
            }
        },
        {
            "type": "Feature",
            "properties": {
                "Name": "KARO WILLIAM E",
                "Address": "7225 THREE LKS RD",
                "Phone": "2183456863",
                "Phase": "B",
                "Substation": "COTTON",
                "Map_location": "333000106",
                "PARCEL_NUMBER": null
            },
            "geometry": {
                "type": "Point",
                "coordinates": [
                    -92.44231961999992,
                    47.105406210008866
                ]
            }
        },
        {
            "type": "Feature",
            "properties": {
                "Name": "FRONTIER COMMUNIC ATIONS",
                "Address": "CORNER OF 3 LKS RD AND ROSE LK",
                "Phone": "7017071015",
                "Phase": "B",
                "Substation": "COTTON",
                "Map_location": "334000659",
                "PARCEL_NUMBER": null
            },
            "geometry": {
                "type": "Point",
                "coordinates": [
                    -92.42393799999992,
                    47.10426410000887
                ]
            }
        },
        {
            "type": "Feature",
            "properties": {
                "Name": "HOFER SCOTT J",
                "Address": "7049 THREE LAKES RD",
                "Phone": "6122815127",
                "Phase": "C",
                "Substation": "COTTON",
                "Map_location": "334010658",
                "PARCEL_NUMBER": null
            },
            "geometry": {
                "type": "Point",
                "coordinates": [
                    -92.4206616999999,
                    47.104364900008875
                ]
            }
        },
        {
            "type": "Feature",
            "properties": {
                "Name": "HOVIS SAVANNAH J",
                "Address": "1493 CACKLEBERRY DR",
                "Phone": null,
                "Phase": "A",
                "Substation": "COTTON",
                "Map_location": "292022924",
                "PARCEL_NUMBER": null
            },
            "geometry": {
                "type": "Point",
                "coordinates": [
                    -92.39363674501492,
                    47.22598804706588
                ]
            }
        },
        {
            "type": "Feature",
            "properties": {
                "Name": "BISSON EZRA ERIC",
                "Address": "5872 ELDE RD",
                "Phone": null,
                "Phase": "B",
                "Substation": "COTTON",
                "Map_location": "314010774",
                "PARCEL_NUMBER": null
            },
            "geometry": {
                "type": "Point",
                "coordinates": [
                    -92.29730837083244,
                    47.173882077166425
                ]
            }
        },
        {
            "type": "Feature",
            "properties": {
                "Name": "YANG-HER MAY D",
                "Address": "8614 KELSEY WHITEFACE RD",
                "Phone": "6122065870",
                "Phase": "B",
                "Substation": "COTTON",
                "Map_location": "311012315",
                "PARCEL_NUMBER": null
            },
            "geometry": {
                "type": "Point",
                "coordinates": [
                    -92.59047400000003,
                    47.14981699999999
                ]
            }
        },
        {
            "type": "Feature",
            "properties": {
                "Name": "ARROWHEAD COMMUNI CATIONS",
                "Address": "THREE LAKES RD & MUNGER SHAW R",
                "Phone": "2183465500",
                "Phase": "B",
                "Substation": "COTTON",
                "Map_location": "334000330",
                "PARCEL_NUMBER": null
            },
            "geometry": {
                "type": "Point",
                "coordinates": [
                    -92.34413264724861,
                    47.10306992753107
                ]
            }
        },
        {
            "type": "Feature",
            "properties": {
                "Name": "YEATER AMANDA LEIGH",
                "Address": "8721 HWY 133",
                "Phone": null,
                "Phase": "B",
                "Substation": "COTTON",
                "Map_location": "332001540",
                "PARCEL_NUMBER": null
            },
            "geometry": {
                "type": "Point",
                "coordinates": [
                    -92.60107006966976,
                    47.06994750382522
                ]
            }
        },
        {
            "type": "Feature",
            "properties": {
                "Name": "MATUSZAK DANIEL R",
                "Address": "1481 CACKLEBERRY DR",
                "Phone": null,
                "Phase": "A",
                "Substation": "COTTON",
                "Map_location": "292022926",
                "PARCEL_NUMBER": null
            },
            "geometry": {
                "type": "Point",
                "coordinates": [
                    -92.39808200000002,
                    47.22401899999998
                ]
            }
        },
        {
            "type": "Feature",
            "properties": {
                "Name": "MURRAY SEAN JARRETT",
                "Address": "8703 W MCKAY RD",
                "Phone": null,
                "Phase": "B",
                "Substation": "COTTON",
                "Map_location": "311002705",
                "PARCEL_NUMBER": null
            },
            "geometry": {
                "type": "Point",
                "coordinates": [
                    -92.60501100000003,
                    47.13883500000011
                ]
            }
        },
        {
            "type": "Feature",
            "properties": {
                "Name": "FRANKENBERG MICHAEL L",
                "Address": "6886 ARIZONA RD",
                "Phone": "6127234466",
                "Phase": "A",
                "Substation": "COTTON",
                "Map_location": "292022070",
                "PARCEL_NUMBER": null
            },
            "geometry": {
                "type": "Point",
                "coordinates": [
                    -92.40768192030258,
                    47.234045403186734
                ]
            }
        },
        {
            "type": "Feature",
            "properties": {
                "Name": "MURRAY RYAN ANTHONY",
                "Address": "W MCKAY RD",
                "Phone": null,
                "Phase": "B",
                "Substation": "COTTON",
                "Map_location": "311012240",
                "PARCEL_NUMBER": null
            },
            "geometry": {
                "type": "Point",
                "coordinates": [
                    -92.6021556300371,
                    47.13950360648868
                ]
            }
        },
        {
            "type": "Feature",
            "properties": {
                "Name": "CAYWOOD SARAH ELIZABETH",
                "Address": "8272 S SHORE DR - NEW SERVICE",
                "Phone": null,
                "Phase": "A",
                "Substation": "COTTON",
                "Map_location": "333010762",
                "PARCEL_NUMBER": null
            },
            "geometry": {
                "type": "Point",
                "coordinates": [
                    -92.55061198407996,
                    47.092260935241285
                ]
            }
        },
        {
            "type": "Feature",
            "properties": {
                "Name": "LANGERUD KRISTIN",
                "Address": "8782 POPLAR RD",
                "Phone": "6123276032",
                "Phase": "C",
                "Substation": "COTTON",
                "Map_location": "311002008",
                "PARCEL_NUMBER": null
            },
            "geometry": {
                "type": "Point",
                "coordinates": [
                    -92.64689175391642,
                    47.145424634688524
                ]
            }
        },
        {
            "type": "Feature",
            "properties": {
                "Name": "MALE TONY SCOTT",
                "Address": "9260 ARKOLA RD",
                "Phone": "2189692426",
                "Phase": "C",
                "Substation": "COTTON",
                "Map_location": "311001701",
                "PARCEL_NUMBER": null
            },
            "geometry": {
                "type": "Point",
                "coordinates": [
                    -92.65903779261319,
                    47.16729272673816
                ]
            }
        },
        {
            "type": "Feature",
            "properties": {
                "Name": "ALJETS CHARISA ELLEN",
                "Address": "8752 LAMBERT RD",
                "Phone": null,
                "Phase": "B",
                "Substation": "COTTON",
                "Map_location": "312042406",
                "PARCEL_NUMBER": null
            },
            "geometry": {
                "type": "Point",
                "coordinates": [
                    -92.45163459935682,
                    47.14368023505565
                ]
            }
        },
        {
            "type": "Feature",
            "properties": {
                "Name": "WILLIAMS SAM P",
                "Address": "8949 GLEN RD",
                "Phone": null,
                "Phase": "A",
                "Substation": "COTTON",
                "Map_location": "311011311",
                "PARCEL_NUMBER": null
            },
            "geometry": {
                "type": "Point",
                "coordinates": [
                    -92.55952109566157,
                    47.15680501704624
                ]
            }
        },
        {
            "type": "Feature",
            "properties": {
                "Name": "DERMODY RYAN BOUCHARD",
                "Address": "8484 ARKOLA RD",
                "Phone": null,
                "Phase": "A",
                "Substation": "COTTON",
                "Map_location": "311011350",
                "PARCEL_NUMBER": "405001002142.0"
            },
            "geometry": {
                "type": "Point",
                "coordinates": [
                    -92.57652367739408,
                    47.16794550724954
                ]
            }
        },
        {
            "type": "Feature",
            "properties": {
                "Name": "DERMODY RYAN BOUCHARD",
                "Address": "8484 ARKOLA RD",
                "Phone": null,
                "Phase": "A",
                "Substation": "COTTON",
                "Map_location": "311011350",
                "PARCEL_NUMBER": "405001002145.0"
            },
            "geometry": {
                "type": "Point",
                "coordinates": [
                    -92.57652367739408,
                    47.16794550724954
                ]
            }
        },
        {
            "type": "Feature",
            "properties": {
                "Name": "BURLINGTON NORTHE RN SF",
                "Address": "HWY 29 - KELSEY & PERSON RD",
                "Phone": "4023445760",
                "Phase": "B",
                "Substation": "COTTON",
                "Map_location": "311012220",
                "PARCEL_NUMBER": null
            },
            "geometry": {
                "type": "Point",
                "coordinates": [
                    -92.61436299999994,
                    47.142319000008925
                ]
            }
        },
        {
            "type": "Feature",
            "properties": {
                "Name": "REINKE RANDY PATRICK",
                "Address": "XXXX TANTTU ROAD",
                "Phone": "2183915746",
                "Phase": "B",
                "Substation": "COTTON",
                "Map_location": "313032230",
                "PARCEL_NUMBER": null
            },
            "geometry": {
                "type": "Point",
                "coordinates": [
                    -92.35786500000002,
                    47.14406399999988
                ]
            }
        },
        {
            "type": "Feature",
            "properties": {
                "Name": "KOLLER KYLE LOUIS",
                "Address": "5833 MORLEY BEACH RD",
                "Phone": "2185903965",
                "Phase": "B",
                "Substation": "COTTON",
                "Map_location": "314010763",
                "PARCEL_NUMBER": null
            },
            "geometry": {
                "type": "Point",
                "coordinates": [
                    -92.29756467804245,
                    47.17012785755185
                ]
            }
        },
        {
            "type": "Feature",
            "properties": {
                "Name": "SWOR TYLER W",
                "Address": "6313 BASS COVE RD",
                "Phone": "2184823435",
                "Phase": "A",
                "Substation": "COTTON",
                "Map_location": "292043440",
                "PARCEL_NUMBER": "320002800020.0"
            },
            "geometry": {
                "type": "Point",
                "coordinates": [
                    -92.3463705758523,
                    47.210986882463196
                ]
            }
        },
        {
            "type": "Feature",
            "properties": {
                "Name": "BROSTROM MICHAEL DALE",
                "Address": "8070 SOUTH SHORE DR",
                "Phone": null,
                "Phase": "A",
                "Substation": "COTTON",
                "Map_location": "333001705",
                "PARCEL_NUMBER": null
            },
            "geometry": {
                "type": "Point",
                "coordinates": [
                    -92.53022431999992,
                    47.08368864000885
                ]
            }
        },
        {
            "type": "Feature",
            "properties": {
                "Name": "TWINING SCOTT MATHEW",
                "Address": "7025 THREE LAKES RD",
                "Phone": "2185919834",
                "Phase": "C",
                "Substation": "COTTON",
                "Map_location": "334000642",
                "PARCEL_NUMBER": null
            },
            "geometry": {
                "type": "Point",
                "coordinates": [
                    -92.42309145704303,
                    47.09807662157544
                ]
            }
        },
        {
            "type": "Feature",
            "properties": {
                "Name": "HAGE CLAYTON BRUCE",
                "Address": "9009 HWY 53 S",
                "Phone": "2184825593",
                "Phase": "A",
                "Substation": "COTTON",
                "Map_location": "312031520",
                "PARCEL_NUMBER": null
            },
            "geometry": {
                "type": "Point",
                "coordinates": [
                    -92.47507958245033,
                    47.162712195414926
                ]
            }
        }
    ]
}